ISO-10303-21;
HEADER;
FILE_DESCRIPTION(('STEP AP242'),'1');
FILE_NAME('0395100002.stp','2024-11-29T09:45:47',('TraceParts'),('TraceParts S.A.'),'Spatial InterOp 3D',' ',' ');
FILE_SCHEMA(('AP242_MANAGED_MODEL_BASED_3D_ENGINEERING_MIM_LF  {1 0 10303 442 1 1 4}'));
ENDSEC;
DATA;
#1=PRODUCT_DEFINITION_CONTEXT('',#10,'design');
#2=APPLICATION_PROTOCOL_DEFINITION('INTERNATIONAL STANDARD','ap242_managed_model_based_3d_engineering',2014,#10);
#3=PRODUCT_CATEGORY_RELATIONSHIP('NONE','NONE',#11,#12);
#4=SHAPE_DEFINITION_REPRESENTATION(#13,#14);
#5=SHAPE_DEFINITION_REPRESENTATION(#13,#15);
#6= (GEOMETRIC_REPRESENTATION_CONTEXT(3)GLOBAL_UNCERTAINTY_ASSIGNED_CONTEXT((#18))GLOBAL_UNIT_ASSIGNED_CONTEXT((#20,#21,#22))REPRESENTATION_CONTEXT('NONE','WORKSPACE'));
#10=APPLICATION_CONTEXT('managed model based 3d engineering');
#11=PRODUCT_CATEGORY('part','NONE');
#12=PRODUCT_RELATED_PRODUCT_CATEGORY('detail',' ',(#24));
#13=PRODUCT_DEFINITION_SHAPE('NONE','NONE',#25);
#14=ADVANCED_BREP_SHAPE_REPRESENTATION('0395100002_1',(#26,#27),#6);
#15=GEOMETRICALLY_BOUNDED_SURFACE_SHAPE_REPRESENTATION('1',(#28,#29),#6);
#18=UNCERTAINTY_MEASURE_WITH_UNIT(LENGTH_MEASURE(1.0E-06),#20,'','');
#20= (CONVERSION_BASED_UNIT('MILLIMETRE',#32)LENGTH_UNIT()NAMED_UNIT(#35));
#21= (NAMED_UNIT(#37)PLANE_ANGLE_UNIT()SI_UNIT($,.RADIAN.));
#22= (NAMED_UNIT(#37)SOLID_ANGLE_UNIT()SI_UNIT($,.STERADIAN.));
#24=PRODUCT('0395100002_1','0395100002_1','PART-0395100002_1-DESC',(#43));
#25=PRODUCT_DEFINITION('','NONE',#44,#1);
#26=MANIFOLD_SOLID_BREP('0395100002_1',#45);
#27=AXIS2_PLACEMENT_3D('',#46,#47,#48);
#28=GEOMETRIC_SET('1',(#49,#50,#51,#52,#53,#54));
#29=AXIS2_PLACEMENT_3D('',#55,#56,#57);
#32=LENGTH_MEASURE_WITH_UNIT(LENGTH_MEASURE(1.0),#58);
#35=DIMENSIONAL_EXPONENTS(1.0,0.0,0.0,0.0,0.0,0.0,0.0);
#37=DIMENSIONAL_EXPONENTS(0.0,0.0,0.0,0.0,0.0,0.0,0.0);
#43=PRODUCT_CONTEXT('',#10,'mechanical');
#44=PRODUCT_DEFINITION_FORMATION_WITH_SPECIFIED_SOURCE(' ','NONE',#24,.NOT_KNOWN.);
#45=CLOSED_SHELL('',(#59,#60,#61,#62,#63,#64,#65,#66,#67,#68,#69,#70,#71,#72,#73,#74,#75,#76,#77,#78,#79,#80,#81,#82,#83,#84,#85,#86,#87,#88,#89,#90,#91,#92,#93,#94,#95,#96,#97,#98,#99,#100,#101,#102,#103,#104,#105,#106,#107,#108,#109,#110,#111,#112,#113,#114,#115,#116,#117,#118,#119,#120,#121,#122,#123,#124,#125,#126,#127,#128,#129,#130,#131,#132,#133,#134,#135,#136,#137,#138,#139,#140,#141,#142,#143,#144,#145,#146,#147,#148,#149,#150,#151,#152,#153,#154,#155,#156,#157,#158,#159,#160,#161,#162,#163,#164,#165,#166,#167,#168,#169,#170,#171,#172,#173,#174,#175,#176,#177,#178,#179,#180,#181));
#46=CARTESIAN_POINT('',(0.0,0.0,0.0));
#47=DIRECTION('',(0.0,0.0,1.0));
#48=DIRECTION('',(1.0,0.0,0.0));
#49=COMPOSITE_CURVE('0395100002_2',(#182),.U.);
#50=COMPOSITE_CURVE('0395100002_3',(#183),.U.);
#51=COMPOSITE_CURVE('0395100002_4',(#184),.U.);
#52=COMPOSITE_CURVE('0395100002_5',(#185),.U.);
#53=COMPOSITE_CURVE('0395100002_6',(#186),.U.);
#54=COMPOSITE_CURVE('0395100002_7',(#187),.U.);
#55=CARTESIAN_POINT('',(0.0,0.0,0.0));
#56=DIRECTION('',(0.0,0.0,1.0));
#57=DIRECTION('',(1.0,0.0,0.0));
#58= (NAMED_UNIT(#35)LENGTH_UNIT()SI_UNIT(.MILLI.,.METRE.));
#59=ADVANCED_FACE('',(#189),#190,.F.);
#60=ADVANCED_FACE('',(#191),#192,.T.);
#61=ADVANCED_FACE('',(#193),#194,.F.);
#62=ADVANCED_FACE('',(#195),#196,.T.);
#63=ADVANCED_FACE('',(#197),#198,.T.);
#64=ADVANCED_FACE('',(#199),#200,.T.);
#65=ADVANCED_FACE('',(#201,#202,#203,#204,#205),#206,.T.);
#66=ADVANCED_FACE('',(#207),#208,.F.);
#67=ADVANCED_FACE('',(#209),#210,.F.);
#68=ADVANCED_FACE('',(#211,#212),#213,.T.);
#69=ADVANCED_FACE('',(#214),#215,.T.);
#70=ADVANCED_FACE('',(#216),#217,.F.);
#71=ADVANCED_FACE('',(#218),#219,.T.);
#72=ADVANCED_FACE('',(#220),#221,.T.);
#73=ADVANCED_FACE('',(#222),#223,.T.);
#74=ADVANCED_FACE('',(#224),#225,.F.);
#75=ADVANCED_FACE('',(#226),#227,.F.);
#76=ADVANCED_FACE('',(#228),#229,.T.);
#77=ADVANCED_FACE('',(#230),#231,.F.);
#78=ADVANCED_FACE('',(#232),#233,.F.);
#79=ADVANCED_FACE('',(#234),#235,.F.);
#80=ADVANCED_FACE('',(#236),#237,.F.);
#81=ADVANCED_FACE('',(#238),#239,.F.);
#82=ADVANCED_FACE('',(#240),#241,.F.);
#83=ADVANCED_FACE('',(#242,#243),#244,.T.);
#84=ADVANCED_FACE('',(#245),#246,.T.);
#85=ADVANCED_FACE('',(#247),#248,.F.);
#86=ADVANCED_FACE('',(#249),#250,.F.);
#87=ADVANCED_FACE('',(#251),#252,.F.);
#88=ADVANCED_FACE('',(#253),#254,.T.);
#89=ADVANCED_FACE('',(#255),#256,.T.);
#90=ADVANCED_FACE('',(#257),#258,.T.);
#91=ADVANCED_FACE('',(#259),#260,.T.);
#92=ADVANCED_FACE('',(#261),#262,.F.);
#93=ADVANCED_FACE('',(#263),#264,.F.);
#94=ADVANCED_FACE('',(#265),#266,.F.);
#95=ADVANCED_FACE('',(#267),#268,.F.);
#96=ADVANCED_FACE('',(#269),#270,.F.);
#97=ADVANCED_FACE('',(#271),#272,.F.);
#98=ADVANCED_FACE('',(#273),#274,.F.);
#99=ADVANCED_FACE('',(#275),#276,.T.);
#100=ADVANCED_FACE('',(#277),#278,.T.);
#101=ADVANCED_FACE('',(#279),#280,.T.);
#102=ADVANCED_FACE('',(#281),#282,.F.);
#103=ADVANCED_FACE('',(#283),#284,.T.);
#104=ADVANCED_FACE('',(#285),#286,.T.);
#105=ADVANCED_FACE('',(#287),#288,.F.);
#106=ADVANCED_FACE('',(#289),#290,.T.);
#107=ADVANCED_FACE('',(#291),#292,.F.);
#108=ADVANCED_FACE('',(#293,#294,#295),#296,.T.);
#109=ADVANCED_FACE('',(#297),#298,.T.);
#110=ADVANCED_FACE('',(#299),#300,.T.);
#111=ADVANCED_FACE('',(#301),#302,.T.);
#112=ADVANCED_FACE('',(#303),#304,.F.);
#113=ADVANCED_FACE('',(#305),#306,.F.);
#114=ADVANCED_FACE('',(#307),#308,.T.);
#115=ADVANCED_FACE('',(#309),#310,.F.);
#116=ADVANCED_FACE('',(#311),#312,.F.);
#117=ADVANCED_FACE('',(#313),#314,.T.);
#118=ADVANCED_FACE('',(#315),#316,.T.);
#119=ADVANCED_FACE('',(#317),#318,.T.);
#120=ADVANCED_FACE('',(#319),#320,.T.);
#121=ADVANCED_FACE('',(#321),#322,.F.);
#122=ADVANCED_FACE('',(#323),#324,.F.);
#123=ADVANCED_FACE('',(#325),#326,.T.);
#124=ADVANCED_FACE('',(#327),#328,.F.);
#125=ADVANCED_FACE('',(#329),#330,.F.);
#126=ADVANCED_FACE('',(#331),#332,.T.);
#127=ADVANCED_FACE('',(#333),#334,.T.);
#128=ADVANCED_FACE('',(#335),#336,.T.);
#129=ADVANCED_FACE('',(#337),#338,.T.);
#130=ADVANCED_FACE('',(#339),#340,.F.);
#131=ADVANCED_FACE('',(#341),#342,.F.);
#132=ADVANCED_FACE('',(#343),#344,.T.);
#133=ADVANCED_FACE('',(#345),#346,.T.);
#134=ADVANCED_FACE('',(#347),#348,.T.);
#135=ADVANCED_FACE('',(#349),#350,.T.);
#136=ADVANCED_FACE('',(#351),#352,.T.);
#137=ADVANCED_FACE('',(#353),#354,.T.);
#138=ADVANCED_FACE('',(#355),#356,.T.);
#139=ADVANCED_FACE('',(#357,#358,#359),#360,.T.);
#140=ADVANCED_FACE('',(#361),#362,.F.);
#141=ADVANCED_FACE('',(#363),#364,.T.);
#142=ADVANCED_FACE('',(#365),#366,.T.);
#143=ADVANCED_FACE('',(#367,#368),#369,.T.);
#144=ADVANCED_FACE('',(#370,#371),#372,.T.);
#145=ADVANCED_FACE('',(#373),#374,.F.);
#146=ADVANCED_FACE('',(#375),#376,.F.);
#147=ADVANCED_FACE('',(#377),#378,.F.);
#148=ADVANCED_FACE('',(#379),#380,.F.);
#149=ADVANCED_FACE('',(#381),#382,.F.);
#150=ADVANCED_FACE('',(#383),#384,.F.);
#151=ADVANCED_FACE('',(#385),#386,.T.);
#152=ADVANCED_FACE('',(#387),#388,.F.);
#153=ADVANCED_FACE('',(#389),#390,.T.);
#154=ADVANCED_FACE('',(#391),#392,.T.);
#155=ADVANCED_FACE('',(#393),#394,.T.);
#156=ADVANCED_FACE('',(#395),#396,.T.);
#157=ADVANCED_FACE('',(#397),#398,.T.);
#158=ADVANCED_FACE('',(#399),#400,.T.);
#159=ADVANCED_FACE('',(#401),#402,.T.);
#160=ADVANCED_FACE('',(#403),#404,.F.);
#161=ADVANCED_FACE('',(#405),#406,.F.);
#162=ADVANCED_FACE('',(#407),#408,.T.);
#163=ADVANCED_FACE('',(#409),#410,.T.);
#164=ADVANCED_FACE('',(#411,#412),#413,.T.);
#165=ADVANCED_FACE('',(#414,#415),#416,.T.);
#166=ADVANCED_FACE('',(#417),#418,.F.);
#167=ADVANCED_FACE('',(#419),#420,.F.);
#168=ADVANCED_FACE('',(#421),#422,.F.);
#169=ADVANCED_FACE('',(#423),#424,.F.);
#170=ADVANCED_FACE('',(#425),#426,.F.);
#171=ADVANCED_FACE('',(#427),#428,.F.);
#172=ADVANCED_FACE('',(#429),#430,.T.);
#173=ADVANCED_FACE('',(#431),#432,.F.);
#174=ADVANCED_FACE('',(#433),#434,.T.);
#175=ADVANCED_FACE('',(#435),#436,.T.);
#176=ADVANCED_FACE('',(#437),#438,.T.);
#177=ADVANCED_FACE('',(#439),#440,.T.);
#178=ADVANCED_FACE('',(#441),#442,.T.);
#179=ADVANCED_FACE('',(#443),#444,.T.);
#180=ADVANCED_FACE('',(#445),#446,.T.);
#181=ADVANCED_FACE('',(#447),#448,.F.);
#182=COMPOSITE_CURVE_SEGMENT(.CONTINUOUS.,.T.,#449);
#183=COMPOSITE_CURVE_SEGMENT(.CONTINUOUS.,.T.,#450);
#184=COMPOSITE_CURVE_SEGMENT(.CONTINUOUS.,.T.,#451);
#185=COMPOSITE_CURVE_SEGMENT(.CONTINUOUS.,.T.,#452);
#186=COMPOSITE_CURVE_SEGMENT(.CONTINUOUS.,.T.,#453);
#187=COMPOSITE_CURVE_SEGMENT(.CONTINUOUS.,.T.,#454);
#189=FACE_OUTER_BOUND('',#455,.T.);
#190=PLANE('',#456);
#191=FACE_OUTER_BOUND('',#457,.T.);
#192=PLANE('',#458);
#193=FACE_OUTER_BOUND('',#459,.T.);
#194=PLANE('',#460);
#195=FACE_OUTER_BOUND('',#461,.T.);
#196=PLANE('',#462);
#197=FACE_OUTER_BOUND('',#463,.T.);
#198=PLANE('',#464);
#199=FACE_OUTER_BOUND('',#465,.T.);
#200=PLANE('',#466);
#201=FACE_OUTER_BOUND('',#467,.T.);
#202=FACE_BOUND('',#468,.T.);
#203=FACE_BOUND('',#469,.T.);
#204=FACE_BOUND('',#470,.T.);
#205=FACE_BOUND('',#471,.T.);
#206=PLANE('',#472);
#207=FACE_OUTER_BOUND('',#473,.T.);
#208=CYLINDRICAL_SURFACE('',#474,1.016);
#209=FACE_OUTER_BOUND('',#475,.T.);
#210=CYLINDRICAL_SURFACE('',#476,1.016);
#211=FACE_OUTER_BOUND('',#477,.T.);
#212=FACE_BOUND('',#478,.T.);
#213=PLANE('',#479);
#214=FACE_OUTER_BOUND('',#480,.T.);
#215=CYLINDRICAL_SURFACE('',#481,0.8255);
#216=FACE_OUTER_BOUND('',#482,.T.);
#217=PLANE('',#483);
#218=FACE_OUTER_BOUND('',#484,.T.);
#219=PLANE('',#485);
#220=FACE_OUTER_BOUND('',#486,.T.);
#221=PLANE('',#487);
#222=FACE_OUTER_BOUND('',#488,.T.);
#223=CYLINDRICAL_SURFACE('',#489,0.8255);
#224=FACE_OUTER_BOUND('',#490,.T.);
#225=PLANE('',#491);
#226=FACE_OUTER_BOUND('',#492,.T.);
#227=PLANE('',#493);
#228=FACE_OUTER_BOUND('',#494,.T.);
#229=PLANE('',#495);
#230=FACE_OUTER_BOUND('',#496,.T.);
#231=PLANE('',#497);
#232=FACE_OUTER_BOUND('',#498,.T.);
#233=PLANE('',#499);
#234=FACE_OUTER_BOUND('',#500,.T.);
#235=PLANE('',#501);
#236=FACE_OUTER_BOUND('',#502,.T.);
#237=PLANE('',#503);
#238=FACE_OUTER_BOUND('',#504,.T.);
#239=CYLINDRICAL_SURFACE('',#505,1.016);
#240=FACE_OUTER_BOUND('',#506,.T.);
#241=CYLINDRICAL_SURFACE('',#507,1.016);
#242=FACE_OUTER_BOUND('',#508,.T.);
#243=FACE_BOUND('',#509,.T.);
#244=PLANE('',#510);
#245=FACE_OUTER_BOUND('',#511,.T.);
#246=CYLINDRICAL_SURFACE('',#512,0.8255);
#247=FACE_OUTER_BOUND('',#513,.T.);
#248=PLANE('',#514);
#249=FACE_OUTER_BOUND('',#515,.T.);
#250=PLANE('',#516);
#251=FACE_OUTER_BOUND('',#517,.T.);
#252=PLANE('',#518);
#253=FACE_OUTER_BOUND('',#519,.T.);
#254=PLANE('',#520);
#255=FACE_OUTER_BOUND('',#521,.T.);
#256=PLANE('',#522);
#257=FACE_OUTER_BOUND('',#523,.T.);
#258=CYLINDRICAL_SURFACE('',#524,0.8255);
#259=FACE_OUTER_BOUND('',#525,.T.);
#260=PLANE('',#526);
#261=FACE_OUTER_BOUND('',#527,.T.);
#262=PLANE('',#528);
#263=FACE_OUTER_BOUND('',#529,.T.);
#264=PLANE('',#530);
#265=FACE_OUTER_BOUND('',#531,.T.);
#266=PLANE('',#532);
#267=FACE_OUTER_BOUND('',#533,.T.);
#268=PLANE('',#534);
#269=FACE_OUTER_BOUND('',#535,.T.);
#270=PLANE('',#536);
#271=FACE_OUTER_BOUND('',#537,.T.);
#272=PLANE('',#538);
#273=FACE_OUTER_BOUND('',#539,.T.);
#274=PLANE('',#540);
#275=FACE_OUTER_BOUND('',#541,.T.);
#276=CYLINDRICAL_SURFACE('',#542,2.54);
#277=FACE_OUTER_BOUND('',#543,.T.);
#278=PLANE('',#544);
#279=FACE_OUTER_BOUND('',#545,.T.);
#280=CYLINDRICAL_SURFACE('',#546,2.54);
#281=FACE_OUTER_BOUND('',#547,.T.);
#282=PLANE('',#548);
#283=FACE_OUTER_BOUND('',#549,.T.);
#284=PLANE('',#550);
#285=FACE_OUTER_BOUND('',#551,.T.);
#286=PLANE('',#552);
#287=FACE_OUTER_BOUND('',#553,.T.);
#288=PLANE('',#554);
#289=FACE_OUTER_BOUND('',#555,.T.);
#290=PLANE('',#556);
#291=FACE_OUTER_BOUND('',#557,.T.);
#292=PLANE('',#558);
#293=FACE_OUTER_BOUND('',#559,.T.);
#294=FACE_BOUND('',#560,.T.);
#295=FACE_BOUND('',#561,.T.);
#296=PLANE('',#562);
#297=FACE_OUTER_BOUND('',#563,.T.);
#298=PLANE('',#564);
#299=FACE_OUTER_BOUND('',#565,.T.);
#300=PLANE('',#566);
#301=FACE_OUTER_BOUND('',#567,.T.);
#302=PLANE('',#568);
#303=FACE_OUTER_BOUND('',#569,.T.);
#304=PLANE('',#570);
#305=FACE_OUTER_BOUND('',#571,.T.);
#306=PLANE('',#572);
#307=FACE_OUTER_BOUND('',#573,.T.);
#308=PLANE('',#574);
#309=FACE_OUTER_BOUND('',#575,.T.);
#310=PLANE('',#576);
#311=FACE_OUTER_BOUND('',#577,.T.);
#312=PLANE('',#578);
#313=FACE_OUTER_BOUND('',#579,.T.);
#314=PLANE('',#580);
#315=FACE_OUTER_BOUND('',#581,.T.);
#316=PLANE('',#582);
#317=FACE_OUTER_BOUND('',#583,.T.);
#318=PLANE('',#584);
#319=FACE_OUTER_BOUND('',#585,.T.);
#320=PLANE('',#586);
#321=FACE_OUTER_BOUND('',#587,.T.);
#322=PLANE('',#588);
#323=FACE_OUTER_BOUND('',#589,.T.);
#324=PLANE('',#590);
#325=FACE_OUTER_BOUND('',#591,.T.);
#326=PLANE('',#592);
#327=FACE_OUTER_BOUND('',#593,.T.);
#328=PLANE('',#594);
#329=FACE_OUTER_BOUND('',#595,.T.);
#330=PLANE('',#596);
#331=FACE_OUTER_BOUND('',#597,.T.);
#332=PLANE('',#598);
#333=FACE_OUTER_BOUND('',#599,.T.);
#334=PLANE('',#600);
#335=FACE_OUTER_BOUND('',#601,.T.);
#336=PLANE('',#602);
#337=FACE_OUTER_BOUND('',#603,.T.);
#338=PLANE('',#604);
#339=FACE_OUTER_BOUND('',#605,.T.);
#340=PLANE('',#606);
#341=FACE_OUTER_BOUND('',#607,.T.);
#342=PLANE('',#608);
#343=FACE_OUTER_BOUND('',#609,.T.);
#344=PLANE('',#610);
#345=FACE_OUTER_BOUND('',#611,.T.);
#346=PLANE('',#612);
#347=FACE_OUTER_BOUND('',#613,.T.);
#348=PLANE('',#614);
#349=FACE_OUTER_BOUND('',#615,.T.);
#350=PLANE('',#616);
#351=FACE_OUTER_BOUND('',#617,.T.);
#352=PLANE('',#618);
#353=FACE_OUTER_BOUND('',#619,.T.);
#354=PLANE('',#620);
#355=FACE_OUTER_BOUND('',#621,.T.);
#356=PLANE('',#622);
#357=FACE_OUTER_BOUND('',#623,.T.);
#358=FACE_BOUND('',#624,.T.);
#359=FACE_BOUND('',#625,.T.);
#360=PLANE('',#626);
#361=FACE_OUTER_BOUND('',#627,.T.);
#362=PLANE('',#628);
#363=FACE_OUTER_BOUND('',#629,.T.);
#364=PLANE('',#630);
#365=FACE_OUTER_BOUND('',#631,.T.);
#366=PLANE('',#632);
#367=FACE_OUTER_BOUND('',#633,.T.);
#368=FACE_BOUND('',#634,.T.);
#369=PLANE('',#635);
#370=FACE_OUTER_BOUND('',#636,.T.);
#371=FACE_BOUND('',#637,.T.);
#372=PLANE('',#638);
#373=FACE_OUTER_BOUND('',#639,.T.);
#374=CYLINDRICAL_SURFACE('',#640,0.762);
#375=FACE_OUTER_BOUND('',#641,.T.);
#376=CYLINDRICAL_SURFACE('',#642,0.762);
#377=FACE_OUTER_BOUND('',#643,.T.);
#378=CONICAL_SURFACE('',#644,0.66675,0.7853981633973);
#379=FACE_OUTER_BOUND('',#645,.T.);
#380=CONICAL_SURFACE('',#646,0.66675,0.7853981633973);
#381=FACE_OUTER_BOUND('',#647,.T.);
#382=CYLINDRICAL_SURFACE('',#648,0.5715);
#383=FACE_OUTER_BOUND('',#649,.T.);
#384=CYLINDRICAL_SURFACE('',#650,0.5715);
#385=FACE_OUTER_BOUND('',#651,.T.);
#386=PLANE('',#652);
#387=FACE_OUTER_BOUND('',#653,.T.);
#388=PLANE('',#654);
#389=FACE_OUTER_BOUND('',#655,.T.);
#390=PLANE('',#656);
#391=FACE_OUTER_BOUND('',#657,.T.);
#392=PLANE('',#658);
#393=FACE_OUTER_BOUND('',#659,.T.);
#394=PLANE('',#660);
#395=FACE_OUTER_BOUND('',#661,.T.);
#396=PLANE('',#662);
#397=FACE_OUTER_BOUND('',#663,.T.);
#398=PLANE('',#664);
#399=FACE_OUTER_BOUND('',#665,.T.);
#400=PLANE('',#666);
#401=FACE_OUTER_BOUND('',#667,.T.);
#402=PLANE('',#668);
#403=FACE_OUTER_BOUND('',#669,.T.);
#404=PLANE('',#670);
#405=FACE_OUTER_BOUND('',#671,.T.);
#406=PLANE('',#672);
#407=FACE_OUTER_BOUND('',#673,.T.);
#408=PLANE('',#674);
#409=FACE_OUTER_BOUND('',#675,.T.);
#410=PLANE('',#676);
#411=FACE_OUTER_BOUND('',#677,.T.);
#412=FACE_BOUND('',#678,.T.);
#413=PLANE('',#679);
#414=FACE_OUTER_BOUND('',#680,.T.);
#415=FACE_BOUND('',#681,.T.);
#416=PLANE('',#682);
#417=FACE_OUTER_BOUND('',#683,.T.);
#418=CYLINDRICAL_SURFACE('',#684,0.762);
#419=FACE_OUTER_BOUND('',#685,.T.);
#420=CYLINDRICAL_SURFACE('',#686,0.762);
#421=FACE_OUTER_BOUND('',#687,.T.);
#422=CONICAL_SURFACE('',#688,0.66675,0.7853981633973);
#423=FACE_OUTER_BOUND('',#689,.T.);
#424=CONICAL_SURFACE('',#690,0.66675,0.7853981633973);
#425=FACE_OUTER_BOUND('',#691,.T.);
#426=CYLINDRICAL_SURFACE('',#692,0.5715);
#427=FACE_OUTER_BOUND('',#693,.T.);
#428=CYLINDRICAL_SURFACE('',#694,0.5715);
#429=FACE_OUTER_BOUND('',#695,.T.);
#430=PLANE('',#696);
#431=FACE_OUTER_BOUND('',#697,.T.);
#432=PLANE('',#698);
#433=FACE_OUTER_BOUND('',#699,.T.);
#434=PLANE('',#700);
#435=FACE_OUTER_BOUND('',#701,.T.);
#436=PLANE('',#702);
#437=FACE_OUTER_BOUND('',#703,.T.);
#438=PLANE('',#704);
#439=FACE_OUTER_BOUND('',#705,.T.);
#440=PLANE('',#706);
#441=FACE_OUTER_BOUND('',#707,.T.);
#442=PLANE('',#708);
#443=FACE_OUTER_BOUND('',#709,.T.);
#444=PLANE('',#710);
#445=FACE_OUTER_BOUND('',#711,.T.);
#446=PLANE('',#712);
#447=FACE_OUTER_BOUND('',#713,.T.);
#448=PLANE('',#714);
#449=TRIMMED_CURVE('A_60',#715,(PARAMETER_VALUE(0.0)),(PARAMETER_VALUE(1.0)),.T.,.UNSPECIFIED.);
#450=TRIMMED_CURVE('A_40',#716,(PARAMETER_VALUE(0.0)),(PARAMETER_VALUE(1.0)),.T.,.UNSPECIFIED.);
#451=TRIMMED_CURVE('A_42',#717,(PARAMETER_VALUE(0.0)),(PARAMETER_VALUE(1.0)),.T.,.UNSPECIFIED.);
#452=TRIMMED_CURVE('A_70',#718,(PARAMETER_VALUE(0.0)),(PARAMETER_VALUE(1.0)),.T.,.UNSPECIFIED.);
#453=TRIMMED_CURVE('A_71',#719,(PARAMETER_VALUE(0.0)),(PARAMETER_VALUE(1.0)),.T.,.UNSPECIFIED.);
#454=TRIMMED_CURVE('A_72',#720,(PARAMETER_VALUE(0.0)),(PARAMETER_VALUE(1.0)),.T.,.UNSPECIFIED.);
#455=EDGE_LOOP('',(#721,#722,#723,#724,#725,#726,#727,#728,#729,#730,#731,#732));
#456=AXIS2_PLACEMENT_3D('',#733,#734,#735);
#457=EDGE_LOOP('',(#736,#737,#738,#739));
#458=AXIS2_PLACEMENT_3D('',#740,#741,#742);
#459=EDGE_LOOP('',(#743,#744,#745,#746,#747,#748));
#460=AXIS2_PLACEMENT_3D('',#749,#750,#751);
#461=EDGE_LOOP('',(#752,#753,#754,#755));
#462=AXIS2_PLACEMENT_3D('',#756,#757,#758);
#463=EDGE_LOOP('',(#759,#760,#761,#762));
#464=AXIS2_PLACEMENT_3D('',#763,#764,#765);
#465=EDGE_LOOP('',(#766,#767,#768,#769,#770,#771));
#466=AXIS2_PLACEMENT_3D('',#772,#773,#774);
#467=EDGE_LOOP('',(#775,#776,#777,#778,#779,#780,#781,#782,#783,#784,#785,#786));
#468=EDGE_LOOP('',(#787,#788,#789,#790));
#469=EDGE_LOOP('',(#791,#792));
#470=EDGE_LOOP('',(#793,#794,#795,#796));
#471=EDGE_LOOP('',(#797,#798));
#472=AXIS2_PLACEMENT_3D('',#799,#800,#801);
#473=EDGE_LOOP('',(#802,#803,#804,#805));
#474=AXIS2_PLACEMENT_3D('',#806,#807,#808);
#475=EDGE_LOOP('',(#809,#810,#811,#812));
#476=AXIS2_PLACEMENT_3D('',#813,#814,#815);
#477=EDGE_LOOP('',(#816,#817));
#478=EDGE_LOOP('',(#818,#819));
#479=AXIS2_PLACEMENT_3D('',#820,#821,#822);
#480=EDGE_LOOP('',(#823,#824,#825,#826,#827,#828,#829,#830));
#481=AXIS2_PLACEMENT_3D('',#831,#832,#833);
#482=EDGE_LOOP('',(#834,#835,#836,#837));
#483=AXIS2_PLACEMENT_3D('',#838,#839,#840);
#484=EDGE_LOOP('',(#841,#842,#843));
#485=AXIS2_PLACEMENT_3D('',#844,#845,#846);
#486=EDGE_LOOP('',(#847,#848,#849));
#487=AXIS2_PLACEMENT_3D('',#850,#851,#852);
#488=EDGE_LOOP('',(#853,#854,#855,#856,#857,#858,#859,#860));
#489=AXIS2_PLACEMENT_3D('',#861,#862,#863);
#490=EDGE_LOOP('',(#864,#865,#866,#867));
#491=AXIS2_PLACEMENT_3D('',#868,#869,#870);
#492=EDGE_LOOP('',(#871,#872,#873,#874));
#493=AXIS2_PLACEMENT_3D('',#875,#876,#877);
#494=EDGE_LOOP('',(#878,#879,#880,#881));
#495=AXIS2_PLACEMENT_3D('',#882,#883,#884);
#496=EDGE_LOOP('',(#885,#886,#887,#888));
#497=AXIS2_PLACEMENT_3D('',#889,#890,#891);
#498=EDGE_LOOP('',(#892,#893,#894,#895));
#499=AXIS2_PLACEMENT_3D('',#896,#897,#898);
#500=EDGE_LOOP('',(#899,#900,#901,#902));
#501=AXIS2_PLACEMENT_3D('',#903,#904,#905);
#502=EDGE_LOOP('',(#906,#907,#908,#909));
#503=AXIS2_PLACEMENT_3D('',#910,#911,#912);
#504=EDGE_LOOP('',(#913,#914,#915,#916));
#505=AXIS2_PLACEMENT_3D('',#917,#918,#919);
#506=EDGE_LOOP('',(#920,#921,#922,#923));
#507=AXIS2_PLACEMENT_3D('',#924,#925,#926);
#508=EDGE_LOOP('',(#927,#928));
#509=EDGE_LOOP('',(#929,#930));
#510=AXIS2_PLACEMENT_3D('',#931,#932,#933);
#511=EDGE_LOOP('',(#934,#935,#936,#937,#938,#939,#940,#941));
#512=AXIS2_PLACEMENT_3D('',#942,#943,#944);
#513=EDGE_LOOP('',(#945,#946,#947,#948));
#514=AXIS2_PLACEMENT_3D('',#949,#950,#951);
#515=EDGE_LOOP('',(#952,#953,#954,#955));
#516=AXIS2_PLACEMENT_3D('',#956,#957,#958);
#517=EDGE_LOOP('',(#959,#960,#961,#962));
#518=AXIS2_PLACEMENT_3D('',#963,#964,#965);
#519=EDGE_LOOP('',(#966,#967,#968));
#520=AXIS2_PLACEMENT_3D('',#969,#970,#971);
#521=EDGE_LOOP('',(#972,#973,#974));
#522=AXIS2_PLACEMENT_3D('',#975,#976,#977);
#523=EDGE_LOOP('',(#978,#979,#980,#981,#982,#983,#984,#985));
#524=AXIS2_PLACEMENT_3D('',#986,#987,#988);
#525=EDGE_LOOP('',(#989,#990,#991,#992));
#526=AXIS2_PLACEMENT_3D('',#993,#994,#995);
#527=EDGE_LOOP('',(#996,#997,#998,#999));
#528=AXIS2_PLACEMENT_3D('',#1000,#1001,#1002);
#529=EDGE_LOOP('',(#1003,#1004,#1005,#1006));
#530=AXIS2_PLACEMENT_3D('',#1007,#1008,#1009);
#531=EDGE_LOOP('',(#1010,#1011,#1012,#1013));
#532=AXIS2_PLACEMENT_3D('',#1014,#1015,#1016);
#533=EDGE_LOOP('',(#1017,#1018,#1019,#1020));
#534=AXIS2_PLACEMENT_3D('',#1021,#1022,#1023);
#535=EDGE_LOOP('',(#1024,#1025,#1026,#1027));
#536=AXIS2_PLACEMENT_3D('',#1028,#1029,#1030);
#537=EDGE_LOOP('',(#1031,#1032,#1033,#1034));
#538=AXIS2_PLACEMENT_3D('',#1035,#1036,#1037);
#539=EDGE_LOOP('',(#1038,#1039,#1040,#1041));
#540=AXIS2_PLACEMENT_3D('',#1042,#1043,#1044);
#541=EDGE_LOOP('',(#1045,#1046,#1047,#1048));
#542=AXIS2_PLACEMENT_3D('',#1049,#1050,#1051);
#543=EDGE_LOOP('',(#1052,#1053,#1054,#1055,#1056,#1057,#1058,#1059,#1060,#1061,#1062,#1063));
#544=AXIS2_PLACEMENT_3D('',#1064,#1065,#1066);
#545=EDGE_LOOP('',(#1067,#1068,#1069,#1070));
#546=AXIS2_PLACEMENT_3D('',#1071,#1072,#1073);
#547=EDGE_LOOP('',(#1074,#1075,#1076,#1077));
#548=AXIS2_PLACEMENT_3D('',#1078,#1079,#1080);
#549=EDGE_LOOP('',(#1081,#1082,#1083,#1084));
#550=AXIS2_PLACEMENT_3D('',#1085,#1086,#1087);
#551=EDGE_LOOP('',(#1088,#1089,#1090,#1091));
#552=AXIS2_PLACEMENT_3D('',#1092,#1093,#1094);
#553=EDGE_LOOP('',(#1095,#1096,#1097,#1098));
#554=AXIS2_PLACEMENT_3D('',#1099,#1100,#1101);
#555=EDGE_LOOP('',(#1102,#1103,#1104,#1105,#1106,#1107,#1108,#1109,#1110,#1111,#1112,#1113));
#556=AXIS2_PLACEMENT_3D('',#1114,#1115,#1116);
#557=EDGE_LOOP('',(#1117,#1118,#1119,#1120));
#558=AXIS2_PLACEMENT_3D('',#1121,#1122,#1123);
#559=EDGE_LOOP('',(#1124,#1125,#1126,#1127,#1128,#1129,#1130,#1131,#1132,#1133,#1134,#1135));
#560=EDGE_LOOP('',(#1136,#1137,#1138,#1139));
#561=EDGE_LOOP('',(#1140,#1141,#1142,#1143));
#562=AXIS2_PLACEMENT_3D('',#1144,#1145,#1146);
#563=EDGE_LOOP('',(#1147,#1148,#1149,#1150));
#564=AXIS2_PLACEMENT_3D('',#1151,#1152,#1153);
#565=EDGE_LOOP('',(#1154,#1155,#1156,#1157));
#566=AXIS2_PLACEMENT_3D('',#1158,#1159,#1160);
#567=EDGE_LOOP('',(#1161,#1162,#1163,#1164));
#568=AXIS2_PLACEMENT_3D('',#1165,#1166,#1167);
#569=EDGE_LOOP('',(#1168,#1169,#1170,#1171));
#570=AXIS2_PLACEMENT_3D('',#1172,#1173,#1174);
#571=EDGE_LOOP('',(#1175,#1176,#1177,#1178));
#572=AXIS2_PLACEMENT_3D('',#1179,#1180,#1181);
#573=EDGE_LOOP('',(#1182,#1183,#1184,#1185));
#574=AXIS2_PLACEMENT_3D('',#1186,#1187,#1188);
#575=EDGE_LOOP('',(#1189,#1190,#1191,#1192));
#576=AXIS2_PLACEMENT_3D('',#1193,#1194,#1195);
#577=EDGE_LOOP('',(#1196,#1197,#1198,#1199));
#578=AXIS2_PLACEMENT_3D('',#1200,#1201,#1202);
#579=EDGE_LOOP('',(#1203,#1204,#1205,#1206));
#580=AXIS2_PLACEMENT_3D('',#1207,#1208,#1209);
#581=EDGE_LOOP('',(#1210,#1211,#1212,#1213));
#582=AXIS2_PLACEMENT_3D('',#1214,#1215,#1216);
#583=EDGE_LOOP('',(#1217,#1218,#1219,#1220));
#584=AXIS2_PLACEMENT_3D('',#1221,#1222,#1223);
#585=EDGE_LOOP('',(#1224,#1225,#1226,#1227));
#586=AXIS2_PLACEMENT_3D('',#1228,#1229,#1230);
#587=EDGE_LOOP('',(#1231,#1232,#1233,#1234));
#588=AXIS2_PLACEMENT_3D('',#1235,#1236,#1237);
#589=EDGE_LOOP('',(#1238,#1239,#1240,#1241));
#590=AXIS2_PLACEMENT_3D('',#1242,#1243,#1244);
#591=EDGE_LOOP('',(#1245,#1246,#1247,#1248));
#592=AXIS2_PLACEMENT_3D('',#1249,#1250,#1251);
#593=EDGE_LOOP('',(#1252,#1253,#1254,#1255));
#594=AXIS2_PLACEMENT_3D('',#1256,#1257,#1258);
#595=EDGE_LOOP('',(#1259,#1260,#1261,#1262));
#596=AXIS2_PLACEMENT_3D('',#1263,#1264,#1265);
#597=EDGE_LOOP('',(#1266,#1267,#1268,#1269));
#598=AXIS2_PLACEMENT_3D('',#1270,#1271,#1272);
#599=EDGE_LOOP('',(#1273,#1274,#1275,#1276,#1277,#1278,#1279,#1280));
#600=AXIS2_PLACEMENT_3D('',#1281,#1282,#1283);
#601=EDGE_LOOP('',(#1284,#1285,#1286,#1287));
#602=AXIS2_PLACEMENT_3D('',#1288,#1289,#1290);
#603=EDGE_LOOP('',(#1291,#1292,#1293,#1294,#1295,#1296));
#604=AXIS2_PLACEMENT_3D('',#1297,#1298,#1299);
#605=EDGE_LOOP('',(#1300,#1301,#1302,#1303));
#606=AXIS2_PLACEMENT_3D('',#1304,#1305,#1306);
#607=EDGE_LOOP('',(#1307,#1308,#1309,#1310));
#608=AXIS2_PLACEMENT_3D('',#1311,#1312,#1313);
#609=EDGE_LOOP('',(#1314,#1315,#1316,#1317));
#610=AXIS2_PLACEMENT_3D('',#1318,#1319,#1320);
#611=EDGE_LOOP('',(#1321,#1322,#1323,#1324));
#612=AXIS2_PLACEMENT_3D('',#1325,#1326,#1327);
#613=EDGE_LOOP('',(#1328,#1329,#1330,#1331));
#614=AXIS2_PLACEMENT_3D('',#1332,#1333,#1334);
#615=EDGE_LOOP('',(#1335,#1336,#1337,#1338));
#616=AXIS2_PLACEMENT_3D('',#1339,#1340,#1341);
#617=EDGE_LOOP('',(#1342,#1343,#1344,#1345));
#618=AXIS2_PLACEMENT_3D('',#1346,#1347,#1348);
#619=EDGE_LOOP('',(#1349,#1350,#1351,#1352));
#620=AXIS2_PLACEMENT_3D('',#1353,#1354,#1355);
#621=EDGE_LOOP('',(#1356,#1357,#1358,#1359));
#622=AXIS2_PLACEMENT_3D('',#1360,#1361,#1362);
#623=EDGE_LOOP('',(#1363,#1364,#1365,#1366));
#624=EDGE_LOOP('',(#1367,#1368,#1369,#1370));
#625=EDGE_LOOP('',(#1371,#1372,#1373,#1374));
#626=AXIS2_PLACEMENT_3D('',#1375,#1376,#1377);
#627=EDGE_LOOP('',(#1378,#1379,#1380,#1381));
#628=AXIS2_PLACEMENT_3D('',#1382,#1383,#1384);
#629=EDGE_LOOP('',(#1385,#1386,#1387,#1388));
#630=AXIS2_PLACEMENT_3D('',#1389,#1390,#1391);
#631=EDGE_LOOP('',(#1392,#1393,#1394,#1395));
#632=AXIS2_PLACEMENT_3D('',#1396,#1397,#1398);
#633=EDGE_LOOP('',(#1399,#1400,#1401,#1402));
#634=EDGE_LOOP('',(#1403,#1404,#1405,#1406));
#635=AXIS2_PLACEMENT_3D('',#1407,#1408,#1409);
#636=EDGE_LOOP('',(#1410,#1411,#1412,#1413));
#637=EDGE_LOOP('',(#1414,#1415));
#638=AXIS2_PLACEMENT_3D('',#1416,#1417,#1418);
#639=EDGE_LOOP('',(#1419,#1420,#1421,#1422));
#640=AXIS2_PLACEMENT_3D('',#1423,#1424,#1425);
#641=EDGE_LOOP('',(#1426,#1427,#1428,#1429));
#642=AXIS2_PLACEMENT_3D('',#1430,#1431,#1432);
#643=EDGE_LOOP('',(#1433,#1434,#1435,#1436));
#644=AXIS2_PLACEMENT_3D('',#1437,#1438,#1439);
#645=EDGE_LOOP('',(#1440,#1441,#1442,#1443));
#646=AXIS2_PLACEMENT_3D('',#1444,#1445,#1446);
#647=EDGE_LOOP('',(#1447,#1448,#1449,#1450));
#648=AXIS2_PLACEMENT_3D('',#1451,#1452,#1453);
#649=EDGE_LOOP('',(#1454,#1455,#1456,#1457));
#650=AXIS2_PLACEMENT_3D('',#1458,#1459,#1460);
#651=EDGE_LOOP('',(#1461,#1462));
#652=AXIS2_PLACEMENT_3D('',#1463,#1464,#1465);
#653=EDGE_LOOP('',(#1466,#1467,#1468,#1469));
#654=AXIS2_PLACEMENT_3D('',#1470,#1471,#1472);
#655=EDGE_LOOP('',(#1473,#1474,#1475,#1476,#1477,#1478,#1479,#1480));
#656=AXIS2_PLACEMENT_3D('',#1481,#1482,#1483);
#657=EDGE_LOOP('',(#1484,#1485,#1486,#1487));
#658=AXIS2_PLACEMENT_3D('',#1488,#1489,#1490);
#659=EDGE_LOOP('',(#1491,#1492,#1493,#1494,#1495,#1496,#1497,#1498));
#660=AXIS2_PLACEMENT_3D('',#1499,#1500,#1501);
#661=EDGE_LOOP('',(#1502,#1503,#1504,#1505));
#662=AXIS2_PLACEMENT_3D('',#1506,#1507,#1508);
#663=EDGE_LOOP('',(#1509,#1510,#1511,#1512));
#664=AXIS2_PLACEMENT_3D('',#1513,#1514,#1515);
#665=EDGE_LOOP('',(#1516,#1517,#1518,#1519));
#666=AXIS2_PLACEMENT_3D('',#1520,#1521,#1522);
#667=EDGE_LOOP('',(#1523,#1524,#1525,#1526));
#668=AXIS2_PLACEMENT_3D('',#1527,#1528,#1529);
#669=EDGE_LOOP('',(#1530,#1531,#1532,#1533));
#670=AXIS2_PLACEMENT_3D('',#1534,#1535,#1536);
#671=EDGE_LOOP('',(#1537,#1538,#1539,#1540));
#672=AXIS2_PLACEMENT_3D('',#1541,#1542,#1543);
#673=EDGE_LOOP('',(#1544,#1545,#1546,#1547));
#674=AXIS2_PLACEMENT_3D('',#1548,#1549,#1550);
#675=EDGE_LOOP('',(#1551,#1552,#1553,#1554));
#676=AXIS2_PLACEMENT_3D('',#1555,#1556,#1557);
#677=EDGE_LOOP('',(#1558,#1559,#1560,#1561));
#678=EDGE_LOOP('',(#1562,#1563,#1564,#1565));
#679=AXIS2_PLACEMENT_3D('',#1566,#1567,#1568);
#680=EDGE_LOOP('',(#1569,#1570,#1571,#1572));
#681=EDGE_LOOP('',(#1573,#1574));
#682=AXIS2_PLACEMENT_3D('',#1575,#1576,#1577);
#683=EDGE_LOOP('',(#1578,#1579,#1580,#1581));
#684=AXIS2_PLACEMENT_3D('',#1582,#1583,#1584);
#685=EDGE_LOOP('',(#1585,#1586,#1587,#1588));
#686=AXIS2_PLACEMENT_3D('',#1589,#1590,#1591);
#687=EDGE_LOOP('',(#1592,#1593,#1594,#1595));
#688=AXIS2_PLACEMENT_3D('',#1596,#1597,#1598);
#689=EDGE_LOOP('',(#1599,#1600,#1601,#1602));
#690=AXIS2_PLACEMENT_3D('',#1603,#1604,#1605);
#691=EDGE_LOOP('',(#1606,#1607,#1608,#1609));
#692=AXIS2_PLACEMENT_3D('',#1610,#1611,#1612);
#693=EDGE_LOOP('',(#1613,#1614,#1615,#1616));
#694=AXIS2_PLACEMENT_3D('',#1617,#1618,#1619);
#695=EDGE_LOOP('',(#1620,#1621));
#696=AXIS2_PLACEMENT_3D('',#1622,#1623,#1624);
#697=EDGE_LOOP('',(#1625,#1626,#1627,#1628));
#698=AXIS2_PLACEMENT_3D('',#1629,#1630,#1631);
#699=EDGE_LOOP('',(#1632,#1633,#1634,#1635));
#700=AXIS2_PLACEMENT_3D('',#1636,#1637,#1638);
#701=EDGE_LOOP('',(#1639,#1640,#1641,#1642));
#702=AXIS2_PLACEMENT_3D('',#1643,#1644,#1645);
#703=EDGE_LOOP('',(#1646,#1647,#1648,#1649,#1650,#1651,#1652,#1653));
#704=AXIS2_PLACEMENT_3D('',#1654,#1655,#1656);
#705=EDGE_LOOP('',(#1657,#1658,#1659,#1660));
#706=AXIS2_PLACEMENT_3D('',#1661,#1662,#1663);
#707=EDGE_LOOP('',(#1664,#1665,#1666,#1667,#1668,#1669,#1670,#1671));
#708=AXIS2_PLACEMENT_3D('',#1672,#1673,#1674);
#709=EDGE_LOOP('',(#1675,#1676,#1677,#1678));
#710=AXIS2_PLACEMENT_3D('',#1679,#1680,#1681);
#711=EDGE_LOOP('',(#1682,#1683,#1684,#1685));
#712=AXIS2_PLACEMENT_3D('',#1686,#1687,#1688);
#713=EDGE_LOOP('',(#1689,#1690,#1691,#1692));
#714=AXIS2_PLACEMENT_3D('',#1693,#1694,#1695);
#715=LINE('',#1696,#1697);
#716=LINE('',#1698,#1699);
#717=LINE('',#1700,#1701);
#718=LINE('',#1702,#1703);
#719=LINE('',#1704,#1705);
#720=LINE('',#1706,#1707);
#721=ORIENTED_EDGE('',*,*,#1708,.T.);
#722=ORIENTED_EDGE('',*,*,#1709,.T.);
#723=ORIENTED_EDGE('',*,*,#1710,.F.);
#724=ORIENTED_EDGE('',*,*,#1711,.F.);
#725=ORIENTED_EDGE('',*,*,#1712,.F.);
#726=ORIENTED_EDGE('',*,*,#1713,.F.);
#727=ORIENTED_EDGE('',*,*,#1714,.F.);
#728=ORIENTED_EDGE('',*,*,#1715,.F.);
#729=ORIENTED_EDGE('',*,*,#1716,.F.);
#730=ORIENTED_EDGE('',*,*,#1717,.F.);
#731=ORIENTED_EDGE('',*,*,#1718,.F.);
#732=ORIENTED_EDGE('',*,*,#1719,.T.);
#733=CARTESIAN_POINT('',(-4.191,0.0,0.0));
#734=DIRECTION('',(1.0,0.0,0.0));
#735=DIRECTION('',(0.0,1.0,0.0));
#736=ORIENTED_EDGE('',*,*,#1720,.F.);
#737=ORIENTED_EDGE('',*,*,#1719,.F.);
#738=ORIENTED_EDGE('',*,*,#1721,.T.);
#739=ORIENTED_EDGE('',*,*,#1722,.T.);
#740=CARTESIAN_POINT('',(-4.191,0.508,0.0));
#741=DIRECTION('',(-0.0,1.0,0.0));
#742=DIRECTION('',(1.0,0.0,0.0));
#743=ORIENTED_EDGE('',*,*,#1723,.F.);
#744=ORIENTED_EDGE('',*,*,#1724,.F.);
#745=ORIENTED_EDGE('',*,*,#1725,.F.);
#746=ORIENTED_EDGE('',*,*,#1726,.F.);
#747=ORIENTED_EDGE('',*,*,#1727,.F.);
#748=ORIENTED_EDGE('',*,*,#1722,.F.);
#749=CARTESIAN_POINT('',(-4.064,0.0,0.0));
#750=DIRECTION('',(1.0,0.0,0.0));
#751=DIRECTION('',(0.0,1.0,0.0));
#752=ORIENTED_EDGE('',*,*,#1727,.T.);
#753=ORIENTED_EDGE('',*,*,#1728,.F.);
#754=ORIENTED_EDGE('',*,*,#1708,.F.);
#755=ORIENTED_EDGE('',*,*,#1720,.T.);
#756=CARTESIAN_POINT('',(-4.191,0.508,-2.54));
#757=DIRECTION('',(0.0,0.0,1.0));
#758=DIRECTION('',(1.0,0.0,0.0));
#759=ORIENTED_EDGE('',*,*,#1729,.F.);
#760=ORIENTED_EDGE('',*,*,#1709,.F.);
#761=ORIENTED_EDGE('',*,*,#1728,.T.);
#762=ORIENTED_EDGE('',*,*,#1726,.T.);
#763=CARTESIAN_POINT('',(-4.191,10.668,-2.54));
#764=DIRECTION('',(0.0,-1.0,0.0));
#765=DIRECTION('',(0.0,0.0,-1.0));
#766=ORIENTED_EDGE('',*,*,#1730,.T.);
#767=ORIENTED_EDGE('',*,*,#1731,.F.);
#768=ORIENTED_EDGE('',*,*,#1732,.F.);
#769=ORIENTED_EDGE('',*,*,#1733,.F.);
#770=ORIENTED_EDGE('',*,*,#1710,.T.);
#771=ORIENTED_EDGE('',*,*,#1729,.T.);
#772=CARTESIAN_POINT('',(-4.191,11.176,-1.778));
#773=DIRECTION('',(0.0,0.0,1.0));
#774=DIRECTION('',(1.0,0.0,0.0));
#775=ORIENTED_EDGE('',*,*,#1734,.F.);
#776=ORIENTED_EDGE('',*,*,#1735,.F.);
#777=ORIENTED_EDGE('',*,*,#1711,.T.);
#778=ORIENTED_EDGE('',*,*,#1733,.T.);
#779=ORIENTED_EDGE('',*,*,#1736,.F.);
#780=ORIENTED_EDGE('',*,*,#1737,.F.);
#781=ORIENTED_EDGE('',*,*,#1738,.T.);
#782=ORIENTED_EDGE('',*,*,#1739,.F.);
#783=ORIENTED_EDGE('',*,*,#1740,.T.);
#784=ORIENTED_EDGE('',*,*,#1741,.F.);
#785=ORIENTED_EDGE('',*,*,#1742,.T.);
#786=ORIENTED_EDGE('',*,*,#1743,.F.);
#787=ORIENTED_EDGE('',*,*,#1744,.T.);
#788=ORIENTED_EDGE('',*,*,#1745,.F.);
#789=ORIENTED_EDGE('',*,*,#1746,.F.);
#790=ORIENTED_EDGE('',*,*,#1747,.T.);
#791=ORIENTED_EDGE('',*,*,#1748,.F.);
#792=ORIENTED_EDGE('',*,*,#1749,.F.);
#793=ORIENTED_EDGE('',*,*,#1750,.T.);
#794=ORIENTED_EDGE('',*,*,#1751,.F.);
#795=ORIENTED_EDGE('',*,*,#1752,.F.);
#796=ORIENTED_EDGE('',*,*,#1753,.T.);
#797=ORIENTED_EDGE('',*,*,#1754,.T.);
#798=ORIENTED_EDGE('',*,*,#1755,.T.);
#799=CARTESIAN_POINT('',(-4.191,11.176,-7.366));
#800=DIRECTION('',(-0.0,1.0,0.0));
#801=DIRECTION('',(1.0,0.0,0.0));
#802=ORIENTED_EDGE('',*,*,#1756,.T.);
#803=ORIENTED_EDGE('',*,*,#1757,.F.);
#804=ORIENTED_EDGE('',*,*,#1758,.F.);
#805=ORIENTED_EDGE('',*,*,#1755,.F.);
#806=CARTESIAN_POINT('',(1.905,9.3091,-5.08));
#807=DIRECTION('',(0.0,-1.0,-0.0));
#808=DIRECTION('',(0.0,0.0,-1.0));
#809=ORIENTED_EDGE('',*,*,#1758,.T.);
#810=ORIENTED_EDGE('',*,*,#1759,.T.);
#811=ORIENTED_EDGE('',*,*,#1756,.F.);
#812=ORIENTED_EDGE('',*,*,#1754,.F.);
#813=CARTESIAN_POINT('',(1.905,9.3091,-5.08));
#814=DIRECTION('',(0.0,-1.0,-0.0));
#815=DIRECTION('',(0.0,0.0,-1.0));
#816=ORIENTED_EDGE('',*,*,#1757,.T.);
#817=ORIENTED_EDGE('',*,*,#1759,.F.);
#818=ORIENTED_EDGE('',*,*,#1760,.T.);
#819=ORIENTED_EDGE('',*,*,#1761,.F.);
#820=CARTESIAN_POINT('',(1.905,9.398,-5.08));
#821=DIRECTION('',(-0.0,1.0,0.0));
#822=DIRECTION('',(1.0,0.0,0.0));
#823=ORIENTED_EDGE('',*,*,#1762,.F.);
#824=ORIENTED_EDGE('',*,*,#1763,.T.);
#825=ORIENTED_EDGE('',*,*,#1764,.F.);
#826=ORIENTED_EDGE('',*,*,#1765,.T.);
#827=ORIENTED_EDGE('',*,*,#1761,.T.);
#828=ORIENTED_EDGE('',*,*,#1766,.F.);
#829=ORIENTED_EDGE('',*,*,#1767,.F.);
#830=ORIENTED_EDGE('',*,*,#1768,.F.);
#831=CARTESIAN_POINT('',(1.905,9.3091,-5.08));
#832=DIRECTION('',(0.0,-1.0,-0.0));
#833=DIRECTION('',(0.0,0.0,-1.0));
#834=ORIENTED_EDGE('',*,*,#1769,.F.);
#835=ORIENTED_EDGE('',*,*,#1770,.F.);
#836=ORIENTED_EDGE('',*,*,#1768,.T.);
#837=ORIENTED_EDGE('',*,*,#1771,.F.);
#838=CARTESIAN_POINT('',(1.016,11.176,-4.8895));
#839=DIRECTION('',(0.0,0.0,1.0));
#840=DIRECTION('',(1.0,0.0,0.0));
#841=ORIENTED_EDGE('',*,*,#1767,.T.);
#842=ORIENTED_EDGE('',*,*,#1772,.F.);
#843=ORIENTED_EDGE('',*,*,#1771,.T.);
#844=CARTESIAN_POINT('',(1.905,10.033,-5.08));
#845=DIRECTION('',(-0.0,1.0,0.0));
#846=DIRECTION('',(1.0,0.0,0.0));
#847=ORIENTED_EDGE('',*,*,#1773,.F.);
#848=ORIENTED_EDGE('',*,*,#1764,.T.);
#849=ORIENTED_EDGE('',*,*,#1774,.F.);
#850=CARTESIAN_POINT('',(1.905,10.033,-5.08));
#851=DIRECTION('',(-0.0,1.0,0.0));
#852=DIRECTION('',(1.0,0.0,0.0));
#853=ORIENTED_EDGE('',*,*,#1772,.T.);
#854=ORIENTED_EDGE('',*,*,#1766,.T.);
#855=ORIENTED_EDGE('',*,*,#1760,.F.);
#856=ORIENTED_EDGE('',*,*,#1765,.F.);
#857=ORIENTED_EDGE('',*,*,#1773,.T.);
#858=ORIENTED_EDGE('',*,*,#1775,.F.);
#859=ORIENTED_EDGE('',*,*,#1776,.F.);
#860=ORIENTED_EDGE('',*,*,#1769,.T.);
#861=CARTESIAN_POINT('',(1.905,9.3091,-5.08));
#862=DIRECTION('',(0.0,-1.0,-0.0));
#863=DIRECTION('',(0.0,0.0,-1.0));
#864=ORIENTED_EDGE('',*,*,#1770,.T.);
#865=ORIENTED_EDGE('',*,*,#1776,.T.);
#866=ORIENTED_EDGE('',*,*,#1777,.F.);
#867=ORIENTED_EDGE('',*,*,#1762,.T.);
#868=CARTESIAN_POINT('',(1.016,9.7282,-4.8895));
#869=DIRECTION('',(0.0,-1.0,0.0));
#870=DIRECTION('',(0.0,0.0,-1.0));
#871=ORIENTED_EDGE('',*,*,#1763,.F.);
#872=ORIENTED_EDGE('',*,*,#1777,.T.);
#873=ORIENTED_EDGE('',*,*,#1775,.T.);
#874=ORIENTED_EDGE('',*,*,#1774,.T.);
#875=CARTESIAN_POINT('',(1.016,9.7282,-5.2705));
#876=DIRECTION('',(0.0,0.0,-1.0));
#877=DIRECTION('',(0.0,-1.0,0.0));
#878=ORIENTED_EDGE('',*,*,#1747,.F.);
#879=ORIENTED_EDGE('',*,*,#1778,.T.);
#880=ORIENTED_EDGE('',*,*,#1779,.T.);
#881=ORIENTED_EDGE('',*,*,#1780,.T.);
#882=CARTESIAN_POINT('',(1.016,0.0,0.0));
#883=DIRECTION('',(1.0,0.0,0.0));
#884=DIRECTION('',(0.0,1.0,0.0));
#885=ORIENTED_EDGE('',*,*,#1780,.F.);
#886=ORIENTED_EDGE('',*,*,#1781,.T.);
#887=ORIENTED_EDGE('',*,*,#1782,.T.);
#888=ORIENTED_EDGE('',*,*,#1744,.F.);
#889=CARTESIAN_POINT('',(1.016,9.906,-3.302));
#890=DIRECTION('',(0.0,0.0,-1.0));
#891=DIRECTION('',(0.0,-1.0,0.0));
#892=ORIENTED_EDGE('',*,*,#1745,.T.);
#893=ORIENTED_EDGE('',*,*,#1782,.F.);
#894=ORIENTED_EDGE('',*,*,#1783,.F.);
#895=ORIENTED_EDGE('',*,*,#1784,.F.);
#896=CARTESIAN_POINT('',(2.794,0.0,0.0));
#897=DIRECTION('',(1.0,0.0,0.0));
#898=DIRECTION('',(0.0,1.0,0.0));
#899=ORIENTED_EDGE('',*,*,#1784,.T.);
#900=ORIENTED_EDGE('',*,*,#1785,.F.);
#901=ORIENTED_EDGE('',*,*,#1778,.F.);
#902=ORIENTED_EDGE('',*,*,#1746,.T.);
#903=CARTESIAN_POINT('',(1.016,11.176,-2.667));
#904=DIRECTION('',(0.0,0.0,1.0));
#905=DIRECTION('',(1.0,0.0,0.0));
#906=ORIENTED_EDGE('',*,*,#1785,.T.);
#907=ORIENTED_EDGE('',*,*,#1783,.T.);
#908=ORIENTED_EDGE('',*,*,#1781,.F.);
#909=ORIENTED_EDGE('',*,*,#1779,.F.);
#910=CARTESIAN_POINT('',(1.016,9.906,-2.667));
#911=DIRECTION('',(0.0,-1.0,0.0));
#912=DIRECTION('',(0.0,0.0,-1.0));
#913=ORIENTED_EDGE('',*,*,#1749,.T.);
#914=ORIENTED_EDGE('',*,*,#1786,.T.);
#915=ORIENTED_EDGE('',*,*,#1787,.F.);
#916=ORIENTED_EDGE('',*,*,#1788,.F.);
#917=CARTESIAN_POINT('',(-1.905,9.3091,-5.08));
#918=DIRECTION('',(0.0,-1.0,-0.0));
#919=DIRECTION('',(0.0,0.0,-1.0));
#920=ORIENTED_EDGE('',*,*,#1789,.T.);
#921=ORIENTED_EDGE('',*,*,#1786,.F.);
#922=ORIENTED_EDGE('',*,*,#1748,.T.);
#923=ORIENTED_EDGE('',*,*,#1788,.T.);
#924=CARTESIAN_POINT('',(-1.905,9.3091,-5.08));
#925=DIRECTION('',(0.0,-1.0,-0.0));
#926=DIRECTION('',(0.0,0.0,-1.0));
#927=ORIENTED_EDGE('',*,*,#1787,.T.);
#928=ORIENTED_EDGE('',*,*,#1789,.F.);
#929=ORIENTED_EDGE('',*,*,#1790,.T.);
#930=ORIENTED_EDGE('',*,*,#1791,.F.);
#931=CARTESIAN_POINT('',(-1.905,9.398,-5.08));
#932=DIRECTION('',(-0.0,1.0,0.0));
#933=DIRECTION('',(1.0,0.0,0.0));
#934=ORIENTED_EDGE('',*,*,#1792,.F.);
#935=ORIENTED_EDGE('',*,*,#1793,.T.);
#936=ORIENTED_EDGE('',*,*,#1794,.F.);
#937=ORIENTED_EDGE('',*,*,#1795,.T.);
#938=ORIENTED_EDGE('',*,*,#1791,.T.);
#939=ORIENTED_EDGE('',*,*,#1796,.F.);
#940=ORIENTED_EDGE('',*,*,#1797,.F.);
#941=ORIENTED_EDGE('',*,*,#1798,.F.);
#942=CARTESIAN_POINT('',(-1.905,9.3091,-5.08));
#943=DIRECTION('',(0.0,-1.0,-0.0));
#944=DIRECTION('',(0.0,0.0,-1.0));
#945=ORIENTED_EDGE('',*,*,#1798,.T.);
#946=ORIENTED_EDGE('',*,*,#1799,.F.);
#947=ORIENTED_EDGE('',*,*,#1800,.F.);
#948=ORIENTED_EDGE('',*,*,#1801,.F.);
#949=CARTESIAN_POINT('',(-2.794,11.176,-4.8895));
#950=DIRECTION('',(0.0,0.0,1.0));
#951=DIRECTION('',(1.0,0.0,0.0));
#952=ORIENTED_EDGE('',*,*,#1802,.T.);
#953=ORIENTED_EDGE('',*,*,#1803,.F.);
#954=ORIENTED_EDGE('',*,*,#1792,.T.);
#955=ORIENTED_EDGE('',*,*,#1801,.T.);
#956=CARTESIAN_POINT('',(-2.794,9.7282,-4.8895));
#957=DIRECTION('',(0.0,-1.0,0.0));
#958=DIRECTION('',(0.0,0.0,-1.0));
#959=ORIENTED_EDGE('',*,*,#1804,.T.);
#960=ORIENTED_EDGE('',*,*,#1805,.T.);
#961=ORIENTED_EDGE('',*,*,#1793,.F.);
#962=ORIENTED_EDGE('',*,*,#1803,.T.);
#963=CARTESIAN_POINT('',(-2.794,9.7282,-5.2705));
#964=DIRECTION('',(0.0,0.0,-1.0));
#965=DIRECTION('',(0.0,-1.0,0.0));
#966=ORIENTED_EDGE('',*,*,#1797,.T.);
#967=ORIENTED_EDGE('',*,*,#1806,.F.);
#968=ORIENTED_EDGE('',*,*,#1799,.T.);
#969=CARTESIAN_POINT('',(-1.905,10.033,-5.08));
#970=DIRECTION('',(-0.0,1.0,0.0));
#971=DIRECTION('',(1.0,0.0,0.0));
#972=ORIENTED_EDGE('',*,*,#1807,.F.);
#973=ORIENTED_EDGE('',*,*,#1794,.T.);
#974=ORIENTED_EDGE('',*,*,#1805,.F.);
#975=CARTESIAN_POINT('',(-1.905,10.033,-5.08));
#976=DIRECTION('',(-0.0,1.0,0.0));
#977=DIRECTION('',(1.0,0.0,0.0));
#978=ORIENTED_EDGE('',*,*,#1806,.T.);
#979=ORIENTED_EDGE('',*,*,#1796,.T.);
#980=ORIENTED_EDGE('',*,*,#1790,.F.);
#981=ORIENTED_EDGE('',*,*,#1795,.F.);
#982=ORIENTED_EDGE('',*,*,#1807,.T.);
#983=ORIENTED_EDGE('',*,*,#1804,.F.);
#984=ORIENTED_EDGE('',*,*,#1802,.F.);
#985=ORIENTED_EDGE('',*,*,#1800,.T.);
#986=CARTESIAN_POINT('',(-1.905,9.3091,-5.08));
#987=DIRECTION('',(0.0,-1.0,-0.0));
#988=DIRECTION('',(0.0,0.0,-1.0));
#989=ORIENTED_EDGE('',*,*,#1808,.T.);
#990=ORIENTED_EDGE('',*,*,#1809,.T.);
#991=ORIENTED_EDGE('',*,*,#1753,.F.);
#992=ORIENTED_EDGE('',*,*,#1810,.T.);
#993=CARTESIAN_POINT('',(-2.794,0.0,0.0));
#994=DIRECTION('',(1.0,0.0,0.0));
#995=DIRECTION('',(0.0,1.0,0.0));
#996=ORIENTED_EDGE('',*,*,#1752,.T.);
#997=ORIENTED_EDGE('',*,*,#1811,.T.);
#998=ORIENTED_EDGE('',*,*,#1812,.F.);
#999=ORIENTED_EDGE('',*,*,#1810,.F.);
#1000=CARTESIAN_POINT('',(-2.794,11.176,-2.667));
#1001=DIRECTION('',(0.0,0.0,1.0));
#1002=DIRECTION('',(1.0,0.0,0.0));
#1003=ORIENTED_EDGE('',*,*,#1812,.T.);
#1004=ORIENTED_EDGE('',*,*,#1813,.T.);
#1005=ORIENTED_EDGE('',*,*,#1814,.F.);
#1006=ORIENTED_EDGE('',*,*,#1808,.F.);
#1007=CARTESIAN_POINT('',(-2.794,9.906,-2.667));
#1008=DIRECTION('',(0.0,-1.0,0.0));
#1009=DIRECTION('',(0.0,0.0,-1.0));
#1010=ORIENTED_EDGE('',*,*,#1814,.T.);
#1011=ORIENTED_EDGE('',*,*,#1815,.T.);
#1012=ORIENTED_EDGE('',*,*,#1750,.F.);
#1013=ORIENTED_EDGE('',*,*,#1809,.F.);
#1014=CARTESIAN_POINT('',(-2.794,9.906,-3.302));
#1015=DIRECTION('',(0.0,0.0,-1.0));
#1016=DIRECTION('',(0.0,-1.0,0.0));
#1017=ORIENTED_EDGE('',*,*,#1751,.T.);
#1018=ORIENTED_EDGE('',*,*,#1815,.F.);
#1019=ORIENTED_EDGE('',*,*,#1813,.F.);
#1020=ORIENTED_EDGE('',*,*,#1811,.F.);
#1021=CARTESIAN_POINT('',(-1.016,0.0,0.0));
#1022=DIRECTION('',(1.0,0.0,0.0));
#1023=DIRECTION('',(0.0,1.0,0.0));
#1024=ORIENTED_EDGE('',*,*,#1739,.T.);
#1025=ORIENTED_EDGE('',*,*,#1816,.T.);
#1026=ORIENTED_EDGE('',*,*,#1817,.F.);
#1027=ORIENTED_EDGE('',*,*,#1818,.F.);
#1028=CARTESIAN_POINT('',(-3.683,11.176,-6.35));
#1029=DIRECTION('',(0.0,0.0,1.0));
#1030=DIRECTION('',(1.0,0.0,0.0));
#1031=ORIENTED_EDGE('',*,*,#1741,.T.);
#1032=ORIENTED_EDGE('',*,*,#1819,.F.);
#1033=ORIENTED_EDGE('',*,*,#1820,.F.);
#1034=ORIENTED_EDGE('',*,*,#1821,.T.);
#1035=CARTESIAN_POINT('',(-3.683,11.176,-6.35));
#1036=DIRECTION('',(0.0,0.0,1.0));
#1037=DIRECTION('',(1.0,0.0,0.0));
#1038=ORIENTED_EDGE('',*,*,#1822,.F.);
#1039=ORIENTED_EDGE('',*,*,#1823,.F.);
#1040=ORIENTED_EDGE('',*,*,#1743,.T.);
#1041=ORIENTED_EDGE('',*,*,#1824,.F.);
#1042=CARTESIAN_POINT('',(-3.683,11.176,-6.35));
#1043=DIRECTION('',(0.0,0.0,1.0));
#1044=DIRECTION('',(1.0,0.0,0.0));
#1045=ORIENTED_EDGE('',*,*,#1819,.T.);
#1046=ORIENTED_EDGE('',*,*,#1740,.F.);
#1047=ORIENTED_EDGE('',*,*,#1818,.T.);
#1048=ORIENTED_EDGE('',*,*,#1825,.T.);
#1049=CARTESIAN_POINT('',(1.905,11.176,-4.2286817777605));
#1050=DIRECTION('',(0.0,-1.0,0.0));
#1051=DIRECTION('',(1.0,0.0,0.0));
#1052=ORIENTED_EDGE('',*,*,#1820,.T.);
#1053=ORIENTED_EDGE('',*,*,#1825,.F.);
#1054=ORIENTED_EDGE('',*,*,#1817,.T.);
#1055=ORIENTED_EDGE('',*,*,#1826,.T.);
#1056=ORIENTED_EDGE('',*,*,#1827,.T.);
#1057=ORIENTED_EDGE('',*,*,#1828,.F.);
#1058=ORIENTED_EDGE('',*,*,#1829,.F.);
#1059=ORIENTED_EDGE('',*,*,#1713,.T.);
#1060=ORIENTED_EDGE('',*,*,#1830,.T.);
#1061=ORIENTED_EDGE('',*,*,#1831,.T.);
#1062=ORIENTED_EDGE('',*,*,#1822,.T.);
#1063=ORIENTED_EDGE('',*,*,#1832,.F.);
#1064=CARTESIAN_POINT('',(-4.191,9.398,-8.89));
#1065=DIRECTION('',(-0.0,1.0,0.0));
#1066=DIRECTION('',(1.0,0.0,0.0));
#1067=ORIENTED_EDGE('',*,*,#1821,.F.);
#1068=ORIENTED_EDGE('',*,*,#1832,.T.);
#1069=ORIENTED_EDGE('',*,*,#1824,.T.);
#1070=ORIENTED_EDGE('',*,*,#1742,.F.);
#1071=CARTESIAN_POINT('',(-1.905,11.176,-4.2286817777605));
#1072=DIRECTION('',(0.0,-1.0,0.0));
#1073=DIRECTION('',(1.0,0.0,0.0));
#1074=ORIENTED_EDGE('',*,*,#1734,.T.);
#1075=ORIENTED_EDGE('',*,*,#1823,.T.);
#1076=ORIENTED_EDGE('',*,*,#1831,.F.);
#1077=ORIENTED_EDGE('',*,*,#1833,.F.);
#1078=CARTESIAN_POINT('',(-3.683,11.176,-7.366));
#1079=DIRECTION('',(-1.0,0.0,0.0));
#1080=DIRECTION('',(0.0,0.0,1.0));
#1081=ORIENTED_EDGE('',*,*,#1830,.F.);
#1082=ORIENTED_EDGE('',*,*,#1712,.T.);
#1083=ORIENTED_EDGE('',*,*,#1735,.T.);
#1084=ORIENTED_EDGE('',*,*,#1833,.T.);
#1085=CARTESIAN_POINT('',(-4.191,9.398,-7.366));
#1086=DIRECTION('',(0.0,0.0,-1.0));
#1087=DIRECTION('',(0.0,-1.0,0.0));
#1088=ORIENTED_EDGE('',*,*,#1737,.T.);
#1089=ORIENTED_EDGE('',*,*,#1834,.F.);
#1090=ORIENTED_EDGE('',*,*,#1827,.F.);
#1091=ORIENTED_EDGE('',*,*,#1835,.F.);
#1092=CARTESIAN_POINT('',(-4.191,9.398,-7.366));
#1093=DIRECTION('',(0.0,0.0,-1.0));
#1094=DIRECTION('',(0.0,-1.0,0.0));
#1095=ORIENTED_EDGE('',*,*,#1826,.F.);
#1096=ORIENTED_EDGE('',*,*,#1816,.F.);
#1097=ORIENTED_EDGE('',*,*,#1738,.F.);
#1098=ORIENTED_EDGE('',*,*,#1835,.T.);
#1099=CARTESIAN_POINT('',(3.683,11.176,-6.35));
#1100=DIRECTION('',(1.0,0.0,0.0));
#1101=DIRECTION('',(0.0,1.0,0.0));
#1102=ORIENTED_EDGE('',*,*,#1836,.T.);
#1103=ORIENTED_EDGE('',*,*,#1837,.T.);
#1104=ORIENTED_EDGE('',*,*,#1838,.T.);
#1105=ORIENTED_EDGE('',*,*,#1839,.T.);
#1106=ORIENTED_EDGE('',*,*,#1840,.T.);
#1107=ORIENTED_EDGE('',*,*,#1828,.T.);
#1108=ORIENTED_EDGE('',*,*,#1834,.T.);
#1109=ORIENTED_EDGE('',*,*,#1736,.T.);
#1110=ORIENTED_EDGE('',*,*,#1732,.T.);
#1111=ORIENTED_EDGE('',*,*,#1841,.F.);
#1112=ORIENTED_EDGE('',*,*,#1842,.F.);
#1113=ORIENTED_EDGE('',*,*,#1843,.F.);
#1114=CARTESIAN_POINT('',(4.191,0.0,0.0));
#1115=DIRECTION('',(1.0,0.0,0.0));
#1116=DIRECTION('',(0.0,1.0,0.0));
#1117=ORIENTED_EDGE('',*,*,#1844,.T.);
#1118=ORIENTED_EDGE('',*,*,#1845,.F.);
#1119=ORIENTED_EDGE('',*,*,#1846,.F.);
#1120=ORIENTED_EDGE('',*,*,#1843,.T.);
#1121=CARTESIAN_POINT('',(4.191,0.508,0.0));
#1122=DIRECTION('',(0.0,-1.0,0.0));
#1123=DIRECTION('',(0.0,0.0,-1.0));
#1124=ORIENTED_EDGE('',*,*,#1721,.F.);
#1125=ORIENTED_EDGE('',*,*,#1718,.T.);
#1126=ORIENTED_EDGE('',*,*,#1847,.T.);
#1127=ORIENTED_EDGE('',*,*,#1836,.F.);
#1128=ORIENTED_EDGE('',*,*,#1846,.T.);
#1129=ORIENTED_EDGE('',*,*,#1848,.F.);
#1130=ORIENTED_EDGE('',*,*,#1849,.F.);
#1131=ORIENTED_EDGE('',*,*,#1850,.T.);
#1132=ORIENTED_EDGE('',*,*,#1851,.F.);
#1133=ORIENTED_EDGE('',*,*,#1852,.F.);
#1134=ORIENTED_EDGE('',*,*,#1853,.F.);
#1135=ORIENTED_EDGE('',*,*,#1723,.T.);
#1136=ORIENTED_EDGE('',*,*,#1854,.T.);
#1137=ORIENTED_EDGE('',*,*,#1855,.T.);
#1138=ORIENTED_EDGE('',*,*,#1856,.T.);
#1139=ORIENTED_EDGE('',*,*,#1857,.T.);
#1140=ORIENTED_EDGE('',*,*,#1858,.T.);
#1141=ORIENTED_EDGE('',*,*,#1859,.T.);
#1142=ORIENTED_EDGE('',*,*,#1860,.T.);
#1143=ORIENTED_EDGE('',*,*,#1861,.T.);
#1144=CARTESIAN_POINT('',(-4.191,7.112,0.0));
#1145=DIRECTION('',(0.0,0.0,1.0));
#1146=DIRECTION('',(1.0,0.0,0.0));
#1147=ORIENTED_EDGE('',*,*,#1862,.F.);
#1148=ORIENTED_EDGE('',*,*,#1863,.T.);
#1149=ORIENTED_EDGE('',*,*,#1864,.T.);
#1150=ORIENTED_EDGE('',*,*,#1861,.F.);
#1151=CARTESIAN_POINT('',(3.175,2.54,-0.254));
#1152=DIRECTION('',(-0.707106781186547,0.0,0.707106781186547));
#1153=DIRECTION('',(0.0,1.0,0.0));
#1154=ORIENTED_EDGE('',*,*,#1864,.F.);
#1155=ORIENTED_EDGE('',*,*,#1865,.T.);
#1156=ORIENTED_EDGE('',*,*,#1866,.T.);
#1157=ORIENTED_EDGE('',*,*,#1858,.F.);
#1158=CARTESIAN_POINT('',(1.905,1.016,-0.254));
#1159=DIRECTION('',(0.0,0.707106781186547,0.707106781186547));
#1160=DIRECTION('',(1.0,0.0,-0.0));
#1161=ORIENTED_EDGE('',*,*,#1867,.T.);
#1162=ORIENTED_EDGE('',*,*,#1859,.F.);
#1163=ORIENTED_EDGE('',*,*,#1866,.F.);
#1164=ORIENTED_EDGE('',*,*,#1868,.T.);
#1165=CARTESIAN_POINT('',(0.635,2.54,-0.254));
#1166=DIRECTION('',(0.707106781186547,0.0,0.707106781186547));
#1167=DIRECTION('',(0.0,-1.0,0.0));
#1168=ORIENTED_EDGE('',*,*,#1869,.T.);
#1169=ORIENTED_EDGE('',*,*,#1870,.F.);
#1170=ORIENTED_EDGE('',*,*,#1871,.F.);
#1171=ORIENTED_EDGE('',*,*,#1868,.F.);
#1172=CARTESIAN_POINT('',(0.889,3.81,0.0));
#1173=DIRECTION('',(-1.0,0.0,0.0));
#1174=DIRECTION('',(0.0,0.0,1.0));
#1175=ORIENTED_EDGE('',*,*,#1871,.T.);
#1176=ORIENTED_EDGE('',*,*,#1872,.F.);
#1177=ORIENTED_EDGE('',*,*,#1873,.F.);
#1178=ORIENTED_EDGE('',*,*,#1874,.F.);
#1179=CARTESIAN_POINT('',(2.921,3.81,0.0));
#1180=DIRECTION('',(-0.0,1.0,0.0));
#1181=DIRECTION('',(1.0,0.0,0.0));
#1182=ORIENTED_EDGE('',*,*,#1862,.T.);
#1183=ORIENTED_EDGE('',*,*,#1860,.F.);
#1184=ORIENTED_EDGE('',*,*,#1867,.F.);
#1185=ORIENTED_EDGE('',*,*,#1874,.T.);
#1186=CARTESIAN_POINT('',(1.905,4.699,-0.254));
#1187=DIRECTION('',(0.0,-0.274721127897404,0.961523947640816));
#1188=DIRECTION('',(-1.0,0.0,0.0));
#1189=ORIENTED_EDGE('',*,*,#1873,.T.);
#1190=ORIENTED_EDGE('',*,*,#1875,.F.);
#1191=ORIENTED_EDGE('',*,*,#1876,.F.);
#1192=ORIENTED_EDGE('',*,*,#1863,.F.);
#1193=CARTESIAN_POINT('',(2.921,1.27,0.0));
#1194=DIRECTION('',(1.0,0.0,0.0));
#1195=DIRECTION('',(0.0,1.0,0.0));
#1196=ORIENTED_EDGE('',*,*,#1876,.T.);
#1197=ORIENTED_EDGE('',*,*,#1877,.F.);
#1198=ORIENTED_EDGE('',*,*,#1869,.F.);
#1199=ORIENTED_EDGE('',*,*,#1865,.F.);
#1200=CARTESIAN_POINT('',(0.889,1.27,0.0));
#1201=DIRECTION('',(0.0,-1.0,0.0));
#1202=DIRECTION('',(0.0,0.0,-1.0));
#1203=ORIENTED_EDGE('',*,*,#1877,.T.);
#1204=ORIENTED_EDGE('',*,*,#1875,.T.);
#1205=ORIENTED_EDGE('',*,*,#1872,.T.);
#1206=ORIENTED_EDGE('',*,*,#1870,.T.);
#1207=CARTESIAN_POINT('',(4.191,0.0,-7.62));
#1208=DIRECTION('',(0.0,0.0,1.0));
#1209=DIRECTION('',(1.0,0.0,0.0));
#1210=ORIENTED_EDGE('',*,*,#1878,.F.);
#1211=ORIENTED_EDGE('',*,*,#1879,.T.);
#1212=ORIENTED_EDGE('',*,*,#1880,.T.);
#1213=ORIENTED_EDGE('',*,*,#1857,.F.);
#1214=CARTESIAN_POINT('',(-0.635,2.54,-0.254));
#1215=DIRECTION('',(-0.707106781186547,0.0,0.707106781186547));
#1216=DIRECTION('',(0.0,1.0,0.0));
#1217=ORIENTED_EDGE('',*,*,#1880,.F.);
#1218=ORIENTED_EDGE('',*,*,#1881,.T.);
#1219=ORIENTED_EDGE('',*,*,#1882,.T.);
#1220=ORIENTED_EDGE('',*,*,#1854,.F.);
#1221=CARTESIAN_POINT('',(-1.905,1.016,-0.254));
#1222=DIRECTION('',(0.0,0.707106781186547,0.707106781186547));
#1223=DIRECTION('',(1.0,0.0,-0.0));
#1224=ORIENTED_EDGE('',*,*,#1883,.T.);
#1225=ORIENTED_EDGE('',*,*,#1855,.F.);
#1226=ORIENTED_EDGE('',*,*,#1882,.F.);
#1227=ORIENTED_EDGE('',*,*,#1884,.T.);
#1228=CARTESIAN_POINT('',(-3.175,2.54,-0.254));
#1229=DIRECTION('',(0.707106781186547,0.0,0.707106781186547));
#1230=DIRECTION('',(0.0,-1.0,0.0));
#1231=ORIENTED_EDGE('',*,*,#1885,.T.);
#1232=ORIENTED_EDGE('',*,*,#1886,.F.);
#1233=ORIENTED_EDGE('',*,*,#1887,.F.);
#1234=ORIENTED_EDGE('',*,*,#1884,.F.);
#1235=CARTESIAN_POINT('',(-2.921,3.81,0.0));
#1236=DIRECTION('',(-1.0,0.0,0.0));
#1237=DIRECTION('',(0.0,0.0,1.0));
#1238=ORIENTED_EDGE('',*,*,#1887,.T.);
#1239=ORIENTED_EDGE('',*,*,#1888,.F.);
#1240=ORIENTED_EDGE('',*,*,#1889,.F.);
#1241=ORIENTED_EDGE('',*,*,#1890,.F.);
#1242=CARTESIAN_POINT('',(-0.889,3.81,0.0));
#1243=DIRECTION('',(-0.0,1.0,0.0));
#1244=DIRECTION('',(1.0,0.0,0.0));
#1245=ORIENTED_EDGE('',*,*,#1878,.T.);
#1246=ORIENTED_EDGE('',*,*,#1856,.F.);
#1247=ORIENTED_EDGE('',*,*,#1883,.F.);
#1248=ORIENTED_EDGE('',*,*,#1890,.T.);
#1249=CARTESIAN_POINT('',(-1.905,4.699,-0.254));
#1250=DIRECTION('',(0.0,-0.274721127897404,0.961523947640816));
#1251=DIRECTION('',(-1.0,0.0,0.0));
#1252=ORIENTED_EDGE('',*,*,#1889,.T.);
#1253=ORIENTED_EDGE('',*,*,#1891,.F.);
#1254=ORIENTED_EDGE('',*,*,#1892,.F.);
#1255=ORIENTED_EDGE('',*,*,#1879,.F.);
#1256=CARTESIAN_POINT('',(-0.889,1.27,0.0));
#1257=DIRECTION('',(1.0,0.0,0.0));
#1258=DIRECTION('',(0.0,1.0,0.0));
#1259=ORIENTED_EDGE('',*,*,#1892,.T.);
#1260=ORIENTED_EDGE('',*,*,#1893,.F.);
#1261=ORIENTED_EDGE('',*,*,#1885,.F.);
#1262=ORIENTED_EDGE('',*,*,#1881,.F.);
#1263=CARTESIAN_POINT('',(-2.921,1.27,0.0));
#1264=DIRECTION('',(0.0,-1.0,0.0));
#1265=DIRECTION('',(0.0,0.0,-1.0));
#1266=ORIENTED_EDGE('',*,*,#1893,.T.);
#1267=ORIENTED_EDGE('',*,*,#1891,.T.);
#1268=ORIENTED_EDGE('',*,*,#1888,.T.);
#1269=ORIENTED_EDGE('',*,*,#1886,.T.);
#1270=CARTESIAN_POINT('',(0.381,0.0,-7.62));
#1271=DIRECTION('',(0.0,0.0,1.0));
#1272=DIRECTION('',(1.0,0.0,0.0));
#1273=ORIENTED_EDGE('',*,*,#1853,.T.);
#1274=ORIENTED_EDGE('',*,*,#1894,.T.);
#1275=ORIENTED_EDGE('',*,*,#1895,.F.);
#1276=ORIENTED_EDGE('',*,*,#1896,.F.);
#1277=ORIENTED_EDGE('',*,*,#1849,.T.);
#1278=ORIENTED_EDGE('',*,*,#1897,.F.);
#1279=ORIENTED_EDGE('',*,*,#1898,.F.);
#1280=ORIENTED_EDGE('',*,*,#1724,.T.);
#1281=CARTESIAN_POINT('',(-4.191,7.112,-0.508));
#1282=DIRECTION('',(-0.0,1.0,0.0));
#1283=DIRECTION('',(1.0,0.0,0.0));
#1284=ORIENTED_EDGE('',*,*,#1898,.T.);
#1285=ORIENTED_EDGE('',*,*,#1899,.F.);
#1286=ORIENTED_EDGE('',*,*,#1730,.F.);
#1287=ORIENTED_EDGE('',*,*,#1725,.T.);
#1288=CARTESIAN_POINT('',(-4.191,10.668,-1.778));
#1289=DIRECTION('',(0.0,0.336336396998207,0.941741911594819));
#1290=DIRECTION('',(1.0,-0.0,0.0));
#1291=ORIENTED_EDGE('',*,*,#1897,.T.);
#1292=ORIENTED_EDGE('',*,*,#1848,.T.);
#1293=ORIENTED_EDGE('',*,*,#1845,.T.);
#1294=ORIENTED_EDGE('',*,*,#1900,.F.);
#1295=ORIENTED_EDGE('',*,*,#1901,.T.);
#1296=ORIENTED_EDGE('',*,*,#1899,.T.);
#1297=CARTESIAN_POINT('',(4.064,0.0,0.0));
#1298=DIRECTION('',(1.0,0.0,0.0));
#1299=DIRECTION('',(0.0,1.0,0.0));
#1300=ORIENTED_EDGE('',*,*,#1731,.T.);
#1301=ORIENTED_EDGE('',*,*,#1901,.F.);
#1302=ORIENTED_EDGE('',*,*,#1902,.F.);
#1303=ORIENTED_EDGE('',*,*,#1841,.T.);
#1304=CARTESIAN_POINT('',(4.191,10.668,-2.54));
#1305=DIRECTION('',(-0.0,1.0,0.0));
#1306=DIRECTION('',(1.0,0.0,0.0));
#1307=ORIENTED_EDGE('',*,*,#1902,.T.);
#1308=ORIENTED_EDGE('',*,*,#1900,.T.);
#1309=ORIENTED_EDGE('',*,*,#1844,.F.);
#1310=ORIENTED_EDGE('',*,*,#1842,.T.);
#1311=CARTESIAN_POINT('',(4.191,0.508,-2.54));
#1312=DIRECTION('',(0.0,0.0,-1.0));
#1313=DIRECTION('',(0.0,-1.0,0.0));
#1314=ORIENTED_EDGE('',*,*,#1896,.T.);
#1315=ORIENTED_EDGE('',*,*,#1903,.F.);
#1316=ORIENTED_EDGE('',*,*,#1904,.F.);
#1317=ORIENTED_EDGE('',*,*,#1850,.F.);
#1318=CARTESIAN_POINT('',(3.302,6.604,0.0));
#1319=DIRECTION('',(1.0,0.0,0.0));
#1320=DIRECTION('',(0.0,1.0,0.0));
#1321=ORIENTED_EDGE('',*,*,#1904,.T.);
#1322=ORIENTED_EDGE('',*,*,#1905,.F.);
#1323=ORIENTED_EDGE('',*,*,#1906,.F.);
#1324=ORIENTED_EDGE('',*,*,#1851,.T.);
#1325=CARTESIAN_POINT('',(-3.302,6.604,0.0));
#1326=DIRECTION('',(0.0,-1.0,0.0));
#1327=DIRECTION('',(0.0,0.0,-1.0));
#1328=ORIENTED_EDGE('',*,*,#1906,.T.);
#1329=ORIENTED_EDGE('',*,*,#1907,.F.);
#1330=ORIENTED_EDGE('',*,*,#1894,.F.);
#1331=ORIENTED_EDGE('',*,*,#1852,.T.);
#1332=CARTESIAN_POINT('',(-3.302,7.112,0.0));
#1333=DIRECTION('',(-1.0,0.0,0.0));
#1334=DIRECTION('',(0.0,0.0,1.0));
#1335=ORIENTED_EDGE('',*,*,#1905,.T.);
#1336=ORIENTED_EDGE('',*,*,#1903,.T.);
#1337=ORIENTED_EDGE('',*,*,#1895,.T.);
#1338=ORIENTED_EDGE('',*,*,#1907,.T.);
#1339=CARTESIAN_POINT('',(-4.191,0.0,0.508));
#1340=DIRECTION('',(0.0,0.0,1.0));
#1341=DIRECTION('',(1.0,0.0,0.0));
#1342=ORIENTED_EDGE('',*,*,#1908,.T.);
#1343=ORIENTED_EDGE('',*,*,#1837,.F.);
#1344=ORIENTED_EDGE('',*,*,#1847,.F.);
#1345=ORIENTED_EDGE('',*,*,#1717,.T.);
#1346=CARTESIAN_POINT('',(-4.191,0.0,0.0));
#1347=DIRECTION('',(0.0,-1.0,0.0));
#1348=DIRECTION('',(0.0,0.0,-1.0));
#1349=ORIENTED_EDGE('',*,*,#1909,.T.);
#1350=ORIENTED_EDGE('',*,*,#1838,.F.);
#1351=ORIENTED_EDGE('',*,*,#1908,.F.);
#1352=ORIENTED_EDGE('',*,*,#1716,.T.);
#1353=CARTESIAN_POINT('',(-4.191,0.0,-8.128));
#1354=DIRECTION('',(0.0,0.0,-1.0));
#1355=DIRECTION('',(0.0,-1.0,0.0));
#1356=ORIENTED_EDGE('',*,*,#1910,.T.);
#1357=ORIENTED_EDGE('',*,*,#1839,.F.);
#1358=ORIENTED_EDGE('',*,*,#1909,.F.);
#1359=ORIENTED_EDGE('',*,*,#1715,.T.);
#1360=CARTESIAN_POINT('',(-4.191,1.016,-8.128));
#1361=DIRECTION('',(0.0,-1.0,0.0));
#1362=DIRECTION('',(0.0,0.0,-1.0));
#1363=ORIENTED_EDGE('',*,*,#1829,.T.);
#1364=ORIENTED_EDGE('',*,*,#1840,.F.);
#1365=ORIENTED_EDGE('',*,*,#1910,.F.);
#1366=ORIENTED_EDGE('',*,*,#1714,.T.);
#1367=ORIENTED_EDGE('',*,*,#1911,.T.);
#1368=ORIENTED_EDGE('',*,*,#1912,.T.);
#1369=ORIENTED_EDGE('',*,*,#1913,.F.);
#1370=ORIENTED_EDGE('',*,*,#1914,.F.);
#1371=ORIENTED_EDGE('',*,*,#1915,.T.);
#1372=ORIENTED_EDGE('',*,*,#1916,.T.);
#1373=ORIENTED_EDGE('',*,*,#1917,.F.);
#1374=ORIENTED_EDGE('',*,*,#1918,.F.);
#1375=CARTESIAN_POINT('',(-4.191,1.016,-8.89));
#1376=DIRECTION('',(0.0,0.0,-1.0));
#1377=DIRECTION('',(0.0,-1.0,0.0));
#1378=ORIENTED_EDGE('',*,*,#1919,.F.);
#1379=ORIENTED_EDGE('',*,*,#1920,.F.);
#1380=ORIENTED_EDGE('',*,*,#1921,.F.);
#1381=ORIENTED_EDGE('',*,*,#1914,.T.);
#1382=CARTESIAN_POINT('',(0.381,0.0,0.0));
#1383=DIRECTION('',(1.0,0.0,0.0));
#1384=DIRECTION('',(0.0,1.0,0.0));
#1385=ORIENTED_EDGE('',*,*,#1921,.T.);
#1386=ORIENTED_EDGE('',*,*,#1922,.T.);
#1387=ORIENTED_EDGE('',*,*,#1923,.F.);
#1388=ORIENTED_EDGE('',*,*,#1911,.F.);
#1389=CARTESIAN_POINT('',(0.381,4.318,-8.89));
#1390=DIRECTION('',(0.0,-1.0,0.0));
#1391=DIRECTION('',(0.0,0.0,-1.0));
#1392=ORIENTED_EDGE('',*,*,#1923,.T.);
#1393=ORIENTED_EDGE('',*,*,#1924,.T.);
#1394=ORIENTED_EDGE('',*,*,#1925,.T.);
#1395=ORIENTED_EDGE('',*,*,#1912,.F.);
#1396=CARTESIAN_POINT('',(3.429,0.0,0.0));
#1397=DIRECTION('',(1.0,0.0,0.0));
#1398=DIRECTION('',(0.0,1.0,0.0));
#1399=ORIENTED_EDGE('',*,*,#1925,.F.);
#1400=ORIENTED_EDGE('',*,*,#1926,.F.);
#1401=ORIENTED_EDGE('',*,*,#1919,.T.);
#1402=ORIENTED_EDGE('',*,*,#1913,.T.);
#1403=ORIENTED_EDGE('',*,*,#1927,.T.);
#1404=ORIENTED_EDGE('',*,*,#1928,.F.);
#1405=ORIENTED_EDGE('',*,*,#1929,.F.);
#1406=ORIENTED_EDGE('',*,*,#1930,.T.);
#1407=CARTESIAN_POINT('',(0.381,8.382,-15.494));
#1408=DIRECTION('',(-0.0,1.0,0.0));
#1409=DIRECTION('',(1.0,0.0,0.0));
#1410=ORIENTED_EDGE('',*,*,#1926,.T.);
#1411=ORIENTED_EDGE('',*,*,#1924,.F.);
#1412=ORIENTED_EDGE('',*,*,#1922,.F.);
#1413=ORIENTED_EDGE('',*,*,#1920,.T.);
#1414=ORIENTED_EDGE('',*,*,#1931,.T.);
#1415=ORIENTED_EDGE('',*,*,#1932,.T.);
#1416=CARTESIAN_POINT('',(0.381,4.318,-15.494));
#1417=DIRECTION('',(0.0,0.0,-1.0));
#1418=DIRECTION('',(0.0,-1.0,0.0));
#1419=ORIENTED_EDGE('',*,*,#1933,.F.);
#1420=ORIENTED_EDGE('',*,*,#1934,.T.);
#1421=ORIENTED_EDGE('',*,*,#1935,.T.);
#1422=ORIENTED_EDGE('',*,*,#1932,.F.);
#1423=CARTESIAN_POINT('',(1.905,6.35,-14.1605));
#1424=DIRECTION('',(-0.0,0.0,1.0));
#1425=DIRECTION('',(0.0,-1.0,0.0));
#1426=ORIENTED_EDGE('',*,*,#1935,.F.);
#1427=ORIENTED_EDGE('',*,*,#1936,.F.);
#1428=ORIENTED_EDGE('',*,*,#1933,.T.);
#1429=ORIENTED_EDGE('',*,*,#1931,.F.);
#1430=CARTESIAN_POINT('',(1.905,6.35,-14.1605));
#1431=DIRECTION('',(-0.0,0.0,1.0));
#1432=DIRECTION('',(0.0,-1.0,0.0));
#1433=ORIENTED_EDGE('',*,*,#1937,.F.);
#1434=ORIENTED_EDGE('',*,*,#1938,.T.);
#1435=ORIENTED_EDGE('',*,*,#1936,.T.);
#1436=ORIENTED_EDGE('',*,*,#1939,.F.);
#1437=CARTESIAN_POINT('',(1.905,6.35,-14.57325));
#1438=DIRECTION('',(0.0,-0.0,-1.0));
#1439=DIRECTION('',(0.0,-1.0,0.0));
#1440=ORIENTED_EDGE('',*,*,#1934,.F.);
#1441=ORIENTED_EDGE('',*,*,#1938,.F.);
#1442=ORIENTED_EDGE('',*,*,#1940,.T.);
#1443=ORIENTED_EDGE('',*,*,#1939,.T.);
#1444=CARTESIAN_POINT('',(1.905,6.35,-14.57325));
#1445=DIRECTION('',(0.0,-0.0,-1.0));
#1446=DIRECTION('',(0.0,-1.0,0.0));
#1447=ORIENTED_EDGE('',*,*,#1940,.F.);
#1448=ORIENTED_EDGE('',*,*,#1941,.F.);
#1449=ORIENTED_EDGE('',*,*,#1942,.T.);
#1450=ORIENTED_EDGE('',*,*,#1943,.T.);
#1451=CARTESIAN_POINT('',(1.905,6.35,-14.1605));
#1452=DIRECTION('',(-0.0,0.0,1.0));
#1453=DIRECTION('',(0.0,-1.0,0.0));
#1454=ORIENTED_EDGE('',*,*,#1944,.F.);
#1455=ORIENTED_EDGE('',*,*,#1941,.T.);
#1456=ORIENTED_EDGE('',*,*,#1937,.T.);
#1457=ORIENTED_EDGE('',*,*,#1943,.F.);
#1458=CARTESIAN_POINT('',(1.905,6.35,-14.1605));
#1459=DIRECTION('',(-0.0,0.0,1.0));
#1460=DIRECTION('',(0.0,-1.0,0.0));
#1461=ORIENTED_EDGE('',*,*,#1942,.F.);
#1462=ORIENTED_EDGE('',*,*,#1944,.T.);
#1463=CARTESIAN_POINT('',(1.905,6.35,-14.224));
#1464=DIRECTION('',(0.0,0.0,-1.0));
#1465=DIRECTION('',(0.0,-1.0,0.0));
#1466=ORIENTED_EDGE('',*,*,#1930,.F.);
#1467=ORIENTED_EDGE('',*,*,#1945,.F.);
#1468=ORIENTED_EDGE('',*,*,#1946,.T.);
#1469=ORIENTED_EDGE('',*,*,#1947,.F.);
#1470=CARTESIAN_POINT('',(1.6256,0.0,0.0));
#1471=DIRECTION('',(1.0,0.0,0.0));
#1472=DIRECTION('',(0.0,1.0,0.0));
#1473=ORIENTED_EDGE('',*,*,#1927,.F.);
#1474=ORIENTED_EDGE('',*,*,#1947,.T.);
#1475=ORIENTED_EDGE('',*,*,#1948,.F.);
#1476=ORIENTED_EDGE('',*,*,#1949,.T.);
#1477=ORIENTED_EDGE('',*,*,#1950,.T.);
#1478=ORIENTED_EDGE('',*,*,#1951,.F.);
#1479=ORIENTED_EDGE('',*,*,#1952,.F.);
#1480=ORIENTED_EDGE('',*,*,#1953,.F.);
#1481=CARTESIAN_POINT('',(1.6256,8.128,-15.2908));
#1482=DIRECTION('',(0.0,0.0,-1.0));
#1483=DIRECTION('',(0.0,-1.0,0.0));
#1484=ORIENTED_EDGE('',*,*,#1954,.F.);
#1485=ORIENTED_EDGE('',*,*,#1955,.T.);
#1486=ORIENTED_EDGE('',*,*,#1928,.T.);
#1487=ORIENTED_EDGE('',*,*,#1953,.T.);
#1488=CARTESIAN_POINT('',(2.1844,0.0,0.0));
#1489=DIRECTION('',(1.0,0.0,0.0));
#1490=DIRECTION('',(0.0,1.0,0.0));
#1491=ORIENTED_EDGE('',*,*,#1956,.T.);
#1492=ORIENTED_EDGE('',*,*,#1957,.T.);
#1493=ORIENTED_EDGE('',*,*,#1945,.T.);
#1494=ORIENTED_EDGE('',*,*,#1929,.T.);
#1495=ORIENTED_EDGE('',*,*,#1955,.F.);
#1496=ORIENTED_EDGE('',*,*,#1958,.T.);
#1497=ORIENTED_EDGE('',*,*,#1959,.F.);
#1498=ORIENTED_EDGE('',*,*,#1960,.T.);
#1499=CARTESIAN_POINT('',(1.6256,9.652,-12.7508));
#1500=DIRECTION('',(0.0,0.0,1.0));
#1501=DIRECTION('',(1.0,0.0,0.0));
#1502=ORIENTED_EDGE('',*,*,#1961,.T.);
#1503=ORIENTED_EDGE('',*,*,#1960,.F.);
#1504=ORIENTED_EDGE('',*,*,#1962,.F.);
#1505=ORIENTED_EDGE('',*,*,#1950,.F.);
#1506=CARTESIAN_POINT('',(1.6256,9.652,-15.2908));
#1507=DIRECTION('',(-0.0,1.0,0.0));
#1508=DIRECTION('',(1.0,0.0,0.0));
#1509=ORIENTED_EDGE('',*,*,#1963,.T.);
#1510=ORIENTED_EDGE('',*,*,#1951,.T.);
#1511=ORIENTED_EDGE('',*,*,#1962,.T.);
#1512=ORIENTED_EDGE('',*,*,#1959,.T.);
#1513=CARTESIAN_POINT('',(2.286,0.0,0.0));
#1514=DIRECTION('',(1.0,0.0,0.0));
#1515=DIRECTION('',(0.0,1.0,0.0));
#1516=ORIENTED_EDGE('',*,*,#1957,.F.);
#1517=ORIENTED_EDGE('',*,*,#1964,.T.);
#1518=ORIENTED_EDGE('',*,*,#1948,.T.);
#1519=ORIENTED_EDGE('',*,*,#1946,.F.);
#1520=CARTESIAN_POINT('',(1.524,8.89,-12.7508));
#1521=DIRECTION('',(0.0,-1.0,0.0));
#1522=DIRECTION('',(0.0,0.0,-1.0));
#1523=ORIENTED_EDGE('',*,*,#1952,.T.);
#1524=ORIENTED_EDGE('',*,*,#1963,.F.);
#1525=ORIENTED_EDGE('',*,*,#1958,.F.);
#1526=ORIENTED_EDGE('',*,*,#1954,.T.);
#1527=CARTESIAN_POINT('',(1.524,8.89,-12.7508));
#1528=DIRECTION('',(0.0,-1.0,0.0));
#1529=DIRECTION('',(0.0,0.0,-1.0));
#1530=ORIENTED_EDGE('',*,*,#1961,.F.);
#1531=ORIENTED_EDGE('',*,*,#1949,.F.);
#1532=ORIENTED_EDGE('',*,*,#1964,.F.);
#1533=ORIENTED_EDGE('',*,*,#1956,.F.);
#1534=CARTESIAN_POINT('',(1.524,0.0,0.0));
#1535=DIRECTION('',(1.0,0.0,0.0));
#1536=DIRECTION('',(0.0,1.0,0.0));
#1537=ORIENTED_EDGE('',*,*,#1918,.T.);
#1538=ORIENTED_EDGE('',*,*,#1965,.F.);
#1539=ORIENTED_EDGE('',*,*,#1966,.F.);
#1540=ORIENTED_EDGE('',*,*,#1967,.F.);
#1541=CARTESIAN_POINT('',(-3.429,0.0,0.0));
#1542=DIRECTION('',(1.0,0.0,0.0));
#1543=DIRECTION('',(0.0,1.0,0.0));
#1544=ORIENTED_EDGE('',*,*,#1968,.T.);
#1545=ORIENTED_EDGE('',*,*,#1969,.F.);
#1546=ORIENTED_EDGE('',*,*,#1915,.F.);
#1547=ORIENTED_EDGE('',*,*,#1967,.T.);
#1548=CARTESIAN_POINT('',(-3.429,4.318,-8.89));
#1549=DIRECTION('',(0.0,-1.0,0.0));
#1550=DIRECTION('',(0.0,0.0,-1.0));
#1551=ORIENTED_EDGE('',*,*,#1970,.T.);
#1552=ORIENTED_EDGE('',*,*,#1971,.T.);
#1553=ORIENTED_EDGE('',*,*,#1916,.F.);
#1554=ORIENTED_EDGE('',*,*,#1969,.T.);
#1555=CARTESIAN_POINT('',(-0.381,0.0,0.0));
#1556=DIRECTION('',(1.0,0.0,0.0));
#1557=DIRECTION('',(0.0,1.0,0.0));
#1558=ORIENTED_EDGE('',*,*,#1917,.T.);
#1559=ORIENTED_EDGE('',*,*,#1971,.F.);
#1560=ORIENTED_EDGE('',*,*,#1972,.F.);
#1561=ORIENTED_EDGE('',*,*,#1965,.T.);
#1562=ORIENTED_EDGE('',*,*,#1973,.T.);
#1563=ORIENTED_EDGE('',*,*,#1974,.F.);
#1564=ORIENTED_EDGE('',*,*,#1975,.F.);
#1565=ORIENTED_EDGE('',*,*,#1976,.T.);
#1566=CARTESIAN_POINT('',(-3.429,8.382,-15.494));
#1567=DIRECTION('',(-0.0,1.0,0.0));
#1568=DIRECTION('',(1.0,0.0,0.0));
#1569=ORIENTED_EDGE('',*,*,#1972,.T.);
#1570=ORIENTED_EDGE('',*,*,#1970,.F.);
#1571=ORIENTED_EDGE('',*,*,#1968,.F.);
#1572=ORIENTED_EDGE('',*,*,#1966,.T.);
#1573=ORIENTED_EDGE('',*,*,#1977,.F.);
#1574=ORIENTED_EDGE('',*,*,#1978,.F.);
#1575=CARTESIAN_POINT('',(-3.429,4.318,-15.494));
#1576=DIRECTION('',(0.0,0.0,-1.0));
#1577=DIRECTION('',(0.0,-1.0,0.0));
#1578=ORIENTED_EDGE('',*,*,#1978,.T.);
#1579=ORIENTED_EDGE('',*,*,#1979,.F.);
#1580=ORIENTED_EDGE('',*,*,#1980,.T.);
#1581=ORIENTED_EDGE('',*,*,#1981,.T.);
#1582=CARTESIAN_POINT('',(-1.905,6.35,-14.1605));
#1583=DIRECTION('',(-0.0,0.0,1.0));
#1584=DIRECTION('',(0.0,-1.0,0.0));
#1585=ORIENTED_EDGE('',*,*,#1982,.F.);
#1586=ORIENTED_EDGE('',*,*,#1979,.T.);
#1587=ORIENTED_EDGE('',*,*,#1977,.T.);
#1588=ORIENTED_EDGE('',*,*,#1981,.F.);
#1589=CARTESIAN_POINT('',(-1.905,6.35,-14.1605));
#1590=DIRECTION('',(-0.0,0.0,1.0));
#1591=DIRECTION('',(0.0,-1.0,0.0));
#1592=ORIENTED_EDGE('',*,*,#1983,.F.);
#1593=ORIENTED_EDGE('',*,*,#1984,.T.);
#1594=ORIENTED_EDGE('',*,*,#1982,.T.);
#1595=ORIENTED_EDGE('',*,*,#1985,.F.);
#1596=CARTESIAN_POINT('',(-1.905,6.35,-14.57325));
#1597=DIRECTION('',(0.0,-0.0,-1.0));
#1598=DIRECTION('',(0.0,-1.0,0.0));
#1599=ORIENTED_EDGE('',*,*,#1980,.F.);
#1600=ORIENTED_EDGE('',*,*,#1984,.F.);
#1601=ORIENTED_EDGE('',*,*,#1986,.T.);
#1602=ORIENTED_EDGE('',*,*,#1985,.T.);
#1603=CARTESIAN_POINT('',(-1.905,6.35,-14.57325));
#1604=DIRECTION('',(0.0,-0.0,-1.0));
#1605=DIRECTION('',(0.0,-1.0,0.0));
#1606=ORIENTED_EDGE('',*,*,#1986,.F.);
#1607=ORIENTED_EDGE('',*,*,#1987,.F.);
#1608=ORIENTED_EDGE('',*,*,#1988,.T.);
#1609=ORIENTED_EDGE('',*,*,#1989,.T.);
#1610=CARTESIAN_POINT('',(-1.905,6.35,-14.1605));
#1611=DIRECTION('',(-0.0,0.0,1.0));
#1612=DIRECTION('',(0.0,-1.0,0.0));
#1613=ORIENTED_EDGE('',*,*,#1990,.F.);
#1614=ORIENTED_EDGE('',*,*,#1987,.T.);
#1615=ORIENTED_EDGE('',*,*,#1983,.T.);
#1616=ORIENTED_EDGE('',*,*,#1989,.F.);
#1617=CARTESIAN_POINT('',(-1.905,6.35,-14.1605));
#1618=DIRECTION('',(-0.0,0.0,1.0));
#1619=DIRECTION('',(0.0,-1.0,0.0));
#1620=ORIENTED_EDGE('',*,*,#1988,.F.);
#1621=ORIENTED_EDGE('',*,*,#1990,.T.);
#1622=CARTESIAN_POINT('',(-1.905,6.35,-14.224));
#1623=DIRECTION('',(0.0,0.0,-1.0));
#1624=DIRECTION('',(0.0,-1.0,0.0));
#1625=ORIENTED_EDGE('',*,*,#1991,.F.);
#1626=ORIENTED_EDGE('',*,*,#1976,.F.);
#1627=ORIENTED_EDGE('',*,*,#1992,.F.);
#1628=ORIENTED_EDGE('',*,*,#1993,.T.);
#1629=CARTESIAN_POINT('',(-2.1844,0.0,0.0));
#1630=DIRECTION('',(1.0,0.0,0.0));
#1631=DIRECTION('',(0.0,1.0,0.0));
#1632=ORIENTED_EDGE('',*,*,#1994,.T.);
#1633=ORIENTED_EDGE('',*,*,#1995,.T.);
#1634=ORIENTED_EDGE('',*,*,#1993,.F.);
#1635=ORIENTED_EDGE('',*,*,#1996,.F.);
#1636=CARTESIAN_POINT('',(-2.286,8.89,-12.7508));
#1637=DIRECTION('',(0.0,-1.0,0.0));
#1638=DIRECTION('',(0.0,0.0,-1.0));
#1639=ORIENTED_EDGE('',*,*,#1997,.T.);
#1640=ORIENTED_EDGE('',*,*,#1998,.T.);
#1641=ORIENTED_EDGE('',*,*,#1999,.F.);
#1642=ORIENTED_EDGE('',*,*,#2000,.F.);
#1643=CARTESIAN_POINT('',(-2.286,8.89,-12.7508));
#1644=DIRECTION('',(0.0,-1.0,0.0));
#1645=DIRECTION('',(0.0,0.0,-1.0));
#1646=ORIENTED_EDGE('',*,*,#2001,.T.);
#1647=ORIENTED_EDGE('',*,*,#1996,.T.);
#1648=ORIENTED_EDGE('',*,*,#1992,.T.);
#1649=ORIENTED_EDGE('',*,*,#1975,.T.);
#1650=ORIENTED_EDGE('',*,*,#2002,.F.);
#1651=ORIENTED_EDGE('',*,*,#2000,.T.);
#1652=ORIENTED_EDGE('',*,*,#2003,.F.);
#1653=ORIENTED_EDGE('',*,*,#2004,.T.);
#1654=CARTESIAN_POINT('',(-2.1844,9.652,-12.7508));
#1655=DIRECTION('',(0.0,0.0,1.0));
#1656=DIRECTION('',(1.0,0.0,0.0));
#1657=ORIENTED_EDGE('',*,*,#2005,.T.);
#1658=ORIENTED_EDGE('',*,*,#2004,.F.);
#1659=ORIENTED_EDGE('',*,*,#2006,.F.);
#1660=ORIENTED_EDGE('',*,*,#2007,.F.);
#1661=CARTESIAN_POINT('',(-2.1844,9.652,-15.2908));
#1662=DIRECTION('',(-0.0,1.0,0.0));
#1663=DIRECTION('',(1.0,0.0,0.0));
#1664=ORIENTED_EDGE('',*,*,#1973,.F.);
#1665=ORIENTED_EDGE('',*,*,#1991,.T.);
#1666=ORIENTED_EDGE('',*,*,#1995,.F.);
#1667=ORIENTED_EDGE('',*,*,#2008,.T.);
#1668=ORIENTED_EDGE('',*,*,#2007,.T.);
#1669=ORIENTED_EDGE('',*,*,#2009,.F.);
#1670=ORIENTED_EDGE('',*,*,#1998,.F.);
#1671=ORIENTED_EDGE('',*,*,#2010,.F.);
#1672=CARTESIAN_POINT('',(-2.1844,8.128,-15.2908));
#1673=DIRECTION('',(0.0,0.0,-1.0));
#1674=DIRECTION('',(0.0,-1.0,0.0));
#1675=ORIENTED_EDGE('',*,*,#2002,.T.);
#1676=ORIENTED_EDGE('',*,*,#1974,.T.);
#1677=ORIENTED_EDGE('',*,*,#2010,.T.);
#1678=ORIENTED_EDGE('',*,*,#1997,.F.);
#1679=CARTESIAN_POINT('',(-1.6256,0.0,0.0));
#1680=DIRECTION('',(1.0,0.0,0.0));
#1681=DIRECTION('',(0.0,1.0,0.0));
#1682=ORIENTED_EDGE('',*,*,#1999,.T.);
#1683=ORIENTED_EDGE('',*,*,#2009,.T.);
#1684=ORIENTED_EDGE('',*,*,#2006,.T.);
#1685=ORIENTED_EDGE('',*,*,#2003,.T.);
#1686=CARTESIAN_POINT('',(-1.524,0.0,0.0));
#1687=DIRECTION('',(1.0,0.0,0.0));
#1688=DIRECTION('',(0.0,1.0,0.0));
#1689=ORIENTED_EDGE('',*,*,#2005,.F.);
#1690=ORIENTED_EDGE('',*,*,#2008,.F.);
#1691=ORIENTED_EDGE('',*,*,#1994,.F.);
#1692=ORIENTED_EDGE('',*,*,#2001,.F.);
#1693=CARTESIAN_POINT('',(-2.286,0.0,0.0));
#1694=DIRECTION('',(1.0,0.0,0.0));
#1695=DIRECTION('',(0.0,1.0,0.0));
#1696=CARTESIAN_POINT('',(1.905,2.54,-7.62));
#1697=VECTOR('',#2011,7.112);
#1698=CARTESIAN_POINT('',(1.905,6.35,-14.224));
#1699=VECTOR('',#2012,1.27);
#1700=CARTESIAN_POINT('',(1.905,9.398,-5.08));
#1701=VECTOR('',#2013,1.778);
#1702=CARTESIAN_POINT('',(-1.905,2.54,-7.62));
#1703=VECTOR('',#2014,7.112);
#1704=CARTESIAN_POINT('',(-1.905,6.35,-14.224));
#1705=VECTOR('',#2015,1.27);
#1706=CARTESIAN_POINT('',(-1.905,9.398,-5.08));
#1707=VECTOR('',#2016,1.778);
#1708=EDGE_CURVE('',#2017,#2018,#2019,.T.);
#1709=EDGE_CURVE('',#2018,#2020,#2021,.T.);
#1710=EDGE_CURVE('',#2022,#2020,#2023,.T.);
#1711=EDGE_CURVE('',#2024,#2022,#2025,.T.);
#1712=EDGE_CURVE('',#2026,#2024,#2027,.T.);
#1713=EDGE_CURVE('',#2028,#2026,#2029,.T.);
#1714=EDGE_CURVE('',#2030,#2028,#2031,.T.);
#1715=EDGE_CURVE('',#2032,#2030,#2033,.T.);
#1716=EDGE_CURVE('',#2034,#2032,#2035,.T.);
#1717=EDGE_CURVE('',#2036,#2034,#2037,.T.);
#1718=EDGE_CURVE('',#2038,#2036,#2039,.T.);
#1719=EDGE_CURVE('',#2038,#2017,#2040,.T.);
#1720=EDGE_CURVE('',#2017,#2041,#2042,.T.);
#1721=EDGE_CURVE('',#2038,#2043,#2044,.T.);
#1722=EDGE_CURVE('',#2043,#2041,#2045,.T.);
#1723=EDGE_CURVE('',#2046,#2043,#2047,.T.);
#1724=EDGE_CURVE('',#2048,#2046,#2049,.T.);
#1725=EDGE_CURVE('',#2050,#2048,#2051,.T.);
#1726=EDGE_CURVE('',#2052,#2050,#2053,.T.);
#1727=EDGE_CURVE('',#2041,#2052,#2054,.T.);
#1728=EDGE_CURVE('',#2018,#2052,#2055,.T.);
#1729=EDGE_CURVE('',#2020,#2050,#2056,.T.);
#1730=EDGE_CURVE('',#2050,#2057,#2058,.T.);
#1731=EDGE_CURVE('',#2059,#2057,#2060,.T.);
#1732=EDGE_CURVE('',#2061,#2059,#2062,.T.);
#1733=EDGE_CURVE('',#2022,#2061,#2063,.T.);
#1734=EDGE_CURVE('',#2064,#2065,#2066,.T.);
#1735=EDGE_CURVE('',#2024,#2064,#2067,.T.);
#1736=EDGE_CURVE('',#2068,#2061,#2069,.T.);
#1737=EDGE_CURVE('',#2070,#2068,#2071,.T.);
#1738=EDGE_CURVE('',#2070,#2072,#2073,.T.);
#1739=EDGE_CURVE('',#2074,#2072,#2075,.T.);
#1740=EDGE_CURVE('',#2074,#2076,#2077,.T.);
#1741=EDGE_CURVE('',#2078,#2076,#2079,.T.);
#1742=EDGE_CURVE('',#2078,#2080,#2081,.T.);
#1743=EDGE_CURVE('',#2065,#2080,#2082,.T.);
#1744=EDGE_CURVE('',#2083,#2084,#2085,.T.);
#1745=EDGE_CURVE('',#2086,#2084,#2087,.T.);
#1746=EDGE_CURVE('',#2088,#2086,#2089,.T.);
#1747=EDGE_CURVE('',#2088,#2083,#2090,.T.);
#1748=EDGE_CURVE('',#2091,#2092,#2093,.T.);
#1749=EDGE_CURVE('',#2092,#2091,#2094,.T.);
#1750=EDGE_CURVE('',#2095,#2096,#2097,.T.);
#1751=EDGE_CURVE('',#2098,#2096,#2099,.T.);
#1752=EDGE_CURVE('',#2100,#2098,#2101,.T.);
#1753=EDGE_CURVE('',#2100,#2095,#2102,.T.);
#1754=EDGE_CURVE('',#2103,#2104,#2105,.T.);
#1755=EDGE_CURVE('',#2104,#2103,#2106,.T.);
#1756=EDGE_CURVE('',#2104,#2107,#2108,.T.);
#1757=EDGE_CURVE('',#2109,#2107,#2110,.T.);
#1758=EDGE_CURVE('',#2103,#2109,#2111,.T.);
#1759=EDGE_CURVE('',#2109,#2107,#2112,.T.);
#1760=EDGE_CURVE('',#2113,#2114,#2115,.T.);
#1761=EDGE_CURVE('',#2113,#2114,#2116,.T.);
#1762=EDGE_CURVE('',#2117,#2118,#2119,.T.);
#1763=EDGE_CURVE('',#2117,#2120,#2121,.T.);
#1764=EDGE_CURVE('',#2122,#2120,#2123,.T.);
#1765=EDGE_CURVE('',#2122,#2113,#2124,.T.);
#1766=EDGE_CURVE('',#2125,#2114,#2126,.T.);
#1767=EDGE_CURVE('',#2127,#2125,#2128,.T.);
#1768=EDGE_CURVE('',#2118,#2127,#2129,.T.);
#1769=EDGE_CURVE('',#2130,#2131,#2132,.T.);
#1770=EDGE_CURVE('',#2118,#2130,#2133,.T.);
#1771=EDGE_CURVE('',#2131,#2127,#2134,.T.);
#1772=EDGE_CURVE('',#2131,#2125,#2135,.T.);
#1773=EDGE_CURVE('',#2122,#2136,#2137,.T.);
#1774=EDGE_CURVE('',#2136,#2120,#2138,.T.);
#1775=EDGE_CURVE('',#2139,#2136,#2140,.T.);
#1776=EDGE_CURVE('',#2130,#2139,#2141,.T.);
#1777=EDGE_CURVE('',#2117,#2139,#2142,.T.);
#1778=EDGE_CURVE('',#2088,#2143,#2144,.T.);
#1779=EDGE_CURVE('',#2143,#2145,#2146,.T.);
#1780=EDGE_CURVE('',#2145,#2083,#2147,.T.);
#1781=EDGE_CURVE('',#2145,#2148,#2149,.T.);
#1782=EDGE_CURVE('',#2148,#2084,#2150,.T.);
#1783=EDGE_CURVE('',#2151,#2148,#2152,.T.);
#1784=EDGE_CURVE('',#2086,#2151,#2153,.T.);
#1785=EDGE_CURVE('',#2143,#2151,#2154,.T.);
#1786=EDGE_CURVE('',#2091,#2155,#2156,.T.);
#1787=EDGE_CURVE('',#2157,#2155,#2158,.T.);
#1788=EDGE_CURVE('',#2092,#2157,#2159,.T.);
#1789=EDGE_CURVE('',#2157,#2155,#2160,.T.);
#1790=EDGE_CURVE('',#2161,#2162,#2163,.T.);
#1791=EDGE_CURVE('',#2161,#2162,#2164,.T.);
#1792=EDGE_CURVE('',#2165,#2166,#2167,.T.);
#1793=EDGE_CURVE('',#2165,#2168,#2169,.T.);
#1794=EDGE_CURVE('',#2170,#2168,#2171,.T.);
#1795=EDGE_CURVE('',#2170,#2161,#2172,.T.);
#1796=EDGE_CURVE('',#2173,#2162,#2174,.T.);
#1797=EDGE_CURVE('',#2175,#2173,#2176,.T.);
#1798=EDGE_CURVE('',#2166,#2175,#2177,.T.);
#1799=EDGE_CURVE('',#2178,#2175,#2179,.T.);
#1800=EDGE_CURVE('',#2180,#2178,#2181,.T.);
#1801=EDGE_CURVE('',#2166,#2180,#2182,.T.);
#1802=EDGE_CURVE('',#2180,#2183,#2184,.T.);
#1803=EDGE_CURVE('',#2165,#2183,#2185,.T.);
#1804=EDGE_CURVE('',#2183,#2186,#2187,.T.);
#1805=EDGE_CURVE('',#2186,#2168,#2188,.T.);
#1806=EDGE_CURVE('',#2178,#2173,#2189,.T.);
#1807=EDGE_CURVE('',#2170,#2186,#2190,.T.);
#1808=EDGE_CURVE('',#2191,#2192,#2193,.T.);
#1809=EDGE_CURVE('',#2192,#2095,#2194,.T.);
#1810=EDGE_CURVE('',#2100,#2191,#2195,.T.);
#1811=EDGE_CURVE('',#2098,#2196,#2197,.T.);
#1812=EDGE_CURVE('',#2191,#2196,#2198,.T.);
#1813=EDGE_CURVE('',#2196,#2199,#2200,.T.);
#1814=EDGE_CURVE('',#2192,#2199,#2201,.T.);
#1815=EDGE_CURVE('',#2199,#2096,#2202,.T.);
#1816=EDGE_CURVE('',#2072,#2203,#2204,.T.);
#1817=EDGE_CURVE('',#2205,#2203,#2206,.T.);
#1818=EDGE_CURVE('',#2074,#2205,#2207,.T.);
#1819=EDGE_CURVE('',#2208,#2076,#2209,.T.);
#1820=EDGE_CURVE('',#2210,#2208,#2211,.T.);
#1821=EDGE_CURVE('',#2210,#2078,#2212,.T.);
#1822=EDGE_CURVE('',#2213,#2214,#2215,.T.);
#1823=EDGE_CURVE('',#2065,#2213,#2216,.T.);
#1824=EDGE_CURVE('',#2214,#2080,#2217,.T.);
#1825=EDGE_CURVE('',#2205,#2208,#2218,.T.);
#1826=EDGE_CURVE('',#2203,#2219,#2220,.T.);
#1827=EDGE_CURVE('',#2219,#2221,#2222,.T.);
#1828=EDGE_CURVE('',#2223,#2221,#2224,.T.);
#1829=EDGE_CURVE('',#2028,#2223,#2225,.T.);
#1830=EDGE_CURVE('',#2026,#2226,#2227,.T.);
#1831=EDGE_CURVE('',#2226,#2213,#2228,.T.);
#1832=EDGE_CURVE('',#2210,#2214,#2229,.T.);
#1833=EDGE_CURVE('',#2064,#2226,#2230,.T.);
#1834=EDGE_CURVE('',#2221,#2068,#2231,.T.);
#1835=EDGE_CURVE('',#2070,#2219,#2232,.T.);
#1836=EDGE_CURVE('',#2233,#2234,#2235,.T.);
#1837=EDGE_CURVE('',#2234,#2236,#2237,.T.);
#1838=EDGE_CURVE('',#2236,#2238,#2239,.T.);
#1839=EDGE_CURVE('',#2238,#2240,#2241,.T.);
#1840=EDGE_CURVE('',#2240,#2223,#2242,.T.);
#1841=EDGE_CURVE('',#2243,#2059,#2244,.T.);
#1842=EDGE_CURVE('',#2245,#2243,#2246,.T.);
#1843=EDGE_CURVE('',#2233,#2245,#2247,.T.);
#1844=EDGE_CURVE('',#2245,#2248,#2249,.T.);
#1845=EDGE_CURVE('',#2250,#2248,#2251,.T.);
#1846=EDGE_CURVE('',#2233,#2250,#2252,.T.);
#1847=EDGE_CURVE('',#2036,#2234,#2253,.T.);
#1848=EDGE_CURVE('',#2254,#2250,#2255,.T.);
#1849=EDGE_CURVE('',#2256,#2254,#2257,.T.);
#1850=EDGE_CURVE('',#2256,#2258,#2259,.T.);
#1851=EDGE_CURVE('',#2260,#2258,#2261,.T.);
#1852=EDGE_CURVE('',#2262,#2260,#2263,.T.);
#1853=EDGE_CURVE('',#2046,#2262,#2264,.T.);
#1854=EDGE_CURVE('',#2265,#2266,#2267,.T.);
#1855=EDGE_CURVE('',#2266,#2268,#2269,.T.);
#1856=EDGE_CURVE('',#2268,#2270,#2271,.T.);
#1857=EDGE_CURVE('',#2270,#2265,#2272,.T.);
#1858=EDGE_CURVE('',#2273,#2274,#2275,.T.);
#1859=EDGE_CURVE('',#2274,#2276,#2277,.T.);
#1860=EDGE_CURVE('',#2276,#2278,#2279,.T.);
#1861=EDGE_CURVE('',#2278,#2273,#2280,.T.);
#1862=EDGE_CURVE('',#2281,#2278,#2282,.T.);
#1863=EDGE_CURVE('',#2281,#2283,#2284,.T.);
#1864=EDGE_CURVE('',#2283,#2273,#2285,.T.);
#1865=EDGE_CURVE('',#2283,#2286,#2287,.T.);
#1866=EDGE_CURVE('',#2286,#2274,#2288,.T.);
#1867=EDGE_CURVE('',#2289,#2276,#2290,.T.);
#1868=EDGE_CURVE('',#2286,#2289,#2291,.T.);
#1869=EDGE_CURVE('',#2286,#2292,#2293,.T.);
#1870=EDGE_CURVE('',#2294,#2292,#2295,.T.);
#1871=EDGE_CURVE('',#2289,#2294,#2296,.T.);
#1872=EDGE_CURVE('',#2297,#2294,#2298,.T.);
#1873=EDGE_CURVE('',#2281,#2297,#2299,.T.);
#1874=EDGE_CURVE('',#2289,#2281,#2300,.T.);
#1875=EDGE_CURVE('',#2301,#2297,#2302,.T.);
#1876=EDGE_CURVE('',#2283,#2301,#2303,.T.);
#1877=EDGE_CURVE('',#2292,#2301,#2304,.T.);
#1878=EDGE_CURVE('',#2305,#2270,#2306,.T.);
#1879=EDGE_CURVE('',#2305,#2307,#2308,.T.);
#1880=EDGE_CURVE('',#2307,#2265,#2309,.T.);
#1881=EDGE_CURVE('',#2307,#2310,#2311,.T.);
#1882=EDGE_CURVE('',#2310,#2266,#2312,.T.);
#1883=EDGE_CURVE('',#2313,#2268,#2314,.T.);
#1884=EDGE_CURVE('',#2310,#2313,#2315,.T.);
#1885=EDGE_CURVE('',#2310,#2316,#2317,.T.);
#1886=EDGE_CURVE('',#2318,#2316,#2319,.T.);
#1887=EDGE_CURVE('',#2313,#2318,#2320,.T.);
#1888=EDGE_CURVE('',#2321,#2318,#2322,.T.);
#1889=EDGE_CURVE('',#2305,#2321,#2323,.T.);
#1890=EDGE_CURVE('',#2313,#2305,#2324,.T.);
#1891=EDGE_CURVE('',#2325,#2321,#2326,.T.);
#1892=EDGE_CURVE('',#2307,#2325,#2327,.T.);
#1893=EDGE_CURVE('',#2316,#2325,#2328,.T.);
#1894=EDGE_CURVE('',#2262,#2329,#2330,.T.);
#1895=EDGE_CURVE('',#2331,#2329,#2332,.T.);
#1896=EDGE_CURVE('',#2256,#2331,#2333,.T.);
#1897=EDGE_CURVE('',#2334,#2254,#2335,.T.);
#1898=EDGE_CURVE('',#2048,#2334,#2336,.T.);
#1899=EDGE_CURVE('',#2057,#2334,#2337,.T.);
#1900=EDGE_CURVE('',#2338,#2248,#2339,.T.);
#1901=EDGE_CURVE('',#2338,#2057,#2340,.T.);
#1902=EDGE_CURVE('',#2243,#2338,#2341,.T.);
#1903=EDGE_CURVE('',#2342,#2331,#2343,.T.);
#1904=EDGE_CURVE('',#2258,#2342,#2344,.T.);
#1905=EDGE_CURVE('',#2345,#2342,#2346,.T.);
#1906=EDGE_CURVE('',#2260,#2345,#2347,.T.);
#1907=EDGE_CURVE('',#2329,#2345,#2348,.T.);
#1908=EDGE_CURVE('',#2034,#2236,#2349,.T.);
#1909=EDGE_CURVE('',#2032,#2238,#2350,.T.);
#1910=EDGE_CURVE('',#2030,#2240,#2351,.T.);
#1911=EDGE_CURVE('',#2352,#2353,#2354,.T.);
#1912=EDGE_CURVE('',#2353,#2355,#2356,.T.);
#1913=EDGE_CURVE('',#2357,#2355,#2358,.T.);
#1914=EDGE_CURVE('',#2352,#2357,#2359,.T.);
#1915=EDGE_CURVE('',#2360,#2361,#2362,.T.);
#1916=EDGE_CURVE('',#2361,#2363,#2364,.T.);
#1917=EDGE_CURVE('',#2365,#2363,#2366,.T.);
#1918=EDGE_CURVE('',#2360,#2365,#2367,.T.);
#1919=EDGE_CURVE('',#2368,#2357,#2369,.T.);
#1920=EDGE_CURVE('',#2370,#2368,#2371,.T.);
#1921=EDGE_CURVE('',#2352,#2370,#2372,.T.);
#1922=EDGE_CURVE('',#2370,#2373,#2374,.T.);
#1923=EDGE_CURVE('',#2353,#2373,#2375,.T.);
#1924=EDGE_CURVE('',#2373,#2376,#2377,.T.);
#1925=EDGE_CURVE('',#2376,#2355,#2378,.T.);
#1926=EDGE_CURVE('',#2368,#2376,#2379,.T.);
#1927=EDGE_CURVE('',#2380,#2381,#2382,.T.);
#1928=EDGE_CURVE('',#2383,#2381,#2384,.T.);
#1929=EDGE_CURVE('',#2385,#2383,#2386,.T.);
#1930=EDGE_CURVE('',#2385,#2380,#2387,.T.);
#1931=EDGE_CURVE('',#2388,#2389,#2390,.T.);
#1932=EDGE_CURVE('',#2389,#2388,#2391,.T.);
#1933=EDGE_CURVE('',#2392,#2389,#2393,.T.);
#1934=EDGE_CURVE('',#2392,#2394,#2395,.T.);
#1935=EDGE_CURVE('',#2394,#2388,#2396,.T.);
#1936=EDGE_CURVE('',#2392,#2394,#2397,.T.);
#1937=EDGE_CURVE('',#2398,#2399,#2400,.T.);
#1938=EDGE_CURVE('',#2398,#2392,#2401,.T.);
#1939=EDGE_CURVE('',#2399,#2394,#2402,.T.);
#1940=EDGE_CURVE('',#2398,#2399,#2403,.T.);
#1941=EDGE_CURVE('',#2404,#2398,#2405,.T.);
#1942=EDGE_CURVE('',#2404,#2406,#2407,.T.);
#1943=EDGE_CURVE('',#2406,#2399,#2408,.T.);
#1944=EDGE_CURVE('',#2404,#2406,#2409,.T.);
#1945=EDGE_CURVE('',#2410,#2385,#2411,.T.);
#1946=EDGE_CURVE('',#2410,#2412,#2413,.T.);
#1947=EDGE_CURVE('',#2380,#2412,#2414,.T.);
#1948=EDGE_CURVE('',#2415,#2412,#2416,.T.);
#1949=EDGE_CURVE('',#2415,#2417,#2418,.T.);
#1950=EDGE_CURVE('',#2417,#2419,#2420,.T.);
#1951=EDGE_CURVE('',#2421,#2419,#2422,.T.);
#1952=EDGE_CURVE('',#2423,#2421,#2424,.T.);
#1953=EDGE_CURVE('',#2381,#2423,#2425,.T.);
#1954=EDGE_CURVE('',#2426,#2423,#2427,.T.);
#1955=EDGE_CURVE('',#2426,#2383,#2428,.T.);
#1956=EDGE_CURVE('',#2429,#2430,#2431,.T.);
#1957=EDGE_CURVE('',#2430,#2410,#2432,.T.);
#1958=EDGE_CURVE('',#2426,#2433,#2434,.T.);
#1959=EDGE_CURVE('',#2435,#2433,#2436,.T.);
#1960=EDGE_CURVE('',#2435,#2429,#2437,.T.);
#1961=EDGE_CURVE('',#2417,#2429,#2438,.T.);
#1962=EDGE_CURVE('',#2419,#2435,#2439,.T.);
#1963=EDGE_CURVE('',#2433,#2421,#2440,.T.);
#1964=EDGE_CURVE('',#2430,#2415,#2441,.T.);
#1965=EDGE_CURVE('',#2442,#2365,#2443,.T.);
#1966=EDGE_CURVE('',#2444,#2442,#2445,.T.);
#1967=EDGE_CURVE('',#2360,#2444,#2446,.T.);
#1968=EDGE_CURVE('',#2444,#2447,#2448,.T.);
#1969=EDGE_CURVE('',#2361,#2447,#2449,.T.);
#1970=EDGE_CURVE('',#2447,#2450,#2451,.T.);
#1971=EDGE_CURVE('',#2450,#2363,#2452,.T.);
#1972=EDGE_CURVE('',#2442,#2450,#2453,.T.);
#1973=EDGE_CURVE('',#2454,#2455,#2456,.T.);
#1974=EDGE_CURVE('',#2457,#2455,#2458,.T.);
#1975=EDGE_CURVE('',#2459,#2457,#2460,.T.);
#1976=EDGE_CURVE('',#2459,#2454,#2461,.T.);
#1977=EDGE_CURVE('',#2462,#2463,#2464,.T.);
#1978=EDGE_CURVE('',#2463,#2462,#2465,.T.);
#1979=EDGE_CURVE('',#2466,#2462,#2467,.T.);
#1980=EDGE_CURVE('',#2466,#2468,#2469,.T.);
#1981=EDGE_CURVE('',#2468,#2463,#2470,.T.);
#1982=EDGE_CURVE('',#2466,#2468,#2471,.T.);
#1983=EDGE_CURVE('',#2472,#2473,#2474,.T.);
#1984=EDGE_CURVE('',#2472,#2466,#2475,.T.);
#1985=EDGE_CURVE('',#2473,#2468,#2476,.T.);
#1986=EDGE_CURVE('',#2472,#2473,#2477,.T.);
#1987=EDGE_CURVE('',#2478,#2472,#2479,.T.);
#1988=EDGE_CURVE('',#2478,#2480,#2481,.T.);
#1989=EDGE_CURVE('',#2480,#2473,#2482,.T.);
#1990=EDGE_CURVE('',#2478,#2480,#2483,.T.);
#1991=EDGE_CURVE('',#2454,#2484,#2485,.T.);
#1992=EDGE_CURVE('',#2486,#2459,#2487,.T.);
#1993=EDGE_CURVE('',#2486,#2484,#2488,.T.);
#1994=EDGE_CURVE('',#2489,#2490,#2491,.T.);
#1995=EDGE_CURVE('',#2490,#2484,#2492,.T.);
#1996=EDGE_CURVE('',#2489,#2486,#2493,.T.);
#1997=EDGE_CURVE('',#2494,#2495,#2496,.T.);
#1998=EDGE_CURVE('',#2495,#2497,#2498,.T.);
#1999=EDGE_CURVE('',#2499,#2497,#2500,.T.);
#2000=EDGE_CURVE('',#2494,#2499,#2501,.T.);
#2001=EDGE_CURVE('',#2502,#2489,#2503,.T.);
#2002=EDGE_CURVE('',#2494,#2457,#2504,.T.);
#2003=EDGE_CURVE('',#2505,#2499,#2506,.T.);
#2004=EDGE_CURVE('',#2505,#2502,#2507,.T.);
#2005=EDGE_CURVE('',#2508,#2502,#2509,.T.);
#2006=EDGE_CURVE('',#2510,#2505,#2511,.T.);
#2007=EDGE_CURVE('',#2508,#2510,#2512,.T.);
#2008=EDGE_CURVE('',#2490,#2508,#2513,.T.);
#2009=EDGE_CURVE('',#2497,#2510,#2514,.T.);
#2010=EDGE_CURVE('',#2455,#2495,#2515,.T.);
#2011=DIRECTION('',(0.0,0.0,1.0));
#2012=DIRECTION('',(0.0,0.0,-1.0));
#2013=DIRECTION('',(0.0,1.0,0.0));
#2014=DIRECTION('',(0.0,0.0,1.0));
#2015=DIRECTION('',(0.0,0.0,-1.0));
#2016=DIRECTION('',(0.0,1.0,0.0));
#2017=VERTEX_POINT('',#2516);
#2018=VERTEX_POINT('',#2517);
#2019=LINE('',#2518,#2519);
#2020=VERTEX_POINT('',#2520);
#2021=LINE('',#2521,#2522);
#2022=VERTEX_POINT('',#2523);
#2023=LINE('',#2524,#2525);
#2024=VERTEX_POINT('',#2526);
#2025=LINE('',#2527,#2528);
#2026=VERTEX_POINT('',#2529);
#2027=LINE('',#2530,#2531);
#2028=VERTEX_POINT('',#2532);
#2029=LINE('',#2533,#2534);
#2030=VERTEX_POINT('',#2535);
#2031=LINE('',#2536,#2537);
#2032=VERTEX_POINT('',#2538);
#2033=LINE('',#2539,#2540);
#2034=VERTEX_POINT('',#2541);
#2035=LINE('',#2542,#2543);
#2036=VERTEX_POINT('',#2544);
#2037=LINE('',#2545,#2546);
#2038=VERTEX_POINT('',#2547);
#2039=LINE('',#2548,#2549);
#2040=LINE('',#2550,#2551);
#2041=VERTEX_POINT('',#2552);
#2042=LINE('',#2553,#2554);
#2043=VERTEX_POINT('',#2555);
#2044=LINE('',#2556,#2557);
#2045=LINE('',#2558,#2559);
#2046=VERTEX_POINT('',#2560);
#2047=LINE('',#2561,#2562);
#2048=VERTEX_POINT('',#2563);
#2049=LINE('',#2564,#2565);
#2050=VERTEX_POINT('',#2566);
#2051=LINE('',#2567,#2568);
#2052=VERTEX_POINT('',#2569);
#2053=LINE('',#2570,#2571);
#2054=LINE('',#2572,#2573);
#2055=LINE('',#2574,#2575);
#2056=LINE('',#2576,#2577);
#2057=VERTEX_POINT('',#2578);
#2058=LINE('',#2579,#2580);
#2059=VERTEX_POINT('',#2581);
#2060=LINE('',#2582,#2583);
#2061=VERTEX_POINT('',#2584);
#2062=LINE('',#2585,#2586);
#2063=LINE('',#2587,#2588);
#2064=VERTEX_POINT('',#2589);
#2065=VERTEX_POINT('',#2590);
#2066=LINE('',#2591,#2592);
#2067=LINE('',#2593,#2594);
#2068=VERTEX_POINT('',#2595);
#2069=LINE('',#2596,#2597);
#2070=VERTEX_POINT('',#2598);
#2071=LINE('',#2599,#2600);
#2072=VERTEX_POINT('',#2601);
#2073=LINE('',#2602,#2603);
#2074=VERTEX_POINT('',#2604);
#2075=LINE('',#2605,#2606);
#2076=VERTEX_POINT('',#2607);
#2077=CIRCLE('',#2608,2.54);
#2078=VERTEX_POINT('',#2609);
#2079=LINE('',#2610,#2611);
#2080=VERTEX_POINT('',#2612);
#2081=CIRCLE('',#2613,2.54);
#2082=LINE('',#2614,#2615);
#2083=VERTEX_POINT('',#2616);
#2084=VERTEX_POINT('',#2617);
#2085=LINE('',#2618,#2619);
#2086=VERTEX_POINT('',#2620);
#2087=LINE('',#2621,#2622);
#2088=VERTEX_POINT('',#2623);
#2089=LINE('',#2624,#2625);
#2090=LINE('',#2626,#2627);
#2091=VERTEX_POINT('',#2628);
#2092=VERTEX_POINT('',#2629);
#2093=CIRCLE('',#2630,1.016);
#2094=CIRCLE('',#2631,1.016);
#2095=VERTEX_POINT('',#2632);
#2096=VERTEX_POINT('',#2633);
#2097=LINE('',#2634,#2635);
#2098=VERTEX_POINT('',#2636);
#2099=LINE('',#2637,#2638);
#2100=VERTEX_POINT('',#2639);
#2101=LINE('',#2640,#2641);
#2102=LINE('',#2642,#2643);
#2103=VERTEX_POINT('',#2644);
#2104=VERTEX_POINT('',#2645);
#2105=CIRCLE('',#2646,1.016);
#2106=CIRCLE('',#2647,1.016);
#2107=VERTEX_POINT('',#2648);
#2108=LINE('',#2649,#2650);
#2109=VERTEX_POINT('',#2651);
#2110=CIRCLE('',#2652,1.016);
#2111=LINE('',#2653,#2654);
#2112=CIRCLE('',#2655,1.016);
#2113=VERTEX_POINT('',#2656);
#2114=VERTEX_POINT('',#2657);
#2115=CIRCLE('',#2658,0.8255);
#2116=CIRCLE('',#2659,0.8255);
#2117=VERTEX_POINT('',#2660);
#2118=VERTEX_POINT('',#2661);
#2119=CIRCLE('',#2662,0.8255);
#2120=VERTEX_POINT('',#2663);
#2121=LINE('',#2664,#2665);
#2122=VERTEX_POINT('',#2666);
#2123=CIRCLE('',#2667,0.8255);
#2124=LINE('',#2668,#2669);
#2125=VERTEX_POINT('',#2670);
#2126=LINE('',#2671,#2672);
#2127=VERTEX_POINT('',#2673);
#2128=CIRCLE('',#2674,0.8255);
#2129=LINE('',#2675,#2676);
#2130=VERTEX_POINT('',#2677);
#2131=VERTEX_POINT('',#2678);
#2132=LINE('',#2679,#2680);
#2133=LINE('',#2681,#2682);
#2134=LINE('',#2683,#2684);
#2135=CIRCLE('',#2685,0.8255);
#2136=VERTEX_POINT('',#2686);
#2137=CIRCLE('',#2687,0.8255);
#2138=LINE('',#2688,#2689);
#2139=VERTEX_POINT('',#2690);
#2140=LINE('',#2691,#2692);
#2141=CIRCLE('',#2693,0.8255);
#2142=LINE('',#2694,#2695);
#2143=VERTEX_POINT('',#2696);
#2144=LINE('',#2697,#2698);
#2145=VERTEX_POINT('',#2699);
#2146=LINE('',#2700,#2701);
#2147=LINE('',#2702,#2703);
#2148=VERTEX_POINT('',#2704);
#2149=LINE('',#2705,#2706);
#2150=LINE('',#2707,#2708);
#2151=VERTEX_POINT('',#2709);
#2152=LINE('',#2710,#2711);
#2153=LINE('',#2712,#2713);
#2154=LINE('',#2714,#2715);
#2155=VERTEX_POINT('',#2716);
#2156=LINE('',#2717,#2718);
#2157=VERTEX_POINT('',#2719);
#2158=CIRCLE('',#2720,1.016);
#2159=LINE('',#2721,#2722);
#2160=CIRCLE('',#2723,1.016);
#2161=VERTEX_POINT('',#2724);
#2162=VERTEX_POINT('',#2725);
#2163=CIRCLE('',#2726,0.8255);
#2164=CIRCLE('',#2727,0.8255);
#2165=VERTEX_POINT('',#2728);
#2166=VERTEX_POINT('',#2729);
#2167=CIRCLE('',#2730,0.8255);
#2168=VERTEX_POINT('',#2731);
#2169=LINE('',#2732,#2733);
#2170=VERTEX_POINT('',#2734);
#2171=CIRCLE('',#2735,0.8255);
#2172=LINE('',#2736,#2737);
#2173=VERTEX_POINT('',#2738);
#2174=LINE('',#2739,#2740);
#2175=VERTEX_POINT('',#2741);
#2176=CIRCLE('',#2742,0.8255);
#2177=LINE('',#2743,#2744);
#2178=VERTEX_POINT('',#2745);
#2179=LINE('',#2746,#2747);
#2180=VERTEX_POINT('',#2748);
#2181=LINE('',#2749,#2750);
#2182=LINE('',#2751,#2752);
#2183=VERTEX_POINT('',#2753);
#2184=CIRCLE('',#2754,0.8255);
#2185=LINE('',#2755,#2756);
#2186=VERTEX_POINT('',#2757);
#2187=LINE('',#2758,#2759);
#2188=LINE('',#2760,#2761);
#2189=CIRCLE('',#2762,0.8255);
#2190=CIRCLE('',#2763,0.8255);
#2191=VERTEX_POINT('',#2764);
#2192=VERTEX_POINT('',#2765);
#2193=LINE('',#2766,#2767);
#2194=LINE('',#2768,#2769);
#2195=LINE('',#2770,#2771);
#2196=VERTEX_POINT('',#2772);
#2197=LINE('',#2773,#2774);
#2198=LINE('',#2775,#2776);
#2199=VERTEX_POINT('',#2777);
#2200=LINE('',#2778,#2779);
#2201=LINE('',#2780,#2781);
#2202=LINE('',#2782,#2783);
#2203=VERTEX_POINT('',#2784);
#2204=LINE('',#2785,#2786);
#2205=VERTEX_POINT('',#2787);
#2206=LINE('',#2788,#2789);
#2207=LINE('',#2790,#2791);
#2208=VERTEX_POINT('',#2792);
#2209=LINE('',#2793,#2794);
#2210=VERTEX_POINT('',#2795);
#2211=LINE('',#2796,#2797);
#2212=LINE('',#2798,#2799);
#2213=VERTEX_POINT('',#2800);
#2214=VERTEX_POINT('',#2801);
#2215=LINE('',#2802,#2803);
#2216=LINE('',#2804,#2805);
#2217=LINE('',#2806,#2807);
#2218=CIRCLE('',#2808,2.54);
#2219=VERTEX_POINT('',#2809);
#2220=LINE('',#2810,#2811);
#2221=VERTEX_POINT('',#2812);
#2222=LINE('',#2813,#2814);
#2223=VERTEX_POINT('',#2815);
#2224=LINE('',#2816,#2817);
#2225=LINE('',#2818,#2819);
#2226=VERTEX_POINT('',#2820);
#2227=LINE('',#2821,#2822);
#2228=LINE('',#2823,#2824);
#2229=CIRCLE('',#2825,2.54);
#2230=LINE('',#2826,#2827);
#2231=LINE('',#2828,#2829);
#2232=LINE('',#2830,#2831);
#2233=VERTEX_POINT('',#2832);
#2234=VERTEX_POINT('',#2833);
#2235=LINE('',#2834,#2835);
#2236=VERTEX_POINT('',#2836);
#2237=LINE('',#2837,#2838);
#2238=VERTEX_POINT('',#2839);
#2239=LINE('',#2840,#2841);
#2240=VERTEX_POINT('',#2842);
#2241=LINE('',#2843,#2844);
#2242=LINE('',#2845,#2846);
#2243=VERTEX_POINT('',#2847);
#2244=LINE('',#2848,#2849);
#2245=VERTEX_POINT('',#2850);
#2246=LINE('',#2851,#2852);
#2247=LINE('',#2853,#2854);
#2248=VERTEX_POINT('',#2855);
#2249=LINE('',#2856,#2857);
#2250=VERTEX_POINT('',#2858);
#2251=LINE('',#2859,#2860);
#2252=LINE('',#2861,#2862);
#2253=LINE('',#2863,#2864);
#2254=VERTEX_POINT('',#2865);
#2255=LINE('',#2866,#2867);
#2256=VERTEX_POINT('',#2868);
#2257=LINE('',#2869,#2870);
#2258=VERTEX_POINT('',#2871);
#2259=LINE('',#2872,#2873);
#2260=VERTEX_POINT('',#2874);
#2261=LINE('',#2875,#2876);
#2262=VERTEX_POINT('',#2877);
#2263=LINE('',#2878,#2879);
#2264=LINE('',#2880,#2881);
#2265=VERTEX_POINT('',#2882);
#2266=VERTEX_POINT('',#2883);
#2267=LINE('',#2884,#2885);
#2268=VERTEX_POINT('',#2886);
#2269=LINE('',#2887,#2888);
#2270=VERTEX_POINT('',#2889);
#2271=LINE('',#2890,#2891);
#2272=LINE('',#2892,#2893);
#2273=VERTEX_POINT('',#2894);
#2274=VERTEX_POINT('',#2895);
#2275=LINE('',#2896,#2897);
#2276=VERTEX_POINT('',#2898);
#2277=LINE('',#2899,#2900);
#2278=VERTEX_POINT('',#2901);
#2279=LINE('',#2902,#2903);
#2280=LINE('',#2904,#2905);
#2281=VERTEX_POINT('',#2906);
#2282=LINE('',#2907,#2908);
#2283=VERTEX_POINT('',#2909);
#2284=LINE('',#2910,#2911);
#2285=LINE('',#2912,#2913);
#2286=VERTEX_POINT('',#2914);
#2287=LINE('',#2915,#2916);
#2288=LINE('',#2917,#2918);
#2289=VERTEX_POINT('',#2919);
#2290=LINE('',#2920,#2921);
#2291=LINE('',#2922,#2923);
#2292=VERTEX_POINT('',#2924);
#2293=LINE('',#2925,#2926);
#2294=VERTEX_POINT('',#2927);
#2295=LINE('',#2928,#2929);
#2296=LINE('',#2930,#2931);
#2297=VERTEX_POINT('',#2932);
#2298=LINE('',#2933,#2934);
#2299=LINE('',#2935,#2936);
#2300=LINE('',#2937,#2938);
#2301=VERTEX_POINT('',#2939);
#2302=LINE('',#2940,#2941);
#2303=LINE('',#2942,#2943);
#2304=LINE('',#2944,#2945);
#2305=VERTEX_POINT('',#2946);
#2306=LINE('',#2947,#2948);
#2307=VERTEX_POINT('',#2949);
#2308=LINE('',#2950,#2951);
#2309=LINE('',#2952,#2953);
#2310=VERTEX_POINT('',#2954);
#2311=LINE('',#2955,#2956);
#2312=LINE('',#2957,#2958);
#2313=VERTEX_POINT('',#2959);
#2314=LINE('',#2960,#2961);
#2315=LINE('',#2962,#2963);
#2316=VERTEX_POINT('',#2964);
#2317=LINE('',#2965,#2966);
#2318=VERTEX_POINT('',#2967);
#2319=LINE('',#2968,#2969);
#2320=LINE('',#2970,#2971);
#2321=VERTEX_POINT('',#2972);
#2322=LINE('',#2973,#2974);
#2323=LINE('',#2975,#2976);
#2324=LINE('',#2977,#2978);
#2325=VERTEX_POINT('',#2979);
#2326=LINE('',#2980,#2981);
#2327=LINE('',#2982,#2983);
#2328=LINE('',#2984,#2985);
#2329=VERTEX_POINT('',#2986);
#2330=LINE('',#2987,#2988);
#2331=VERTEX_POINT('',#2989);
#2332=LINE('',#2990,#2991);
#2333=LINE('',#2992,#2993);
#2334=VERTEX_POINT('',#2994);
#2335=LINE('',#2995,#2996);
#2336=LINE('',#2997,#2998);
#2337=LINE('',#2999,#3000);
#2338=VERTEX_POINT('',#3001);
#2339=LINE('',#3002,#3003);
#2340=LINE('',#3004,#3005);
#2341=LINE('',#3006,#3007);
#2342=VERTEX_POINT('',#3008);
#2343=LINE('',#3009,#3010);
#2344=LINE('',#3011,#3012);
#2345=VERTEX_POINT('',#3013);
#2346=LINE('',#3014,#3015);
#2347=LINE('',#3016,#3017);
#2348=LINE('',#3018,#3019);
#2349=LINE('',#3020,#3021);
#2350=LINE('',#3022,#3023);
#2351=LINE('',#3024,#3025);
#2352=VERTEX_POINT('',#3026);
#2353=VERTEX_POINT('',#3027);
#2354=LINE('',#3028,#3029);
#2355=VERTEX_POINT('',#3030);
#2356=LINE('',#3031,#3032);
#2357=VERTEX_POINT('',#3033);
#2358=LINE('',#3034,#3035);
#2359=LINE('',#3036,#3037);
#2360=VERTEX_POINT('',#3038);
#2361=VERTEX_POINT('',#3039);
#2362=LINE('',#3040,#3041);
#2363=VERTEX_POINT('',#3042);
#2364=LINE('',#3043,#3044);
#2365=VERTEX_POINT('',#3045);
#2366=LINE('',#3046,#3047);
#2367=LINE('',#3048,#3049);
#2368=VERTEX_POINT('',#3050);
#2369=LINE('',#3051,#3052);
#2370=VERTEX_POINT('',#3053);
#2371=LINE('',#3054,#3055);
#2372=LINE('',#3056,#3057);
#2373=VERTEX_POINT('',#3058);
#2374=LINE('',#3059,#3060);
#2375=LINE('',#3061,#3062);
#2376=VERTEX_POINT('',#3063);
#2377=LINE('',#3064,#3065);
#2378=LINE('',#3066,#3067);
#2379=LINE('',#3068,#3069);
#2380=VERTEX_POINT('',#3070);
#2381=VERTEX_POINT('',#3071);
#2382=LINE('',#3072,#3073);
#2383=VERTEX_POINT('',#3074);
#2384=LINE('',#3075,#3076);
#2385=VERTEX_POINT('',#3077);
#2386=LINE('',#3078,#3079);
#2387=LINE('',#3080,#3081);
#2388=VERTEX_POINT('',#3082);
#2389=VERTEX_POINT('',#3083);
#2390=CIRCLE('',#3084,0.762);
#2391=CIRCLE('',#3085,0.762);
#2392=VERTEX_POINT('',#3086);
#2393=LINE('',#3087,#3088);
#2394=VERTEX_POINT('',#3089);
#2395=CIRCLE('',#3090,0.762);
#2396=LINE('',#3091,#3092);
#2397=CIRCLE('',#3093,0.762);
#2398=VERTEX_POINT('',#3094);
#2399=VERTEX_POINT('',#3095);
#2400=CIRCLE('',#3096,0.5715);
#2401=LINE('',#3097,#3098);
#2402=LINE('',#3099,#3100);
#2403=CIRCLE('',#3101,0.5715);
#2404=VERTEX_POINT('',#3102);
#2405=LINE('',#3103,#3104);
#2406=VERTEX_POINT('',#3105);
#2407=CIRCLE('',#3106,0.5715);
#2408=LINE('',#3107,#3108);
#2409=CIRCLE('',#3109,0.5715);
#2410=VERTEX_POINT('',#3110);
#2411=LINE('',#3111,#3112);
#2412=VERTEX_POINT('',#3113);
#2413=LINE('',#3114,#3115);
#2414=LINE('',#3116,#3117);
#2415=VERTEX_POINT('',#3118);
#2416=LINE('',#3119,#3120);
#2417=VERTEX_POINT('',#3121);
#2418=LINE('',#3122,#3123);
#2419=VERTEX_POINT('',#3124);
#2420=LINE('',#3125,#3126);
#2421=VERTEX_POINT('',#3127);
#2422=LINE('',#3128,#3129);
#2423=VERTEX_POINT('',#3130);
#2424=LINE('',#3131,#3132);
#2425=LINE('',#3133,#3134);
#2426=VERTEX_POINT('',#3135);
#2427=LINE('',#3136,#3137);
#2428=LINE('',#3138,#3139);
#2429=VERTEX_POINT('',#3140);
#2430=VERTEX_POINT('',#3141);
#2431=LINE('',#3142,#3143);
#2432=LINE('',#3144,#3145);
#2433=VERTEX_POINT('',#3146);
#2434=LINE('',#3147,#3148);
#2435=VERTEX_POINT('',#3149);
#2436=LINE('',#3150,#3151);
#2437=LINE('',#3152,#3153);
#2438=LINE('',#3154,#3155);
#2439=LINE('',#3156,#3157);
#2440=LINE('',#3158,#3159);
#2441=LINE('',#3160,#3161);
#2442=VERTEX_POINT('',#3162);
#2443=LINE('',#3163,#3164);
#2444=VERTEX_POINT('',#3165);
#2445=LINE('',#3166,#3167);
#2446=LINE('',#3168,#3169);
#2447=VERTEX_POINT('',#3170);
#2448=LINE('',#3171,#3172);
#2449=LINE('',#3173,#3174);
#2450=VERTEX_POINT('',#3175);
#2451=LINE('',#3176,#3177);
#2452=LINE('',#3178,#3179);
#2453=LINE('',#3180,#3181);
#2454=VERTEX_POINT('',#3182);
#2455=VERTEX_POINT('',#3183);
#2456=LINE('',#3184,#3185);
#2457=VERTEX_POINT('',#3186);
#2458=LINE('',#3187,#3188);
#2459=VERTEX_POINT('',#3189);
#2460=LINE('',#3190,#3191);
#2461=LINE('',#3192,#3193);
#2462=VERTEX_POINT('',#3194);
#2463=VERTEX_POINT('',#3195);
#2464=CIRCLE('',#3196,0.762);
#2465=CIRCLE('',#3197,0.762);
#2466=VERTEX_POINT('',#3198);
#2467=LINE('',#3199,#3200);
#2468=VERTEX_POINT('',#3201);
#2469=CIRCLE('',#3202,0.762);
#2470=LINE('',#3203,#3204);
#2471=CIRCLE('',#3205,0.762);
#2472=VERTEX_POINT('',#3206);
#2473=VERTEX_POINT('',#3207);
#2474=CIRCLE('',#3208,0.5715);
#2475=LINE('',#3209,#3210);
#2476=LINE('',#3211,#3212);
#2477=CIRCLE('',#3213,0.5715);
#2478=VERTEX_POINT('',#3214);
#2479=LINE('',#3215,#3216);
#2480=VERTEX_POINT('',#3217);
#2481=CIRCLE('',#3218,0.5715);
#2482=LINE('',#3219,#3220);
#2483=CIRCLE('',#3221,0.5715);
#2484=VERTEX_POINT('',#3222);
#2485=LINE('',#3223,#3224);
#2486=VERTEX_POINT('',#3225);
#2487=LINE('',#3226,#3227);
#2488=LINE('',#3228,#3229);
#2489=VERTEX_POINT('',#3230);
#2490=VERTEX_POINT('',#3231);
#2491=LINE('',#3232,#3233);
#2492=LINE('',#3234,#3235);
#2493=LINE('',#3236,#3237);
#2494=VERTEX_POINT('',#3238);
#2495=VERTEX_POINT('',#3239);
#2496=LINE('',#3240,#3241);
#2497=VERTEX_POINT('',#3242);
#2498=LINE('',#3243,#3244);
#2499=VERTEX_POINT('',#3245);
#2500=LINE('',#3246,#3247);
#2501=LINE('',#3248,#3249);
#2502=VERTEX_POINT('',#3250);
#2503=LINE('',#3251,#3252);
#2504=LINE('',#3253,#3254);
#2505=VERTEX_POINT('',#3255);
#2506=LINE('',#3256,#3257);
#2507=LINE('',#3258,#3259);
#2508=VERTEX_POINT('',#3260);
#2509=LINE('',#3261,#3262);
#2510=VERTEX_POINT('',#3263);
#2511=LINE('',#3264,#3265);
#2512=LINE('',#3266,#3267);
#2513=LINE('',#3268,#3269);
#2514=LINE('',#3270,#3271);
#2515=LINE('',#3272,#3273);
#2516=CARTESIAN_POINT('',(-4.191,0.508,-2.54));
#2517=CARTESIAN_POINT('',(-4.191,10.668,-2.54));
#2518=CARTESIAN_POINT('',(-4.191,0.508,-2.54));
#2519=VECTOR('',#3274,10.16);
#2520=CARTESIAN_POINT('',(-4.191,10.668,-1.778));
#2521=CARTESIAN_POINT('',(-4.191,10.668,-2.54));
#2522=VECTOR('',#3275,0.762);
#2523=CARTESIAN_POINT('',(-4.191,11.176,-1.778));
#2524=CARTESIAN_POINT('',(-4.191,11.176,-1.778));
#2525=VECTOR('',#3276,0.508);
#2526=CARTESIAN_POINT('',(-4.191,11.176,-7.366));
#2527=CARTESIAN_POINT('',(-4.191,11.176,-7.366));
#2528=VECTOR('',#3277,5.588);
#2529=CARTESIAN_POINT('',(-4.191,9.398,-7.366));
#2530=CARTESIAN_POINT('',(-4.191,9.398,-7.366));
#2531=VECTOR('',#3278,1.778);
#2532=CARTESIAN_POINT('',(-4.191,9.398,-8.89));
#2533=CARTESIAN_POINT('',(-4.191,9.398,-8.89));
#2534=VECTOR('',#3279,1.524);
#2535=CARTESIAN_POINT('',(-4.191,1.016,-8.89));
#2536=CARTESIAN_POINT('',(-4.191,1.016,-8.89));
#2537=VECTOR('',#3280,8.382);
#2538=CARTESIAN_POINT('',(-4.191,1.016,-8.128));
#2539=CARTESIAN_POINT('',(-4.191,1.016,-8.128));
#2540=VECTOR('',#3281,0.762);
#2541=CARTESIAN_POINT('',(-4.191,0.0,-8.128));
#2542=CARTESIAN_POINT('',(-4.191,0.0,-8.128));
#2543=VECTOR('',#3282,1.016);
#2544=CARTESIAN_POINT('',(-4.191,0.0,0.0));
#2545=CARTESIAN_POINT('',(-4.191,0.0,0.0));
#2546=VECTOR('',#3283,8.128);
#2547=CARTESIAN_POINT('',(-4.191,0.508,0.0));
#2548=CARTESIAN_POINT('',(-4.191,0.508,0.0));
#2549=VECTOR('',#3284,0.508);
#2550=CARTESIAN_POINT('',(-4.191,0.508,0.0));
#2551=VECTOR('',#3285,2.54);
#2552=CARTESIAN_POINT('',(-4.064,0.508,-2.54));
#2553=CARTESIAN_POINT('',(-4.191,0.508,-2.54));
#2554=VECTOR('',#3286,0.127);
#2555=CARTESIAN_POINT('',(-4.064,0.508,0.0));
#2556=CARTESIAN_POINT('',(-4.191,0.508,0.0));
#2557=VECTOR('',#3287,0.127);
#2558=CARTESIAN_POINT('',(-4.064,0.508,0.0));
#2559=VECTOR('',#3288,2.54);
#2560=CARTESIAN_POINT('',(-4.064,7.112,0.0));
#2561=CARTESIAN_POINT('',(-4.064,7.112,0.0));
#2562=VECTOR('',#3289,6.604);
#2563=CARTESIAN_POINT('',(-4.064,7.112,-0.508));
#2564=CARTESIAN_POINT('',(-4.064,7.112,-0.508));
#2565=VECTOR('',#3290,0.508);
#2566=CARTESIAN_POINT('',(-4.064,10.668,-1.778));
#2567=CARTESIAN_POINT('',(-4.064,10.668,-1.778));
#2568=VECTOR('',#3291,3.77598146181928);
#2569=CARTESIAN_POINT('',(-4.064,10.668,-2.54));
#2570=CARTESIAN_POINT('',(-4.064,10.668,-2.54));
#2571=VECTOR('',#3292,0.762);
#2572=CARTESIAN_POINT('',(-4.064,0.508,-2.54));
#2573=VECTOR('',#3293,10.16);
#2574=CARTESIAN_POINT('',(-4.191,10.668,-2.54));
#2575=VECTOR('',#3294,0.127);
#2576=CARTESIAN_POINT('',(-4.191,10.668,-1.778));
#2577=VECTOR('',#3295,0.127);
#2578=CARTESIAN_POINT('',(4.064,10.668,-1.778));
#2579=CARTESIAN_POINT('',(-4.064,10.668,-1.778));
#2580=VECTOR('',#3296,8.128);
#2581=CARTESIAN_POINT('',(4.191,10.668,-1.778));
#2582=CARTESIAN_POINT('',(4.191,10.668,-1.778));
#2583=VECTOR('',#3297,0.127);
#2584=CARTESIAN_POINT('',(4.191,11.176,-1.778));
#2585=CARTESIAN_POINT('',(4.191,11.176,-1.778));
#2586=VECTOR('',#3298,0.508);
#2587=CARTESIAN_POINT('',(-4.191,11.176,-1.778));
#2588=VECTOR('',#3299,8.382);
#2589=CARTESIAN_POINT('',(-3.683,11.176,-7.366));
#2590=CARTESIAN_POINT('',(-3.683,11.176,-6.35));
#2591=CARTESIAN_POINT('',(-3.683,11.176,-7.366));
#2592=VECTOR('',#3300,1.016);
#2593=CARTESIAN_POINT('',(-4.191,11.176,-7.366));
#2594=VECTOR('',#3301,0.508);
#2595=CARTESIAN_POINT('',(4.191,11.176,-7.366));
#2596=CARTESIAN_POINT('',(4.191,11.176,-7.366));
#2597=VECTOR('',#3302,5.588);
#2598=CARTESIAN_POINT('',(3.683,11.176,-7.366));
#2599=CARTESIAN_POINT('',(3.683,11.176,-7.366));
#2600=VECTOR('',#3303,0.508);
#2601=CARTESIAN_POINT('',(3.683,11.176,-6.35));
#2602=CARTESIAN_POINT('',(3.683,11.176,-7.366));
#2603=VECTOR('',#3304,1.016);
#2604=CARTESIAN_POINT('',(3.302,11.176,-6.35));
#2605=CARTESIAN_POINT('',(3.302,11.176,-6.35));
#2606=VECTOR('',#3305,0.381);
#2607=CARTESIAN_POINT('',(0.508,11.176,-6.35));
#2608=AXIS2_PLACEMENT_3D('',#3306,#3307,#3308);
#2609=CARTESIAN_POINT('',(-0.508,11.176,-6.35));
#2610=CARTESIAN_POINT('',(-0.508,11.176,-6.35));
#2611=VECTOR('',#3309,1.016);
#2612=CARTESIAN_POINT('',(-3.302,11.176,-6.35));
#2613=AXIS2_PLACEMENT_3D('',#3310,#3311,#3312);
#2614=CARTESIAN_POINT('',(-3.683,11.176,-6.35));
#2615=VECTOR('',#3313,0.381);
#2616=CARTESIAN_POINT('',(1.016,11.176,-3.302));
#2617=CARTESIAN_POINT('',(2.794,11.176,-3.302));
#2618=CARTESIAN_POINT('',(1.016,11.176,-3.302));
#2619=VECTOR('',#3314,1.778);
#2620=CARTESIAN_POINT('',(2.794,11.176,-2.667));
#2621=CARTESIAN_POINT('',(2.794,11.176,-2.667));
#2622=VECTOR('',#3315,0.635);
#2623=CARTESIAN_POINT('',(1.016,11.176,-2.667));
#2624=CARTESIAN_POINT('',(1.016,11.176,-2.667));
#2625=VECTOR('',#3316,1.778);
#2626=CARTESIAN_POINT('',(1.016,11.176,-2.667));
#2627=VECTOR('',#3317,0.635);
#2628=CARTESIAN_POINT('',(-1.905,11.176,-4.064));
#2629=CARTESIAN_POINT('',(-1.905,11.176,-6.096));
#2630=AXIS2_PLACEMENT_3D('',#3318,#3319,#3320);
#2631=AXIS2_PLACEMENT_3D('',#3321,#3322,#3323);
#2632=CARTESIAN_POINT('',(-2.794,11.176,-3.302));
#2633=CARTESIAN_POINT('',(-1.016,11.176,-3.302));
#2634=CARTESIAN_POINT('',(-2.794,11.176,-3.302));
#2635=VECTOR('',#3324,1.778);
#2636=CARTESIAN_POINT('',(-1.016,11.176,-2.667));
#2637=CARTESIAN_POINT('',(-1.016,11.176,-2.667));
#2638=VECTOR('',#3325,0.635);
#2639=CARTESIAN_POINT('',(-2.794,11.176,-2.667));
#2640=CARTESIAN_POINT('',(-2.794,11.176,-2.667));
#2641=VECTOR('',#3326,1.778);
#2642=CARTESIAN_POINT('',(-2.794,11.176,-2.667));
#2643=VECTOR('',#3327,0.635);
#2644=CARTESIAN_POINT('',(1.905,11.176,-6.096));
#2645=CARTESIAN_POINT('',(1.905,11.176,-4.064));
#2646=AXIS2_PLACEMENT_3D('',#3328,#3329,#3330);
#2647=AXIS2_PLACEMENT_3D('',#3331,#3332,#3333);
#2648=CARTESIAN_POINT('',(1.905,9.398,-4.064));
#2649=CARTESIAN_POINT('',(1.905,11.176,-4.064));
#2650=VECTOR('',#3334,1.778);
#2651=CARTESIAN_POINT('',(1.905,9.398,-6.096));
#2652=AXIS2_PLACEMENT_3D('',#3335,#3336,#3337);
#2653=CARTESIAN_POINT('',(1.905,11.176,-6.096));
#2654=VECTOR('',#3338,1.778);
#2655=AXIS2_PLACEMENT_3D('',#3339,#3340,#3341);
#2656=CARTESIAN_POINT('',(1.905,9.398,-5.9055));
#2657=CARTESIAN_POINT('',(1.905,9.398,-4.2545));
#2658=AXIS2_PLACEMENT_3D('',#3342,#3343,#3344);
#2659=AXIS2_PLACEMENT_3D('',#3345,#3346,#3347);
#2660=CARTESIAN_POINT('',(1.10178147431733,9.7282,-5.2705));
#2661=CARTESIAN_POINT('',(1.10178147431733,9.7282,-4.8895));
#2662=AXIS2_PLACEMENT_3D('',#3348,#3349,#3350);
#2663=CARTESIAN_POINT('',(1.10178147431733,10.033,-5.2705));
#2664=CARTESIAN_POINT('',(1.10178147431733,9.7282,-5.2705));
#2665=VECTOR('',#3351,0.3048);
#2666=CARTESIAN_POINT('',(1.905,10.033,-5.9055));
#2667=AXIS2_PLACEMENT_3D('',#3352,#3353,#3354);
#2668=CARTESIAN_POINT('',(1.905,10.033,-5.9055));
#2669=VECTOR('',#3355,0.635);
#2670=CARTESIAN_POINT('',(1.905,10.033,-4.2545));
#2671=CARTESIAN_POINT('',(1.905,10.033,-4.2545));
#2672=VECTOR('',#3356,0.635);
#2673=CARTESIAN_POINT('',(1.10178147431733,10.033,-4.8895));
#2674=AXIS2_PLACEMENT_3D('',#3357,#3358,#3359);
#2675=CARTESIAN_POINT('',(1.10178147431733,9.7282,-4.8895));
#2676=VECTOR('',#3360,0.3048);
#2677=CARTESIAN_POINT('',(2.70821852568318,9.7282,-4.8895));
#2678=CARTESIAN_POINT('',(2.70821852568318,10.033,-4.8895));
#2679=CARTESIAN_POINT('',(2.70821852568318,9.7282,-4.8895));
#2680=VECTOR('',#3361,0.3048);
#2681=CARTESIAN_POINT('',(1.10178147431733,9.7282,-4.8895));
#2682=VECTOR('',#3362,1.6064370513656);
#2683=CARTESIAN_POINT('',(2.70821852568318,10.033,-4.8895));
#2684=VECTOR('',#3363,1.6064370513656);
#2685=AXIS2_PLACEMENT_3D('',#3364,#3365,#3366);
#2686=CARTESIAN_POINT('',(2.70821852568318,10.033,-5.2705));
#2687=AXIS2_PLACEMENT_3D('',#3367,#3368,#3369);
#2688=CARTESIAN_POINT('',(2.70821852568318,10.033,-5.2705));
#2689=VECTOR('',#3370,1.6064370513656);
#2690=CARTESIAN_POINT('',(2.70821852568318,9.7282,-5.2705));
#2691=CARTESIAN_POINT('',(2.70821852568318,9.7282,-5.2705));
#2692=VECTOR('',#3371,0.3048);
#2693=AXIS2_PLACEMENT_3D('',#3372,#3373,#3374);
#2694=CARTESIAN_POINT('',(1.10178147431733,9.7282,-5.2705));
#2695=VECTOR('',#3375,1.6064370513656);
#2696=CARTESIAN_POINT('',(1.016,9.906,-2.667));
#2697=CARTESIAN_POINT('',(1.016,11.176,-2.667));
#2698=VECTOR('',#3376,1.27);
#2699=CARTESIAN_POINT('',(1.016,9.906,-3.302));
#2700=CARTESIAN_POINT('',(1.016,9.906,-2.667));
#2701=VECTOR('',#3377,0.635);
#2702=CARTESIAN_POINT('',(1.016,9.906,-3.302));
#2703=VECTOR('',#3378,1.27);
#2704=CARTESIAN_POINT('',(2.794,9.906,-3.302));
#2705=CARTESIAN_POINT('',(1.016,9.906,-3.302));
#2706=VECTOR('',#3379,1.778);
#2707=CARTESIAN_POINT('',(2.794,9.906,-3.302));
#2708=VECTOR('',#3380,1.27);
#2709=CARTESIAN_POINT('',(2.794,9.906,-2.667));
#2710=CARTESIAN_POINT('',(2.794,9.906,-2.667));
#2711=VECTOR('',#3381,0.635);
#2712=CARTESIAN_POINT('',(2.794,11.176,-2.667));
#2713=VECTOR('',#3382,1.27);
#2714=CARTESIAN_POINT('',(1.016,9.906,-2.667));
#2715=VECTOR('',#3383,1.778);
#2716=CARTESIAN_POINT('',(-1.905,9.398,-4.064));
#2717=CARTESIAN_POINT('',(-1.905,11.176,-4.064));
#2718=VECTOR('',#3384,1.778);
#2719=CARTESIAN_POINT('',(-1.905,9.398,-6.096));
#2720=AXIS2_PLACEMENT_3D('',#3385,#3386,#3387);
#2721=CARTESIAN_POINT('',(-1.905,11.176,-6.096));
#2722=VECTOR('',#3388,1.778);
#2723=AXIS2_PLACEMENT_3D('',#3389,#3390,#3391);
#2724=CARTESIAN_POINT('',(-1.905,9.398,-5.9055));
#2725=CARTESIAN_POINT('',(-1.905,9.398,-4.2545));
#2726=AXIS2_PLACEMENT_3D('',#3392,#3393,#3394);
#2727=AXIS2_PLACEMENT_3D('',#3395,#3396,#3397);
#2728=CARTESIAN_POINT('',(-2.70821852568318,9.7282,-5.2705));
#2729=CARTESIAN_POINT('',(-2.70821852568318,9.7282,-4.8895));
#2730=AXIS2_PLACEMENT_3D('',#3398,#3399,#3400);
#2731=CARTESIAN_POINT('',(-2.70821852568318,10.033,-5.2705));
#2732=CARTESIAN_POINT('',(-2.70821852568318,9.7282,-5.2705));
#2733=VECTOR('',#3401,0.3048);
#2734=CARTESIAN_POINT('',(-1.905,10.033,-5.9055));
#2735=AXIS2_PLACEMENT_3D('',#3402,#3403,#3404);
#2736=CARTESIAN_POINT('',(-1.905,10.033,-5.9055));
#2737=VECTOR('',#3405,0.635);
#2738=CARTESIAN_POINT('',(-1.905,10.033,-4.2545));
#2739=CARTESIAN_POINT('',(-1.905,10.033,-4.2545));
#2740=VECTOR('',#3406,0.635);
#2741=CARTESIAN_POINT('',(-2.70821852568318,10.033,-4.8895));
#2742=AXIS2_PLACEMENT_3D('',#3407,#3408,#3409);
#2743=CARTESIAN_POINT('',(-2.70821852568318,9.7282,-4.8895));
#2744=VECTOR('',#3410,0.3048);
#2745=CARTESIAN_POINT('',(-1.10178147431733,10.033,-4.8895));
#2746=CARTESIAN_POINT('',(-1.10178147431733,10.033,-4.8895));
#2747=VECTOR('',#3411,1.6064370513656);
#2748=CARTESIAN_POINT('',(-1.10178147431733,9.7282,-4.8895));
#2749=CARTESIAN_POINT('',(-1.10178147431733,9.7282,-4.8895));
#2750=VECTOR('',#3412,0.3048);
#2751=CARTESIAN_POINT('',(-2.70821852568318,9.7282,-4.8895));
#2752=VECTOR('',#3413,1.6064370513656);
#2753=CARTESIAN_POINT('',(-1.10178147431733,9.7282,-5.2705));
#2754=AXIS2_PLACEMENT_3D('',#3414,#3415,#3416);
#2755=CARTESIAN_POINT('',(-2.70821852568318,9.7282,-5.2705));
#2756=VECTOR('',#3417,1.6064370513656);
#2757=CARTESIAN_POINT('',(-1.10178147431733,10.033,-5.2705));
#2758=CARTESIAN_POINT('',(-1.10178147431733,9.7282,-5.2705));
#2759=VECTOR('',#3418,0.3048);
#2760=CARTESIAN_POINT('',(-1.10178147431733,10.033,-5.2705));
#2761=VECTOR('',#3419,1.6064370513656);
#2762=AXIS2_PLACEMENT_3D('',#3420,#3421,#3422);
#2763=AXIS2_PLACEMENT_3D('',#3423,#3424,#3425);
#2764=CARTESIAN_POINT('',(-2.794,9.906,-2.667));
#2765=CARTESIAN_POINT('',(-2.794,9.906,-3.302));
#2766=CARTESIAN_POINT('',(-2.794,9.906,-2.667));
#2767=VECTOR('',#3426,0.635);
#2768=CARTESIAN_POINT('',(-2.794,9.906,-3.302));
#2769=VECTOR('',#3427,1.27);
#2770=CARTESIAN_POINT('',(-2.794,11.176,-2.667));
#2771=VECTOR('',#3428,1.27);
#2772=CARTESIAN_POINT('',(-1.016,9.906,-2.667));
#2773=CARTESIAN_POINT('',(-1.016,11.176,-2.667));
#2774=VECTOR('',#3429,1.27);
#2775=CARTESIAN_POINT('',(-2.794,9.906,-2.667));
#2776=VECTOR('',#3430,1.778);
#2777=CARTESIAN_POINT('',(-1.016,9.906,-3.302));
#2778=CARTESIAN_POINT('',(-1.016,9.906,-2.667));
#2779=VECTOR('',#3431,0.635);
#2780=CARTESIAN_POINT('',(-2.794,9.906,-3.302));
#2781=VECTOR('',#3432,1.778);
#2782=CARTESIAN_POINT('',(-1.016,9.906,-3.302));
#2783=VECTOR('',#3433,1.27);
#2784=CARTESIAN_POINT('',(3.683,9.398,-6.35));
#2785=CARTESIAN_POINT('',(3.683,11.176,-6.35));
#2786=VECTOR('',#3434,1.778);
#2787=CARTESIAN_POINT('',(3.302,9.398,-6.35));
#2788=CARTESIAN_POINT('',(3.302,9.398,-6.35));
#2789=VECTOR('',#3435,0.381);
#2790=CARTESIAN_POINT('',(3.302,11.176,-6.35));
#2791=VECTOR('',#3436,1.778);
#2792=CARTESIAN_POINT('',(0.508,9.398,-6.35));
#2793=CARTESIAN_POINT('',(0.508,9.398,-6.35));
#2794=VECTOR('',#3437,1.778);
#2795=CARTESIAN_POINT('',(-0.508,9.398,-6.35));
#2796=CARTESIAN_POINT('',(-0.508,9.398,-6.35));
#2797=VECTOR('',#3438,1.016);
#2798=CARTESIAN_POINT('',(-0.508,9.398,-6.35));
#2799=VECTOR('',#3439,1.778);
#2800=CARTESIAN_POINT('',(-3.683,9.398,-6.35));
#2801=CARTESIAN_POINT('',(-3.302,9.398,-6.35));
#2802=CARTESIAN_POINT('',(-3.683,9.398,-6.35));
#2803=VECTOR('',#3440,0.381);
#2804=CARTESIAN_POINT('',(-3.683,11.176,-6.35));
#2805=VECTOR('',#3441,1.778);
#2806=CARTESIAN_POINT('',(-3.302,9.398,-6.35));
#2807=VECTOR('',#3442,1.778);
#2808=AXIS2_PLACEMENT_3D('',#3443,#3444,#3445);
#2809=CARTESIAN_POINT('',(3.683,9.398,-7.366));
#2810=CARTESIAN_POINT('',(3.683,9.398,-6.35));
#2811=VECTOR('',#3446,1.016);
#2812=CARTESIAN_POINT('',(4.191,9.398,-7.366));
#2813=CARTESIAN_POINT('',(3.683,9.398,-7.366));
#2814=VECTOR('',#3447,0.508);
#2815=CARTESIAN_POINT('',(4.191,9.398,-8.89));
#2816=CARTESIAN_POINT('',(4.191,9.398,-8.89));
#2817=VECTOR('',#3448,1.524);
#2818=CARTESIAN_POINT('',(-4.191,9.398,-8.89));
#2819=VECTOR('',#3449,8.382);
#2820=CARTESIAN_POINT('',(-3.683,9.398,-7.366));
#2821=CARTESIAN_POINT('',(-4.191,9.398,-7.366));
#2822=VECTOR('',#3450,0.508);
#2823=CARTESIAN_POINT('',(-3.683,9.398,-7.366));
#2824=VECTOR('',#3451,1.016);
#2825=AXIS2_PLACEMENT_3D('',#3452,#3453,#3454);
#2826=CARTESIAN_POINT('',(-3.683,11.176,-7.366));
#2827=VECTOR('',#3455,1.778);
#2828=CARTESIAN_POINT('',(4.191,9.398,-7.366));
#2829=VECTOR('',#3456,1.778);
#2830=CARTESIAN_POINT('',(3.683,11.176,-7.366));
#2831=VECTOR('',#3457,1.778);
#2832=CARTESIAN_POINT('',(4.191,0.508,0.0));
#2833=CARTESIAN_POINT('',(4.191,0.0,0.0));
#2834=CARTESIAN_POINT('',(4.191,0.508,0.0));
#2835=VECTOR('',#3458,0.508);
#2836=CARTESIAN_POINT('',(4.191,0.0,-8.128));
#2837=CARTESIAN_POINT('',(4.191,0.0,0.0));
#2838=VECTOR('',#3459,8.128);
#2839=CARTESIAN_POINT('',(4.191,1.016,-8.128));
#2840=CARTESIAN_POINT('',(4.191,0.0,-8.128));
#2841=VECTOR('',#3460,1.016);
#2842=CARTESIAN_POINT('',(4.191,1.016,-8.89));
#2843=CARTESIAN_POINT('',(4.191,1.016,-8.128));
#2844=VECTOR('',#3461,0.762);
#2845=CARTESIAN_POINT('',(4.191,1.016,-8.89));
#2846=VECTOR('',#3462,8.382);
#2847=CARTESIAN_POINT('',(4.191,10.668,-2.54));
#2848=CARTESIAN_POINT('',(4.191,10.668,-2.54));
#2849=VECTOR('',#3463,0.762);
#2850=CARTESIAN_POINT('',(4.191,0.508,-2.54));
#2851=CARTESIAN_POINT('',(4.191,0.508,-2.54));
#2852=VECTOR('',#3464,10.16);
#2853=CARTESIAN_POINT('',(4.191,0.508,0.0));
#2854=VECTOR('',#3465,2.54);
#2855=CARTESIAN_POINT('',(4.064,0.508,-2.54));
#2856=CARTESIAN_POINT('',(4.191,0.508,-2.54));
#2857=VECTOR('',#3466,0.127);
#2858=CARTESIAN_POINT('',(4.064,0.508,0.0));
#2859=CARTESIAN_POINT('',(4.064,0.508,0.0));
#2860=VECTOR('',#3467,2.54);
#2861=CARTESIAN_POINT('',(4.191,0.508,0.0));
#2862=VECTOR('',#3468,0.127);
#2863=CARTESIAN_POINT('',(-4.191,0.0,0.0));
#2864=VECTOR('',#3469,8.382);
#2865=CARTESIAN_POINT('',(4.064,7.112,0.0));
#2866=CARTESIAN_POINT('',(4.064,7.112,0.0));
#2867=VECTOR('',#3470,6.604);
#2868=CARTESIAN_POINT('',(3.302,7.112,0.0));
#2869=CARTESIAN_POINT('',(3.302,7.112,0.0));
#2870=VECTOR('',#3471,0.762);
#2871=CARTESIAN_POINT('',(3.302,6.604,0.0));
#2872=CARTESIAN_POINT('',(3.302,7.112,0.0));
#2873=VECTOR('',#3472,0.508);
#2874=CARTESIAN_POINT('',(-3.302,6.604,0.0));
#2875=CARTESIAN_POINT('',(-3.302,6.604,0.0));
#2876=VECTOR('',#3473,6.604);
#2877=CARTESIAN_POINT('',(-3.302,7.112,0.0));
#2878=CARTESIAN_POINT('',(-3.302,7.112,0.0));
#2879=VECTOR('',#3474,0.508);
#2880=CARTESIAN_POINT('',(-4.064,7.112,0.0));
#2881=VECTOR('',#3475,0.762);
#2882=CARTESIAN_POINT('',(-0.381,0.762,0.0));
#2883=CARTESIAN_POINT('',(-3.429,0.762,0.0));
#2884=CARTESIAN_POINT('',(-0.381,0.762,0.0));
#2885=VECTOR('',#3476,3.048);
#2886=CARTESIAN_POINT('',(-3.429,5.588,0.0));
#2887=CARTESIAN_POINT('',(-3.429,0.762,0.0));
#2888=VECTOR('',#3477,4.826);
#2889=CARTESIAN_POINT('',(-0.381,5.588,0.0));
#2890=CARTESIAN_POINT('',(-3.429,5.588,0.0));
#2891=VECTOR('',#3478,3.048);
#2892=CARTESIAN_POINT('',(-0.381,5.588,0.0));
#2893=VECTOR('',#3479,4.826);
#2894=CARTESIAN_POINT('',(3.429,0.762,0.0));
#2895=CARTESIAN_POINT('',(0.381,0.762,0.0));
#2896=CARTESIAN_POINT('',(3.429,0.762,0.0));
#2897=VECTOR('',#3480,3.048);
#2898=CARTESIAN_POINT('',(0.381,5.588,0.0));
#2899=CARTESIAN_POINT('',(0.381,0.762,0.0));
#2900=VECTOR('',#3481,4.826);
#2901=CARTESIAN_POINT('',(3.429,5.588,0.0));
#2902=CARTESIAN_POINT('',(0.381,5.588,0.0));
#2903=VECTOR('',#3482,3.048);
#2904=CARTESIAN_POINT('',(3.429,5.588,0.0));
#2905=VECTOR('',#3483,4.826);
#2906=CARTESIAN_POINT('',(2.921,3.81,-0.508));
#2907=CARTESIAN_POINT('',(2.921,3.81,-0.508));
#2908=VECTOR('',#3484,1.91765794655883);
#2909=CARTESIAN_POINT('',(2.921,1.27,-0.508));
#2910=CARTESIAN_POINT('',(2.921,3.81,-0.508));
#2911=VECTOR('',#3485,2.54);
#2912=CARTESIAN_POINT('',(2.921,1.27,-0.508));
#2913=VECTOR('',#3486,0.879881810245052);
#2914=CARTESIAN_POINT('',(0.889,1.27,-0.508));
#2915=CARTESIAN_POINT('',(2.921,1.27,-0.508));
#2916=VECTOR('',#3487,2.032);
#2917=CARTESIAN_POINT('',(0.889,1.27,-0.508));
#2918=VECTOR('',#3488,0.879881810245052);
#2919=CARTESIAN_POINT('',(0.889,3.81,-0.508));
#2920=CARTESIAN_POINT('',(0.889,3.81,-0.508));
#2921=VECTOR('',#3489,1.91765794655883);
#2922=CARTESIAN_POINT('',(0.889,1.27,-0.508));
#2923=VECTOR('',#3490,2.54);
#2924=CARTESIAN_POINT('',(0.889,1.27,-7.62));
#2925=CARTESIAN_POINT('',(0.889,1.27,-0.508));
#2926=VECTOR('',#3491,7.112);
#2927=CARTESIAN_POINT('',(0.889,3.81,-7.62));
#2928=CARTESIAN_POINT('',(0.889,3.81,-7.62));
#2929=VECTOR('',#3492,2.54);
#2930=CARTESIAN_POINT('',(0.889,3.81,-0.508));
#2931=VECTOR('',#3493,7.112);
#2932=CARTESIAN_POINT('',(2.921,3.81,-7.62));
#2933=CARTESIAN_POINT('',(2.921,3.81,-7.62));
#2934=VECTOR('',#3494,2.032);
#2935=CARTESIAN_POINT('',(2.921,3.81,-0.508));
#2936=VECTOR('',#3495,7.112);
#2937=CARTESIAN_POINT('',(0.889,3.81,-0.508));
#2938=VECTOR('',#3496,2.032);
#2939=CARTESIAN_POINT('',(2.921,1.27,-7.62));
#2940=CARTESIAN_POINT('',(2.921,1.27,-7.62));
#2941=VECTOR('',#3497,2.54);
#2942=CARTESIAN_POINT('',(2.921,1.27,-0.508));
#2943=VECTOR('',#3498,7.112);
#2944=CARTESIAN_POINT('',(0.889,1.27,-7.62));
#2945=VECTOR('',#3499,2.032);
#2946=CARTESIAN_POINT('',(-0.889,3.81,-0.508));
#2947=CARTESIAN_POINT('',(-0.889,3.81,-0.508));
#2948=VECTOR('',#3500,1.91765794655883);
#2949=CARTESIAN_POINT('',(-0.889,1.27,-0.508));
#2950=CARTESIAN_POINT('',(-0.889,3.81,-0.508));
#2951=VECTOR('',#3501,2.54);
#2952=CARTESIAN_POINT('',(-0.889,1.27,-0.508));
#2953=VECTOR('',#3502,0.879881810245052);
#2954=CARTESIAN_POINT('',(-2.921,1.27,-0.508));
#2955=CARTESIAN_POINT('',(-0.889,1.27,-0.508));
#2956=VECTOR('',#3503,2.032);
#2957=CARTESIAN_POINT('',(-2.921,1.27,-0.508));
#2958=VECTOR('',#3504,0.879881810245052);
#2959=CARTESIAN_POINT('',(-2.921,3.81,-0.508));
#2960=CARTESIAN_POINT('',(-2.921,3.81,-0.508));
#2961=VECTOR('',#3505,1.91765794655883);
#2962=CARTESIAN_POINT('',(-2.921,1.27,-0.508));
#2963=VECTOR('',#3506,2.54);
#2964=CARTESIAN_POINT('',(-2.921,1.27,-7.62));
#2965=CARTESIAN_POINT('',(-2.921,1.27,-0.508));
#2966=VECTOR('',#3507,7.112);
#2967=CARTESIAN_POINT('',(-2.921,3.81,-7.62));
#2968=CARTESIAN_POINT('',(-2.921,3.81,-7.62));
#2969=VECTOR('',#3508,2.54);
#2970=CARTESIAN_POINT('',(-2.921,3.81,-0.508));
#2971=VECTOR('',#3509,7.112);
#2972=CARTESIAN_POINT('',(-0.889,3.81,-7.62));
#2973=CARTESIAN_POINT('',(-0.889,3.81,-7.62));
#2974=VECTOR('',#3510,2.032);
#2975=CARTESIAN_POINT('',(-0.889,3.81,-0.508));
#2976=VECTOR('',#3511,7.112);
#2977=CARTESIAN_POINT('',(-2.921,3.81,-0.508));
#2978=VECTOR('',#3512,2.032);
#2979=CARTESIAN_POINT('',(-0.889,1.27,-7.62));
#2980=CARTESIAN_POINT('',(-0.889,1.27,-7.62));
#2981=VECTOR('',#3513,2.54);
#2982=CARTESIAN_POINT('',(-0.889,1.27,-0.508));
#2983=VECTOR('',#3514,7.112);
#2984=CARTESIAN_POINT('',(-2.921,1.27,-7.62));
#2985=VECTOR('',#3515,2.032);
#2986=CARTESIAN_POINT('',(-3.302,7.112,0.508));
#2987=CARTESIAN_POINT('',(-3.302,7.112,0.0));
#2988=VECTOR('',#3516,0.508);
#2989=CARTESIAN_POINT('',(3.302,7.112,0.508));
#2990=CARTESIAN_POINT('',(3.302,7.112,0.508));
#2991=VECTOR('',#3517,6.604);
#2992=CARTESIAN_POINT('',(3.302,7.112,0.0));
#2993=VECTOR('',#3518,0.508);
#2994=CARTESIAN_POINT('',(4.064,7.112,-0.508));
#2995=CARTESIAN_POINT('',(4.064,7.112,-0.508));
#2996=VECTOR('',#3519,0.508);
#2997=CARTESIAN_POINT('',(-4.064,7.112,-0.508));
#2998=VECTOR('',#3520,8.128);
#2999=CARTESIAN_POINT('',(4.064,10.668,-1.778));
#3000=VECTOR('',#3521,3.77598146181928);
#3001=CARTESIAN_POINT('',(4.064,10.668,-2.54));
#3002=CARTESIAN_POINT('',(4.064,10.668,-2.54));
#3003=VECTOR('',#3522,10.16);
#3004=CARTESIAN_POINT('',(4.064,10.668,-2.54));
#3005=VECTOR('',#3523,0.762);
#3006=CARTESIAN_POINT('',(4.191,10.668,-2.54));
#3007=VECTOR('',#3524,0.127);
#3008=CARTESIAN_POINT('',(3.302,6.604,0.508));
#3009=CARTESIAN_POINT('',(3.302,6.604,0.508));
#3010=VECTOR('',#3525,0.508);
#3011=CARTESIAN_POINT('',(3.302,6.604,0.0));
#3012=VECTOR('',#3526,0.508);
#3013=CARTESIAN_POINT('',(-3.302,6.604,0.508));
#3014=CARTESIAN_POINT('',(-3.302,6.604,0.508));
#3015=VECTOR('',#3527,6.604);
#3016=CARTESIAN_POINT('',(-3.302,6.604,0.0));
#3017=VECTOR('',#3528,0.508);
#3018=CARTESIAN_POINT('',(-3.302,7.112,0.508));
#3019=VECTOR('',#3529,0.508);
#3020=CARTESIAN_POINT('',(-4.191,0.0,-8.128));
#3021=VECTOR('',#3530,8.382);
#3022=CARTESIAN_POINT('',(-4.191,1.016,-8.128));
#3023=VECTOR('',#3531,8.382);
#3024=CARTESIAN_POINT('',(-4.191,1.016,-8.89));
#3025=VECTOR('',#3532,8.382);
#3026=CARTESIAN_POINT('',(0.381,4.318,-8.89));
#3027=CARTESIAN_POINT('',(3.429,4.318,-8.89));
#3028=CARTESIAN_POINT('',(0.381,4.318,-8.89));
#3029=VECTOR('',#3533,3.048);
#3030=CARTESIAN_POINT('',(3.429,8.382,-8.89));
#3031=CARTESIAN_POINT('',(3.429,4.318,-8.89));
#3032=VECTOR('',#3534,4.064);
#3033=CARTESIAN_POINT('',(0.381,8.382,-8.89));
#3034=CARTESIAN_POINT('',(0.381,8.382,-8.89));
#3035=VECTOR('',#3535,3.048);
#3036=CARTESIAN_POINT('',(0.381,4.318,-8.89));
#3037=VECTOR('',#3536,4.064);
#3038=CARTESIAN_POINT('',(-3.429,4.318,-8.89));
#3039=CARTESIAN_POINT('',(-0.381,4.318,-8.89));
#3040=CARTESIAN_POINT('',(-3.429,4.318,-8.89));
#3041=VECTOR('',#3537,3.048);
#3042=CARTESIAN_POINT('',(-0.381,8.382,-8.89));
#3043=CARTESIAN_POINT('',(-0.381,4.318,-8.89));
#3044=VECTOR('',#3538,4.064);
#3045=CARTESIAN_POINT('',(-3.429,8.382,-8.89));
#3046=CARTESIAN_POINT('',(-3.429,8.382,-8.89));
#3047=VECTOR('',#3539,3.048);
#3048=CARTESIAN_POINT('',(-3.429,4.318,-8.89));
#3049=VECTOR('',#3540,4.064);
#3050=CARTESIAN_POINT('',(0.381,8.382,-15.494));
#3051=CARTESIAN_POINT('',(0.381,8.382,-15.494));
#3052=VECTOR('',#3541,6.604);
#3053=CARTESIAN_POINT('',(0.381,4.318,-15.494));
#3054=CARTESIAN_POINT('',(0.381,4.318,-15.494));
#3055=VECTOR('',#3542,4.064);
#3056=CARTESIAN_POINT('',(0.381,4.318,-8.89));
#3057=VECTOR('',#3543,6.604);
#3058=CARTESIAN_POINT('',(3.429,4.318,-15.494));
#3059=CARTESIAN_POINT('',(0.381,4.318,-15.494));
#3060=VECTOR('',#3544,3.048);
#3061=CARTESIAN_POINT('',(3.429,4.318,-8.89));
#3062=VECTOR('',#3545,6.604);
#3063=CARTESIAN_POINT('',(3.429,8.382,-15.494));
#3064=CARTESIAN_POINT('',(3.429,4.318,-15.494));
#3065=VECTOR('',#3546,4.064);
#3066=CARTESIAN_POINT('',(3.429,8.382,-15.494));
#3067=VECTOR('',#3547,6.604);
#3068=CARTESIAN_POINT('',(0.381,8.382,-15.494));
#3069=VECTOR('',#3548,3.048);
#3070=CARTESIAN_POINT('',(1.6256,8.382,-15.2908));
#3071=CARTESIAN_POINT('',(2.1844,8.382,-15.2908));
#3072=CARTESIAN_POINT('',(1.6256,8.382,-15.2908));
#3073=VECTOR('',#3549,0.5588);
#3074=CARTESIAN_POINT('',(2.1844,8.382,-12.7508));
#3075=CARTESIAN_POINT('',(2.1844,8.382,-12.7508));
#3076=VECTOR('',#3550,2.54);
#3077=CARTESIAN_POINT('',(1.6256,8.382,-12.7508));
#3078=CARTESIAN_POINT('',(1.6256,8.382,-12.7508));
#3079=VECTOR('',#3551,0.5588);
#3080=CARTESIAN_POINT('',(1.6256,8.382,-12.7508));
#3081=VECTOR('',#3552,2.54);
#3082=CARTESIAN_POINT('',(1.905,7.112,-15.494));
#3083=CARTESIAN_POINT('',(1.905,5.588,-15.494));
#3084=AXIS2_PLACEMENT_3D('',#3553,#3554,#3555);
#3085=AXIS2_PLACEMENT_3D('',#3556,#3557,#3558);
#3086=CARTESIAN_POINT('',(1.905,5.588,-14.6685));
#3087=CARTESIAN_POINT('',(1.905,5.588,-14.6685));
#3088=VECTOR('',#3559,0.8255);
#3089=CARTESIAN_POINT('',(1.905,7.112,-14.6685));
#3090=AXIS2_PLACEMENT_3D('',#3560,#3561,#3562);
#3091=CARTESIAN_POINT('',(1.905,7.112,-14.6685));
#3092=VECTOR('',#3563,0.8255);
#3093=AXIS2_PLACEMENT_3D('',#3564,#3565,#3566);
#3094=CARTESIAN_POINT('',(1.905,5.7785,-14.478));
#3095=CARTESIAN_POINT('',(1.905,6.9215,-14.478));
#3096=AXIS2_PLACEMENT_3D('',#3567,#3568,#3569);
#3097=CARTESIAN_POINT('',(1.905,5.7785,-14.478));
#3098=VECTOR('',#3570,0.26940768363212);
#3099=CARTESIAN_POINT('',(1.905,6.9215,-14.478));
#3100=VECTOR('',#3571,0.26940768363212);
#3101=AXIS2_PLACEMENT_3D('',#3572,#3573,#3574);
#3102=CARTESIAN_POINT('',(1.905,5.7785,-14.224));
#3103=CARTESIAN_POINT('',(1.905,5.7785,-14.224));
#3104=VECTOR('',#3575,0.254);
#3105=CARTESIAN_POINT('',(1.905,6.9215,-14.224));
#3106=AXIS2_PLACEMENT_3D('',#3576,#3577,#3578);
#3107=CARTESIAN_POINT('',(1.905,6.9215,-14.224));
#3108=VECTOR('',#3579,0.254);
#3109=AXIS2_PLACEMENT_3D('',#3580,#3581,#3582);
#3110=CARTESIAN_POINT('',(1.6256,8.89,-12.7508));
#3111=CARTESIAN_POINT('',(1.6256,8.89,-12.7508));
#3112=VECTOR('',#3583,0.508);
#3113=CARTESIAN_POINT('',(1.6256,8.89,-15.2908));
#3114=CARTESIAN_POINT('',(1.6256,8.89,-12.7508));
#3115=VECTOR('',#3584,2.54);
#3116=CARTESIAN_POINT('',(1.6256,8.382,-15.2908));
#3117=VECTOR('',#3585,0.508);
#3118=CARTESIAN_POINT('',(1.524,8.89,-15.2908));
#3119=CARTESIAN_POINT('',(1.524,8.89,-15.2908));
#3120=VECTOR('',#3586,0.1016);
#3121=CARTESIAN_POINT('',(1.524,9.652,-15.2908));
#3122=CARTESIAN_POINT('',(1.524,8.89,-15.2908));
#3123=VECTOR('',#3587,0.762);
#3124=CARTESIAN_POINT('',(2.286,9.652,-15.2908));
#3125=CARTESIAN_POINT('',(1.524,9.652,-15.2908));
#3126=VECTOR('',#3588,0.762);
#3127=CARTESIAN_POINT('',(2.286,8.89,-15.2908));
#3128=CARTESIAN_POINT('',(2.286,8.89,-15.2908));
#3129=VECTOR('',#3589,0.762);
#3130=CARTESIAN_POINT('',(2.1844,8.89,-15.2908));
#3131=CARTESIAN_POINT('',(2.1844,8.89,-15.2908));
#3132=VECTOR('',#3590,0.1016);
#3133=CARTESIAN_POINT('',(2.1844,8.382,-15.2908));
#3134=VECTOR('',#3591,0.508);
#3135=CARTESIAN_POINT('',(2.1844,8.89,-12.7508));
#3136=CARTESIAN_POINT('',(2.1844,8.89,-12.7508));
#3137=VECTOR('',#3592,2.54);
#3138=CARTESIAN_POINT('',(2.1844,8.89,-12.7508));
#3139=VECTOR('',#3593,0.508);
#3140=CARTESIAN_POINT('',(1.524,9.652,-12.7508));
#3141=CARTESIAN_POINT('',(1.524,8.89,-12.7508));
#3142=CARTESIAN_POINT('',(1.524,9.652,-12.7508));
#3143=VECTOR('',#3594,0.762);
#3144=CARTESIAN_POINT('',(1.524,8.89,-12.7508));
#3145=VECTOR('',#3595,0.1016);
#3146=CARTESIAN_POINT('',(2.286,8.89,-12.7508));
#3147=CARTESIAN_POINT('',(2.1844,8.89,-12.7508));
#3148=VECTOR('',#3596,0.1016);
#3149=CARTESIAN_POINT('',(2.286,9.652,-12.7508));
#3150=CARTESIAN_POINT('',(2.286,9.652,-12.7508));
#3151=VECTOR('',#3597,0.762);
#3152=CARTESIAN_POINT('',(2.286,9.652,-12.7508));
#3153=VECTOR('',#3598,0.762);
#3154=CARTESIAN_POINT('',(1.524,9.652,-15.2908));
#3155=VECTOR('',#3599,2.54);
#3156=CARTESIAN_POINT('',(2.286,9.652,-15.2908));
#3157=VECTOR('',#3600,2.54);
#3158=CARTESIAN_POINT('',(2.286,8.89,-12.7508));
#3159=VECTOR('',#3601,2.54);
#3160=CARTESIAN_POINT('',(1.524,8.89,-12.7508));
#3161=VECTOR('',#3602,2.54);
#3162=CARTESIAN_POINT('',(-3.429,8.382,-15.494));
#3163=CARTESIAN_POINT('',(-3.429,8.382,-15.494));
#3164=VECTOR('',#3603,6.604);
#3165=CARTESIAN_POINT('',(-3.429,4.318,-15.494));
#3166=CARTESIAN_POINT('',(-3.429,4.318,-15.494));
#3167=VECTOR('',#3604,4.064);
#3168=CARTESIAN_POINT('',(-3.429,4.318,-8.89));
#3169=VECTOR('',#3605,6.604);
#3170=CARTESIAN_POINT('',(-0.381,4.318,-15.494));
#3171=CARTESIAN_POINT('',(-3.429,4.318,-15.494));
#3172=VECTOR('',#3606,3.048);
#3173=CARTESIAN_POINT('',(-0.381,4.318,-8.89));
#3174=VECTOR('',#3607,6.604);
#3175=CARTESIAN_POINT('',(-0.381,8.382,-15.494));
#3176=CARTESIAN_POINT('',(-0.381,4.318,-15.494));
#3177=VECTOR('',#3608,4.064);
#3178=CARTESIAN_POINT('',(-0.381,8.382,-15.494));
#3179=VECTOR('',#3609,6.604);
#3180=CARTESIAN_POINT('',(-3.429,8.382,-15.494));
#3181=VECTOR('',#3610,3.048);
#3182=CARTESIAN_POINT('',(-2.1844,8.382,-15.2908));
#3183=CARTESIAN_POINT('',(-1.6256,8.382,-15.2908));
#3184=CARTESIAN_POINT('',(-2.1844,8.382,-15.2908));
#3185=VECTOR('',#3611,0.5588);
#3186=CARTESIAN_POINT('',(-1.6256,8.382,-12.7508));
#3187=CARTESIAN_POINT('',(-1.6256,8.382,-12.7508));
#3188=VECTOR('',#3612,2.54);
#3189=CARTESIAN_POINT('',(-2.1844,8.382,-12.7508));
#3190=CARTESIAN_POINT('',(-2.1844,8.382,-12.7508));
#3191=VECTOR('',#3613,0.5588);
#3192=CARTESIAN_POINT('',(-2.1844,8.382,-12.7508));
#3193=VECTOR('',#3614,2.54);
#3194=CARTESIAN_POINT('',(-1.905,5.588,-15.494));
#3195=CARTESIAN_POINT('',(-1.905,7.112,-15.494));
#3196=AXIS2_PLACEMENT_3D('',#3615,#3616,#3617);
#3197=AXIS2_PLACEMENT_3D('',#3618,#3619,#3620);
#3198=CARTESIAN_POINT('',(-1.905,5.588,-14.6685));
#3199=CARTESIAN_POINT('',(-1.905,5.588,-14.6685));
#3200=VECTOR('',#3621,0.8255);
#3201=CARTESIAN_POINT('',(-1.905,7.112,-14.6685));
#3202=AXIS2_PLACEMENT_3D('',#3622,#3623,#3624);
#3203=CARTESIAN_POINT('',(-1.905,7.112,-14.6685));
#3204=VECTOR('',#3625,0.8255);
#3205=AXIS2_PLACEMENT_3D('',#3626,#3627,#3628);
#3206=CARTESIAN_POINT('',(-1.905,5.7785,-14.478));
#3207=CARTESIAN_POINT('',(-1.905,6.9215,-14.478));
#3208=AXIS2_PLACEMENT_3D('',#3629,#3630,#3631);
#3209=CARTESIAN_POINT('',(-1.905,5.7785,-14.478));
#3210=VECTOR('',#3632,0.26940768363212);
#3211=CARTESIAN_POINT('',(-1.905,6.9215,-14.478));
#3212=VECTOR('',#3633,0.26940768363212);
#3213=AXIS2_PLACEMENT_3D('',#3634,#3635,#3636);
#3214=CARTESIAN_POINT('',(-1.905,5.7785,-14.224));
#3215=CARTESIAN_POINT('',(-1.905,5.7785,-14.224));
#3216=VECTOR('',#3637,0.254);
#3217=CARTESIAN_POINT('',(-1.905,6.9215,-14.224));
#3218=AXIS2_PLACEMENT_3D('',#3638,#3639,#3640);
#3219=CARTESIAN_POINT('',(-1.905,6.9215,-14.224));
#3220=VECTOR('',#3641,0.254);
#3221=AXIS2_PLACEMENT_3D('',#3642,#3643,#3644);
#3222=CARTESIAN_POINT('',(-2.1844,8.89,-15.2908));
#3223=CARTESIAN_POINT('',(-2.1844,8.382,-15.2908));
#3224=VECTOR('',#3645,0.508);
#3225=CARTESIAN_POINT('',(-2.1844,8.89,-12.7508));
#3226=CARTESIAN_POINT('',(-2.1844,8.89,-12.7508));
#3227=VECTOR('',#3646,0.508);
#3228=CARTESIAN_POINT('',(-2.1844,8.89,-12.7508));
#3229=VECTOR('',#3647,2.54);
#3230=CARTESIAN_POINT('',(-2.286,8.89,-12.7508));
#3231=CARTESIAN_POINT('',(-2.286,8.89,-15.2908));
#3232=CARTESIAN_POINT('',(-2.286,8.89,-12.7508));
#3233=VECTOR('',#3648,2.54);
#3234=CARTESIAN_POINT('',(-2.286,8.89,-15.2908));
#3235=VECTOR('',#3649,0.1016);
#3236=CARTESIAN_POINT('',(-2.286,8.89,-12.7508));
#3237=VECTOR('',#3650,0.1016);
#3238=CARTESIAN_POINT('',(-1.6256,8.89,-12.7508));
#3239=CARTESIAN_POINT('',(-1.6256,8.89,-15.2908));
#3240=CARTESIAN_POINT('',(-1.6256,8.89,-12.7508));
#3241=VECTOR('',#3651,2.54);
#3242=CARTESIAN_POINT('',(-1.524,8.89,-15.2908));
#3243=CARTESIAN_POINT('',(-1.6256,8.89,-15.2908));
#3244=VECTOR('',#3652,0.1016);
#3245=CARTESIAN_POINT('',(-1.524,8.89,-12.7508));
#3246=CARTESIAN_POINT('',(-1.524,8.89,-12.7508));
#3247=VECTOR('',#3653,2.54);
#3248=CARTESIAN_POINT('',(-1.6256,8.89,-12.7508));
#3249=VECTOR('',#3654,0.1016);
#3250=CARTESIAN_POINT('',(-2.286,9.652,-12.7508));
#3251=CARTESIAN_POINT('',(-2.286,9.652,-12.7508));
#3252=VECTOR('',#3655,0.762);
#3253=CARTESIAN_POINT('',(-1.6256,8.89,-12.7508));
#3254=VECTOR('',#3656,0.508);
#3255=CARTESIAN_POINT('',(-1.524,9.652,-12.7508));
#3256=CARTESIAN_POINT('',(-1.524,9.652,-12.7508));
#3257=VECTOR('',#3657,0.762);
#3258=CARTESIAN_POINT('',(-1.524,9.652,-12.7508));
#3259=VECTOR('',#3658,0.762);
#3260=CARTESIAN_POINT('',(-2.286,9.652,-15.2908));
#3261=CARTESIAN_POINT('',(-2.286,9.652,-15.2908));
#3262=VECTOR('',#3659,2.54);
#3263=CARTESIAN_POINT('',(-1.524,9.652,-15.2908));
#3264=CARTESIAN_POINT('',(-1.524,9.652,-15.2908));
#3265=VECTOR('',#3660,2.54);
#3266=CARTESIAN_POINT('',(-2.286,9.652,-15.2908));
#3267=VECTOR('',#3661,0.762);
#3268=CARTESIAN_POINT('',(-2.286,8.89,-15.2908));
#3269=VECTOR('',#3662,0.762);
#3270=CARTESIAN_POINT('',(-1.524,8.89,-15.2908));
#3271=VECTOR('',#3663,0.762);
#3272=CARTESIAN_POINT('',(-1.6256,8.382,-15.2908));
#3273=VECTOR('',#3664,0.508);
#3274=DIRECTION('',(0.0,1.0,0.0));
#3275=DIRECTION('',(0.0,0.0,1.0));
#3276=DIRECTION('',(0.0,-1.0,0.0));
#3277=DIRECTION('',(0.0,0.0,1.0));
#3278=DIRECTION('',(0.0,1.0,0.0));
#3279=DIRECTION('',(0.0,0.0,1.0));
#3280=DIRECTION('',(0.0,1.0,0.0));
#3281=DIRECTION('',(0.0,0.0,-1.0));
#3282=DIRECTION('',(0.0,1.0,0.0));
#3283=DIRECTION('',(0.0,0.0,-1.0));
#3284=DIRECTION('',(0.0,-1.0,0.0));
#3285=DIRECTION('',(0.0,0.0,-1.0));
#3286=DIRECTION('',(1.0,0.0,0.0));
#3287=DIRECTION('',(1.0,0.0,0.0));
#3288=DIRECTION('',(0.0,0.0,-1.0));
#3289=DIRECTION('',(0.0,-1.0,0.0));
#3290=DIRECTION('',(0.0,0.0,1.0));
#3291=DIRECTION('',(0.0,-0.941741911594819,0.336336396998207));
#3292=DIRECTION('',(0.0,0.0,1.0));
#3293=DIRECTION('',(0.0,1.0,0.0));
#3294=DIRECTION('',(1.0,0.0,0.0));
#3295=DIRECTION('',(1.0,0.0,0.0));
#3296=DIRECTION('',(1.0,0.0,0.0));
#3297=DIRECTION('',(-1.0,0.0,0.0));
#3298=DIRECTION('',(0.0,-1.0,0.0));
#3299=DIRECTION('',(1.0,0.0,0.0));
#3300=DIRECTION('',(0.0,0.0,1.0));
#3301=DIRECTION('',(1.0,0.0,0.0));
#3302=DIRECTION('',(0.0,0.0,1.0));
#3303=DIRECTION('',(1.0,0.0,0.0));
#3304=DIRECTION('',(0.0,0.0,1.0));
#3305=DIRECTION('',(1.0,0.0,0.0));
#3306=CARTESIAN_POINT('',(1.905,11.176,-4.2286817777605));
#3307=DIRECTION('',(0.0,1.0,0.0));
#3308=DIRECTION('',(0.550000000000001,0.0,-0.835164654424502));
#3309=DIRECTION('',(1.0,0.0,0.0));
#3310=CARTESIAN_POINT('',(-1.905,11.176,-4.2286817777605));
#3311=DIRECTION('',(0.0,1.0,0.0));
#3312=DIRECTION('',(0.550000000000001,0.0,-0.835164654424502));
#3313=DIRECTION('',(1.0,0.0,0.0));
#3314=DIRECTION('',(1.0,0.0,0.0));
#3315=DIRECTION('',(0.0,0.0,-1.0));
#3316=DIRECTION('',(1.0,0.0,0.0));
#3317=DIRECTION('',(0.0,0.0,-1.0));
#3318=CARTESIAN_POINT('',(-1.905,11.176,-5.08));
#3319=DIRECTION('',(0.0,1.0,0.0));
#3320=DIRECTION('',(0.0,0.0,1.0));
#3321=CARTESIAN_POINT('',(-1.905,11.176,-5.08));
#3322=DIRECTION('',(0.0,1.0,0.0));
#3323=DIRECTION('',(0.0,0.0,-1.0));
#3324=DIRECTION('',(1.0,0.0,0.0));
#3325=DIRECTION('',(0.0,0.0,-1.0));
#3326=DIRECTION('',(1.0,0.0,0.0));
#3327=DIRECTION('',(0.0,0.0,-1.0));
#3328=CARTESIAN_POINT('',(1.905,11.176,-5.08));
#3329=DIRECTION('',(0.0,-1.0,0.0));
#3330=DIRECTION('',(0.0,0.0,-1.0));
#3331=CARTESIAN_POINT('',(1.905,11.176,-5.08));
#3332=DIRECTION('',(0.0,-1.0,0.0));
#3333=DIRECTION('',(0.0,0.0,1.0));
#3334=DIRECTION('',(0.0,-1.0,0.0));
#3335=CARTESIAN_POINT('',(1.905,9.398,-5.08));
#3336=DIRECTION('',(0.0,1.0,0.0));
#3337=DIRECTION('',(0.0,0.0,-1.0));
#3338=DIRECTION('',(0.0,-1.0,0.0));
#3339=CARTESIAN_POINT('',(1.905,9.398,-5.08));
#3340=DIRECTION('',(0.0,-1.0,0.0));
#3341=DIRECTION('',(0.0,0.0,-1.0));
#3342=CARTESIAN_POINT('',(1.905,9.398,-5.08));
#3343=DIRECTION('',(0.0,-1.0,0.0));
#3344=DIRECTION('',(0.0,0.0,-1.0));
#3345=CARTESIAN_POINT('',(1.905,9.398,-5.08));
#3346=DIRECTION('',(0.0,1.0,0.0));
#3347=DIRECTION('',(0.0,0.0,-1.0));
#3348=CARTESIAN_POINT('',(1.905,9.7282,-5.08));
#3349=DIRECTION('',(0.0,1.0,0.0));
#3350=DIRECTION('',(-0.973008510821045,0.0,-0.230769230769211));
#3351=DIRECTION('',(0.0,1.0,0.0));
#3352=CARTESIAN_POINT('',(1.905,10.033,-5.08));
#3353=DIRECTION('',(0.0,1.0,0.0));
#3354=DIRECTION('',(0.0,0.0,-1.0));
#3355=DIRECTION('',(0.0,-1.0,0.0));
#3356=DIRECTION('',(0.0,-1.0,0.0));
#3357=CARTESIAN_POINT('',(1.905,10.033,-5.08));
#3358=DIRECTION('',(0.0,1.0,0.0));
#3359=DIRECTION('',(-0.973008510821045,0.0,0.230769230769211));
#3360=DIRECTION('',(0.0,1.0,0.0));
#3361=DIRECTION('',(0.0,1.0,0.0));
#3362=DIRECTION('',(1.0,0.0,0.0));
#3363=DIRECTION('',(-1.0,0.0,0.0));
#3364=CARTESIAN_POINT('',(1.905,10.033,-5.08));
#3365=DIRECTION('',(0.0,-1.0,0.0));
#3366=DIRECTION('',(0.973008510821045,0.0,0.230769230769211));
#3367=CARTESIAN_POINT('',(1.905,10.033,-5.08));
#3368=DIRECTION('',(0.0,-1.0,0.0));
#3369=DIRECTION('',(0.0,0.0,-1.0));
#3370=DIRECTION('',(-1.0,0.0,0.0));
#3371=DIRECTION('',(0.0,1.0,0.0));
#3372=CARTESIAN_POINT('',(1.905,9.7282,-5.08));
#3373=DIRECTION('',(-0.0,1.0,0.0));
#3374=DIRECTION('',(0.973008510821045,0.0,0.230769230769211));
#3375=DIRECTION('',(1.0,0.0,0.0));
#3376=DIRECTION('',(0.0,-1.0,0.0));
#3377=DIRECTION('',(0.0,0.0,-1.0));
#3378=DIRECTION('',(0.0,1.0,0.0));
#3379=DIRECTION('',(1.0,0.0,0.0));
#3380=DIRECTION('',(0.0,1.0,0.0));
#3381=DIRECTION('',(0.0,0.0,-1.0));
#3382=DIRECTION('',(0.0,-1.0,0.0));
#3383=DIRECTION('',(1.0,0.0,0.0));
#3384=DIRECTION('',(0.0,-1.0,0.0));
#3385=CARTESIAN_POINT('',(-1.905,9.398,-5.08));
#3386=DIRECTION('',(0.0,1.0,0.0));
#3387=DIRECTION('',(0.0,0.0,-1.0));
#3388=DIRECTION('',(0.0,-1.0,0.0));
#3389=CARTESIAN_POINT('',(-1.905,9.398,-5.08));
#3390=DIRECTION('',(0.0,-1.0,0.0));
#3391=DIRECTION('',(0.0,0.0,-1.0));
#3392=CARTESIAN_POINT('',(-1.905,9.398,-5.08));
#3393=DIRECTION('',(0.0,-1.0,0.0));
#3394=DIRECTION('',(0.0,0.0,-1.0));
#3395=CARTESIAN_POINT('',(-1.905,9.398,-5.08));
#3396=DIRECTION('',(0.0,1.0,0.0));
#3397=DIRECTION('',(0.0,0.0,-1.0));
#3398=CARTESIAN_POINT('',(-1.905,9.7282,-5.08));
#3399=DIRECTION('',(0.0,1.0,0.0));
#3400=DIRECTION('',(-0.973008510821045,0.0,-0.230769230769211));
#3401=DIRECTION('',(0.0,1.0,0.0));
#3402=CARTESIAN_POINT('',(-1.905,10.033,-5.08));
#3403=DIRECTION('',(0.0,1.0,0.0));
#3404=DIRECTION('',(0.0,0.0,-1.0));
#3405=DIRECTION('',(0.0,-1.0,0.0));
#3406=DIRECTION('',(0.0,-1.0,0.0));
#3407=CARTESIAN_POINT('',(-1.905,10.033,-5.08));
#3408=DIRECTION('',(0.0,1.0,0.0));
#3409=DIRECTION('',(-0.973008510821045,0.0,0.230769230769211));
#3410=DIRECTION('',(0.0,1.0,0.0));
#3411=DIRECTION('',(-1.0,0.0,0.0));
#3412=DIRECTION('',(0.0,1.0,0.0));
#3413=DIRECTION('',(1.0,0.0,0.0));
#3414=CARTESIAN_POINT('',(-1.905,9.7282,-5.08));
#3415=DIRECTION('',(-0.0,1.0,0.0));
#3416=DIRECTION('',(0.973008510821045,0.0,0.230769230769211));
#3417=DIRECTION('',(1.0,0.0,0.0));
#3418=DIRECTION('',(0.0,1.0,0.0));
#3419=DIRECTION('',(-1.0,0.0,0.0));
#3420=CARTESIAN_POINT('',(-1.905,10.033,-5.08));
#3421=DIRECTION('',(0.0,-1.0,0.0));
#3422=DIRECTION('',(0.973008510821045,0.0,0.230769230769211));
#3423=CARTESIAN_POINT('',(-1.905,10.033,-5.08));
#3424=DIRECTION('',(0.0,-1.0,0.0));
#3425=DIRECTION('',(0.0,0.0,-1.0));
#3426=DIRECTION('',(0.0,0.0,-1.0));
#3427=DIRECTION('',(0.0,1.0,0.0));
#3428=DIRECTION('',(0.0,-1.0,0.0));
#3429=DIRECTION('',(0.0,-1.0,0.0));
#3430=DIRECTION('',(1.0,0.0,0.0));
#3431=DIRECTION('',(0.0,0.0,-1.0));
#3432=DIRECTION('',(1.0,0.0,0.0));
#3433=DIRECTION('',(0.0,1.0,0.0));
#3434=DIRECTION('',(0.0,-1.0,0.0));
#3435=DIRECTION('',(1.0,0.0,0.0));
#3436=DIRECTION('',(0.0,-1.0,0.0));
#3437=DIRECTION('',(0.0,1.0,0.0));
#3438=DIRECTION('',(1.0,0.0,0.0));
#3439=DIRECTION('',(0.0,1.0,0.0));
#3440=DIRECTION('',(1.0,0.0,0.0));
#3441=DIRECTION('',(0.0,-1.0,0.0));
#3442=DIRECTION('',(0.0,1.0,0.0));
#3443=CARTESIAN_POINT('',(1.905,9.398,-4.2286817777605));
#3444=DIRECTION('',(0.0,1.0,0.0));
#3445=DIRECTION('',(0.550000000000001,0.0,-0.835164654424502));
#3446=DIRECTION('',(0.0,0.0,-1.0));
#3447=DIRECTION('',(1.0,0.0,0.0));
#3448=DIRECTION('',(0.0,0.0,1.0));
#3449=DIRECTION('',(1.0,0.0,0.0));
#3450=DIRECTION('',(1.0,0.0,0.0));
#3451=DIRECTION('',(0.0,0.0,1.0));
#3452=CARTESIAN_POINT('',(-1.905,9.398,-4.2286817777605));
#3453=DIRECTION('',(0.0,1.0,0.0));
#3454=DIRECTION('',(0.550000000000001,0.0,-0.835164654424502));
#3455=DIRECTION('',(0.0,-1.0,0.0));
#3456=DIRECTION('',(0.0,1.0,0.0));
#3457=DIRECTION('',(0.0,-1.0,0.0));
#3458=DIRECTION('',(0.0,-1.0,0.0));
#3459=DIRECTION('',(0.0,0.0,-1.0));
#3460=DIRECTION('',(0.0,1.0,0.0));
#3461=DIRECTION('',(0.0,0.0,-1.0));
#3462=DIRECTION('',(0.0,1.0,0.0));
#3463=DIRECTION('',(0.0,0.0,1.0));
#3464=DIRECTION('',(0.0,1.0,0.0));
#3465=DIRECTION('',(0.0,0.0,-1.0));
#3466=DIRECTION('',(-1.0,0.0,0.0));
#3467=DIRECTION('',(0.0,0.0,-1.0));
#3468=DIRECTION('',(-1.0,0.0,0.0));
#3469=DIRECTION('',(1.0,0.0,0.0));
#3470=DIRECTION('',(0.0,-1.0,0.0));
#3471=DIRECTION('',(1.0,0.0,0.0));
#3472=DIRECTION('',(0.0,-1.0,0.0));
#3473=DIRECTION('',(1.0,0.0,0.0));
#3474=DIRECTION('',(0.0,-1.0,0.0));
#3475=DIRECTION('',(1.0,0.0,0.0));
#3476=DIRECTION('',(-1.0,0.0,0.0));
#3477=DIRECTION('',(0.0,1.0,0.0));
#3478=DIRECTION('',(1.0,0.0,0.0));
#3479=DIRECTION('',(0.0,-1.0,0.0));
#3480=DIRECTION('',(-1.0,0.0,0.0));
#3481=DIRECTION('',(0.0,1.0,0.0));
#3482=DIRECTION('',(1.0,0.0,0.0));
#3483=DIRECTION('',(0.0,-1.0,0.0));
#3484=DIRECTION('',(0.264906471413009,0.927172649945531,0.264906471413009));
#3485=DIRECTION('',(0.0,-1.0,0.0));
#3486=DIRECTION('',(0.577350269189626,-0.577350269189626,0.577350269189626));
#3487=DIRECTION('',(-1.0,0.0,0.0));
#3488=DIRECTION('',(-0.577350269189626,-0.577350269189626,0.577350269189626));
#3489=DIRECTION('',(-0.264906471413009,0.927172649945531,0.264906471413009));
#3490=DIRECTION('',(0.0,1.0,0.0));
#3491=DIRECTION('',(0.0,0.0,-1.0));
#3492=DIRECTION('',(0.0,-1.0,0.0));
#3493=DIRECTION('',(0.0,0.0,-1.0));
#3494=DIRECTION('',(-1.0,0.0,0.0));
#3495=DIRECTION('',(0.0,0.0,-1.0));
#3496=DIRECTION('',(1.0,0.0,0.0));
#3497=DIRECTION('',(0.0,1.0,0.0));
#3498=DIRECTION('',(0.0,0.0,-1.0));
#3499=DIRECTION('',(1.0,0.0,0.0));
#3500=DIRECTION('',(0.264906471413009,0.927172649945531,0.264906471413009));
#3501=DIRECTION('',(0.0,-1.0,0.0));
#3502=DIRECTION('',(0.577350269189626,-0.577350269189626,0.577350269189626));
#3503=DIRECTION('',(-1.0,0.0,0.0));
#3504=DIRECTION('',(-0.577350269189626,-0.577350269189626,0.577350269189626));
#3505=DIRECTION('',(-0.264906471413009,0.927172649945531,0.264906471413009));
#3506=DIRECTION('',(0.0,1.0,0.0));
#3507=DIRECTION('',(0.0,0.0,-1.0));
#3508=DIRECTION('',(0.0,-1.0,0.0));
#3509=DIRECTION('',(0.0,0.0,-1.0));
#3510=DIRECTION('',(-1.0,0.0,0.0));
#3511=DIRECTION('',(0.0,0.0,-1.0));
#3512=DIRECTION('',(1.0,0.0,0.0));
#3513=DIRECTION('',(0.0,1.0,0.0));
#3514=DIRECTION('',(0.0,0.0,-1.0));
#3515=DIRECTION('',(1.0,0.0,0.0));
#3516=DIRECTION('',(0.0,0.0,1.0));
#3517=DIRECTION('',(-1.0,0.0,0.0));
#3518=DIRECTION('',(0.0,0.0,1.0));
#3519=DIRECTION('',(0.0,0.0,1.0));
#3520=DIRECTION('',(1.0,0.0,0.0));
#3521=DIRECTION('',(0.0,-0.941741911594819,0.336336396998207));
#3522=DIRECTION('',(0.0,-1.0,0.0));
#3523=DIRECTION('',(0.0,0.0,1.0));
#3524=DIRECTION('',(-1.0,0.0,0.0));
#3525=DIRECTION('',(0.0,1.0,0.0));
#3526=DIRECTION('',(0.0,0.0,1.0));
#3527=DIRECTION('',(1.0,0.0,0.0));
#3528=DIRECTION('',(0.0,0.0,1.0));
#3529=DIRECTION('',(0.0,-1.0,0.0));
#3530=DIRECTION('',(1.0,0.0,0.0));
#3531=DIRECTION('',(1.0,0.0,0.0));
#3532=DIRECTION('',(1.0,0.0,0.0));
#3533=DIRECTION('',(1.0,0.0,0.0));
#3534=DIRECTION('',(0.0,1.0,0.0));
#3535=DIRECTION('',(1.0,0.0,0.0));
#3536=DIRECTION('',(0.0,1.0,0.0));
#3537=DIRECTION('',(1.0,0.0,0.0));
#3538=DIRECTION('',(0.0,1.0,0.0));
#3539=DIRECTION('',(1.0,0.0,0.0));
#3540=DIRECTION('',(0.0,1.0,0.0));
#3541=DIRECTION('',(0.0,0.0,1.0));
#3542=DIRECTION('',(0.0,1.0,0.0));
#3543=DIRECTION('',(0.0,0.0,-1.0));
#3544=DIRECTION('',(1.0,0.0,0.0));
#3545=DIRECTION('',(0.0,0.0,-1.0));
#3546=DIRECTION('',(0.0,1.0,0.0));
#3547=DIRECTION('',(0.0,0.0,1.0));
#3548=DIRECTION('',(1.0,0.0,0.0));
#3549=DIRECTION('',(1.0,0.0,0.0));
#3550=DIRECTION('',(0.0,0.0,-1.0));
#3551=DIRECTION('',(1.0,0.0,0.0));
#3552=DIRECTION('',(0.0,0.0,-1.0));
#3553=CARTESIAN_POINT('',(1.905,6.35,-15.494));
#3554=DIRECTION('',(0.0,-0.0,1.0));
#3555=DIRECTION('',(0.0,1.0,0.0));
#3556=CARTESIAN_POINT('',(1.905,6.35,-15.494));
#3557=DIRECTION('',(0.0,0.0,1.0));
#3558=DIRECTION('',(0.0,-1.0,0.0));
#3559=DIRECTION('',(0.0,0.0,-1.0));
#3560=CARTESIAN_POINT('',(1.905,6.35,-14.6685));
#3561=DIRECTION('',(0.0,0.0,1.0));
#3562=DIRECTION('',(0.0,-1.0,0.0));
#3563=DIRECTION('',(0.0,0.0,-1.0));
#3564=CARTESIAN_POINT('',(1.905,6.35,-14.6685));
#3565=DIRECTION('',(0.0,0.0,-1.0));
#3566=DIRECTION('',(0.0,-1.0,0.0));
#3567=CARTESIAN_POINT('',(1.905,6.35,-14.478));
#3568=DIRECTION('',(0.0,0.0,-1.0));
#3569=DIRECTION('',(0.0,-1.0,0.0));
#3570=DIRECTION('',(0.0,-0.707106781186498,-0.707106781186597));
#3571=DIRECTION('',(0.0,0.707106781186498,-0.707106781186597));
#3572=CARTESIAN_POINT('',(1.905,6.35,-14.478));
#3573=DIRECTION('',(0.0,0.0,1.0));
#3574=DIRECTION('',(0.0,-1.0,0.0));
#3575=DIRECTION('',(0.0,0.0,-1.0));
#3576=CARTESIAN_POINT('',(1.905,6.35,-14.224));
#3577=DIRECTION('',(0.0,0.0,1.0));
#3578=DIRECTION('',(0.0,-1.0,0.0));
#3579=DIRECTION('',(0.0,0.0,-1.0));
#3580=CARTESIAN_POINT('',(1.905,6.35,-14.224));
#3581=DIRECTION('',(0.0,0.0,-1.0));
#3582=DIRECTION('',(0.0,-1.0,0.0));
#3583=DIRECTION('',(0.0,-1.0,0.0));
#3584=DIRECTION('',(0.0,0.0,-1.0));
#3585=DIRECTION('',(0.0,1.0,0.0));
#3586=DIRECTION('',(1.0,0.0,0.0));
#3587=DIRECTION('',(0.0,1.0,0.0));
#3588=DIRECTION('',(1.0,0.0,0.0));
#3589=DIRECTION('',(0.0,1.0,0.0));
#3590=DIRECTION('',(1.0,0.0,0.0));
#3591=DIRECTION('',(0.0,1.0,0.0));
#3592=DIRECTION('',(0.0,0.0,-1.0));
#3593=DIRECTION('',(0.0,-1.0,0.0));
#3594=DIRECTION('',(0.0,-1.0,0.0));
#3595=DIRECTION('',(1.0,0.0,0.0));
#3596=DIRECTION('',(1.0,0.0,0.0));
#3597=DIRECTION('',(0.0,-1.0,0.0));
#3598=DIRECTION('',(-1.0,0.0,0.0));
#3599=DIRECTION('',(0.0,0.0,1.0));
#3600=DIRECTION('',(0.0,0.0,1.0));
#3601=DIRECTION('',(0.0,0.0,-1.0));
#3602=DIRECTION('',(0.0,0.0,-1.0));
#3603=DIRECTION('',(0.0,0.0,1.0));
#3604=DIRECTION('',(0.0,1.0,0.0));
#3605=DIRECTION('',(0.0,0.0,-1.0));
#3606=DIRECTION('',(1.0,0.0,0.0));
#3607=DIRECTION('',(0.0,0.0,-1.0));
#3608=DIRECTION('',(0.0,1.0,0.0));
#3609=DIRECTION('',(0.0,0.0,1.0));
#3610=DIRECTION('',(1.0,0.0,0.0));
#3611=DIRECTION('',(1.0,0.0,0.0));
#3612=DIRECTION('',(0.0,0.0,-1.0));
#3613=DIRECTION('',(1.0,0.0,0.0));
#3614=DIRECTION('',(0.0,0.0,-1.0));
#3615=CARTESIAN_POINT('',(-1.905,6.35,-15.494));
#3616=DIRECTION('',(0.0,0.0,-1.0));
#3617=DIRECTION('',(0.0,-1.0,0.0));
#3618=CARTESIAN_POINT('',(-1.905,6.35,-15.494));
#3619=DIRECTION('',(0.0,0.0,-1.0));
#3620=DIRECTION('',(0.0,1.0,0.0));
#3621=DIRECTION('',(0.0,0.0,-1.0));
#3622=CARTESIAN_POINT('',(-1.905,6.35,-14.6685));
#3623=DIRECTION('',(0.0,0.0,1.0));
#3624=DIRECTION('',(0.0,-1.0,0.0));
#3625=DIRECTION('',(0.0,0.0,-1.0));
#3626=CARTESIAN_POINT('',(-1.905,6.35,-14.6685));
#3627=DIRECTION('',(0.0,0.0,-1.0));
#3628=DIRECTION('',(0.0,-1.0,0.0));
#3629=CARTESIAN_POINT('',(-1.905,6.35,-14.478));
#3630=DIRECTION('',(0.0,0.0,-1.0));
#3631=DIRECTION('',(0.0,-1.0,0.0));
#3632=DIRECTION('',(0.0,-0.707106781186498,-0.707106781186597));
#3633=DIRECTION('',(0.0,0.707106781186498,-0.707106781186597));
#3634=CARTESIAN_POINT('',(-1.905,6.35,-14.478));
#3635=DIRECTION('',(0.0,0.0,1.0));
#3636=DIRECTION('',(0.0,-1.0,0.0));
#3637=DIRECTION('',(0.0,0.0,-1.0));
#3638=CARTESIAN_POINT('',(-1.905,6.35,-14.224));
#3639=DIRECTION('',(0.0,0.0,1.0));
#3640=DIRECTION('',(0.0,-1.0,0.0));
#3641=DIRECTION('',(0.0,0.0,-1.0));
#3642=CARTESIAN_POINT('',(-1.905,6.35,-14.224));
#3643=DIRECTION('',(0.0,0.0,-1.0));
#3644=DIRECTION('',(0.0,-1.0,0.0));
#3645=DIRECTION('',(0.0,1.0,0.0));
#3646=DIRECTION('',(0.0,-1.0,0.0));
#3647=DIRECTION('',(0.0,0.0,-1.0));
#3648=DIRECTION('',(0.0,0.0,-1.0));
#3649=DIRECTION('',(1.0,0.0,0.0));
#3650=DIRECTION('',(1.0,0.0,0.0));
#3651=DIRECTION('',(0.0,0.0,-1.0));
#3652=DIRECTION('',(1.0,0.0,0.0));
#3653=DIRECTION('',(0.0,0.0,-1.0));
#3654=DIRECTION('',(1.0,0.0,0.0));
#3655=DIRECTION('',(0.0,-1.0,0.0));
#3656=DIRECTION('',(0.0,-1.0,0.0));
#3657=DIRECTION('',(0.0,-1.0,0.0));
#3658=DIRECTION('',(-1.0,0.0,0.0));
#3659=DIRECTION('',(0.0,0.0,1.0));
#3660=DIRECTION('',(0.0,0.0,1.0));
#3661=DIRECTION('',(1.0,0.0,0.0));
#3662=DIRECTION('',(0.0,1.0,0.0));
#3663=DIRECTION('',(0.0,1.0,0.0));
#3664=DIRECTION('',(0.0,1.0,0.0));
ENDSEC;
END-ISO-10303-21;
