ISO-10303-21;
HEADER;
FILE_DESCRIPTION (( 'STEP AP214' ),
    '1' );
FILE_NAME ('100SP1T2B4M7RE.STEP',
    '2022-07-25T09:04:55',
    ( '' ),
    ( '' ),
    'SwSTEP 2.0',
    'SolidWorks 2017',
    '' );
FILE_SCHEMA (( 'AUTOMOTIVE_DESIGN' ));
ENDSEC;

DATA;
#1 = MECHANICAL_DESIGN_GEOMETRIC_PRESENTATION_REPRESENTATION (  '', ( #2227 ), #4661 ) ;
#2 = CARTESIAN_POINT ( 'NONE',  ( 5.080000000000001000, -1.015000000000004100, -1.549999999999997800 ) ) ;
#3 = EDGE_CURVE ( 'NONE', #3046, #3259, #299, .T. ) ;
#4 = VECTOR ( 'NONE', #5384, 1000.000000000000000 ) ;
#5 = ORIENTED_EDGE ( 'NONE', *, *, #994, .T. ) ;
#6 = EDGE_LOOP ( 'NONE', ( #6460, #1825, #529, #5658 ) ) ;
#7 = DIRECTION ( 'NONE',  ( -1.000000000000000000, 0.0000000000000000000, 0.0000000000000000000 ) ) ;
#8 = VECTOR ( 'NONE', #2191, 1000.000000000000000 ) ;
#9 = CARTESIAN_POINT ( 'NONE',  ( -6.350000000000000500, -2.670000000000013700, 8.890000000000000600 ) ) ;
#10 = EDGE_CURVE ( 'NONE', #4791, #4301, #3348, .T. ) ;
#11 = ORIENTED_EDGE ( 'NONE', *, *, #5982, .T. ) ;
#12 = VECTOR ( 'NONE', #6031, 1000.000000000000000 ) ;
#13 = CARTESIAN_POINT ( 'NONE',  ( 1.299999999999956500, 2.919999999999978600, 0.0000000000000000000 ) ) ;
#14 = VECTOR ( 'NONE', #1603, 1000.000000000000100 ) ;
#15 =( NAMED_UNIT ( * ) SI_UNIT ( $, .STERADIAN. ) SOLID_ANGLE_UNIT ( ) );
#16 = ORIENTED_EDGE ( 'NONE', *, *, #4164, .T. ) ;
#17 = EDGE_CURVE ( 'NONE', #5739, #5646, #631, .T. ) ;
#18 = DIRECTION ( 'NONE',  ( -0.0000000000000000000, -1.000000000000000000, -0.0000000000000000000 ) ) ;
#19 = LINE ( 'NONE', #50, #2054 ) ;
#20 = LINE ( 'NONE', #2504, #6325 ) ;
#21 = LINE ( 'NONE', #4004, #6061 ) ;
#22 = ORIENTED_EDGE ( 'NONE', *, *, #2620, .T. ) ;
#23 = EDGE_CURVE ( 'NONE', #3000, #5981, #1054, .T. ) ;
#24 = CARTESIAN_POINT ( 'NONE',  ( -1.300000000000007100, 2.920000000000004400, 0.5099999999999920200 ) ) ;
#25 = EDGE_LOOP ( 'NONE', ( #3569, #5959, #4721, #1449 ) ) ;
#26 = CARTESIAN_POINT ( 'NONE',  ( -2.357898303399244900, -0.4892396278385282600, 16.48196592869951300 ) ) ;
#27 = EDGE_CURVE ( 'NONE', #5618, #7026, #4291, .T. ) ;
#28 = ORIENTED_EDGE ( 'NONE', *, *, #4445, .F. ) ;
#29 = CARTESIAN_POINT ( 'NONE',  ( -6.350000000000000500, -3.429999999999996600, 8.380000000000009700 ) ) ;
#30 = CARTESIAN_POINT ( 'NONE',  ( -5.080000000000001000, -1.015000000000004100, -1.549999999999997800 ) ) ;
#31 = LINE ( 'NONE', #165, #714 ) ;
#32 = LINE ( 'NONE', #6329, #2418 ) ;
#33 = EDGE_LOOP ( 'NONE', ( #4642, #208, #4821, #4169 ) ) ;
#34 = ADVANCED_FACE ( 'NONE', ( #1734 ), #5493, .T. ) ;
#35 = ORIENTED_EDGE ( 'NONE', *, *, #6403, .F. ) ;
#36 = VERTEX_POINT ( 'NONE', #6508 ) ;
#37 = VERTEX_POINT ( 'NONE', #5911 ) ;
#38 = CARTESIAN_POINT ( 'NONE',  ( 1.936774820364505400, -3.430000000000015700, 6.547201937963129700 ) ) ;
#39 = EDGE_LOOP ( 'NONE', ( #113, #6189, #4281, #3475 ) ) ;
#40 = DIRECTION ( 'NONE',  ( 0.2027126583466629100, -0.9792382642370696100, 0.0000000000000000000 ) ) ;
#41 = CYLINDRICAL_SURFACE ( 'NONE', #3243, 3.110000000000006500 ) ;
#42 = ORIENTED_EDGE ( 'NONE', *, *, #3, .F. ) ;
#43 = VERTEX_POINT ( 'NONE', #1527 ) ;
#44 = CARTESIAN_POINT ( 'NONE',  ( 8.330000000000005400, 2.540000000000000500, 8.890000000000000600 ) ) ;
#45 = VECTOR ( 'NONE', #3517, 1000.000000000000000 ) ;
#46 = AXIS2_PLACEMENT_3D ( 'NONE', #1559, #2055, #7043 ) ;
#47 = DIRECTION ( 'NONE',  ( 0.0000000000000000000, 0.0000000000000000000, -1.000000000000000000 ) ) ;
#48 = EDGE_CURVE ( 'NONE', #2528, #3666, #5239, .T. ) ;
#49 = DIRECTION ( 'NONE',  ( 0.0000000000000000000, -0.0000000000000000000, 1.000000000000000000 ) ) ;
#50 = CARTESIAN_POINT ( 'NONE',  ( -1.300000000000017100, 2.919999999999930200, -2.775557060000000200E-015 ) ) ;
#51 = DIRECTION ( 'NONE',  ( 0.0000000000000000000, 1.000000000000000000, -0.0000000000000000000 ) ) ;
#52 = PLANE ( 'NONE',  #2106 ) ;
#53 = LINE ( 'NONE', #3909, #5688 ) ;
#54 = ORIENTED_EDGE ( 'NONE', *, *, #6022, .T. ) ;
#55 = CARTESIAN_POINT ( 'NONE',  ( 6.350000000000000500, 3.429999999999996600, 8.380000000000009700 ) ) ;
#56 = EDGE_CURVE ( 'NONE', #579, #5616, #5913, .T. ) ;
#57 = CARTESIAN_POINT ( 'NONE',  ( -4.209548860370472500, -1.333487006990677700, -0.8815067120431439000 ) ) ;
#58 = AXIS2_PLACEMENT_3D ( 'NONE', #940, #6795, #270 ) ;
#59 = DIRECTION ( 'NONE',  ( 1.000000000000000000, 0.0000000000000000000, -0.0000000000000000000 ) ) ;
#60 = VERTEX_POINT ( 'NONE', #2669 ) ;
#61 = EDGE_CURVE ( 'NONE', #546, #5536, #2590, .T. ) ;
#62 = VECTOR ( 'NONE', #305, 1000.000000000000000 ) ;
#63 = PLANE ( 'NONE',  #6855 ) ;
#64 = ADVANCED_FACE ( 'NONE', ( #6941, #6681 ), #6940, .T. ) ;
#65 = CARTESIAN_POINT ( 'NONE',  ( -2.357898303399245300, -5.967448059999999900E-015, 9.390000000000007700 ) ) ;
#66 = DIRECTION ( 'NONE',  ( -0.5773502691896258400, -0.5773502691896258400, -0.5773502691896258400 ) ) ;
#67 = EDGE_CURVE ( 'NONE', #6434, #5729, #5322, .T. ) ;
#68 = EDGE_CURVE ( 'NONE', #598, #1545, #205, .T. ) ;
#69 = ORIENTED_EDGE ( 'NONE', *, *, #5910, .T. ) ;
#70 = CARTESIAN_POINT ( 'NONE',  ( -6.249999999999994700, 3.179999999999980600, 8.890000000000000600 ) ) ;
#71 = PRESENTATION_STYLE_ASSIGNMENT (( #2948 ) ) ;
#72 = DIRECTION ( 'NONE',  ( 0.0000000000000000000, -0.0000000000000000000, -1.000000000000000000 ) ) ;
#73 = EDGE_LOOP ( 'NONE', ( #6222, #412, #4358, #4864 ) ) ;
#74 = DIRECTION ( 'NONE',  ( 1.000000000000000000, 0.0000000000000000000, 0.0000000000000000000 ) ) ;
#75 = CARTESIAN_POINT ( 'NONE',  ( 4.749999999999993800, -3.429999999999996600, 0.0000000000000000000 ) ) ;
#76 = ORIENTED_EDGE ( 'NONE', *, *, #2254, .T. ) ;
#77 = CARTESIAN_POINT ( 'NONE',  ( -4.085694307527454300, -1.333487006990677700, -0.7981150723133587600 ) ) ;
#78 = DIRECTION ( 'NONE',  ( 0.0000000000000000000, -0.0000000000000000000, 1.000000000000000000 ) ) ;
#79 = CARTESIAN_POINT ( 'NONE',  ( 3.030121042830554100, 0.6350000000000001200, -6.990000000000006400 ) ) ;
#80 = EDGE_LOOP ( 'NONE', ( #1565, #4389, #6115, #2509 ) ) ;
#81 = FACE_OUTER_BOUND ( 'NONE', #2160, .T. ) ;
#82 = CARTESIAN_POINT ( 'NONE',  ( -3.910000000000007200, 1.049314575050752200, -0.9999999999999879000 ) ) ;
#83 = AXIS2_PLACEMENT_3D ( 'NONE', #460, #4754, #480 ) ;
#84 = DIRECTION ( 'NONE',  ( 0.5773502691896252900, -0.5773502691896259500, -0.5773502691896261800 ) ) ;
#85 = DIRECTION ( 'NONE',  ( -0.0000000000000000000, -0.0000000000000000000, -1.000000000000000000 ) ) ;
#86 =( BOUNDED_CURVE ( )  B_SPLINE_CURVE ( 3, ( #1819, #4568, #5119, #174 ),
 .UNSPECIFIED., .F., .T. ) 
 B_SPLINE_CURVE_WITH_KNOTS ( ( 4, 4 ),
 ( 2.617993877991481500, 3.665191429188105100 ),
 .UNSPECIFIED. ) 
 CURVE ( )  GEOMETRIC_REPRESENTATION_ITEM ( )  RATIONAL_B_SPLINE_CURVE ( ( 1.000000000000000000, 0.9106836025229547700, 0.9106836025229547700, 1.000000000000000000 ) ) 
 REPRESENTATION_ITEM ( '' )  );
#87 = LINE ( 'NONE', #1391, #5133 ) ;
#88 = ORIENTED_EDGE ( 'NONE', *, *, #5987, .F. ) ;
#89 = LINE ( 'NONE', #5388, #5716 ) ;
#90 = DIRECTION ( 'NONE',  ( 0.0000000000000000000, 0.0000000000000000000, -1.000000000000000000 ) ) ;
#91 = CIRCLE ( 'NONE', #4653, 0.4000000000000003000 ) ;
#92 = DIRECTION ( 'NONE',  ( 0.0000000000000000000, -0.0000000000000000000, 1.000000000000000000 ) ) ;
#93 = EDGE_LOOP ( 'NONE', ( #378, #3359, #2865, #2515 ) ) ;
#94 = FACE_OUTER_BOUND ( 'NONE', #318, .T. ) ;
#95 = DIRECTION ( 'NONE',  ( 0.2027126583464044200, -0.9792382642371232300, 0.0000000000000000000 ) ) ;
#96 = EDGE_CURVE ( 'NONE', #3387, #2731, #6510, .T. ) ;
#97 = ADVANCED_FACE ( 'NONE', ( #3430 ), #1079, .T. ) ;
#98 = DIRECTION ( 'NONE',  ( -0.0000000000000000000, -1.000000000000000000, 0.0000000000000000000 ) ) ;
#99 = VECTOR ( 'NONE', #3439, 1000.000000000000000 ) ;
#100 = CARTESIAN_POINT ( 'NONE',  ( 2.100000000000006300, -4.200000000000011700, 14.67999999999998000 ) ) ;
#101 = CARTESIAN_POINT ( 'NONE',  ( -1.299999999999994300, -2.920000000000029700, 0.5099999999999921300 ) ) ;
#102 = LINE ( 'NONE', #1403, #5728 ) ;
#103 = ORIENTED_EDGE ( 'NONE', *, *, #3628, .T. ) ;
#104 = VECTOR ( 'NONE', #6978, 1000.000000000000000 ) ;
#105 = ORIENTED_EDGE ( 'NONE', *, *, #3662, .T. ) ;
#106 = DIRECTION ( 'NONE',  ( 0.0000000000000000000, -0.0000000000000000000, 1.000000000000000000 ) ) ;
#107 = AXIS2_PLACEMENT_3D ( 'NONE', #4843, #4338, #1077 ) ;
#108 = AXIS2_PLACEMENT_3D ( 'NONE', #564, #1110, #1007 ) ;
#109 = LINE ( 'NONE', #2631, #1811 ) ;
#110 = ORIENTED_EDGE ( 'NONE', *, *, #4809, .F. ) ;
#111 = CARTESIAN_POINT ( 'NONE',  ( 0.6223504424119061800, -1.049314575050752200, -0.9583642496800578400 ) ) ;
#112 = ORIENTED_EDGE ( 'NONE', *, *, #4929, .T. ) ;
#113 = ORIENTED_EDGE ( 'NONE', *, *, #2526, .T. ) ;
#114 = ORIENTED_EDGE ( 'NONE', *, *, #5976, .F. ) ;
#115 = CARTESIAN_POINT ( 'NONE',  ( -2.100000000000008500, -4.200000000000011700, 23.08000000000001600 ) ) ;
#116 = FACE_BOUND ( 'NONE', #6348, .T. ) ;
#117 = ORIENTED_EDGE ( 'NONE', *, *, #4130, .F. ) ;
#118 = CARTESIAN_POINT ( 'NONE',  ( 4.209548860370473400, 1.333487006990678100, -0.8815067120431437900 ) ) ;
#119 = EDGE_LOOP ( 'NONE', ( #5563, #1995, #1153, #3669 ) ) ;
#120 = DIRECTION ( 'NONE',  ( 0.0000000000000000000, 0.0000000000000000000, 1.000000000000000000 ) ) ;
#121 = ORIENTED_EDGE ( 'NONE', *, *, #6765, .T. ) ;
#122 = ORIENTED_EDGE ( 'NONE', *, *, #2434, .T. ) ;
#123 = CARTESIAN_POINT ( 'NONE',  ( 3.050000000000022900, -2.920000000000011500, 0.6999999999999940700 ) ) ;
#124 = ORIENTED_EDGE ( 'NONE', *, *, #56, .F. ) ;
#125 = CARTESIAN_POINT ( 'NONE',  ( 4.319999999999992300, 1.015000000000004100, -1.549999999999997800 ) ) ;
#126 = VERTEX_POINT ( 'NONE', #1622 ) ;
#127 = CARTESIAN_POINT ( 'NONE',  ( -4.750000000000000000, -2.670000000000013700, 8.890000000000000600 ) ) ;
#128 = FACE_OUTER_BOUND ( 'NONE', #1923, .T. ) ;
#129 = DIRECTION ( 'NONE',  ( -3.407430621008198400E-013, 1.000000000000000000, 1.536426813241605500E-012 ) ) ;
#130 = ORIENTED_EDGE ( 'NONE', *, *, #3519, .F. ) ;
#131 = CARTESIAN_POINT ( 'NONE',  ( 6.249999999999994700, 3.149999999999998600, 8.890000000000000600 ) ) ;
#132 = ORIENTED_EDGE ( 'NONE', *, *, #5330, .F. ) ;
#133 = LINE ( 'NONE', #624, #977 ) ;
#134 = ADVANCED_FACE ( 'NONE', ( #2583 ), #2185, .T. ) ;
#135 = DIRECTION ( 'NONE',  ( -0.0000000000000000000, 0.0000000000000000000, -1.000000000000000000 ) ) ;
#136 = ORIENTED_EDGE ( 'NONE', *, *, #6738, .T. ) ;
#137 = EDGE_LOOP ( 'NONE', ( #6825, #4828, #4600, #5081 ) ) ;
#138 = AXIS2_PLACEMENT_3D ( 'NONE', #5027, #4402, #78 ) ;
#139 = CARTESIAN_POINT ( 'NONE',  ( -2.100000000000008500, 4.200000000000017900, 23.08000000000001600 ) ) ;
#140 = LINE ( 'NONE', #2716, #1935 ) ;
#141 = EDGE_CURVE ( 'NONE', #3759, #4237, #2070, .T. ) ;
#142 = CARTESIAN_POINT ( 'NONE',  ( -1.580000000000006300, 2.111472381958995100, 0.0000000000000000000 ) ) ;
#143 = CARTESIAN_POINT ( 'NONE',  ( 3.121276751905067500, -3.264314575050808500, -7.073955971970178000E-017 ) ) ;
#144 = CARTESIAN_POINT ( 'NONE',  ( 4.750000000000000000, -3.429999999999996600, 0.0000000000000000000 ) ) ;
#145 = DIRECTION ( 'NONE',  ( -1.253073119328837300E-016, -1.000000000000000000, -1.253073119328835600E-016 ) ) ;
#146 = EDGE_CURVE ( 'NONE', #1222, #435, #4902, .T. ) ;
#147 = VECTOR ( 'NONE', #3603, 1000.000000000000000 ) ;
#148 = DIRECTION ( 'NONE',  ( -0.0000000000000000000, 0.0000000000000000000, 1.000000000000000000 ) ) ;
#149 = AXIS2_PLACEMENT_3D ( 'NONE', #5684, #1886, #4539 ) ;
#150 = CARTESIAN_POINT ( 'NONE',  ( -2.100000000000009000, 3.059146347820945600E-015, 14.67999999999998000 ) ) ;
#151 = AXIS2_PLACEMENT_3D ( 'NONE', #3838, #1678, #3300 ) ;
#152 = EDGE_CURVE ( 'NONE', #1406, #3449, #3003, .T. ) ;
#153 = VECTOR ( 'NONE', #5406, 1000.000000000000100 ) ;
#154 = CARTESIAN_POINT ( 'NONE',  ( 5.114314575050765500, -1.049314575050768900, -0.5999999999999964300 ) ) ;
#155 = CARTESIAN_POINT ( 'NONE',  ( 8.330000000000005400, -2.540000000000000500, 8.890000000000000600 ) ) ;
#156 = DIRECTION ( 'NONE',  ( 0.0000000000000000000, 1.000000000000000000, 0.0000000000000000000 ) ) ;
#157 = EDGE_CURVE ( 'NONE', #1487, #200, #6245, .T. ) ;
#158 = ORIENTED_EDGE ( 'NONE', *, *, #3576, .T. ) ;
#159 = VECTOR ( 'NONE', #4013, 1000.000000000000000 ) ;
#160 = EDGE_CURVE ( 'NONE', #4909, #2920, #368, .T. ) ;
#161 = CARTESIAN_POINT ( 'NONE',  ( 6.176472381958997300, -2.215000000000000700, 0.0000000000000000000 ) ) ;
#162 = CARTESIAN_POINT ( 'NONE',  ( -1.209100793869344300, -3.430000000000021900, 4.997201937963181400 ) ) ;
#163 = ORIENTED_EDGE ( 'NONE', *, *, #6643, .F. ) ;
#164 = CLOSED_SHELL ( 'NONE', ( #4941, #5570, #5441, #5951, #6470, #2621 ) ) ;
#165 = CARTESIAN_POINT ( 'NONE',  ( 1.387779038000000200E-015, -2.215000000000004700, 0.0000000000000000000 ) ) ;
#166 = LINE ( 'NONE', #5857, #5530 ) ;
#167 = ADVANCED_FACE ( 'NONE', ( #4210 ), #525, .T. ) ;
#168 = AXIS2_PLACEMENT_3D ( 'NONE', #6971, #3192, #3716 ) ;
#169 = SURFACE_SIDE_STYLE ('',( #1281 ) ) ;
#170 = VERTEX_POINT ( 'NONE', #7056 ) ;
#171 = DIRECTION ( 'NONE',  ( 0.7071067811865480200, -1.772113000000000100E-016, -0.7071067811865470200 ) ) ;
#172 = EDGE_LOOP ( 'NONE', ( #900, #2580, #351, #5342 ) ) ;
#173 = ORIENTED_EDGE ( 'NONE', *, *, #5281, .F. ) ;
#174 = CARTESIAN_POINT ( 'NONE',  ( 3.119999999999992100, -1.932157287525378300, -5.421010862427522200E-017 ) ) ;
#175 = VECTOR ( 'NONE', #1648, 1000.000000000000100 ) ;
#176 = CARTESIAN_POINT ( 'NONE',  ( 2.864554677647297900, 2.024174563873399900, 0.0000000000000000000 ) ) ;
#177 = LINE ( 'NONE', #2390, #596 ) ;
#178 = CARTESIAN_POINT ( 'NONE',  ( -5.322350442411924100, 1.049314575050752000, -0.9583642496800596200 ) ) ;
#179 = PLANE ( 'NONE',  #6592 ) ;
#180 = ORIENTED_EDGE ( 'NONE', *, *, #4208, .T. ) ;
#181 = FACE_OUTER_BOUND ( 'NONE', #890, .T. ) ;
#182 = CARTESIAN_POINT ( 'NONE',  ( 4.188761899963073400, -1.257350442411906200, -0.9583642496800581800 ) ) ;
#183 = CARTESIAN_POINT ( 'NONE',  ( 6.249999999999994700, 3.149999999999998600, 8.890000000000000600 ) ) ;
#184 = EDGE_CURVE ( 'NONE', #2757, #1535, #3868, .T. ) ;
#185 = CIRCLE ( 'NONE', #6651, 0.6099999999999976600 ) ;
#186 = DIRECTION ( 'NONE',  ( 1.242162000000000200E-016, 0.7071067811865480200, -0.7071067811865470200 ) ) ;
#187 = EDGE_LOOP ( 'NONE', ( #3462, #3872, #6234, #2930 ) ) ;
#188 = LINE ( 'NONE', #1171, #1805 ) ;
#189 = EDGE_LOOP ( 'NONE', ( #5663, #3836 ) ) ;
#190 = CARTESIAN_POINT ( 'NONE',  ( -1.476472381958994900, 2.215000000000006100, 0.0000000000000000000 ) ) ;
#191 = DIRECTION ( 'NONE',  ( -0.0000000000000000000, 1.000000000000000000, 0.0000000000000000000 ) ) ;
#192 = DIRECTION ( 'NONE',  ( 0.0000000000000000000, 0.0000000000000000000, -1.000000000000000000 ) ) ;
#193 = LINE ( 'NONE', #848, #942 ) ;
#194 = AXIS2_PLACEMENT_3D ( 'NONE', #5627, #4604, #192 ) ;
#195 = PRESENTATION_STYLE_ASSIGNMENT (( #2321 ) ) ;
#196 = DIRECTION ( 'NONE',  ( -0.0000000000000000000, 1.000000000000000000, 0.0000000000000000000 ) ) ;
#197 = VERTEX_POINT ( 'NONE', #5509 ) ;
#198 = EDGE_CURVE ( 'NONE', #5336, #207, #538, .T. ) ;
#199 = CARTESIAN_POINT ( 'NONE',  ( 4.750000000000000000, 3.429999999999920700, 0.0000000000000000000 ) ) ;
#200 = VERTEX_POINT ( 'NONE', #3816 ) ;
#201 = ORIENTED_EDGE ( 'NONE', *, *, #3050, .T. ) ;
#202 = CARTESIAN_POINT ( 'NONE',  ( 8.940000000000003100, 2.540000000000000500, 8.890000000000000600 ) ) ;
#203 = CARTESIAN_POINT ( 'NONE',  ( 1.570772646475782700, -3.430000000000028600, 5.738528991902221300 ) ) ;
#204 = CARTESIAN_POINT ( 'NONE',  ( 1.496662996000000200E-009, -1.331956950000000100E-009, 0.5099999999999920200 ) ) ;
#205 = LINE ( 'NONE', #2079, #6930 ) ;
#206 = LINE ( 'NONE', #2135, #1405 ) ;
#207 = VERTEX_POINT ( 'NONE', #2208 ) ;
#208 = ORIENTED_EDGE ( 'NONE', *, *, #4567, .T. ) ;
#209 = CARTESIAN_POINT ( 'NONE',  ( -5.398487006990694500, 1.157498943410820900, -0.8815067120431481200 ) ) ;
#210 = EDGE_CURVE ( 'NONE', #3968, #6390, #1991, .T. ) ;
#211 = VERTEX_POINT ( 'NONE', #4999 ) ;
#212 = EDGE_CURVE ( 'NONE', #6074, #3884, #5986, .T. ) ;
#213 = CARTESIAN_POINT ( 'NONE',  ( 6.249999999999994700, -3.429999999999996600, 8.890000000000000600 ) ) ;
#214 = AXIS2_PLACEMENT_3D ( 'NONE', #870, #353, #2000 ) ;
#215 = VERTEX_POINT ( 'NONE', #4975 ) ;
#216 = ORIENTED_EDGE ( 'NONE', *, *, #3519, .T. ) ;
#217 = ADVANCED_FACE ( 'NONE', ( #3338 ), #454, .T. ) ;
#218 = DIRECTION ( 'NONE',  ( 1.000000000000000000, 0.0000000000000000000, -0.0000000000000000000 ) ) ;
#219 = ORIENTED_EDGE ( 'NONE', *, *, #3426, .F. ) ;
#220 = CARTESIAN_POINT ( 'NONE',  ( 3.050000000000003800, -2.920000000000027500, -2.775557060000000200E-015 ) ) ;
#221 = ORIENTED_EDGE ( 'NONE', *, *, #1962, .F. ) ;
#222 = ORIENTED_EDGE ( 'NONE', *, *, #5042, .T. ) ;
#223 = ORIENTED_EDGE ( 'NONE', *, *, #4438, .F. ) ;
#224 = CARTESIAN_POINT ( 'NONE',  ( 3.155575383981999800, -3.430000000000047200, -2.775557060000000200E-015 ) ) ;
#225 = DIRECTION ( 'NONE',  ( 0.5773502691896258400, -0.5773502691896258400, 0.5773502691896258400 ) ) ;
#226 = DIRECTION ( 'NONE',  ( 0.0000000000000000000, 1.000000000000000000, -0.0000000000000000000 ) ) ;
#227 = FACE_OUTER_BOUND ( 'NONE', #6801, .T. ) ;
#228 = DIRECTION ( 'NONE',  ( -0.0000000000000000000, 0.0000000000000000000, -1.000000000000000000 ) ) ;
#229 = CARTESIAN_POINT ( 'NONE',  ( -0.4143145750507524200, 1.049314575050752200, -0.9999999999999879000 ) ) ;
#230 =( BOUNDED_CURVE ( )  B_SPLINE_CURVE ( 3, ( #6228, #5220, #1904, #5761 ),
 .UNSPECIFIED., .F., .F. ) 
 B_SPLINE_CURVE_WITH_KNOTS ( ( 4, 4 ),
 ( 1.570796326794896800, 3.141592653589793100 ),
 .UNSPECIFIED. ) 
 CURVE ( )  GEOMETRIC_REPRESENTATION_ITEM ( )  RATIONAL_B_SPLINE_CURVE ( ( 1.000000000000000000, 0.8047378541243650500, 0.8047378541243650500, 1.000000000000000000 ) ) 
 REPRESENTATION_ITEM ( '' )  );
#231 = DIRECTION ( 'NONE',  ( 0.0000000000000000000, 0.0000000000000000000, 1.000000000000000000 ) ) ;
#232 = DIRECTION ( 'NONE',  ( 0.0000000000000000000, 0.0000000000000000000, -1.000000000000000000 ) ) ;
#233 = LINE ( 'NONE', #6361, #4752 ) ;
#234 = AXIS2_PLACEMENT_3D ( 'NONE', #909, #3676, #2559 ) ;
#235 = CARTESIAN_POINT ( 'NONE',  ( -5.114314575050773500, 1.333487006990677500, -0.8815067120431442400 ) ) ;
#236 = DIRECTION ( 'NONE',  ( 1.000000000000000000, 0.0000000000000000000, 0.0000000000000000000 ) ) ;
#237 = VECTOR ( 'NONE', #3533, 1000.000000000000000 ) ;
#238 = DIRECTION ( 'NONE',  ( 0.2027126583463900200, -0.9792382642371261200, 0.0000000000000000000 ) ) ;
#239 = DIRECTION ( 'NONE',  ( -1.000000000000000000, 0.0000000000000000000, -0.0000000000000000000 ) ) ;
#240 = DIRECTION ( 'NONE',  ( -1.000000000000000000, 0.0000000000000000000, -0.0000000000000000000 ) ) ;
#241 = EDGE_CURVE ( 'NONE', #2729, #3579, #2921, .T. ) ;
#242 = CYLINDRICAL_SURFACE ( 'NONE', #3797, 0.7041745638733795100 ) ;
#243 = CARTESIAN_POINT ( 'NONE',  ( 6.350000000000000500, 1.930000000000001900, 8.890000000000000600 ) ) ;
#244 = DIRECTION ( 'NONE',  ( -1.000000000000000000, 0.0000000000000000000, 0.0000000000000000000 ) ) ;
#245 = CARTESIAN_POINT ( 'NONE',  ( -0.6223504424119038500, 1.049314575050752200, -0.9583642496800587300 ) ) ;
#246 = ADVANCED_FACE ( 'NONE', ( #2324 ), #4435, .F. ) ;
#247 = EDGE_CURVE ( 'NONE', #4049, #3053, #6157, .T. ) ;
#248 = ORIENTED_EDGE ( 'NONE', *, *, #560, .T. ) ;
#249 = LINE ( 'NONE', #6861, #2543 ) ;
#250 = CARTESIAN_POINT ( 'NONE',  ( -1.485445322352645100, 2.024174563873395900, 0.6999999999999940700 ) ) ;
#251 = AXIS2_PLACEMENT_3D ( 'NONE', #3691, #6373, #3108 ) ;
#252 = PLANE ( 'NONE',  #3615 ) ;
#253 = AXIS2_PLACEMENT_3D ( 'NONE', #6667, #5600, #3983 ) ;
#254 = DIRECTION ( 'NONE',  ( 0.0000000000000000000, -1.000000000000000000, 0.0000000000000000000 ) ) ;
#255 = ORIENTED_EDGE ( 'NONE', *, *, #498, .F. ) ;
#256 = ORIENTED_EDGE ( 'NONE', *, *, #4089, .T. ) ;
#257 = LINE ( 'NONE', #82, #6735 ) ;
#258 = DIRECTION ( 'NONE',  ( 1.000000000000000000, -0.0000000000000000000, 0.0000000000000000000 ) ) ;
#259 = ORIENTED_EDGE ( 'NONE', *, *, #560, .F. ) ;
#260 = EDGE_CURVE ( 'NONE', #5169, #1852, #4115, .T. ) ;
#261 = ORIENTED_EDGE ( 'NONE', *, *, #2346, .F. ) ;
#262 = ORIENTED_EDGE ( 'NONE', *, *, #1427, .F. ) ;
#263 = LINE ( 'NONE', #2785, #1014 ) ;
#264 =( NAMED_UNIT ( * ) SI_UNIT ( $, .STERADIAN. ) SOLID_ANGLE_UNIT ( ) );
#265 = FACE_OUTER_BOUND ( 'NONE', #5904, .T. ) ;
#266 = DIRECTION ( 'NONE',  ( -0.0000000000000000000, -1.000000000000000000, -0.0000000000000000000 ) ) ;
#267 = DIRECTION ( 'NONE',  ( -1.000000000000000000, -0.0000000000000000000, -0.0000000000000000000 ) ) ;
#268 = VERTEX_POINT ( 'NONE', #4562 ) ;
#269 = CYLINDRICAL_SURFACE ( 'NONE', #4583, 0.2499999999999906700 ) ;
#270 = DIRECTION ( 'NONE',  ( 0.0000000000000000000, 1.626303258728255900E-015, 1.000000000000000000 ) ) ;
#271 = ORIENTED_EDGE ( 'NONE', *, *, #5910, .F. ) ;
#272 = CARTESIAN_POINT ( 'NONE',  ( -4.750000000000000000, -2.920000000000004400, 0.0000000000000000000 ) ) ;
#273 = DIRECTION ( 'NONE',  ( -0.0000000000000000000, -1.000000000000000000, -0.0000000000000000000 ) ) ;
#274 = LINE ( 'NONE', #369, #2987 ) ;
#275 = CARTESIAN_POINT ( 'NONE',  ( 8.330000000000005400, -1.930000000000001700, 8.890000000000000600 ) ) ;
#276 = LINE ( 'NONE', #4472, #2485 ) ;
#277 = EDGE_LOOP ( 'NONE', ( #3942, #5426, #1160, #3039 ) ) ;
#278 = LINE ( 'NONE', #2233, #440 ) ;
#279 = ORIENTED_EDGE ( 'NONE', *, *, #4182, .T. ) ;
#280 = DIRECTION ( 'NONE',  ( 1.000000000000000000, 0.0000000000000000000, -0.0000000000000000000 ) ) ;
#281 = DIRECTION ( 'NONE',  ( 1.000000000000000000, 0.0000000000000000000, -0.0000000000000000000 ) ) ;
#282 = CIRCLE ( 'NONE', #674, 0.2499999999999906700 ) ;
#283 = VERTEX_POINT ( 'NONE', #6066 ) ;
#284 = VECTOR ( 'NONE', #6944, 1000.000000000000000 ) ;
#285 = AXIS2_PLACEMENT_3D ( 'NONE', #1669, #5472, #2253 ) ;
#286 = ORIENTED_EDGE ( 'NONE', *, *, #2836, .F. ) ;
#287 = ADVANCED_FACE ( 'NONE', ( #1726 ), #2878, .F. ) ;
#288 = CARTESIAN_POINT ( 'NONE',  ( -5.114314575050766400, -1.157498943410819200, -0.9999999999999877900 ) ) ;
#289 = VECTOR ( 'NONE', #362, 1000.000000000000000 ) ;
#290 = CARTESIAN_POINT ( 'NONE',  ( 3.155575383981887000, 3.429999999999958400, 0.4000000000000002400 ) ) ;
#291 = EDGE_CURVE ( 'NONE', #6296, #602, #1047, .T. ) ;
#292 = VERTEX_POINT ( 'NONE', #2901 ) ;
#293 = VECTOR ( 'NONE', #51, 1000.000000000000000 ) ;
#294 = LINE ( 'NONE', #4381, #6246 ) ;
#295 = ORIENTED_EDGE ( 'NONE', *, *, #6351, .F. ) ;
#296 = EDGE_CURVE ( 'NONE', #3532, #4742, #2236, .T. ) ;
#297 = VERTEX_POINT ( 'NONE', #6627 ) ;
#298 = AXIS2_PLACEMENT_3D ( 'NONE', #6875, #4137, #3795 ) ;
#299 = CIRCLE ( 'NONE', #2001, 0.3999999999999999700 ) ;
#300 = EDGE_CURVE ( 'NONE', #4271, #3703, #3160, .T. ) ;
#301 = SURFACE_STYLE_USAGE ( .BOTH. , #169 ) ;
#302 = DIRECTION ( 'NONE',  ( 1.000000000000000000, 0.0000000000000000000, -0.0000000000000000000 ) ) ;
#303 = ORIENTED_EDGE ( 'NONE', *, *, #498, .T. ) ;
#304 = ORIENTED_EDGE ( 'NONE', *, *, #6225, .F. ) ;
#305 = DIRECTION ( 'NONE',  ( 0.0000000000000000000, 1.000000000000000000, 0.0000000000000000000 ) ) ;
#306 = EDGE_CURVE ( 'NONE', #4968, #5319, #2155, .T. ) ;
#307 = EDGE_CURVE ( 'NONE', #6317, #3877, #3605, .T. ) ;
#308 = ORIENTED_EDGE ( 'NONE', *, *, #1759, .T. ) ;
#309 =( BOUNDED_SURFACE ( )  B_SPLINE_SURFACE ( 3, 3, ( 
 ( #5266, #6541, #5371, #6008 ),
 ( #4849, #1083, #3258, #3203 ),
 ( #4933, #2646, #2719, #2740 ),
 ( #7059, #4834, #997, #3802 ) ),
 .UNSPECIFIED., .F., .F., .F. ) 
 B_SPLINE_SURFACE_WITH_KNOTS ( ( 4, 4 ),
 ( 4, 4 ),
 ( 0.0000000000000000000, 1.000000000000000000 ),
 ( 0.0000000000000000000, 1.000000000000000000 ),
 .UNSPECIFIED. ) 
 GEOMETRIC_REPRESENTATION_ITEM ( )  RATIONAL_B_SPLINE_SURFACE ( (
 ( 1.000000000000000000, 0.9486501948152685800, 0.9486501948152685800, 1.000000000000000000),
 ( 0.9486501948152659100, 0.8999371921230444600, 0.8999371921230444600, 0.9486501948152659100),
 ( 0.9486501948152659100, 0.8999371921230444600, 0.8999371921230444600, 0.9486501948152659100),
 ( 1.000000000000000000, 0.9486501948152685800, 0.9486501948152685800, 1.000000000000000000) ) ) 
 REPRESENTATION_ITEM ( '' )  SURFACE ( )  );
#310 = LINE ( 'NONE', #645, #5843 ) ;
#311 = CARTESIAN_POINT ( 'NONE',  ( 1.485445322352689800, 2.024174563873357300, 0.0000000000000000000 ) ) ;
#312 = ORIENTED_EDGE ( 'NONE', *, *, #6256, .F. ) ;
#313 = ORIENTED_EDGE ( 'NONE', *, *, #2284, .F. ) ;
#314 = DIRECTION ( 'NONE',  ( 0.0000000000000000000, -1.000000000000000000, 0.0000000000000000000 ) ) ;
#315 = CIRCLE ( 'NONE', #1973, 0.4000000000000001900 ) ;
#316 =( BOUNDED_SURFACE ( )  B_SPLINE_SURFACE ( 3, 3, ( 
 ( #2287, #3398, #5026, #4493 ),
 ( #100, #6119, #3330, #1225 ),
 ( #1697, #2869, #5007, #3360 ),
 ( #5512, #4513, #150, #3913 ) ),
 .UNSPECIFIED., .F., .F., .T. ) 
 B_SPLINE_SURFACE_WITH_KNOTS ( ( 4, 4 ),
 ( 4, 4 ),
 ( 0.0000000000000000000, 1.000000000000000000 ),
 ( 0.0000000000000000000, 1.000000000000000000 ),
 .UNSPECIFIED. ) 
 GEOMETRIC_REPRESENTATION_ITEM ( )  RATIONAL_B_SPLINE_SURFACE ( (
 ( 1.000000000000000000, 0.3333333333333334300, 0.3333333333333334300, 1.000000000000000000),
 ( 0.3333333333333333700, 0.1111111111111111600, 0.1111111111111111600, 0.3333333333333333700),
 ( 0.3333333333333333700, 0.1111111111111111600, 0.1111111111111111600, 0.3333333333333333700),
 ( 1.000000000000000000, 0.3333333333333334300, 0.3333333333333334300, 1.000000000000000000) ) ) 
 REPRESENTATION_ITEM ( '' )  SURFACE ( )  );
#317 = DIRECTION ( 'NONE',  ( -0.9260204203180981700, 0.0000000000000000000, 0.3774734178109671000 ) ) ;
#318 = EDGE_LOOP ( 'NONE', ( #3505, #2168, #3861 ) ) ;
#319 = VERTEX_POINT ( 'NONE', #1740 ) ;
#320 = ORIENTED_EDGE ( 'NONE', *, *, #1158, .F. ) ;
#321 = LINE ( 'NONE', #4231, #4153 ) ;
#322 = PLANE ( 'NONE',  #3401 ) ;
#323 = CARTESIAN_POINT ( 'NONE',  ( 5.114314575050769000, 1.332157287525374200, -0.8828427124746178700 ) ) ;
#324 = VERTEX_POINT ( 'NONE', #3393 ) ;
#325 = AXIS2_PLACEMENT_3D ( 'NONE', #6000, #4341, #2765 ) ;
#326 = LINE ( 'NONE', #1946, #5110 ) ;
#327 = CARTESIAN_POINT ( 'NONE',  ( 8.330000000000005400, -2.540000000000000500, 8.890000000000000600 ) ) ;
#328 = CARTESIAN_POINT ( 'NONE',  ( 6.280000000000001100, 2.215000000000004700, 0.0000000000000000000 ) ) ;
#329 = CARTESIAN_POINT ( 'NONE',  ( -5.114314575050769000, -1.333487006990673700, -0.8815067120431482300 ) ) ;
#330 = DIRECTION ( 'NONE',  ( -1.000000000000000000, 0.0000000000000000000, 0.0000000000000000000 ) ) ;
#331 =( LENGTH_UNIT ( ) NAMED_UNIT ( * ) SI_UNIT ( .MILLI., .METRE. ) );
#332 = DIRECTION ( 'NONE',  ( -0.7071067811865475700, 5.421010862427515300E-016, 0.7071067811865474600 ) ) ;
#333 = EDGE_CURVE ( 'NONE', #553, #126, #31, .T. ) ;
#334 = ORIENTED_EDGE ( 'NONE', *, *, #6486, .F. ) ;
#335 = VECTOR ( 'NONE', #6295, 1000.000000000000000 ) ;
#336 = ORIENTED_EDGE ( 'NONE', *, *, #3479, .F. ) ;
#337 = ORIENTED_EDGE ( 'NONE', *, *, #413, .T. ) ;
#338 = CARTESIAN_POINT ( 'NONE',  ( -3.049999999999998500, 2.919999999999986600, 0.5099999999999921300 ) ) ;
#339 = EDGE_CURVE ( 'NONE', #3145, #6374, #3083, .T. ) ;
#340 = ORIENTED_EDGE ( 'NONE', *, *, #2854, .F. ) ;
#341 = DIRECTION ( 'NONE',  ( 0.0000000000000000000, 0.0000000000000000000, 1.000000000000000000 ) ) ;
#342 = LINE ( 'NONE', #4286, #6039 ) ;
#343 = ADVANCED_FACE ( 'NONE', ( #5823 ), #3964, .T. ) ;
#344 = DIRECTION ( 'NONE',  ( 1.000000000000000000, 0.0000000000000000000, 0.0000000000000000000 ) ) ;
#345 = ORIENTED_EDGE ( 'NONE', *, *, #3094, .F. ) ;
#346 = ORIENTED_EDGE ( 'NONE', *, *, #5998, .F. ) ;
#347 = VECTOR ( 'NONE', #820, 1000.000000000000000 ) ;
#348 = CARTESIAN_POINT ( 'NONE',  ( 4.750000000000000000, -2.670000000000013700, 8.129999999999993700 ) ) ;
#349 = DIRECTION ( 'NONE',  ( 0.0000000000000000000, -1.000000000000000000, 0.0000000000000000000 ) ) ;
#350 = LINE ( 'NONE', #6336, #6991 ) ;
#351 = ORIENTED_EDGE ( 'NONE', *, *, #956, .T. ) ;
#352 = LINE ( 'NONE', #3746, #4020 ) ;
#353 = DIRECTION ( 'NONE',  ( 0.0000000000000000000, -0.0000000000000000000, 1.000000000000000000 ) ) ;
#354 = CARTESIAN_POINT ( 'NONE',  ( -0.4904511396295240200, -1.333487006990678100, -0.8815067120431437900 ) ) ;
#355 = CARTESIAN_POINT ( 'NONE',  ( 5.997157287525387100, -2.215000000000004300, -2.710505431213761100E-017 ) ) ;
#356 = LINE ( 'NONE', #5240, #5966 ) ;
#357 = ORIENTED_EDGE ( 'NONE', *, *, #973, .F. ) ;
#358 = VECTOR ( 'NONE', #7071, 1000.000000000000000 ) ;
#359 = EDGE_LOOP ( 'NONE', ( #2084, #583 ) ) ;
#360 = CARTESIAN_POINT ( 'NONE',  ( -4.177501056589175500, 1.157498943410821800, -0.9999999999999879000 ) ) ;
#361 = CARTESIAN_POINT ( 'NONE',  ( -2.892901730632606100, 2.982709663979271100E-015, 21.54995509618097000 ) ) ;
#362 = DIRECTION ( 'NONE',  ( -1.000000000000000000, 0.0000000000000000000, -0.0000000000000000000 ) ) ;
#363 = EDGE_LOOP ( 'NONE', ( #1947, #5923, #2074, #6467, #4050 ) ) ;
#364 = EDGE_LOOP ( 'NONE', ( #4514, #2717, #1375, #4222, #1782 ) ) ;
#365 = CARTESIAN_POINT ( 'NONE',  ( 9.530000000000004700, 0.6350000000000001200, -9.156797319252630600 ) ) ;
#366 = AXIS2_PLACEMENT_3D ( 'NONE', #1303, #2887, #3381 ) ;
#367 = CARTESIAN_POINT ( 'NONE',  ( -1.300000000000007100, 2.920000000000004400, 0.5099999999999920200 ) ) ;
#368 = LINE ( 'NONE', #5967, #5902 ) ;
#369 = CARTESIAN_POINT ( 'NONE',  ( 4.285685424949244600, 1.107499999999989700, -0.9999999999999879000 ) ) ;
#370 = DIRECTION ( 'NONE',  ( -0.2027126583462938400, 0.9792382642371459900, 0.0000000000000000000 ) ) ;
#371 = FACE_OUTER_BOUND ( 'NONE', #6733, .T. ) ;
#372 = VERTEX_POINT ( 'NONE', #1809 ) ;
#373 = EDGE_CURVE ( 'NONE', #5639, #4102, #5661, .T. ) ;
#374 = VERTEX_POINT ( 'NONE', #4488 ) ;
#375 = ORIENTED_EDGE ( 'NONE', *, *, #96, .T. ) ;
#376 = DIRECTION ( 'NONE',  ( 0.0000000000000000000, 0.0000000000000000000, -1.000000000000000000 ) ) ;
#377 = ORIENTED_EDGE ( 'NONE', *, *, #4228, .T. ) ;
#378 = ORIENTED_EDGE ( 'NONE', *, *, #5545, .T. ) ;
#379 = CARTESIAN_POINT ( 'NONE',  ( -7.370000000000029400, 6.349999999999999600, -1.040834085586084300E-014 ) ) ;
#380 = ADVANCED_FACE ( 'NONE', ( #6330 ), #5626, .T. ) ;
#381 = EDGE_CURVE ( 'NONE', #2319, #3259, #622, .T. ) ;
#382 = PLANE ( 'NONE',  #4063 ) ;
#383 = CARTESIAN_POINT ( 'NONE',  ( -4.699999999999996600, -0.6350000000000001200, -1.549999999999997800 ) ) ;
#384 = AXIS2_PLACEMENT_3D ( 'NONE', #2456, #4083, #6269 ) ;
#385 = CONTEXT_DEPENDENT_SHAPE_REPRESENTATION ( #1663, #6593 ) ;
#386 = AXIS2_PLACEMENT_3D ( 'NONE', #6160, #687, #3448 ) ;
#387 = EDGE_CURVE ( 'NONE', #5043, #524, #6767, .T. ) ;
#388 = ORIENTED_EDGE ( 'NONE', *, *, #3333, .T. ) ;
#389 = EDGE_LOOP ( 'NONE', ( #4988, #2165, #1569, #1966, #2309, #121 ) ) ;
#390 = ORIENTED_EDGE ( 'NONE', *, *, #6169, .F. ) ;
#391 = PLANE ( 'NONE',  #3134 ) ;
#392 = LINE ( 'NONE', #2860, #2437 ) ;
#393 = EDGE_LOOP ( 'NONE', ( #3212, #5296, #3148, #5936 ) ) ;
#394 = CARTESIAN_POINT ( 'NONE',  ( 0.0000000000000000000, -2.670000000000013700, 8.890000000000000600 ) ) ;
#395 = EDGE_CURVE ( 'NONE', #1953, #914, #6594, .T. ) ;
#396 = EDGE_CURVE ( 'NONE', #6658, #1829, #1137, .T. ) ;
#397 = CARTESIAN_POINT ( 'NONE',  ( -5.114314575050773500, 1.107499999999989700, -0.9999999999999879000 ) ) ;
#398 = LINE ( 'NONE', #6512, #4664 ) ;
#399 = DIRECTION ( 'NONE',  ( 0.0000000000000000000, 0.0000000000000000000, 1.000000000000000000 ) ) ;
#400 = CARTESIAN_POINT ( 'NONE',  ( 2.864554677647284100, -2.024174563873357300, 0.0000000000000000000 ) ) ;
#401 = VERTEX_POINT ( 'NONE', #243 ) ;
#402 = LINE ( 'NONE', #2372, #1344 ) ;
#403 = CARTESIAN_POINT ( 'NONE',  ( 4.750000000000000000, 2.669999999999988400, 8.380000000000009700 ) ) ;
#404 = CARTESIAN_POINT ( 'NONE',  ( 0.5224989434108214800, 1.157498943410821800, -0.9999999999999879000 ) ) ;
#405 = FACE_OUTER_BOUND ( 'NONE', #3538, .T. ) ;
#406 = ADVANCED_FACE ( 'NONE', ( #4990, #3688 ), #3562, .T. ) ;
#407 = CARTESIAN_POINT ( 'NONE',  ( 1.730704481253711100, -3.430000000000021900, 6.130874884024083600 ) ) ;
#408 = DIRECTION ( 'NONE',  ( -1.000000000000000000, 0.0000000000000000000, 0.0000000000000000000 ) ) ;
#409 = CARTESIAN_POINT ( 'NONE',  ( -0.7833451119016644500, -3.380000000000043900, 6.130874884024108500 ) ) ;
#410 = ADVANCED_FACE ( 'NONE', ( #4376 ), #2435, .F. ) ;
#411 = DIRECTION ( 'NONE',  ( 0.0000000000000000000, -0.0000000000000000000, 1.000000000000000000 ) ) ;
#412 = ORIENTED_EDGE ( 'NONE', *, *, #1894, .F. ) ;
#413 = EDGE_CURVE ( 'NONE', #5727, #3738, #20, .T. ) ;
#414 = LINE ( 'NONE', #1863, #842 ) ;
#415 = EDGE_LOOP ( 'NONE', ( #4189, #2134, #588, #2158, #5862, #6485, #5058 ) ) ;
#416 = CARTESIAN_POINT ( 'NONE',  ( 1.730704481253713600, -3.430000000000028600, 6.130874884024097000 ) ) ;
#417 = EDGE_CURVE ( 'NONE', #5159, #3013, #193, .T. ) ;
#418 = EDGE_LOOP ( 'NONE', ( #1897, #4111, #3970, #3098 ) ) ;
#419 = LINE ( 'NONE', #2365, #2797 ) ;
#420 = CARTESIAN_POINT ( 'NONE',  ( -0.7833451119016644500, -3.430000000000021900, 6.130874884024108500 ) ) ;
#421 = EDGE_CURVE ( 'NONE', #2611, #7037, #4892, .T. ) ;
#422 = CARTESIAN_POINT ( 'NONE',  ( -0.6006961188343082900, -1.257350442411906000, -0.9210623386218868000 ) ) ;
#423 = DIRECTION ( 'NONE',  ( 0.0000000000000000000, 0.0000000000000000000, 1.000000000000000000 ) ) ;
#424 = ORIENTED_EDGE ( 'NONE', *, *, #2081, .T. ) ;
#425 = EDGE_LOOP ( 'NONE', ( #1761, #5337, #1550, #5479, #5420 ) ) ;
#426 = FACE_OUTER_BOUND ( 'NONE', #6759, .T. ) ;
#427 = CARTESIAN_POINT ( 'NONE',  ( -1.194424616018044300, 3.429999999999958400, 0.4000000000000002400 ) ) ;
#428 = VECTOR ( 'NONE', #5257, 1000.000000000000000 ) ;
#429 = EDGE_CURVE ( 'NONE', #4333, #3090, #2408, .T. ) ;
#430 = EDGE_CURVE ( 'NONE', #1407, #5676, #1979, .T. ) ;
#431 = EDGE_LOOP ( 'NONE', ( #334, #6350, #320, #1058 ) ) ;
#432 = CARTESIAN_POINT ( 'NONE',  ( 5.080000000000001000, -1.015000000000004100, -1.549999999999997800 ) ) ;
#433 = FACE_OUTER_BOUND ( 'NONE', #119, .T. ) ;
#434 = DIRECTION ( 'NONE',  ( -0.0000000000000000000, -1.000000000000000000, 0.0000000000000000000 ) ) ;
#435 = VERTEX_POINT ( 'NONE', #4079 ) ;
#436 = CIRCLE ( 'NONE', #2180, 0.6099999999999976600 ) ;
#437 = LINE ( 'NONE', #2496, #5969 ) ;
#438 = ORIENTED_EDGE ( 'NONE', *, *, #795, .F. ) ;
#439 = CARTESIAN_POINT ( 'NONE',  ( -5.114314575050756600, -1.049314575050760900, -0.6000000000000046400 ) ) ;
#440 = VECTOR ( 'NONE', #1215, 1000.000000000000000 ) ;
#441 = DIRECTION ( 'NONE',  ( 0.9762960071199340300, 0.0000000000000000000, 0.2164396139381000700 ) ) ;
#442 = ADVANCED_FACE ( 'NONE', ( #5154 ), #5396, .F. ) ;
#443 = VECTOR ( 'NONE', #2873, 1000.000000000000000 ) ;
#444 = CARTESIAN_POINT ( 'NONE',  ( -4.002842712474618200, -1.049314575050752200, -0.8828427124746136600 ) ) ;
#445 = ORIENTED_EDGE ( 'NONE', *, *, #2612, .T. ) ;
#446 = LINE ( 'NONE', #1944, #3766 ) ;
#447 = CARTESIAN_POINT ( 'NONE',  ( 5.398487006990687400, 1.049314575050752200, -0.8815067120431568900 ) ) ;
#448 = ORIENTED_EDGE ( 'NONE', *, *, #3468, .F. ) ;
#449 = DIRECTION ( 'NONE',  ( 0.0000000000000000000, -1.000000000000000000, 0.0000000000000000000 ) ) ;
#450 = LINE ( 'NONE', #5660, #6480 ) ;
#451 = EDGE_LOOP ( 'NONE', ( #1001, #1824, #3029, #5578, #2171, #551, #3153, #5140, #1107, #6629, #132, #3632 ) ) ;
#452 = DIRECTION ( 'NONE',  ( 0.0000000000000000000, 1.000000000000000000, 0.0000000000000000000 ) ) ;
#453 = CARTESIAN_POINT ( 'NONE',  ( 0.4143145750507522500, 1.049314575050752200, -0.9999999999999879000 ) ) ;
#454 = CYLINDRICAL_SURFACE ( 'NONE', #2721, 0.4000000000000002400 ) ;
#455 = VECTOR ( 'NONE', #582, 1000.000000000000000 ) ;
#456 = AXIS2_PLACEMENT_3D ( 'NONE', #6087, #1272, #6644 ) ;
#457 = EDGE_LOOP ( 'NONE', ( #3561, #2061, #3520, #2776, #4062, #5091, #5747, #4339, #6056, #775 ) ) ;
#458 = CARTESIAN_POINT ( 'NONE',  ( 1.476472381958995300, 2.215000000000006500, 5.421010862427522200E-017 ) ) ;
#459 = ORIENTED_EDGE ( 'NONE', *, *, #3384, .T. ) ;
#460 = CARTESIAN_POINT ( 'NONE',  ( -4.750000000000000000, 3.429999999999971300, 0.0000000000000000000 ) ) ;
#461 = CARTESIAN_POINT ( 'NONE',  ( 1.624345192960470200, -2.670000000000013700, 8.890000000000000600 ) ) ;
#462 = EDGE_LOOP ( 'NONE', ( #4197, #2682, #3340, #1235 ) ) ;
#463 = CARTESIAN_POINT ( 'NONE',  ( 0.4143145750507522500, 1.332157287525378700, -0.8828427124746135400 ) ) ;
#464 = VERTEX_POINT ( 'NONE', #5713 ) ;
#465 = AXIS2_PLACEMENT_3D ( 'NONE', #3647, #4232, #5332 ) ;
#466 = DIRECTION ( 'NONE',  ( 0.9792382642371332300, 0.2027126583463560700, 0.0000000000000000000 ) ) ;
#467 = CARTESIAN_POINT ( 'NONE',  ( -1.527303090725217600, -5.770809160064092300E-015, 16.12129985390503300 ) ) ;
#468 = ORIENTED_EDGE ( 'NONE', *, *, #1610, .T. ) ;
#469 = EDGE_CURVE ( 'NONE', #6062, #5639, #2575, .T. ) ;
#470 = DIRECTION ( 'NONE',  ( 0.0000000000000000000, 0.0000000000000000000, 1.000000000000000000 ) ) ;
#471 = VERTEX_POINT ( 'NONE', #5678 ) ;
#472 = PLANE ( 'NONE',  #6212 ) ;
#473 = ORIENTED_EDGE ( 'NONE', *, *, #5273, .F. ) ;
#474 = ORIENTED_EDGE ( 'NONE', *, *, #3706, .F. ) ;
#475 = DIRECTION ( 'NONE',  ( 0.0000000000000000000, 0.0000000000000000000, 1.000000000000000000 ) ) ;
#476 = CARTESIAN_POINT ( 'NONE',  ( 0.5112381000369236000, 1.257350442411906200, -0.9583642496800576200 ) ) ;
#477 = LINE ( 'NONE', #2276, #650 ) ;
#478 = CARTESIAN_POINT ( 'NONE',  ( -1.194424616018036300, 3.429999999999996600, 0.1656854249492390200 ) ) ;
#479 = ADVANCED_FACE ( 'NONE', ( #3680, #3858 ), #1322, .T. ) ;
#480 = DIRECTION ( 'NONE',  ( 0.0000000000000000000, 0.0000000000000000000, -1.000000000000000000 ) ) ;
#481 = CARTESIAN_POINT ( 'NONE',  ( -2.357898303399244900, 0.5099999999999920200, 9.390000000000007700 ) ) ;
#482 = CARTESIAN_POINT ( 'NONE',  ( -4.285685424949235800, 1.049314575050760900, -0.6000000000000045300 ) ) ;
#483 = DIRECTION ( 'NONE',  ( -0.0000000000000000000, -0.0000000000000000000, -1.000000000000000000 ) ) ;
#484 = DIRECTION ( 'NONE',  ( -1.000000000000000000, -0.0000000000000000000, -0.0000000000000000000 ) ) ;
#485 = CARTESIAN_POINT ( 'NONE',  ( 2.174999999999987400, 2.919999999999978600, 0.6999999999999940700 ) ) ;
#486 = DIRECTION ( 'NONE',  ( -0.0000000000000000000, 0.0000000000000000000, 1.000000000000000000 ) ) ;
#487 = LINE ( 'NONE', #5443, #3903 ) ;
#488 = DIRECTION ( 'NONE',  ( 0.0000000000000000000, -0.0000000000000000000, -1.000000000000000000 ) ) ;
#489 = ADVANCED_FACE ( 'NONE', ( #3599 ), #3948, .T. ) ;
#490 = VECTOR ( 'NONE', #5468, 1000.000000000000000 ) ;
#491 = CARTESIAN_POINT ( 'NONE',  ( 4.750000000000000000, 2.919999999999902700, 0.0000000000000000000 ) ) ;
#492 = CARTESIAN_POINT ( 'NONE',  ( 3.050000000000018000, 2.919999999999978600, 0.5099999999999920200 ) ) ;
#493 = ORIENTED_EDGE ( 'NONE', *, *, #5098, .T. ) ;
#494 = CARTESIAN_POINT ( 'NONE',  ( 1.580000000000004700, 2.215000000000004700, 0.0000000000000000000 ) ) ;
#495 = PLANE ( 'NONE',  #6439 ) ;
#496 = CARTESIAN_POINT ( 'NONE',  ( 6.350000000000000500, -3.429999999999996600, 0.0000000000000000000 ) ) ;
#497 = CARTESIAN_POINT ( 'NONE',  ( 6.000000000000003600, -3.180000000000005500, 8.890000000000000600 ) ) ;
#498 = EDGE_CURVE ( 'NONE', #2249, #3000, #532, .T. ) ;
#499 = VERTEX_POINT ( 'NONE', #1341 ) ;
#500 = LINE ( 'NONE', #1768, #4780 ) ;
#501 = DIRECTION ( 'NONE',  ( 0.0000000000000000000, -1.000000000000000000, 0.0000000000000000000 ) ) ;
#502 = DIRECTION ( 'NONE',  ( -1.000000000000000000, 0.0000000000000000000, 0.0000000000000000000 ) ) ;
#503 = CARTESIAN_POINT ( 'NONE',  ( 2.864554677647283700, -2.024174563873357700, 0.6999999999999940700 ) ) ;
#504 = EDGE_CURVE ( 'NONE', #4601, #1167, #1130, .T. ) ;
#505 = ADVANCED_FACE ( 'NONE', ( #707 ), #4372, .T. ) ;
#506 = CARTESIAN_POINT ( 'NONE',  ( -1.209100793869344300, -3.430000000000021900, 4.997201937963181400 ) ) ;
#507 = ORIENTED_EDGE ( 'NONE', *, *, #520, .F. ) ;
#508 = AXIS2_PLACEMENT_3D ( 'NONE', #5168, #5698, #3523 ) ;
#509 = ORIENTED_EDGE ( 'NONE', *, *, #5034, .T. ) ;
#510 = VECTOR ( 'NONE', #2482, 1000.000000000000000 ) ;
#511 = EDGE_CURVE ( 'NONE', #966, #921, #6670, .T. ) ;
#512 = CARTESIAN_POINT ( 'NONE',  ( -6.350000000000000500, 2.669999999999988400, 8.380000000000009700 ) ) ;
#513 = CARTESIAN_POINT ( 'NONE',  ( 3.155575383981994000, -3.430000000000021500, 0.4000000000000002400 ) ) ;
#514 = DIRECTION ( 'NONE',  ( 0.0000000000000000000, 0.0000000000000000000, -1.000000000000000000 ) ) ;
#515 = LINE ( 'NONE', #1938, #6136 ) ;
#516 = VERTEX_POINT ( 'NONE', #3619 ) ;
#517 = VECTOR ( 'NONE', #908, 1000.000000000000200 ) ;
#518 = VERTEX_POINT ( 'NONE', #5294 ) ;
#519 = DIRECTION ( 'NONE',  ( 0.0000000000000000000, 0.0000000000000000000, 1.000000000000000000 ) ) ;
#520 = EDGE_CURVE ( 'NONE', #3544, #292, #866, .T. ) ;
#521 = CARTESIAN_POINT ( 'NONE',  ( -4.699999999999996600, 1.329143900000000000E-015, -0.9999999999999879000 ) ) ;
#522 = EDGE_CURVE ( 'NONE', #268, #6229, #5067, .T. ) ;
#523 = VECTOR ( 'NONE', #3510, 1000.000000000000000 ) ;
#524 = VERTEX_POINT ( 'NONE', #4239 ) ;
#525 = PLANE ( 'NONE',  #3205 ) ;
#526 = DIRECTION ( 'NONE',  ( 0.5773502691896258400, -0.5773502691896258400, -0.5773502691896258400 ) ) ;
#527 = ORIENTED_EDGE ( 'NONE', *, *, #6783, .F. ) ;
#528 = DIRECTION ( 'NONE',  ( -1.000000000000000000, 0.0000000000000000000, 0.0000000000000000000 ) ) ;
#529 = ORIENTED_EDGE ( 'NONE', *, *, #6106, .T. ) ;
#530 = ADVANCED_FACE ( 'NONE', ( #1311 ), #382, .F. ) ;
#531 = CARTESIAN_POINT ( 'NONE',  ( 1.437428448867019900, -3.380000000000043900, 5.322201937963125600 ) ) ;
#532 = CIRCLE ( 'NONE', #5654, 1.259999999999989400 ) ;
#533 = CARTESIAN_POINT ( 'NONE',  ( -4.319999999999992300, -1.015000000000004100, -0.9999999999999879000 ) ) ;
#534 = PLANE ( 'NONE',  #2824 ) ;
#535 = ORIENTED_EDGE ( 'NONE', *, *, #1117, .T. ) ;
#536 = ORIENTED_EDGE ( 'NONE', *, *, #6300, .T. ) ;
#537 = DIRECTION ( 'NONE',  ( 1.253073119328837300E-016, 1.000000000000000000, -1.253073119328835600E-016 ) ) ;
#538 = LINE ( 'NONE', #1676, #1903 ) ;
#539 = DIRECTION ( 'NONE',  ( -0.0000000000000000000, -1.000000000000000000, -0.0000000000000000000 ) ) ;
#540 = LINE ( 'NONE', #1380, #6159 ) ;
#541 = ORIENTED_EDGE ( 'NONE', *, *, #3706, .T. ) ;
#542 = EDGE_LOOP ( 'NONE', ( #723, #3620, #2603, #448 ) ) ;
#543 = ORIENTED_EDGE ( 'NONE', *, *, #4803, .F. ) ;
#544 = ORIENTED_EDGE ( 'NONE', *, *, #3063, .T. ) ;
#545 = AXIS2_PLACEMENT_3D ( 'NONE', #491, #6929, #3755 ) ;
#546 = VERTEX_POINT ( 'NONE', #5873 ) ;
#547 = CARTESIAN_POINT ( 'NONE',  ( 4.319999999999992300, -1.015000000000004100, -1.549999999999997800 ) ) ;
#548 = ADVANCED_FACE ( 'NONE', ( #5818 ), #962, .T. ) ;
#549 = EDGE_CURVE ( 'NONE', #3788, #6344, #5650, .T. ) ;
#550 = CARTESIAN_POINT ( 'NONE',  ( -2.357898303399244900, -0.5100000000658052600, 16.47757706731401600 ) ) ;
#551 = ORIENTED_EDGE ( 'NONE', *, *, #2024, .F. ) ;
#552 = DIRECTION ( 'NONE',  ( 0.5773502691896252900, -0.5773502691896259500, -0.5773502691896261800 ) ) ;
#553 = VERTEX_POINT ( 'NONE', #5320 ) ;
#554 = EDGE_LOOP ( 'NONE', ( #1409, #1746, #6766, #4320 ) ) ;
#555 = CARTESIAN_POINT ( 'NONE',  ( 6.350000000000000500, -3.429999999999996600, 6.097201937963125000 ) ) ;
#556 = ORIENTED_EDGE ( 'NONE', *, *, #3943, .T. ) ;
#557 = CARTESIAN_POINT ( 'NONE',  ( -4.750000000000000000, 3.429999999999945500, 8.380000000000009700 ) ) ;
#558 = LINE ( 'NONE', #1907, #6009 ) ;
#559 =( NAMED_UNIT ( * ) PLANE_ANGLE_UNIT ( ) SI_UNIT ( $, .RADIAN. ) );
#560 = EDGE_CURVE ( 'NONE', #6315, #724, #5236, .T. ) ;
#561 = ORIENTED_EDGE ( 'NONE', *, *, #3671, .T. ) ;
#562 = CARTESIAN_POINT ( 'NONE',  ( -3.155575383981968200, 3.429999999999922400, 0.5099999999999921300 ) ) ;
#563 = ORIENTED_EDGE ( 'NONE', *, *, #6478, .T. ) ;
#564 = CARTESIAN_POINT ( 'NONE',  ( 0.0000000000000000000, 0.0000000000000000000, 0.0000000000000000000 ) ) ;
#565 = CARTESIAN_POINT ( 'NONE',  ( 1.254859635936522300, -3.430000000000021900, 4.963528991902231600 ) ) ;
#566 = VECTOR ( 'NONE', #4394, 1000.000000000000000 ) ;
#567 = ADVANCED_FACE ( 'NONE', ( #2148 ), #1355, .T. ) ;
#568 = CARTESIAN_POINT ( 'NONE',  ( 0.6689076759305329100, -1.257350442411906000, -0.8522048541031106400 ) ) ;
#569 = PLANE ( 'NONE',  #4240 ) ;
#570 = EDGE_CURVE ( 'NONE', #1829, #292, #2915, .T. ) ;
#571 = EDGE_CURVE ( 'NONE', #4734, #6571, #4714, .T. ) ;
#572 = STYLED_ITEM ( 'NONE', ( #3529 ), #2747 ) ;
#573 = ORIENTED_EDGE ( 'NONE', *, *, #1671, .T. ) ;
#574 = COLOUR_RGB ( '',0.9058823529411764700, 0.9058823529411764700, 0.9058823529411764700 ) ;
#575 = CARTESIAN_POINT ( 'NONE',  ( -0.8931877833301062900, -3.380000000000043900, 5.772201937963205700 ) ) ;
#576 = DIRECTION ( 'NONE',  ( 0.0000000000000000000, 0.0000000000000000000, 1.000000000000000000 ) ) ;
#577 = CARTESIAN_POINT ( 'NONE',  ( -1.040588201445647800, -3.430000000000028600, 6.513528991902220800 ) ) ;
#578 = CIRCLE ( 'NONE', #6717, 3.110000000000006500 ) ;
#579 = VERTEX_POINT ( 'NONE', #7047 ) ;
#580 = VECTOR ( 'NONE', #1817, 1000.000000000000000 ) ;
#581 = CARTESIAN_POINT ( 'NONE',  ( 5.490000000000011800, 1.049314575050752200, -0.5999999999999875400 ) ) ;
#582 = DIRECTION ( 'NONE',  ( -6.265367010857748100E-017, -1.000000000000000000, -6.265367010857739500E-017 ) ) ;
#583 = ORIENTED_EDGE ( 'NONE', *, *, #4907, .T. ) ;
#584 = FACE_OUTER_BOUND ( 'NONE', #2657, .T. ) ;
#585 = DIRECTION ( 'NONE',  ( -1.000000000000000000, 0.0000000000000000000, 0.0000000000000000000 ) ) ;
#586 = CARTESIAN_POINT ( 'NONE',  ( -3.072771161251020500, 3.029999999999996300, -2.710505431213761100E-017 ) ) ;
#587 = CARTESIAN_POINT ( 'NONE',  ( 4.077649557588092200, 1.157498943410821400, -0.9583642496800586200 ) ) ;
#588 = ORIENTED_EDGE ( 'NONE', *, *, #1075, .F. ) ;
#589 = ORIENTED_EDGE ( 'NONE', *, *, #5150, .T. ) ;
#590 = CARTESIAN_POINT ( 'NONE',  ( 0.8647715250169149000, -1.499771525016915000, -0.1495430500338504300 ) ) ;
#591 = CYLINDRICAL_SURFACE ( 'NONE', #2742, 0.4000000000000001300 ) ;
#592 = DIRECTION ( 'NONE',  ( 1.000000000000000000, 0.0000000000000000000, -0.0000000000000000000 ) ) ;
#593 = AXIS2_PLACEMENT_3D ( 'NONE', #3834, #2734, #3740 ) ;
#594 = EDGE_CURVE ( 'NONE', #2647, #1100, #109, .T. ) ;
#595 = ADVANCED_FACE ( 'NONE', ( #5734 ), #4202, .T. ) ;
#596 = VECTOR ( 'NONE', #5146, 1000.000000000000000 ) ;
#597 = CARTESIAN_POINT ( 'NONE',  ( -4.177501056589175500, -1.049314575050752200, -0.9999999999999879000 ) ) ;
#598 = VERTEX_POINT ( 'NONE', #5942 ) ;
#599 = DIRECTION ( 'NONE',  ( -0.7071067811865477900, 0.0000000000000000000, -0.7071067811865472400 ) ) ;
#600 = FACE_OUTER_BOUND ( 'NONE', #2672, .T. ) ;
#601 = DIRECTION ( 'NONE',  ( 0.0000000000000000000, 1.000000000000000000, 0.0000000000000000000 ) ) ;
#602 = VERTEX_POINT ( 'NONE', #513 ) ;
#603 = EDGE_CURVE ( 'NONE', #1789, #6279, #1218, .T. ) ;
#604 = VECTOR ( 'NONE', #1104, 1000.000000000000000 ) ;
#605 = CARTESIAN_POINT ( 'NONE',  ( -2.357898303399244900, 0.4475663002407709300, 16.49000000018702000 ) ) ;
#606 = ORIENTED_EDGE ( 'NONE', *, *, #3999, .F. ) ;
#607 = AXIS2_PLACEMENT_3D ( 'NONE', #1989, #1957, #2539 ) ;
#608 = LINE ( 'NONE', #2626, #4885 ) ;
#609 = AXIS2_PLACEMENT_3D ( 'NONE', #6916, #993, #948 ) ;
#610 = ORIENTED_EDGE ( 'NONE', *, *, #395, .F. ) ;
#611 = LINE ( 'NONE', #2136, #1464 ) ;
#612 = CARTESIAN_POINT ( 'NONE',  ( 4.750000000000000000, 2.669999999999962600, 8.380000000000009700 ) ) ;
#613 = DIRECTION ( 'NONE',  ( 0.0000000000000000000, 0.0000000000000000000, 1.000000000000000000 ) ) ;
#614 = VECTOR ( 'NONE', #1689, 999.9999999999998900 ) ;
#615 = VERTEX_POINT ( 'NONE', #4841 ) ;
#616 = FACE_OUTER_BOUND ( 'NONE', #2444, .T. ) ;
#617 = ORIENTED_EDGE ( 'NONE', *, *, #3672, .F. ) ;
#618 = CIRCLE ( 'NONE', #2150, 0.7041745638733795100 ) ;
#619 = CARTESIAN_POINT ( 'NONE',  ( 6.350000000000000500, 2.669999999999988400, 8.890000000000000600 ) ) ;
#620 = CARTESIAN_POINT ( 'NONE',  ( 4.001512993009321000, 1.049314575050752200, -0.8815067120431462300 ) ) ;
#621 = EDGE_CURVE ( 'NONE', #756, #656, #2833, .T. ) ;
#622 = LINE ( 'NONE', #5740, #1317 ) ;
#623 = VECTOR ( 'NONE', #899, 1000.000000000000000 ) ;
#624 = CARTESIAN_POINT ( 'NONE',  ( 4.319999999999992300, 0.6350000000000001200, 0.0000000000000000000 ) ) ;
#625 = ORIENTED_EDGE ( 'NONE', *, *, #4537, .F. ) ;
#626 = EDGE_LOOP ( 'NONE', ( #1046, #2750, #1216, #122 ) ) ;
#627 = ORIENTED_EDGE ( 'NONE', *, *, #3044, .T. ) ;
#628 = ORIENTED_EDGE ( 'NONE', *, *, #6811, .T. ) ;
#629 = CARTESIAN_POINT ( 'NONE',  ( -2.174999999999808900, 2.166919661656124200, 0.6999999999999940700 ) ) ;
#630 = DIRECTION ( 'NONE',  ( 0.0000000000000000000, 0.0000000000000000000, 1.000000000000000000 ) ) ;
#631 = LINE ( 'NONE', #409, #4814 ) ;
#632 = AXIS2_PLACEMENT_3D ( 'NONE', #3733, #452, #2092 ) ;
#633 = DIRECTION ( 'NONE',  ( -1.000000000000000000, -0.0000000000000000000, -0.0000000000000000000 ) ) ;
#634 = ORIENTED_EDGE ( 'NONE', *, *, #2715, .T. ) ;
#635 = CARTESIAN_POINT ( 'NONE',  ( -4.285685424949244600, -1.049314575050752200, -0.9999999999999879000 ) ) ;
#636 = ORIENTED_EDGE ( 'NONE', *, *, #3064, .F. ) ;
#637 = EDGE_LOOP ( 'NONE', ( #4433, #2338, #5952 ) ) ;
#638 = ORIENTED_EDGE ( 'NONE', *, *, #184, .T. ) ;
#639 = ADVANCED_FACE ( 'NONE', ( #3244 ), #1467, .T. ) ;
#640 = DIRECTION ( 'NONE',  ( 1.000000000000000000, 0.0000000000000000000, 0.0000000000000000000 ) ) ;
#641 = VERTEX_POINT ( 'NONE', #3754 ) ;
#642 = LINE ( 'NONE', #6231, #45 ) ;
#643 = ORIENTED_EDGE ( 'NONE', *, *, #3288, .T. ) ;
#644 = VERTEX_POINT ( 'NONE', #3211 ) ;
#645 = CARTESIAN_POINT ( 'NONE',  ( -1.063225179635456400, -3.380000000000043900, 6.547201937963128800 ) ) ;
#646 = EDGE_CURVE ( 'NONE', #2536, #4734, #2317, .T. ) ;
#647 = DIRECTION ( 'NONE',  ( 0.0000000000000000000, 1.000000000000000000, 0.0000000000000000000 ) ) ;
#648 = CARTESIAN_POINT ( 'NONE',  ( 0.4143145750507523100, -1.107499999999989700, -0.9999999999999879000 ) ) ;
#649 = DIRECTION ( 'NONE',  ( 0.0000000000000000000, -1.000000000000000000, 0.0000000000000000000 ) ) ;
#650 = VECTOR ( 'NONE', #5620, 1000.000000000000000 ) ;
#651 = CARTESIAN_POINT ( 'NONE',  ( 4.750000000000000000, 3.429999999999920700, 0.5099999999999920200 ) ) ;
#652 = EDGE_CURVE ( 'NONE', #5417, #1728, #5474, .T. ) ;
#653 = DIRECTION ( 'NONE',  ( -1.000000000000000000, -0.0000000000000000000, 0.0000000000000000000 ) ) ;
#654 = CARTESIAN_POINT ( 'NONE',  ( -0.3800000000000040600, -1.015000000000004100, -1.549999999999997800 ) ) ;
#655 = DIRECTION ( 'NONE',  ( 1.000000000000000000, 0.0000000000000000000, 0.0000000000000000000 ) ) ;
#656 = VERTEX_POINT ( 'NONE', #4818 ) ;
#657 = EDGE_CURVE ( 'NONE', #464, #1480, #4034, .T. ) ;
#658 = FACE_OUTER_BOUND ( 'NONE', #2101, .T. ) ;
#659 = CARTESIAN_POINT ( 'NONE',  ( 2.864554677647284100, -2.024174563873357300, 0.6999999999999940700 ) ) ;
#660 = DIRECTION ( 'NONE',  ( -1.000000000000000000, -0.0000000000000000000, -0.0000000000000000000 ) ) ;
#661 = VERTEX_POINT ( 'NONE', #2658 ) ;
#662 = CARTESIAN_POINT ( 'NONE',  ( 6.249999999999994700, -3.149999999999998600, 9.390000000000007700 ) ) ;
#663 = LINE ( 'NONE', #506, #2618 ) ;
#664 = CARTESIAN_POINT ( 'NONE',  ( -1.485445322352715300, 2.024174563873357300, 0.5099999999999922400 ) ) ;
#665 = EDGE_CURVE ( 'NONE', #3000, #2995, #4283, .T. ) ;
#666 = EDGE_CURVE ( 'NONE', #2890, #1632, #6846, .T. ) ;
#667 = CARTESIAN_POINT ( 'NONE',  ( -2.100000000000008500, 4.200000000000017900, 14.67999999999998000 ) ) ;
#668 = PLANE ( 'NONE',  #6956 ) ;
#669 = LINE ( 'NONE', #2196, #490 ) ;
#670 = CARTESIAN_POINT ( 'NONE',  ( -6.000000000000003600, 3.179999999999980200, 9.390000000000007700 ) ) ;
#671 = DIRECTION ( 'NONE',  ( -1.000000000000000000, -0.0000000000000000000, 0.0000000000000000000 ) ) ;
#672 = DIRECTION ( 'NONE',  ( 1.000000000000000000, 0.0000000000000000000, 0.0000000000000000000 ) ) ;
#673 = ADVANCED_FACE ( 'NONE', ( #6923 ), #4860, .T. ) ;
#674 = AXIS2_PLACEMENT_3D ( 'NONE', #5501, #3902, #3853 ) ;
#675 = EDGE_LOOP ( 'NONE', ( #2381, #6375, #1210, #3255 ) ) ;
#676 = VECTOR ( 'NONE', #3504, 1000.000000000000000 ) ;
#677 = CARTESIAN_POINT ( 'NONE',  ( -0.3767973192526478100, 0.6350000000000001200, -10.80000000000000600 ) ) ;
#678 = CARTESIAN_POINT ( 'NONE',  ( 0.8800000000000105500, -0.6350000000000001200, -7.749999999999989300 ) ) ;
#679 = ORIENTED_EDGE ( 'NONE', *, *, #4919, .T. ) ;
#680 = LINE ( 'NONE', #3867, #6298 ) ;
#681 = DIRECTION ( 'NONE',  ( -1.000000000000000000, 0.0000000000000000000, -0.0000000000000000000 ) ) ;
#682 = DIRECTION ( 'NONE',  ( -1.000000000000000000, 0.0000000000000000000, 0.0000000000000000000 ) ) ;
#683 = DIRECTION ( 'NONE',  ( -0.0000000000000000000, 0.0000000000000000000, -1.000000000000000000 ) ) ;
#684 = EDGE_LOOP ( 'NONE', ( #3018, #4259, #794, #643 ) ) ;
#685 = VECTOR ( 'NONE', #273, 1000.000000000000000 ) ;
#686 = DIRECTION ( 'NONE',  ( 0.0000000000000000000, 0.0000000000000000000, 1.000000000000000000 ) ) ;
#687 = DIRECTION ( 'NONE',  ( 0.5773502691896258400, 0.5773502691896258400, -0.5773502691896258400 ) ) ;
#688 = CARTESIAN_POINT ( 'NONE',  ( -4.750000000000000000, 2.669999999999988400, 8.890000000000000600 ) ) ;
#689 = CARTESIAN_POINT ( 'NONE',  ( -5.080000000000001000, -0.6350000000000001200, -10.30000000000000100 ) ) ;
#690 = LINE ( 'NONE', #6094, #6576 ) ;
#691 = DIRECTION ( 'NONE',  ( 0.7071067811865480200, -1.772113000000000100E-016, -0.7071067811865470200 ) ) ;
#692 = PLANE ( 'NONE',  #2478 ) ;
#693 = LINE ( 'NONE', #275, #1387 ) ;
#694 = ORIENTED_EDGE ( 'NONE', *, *, #742, .T. ) ;
#695 = FACE_OUTER_BOUND ( 'NONE', #4553, .T. ) ;
#696 = DIRECTION ( 'NONE',  ( 0.0000000000000000000, 0.0000000000000000000, 1.000000000000000000 ) ) ;
#697 = EDGE_CURVE ( 'NONE', #6781, #6571, #7015, .T. ) ;
#698 = DIRECTION ( 'NONE',  ( 1.000000000000000000, 0.0000000000000000000, 0.0000000000000000000 ) ) ;
#699 = CARTESIAN_POINT ( 'NONE',  ( 1.414791470714498200, -3.430000000000021900, 5.355874884024085100 ) ) ;
#700 = FACE_OUTER_BOUND ( 'NONE', #718, .T. ) ;
#701 = DIRECTION ( 'NONE',  ( -1.000000000000000000, -0.0000000000000000000, -0.0000000000000000000 ) ) ;
#702 = CARTESIAN_POINT ( 'NONE',  ( 4.749999999999975100, -2.920000000000004400, 0.0000000000000000000 ) ) ;
#703 = ORIENTED_EDGE ( 'NONE', *, *, #6363, .T. ) ;
#704 = VERTEX_POINT ( 'NONE', #6568 ) ;
#705 = EDGE_LOOP ( 'NONE', ( #6005, #3332, #3509 ) ) ;
#706 = EDGE_CURVE ( 'NONE', #3364, #6211, #3073, .T. ) ;
#707 = FACE_OUTER_BOUND ( 'NONE', #5129, .T. ) ;
#708 = ORIENTED_EDGE ( 'NONE', *, *, #2853, .T. ) ;
#709 = LINE ( 'NONE', #4694, #5903 ) ;
#710 = EDGE_LOOP ( 'NONE', ( #3308, #4268, #4131 ) ) ;
#711 = ADVANCED_FACE ( 'NONE', ( #2499 ), #4963, .F. ) ;
#712 = DIRECTION ( 'NONE',  ( 1.000000000000000000, 0.0000000000000000000, 0.0000000000000000000 ) ) ;
#713 =( NAMED_UNIT ( * ) PLANE_ANGLE_UNIT ( ) SI_UNIT ( $, .RADIAN. ) );
#714 = VECTOR ( 'NONE', #671, 1000.000000000000000 ) ;
#715 = LINE ( 'NONE', #1170, #5662 ) ;
#716 = ORIENTED_EDGE ( 'NONE', *, *, #5055, .T. ) ;
#717 = DIRECTION ( 'NONE',  ( -0.7071067811865470200, 0.0000000000000000000, 0.7071067811865480200 ) ) ;
#718 = EDGE_LOOP ( 'NONE', ( #5800, #2845, #1778 ) ) ;
#719 = ORIENTED_EDGE ( 'NONE', *, *, #396, .F. ) ;
#720 = DIRECTION ( 'NONE',  ( 0.0000000000000000000, 1.000000000000000000, 0.0000000000000000000 ) ) ;
#721 = ORIENTED_EDGE ( 'NONE', *, *, #5498, .F. ) ;
#722 = DIRECTION ( 'NONE',  ( 0.0000000000000000000, 1.000000000000000000, 0.0000000000000000000 ) ) ;
#723 = ORIENTED_EDGE ( 'NONE', *, *, #2448, .T. ) ;
#724 = VERTEX_POINT ( 'NONE', #612 ) ;
#725 = DIRECTION ( 'NONE',  ( -0.0000000000000000000, -1.000000000000000000, -0.0000000000000000000 ) ) ;
#726 = DIRECTION ( 'NONE',  ( -0.7071067811865470200, 0.0000000000000000000, -0.7071067811865480200 ) ) ;
#727 = ORIENTED_EDGE ( 'NONE', *, *, #6532, .T. ) ;
#728 = DIRECTION ( 'NONE',  ( -0.2027126583466629100, -0.9792382642370696100, 0.0000000000000000000 ) ) ;
#729 = CARTESIAN_POINT ( 'NONE',  ( 4.750000000000000000, -3.429999999999996600, 8.380000000000009700 ) ) ;
#730 = ORIENTED_EDGE ( 'NONE', *, *, #5394, .F. ) ;
#731 = VERTEX_POINT ( 'NONE', #662 ) ;
#732 = AXIS2_PLACEMENT_3D ( 'NONE', #3747, #4877, #2699 ) ;
#733 = ORIENTED_EDGE ( 'NONE', *, *, #4863, .F. ) ;
#734 = VECTOR ( 'NONE', #738, 1000.000000000000000 ) ;
#735 = CARTESIAN_POINT ( 'NONE',  ( 4.285685424949244600, -1.257350442411906000, -0.9583642496800579600 ) ) ;
#736 = EDGE_LOOP ( 'NONE', ( #5875, #2932, #3886, #2925, #5440 ) ) ;
#737 = EDGE_LOOP ( 'NONE', ( #4449, #124, #810, #4313 ) ) ;
#738 = DIRECTION ( 'NONE',  ( -1.000000000000000000, -0.0000000000000000000, 0.0000000000000000000 ) ) ;
#739 = AXIS2_PLACEMENT_3D ( 'NONE', #4447, #1661, #5537 ) ;
#740 = LINE ( 'NONE', #55, #4497 ) ;
#741 = DIRECTION ( 'NONE',  ( 0.0000000000000000000, 0.0000000000000000000, -1.000000000000000000 ) ) ;
#742 = EDGE_CURVE ( 'NONE', #6658, #5003, #2651, .T. ) ;
#743 = DIRECTION ( 'NONE',  ( 0.0000000000000000000, 0.0000000000000000000, -1.000000000000000000 ) ) ;
#744 = ORIENTED_EDGE ( 'NONE', *, *, #4491, .T. ) ;
#745 = ADVANCED_FACE ( 'NONE', ( #4708 ), #1801, .T. ) ;
#746 = EDGE_CURVE ( 'NONE', #4091, #3968, #185, .T. ) ;
#747 = VECTOR ( 'NONE', #2290, 1000.000000000000100 ) ;
#748 = PLANE ( 'NONE',  #5532 ) ;
#749 = AXIS2_PLACEMENT_3D ( 'NONE', #1329, #6191, #6210 ) ;
#750 = PLANE ( 'NONE',  #3413 ) ;
#751 = EDGE_CURVE ( 'NONE', #499, #2223, #858, .T. ) ;
#752 = VECTOR ( 'NONE', #5358, 1000.000000000000100 ) ;
#753 = CARTESIAN_POINT ( 'NONE',  ( -6.249999999999994700, 3.429999999999996600, 8.890000000000000600 ) ) ;
#754 = DIRECTION ( 'NONE',  ( 0.0000000000000000000, 0.0000000000000000000, 1.000000000000000000 ) ) ;
#755 = EDGE_CURVE ( 'NONE', #2927, #3882, #3327, .T. ) ;
#756 = VERTEX_POINT ( 'NONE', #6058 ) ;
#757 = EDGE_CURVE ( 'NONE', #6427, #6675, #282, .T. ) ;
#758 = DIRECTION ( 'NONE',  ( -0.7071067811865480200, 8.860567000000000200E-017, -0.7071067811865470200 ) ) ;
#759 = EDGE_LOOP ( 'NONE', ( #2711, #6695, #2406, #1017, #5407 ) ) ;
#760 = DIRECTION ( 'NONE',  ( -0.7071067811865477900, 0.0000000000000000000, 0.7071067811865472400 ) ) ;
#761 = FACE_OUTER_BOUND ( 'NONE', #4455, .T. ) ;
#762 = CARTESIAN_POINT ( 'NONE',  ( 9.530000000000004700, 0.6350000000000001200, -11.56000000000001500 ) ) ;
#763 = DIRECTION ( 'NONE',  ( 0.0000000000000000000, 0.0000000000000000000, -1.000000000000000000 ) ) ;
#764 = AXIS2_PLACEMENT_3D ( 'NONE', #4464, #691, #5065 ) ;
#765 = CARTESIAN_POINT ( 'NONE',  ( 0.3800000000000040600, -1.015000000000004100, 0.0000000000000000000 ) ) ;
#766 = VERTEX_POINT ( 'NONE', #6597 ) ;
#767 = LINE ( 'NONE', #3320, #3573 ) ;
#768 = PLANE ( 'NONE',  #1061 ) ;
#769 = FACE_OUTER_BOUND ( 'NONE', #6609, .T. ) ;
#770 = PLANE ( 'NONE',  #5267 ) ;
#771 = DIRECTION ( 'NONE',  ( 0.9260204203180920600, 0.0000000000000000000, -0.3774734178109820400 ) ) ;
#772 = ORIENTED_EDGE ( 'NONE', *, *, #6307, .F. ) ;
#773 = LINE ( 'NONE', #555, #1205 ) ;
#774 = AXIS2_PLACEMENT_3D ( 'NONE', #2288, #5103, #6680 ) ;
#775 = ORIENTED_EDGE ( 'NONE', *, *, #10, .T. ) ;
#776 = ADVANCED_FACE ( 'NONE', ( #4275 ), #1574, .T. ) ;
#777 = CARTESIAN_POINT ( 'NONE',  ( 4.001512993009318300, -1.157498943410820900, -0.8815067120431442400 ) ) ;
#778 = CARTESIAN_POINT ( 'NONE',  ( 8.330000000000005400, -2.540000000000000500, 9.390000000000007700 ) ) ;
#779 = EDGE_CURVE ( 'NONE', #374, #3356, #2308, .T. ) ;
#780 = VECTOR ( 'NONE', #2215, 1000.000000000000000 ) ;
#781 = COLOUR_RGB ( '',0.9058823529411764700, 0.9058823529411764700, 0.9058823529411764700 ) ;
#782 = CARTESIAN_POINT ( 'NONE',  ( -5.114314575050773500, -1.049314575050752400, -0.5999999999999875400 ) ) ;
#783 = ORIENTED_EDGE ( 'NONE', *, *, #4093, .F. ) ;
#784 = FACE_OUTER_BOUND ( 'NONE', #3800, .T. ) ;
#785 = DIRECTION ( 'NONE',  ( 0.0000000000000000000, 0.0000000000000000000, -1.000000000000000000 ) ) ;
#786 = EDGE_CURVE ( 'NONE', #3092, #5237, #3590, .T. ) ;
#787 = DIRECTION ( 'NONE',  ( -1.000000000000000000, -0.0000000000000000000, 0.0000000000000000000 ) ) ;
#788 = CIRCLE ( 'NONE', #6932, 1.337397979817464400 ) ;
#789 = ORIENTED_EDGE ( 'NONE', *, *, #3182, .F. ) ;
#790 = AXIS2_PLACEMENT_3D ( 'NONE', #1359, #1912, #743 ) ;
#791 = CARTESIAN_POINT ( 'NONE',  ( 3.402842712474623900, -2.215000000000004700, -3.726486000000176300E-017 ) ) ;
#792 = CIRCLE ( 'NONE', #6253, 0.5000000000000065500 ) ;
#793 = CARTESIAN_POINT ( 'NONE',  ( -0.5112381000369226000, 1.257350442411905700, -0.9583642496800580700 ) ) ;
#794 = ORIENTED_EDGE ( 'NONE', *, *, #1760, .T. ) ;
#795 = EDGE_CURVE ( 'NONE', #5212, #6006, #1896, .T. ) ;
#796 = CARTESIAN_POINT ( 'NONE',  ( -2.831699664282149700, 0.5099999999999920200, 16.01300109440875700 ) ) ;
#797 = DIRECTION ( 'NONE',  ( -1.000000000000000000, -0.0000000000000000000, 0.0000000000000000000 ) ) ;
#798 = CARTESIAN_POINT ( 'NONE',  ( 1.299999999999971200, -2.920000000000033200, 0.6999999999999940700 ) ) ;
#799 = LINE ( 'NONE', #3813, #614 ) ;
#800 = SURFACE_STYLE_FILL_AREA ( #1828 ) ;
#801 = ORIENTED_EDGE ( 'NONE', *, *, #2434, .F. ) ;
#802 = ORIENTED_EDGE ( 'NONE', *, *, #3935, .T. ) ;
#803 = EDGE_CURVE ( 'NONE', #1635, #1471, #5559, .T. ) ;
#804 = ORIENTED_EDGE ( 'NONE', *, *, #594, .T. ) ;
#805 = EDGE_CURVE ( 'NONE', #5646, #3871, #6060, .T. ) ;
#806 = DIRECTION ( 'NONE',  ( -1.212738566938669300E-016, -1.000000000000000000, 4.943482473272681000E-017 ) ) ;
#807 = ORIENTED_EDGE ( 'NONE', *, *, #3999, .T. ) ;
#808 = DIRECTION ( 'NONE',  ( 0.0000000000000000000, 0.0000000000000000000, 1.000000000000000000 ) ) ;
#809 = DIRECTION ( 'NONE',  ( -0.9792382642371262300, -0.2027126583463900500, 0.0000000000000000000 ) ) ;
#810 = ORIENTED_EDGE ( 'NONE', *, *, #2195, .T. ) ;
#811 = ORIENTED_EDGE ( 'NONE', *, *, #3806, .F. ) ;
#812 = ORIENTED_EDGE ( 'NONE', *, *, #3557, .F. ) ;
#813 = CARTESIAN_POINT ( 'NONE',  ( 2.100000000000008100, -1.079998094000000000E-015, 9.390000000000007700 ) ) ;
#814 = DIRECTION ( 'NONE',  ( 0.0000000000000000000, -0.0000000000000000000, 1.000000000000000000 ) ) ;
#815 = ORIENTED_EDGE ( 'NONE', *, *, #6640, .T. ) ;
#816 = VECTOR ( 'NONE', #2829, 1000.000000000000000 ) ;
#817 = ADVANCED_FACE ( 'NONE', ( #1209 ), #6691, .T. ) ;
#818 = ORIENTED_EDGE ( 'NONE', *, *, #5585, .F. ) ;
#819 = CARTESIAN_POINT ( 'NONE',  ( 1.753341459406232600, -3.380000000000043900, 6.097201937963125000 ) ) ;
#820 = DIRECTION ( 'NONE',  ( -0.0000000000000000000, 1.000000000000000000, 0.0000000000000000000 ) ) ;
#821 = PLANE ( 'NONE',  #5378 ) ;
#822 = ORIENTED_EDGE ( 'NONE', *, *, #2255, .F. ) ;
#823 = CARTESIAN_POINT ( 'NONE',  ( 1.753341459406232600, -3.430000000000021900, 6.097201937963125000 ) ) ;
#824 = VECTOR ( 'NONE', #3848, 1000.000000000000000 ) ;
#825 = DIRECTION ( 'NONE',  ( -0.0000000000000000000, 1.000000000000000000, 0.0000000000000000000 ) ) ;
#826 =( BOUNDED_SURFACE ( )  B_SPLINE_SURFACE ( 3, 3, ( 
 ( #453, #4221, #3735, #6371 ),
 ( #3657, #404, #6973, #4768 ),
 ( #1499, #476, #6954, #5321 ),
 ( #2632, #2037, #5854, #5360 ) ),
 .UNSPECIFIED., .F., .F., .T. ) 
 B_SPLINE_SURFACE_WITH_KNOTS ( ( 4, 4 ),
 ( 4, 4 ),
 ( 0.0000000000000000000, 1.000000000000000000 ),
 ( 0.0000000000000000000, 1.000000000000000000 ),
 .UNSPECIFIED. ) 
 GEOMETRIC_REPRESENTATION_ITEM ( )  RATIONAL_B_SPLINE_SURFACE ( (
 ( 1.000000000000000000, 0.9486501948152655800, 0.9486501948152655800, 1.000000000000000000),
 ( 0.9486501948152655800, 0.8999371921230413500, 0.8999371921230413500, 0.9486501948152655800),
 ( 0.9486501948152655800, 0.8999371921230413500, 0.8999371921230413500, 0.9486501948152655800),
 ( 1.000000000000000000, 0.9486501948152655800, 0.9486501948152655800, 1.000000000000000000) ) ) 
 REPRESENTATION_ITEM ( '' )  SURFACE ( )  );
#827 = EDGE_LOOP ( 'NONE', ( #4485, #4955, #628, #5808 ) ) ;
#828 = DIRECTION ( 'NONE',  ( 1.000000000000000000, 0.0000000000000000000, 0.0000000000000000000 ) ) ;
#829 = VECTOR ( 'NONE', #1581, 1000.000000000000000 ) ;
#830 = DIRECTION ( 'NONE',  ( 0.0000000000000000000, 0.0000000000000000000, 1.000000000000000000 ) ) ;
#831 = PLANE ( 'NONE',  #2466 ) ;
#832 = DIRECTION ( 'NONE',  ( 0.0000000000000000000, 0.0000000000000000000, 1.000000000000000000 ) ) ;
#833 = ORIENTED_EDGE ( 'NONE', *, *, #2189, .F. ) ;
#834 = EDGE_CURVE ( 'NONE', #6919, #2870, #2820, .T. ) ;
#835 = VECTOR ( 'NONE', #1514, 1000.000000000000000 ) ;
#836 = CYLINDRICAL_SURFACE ( 'NONE', #964, 0.2499999999999906700 ) ;
#837 = DIRECTION ( 'NONE',  ( -0.0000000000000000000, -0.0000000000000000000, -1.000000000000000000 ) ) ;
#838 = EDGE_CURVE ( 'NONE', #126, #4049, #2994, .T. ) ;
#839 = CARTESIAN_POINT ( 'NONE',  ( 2.328693082000000200E-016, -1.079998094000000000E-015, 16.49000000000000600 ) ) ;
#840 = DIRECTION ( 'NONE',  ( 0.5773502691896258400, -0.5773502691896254000, 0.5773502691896261800 ) ) ;
#841 = ORIENTED_EDGE ( 'NONE', *, *, #5883, .T. ) ;
#842 = VECTOR ( 'NONE', #5072, 1000.000000000000000 ) ;
#843 = ADVANCED_FACE ( 'NONE', ( #6836 ), #5670, .T. ) ;
#844 = DIRECTION ( 'NONE',  ( 0.0000000000000000000, 0.0000000000000000000, -1.000000000000000000 ) ) ;
#845 = ORIENTED_EDGE ( 'NONE', *, *, #4047, .T. ) ;
#846 = LINE ( 'NONE', #2622, #5038 ) ;
#847 = DIRECTION ( 'NONE',  ( -1.000000000000000000, 0.0000000000000000000, -0.0000000000000000000 ) ) ;
#848 = CARTESIAN_POINT ( 'NONE',  ( 0.0000000000000000000, -2.920000000000029700, 0.6999999999999940700 ) ) ;
#849 = ORIENTED_EDGE ( 'NONE', *, *, #7007, .T. ) ;
#850 = VECTOR ( 'NONE', #1390, 1000.000000000000000 ) ;
#851 = VECTOR ( 'NONE', #3118, 1000.000000000000000 ) ;
#852 = DIRECTION ( 'NONE',  ( 1.000000000000000000, 0.0000000000000000000, 0.0000000000000000000 ) ) ;
#853 = PLANE ( 'NONE',  #4126 ) ;
#854 = LINE ( 'NONE', #3498, #5564 ) ;
#855 = VERTEX_POINT ( 'NONE', #5107 ) ;
#856 = CIRCLE ( 'NONE', #2431, 0.4000000000000002400 ) ;
#857 = DIRECTION ( 'NONE',  ( 1.242162000000000200E-016, 0.7071067811865480200, -0.7071067811865470200 ) ) ;
#858 = LINE ( 'NONE', #2755, #3066 ) ;
#859 = LINE ( 'NONE', #863, #6664 ) ;
#860 = EDGE_LOOP ( 'NONE', ( #3594, #1401, #3256, #2803 ) ) ;
#861 = CARTESIAN_POINT ( 'NONE',  ( 0.6971572875253786400, -1.049314575050752200, -0.8828427124746135400 ) ) ;
#862 = VECTOR ( 'NONE', #2370, 1000.000000000000000 ) ;
#863 = CARTESIAN_POINT ( 'NONE',  ( 3.072771161251025800, -3.030000000000046900, 0.0000000000000000000 ) ) ;
#864 = EDGE_CURVE ( 'NONE', #2737, #3456, #6404, .T. ) ;
#865 = ORIENTED_EDGE ( 'NONE', *, *, #1933, .F. ) ;
#866 = CIRCLE ( 'NONE', #5424, 0.7600000000000081100 ) ;
#867 = FILL_AREA_STYLE ('',( #6768 ) ) ;
#868 = VERTEX_POINT ( 'NONE', #6199 ) ;
#869 = LINE ( 'NONE', #3270, #4127 ) ;
#870 = CARTESIAN_POINT ( 'NONE',  ( 1.304948799286031100, -3.430000000000021900, 4.997201937963131600 ) ) ;
#871 = ORIENTED_EDGE ( 'NONE', *, *, #5528, .T. ) ;
#872 = ADVANCED_FACE ( 'NONE', ( #7008 ), #3357, .T. ) ;
#873 = EDGE_CURVE ( 'NONE', #1135, #5082, #1549, .T. ) ;
#874 = CARTESIAN_POINT ( 'NONE',  ( 5.114314575050773500, 1.049314575050752200, -0.9999999999999879000 ) ) ;
#875 = AXIS2_PLACEMENT_3D ( 'NONE', #4887, #449, #982 ) ;
#876 = AXIS2_PLACEMENT_3D ( 'NONE', #3934, #2786, #2265 ) ;
#877 = EDGE_CURVE ( 'NONE', #1829, #6837, #5386, .T. ) ;
#878 = CIRCLE ( 'NONE', #5668, 0.7600000000000081100 ) ;
#879 = ORIENTED_EDGE ( 'NONE', *, *, #3856, .T. ) ;
#880 = EDGE_LOOP ( 'NONE', ( #180, #3873, #4784, #6425, #3859, #6143, #5128, #1552 ) ) ;
#881 = CARTESIAN_POINT ( 'NONE',  ( 3.119999999999991700, -1.458902086000000400E-014, 0.0000000000000000000 ) ) ;
#882 = ORIENTED_EDGE ( 'NONE', *, *, #5303, .T. ) ;
#883 = CARTESIAN_POINT ( 'NONE',  ( 0.6971572875253854200, -2.215000000000004700, -0.8828427124746205400 ) ) ;
#884 = DIRECTION ( 'NONE',  ( 0.0000000000000000000, 0.0000000000000000000, 1.000000000000000000 ) ) ;
#885 = ORIENTED_EDGE ( 'NONE', *, *, #339, .T. ) ;
#886 = ORIENTED_EDGE ( 'NONE', *, *, #48, .F. ) ;
#887 = EDGE_CURVE ( 'NONE', #3139, #2032, #788, .T. ) ;
#888 = EDGE_CURVE ( 'NONE', #2995, #36, #5892, .T. ) ;
#889 = DIRECTION ( 'NONE',  ( -1.000000000000000000, -0.0000000000000000000, 0.0000000000000000000 ) ) ;
#890 = EDGE_LOOP ( 'NONE', ( #2337, #4822, #7009, #6168 ) ) ;
#891 = CARTESIAN_POINT ( 'NONE',  ( -6.350000000000000500, 3.429999999999952200, 0.0000000000000000000 ) ) ;
#892 = DIRECTION ( 'NONE',  ( -0.0000000000000000000, -1.000000000000000000, -0.0000000000000000000 ) ) ;
#893 = DIRECTION ( 'NONE',  ( -1.000000000000000000, -0.0000000000000000000, -0.0000000000000000000 ) ) ;
#894 = ORIENTED_EDGE ( 'NONE', *, *, #2830, .F. ) ;
#895 = EDGE_LOOP ( 'NONE', ( #103, #3737, #2225, #1967, #5753 ) ) ;
#896 = ORIENTED_EDGE ( 'NONE', *, *, #3094, .T. ) ;
#897 = PLANE ( 'NONE',  #3023 ) ;
#898 = CARTESIAN_POINT ( 'NONE',  ( -0.5112381000369234900, -1.257350442411906000, -0.9583642496800578400 ) ) ;
#899 = DIRECTION ( 'NONE',  ( -0.0000000000000000000, -1.000000000000000000, -0.0000000000000000000 ) ) ;
#900 = ORIENTED_EDGE ( 'NONE', *, *, #4296, .F. ) ;
#901 = DIRECTION ( 'NONE',  ( 1.000000000000000000, 0.0000000000000000000, -0.0000000000000000000 ) ) ;
#902 = DIRECTION ( 'NONE',  ( 1.000000000000000000, 0.0000000000000000000, 0.0000000000000000000 ) ) ;
#903 = ADVANCED_FACE ( 'NONE', ( #2490 ), #6487, .T. ) ;
#904 = LINE ( 'NONE', #79, #2181 ) ;
#905 = CARTESIAN_POINT ( 'NONE',  ( 5.114314575050773500, -1.332157287525385800, -0.8828427124746207600 ) ) ;
#906 = EDGE_CURVE ( 'NONE', #3798, #2223, #1034, .T. ) ;
#907 = CARTESIAN_POINT ( 'NONE',  ( 3.049999999999939400, 2.919999999999989700, 0.5099999999999920200 ) ) ;
#908 = DIRECTION ( 'NONE',  ( -0.2027126583469436000, -0.9792382642370115500, 0.0000000000000000000 ) ) ;
#909 = CARTESIAN_POINT ( 'NONE',  ( -5.080000000000001000, -1.015000000000004100, 0.0000000000000000000 ) ) ;
#910 = VECTOR ( 'NONE', #3232, 1000.000000000000000 ) ;
#911 = AXIS2_PLACEMENT_3D ( 'NONE', #5192, #4792, #3150 ) ;
#912 = CARTESIAN_POINT ( 'NONE',  ( -0.4143145750507523100, 1.332157287525385800, -0.8828427124746207600 ) ) ;
#913 = EDGE_CURVE ( 'NONE', #656, #641, #6316, .T. ) ;
#914 = VERTEX_POINT ( 'NONE', #861 ) ;
#915 = DIRECTION ( 'NONE',  ( 0.0000000000000000000, 0.0000000000000000000, -1.000000000000000000 ) ) ;
#916 = PRESENTATION_STYLE_ASSIGNMENT (( #301 ) ) ;
#917 = DIRECTION ( 'NONE',  ( -0.0000000000000000000, 0.0000000000000000000, 1.000000000000000000 ) ) ;
#918 = CARTESIAN_POINT ( 'NONE',  ( 1.580000000000004300, 1.932157287525378300, -1.084202172485504400E-016 ) ) ;
#919 = EDGE_LOOP ( 'NONE', ( #896, #4285, #7018, #617 ) ) ;
#920 = EDGE_CURVE ( 'NONE', #297, #5723, #5227, .T. ) ;
#921 = VERTEX_POINT ( 'NONE', #4663 ) ;
#922 = ORIENTED_EDGE ( 'NONE', *, *, #339, .F. ) ;
#923 = LINE ( 'NONE', #492, #4092 ) ;
#924 = EDGE_CURVE ( 'NONE', #283, #3187, #6662, .T. ) ;
#925 = ORIENTED_EDGE ( 'NONE', *, *, #4130, .T. ) ;
#926 = EDGE_LOOP ( 'NONE', ( #3864, #922, #6526, #1818 ) ) ;
#927 = FACE_OUTER_BOUND ( 'NONE', #4143, .T. ) ;
#928 = CARTESIAN_POINT ( 'NONE',  ( -3.223527618041001300, 2.215000000000006500, 5.421010862427522200E-017 ) ) ;
#929 = CARTESIAN_POINT ( 'NONE',  ( 0.8800000000000106600, -0.6350000000000001200, -6.490000000000000200 ) ) ;
#930 = LINE ( 'NONE', #3546, #2728 ) ;
#931 = CARTESIAN_POINT ( 'NONE',  ( 6.447796052631583800, -0.6350000000000001200, -1.549999999999997800 ) ) ;
#932 = ORIENTED_EDGE ( 'NONE', *, *, #373, .T. ) ;
#933 = VECTOR ( 'NONE', #5005, 1000.000000000000000 ) ;
#934 =( NAMED_UNIT ( * ) PLANE_ANGLE_UNIT ( ) SI_UNIT ( $, .RADIAN. ) );
#935 = ADVANCED_FACE ( 'NONE', ( #700 ), #3894, .T. ) ;
#936 = CARTESIAN_POINT ( 'NONE',  ( 4.750000000000000000, 2.669999999999988400, 8.129999999999993700 ) ) ;
#937 = VECTOR ( 'NONE', #2840, 1000.000000000000000 ) ;
#938 = ORIENTED_EDGE ( 'NONE', *, *, #1345, .F. ) ;
#939 = LINE ( 'NONE', #4950, #6920 ) ;
#940 = CARTESIAN_POINT ( 'NONE',  ( -0.4143145750507523100, 1.049314575050752200, -0.5999999999999875400 ) ) ;
#941 = DIRECTION ( 'NONE',  ( 0.0000000000000000000, -0.0000000000000000000, -1.000000000000000000 ) ) ;
#942 = VECTOR ( 'NONE', #3491, 1000.000000000000000 ) ;
#943 = ORIENTED_EDGE ( 'NONE', *, *, #6879, .T. ) ;
#944 = DIRECTION ( 'NONE',  ( 1.000000000000000000, 0.0000000000000000000, -0.0000000000000000000 ) ) ;
#945 = VECTOR ( 'NONE', #5572, 1000.000000000000000 ) ;
#946 = ORIENTED_EDGE ( 'NONE', *, *, #6266, .F. ) ;
#947 = EDGE_LOOP ( 'NONE', ( #2633, #5990, #6313, #957, #3507, #6388, #4066, #1493 ) ) ;
#948 = DIRECTION ( 'NONE',  ( 1.000000000000000000, 0.0000000000000000000, 0.0000000000000000000 ) ) ;
#949 = ORIENTED_EDGE ( 'NONE', *, *, #666, .T. ) ;
#950 = DIRECTION ( 'NONE',  ( -0.7071067811865482400, 1.626303258728255700E-015, 0.7071067811865468000 ) ) ;
#951 = VECTOR ( 'NONE', #787, 1000.000000000000000 ) ;
#952 = AXIS2_PLACEMENT_3D ( 'NONE', #1889, #2513, #1392 ) ;
#953 = DIRECTION ( 'NONE',  ( 0.5773502691896258400, 0.5773502691896258400, -0.5773502691896258400 ) ) ;
#954 = LINE ( 'NONE', #383, #1228 ) ;
#955 = ORIENTED_EDGE ( 'NONE', *, *, #5394, .T. ) ;
#956 = EDGE_CURVE ( 'NONE', #2083, #4857, #1970, .T. ) ;
#957 = ORIENTED_EDGE ( 'NONE', *, *, #2880, .F. ) ;
#958 = DIRECTION ( 'NONE',  ( 0.0000000000000000000, 0.0000000000000000000, -1.000000000000000000 ) ) ;
#959 = ORIENTED_EDGE ( 'NONE', *, *, #5433, .F. ) ;
#960 = CARTESIAN_POINT ( 'NONE',  ( -4.319999999999992300, -1.015000000000004100, -1.549999999999997800 ) ) ;
#961 = EDGE_CURVE ( 'NONE', #6044, #4727, #356, .T. ) ;
#962 = PLANE ( 'NONE',  #6751 ) ;
#963 = CARTESIAN_POINT ( 'NONE',  ( -0.7899999999999897100, -1.049314575050752200, -0.9999999999999879000 ) ) ;
#964 = AXIS2_PLACEMENT_3D ( 'NONE', #4817, #2090, #4311 ) ;
#965 = ORIENTED_EDGE ( 'NONE', *, *, #2581, .T. ) ;
#966 = VERTEX_POINT ( 'NONE', #6882 ) ;
#967 = ADVANCED_FACE ( 'NONE', ( #3410 ), #2907, .T. ) ;
#968 = CARTESIAN_POINT ( 'NONE',  ( 1.580000000000004700, -1.458902086000000400E-014, 0.0000000000000000000 ) ) ;
#969 = CIRCLE ( 'NONE', #4173, 0.7600000000000081100 ) ;
#970 = DIRECTION ( 'NONE',  ( 1.000000000000000000, 0.0000000000000000000, 0.0000000000000000000 ) ) ;
#971 = ORIENTED_EDGE ( 'NONE', *, *, #2964, .T. ) ;
#972 = DIRECTION ( 'NONE',  ( -0.7071067811865481300, 1.626303258728255900E-015, 0.7071067811865469100 ) ) ;
#973 = EDGE_CURVE ( 'NONE', #6975, #4791, #5807, .T. ) ;
#974 = ORIENTED_EDGE ( 'NONE', *, *, #1759, .F. ) ;
#975 = DIRECTION ( 'NONE',  ( 0.5773502691896256200, 0.5773502691896256200, 0.5773502691896260600 ) ) ;
#976 = CARTESIAN_POINT ( 'NONE',  ( -6.350000000000000500, 3.429999999999996600, 0.0000000000000000000 ) ) ;
#977 = VECTOR ( 'NONE', #6141, 1000.000000000000000 ) ;
#978 = CARTESIAN_POINT ( 'NONE',  ( 9.530000000000004700, 0.6350000000000001200, -6.194878957169453100 ) ) ;
#979 = CARTESIAN_POINT ( 'NONE',  ( -1.099258122440902600, -3.380000000000043900, 5.355874884024085100 ) ) ;
#980 =( NAMED_UNIT ( * ) SI_UNIT ( $, .STERADIAN. ) SOLID_ANGLE_UNIT ( ) );
#981 = ORIENTED_EDGE ( 'NONE', *, *, #3618, .T. ) ;
#982 = DIRECTION ( 'NONE',  ( 0.0000000000000000000, -0.0000000000000000000, -1.000000000000000000 ) ) ;
#983 = LINE ( 'NONE', #659, #747 ) ;
#984 = AXIS2_PLACEMENT_3D ( 'NONE', #1591, #3783, #1611 ) ;
#985 = CARTESIAN_POINT ( 'NONE',  ( 4.750000000000000000, -1.450229002000000200E-014, 8.380000000000009700 ) ) ;
#986 = CARTESIAN_POINT ( 'NONE',  ( 1.476472381958994900, -2.215000000000006100, 0.0000000000000000000 ) ) ;
#987 = CARTESIAN_POINT ( 'NONE',  ( -3.820000000000010900, -0.6350000000000001200, -11.55999999999999000 ) ) ;
#988 = FACE_OUTER_BOUND ( 'NONE', #3080, .T. ) ;
#989 = PLANE ( 'NONE',  #3601 ) ;
#990 = CARTESIAN_POINT ( 'NONE',  ( 9.530000000000004700, 0.6350000000000001200, -3.222203947368421400 ) ) ;
#991 = CARTESIAN_POINT ( 'NONE',  ( -4.188761899963072500, 1.257350442411906200, -0.9583642496800576200 ) ) ;
#992 = AXIS2_PLACEMENT_3D ( 'NONE', #2795, #1800, #1730 ) ;
#993 = DIRECTION ( 'NONE',  ( 0.0000000000000000000, 0.0000000000000000000, 1.000000000000000000 ) ) ;
#994 = EDGE_CURVE ( 'NONE', #7072, #268, #4983, .T. ) ;
#995 = VECTOR ( 'NONE', #2613, 1000.000000000000000 ) ;
#996 = ORIENTED_EDGE ( 'NONE', *, *, #5628, .T. ) ;
#997 = CARTESIAN_POINT ( 'NONE',  ( 5.322350442411921500, -1.049314575050752200, -0.9583642496800598400 ) ) ;
#998 = CARTESIAN_POINT ( 'NONE',  ( -2.595169651120842000, -0.5099999999999920200, 16.24566843243677600 ) ) ;
#999 = CARTESIAN_POINT ( 'NONE',  ( -4.285685424949244600, 1.049314575050752400, -0.5999999999999875400 ) ) ;
#1000 = EDGE_CURVE ( 'NONE', #2528, #2556, #3506, .T. ) ;
#1001 = ORIENTED_EDGE ( 'NONE', *, *, #5628, .F. ) ;
#1002 = ADVANCED_FACE ( 'NONE', ( #4627 ), #4195, .T. ) ;
#1003 = FACE_OUTER_BOUND ( 'NONE', #25, .T. ) ;
#1004 = CARTESIAN_POINT ( 'NONE',  ( 1.387779038000000200E-015, -2.920000000000004400, 0.0000000000000000000 ) ) ;
#1005 = AXIS2_PLACEMENT_3D ( 'NONE', #4588, #6798, #4042 ) ;
#1006 = AXIS2_PLACEMENT_3D ( 'NONE', #5163, #2433, #832 ) ;
#1007 = DIRECTION ( 'NONE',  ( 1.000000000000000000, 0.0000000000000000000, 0.0000000000000000000 ) ) ;
#1008 = EDGE_CURVE ( 'NONE', #4895, #5930, #1458, .T. ) ;
#1009 = DIRECTION ( 'NONE',  ( 0.0000000000000000000, -1.000000000000000000, -0.0000000000000000000 ) ) ;
#1010 = ORIENTED_EDGE ( 'NONE', *, *, #5682, .T. ) ;
#1011 = CARTESIAN_POINT ( 'NONE',  ( -6.176472381958992000, 2.215000000000005600, 0.0000000000000000000 ) ) ;
#1012 = ORIENTED_EDGE ( 'NONE', *, *, #6739, .F. ) ;
#1013 = VERTEX_POINT ( 'NONE', #6385 ) ;
#1014 = VECTOR ( 'NONE', #5604, 1000.000000000000000 ) ;
#1015 = CARTESIAN_POINT ( 'NONE',  ( 5.080000000000001000, -0.6350000000000001200, -2.679999999999999300 ) ) ;
#1016 = EDGE_CURVE ( 'NONE', #6842, #3771, #2130, .T. ) ;
#1017 = ORIENTED_EDGE ( 'NONE', *, *, #157, .T. ) ;
#1018 = PLANE ( 'NONE',  #1557 ) ;
#1019 = EDGE_CURVE ( 'NONE', #1654, #3692, #5884, .T. ) ;
#1020 = ORIENTED_EDGE ( 'NONE', *, *, #1354, .F. ) ;
#1021 = CIRCLE ( 'NONE', #5894, 0.4000000000000001900 ) ;
#1022 = DIRECTION ( 'NONE',  ( -1.000000000000000000, 0.0000000000000000000, -0.0000000000000000000 ) ) ;
#1023 = CARTESIAN_POINT ( 'NONE',  ( 1.485445322352702900, -2.024174563873319500, 0.5099999999999920200 ) ) ;
#1024 = ADVANCED_FACE ( 'NONE', ( #5380 ), #4108, .T. ) ;
#1025 = CYLINDRICAL_SURFACE ( 'NONE', #1683, 0.4000000000000002400 ) ;
#1026 = VECTOR ( 'NONE', #302, 1000.000000000000000 ) ;
#1027 = CARTESIAN_POINT ( 'NONE',  ( 9.530000000000004700, -0.6350000000000001200, -6.990000000000006400 ) ) ;
#1028 = ORIENTED_EDGE ( 'NONE', *, *, #2579, .T. ) ;
#1029 = DIRECTION ( 'NONE',  ( 0.0000000000000000000, -0.0000000000000000000, -1.000000000000000000 ) ) ;
#1030 = VECTOR ( 'NONE', #98, 1000.000000000000000 ) ;
#1031 = PLANE ( 'NONE',  #46 ) ;
#1032 = ORIENTED_EDGE ( 'NONE', *, *, #6983, .T. ) ;
#1033 = AXIS2_PLACEMENT_3D ( 'NONE', #4409, #640, #1729 ) ;
#1034 = CIRCLE ( 'NONE', #4280, 0.4000000000000000800 ) ;
#1035 = PLANE ( 'NONE',  #6621 ) ;
#1036 = ORIENTED_EDGE ( 'NONE', *, *, #1526, .F. ) ;
#1037 =( BOUNDED_CURVE ( )  B_SPLINE_CURVE ( 3, ( #427, #478, #2636, #6453 ),
 .UNSPECIFIED., .F., .T. ) 
 B_SPLINE_CURVE_WITH_KNOTS ( ( 4, 4 ),
 ( 3.141592653589793100, 4.712388980384685200 ),
 .UNSPECIFIED. ) 
 CURVE ( )  GEOMETRIC_REPRESENTATION_ITEM ( )  RATIONAL_B_SPLINE_CURVE ( ( 1.000000000000000000, 0.8047378541243661600, 0.8047378541243661600, 1.000000000000000000 ) ) 
 REPRESENTATION_ITEM ( '' )  );
#1038 = LINE ( 'NONE', #3556, #6925 ) ;
#1039 = VERTEX_POINT ( 'NONE', #416 ) ;
#1040 = CARTESIAN_POINT ( 'NONE',  ( -1.099258122440893300, -3.430000000000021900, 5.355874884024081500 ) ) ;
#1041 = LINE ( 'NONE', #6272, #1026 ) ;
#1042 = ORIENTED_EDGE ( 'NONE', *, *, #2746, .T. ) ;
#1043 = CARTESIAN_POINT ( 'NONE',  ( 1.580000000000004100, -1.932157287525378300, -1.329084750000061700E-017 ) ) ;
#1044 = CIRCLE ( 'NONE', #1919, 0.4000000000000001900 ) ;
#1045 = AXIS2_PLACEMENT_3D ( 'NONE', #4674, #6868, #6286 ) ;
#1046 = ORIENTED_EDGE ( 'NONE', *, *, #5132, .T. ) ;
#1047 =( BOUNDED_CURVE ( )  B_SPLINE_CURVE ( 3, ( #2804, #143, #5111, #1838 ),
 .UNSPECIFIED., .F., .T. ) 
 B_SPLINE_CURVE_WITH_KNOTS ( ( 4, 4 ),
 ( 1.570796326794896800, 3.141592653589793100 ),
 .UNSPECIFIED. ) 
 CURVE ( )  GEOMETRIC_REPRESENTATION_ITEM ( )  RATIONAL_B_SPLINE_CURVE ( ( 1.000000000000000000, 0.8047378541243650500, 0.8047378541243650500, 1.000000000000000000 ) ) 
 REPRESENTATION_ITEM ( '' )  );
#1048 = ADVANCED_FACE ( 'NONE', ( #6051 ), #4836, .T. ) ;
#1049 = ORIENTED_EDGE ( 'NONE', *, *, #6357, .F. ) ;
#1050 = ORIENTED_EDGE ( 'NONE', *, *, #887, .F. ) ;
#1051 = CARTESIAN_POINT ( 'NONE',  ( 8.330000000000005400, 3.149999999999998600, 8.890000000000000600 ) ) ;
#1052 = CARTESIAN_POINT ( 'NONE',  ( 1.624345192960470200, -3.429999999999996600, 9.390000000000007700 ) ) ;
#1053 = DIRECTION ( 'NONE',  ( -1.000000000000000000, 0.0000000000000000000, -0.0000000000000000000 ) ) ;
#1054 = LINE ( 'NONE', #5351, #5743 ) ;
#1055 = FACE_OUTER_BOUND ( 'NONE', #7028, .T. ) ;
#1056 = CARTESIAN_POINT ( 'NONE',  ( 0.4143145750507523100, -1.332157287525385800, -0.8828427124746207600 ) ) ;
#1057 = ORIENTED_EDGE ( 'NONE', *, *, #5170, .T. ) ;
#1058 = ORIENTED_EDGE ( 'NONE', *, *, #834, .F. ) ;
#1059 = EDGE_LOOP ( 'NONE', ( #3787, #222, #4566, #5574 ) ) ;
#1060 = EDGE_LOOP ( 'NONE', ( #1621, #789, #3322 ) ) ;
#1061 = AXIS2_PLACEMENT_3D ( 'NONE', #702, #4542, #3458 ) ;
#1062 = DIRECTION ( 'NONE',  ( 1.000000000000000000, 0.0000000000000000000, -0.0000000000000000000 ) ) ;
#1063 = ORIENTED_EDGE ( 'NONE', *, *, #3892, .T. ) ;
#1064 = VERTEX_POINT ( 'NONE', #6364 ) ;
#1065 = EDGE_CURVE ( 'NONE', #4683, #1296, #2735, .T. ) ;
#1066 = PLANE ( 'NONE',  #2098 ) ;
#1067 = ORIENTED_EDGE ( 'NONE', *, *, #3189, .T. ) ;
#1068 = APPLICATION_CONTEXT ( 'automotive_design' ) ;
#1069 = CARTESIAN_POINT ( 'NONE',  ( 1.936774820364505400, -3.380000000000043900, 6.547201937963129700 ) ) ;
#1070 = ORIENTED_EDGE ( 'NONE', *, *, #2830, .T. ) ;
#1071 = ORIENTED_EDGE ( 'NONE', *, *, #888, .F. ) ;
#1072 = ORIENTED_EDGE ( 'NONE', *, *, #3241, .F. ) ;
#1073 = ADVANCED_FACE ( 'NONE', ( #6917 ), #2566, .T. ) ;
#1074 = CARTESIAN_POINT ( 'NONE',  ( 0.0000000000000000000, 2.920000000000004400, 0.6999999999999940700 ) ) ;
#1075 = EDGE_CURVE ( 'NONE', #6704, #2442, #2229, .T. ) ;
#1076 = LINE ( 'NONE', #4556, #2093 ) ;
#1077 = DIRECTION ( 'NONE',  ( -1.000000000000000000, 0.0000000000000000000, -0.0000000000000000000 ) ) ;
#1078 = DIRECTION ( 'NONE',  ( -1.000000000000000000, -0.0000000000000000000, 0.0000000000000000000 ) ) ;
#1079 = PLANE ( 'NONE',  #2218 ) ;
#1080 = ORIENTED_EDGE ( 'NONE', *, *, #2979, .F. ) ;
#1081 = DIRECTION ( 'NONE',  ( -0.0000000000000000000, -1.000000000000000000, 0.0000000000000000000 ) ) ;
#1082 = DIRECTION ( 'NONE',  ( 0.0000000000000000000, 0.0000000000000000000, 1.000000000000000000 ) ) ;
#1083 = CARTESIAN_POINT ( 'NONE',  ( 5.211238100036943000, -1.257350442411906000, -0.9583642496800580700 ) ) ;
#1084 = DIRECTION ( 'NONE',  ( 0.0000000000000000000, 0.0000000000000000000, -1.000000000000000000 ) ) ;
#1085 = LINE ( 'NONE', #3336, #6360 ) ;
#1086 = ADVANCED_FACE ( 'NONE', ( #3756 ), #4269, .T. ) ;
#1087 = DIRECTION ( 'NONE',  ( 0.5773502691896254000, 0.5773502691896257300, 0.5773502691896260600 ) ) ;
#1088 = AXIS2_PLACEMENT_3D ( 'NONE', #2918, #5086, #2294 ) ;
#1089 = DIRECTION ( 'NONE',  ( 1.000000000000000000, 0.0000000000000000000, 0.0000000000000000000 ) ) ;
#1090 = CARTESIAN_POINT ( 'NONE',  ( 5.580000000000007200, 0.6350000000000001200, -2.679999999999999300 ) ) ;
#1091 = VERTEX_POINT ( 'NONE', #6414 ) ;
#1092 = CARTESIAN_POINT ( 'NONE',  ( 1.414791470714498200, -3.380000000000043900, 5.355874884024046900 ) ) ;
#1093 = CARTESIAN_POINT ( 'NONE',  ( 2.328693082000000200E-016, -1.079998094000000000E-015, 9.390000000000007700 ) ) ;
#1094 = DIRECTION ( 'NONE',  ( 0.0000000000000000000, 0.0000000000000000000, -1.000000000000000000 ) ) ;
#1095 = DIRECTION ( 'NONE',  ( 0.0000000000000000000, 0.0000000000000000000, 1.000000000000000000 ) ) ;
#1096 = AXIS2_PLACEMENT_3D ( 'NONE', #3209, #2126, #4840 ) ;
#1097 = CARTESIAN_POINT ( 'NONE',  ( 1.624345192960470200, 2.669999999999988400, 8.890000000000000600 ) ) ;
#1098 = EDGE_CURVE ( 'NONE', #6842, #6818, #3847, .T. ) ;
#1099 = ADVANCED_FACE ( 'NONE', ( #5464 ), #3633, .T. ) ;
#1100 = VERTEX_POINT ( 'NONE', #4759 ) ;
#1101 = ORIENTED_EDGE ( 'NONE', *, *, #6113, .F. ) ;
#1102 = VECTOR ( 'NONE', #2549, 999.9999999999998900 ) ;
#1103 = CARTESIAN_POINT ( 'NONE',  ( -3.049999999999971800, -2.919999999999912400, -2.775557060000000200E-015 ) ) ;
#1104 = DIRECTION ( 'NONE',  ( -0.0000000000000000000, -1.000000000000000000, 0.0000000000000000000 ) ) ;
#1105 =( NAMED_UNIT ( * ) SI_UNIT ( $, .STERADIAN. ) SOLID_ANGLE_UNIT ( ) );
#1106 = EDGE_CURVE ( 'NONE', #4992, #5656, #4789, .T. ) ;
#1107 = ORIENTED_EDGE ( 'NONE', *, *, #430, .F. ) ;
#1108 = VECTOR ( 'NONE', #6138, 1000.000000000000000 ) ;
#1109 = AXIS2_PLACEMENT_3D ( 'NONE', #394, #411, #4246 ) ;
#1110 = DIRECTION ( 'NONE',  ( 0.0000000000000000000, 0.0000000000000000000, 1.000000000000000000 ) ) ;
#1111 = EDGE_CURVE ( 'NONE', #3344, #2890, #274, .T. ) ;
#1112 = CARTESIAN_POINT ( 'NONE',  ( 0.0000000000000000000, 3.429999999999996600, 8.129999999999993700 ) ) ;
#1113 = DIRECTION ( 'NONE',  ( -0.7071067811865474600, 0.0000000000000000000, 0.7071067811865474600 ) ) ;
#1114 = VECTOR ( 'NONE', #5659, 1000.000000000000000 ) ;
#1115 = ORIENTED_EDGE ( 'NONE', *, *, #4000, .T. ) ;
#1116 = FACE_OUTER_BOUND ( 'NONE', #3592, .T. ) ;
#1117 = EDGE_CURVE ( 'NONE', #4212, #5821, #1887, .T. ) ;
#1118 = CARTESIAN_POINT ( 'NONE',  ( 5.080000000000001000, -0.6350000000000001200, -3.222203947368421400 ) ) ;
#1119 = CARTESIAN_POINT ( 'NONE',  ( 1.297157287525372300, 2.215000000000004700, -3.726486000000176300E-017 ) ) ;
#1120 = EDGE_CURVE ( 'NONE', #3679, #641, #6479, .T. ) ;
#1121 = LINE ( 'NONE', #1132, #4446 ) ;
#1122 = DIRECTION ( 'NONE',  ( 0.0000000000000000000, -0.0000000000000000000, 1.000000000000000000 ) ) ;
#1123 = CARTESIAN_POINT ( 'NONE',  ( 6.249999999999994700, 3.149999999999998600, 9.390000000000007700 ) ) ;
#1124 = FACE_OUTER_BOUND ( 'NONE', #626, .T. ) ;
#1125 = ORIENTED_EDGE ( 'NONE', *, *, #5284, .F. ) ;
#1126 = LINE ( 'NONE', #3888, #5888 ) ;
#1127 = CARTESIAN_POINT ( 'NONE',  ( -3.050000000000015800, 2.919999999999926200, 0.0000000000000000000 ) ) ;
#1128 = ORIENTED_EDGE ( 'NONE', *, *, #5303, .F. ) ;
#1129 = CARTESIAN_POINT ( 'NONE',  ( -1.259189957218833600, -3.430000000000021900, 4.963528991902274300 ) ) ;
#1130 = LINE ( 'NONE', #2002, #1556 ) ;
#1131 = EDGE_LOOP ( 'NONE', ( #1456, #6985, #54, #4365 ) ) ;
#1132 = CARTESIAN_POINT ( 'NONE',  ( -6.350000000000000500, 2.669999999999988400, 0.0000000000000000000 ) ) ;
#1133 = CARTESIAN_POINT ( 'NONE',  ( 2.174999999999987400, -2.166919661656073500, 0.6999999999999940700 ) ) ;
#1134 = FACE_OUTER_BOUND ( 'NONE', #3652, .T. ) ;
#1135 = VERTEX_POINT ( 'NONE', #7016 ) ;
#1136 = VERTEX_POINT ( 'NONE', #533 ) ;
#1137 = LINE ( 'NONE', #4673, #5161 ) ;
#1138 = VECTOR ( 'NONE', #4031, 1000.000000000000000 ) ;
#1139 = ORIENTED_EDGE ( 'NONE', *, *, #4406, .T. ) ;
#1140 = ADVANCED_FACE ( 'NONE', ( #5304 ), #7060, .T. ) ;
#1141 = CARTESIAN_POINT ( 'NONE',  ( 0.5112381000369236000, -1.257350442411906200, -0.9583642496800578400 ) ) ;
#1142 = CARTESIAN_POINT ( 'NONE',  ( -2.864554677647284100, -2.024174563873357300, 0.5099999999999920200 ) ) ;
#1143 = ORIENTED_EDGE ( 'NONE', *, *, #1478, .T. ) ;
#1144 = ORIENTED_EDGE ( 'NONE', *, *, #1737, .F. ) ;
#1145 = AXIS2_PLACEMENT_3D ( 'NONE', #6095, #2871, #2344 ) ;
#1146 = VERTEX_POINT ( 'NONE', #4373 ) ;
#1147 = CARTESIAN_POINT ( 'NONE',  ( -6.249999999999995600, -2.670000000000013700, 8.890000000000000600 ) ) ;
#1148 = EDGE_CURVE ( 'NONE', #3259, #6939, #2050, .T. ) ;
#1149 = CARTESIAN_POINT ( 'NONE',  ( -3.121276751905045700, 3.264314575050758700, 5.270864491701773000E-016 ) ) ;
#1150 = EDGE_LOOP ( 'NONE', ( #4544, #1980, #3651, #5587 ) ) ;
#1151 = DIRECTION ( 'NONE',  ( 0.0000000000000000000, -1.000000000000000000, -0.0000000000000000000 ) ) ;
#1152 = CARTESIAN_POINT ( 'NONE',  ( -0.6531048583502566700, -1.288104858350256800, -0.3612097167005086700 ) ) ;
#1153 = ORIENTED_EDGE ( 'NONE', *, *, #1975, .F. ) ;
#1154 = EDGE_CURVE ( 'NONE', #3171, #2075, #3146, .T. ) ;
#1155 = AXIS2_PLACEMENT_3D ( 'NONE', #629, #3912, #2771 ) ;
#1156 = CYLINDRICAL_SURFACE ( 'NONE', #6216, 0.5000000000000073300 ) ;
#1157 = CARTESIAN_POINT ( 'NONE',  ( -1.259189957218839000, -3.430000000000028600, 4.963528991902248500 ) ) ;
#1158 = EDGE_CURVE ( 'NONE', #2870, #3882, #2644, .T. ) ;
#1159 = ORIENTED_EDGE ( 'NONE', *, *, #2396, .T. ) ;
#1160 = ORIENTED_EDGE ( 'NONE', *, *, #3431, .F. ) ;
#1161 = FACE_OUTER_BOUND ( 'NONE', #6013, .T. ) ;
#1162 = CARTESIAN_POINT ( 'NONE',  ( 0.4143145750507523100, -1.157498943410821400, -0.9999999999999877900 ) ) ;
#1163 = CARTESIAN_POINT ( 'NONE',  ( 6.447796052631583800, 0.6350000000000001200, -1.549999999999997800 ) ) ;
#1164 = EDGE_CURVE ( 'NONE', #2006, #3170, #5047, .T. ) ;
#1165 = EDGE_CURVE ( 'NONE', #2083, #5957, #3497, .T. ) ;
#1166 = ORIENTED_EDGE ( 'NONE', *, *, #6550, .F. ) ;
#1167 = VERTEX_POINT ( 'NONE', #6560 ) ;
#1168 = FACE_OUTER_BOUND ( 'NONE', #172, .T. ) ;
#1169 = CARTESIAN_POINT ( 'NONE',  ( 5.580000000000007200, -0.6350000000000001200, -2.679999999999999300 ) ) ;
#1170 = CARTESIAN_POINT ( 'NONE',  ( -4.750000000000000000, 3.429999999999971300, 0.5099999999999920200 ) ) ;
#1171 = CARTESIAN_POINT ( 'NONE',  ( 4.750000000000000000, 2.919999999999902700, 0.5099999999999920200 ) ) ;
#1172 = DIRECTION ( 'NONE',  ( -1.000000000000000000, 0.0000000000000000000, 0.0000000000000000000 ) ) ;
#1173 =( BOUNDED_CURVE ( )  B_SPLINE_CURVE ( 3, ( #5060, #2875, #161, #3981 ),
 .UNSPECIFIED., .F., .T. ) 
 B_SPLINE_CURVE_WITH_KNOTS ( ( 4, 4 ),
 ( 2.617993877991482000, 3.665191429188078900 ),
 .UNSPECIFIED. ) 
 CURVE ( )  GEOMETRIC_REPRESENTATION_ITEM ( )  RATIONAL_B_SPLINE_CURVE ( ( 1.000000000000000000, 0.9106836025229592100, 0.9106836025229592100, 1.000000000000000000 ) ) 
 REPRESENTATION_ITEM ( '' )  );
#1174 = DIRECTION ( 'NONE',  ( -0.9792382642371262300, 0.2027126583463900500, 0.0000000000000000000 ) ) ;
#1175 = ADVANCED_FACE ( 'NONE', ( #4974 ), #1025, .T. ) ;
#1176 = LINE ( 'NONE', #2086, #2023 ) ;
#1177 = CARTESIAN_POINT ( 'NONE',  ( -1.878484561672235900, -3.430000000000021900, 4.547201937963127900 ) ) ;
#1178 = LINE ( 'NONE', #3396, #6720 ) ;
#1180 = ORIENTED_EDGE ( 'NONE', *, *, #1644, .T. ) ;
#1179 = CARTESIAN_POINT ( 'NONE',  ( -2.100000000000007200, -8.228222661790549900E-016, 16.49000000000000600 ) ) ;
#1181 = DIRECTION ( 'NONE',  ( 0.0000000000000000000, 1.000000000000000000, 0.0000000000000000000 ) ) ;
#1182 = AXIS2_PLACEMENT_3D ( 'NONE', #162, #4505, #5579 ) ;
#1183 = CARTESIAN_POINT ( 'NONE',  ( 0.6143056924725424100, -1.333487006990677700, -0.7981150723133586500 ) ) ;
#1184 = CARTESIAN_POINT ( 'NONE',  ( 6.350000000000000500, -2.670000000000013700, 8.890000000000000600 ) ) ;
#1185 = ORIENTED_EDGE ( 'NONE', *, *, #4676, .F. ) ;
#1186 = CYLINDRICAL_SURFACE ( 'NONE', #1971, 0.4000000000000001900 ) ;
#1187 = ORIENTED_EDGE ( 'NONE', *, *, #6946, .F. ) ;
#1188 = LINE ( 'NONE', #4060, #6741 ) ;
#1189 = CARTESIAN_POINT ( 'NONE',  ( 6.350000000000000500, -3.429999999999996600, 6.547201937963128800 ) ) ;
#1190 = DIRECTION ( 'NONE',  ( -0.7071067811865474600, 0.0000000000000000000, -0.7071067811865474600 ) ) ;
#1191 = EDGE_CURVE ( 'NONE', #3788, #4333, #6656, .T. ) ;
#1192 = FACE_OUTER_BOUND ( 'NONE', #3075, .T. ) ;
#1193 = CARTESIAN_POINT ( 'NONE',  ( -4.001512993009318300, -1.049314575050752200, -0.8815067120431439000 ) ) ;
#1194 = CLOSED_SHELL ( 'NONE', ( #2352, #1086, #903, #6976, #7066, #3407, #64, #1587, #34, #6274, #3207, #4205, #2688, #1002, #5940, #5195, #4469, #2807, #6238, #6198, #2154, #2917, #5991, #167, #6951, #6341, #406, #711, #6125, #4643, #4638, #1854, #5925, #639, #5395, #3110, #1816, #4106, #380, #6887, #4425, #2553, #4354, #3852, #3269, #2592, #817, #3893, #5114, #246, #5606, #4340, #1679, #2114, #3554, #548, #1884, #3341, #530, #4303, #3114, #5429, #3137, #287, #5158, #5640, #5868, #7020, #4747, #3631, #6817, #6677, #3483, #4235, #2386, #1175, #4775, #2985, #1775, #1513, #1636, #6787, #2174, #4002, #6610, #1925, #3078, #5413, #1206, #343, #5015, #1616, #2239, #3969, #1921, #4326, #2707, #1547, #2527, #3919, #4038, #4501, #4845, #1745, #3037, #2048, #5527, #3655, #479, #595, #217, #2197, #4536, #2307, #6445, #2779, #745, #6401, #6170, #505, #4859, #1251, #1073, #6367, #967, #1024, #4167, #6812, #6280, #4397, #489, #4881, #5744, #5375, #6637, #5279, #6496, #2951, #7039, #2722, #4908, #5500, #1599, #134, #2018, #3379, #776, #2129, #6521, #567, #1702, #3782, #4073, #5907, #935, #2085, #3452, #872, #3693, #7053, #5248, #843, #5964, #3301, #2272, #5085, #2881, #3173, #1099, #4606, #3548, #6750, #5683, #3525, #5705, #1983, #673, #442, #4707, #3730, #4773, #4575, #6714, #410, #1140, #6947, #3818, #1488, #1328, #5310, #2043, #4980, #3223, #6915, #4099, #3763, #2850, #3191, #1378, #6540 ) ) ;
#1195 = DIRECTION ( 'NONE',  ( 1.000000000000000000, 0.0000000000000000000, 0.0000000000000000000 ) ) ;
#1196 = LINE ( 'NONE', #5748, #510 ) ;
#1197 = DIRECTION ( 'NONE',  ( -0.0000000000000000000, -0.0000000000000000000, -1.000000000000000000 ) ) ;
#1198 = VECTOR ( 'NONE', #1029, 1000.000000000000000 ) ;
#1199 = CARTESIAN_POINT ( 'NONE',  ( -5.997157287525393300, -2.215000000000004700, -3.726485999999844800E-017 ) ) ;
#1200 = EDGE_CURVE ( 'NONE', #372, #5246, #1121, .T. ) ;
#1201 = AXIS2_PLACEMENT_3D ( 'NONE', #3947, #1181, #6100 ) ;
#1202 = FACE_OUTER_BOUND ( 'NONE', #710, .T. ) ;
#1203 = PRODUCT_RELATED_PRODUCT_CATEGORY ( 'part', '', ( #6105 ) ) ;
#1204 = ORIENTED_EDGE ( 'NONE', *, *, #4592, .F. ) ;
#1205 = VECTOR ( 'NONE', #484, 1000.000000000000000 ) ;
#1206 = ADVANCED_FACE ( 'NONE', ( #1540 ), #5372, .T. ) ;
#1207 = DIRECTION ( 'NONE',  ( -0.0000000000000000000, -0.0000000000000000000, -1.000000000000000000 ) ) ;
#1208 = CARTESIAN_POINT ( 'NONE',  ( 8.330000000000005400, 1.930000000000001700, 8.890000000000000600 ) ) ;
#1209 = FACE_OUTER_BOUND ( 'NONE', #2670, .T. ) ;
#1210 = ORIENTED_EDGE ( 'NONE', *, *, #4396, .F. ) ;
#1211 = CARTESIAN_POINT ( 'NONE',  ( 6.447796052631583800, -0.6350000000000001200, -3.222203947368421400 ) ) ;
#1212 = ORIENTED_EDGE ( 'NONE', *, *, #6002, .F. ) ;
#1213 = FACE_OUTER_BOUND ( 'NONE', #4921, .T. ) ;
#1214 = DIRECTION ( 'NONE',  ( 0.2027126583464558800, -0.9792382642371124700, 0.0000000000000000000 ) ) ;
#1215 = DIRECTION ( 'NONE',  ( 1.000000000000000000, -0.0000000000000000000, 0.0000000000000000000 ) ) ;
#1216 = ORIENTED_EDGE ( 'NONE', *, *, #504, .F. ) ;
#1217 = CARTESIAN_POINT ( 'NONE',  ( 6.350000000000000500, 3.429999999999996600, 0.0000000000000000000 ) ) ;
#1218 = CIRCLE ( 'NONE', #6889, 0.2499999999999906700 ) ;
#1219 = LINE ( 'NONE', #2530, #623 ) ;
#1220 = DIRECTION ( 'NONE',  ( 1.000000000000000000, 0.0000000000000000000, 0.0000000000000000000 ) ) ;
#1221 = ORIENTED_EDGE ( 'NONE', *, *, #1472, .T. ) ;
#1222 = VERTEX_POINT ( 'NONE', #3227 ) ;
#1223 = ORIENTED_EDGE ( 'NONE', *, *, #5055, .F. ) ;
#1224 = CARTESIAN_POINT ( 'NONE',  ( -4.031092324069463800, -1.257350442411906000, -0.8522048541031105300 ) ) ;
#1225 = CARTESIAN_POINT ( 'NONE',  ( 2.100000000000006300, 4.200000000000017900, 14.67999999999998000 ) ) ;
#1226 = DIRECTION ( 'NONE',  ( 0.0000000000000000000, 1.000000000000000000, -0.0000000000000000000 ) ) ;
#1227 = ORIENTED_EDGE ( 'NONE', *, *, #1385, .T. ) ;
#1228 = VECTOR ( 'NONE', #3033, 1000.000000000000000 ) ;
#1229 = AXIS2_PLACEMENT_3D ( 'NONE', #4730, #2460, #4156 ) ;
#1230 = ORIENTED_EDGE ( 'NONE', *, *, #4454, .F. ) ;
#1231 = ORIENTED_EDGE ( 'NONE', *, *, #4182, .F. ) ;
#1232 = DIRECTION ( 'NONE',  ( 0.0000000000000000000, 1.000000000000000000, 0.0000000000000000000 ) ) ;
#1233 = ORIENTED_EDGE ( 'NONE', *, *, #5189, .T. ) ;
#1234 = ORIENTED_EDGE ( 'NONE', *, *, #571, .F. ) ;
#1235 = ORIENTED_EDGE ( 'NONE', *, *, #2715, .F. ) ;
#1236 = SHAPE_DEFINITION_REPRESENTATION ( #4884, #4258 ) ;
#1237 = AXIS2_PLACEMENT_3D ( 'NONE', #778, #830, #4594 ) ;
#1238 = DIRECTION ( 'NONE',  ( -0.0000000000000000000, -0.0000000000000000000, -1.000000000000000000 ) ) ;
#1239 = AXIS2_PLACEMENT_3D ( 'NONE', #5829, #958, #4254 ) ;
#1240 = EDGE_LOOP ( 'NONE', ( #4779, #2430, #3979, #6942 ) ) ;
#1241 = EDGE_LOOP ( 'NONE', ( #1572, #5251, #6251, #340, #445, #2003, #4808, #1607, #4119, #4278, #3518, #2152, #5580, #5983, #3850, #6101, #2678, #6517, #3595, #4771 ) ) ;
#1242 = VERTEX_POINT ( 'NONE', #5461 ) ;
#1243 = DIRECTION ( 'NONE',  ( 0.0000000000000000000, -1.000000000000000000, 0.0000000000000000000 ) ) ;
#1244 = EDGE_CURVE ( 'NONE', #2763, #3841, #3929, .T. ) ;
#1245 = DIRECTION ( 'NONE',  ( -0.0000000000000000000, 1.000000000000000000, -0.0000000000000000000 ) ) ;
#1246 = PLANE ( 'NONE',  #3515 ) ;
#1247 = DIRECTION ( 'NONE',  ( 1.000000000000000000, 0.0000000000000000000, -0.0000000000000000000 ) ) ;
#1248 = CIRCLE ( 'NONE', #6870, 0.5000000000000065500 ) ;
#1249 = CARTESIAN_POINT ( 'NONE',  ( 2.328693082000000200E-016, -1.079998094000000000E-015, 16.49000000000000600 ) ) ;
#1250 = CARTESIAN_POINT ( 'NONE',  ( -2.864554677647201500, -2.024174563873440700, 0.5099999999999920200 ) ) ;
#1251 = ADVANCED_FACE ( 'NONE', ( #6829 ), #5218, .T. ) ;
#1252 = EDGE_CURVE ( 'NONE', #1242, #6689, #690, .T. ) ;
#1253 = ORIENTED_EDGE ( 'NONE', *, *, #2153, .F. ) ;
#1254 = DIRECTION ( 'NONE',  ( 0.2164396139380999900, -0.0000000000000000000, -0.9762960071199340300 ) ) ;
#1255 = AXIS2_PLACEMENT_3D ( 'NONE', #5988, #1633, #6343 ) ;
#1256 = DIRECTION ( 'NONE',  ( 0.0000000000000000000, 0.0000000000000000000, 1.000000000000000000 ) ) ;
#1257 = EDGE_LOOP ( 'NONE', ( #772, #6647, #1997, #3248 ) ) ;
#1258 = CARTESIAN_POINT ( 'NONE',  ( -1.299999999999990100, -2.920000000000031500, -2.775557060000000200E-015 ) ) ;
#1259 = AXIS2_PLACEMENT_3D ( 'NONE', #2283, #1174, #6630 ) ;
#1260 = EDGE_CURVE ( 'NONE', #4383, #6396, #4024, .T. ) ;
#1261 = CYLINDRICAL_SURFACE ( 'NONE', #4800, 0.7041745638733795100 ) ;
#1262 = CARTESIAN_POINT ( 'NONE',  ( -4.319999999999992300, -0.6350000000000001200, 0.0000000000000000000 ) ) ;
#1263 = DIRECTION ( 'NONE',  ( -1.000000000000000000, 0.0000000000000000000, 0.0000000000000000000 ) ) ;
#1264 = VERTEX_POINT ( 'NONE', #557 ) ;
#1265 = DIRECTION ( 'NONE',  ( 0.0000000000000000000, 0.0000000000000000000, 1.000000000000000000 ) ) ;
#1266 = VECTOR ( 'NONE', #3062, 1000.000000000000000 ) ;
#1267 = CARTESIAN_POINT ( 'NONE',  ( -6.249999999999995600, 3.179999999999980600, 8.890000000000000600 ) ) ;
#1268 = EDGE_CURVE ( 'NONE', #5164, #6390, #436, .T. ) ;
#1269 = EDGE_CURVE ( 'NONE', #4895, #1482, #91, .T. ) ;
#1270 = CARTESIAN_POINT ( 'NONE',  ( -2.100000000000009000, 2.544794692179055100E-015, 14.67999999999998200 ) ) ;
#1271 = DIRECTION ( 'NONE',  ( -0.7071067811865470200, 0.0000000000000000000, 0.7071067811865480200 ) ) ;
#1272 = DIRECTION ( 'NONE',  ( 0.0000000000000000000, 0.0000000000000000000, 1.000000000000000000 ) ) ;
#1273 = VECTOR ( 'NONE', #3210, 1000.000000000000200 ) ;
#1274 = CARTESIAN_POINT ( 'NONE',  ( -3.119999999999991700, -1.932157287525378300, -1.329084750000061700E-017 ) ) ;
#1275 = DIRECTION ( 'NONE',  ( 0.0000000000000000000, 1.000000000000000000, 0.0000000000000000000 ) ) ;
#1276 = DIRECTION ( 'NONE',  ( -0.0000000000000000000, -0.0000000000000000000, -1.000000000000000000 ) ) ;
#1277 = CARTESIAN_POINT ( 'NONE',  ( 6.249999999999993800, -5.967448059999999900E-015, 9.390000000000007700 ) ) ;
#1278 = AXIS2_PLACEMENT_3D ( 'NONE', #3667, #4230, #944 ) ;
#1279 = CARTESIAN_POINT ( 'NONE',  ( -1.587205423006549500, 2.801970520000000400E-015, 21.83942099861424800 ) ) ;
#1280 = ORIENTED_EDGE ( 'NONE', *, *, #2346, .T. ) ;
#1281 = SURFACE_STYLE_FILL_AREA ( #6705 ) ;
#1282 = DIRECTION ( 'NONE',  ( -0.0000000000000000000, -1.000000000000000000, 0.0000000000000000000 ) ) ;
#1283 = CARTESIAN_POINT ( 'NONE',  ( -5.368907675930549800, 1.257350442411905700, -0.8522048541031144200 ) ) ;
#1284 = ORIENTED_EDGE ( 'NONE', *, *, #4853, .T. ) ;
#1285 = FACE_OUTER_BOUND ( 'NONE', #6369, .T. ) ;
#1286 = ADVANCED_FACE ( 'NONE', ( #2815 ), #316, .T. ) ;
#1287 = DIRECTION ( 'NONE',  ( 0.0000000000000000000, 0.0000000000000000000, 1.000000000000000000 ) ) ;
#1288 = EDGE_CURVE ( 'NONE', #3775, #2172, #5143, .T. ) ;
#1289 = VERTEX_POINT ( 'NONE', #1721 ) ;
#1290 = ORIENTED_EDGE ( 'NONE', *, *, #2760, .F. ) ;
#1291 = FACE_OUTER_BOUND ( 'NONE', #5018, .T. ) ;
#1292 = CARTESIAN_POINT ( 'NONE',  ( 6.249999999999994700, -3.149999999999998600, 8.890000000000000600 ) ) ;
#1293 = FACE_OUTER_BOUND ( 'NONE', #1826, .T. ) ;
#1294 = CARTESIAN_POINT ( 'NONE',  ( -3.402842712474618100, -2.215000000000004300, -2.710505431213761100E-017 ) ) ;
#1295 = DIRECTION ( 'NONE',  ( 0.0000000000000000000, 1.000000000000000000, 0.0000000000000000000 ) ) ;
#1296 = VERTEX_POINT ( 'NONE', #2790 ) ;
#1297 = LINE ( 'NONE', #125, #1030 ) ;
#1298 = EDGE_CURVE ( 'NONE', #5417, #6839, #6226, .T. ) ;
#1299 = CARTESIAN_POINT ( 'NONE',  ( 1.277228838748947200, 3.029999999999996300, 2.710505431213761100E-017 ) ) ;
#1300 = DIRECTION ( 'NONE',  ( 0.0000000000000000000, 1.000000000000000000, 0.0000000000000000000 ) ) ;
#1301 = VECTOR ( 'NONE', #5397, 1000.000000000000000 ) ;
#1302 = CARTESIAN_POINT ( 'NONE',  ( 4.002842712474611100, -1.049314575050752200, -0.8828427124746207600 ) ) ;
#1303 = CARTESIAN_POINT ( 'NONE',  ( 6.000000000000003600, 3.180000000000005500, 9.390000000000007700 ) ) ;
#1304 = CIRCLE ( 'NONE', #2097, 0.4000000000000001900 ) ;
#1305 = ORIENTED_EDGE ( 'NONE', *, *, #5522, .F. ) ;
#1306 = VECTOR ( 'NONE', #2332, 1000.000000000000000 ) ;
#1307 = DIRECTION ( 'NONE',  ( -0.3774734178109658800, 0.0000000000000000000, -0.9260204203180986100 ) ) ;
#1308 = EDGE_CURVE ( 'NONE', #6044, #2770, #2219, .T. ) ;
#1309 = EDGE_CURVE ( 'NONE', #4321, #2241, #5719, .T. ) ;
#1310 = CARTESIAN_POINT ( 'NONE',  ( 1.936774820364501200, -3.430000000000021900, 6.547201937963131400 ) ) ;
#1311 = FACE_OUTER_BOUND ( 'NONE', #2965, .T. ) ;
#1312 = FACE_OUTER_BOUND ( 'NONE', #736, .T. ) ;
#1313 = EDGE_LOOP ( 'NONE', ( #1333, #459, #4146, #5013 ) ) ;
#1314 = CARTESIAN_POINT ( 'NONE',  ( 4.099303881165689700, -1.257350442411906200, -0.9210623386218869100 ) ) ;
#1315 = CARTESIAN_POINT ( 'NONE',  ( -4.750000000000000000, -3.429999999999997100, 0.0000000000000000000 ) ) ;
#1316 = ORIENTED_EDGE ( 'NONE', *, *, #4357, .F. ) ;
#1317 = VECTOR ( 'NONE', #6745, 999.9999999999998900 ) ;
#1318 = CARTESIAN_POINT ( 'NONE',  ( -1.300000000000003400, 2.919999999999962600, 5.135813185032628600E-031 ) ) ;
#1319 = LINE ( 'NONE', #2204, #5989 ) ;
#1320 = ORIENTED_EDGE ( 'NONE', *, *, #6643, .T. ) ;
#1321 = ORIENTED_EDGE ( 'NONE', *, *, #306, .F. ) ;
#1322 = PLANE ( 'NONE',  #4786 ) ;
#1323 = CARTESIAN_POINT ( 'NONE',  ( -3.049999999999978500, -2.919999999999951500, 0.5099999999999920200 ) ) ;
#1324 = ORIENTED_EDGE ( 'NONE', *, *, #5507, .F. ) ;
#1325 = DIRECTION ( 'NONE',  ( 1.000000000000000000, 0.0000000000000000000, 0.0000000000000000000 ) ) ;
#1326 = CARTESIAN_POINT ( 'NONE',  ( -0.5224989434108203700, 1.157498943410821200, -0.9999999999999877900 ) ) ;
#1327 = ORIENTED_EDGE ( 'NONE', *, *, #3482, .F. ) ;
#1328 = ADVANCED_FACE ( 'NONE', ( #5644 ), #5560, .T. ) ;
#1329 = CARTESIAN_POINT ( 'NONE',  ( -5.080000000000001000, 1.015000000000004100, 0.0000000000000000000 ) ) ;
#1330 = DIRECTION ( 'NONE',  ( 0.0000000000000000000, -0.0000000000000000000, 1.000000000000000000 ) ) ;
#1331 = ORIENTED_EDGE ( 'NONE', *, *, #3628, .F. ) ;
#1332 = VECTOR ( 'NONE', #3049, 1000.000000000000000 ) ;
#1333 = ORIENTED_EDGE ( 'NONE', *, *, #549, .T. ) ;
#1334 = CARTESIAN_POINT ( 'NONE',  ( -4.750000000000000000, -2.670000000000013700, 8.890000000000000600 ) ) ;
#1335 = VECTOR ( 'NONE', #6698, 1000.000000000000000 ) ;
#1336 = AXIS2_PLACEMENT_3D ( 'NONE', #3089, #902, #3059 ) ;
#1337 = FACE_OUTER_BOUND ( 'NONE', #6079, .T. ) ;
#1338 = ORIENTED_EDGE ( 'NONE', *, *, #652, .F. ) ;
#1339 = CARTESIAN_POINT ( 'NONE',  ( -3.119999999999992100, 1.932157287525378300, -1.084202172485504400E-016 ) ) ;
#1340 = EDGE_CURVE ( 'NONE', #3694, #3437, #6907, .T. ) ;
#1341 = CARTESIAN_POINT ( 'NONE',  ( 3.119999999999991700, 1.932157287525378300, -6.645425250000307900E-018 ) ) ;
#1342 = DIRECTION ( 'NONE',  ( 0.0000000000000000000, -1.141265444721571500E-015, -1.000000000000000000 ) ) ;
#1343 = CARTESIAN_POINT ( 'NONE',  ( -4.319999999999992300, 1.015000000000004100, -0.9999999999999879000 ) ) ;
#1344 = VECTOR ( 'NONE', #6178, 1000.000000000000000 ) ;
#1345 = EDGE_CURVE ( 'NONE', #6620, #6078, #86, .T. ) ;
#1346 = AXIS2_PLACEMENT_3D ( 'NONE', #5297, #6399, #6358 ) ;
#1347 = PRODUCT_DEFINITION_CONTEXT ( 'detailed design', #1566, 'design' ) ;
#1348 = CARTESIAN_POINT ( 'NONE',  ( 1.194424616017973200, -3.430000000000021500, 0.4000000000000002400 ) ) ;
#1349 = FACE_OUTER_BOUND ( 'NONE', #4347, .T. ) ;
#1350 = CARTESIAN_POINT ( 'NONE',  ( 1.387779038000000200E-015, -2.920000000000004400, 0.0000000000000000000 ) ) ;
#1351 = ADVANCED_FACE ( 'NONE', ( #3136 ), #3995, .T. ) ;
#1352 = PLANE ( 'NONE',  #6018 ) ;
#1353 = LINE ( 'NONE', #5341, #1273 ) ;
#1354 = EDGE_CURVE ( 'NONE', #37, #6296, #6387, .T. ) ;
#1355 =( BOUNDED_SURFACE ( )  B_SPLINE_SURFACE ( 3, 3, ( 
 ( #1474, #3051, #354, #5805 ),
 ( #5249, #422, #898, #4766 ),
 ( #5343, #5853, #4722, #3588 ),
 ( #5784, #1969, #2020, #1446 ) ),
 .UNSPECIFIED., .F., .F., .T. ) 
 B_SPLINE_SURFACE_WITH_KNOTS ( ( 4, 4 ),
 ( 4, 4 ),
 ( 0.0000000000000000000, 1.000000000000000000 ),
 ( 0.0000000000000000000, 1.000000000000000000 ),
 .UNSPECIFIED. ) 
 GEOMETRIC_REPRESENTATION_ITEM ( )  RATIONAL_B_SPLINE_SURFACE ( (
 ( 1.000000000000000000, 0.9486501948152658000, 0.9486501948152658000, 1.000000000000000000),
 ( 0.9486501948152656900, 0.8999371921230416800, 0.8999371921230416800, 0.9486501948152656900),
 ( 0.9486501948152656900, 0.8999371921230416800, 0.8999371921230416800, 0.9486501948152656900),
 ( 1.000000000000000000, 0.9486501948152658000, 0.9486501948152658000, 1.000000000000000000) ) ) 
 REPRESENTATION_ITEM ( '' )  SURFACE ( )  );
#1356 = ORIENTED_EDGE ( 'NONE', *, *, #1268, .T. ) ;
#1357 = DIRECTION ( 'NONE',  ( 0.0000000000000000000, 0.0000000000000000000, -1.000000000000000000 ) ) ;
#1358 = CIRCLE ( 'NONE', #5495, 0.7600000000000081100 ) ;
#1359 = CARTESIAN_POINT ( 'NONE',  ( 4.285685424949244600, -1.049314575050752200, -0.5999999999999875400 ) ) ;
#1360 = CARTESIAN_POINT ( 'NONE',  ( -4.001512993009318300, 1.157498943410821600, -0.8815067120431439000 ) ) ;
#1361 = ORIENTED_EDGE ( 'NONE', *, *, #2844, .F. ) ;
#1362 = DIRECTION ( 'NONE',  ( 1.253073119328837300E-016, 1.000000000000000000, -1.253073119328835600E-016 ) ) ;
#1363 = LINE ( 'NONE', #5649, #6986 ) ;
#1364 = VECTOR ( 'NONE', #1916, 1000.000000000000100 ) ;
#1365 = SHAPE_REPRESENTATION ( '100SP1T2B4M7RE', ( #6687 ), #2761 ) ;
#1366 = CARTESIAN_POINT ( 'NONE',  ( -1.110218760000000100E-015, 2.801970520000000400E-015, 14.67999999999998200 ) ) ;
#1367 = ORIENTED_EDGE ( 'NONE', *, *, #2947, .T. ) ;
#1368 = VECTOR ( 'NONE', #4322, 1000.000000000000000 ) ;
#1369 = AXIS2_PLACEMENT_3D ( 'NONE', #3511, #5671, #4618 ) ;
#1370 = ORIENTED_EDGE ( 'NONE', *, *, #5690, .F. ) ;
#1371 = CARTESIAN_POINT ( 'NONE',  ( 4.750000000000000000, -1.458902086000000400E-014, 0.0000000000000000000 ) ) ;
#1372 = EDGE_CURVE ( 'NONE', #1448, #5175, #6744, .T. ) ;
#1373 = FACE_OUTER_BOUND ( 'NONE', #827, .T. ) ;
#1374 = SURFACE_SIDE_STYLE ('',( #5612 ) ) ;
#1375 = ORIENTED_EDGE ( 'NONE', *, *, #2880, .T. ) ;
#1376 = FACE_OUTER_BOUND ( 'NONE', #3077, .T. ) ;
#1377 = DIRECTION ( 'NONE',  ( 0.0000000000000000000, 0.0000000000000000000, -1.000000000000000000 ) ) ;
#1378 = ADVANCED_FACE ( 'NONE', ( #5298 ), #4065, .T. ) ;
#1379 = EDGE_CURVE ( 'NONE', #4422, #6434, #4873, .T. ) ;
#1380 = CARTESIAN_POINT ( 'NONE',  ( 1.387779038000000200E-015, 2.919999999999978600, 0.0000000000000000000 ) ) ;
#1381 = VECTOR ( 'NONE', #5614, 1000.000000000000000 ) ;
#1382 = ORIENTED_EDGE ( 'NONE', *, *, #3242, .F. ) ;
#1383 = LINE ( 'NONE', #2275, #1898 ) ;
#1384 = ORIENTED_EDGE ( 'NONE', *, *, #6169, .T. ) ;
#1385 = EDGE_CURVE ( 'NONE', #5618, #1626, #177, .T. ) ;
#1386 = ADVANCED_FACE ( 'NONE', ( #3839 ), #821, .F. ) ;
#1387 = VECTOR ( 'NONE', #4087, 1000.000000000000000 ) ;
#1388 = ORIENTED_EDGE ( 'NONE', *, *, #4310, .F. ) ;
#1389 = ORIENTED_EDGE ( 'NONE', *, *, #4966, .T. ) ;
#1390 = DIRECTION ( 'NONE',  ( -0.5773502691896252900, 0.5773502691896259500, -0.5773502691896261800 ) ) ;
#1391 = CARTESIAN_POINT ( 'NONE',  ( 1.485445322352689800, 2.024174563873357300, 0.5099999999999920200 ) ) ;
#1392 = DIRECTION ( 'NONE',  ( 0.0000000000000000000, 0.7071067811865470200, -0.7071067811865480200 ) ) ;
#1393 = VECTOR ( 'NONE', #5900, 1000.000000000000000 ) ;
#1394 = FACE_OUTER_BOUND ( 'NONE', #5887, .T. ) ;
#1395 = ORIENTED_EDGE ( 'NONE', *, *, #3473, .T. ) ;
#1396 = DIRECTION ( 'NONE',  ( 0.9792382642371332300, -0.2027126583463560700, 0.0000000000000000000 ) ) ;
#1397 = EDGE_CURVE ( 'NONE', #319, #6237, #1533, .T. ) ;
#1398 = ORIENTED_EDGE ( 'NONE', *, *, #6156, .T. ) ;
#1399 = ORIENTED_EDGE ( 'NONE', *, *, #2853, .F. ) ;
#1400 = EDGE_CURVE ( 'NONE', #868, #6689, #1792, .T. ) ;
#1401 = ORIENTED_EDGE ( 'NONE', *, *, #2836, .T. ) ;
#1402 = DIRECTION ( 'NONE',  ( 1.008226854104272900E-011, 1.000000000000000000, 2.238774668961758900E-012 ) ) ;
#1403 = CARTESIAN_POINT ( 'NONE',  ( 6.350000000000000500, -3.429999999999996600, 0.5099999999999920200 ) ) ;
#1404 = CARTESIAN_POINT ( 'NONE',  ( 1.620861809825293200, -3.380000000000043900, 5.772201937963131100 ) ) ;
#1405 = VECTOR ( 'NONE', #3887, 1000.000000000000100 ) ;
#1406 = VERTEX_POINT ( 'NONE', #1790 ) ;
#1407 = VERTEX_POINT ( 'NONE', #203 ) ;
#1408 = ORIENTED_EDGE ( 'NONE', *, *, #6022, .F. ) ;
#1409 = ORIENTED_EDGE ( 'NONE', *, *, #504, .T. ) ;
#1410 = DIRECTION ( 'NONE',  ( 1.000000000000000000, -0.0000000000000000000, 0.0000000000000000000 ) ) ;
#1411 = EDGE_CURVE ( 'NONE', #5208, #5727, #4187, .T. ) ;
#1412 = CARTESIAN_POINT ( 'NONE',  ( 1.414791470714498400, -3.430000000000021900, 5.355874884024033600 ) ) ;
#1413 = CARTESIAN_POINT ( 'NONE',  ( 1.254859635936541800, -3.430000000000021900, 4.963528991902223600 ) ) ;
#1414 = ORIENTED_EDGE ( 'NONE', *, *, #6180, .T. ) ;
#1415 = LINE ( 'NONE', #1292, #5680 ) ;
#1416 = EDGE_LOOP ( 'NONE', ( #1951, #627, #2653, #6696 ) ) ;
#1417 = ORIENTED_EDGE ( 'NONE', *, *, #4554, .T. ) ;
#1418 = CARTESIAN_POINT ( 'NONE',  ( -4.077649557588090400, 1.157498943410821800, -0.9583642496800578400 ) ) ;
#1419 = DIRECTION ( 'NONE',  ( 0.0000000000000000000, 1.000000000000000000, 0.0000000000000000000 ) ) ;
#1420 = DIRECTION ( 'NONE',  ( 1.000000000000000000, 0.0000000000000000000, -0.0000000000000000000 ) ) ;
#1421 = VECTOR ( 'NONE', #95, 1000.000000000000100 ) ;
#1422 = CARTESIAN_POINT ( 'NONE',  ( 0.3800000000000040600, 1.015000000000004100, 0.0000000000000000000 ) ) ;
#1423 = EDGE_LOOP ( 'NONE', ( #3543, #1659, #1361, #3409 ) ) ;
#1424 = VECTOR ( 'NONE', #2769, 1000.000000000000000 ) ;
#1425 = DIRECTION ( 'NONE',  ( -0.5773502691896258400, -0.5773502691896258400, 0.5773502691896258400 ) ) ;
#1426 = EDGE_LOOP ( 'NONE', ( #6267, #42, #2306 ) ) ;
#1427 = EDGE_CURVE ( 'NONE', #6011, #2737, #4530, .T. ) ;
#1428 = LINE ( 'NONE', #1942, #147 ) ;
#1429 = CARTESIAN_POINT ( 'NONE',  ( -3.050000000000018000, 2.920000000000004400, 0.5099999999999920200 ) ) ;
#1430 = PLANE ( 'NONE',  #4991 ) ;
#1431 = LINE ( 'NONE', #1040, #5438 ) ;
#1432 = CARTESIAN_POINT ( 'NONE',  ( -1.277228838748982500, 3.029999999999996300, -2.710505431213761100E-017 ) ) ;
#1433 = EDGE_CURVE ( 'NONE', #1632, #6078, #2393, .T. ) ;
#1434 = CARTESIAN_POINT ( 'NONE',  ( 8.940000000000003100, -2.540000000000000500, 8.890000000000000600 ) ) ;
#1435 = PLANE ( 'NONE',  #3988 ) ;
#1436 = CARTESIAN_POINT ( 'NONE',  ( -1.300000000000007100, 2.919999999999928000, 0.0000000000000000000 ) ) ;
#1437 = ORIENTED_EDGE ( 'NONE', *, *, #3650, .T. ) ;
#1438 = ORIENTED_EDGE ( 'NONE', *, *, #3650, .F. ) ;
#1439 = CARTESIAN_POINT ( 'NONE',  ( 4.285685424949235800, 1.049314575050760400, -0.6000000000000050800 ) ) ;
#1440 = CARTESIAN_POINT ( 'NONE',  ( 6.249999999999994700, -3.180000000000005500, 8.890000000000000600 ) ) ;
#1441 = ORIENTED_EDGE ( 'NONE', *, *, #4453, .F. ) ;
#1442 = TOROIDAL_SURFACE ( 'NONE', #5145, 0.03791758010834828100, 1.300000000000061600 ) ;
#1443 = CARTESIAN_POINT ( 'NONE',  ( -1.300000000000007100, 2.919999999999928000, 0.6999999999999940700 ) ) ;
#1444 = SURFACE_STYLE_USAGE ( .BOTH. , #2544 ) ;
#1445 = ADVANCED_FACE ( 'NONE', ( #1293 ), #2937, .T. ) ;
#1446 = CARTESIAN_POINT ( 'NONE',  ( -0.4143145750507524200, -1.049314575050752200, -0.9999999999999876800 ) ) ;
#1447 = CARTESIAN_POINT ( 'NONE',  ( -3.119999999999991700, -1.458902086000000400E-014, 0.0000000000000000000 ) ) ;
#1448 = VERTEX_POINT ( 'NONE', #3478 ) ;
#1449 = ORIENTED_EDGE ( 'NONE', *, *, #6685, .T. ) ;
#1450 = LINE ( 'NONE', #765, #5960 ) ;
#1451 = FACE_OUTER_BOUND ( 'NONE', #4570, .T. ) ;
#1452 = CARTESIAN_POINT ( 'NONE',  ( 6.350000000000000500, -3.429999999999996600, 0.0000000000000000000 ) ) ;
#1453 = DIRECTION ( 'NONE',  ( -0.0000000000000000000, 0.0000000000000000000, -1.000000000000000000 ) ) ;
#1454 = ORIENTED_EDGE ( 'NONE', *, *, #6276, .T. ) ;
#1455 = LINE ( 'NONE', #1103, #8 ) ;
#1456 = ORIENTED_EDGE ( 'NONE', *, *, #4682, .T. ) ;
#1457 = CARTESIAN_POINT ( 'NONE',  ( 6.249999999999994700, -1.930000000000001700, 8.890000000000000600 ) ) ;
#1458 = LINE ( 'NONE', #2541, #6233 ) ;
#1459 = LINE ( 'NONE', #4251, #14 ) ;
#1460 = DIRECTION ( 'NONE',  ( 1.000000000000000000, -0.0000000000000000000, -0.0000000000000000000 ) ) ;
#1461 = EDGE_LOOP ( 'NONE', ( #3267, #703, #3862, #4523 ) ) ;
#1462 = AXIS2_PLACEMENT_3D ( 'NONE', #154, #6219, #2350 ) ;
#1463 = DIRECTION ( 'NONE',  ( 0.0000000000000000000, -1.000000000000000000, 0.0000000000000000000 ) ) ;
#1464 = VECTOR ( 'NONE', #4342, 1000.000000000000000 ) ;
#1465 = DIRECTION ( 'NONE',  ( 1.000000000000000000, 0.0000000000000000000, -0.0000000000000000000 ) ) ;
#1466 = EDGE_CURVE ( 'NONE', #4994, #6790, #930, .T. ) ;
#1467 = CYLINDRICAL_SURFACE ( 'NONE', #2125, 0.7600000000000081100 ) ;
#1468 = CARTESIAN_POINT ( 'NONE',  ( -4.750000000000000000, 3.429999999999971300, 0.5099999999999920200 ) ) ;
#1469 = CYLINDRICAL_SURFACE ( 'NONE', #2323, 3.110000000000006500 ) ;
#1470 = DIRECTION ( 'NONE',  ( -0.7071067811865477900, 0.0000000000000000000, -0.7071067811865472400 ) ) ;
#1471 = VERTEX_POINT ( 'NONE', #4200 ) ;
#1472 = EDGE_CURVE ( 'NONE', #2858, #6049, #5458, .T. ) ;
#1473 = ORIENTED_EDGE ( 'NONE', *, *, #4174, .F. ) ;
#1474 = CARTESIAN_POINT ( 'NONE',  ( -0.6143056924725423000, -1.333487006990677900, -0.7981150723133586500 ) ) ;
#1475 = CARTESIAN_POINT ( 'NONE',  ( 1.299999999999959400, -2.920000000000006100, 0.5099999999999920200 ) ) ;
#1476 = CARTESIAN_POINT ( 'NONE',  ( -0.9432769466796208100, -3.430000000000021900, 5.738528991902272800 ) ) ;
#1477 = VECTOR ( 'NONE', #2363, 1000.000000000000000 ) ;
#1478 = EDGE_CURVE ( 'NONE', #471, #2471, #3057, .T. ) ;
#1479 = VECTOR ( 'NONE', #3984, 1000.000000000000000 ) ;
#1480 = VERTEX_POINT ( 'NONE', #2008 ) ;
#1481 = PLANE ( 'NONE',  #1346 ) ;
#1482 = VERTEX_POINT ( 'NONE', #6893 ) ;
#1483 = ORIENTED_EDGE ( 'NONE', *, *, #3720, .F. ) ;
#1484 = CARTESIAN_POINT ( 'NONE',  ( -5.997157287525374700, 2.215000000000004300, -1.084202172485504400E-016 ) ) ;
#1485 = DIRECTION ( 'NONE',  ( 0.0000000000000000000, 0.0000000000000000000, 1.000000000000000000 ) ) ;
#1486 = ORIENTED_EDGE ( 'NONE', *, *, #2231, .F. ) ;
#1487 = VERTEX_POINT ( 'NONE', #3002 ) ;
#1488 = ADVANCED_FACE ( 'NONE', ( #3664 ), #4439, .T. ) ;
#1489 = SHELL_BASED_SURFACE_MODEL ( 'NONE', ( #164, #7063, #3910, #2692, #1194, #2491 ) );
#1490 = EDGE_CURVE ( 'NONE', #2763, #2032, #2212, .T. ) ;
#1491 = EDGE_CURVE ( 'NONE', #2004, #2757, #87, .T. ) ;
#1492 = DIRECTION ( 'NONE',  ( -0.7071067811865477900, 0.0000000000000000000, -0.7071067811865472400 ) ) ;
#1493 = ORIENTED_EDGE ( 'NONE', *, *, #1019, .T. ) ;
#1494 = ORIENTED_EDGE ( 'NONE', *, *, #5544, .F. ) ;
#1495 = DIRECTION ( 'NONE',  ( 0.0000000000000000000, 1.000000000000000000, 0.0000000000000000000 ) ) ;
#1496 = LINE ( 'NONE', #6133, #4829 ) ;
#1497 = CARTESIAN_POINT ( 'NONE',  ( -5.080000000000001000, 0.6350000000000001200, -1.549999999999997600 ) ) ;
#1498 = DIRECTION ( 'NONE',  ( 0.0000000000000000000, 0.0000000000000000000, 1.000000000000000000 ) ) ;
#1499 = CARTESIAN_POINT ( 'NONE',  ( 0.4143145750507522500, 1.257350442411906200, -0.9583642496800578400 ) ) ;
#1500 = LINE ( 'NONE', #3870, #829 ) ;
#1501 = CARTESIAN_POINT ( 'NONE',  ( 5.114314575050773500, -1.049314575050752200, -0.5999999999999875400 ) ) ;
#1502 = CARTESIAN_POINT ( 'NONE',  ( 1.387779038000000200E-015, -2.919999999999953300, 0.0000000000000000000 ) ) ;
#1503 = DIRECTION ( 'NONE',  ( -0.0000000000000000000, 0.0000000000000000000, -1.000000000000000000 ) ) ;
#1504 = EDGE_LOOP ( 'NONE', ( #634, #1562, #2508, #1751, #3124, #112, #6527, #105 ) ) ;
#1505 = VECTOR ( 'NONE', #6275, 1000.000000000000000 ) ;
#1506 = DIRECTION ( 'NONE',  ( -0.5773502691896258400, 0.5773502691896258400, -0.5773502691896258400 ) ) ;
#1507 = EDGE_CURVE ( 'NONE', #6862, #3008, #5877, .T. ) ;
#1508 = CARTESIAN_POINT ( 'NONE',  ( -4.750000000000000000, -1.331956950000000100E-009, 0.5099999999999920200 ) ) ;
#1509 = DIRECTION ( 'NONE',  ( -0.2027126583463560700, 0.9792382642371332300, 0.0000000000000000000 ) ) ;
#1510 = CARTESIAN_POINT ( 'NONE',  ( -1.297157287525378500, -2.215000000000004300, 1.778883931213717000E-017 ) ) ;
#1511 = EDGE_CURVE ( 'NONE', #3532, #4738, #350, .T. ) ;
#1512 = LINE ( 'NONE', #3138, #6632 ) ;
#1513 = ADVANCED_FACE ( 'NONE', ( #769 ), #5234, .T. ) ;
#1514 = DIRECTION ( 'NONE',  ( -0.3774734178109483400, 0.0000000000000000000, -0.9260204203181057200 ) ) ;
#1515 = EDGE_CURVE ( 'NONE', #546, #2731, #2561, .T. ) ;
#1516 = CARTESIAN_POINT ( 'NONE',  ( -3.820000000000010900, -0.6350000000000001200, -10.30000000000000100 ) ) ;
#1517 = DIRECTION ( 'NONE',  ( -0.5773502691896258400, -0.5773502691896258400, -0.5773502691896258400 ) ) ;
#1518 = DIRECTION ( 'NONE',  ( 1.000000000000000000, 0.0000000000000000000, 0.0000000000000000000 ) ) ;
#1519 = CARTESIAN_POINT ( 'NONE',  ( -1.878484561672232500, -3.380000000000043900, 4.547201937963127000 ) ) ;
#1520 = EDGE_CURVE ( 'NONE', #731, #3434, #3402, .T. ) ;
#1521 = EDGE_LOOP ( 'NONE', ( #507, #1542, #6519 ) ) ;
#1522 = ORIENTED_EDGE ( 'NONE', *, *, #3288, .F. ) ;
#1523 = DIRECTION ( 'NONE',  ( -1.000000000000000000, -0.0000000000000000000, -0.0000000000000000000 ) ) ;
#1524 = LINE ( 'NONE', #3918, #4518 ) ;
#1525 = CARTESIAN_POINT ( 'NONE',  ( 4.750000000000000000, -1.547373080000000000E-014, 4.752757431878140300 ) ) ;
#1526 = EDGE_CURVE ( 'NONE', #914, #1064, #1878, .T. ) ;
#1527 = CARTESIAN_POINT ( 'NONE',  ( -1.828395398285405100, -3.380000000000043900, 4.580874884024060700 ) ) ;
#1528 = CARTESIAN_POINT ( 'NONE',  ( -3.835228474983081200, -1.499771525016915000, -0.1495430500338504300 ) ) ;
#1529 = ORIENTED_EDGE ( 'NONE', *, *, #210, .F. ) ;
#1530 = VECTOR ( 'NONE', #226, 1000.000000000000000 ) ;
#1531 = CARTESIAN_POINT ( 'NONE',  ( -3.402842712474618100, 2.215000000000004300, 1.778883931213717000E-017 ) ) ;
#1532 = CARTESIAN_POINT ( 'NONE',  ( -6.249999999999995600, 3.179999999999980600, 9.390000000000007700 ) ) ;
#1533 = LINE ( 'NONE', #6728, #6570 ) ;
#1534 = DIRECTION ( 'NONE',  ( -0.0000000000000000000, 1.000000000000000000, 0.0000000000000000000 ) ) ;
#1535 = VERTEX_POINT ( 'NONE', #5750 ) ;
#1536 = LINE ( 'NONE', #3200, #3314 ) ;
#1537 = CARTESIAN_POINT ( 'NONE',  ( 5.114314575050767300, 1.257350442411902200, -0.9583642496800596200 ) ) ;
#1538 = CARTESIAN_POINT ( 'NONE',  ( 6.000000000000003600, -3.180000000000005500, 8.890000000000000600 ) ) ;
#1539 = PLANE ( 'NONE',  #4944 ) ;
#1540 = FACE_OUTER_BOUND ( 'NONE', #1131, .T. ) ;
#1541 = CYLINDRICAL_SURFACE ( 'NONE', #2465, 0.4000000000000003000 ) ;
#1542 = ORIENTED_EDGE ( 'NONE', *, *, #5816, .F. ) ;
#1543 = CIRCLE ( 'NONE', #4249, 0.2499999999999906700 ) ;
#1544 = AXIS2_PLACEMENT_3D ( 'NONE', #6126, #4519, #2772 ) ;
#1545 = VERTEX_POINT ( 'NONE', #3597 ) ;
#1546 = DIRECTION ( 'NONE',  ( -1.000000000000000000, -0.0000000000000000000, 0.0000000000000000000 ) ) ;
#1547 = ADVANCED_FACE ( 'NONE', ( #4965 ), #6289, .T. ) ;
#1548 = DIRECTION ( 'NONE',  ( 1.242162000000000200E-016, 0.7071067811865480200, -0.7071067811865470200 ) ) ;
#1549 = CIRCLE ( 'NONE', #6098, 0.6099999999999976600 ) ;
#1550 = ORIENTED_EDGE ( 'NONE', *, *, #1200, .F. ) ;
#1551 = CIRCLE ( 'NONE', #5970, 0.5000000000000073300 ) ;
#1552 = ORIENTED_EDGE ( 'NONE', *, *, #3056, .T. ) ;
#1553 = LINE ( 'NONE', #5878, #4279 ) ;
#1554 = VERTEX_POINT ( 'NONE', #3641 ) ;
#1555 = CARTESIAN_POINT ( 'NONE',  ( -2.357898303544576200, 0.5100000000658047000, 16.47757706717196800 ) ) ;
#1556 = VECTOR ( 'NONE', #2529, 1000.000000000000000 ) ;
#1557 = AXIS2_PLACEMENT_3D ( 'NONE', #481, #6506, #4846 ) ;
#1558 = CARTESIAN_POINT ( 'NONE',  ( 8.330000000000005400, 2.540000000000000500, 8.890000000000000600 ) ) ;
#1559 = CARTESIAN_POINT ( 'NONE',  ( -1.485445322352715300, 2.024174563873357300, -2.775557060000000200E-015 ) ) ;
#1560 = ORIENTED_EDGE ( 'NONE', *, *, #1117, .F. ) ;
#1561 = EDGE_CURVE ( 'NONE', #6237, #1471, #515, .T. ) ;
#1562 = ORIENTED_EDGE ( 'NONE', *, *, #3720, .T. ) ;
#1563 = CARTESIAN_POINT ( 'NONE',  ( 3.155575383981999800, -3.430000000000047200, 0.5099999999999920200 ) ) ;
#1564 = UNCERTAINTY_MEASURE_WITH_UNIT (LENGTH_MEASURE( 1.000000000000000100E-005 ), #6103, 'distance_accuracy_value', 'NONE');
#1565 = ORIENTED_EDGE ( 'NONE', *, *, #5284, .T. ) ;
#1566 = APPLICATION_CONTEXT ( 'automotive_design' ) ;
#1567 = DIRECTION ( 'NONE',  ( 1.253073119328837300E-016, 1.000000000000000000, -1.253073119328835600E-016 ) ) ;
#1568 = CYLINDRICAL_SURFACE ( 'NONE', #5702, 2.100000000000007600 ) ;
#1569 = ORIENTED_EDGE ( 'NONE', *, *, #913, .T. ) ;
#1570 = EDGE_CURVE ( 'NONE', #5082, #2676, #6306, .T. ) ;
#1571 = ORIENTED_EDGE ( 'NONE', *, *, #3431, .T. ) ;
#1572 = ORIENTED_EDGE ( 'NONE', *, *, #742, .F. ) ;
#1573 = CARTESIAN_POINT ( 'NONE',  ( -2.864554677647284100, -2.024174563873357300, -2.775557060000000200E-015 ) ) ;
#1574 =( BOUNDED_SURFACE ( )  B_SPLINE_SURFACE ( 3, 3, ( 
 ( #4451, #3368, #1756, #1183 ),
 ( #5016, #1141, #5471, #568 ),
 ( #1162, #1684, #2198, #2222 ),
 ( #3342, #2273, #111, #6016 ) ),
 .UNSPECIFIED., .F., .F., .T. ) 
 B_SPLINE_SURFACE_WITH_KNOTS ( ( 4, 4 ),
 ( 4, 4 ),
 ( 0.0000000000000000000, 1.000000000000000000 ),
 ( 0.0000000000000000000, 1.000000000000000000 ),
 .UNSPECIFIED. ) 
 GEOMETRIC_REPRESENTATION_ITEM ( )  RATIONAL_B_SPLINE_SURFACE ( (
 ( 1.000000000000000000, 0.9486501948152655800, 0.9486501948152655800, 1.000000000000000000),
 ( 0.9486501948152656900, 0.8999371921230414600, 0.8999371921230414600, 0.9486501948152656900),
 ( 0.9486501948152656900, 0.8999371921230414600, 0.8999371921230414600, 0.9486501948152656900),
 ( 1.000000000000000000, 0.9486501948152655800, 0.9486501948152655800, 1.000000000000000000) ) ) 
 REPRESENTATION_ITEM ( '' )  SURFACE ( )  );
#1575 = CARTESIAN_POINT ( 'NONE',  ( 4.749999999999975100, -2.920000000000004400, 0.0000000000000000000 ) ) ;
#1576 = ORIENTED_EDGE ( 'NONE', *, *, #6718, .F. ) ;
#1577 = FACE_OUTER_BOUND ( 'NONE', #1150, .T. ) ;
#1578 = CARTESIAN_POINT ( 'NONE',  ( 2.168404344971008900E-016, -2.873135757086586800E-015, 15.77999999972234900 ) ) ;
#1579 = DIRECTION ( 'NONE',  ( -1.000000000000000000, -0.0000000000000000000, -0.0000000000000000000 ) ) ;
#1580 = VERTEX_POINT ( 'NONE', #1977 ) ;
#1581 = DIRECTION ( 'NONE',  ( -0.0000000000000000000, -1.000000000000000000, -0.0000000000000000000 ) ) ;
#1582 = DIRECTION ( 'NONE',  ( -1.000000000000000000, -0.0000000000000000000, -0.0000000000000000000 ) ) ;
#1583 = DIRECTION ( 'NONE',  ( 0.0000000000000000000, 0.0000000000000000000, 1.000000000000000000 ) ) ;
#1584 = FACE_OUTER_BOUND ( 'NONE', #189, .T. ) ;
#1585 = DIRECTION ( 'NONE',  ( 1.000000000000000000, 0.0000000000000000000, 0.0000000000000000000 ) ) ;
#1586 = VERTEX_POINT ( 'NONE', #4177 ) ;
#1587 = ADVANCED_FACE ( 'NONE', ( #3490 ), #322, .T. ) ;
#1588 = CARTESIAN_POINT ( 'NONE',  ( -1.878484561672233400, -3.430000000000015700, 4.547201937963127000 ) ) ;
#1589 = CYLINDRICAL_SURFACE ( 'NONE', #151, 0.4000000000000003000 ) ;
#1590 = AXIS2_PLACEMENT_3D ( 'NONE', #1558, #5866, #6347 ) ;
#1591 = CARTESIAN_POINT ( 'NONE',  ( 3.030121042830554100, -0.6350000000000001200, -6.194878957169453100 ) ) ;
#1592 = VECTOR ( 'NONE', #2959, 1000.000000000000000 ) ;
#1593 = CARTESIAN_POINT ( 'NONE',  ( 5.080000000000001000, 1.015000000000004100, 0.0000000000000000000 ) ) ;
#1594 = DIRECTION ( 'NONE',  ( 0.0000000000000000000, -0.0000000000000000000, -1.000000000000000000 ) ) ;
#1595 = AXIS2_PLACEMENT_3D ( 'NONE', #2177, #2813, #2217 ) ;
#1596 = AXIS2_PLACEMENT_3D ( 'NONE', #581, #4404, #6052 ) ;
#1597 = DIRECTION ( 'NONE',  ( 0.0000000000000000000, 0.0000000000000000000, 1.000000000000000000 ) ) ;
#1598 = EDGE_CURVE ( 'NONE', #2941, #644, #5798, .T. ) ;
#1599 = ADVANCED_FACE ( 'NONE', ( #265 ), #6937, .T. ) ;
#1600 = LINE ( 'NONE', #3142, #2109 ) ;
#1601 = CARTESIAN_POINT ( 'NONE',  ( -4.285685424949244600, -1.333487006990677700, -0.8815067120431439000 ) ) ;
#1602 = DIRECTION ( 'NONE',  ( -1.000000000000000000, -0.0000000000000000000, 0.0000000000000000000 ) ) ;
#1603 = DIRECTION ( 'NONE',  ( -0.3774734178110163400, 0.0000000000000000000, -0.9260204203180779600 ) ) ;
#1604 = VERTEX_POINT ( 'NONE', #3125 ) ;
#1605 = LINE ( 'NONE', #2933, #2547 ) ;
#1607 = ORIENTED_EDGE ( 'NONE', *, *, #4592, .T. ) ;
#1606 = CARTESIAN_POINT ( 'NONE',  ( 6.249999999999994700, -1.930000000000001700, 9.390000000000007700 ) ) ;
#1608 = AXIS2_PLACEMENT_3D ( 'NONE', #6314, #5812, #2573 ) ;
#1609 = AXIS2_PLACEMENT_3D ( 'NONE', #5368, #4294, #5934 ) ;
#1610 = EDGE_CURVE ( 'NONE', #5536, #3387, #5962, .T. ) ;
#1611 = DIRECTION ( 'NONE',  ( 0.0000000000000000000, -0.0000000000000000000, -1.000000000000000000 ) ) ;
#1612 = ORIENTED_EDGE ( 'NONE', *, *, #5416, .F. ) ;
#1613 = ORIENTED_EDGE ( 'NONE', *, *, #920, .F. ) ;
#1614 = FACE_OUTER_BOUND ( 'NONE', #3213, .T. ) ;
#1615 = EDGE_CURVE ( 'NONE', #6933, #6872, #4699, .T. ) ;
#1616 = ADVANCED_FACE ( 'NONE', ( #1451 ), #989, .T. ) ;
#1617 = CARTESIAN_POINT ( 'NONE',  ( 9.530000000000004700, -0.6350000000000001200, -10.80000000000000600 ) ) ;
#1618 = DIRECTION ( 'NONE',  ( -0.0000000000000000000, 0.0000000000000000000, -1.000000000000000000 ) ) ;
#1619 = EDGE_CURVE ( 'NONE', #855, #3604, #2900, .T. ) ;
#1620 = EDGE_LOOP ( 'NONE', ( #1529, #2683, #2422, #5827 ) ) ;
#1621 = ORIENTED_EDGE ( 'NONE', *, *, #4938, .F. ) ;
#1622 = CARTESIAN_POINT ( 'NONE',  ( -1.297157287525378500, -2.215000000000004300, 1.778883931213717000E-017 ) ) ;
#1623 = CYLINDRICAL_SURFACE ( 'NONE', #3842, 0.4000000000000001300 ) ;
#1624 = LINE ( 'NONE', #1119, #6822 ) ;
#1625 = CARTESIAN_POINT ( 'NONE',  ( 4.319999999999992300, 0.6350000000000001200, -1.549999999999997800 ) ) ;
#1626 = VERTEX_POINT ( 'NONE', #5928 ) ;
#1627 = DIRECTION ( 'NONE',  ( -0.0000000000000000000, -0.0000000000000000000, -1.000000000000000000 ) ) ;
#1628 = VECTOR ( 'NONE', #4440, 1000.000000000000000 ) ;
#1629 = CARTESIAN_POINT ( 'NONE',  ( 0.06245550429509160600, -3.380000000000043900, 6.513528991902220800 ) ) ;
#1630 = DIRECTION ( 'NONE',  ( 0.0000000000000000000, 0.0000000000000000000, -1.000000000000000000 ) ) ;
#1631 = LINE ( 'NONE', #3305, #2141 ) ;
#1632 = VERTEX_POINT ( 'NONE', #7031 ) ;
#1633 = DIRECTION ( 'NONE',  ( 1.000000000000000000, 0.0000000000000000000, -0.0000000000000000000 ) ) ;
#1634 = VECTOR ( 'NONE', #647, 1000.000000000000000 ) ;
#1635 = VERTEX_POINT ( 'NONE', #3665 ) ;
#1636 = ADVANCED_FACE ( 'NONE', ( #1192 ), #2596, .T. ) ;
#1637 = CARTESIAN_POINT ( 'NONE',  ( -0.3800000000000040600, -1.015000000000004100, 0.0000000000000000000 ) ) ;
#1638 = DIRECTION ( 'NONE',  ( 0.0000000000000000000, 0.0000000000000000000, -1.000000000000000000 ) ) ;
#1639 = VECTOR ( 'NONE', #6285, 1000.000000000000000 ) ;
#1640 = LINE ( 'NONE', #5445, #7017 ) ;
#1641 = ORIENTED_EDGE ( 'NONE', *, *, #3189, .F. ) ;
#1642 = DIRECTION ( 'NONE',  ( 1.000000000000000000, 0.0000000000000000000, 0.0000000000000000000 ) ) ;
#1643 = ORIENTED_EDGE ( 'NONE', *, *, #2025, .F. ) ;
#1644 = EDGE_CURVE ( 'NONE', #2731, #3690, #5543, .T. ) ;
#1645 = DIRECTION ( 'NONE',  ( -1.000000000000000000, 0.0000000000000000000, -0.0000000000000000000 ) ) ;
#1646 = DIRECTION ( 'NONE',  ( -0.0000000000000000000, 0.0000000000000000000, -1.000000000000000000 ) ) ;
#1647 = DIRECTION ( 'NONE',  ( -0.7071067811865474600, 0.0000000000000000000, 0.7071067811865474600 ) ) ;
#1648 = DIRECTION ( 'NONE',  ( -0.2027126583463940400, 0.9792382642371253400, 0.0000000000000000000 ) ) ;
#1649 = VECTOR ( 'NONE', #3352, 1000.000000000000000 ) ;
#1650 = VECTOR ( 'NONE', #4101, 1000.000000000000000 ) ;
#1651 = DIRECTION ( 'NONE',  ( -0.0000000000000000000, -1.000000000000000000, -0.0000000000000000000 ) ) ;
#1652 = ORIENTED_EDGE ( 'NONE', *, *, #6718, .T. ) ;
#1653 = EDGE_LOOP ( 'NONE', ( #6176, #2745, #3264, #536 ) ) ;
#1654 = VERTEX_POINT ( 'NONE', #2115 ) ;
#1655 = CARTESIAN_POINT ( 'NONE',  ( 5.580000000000007200, 0.8250000000000021800, -2.679999999999999300 ) ) ;
#1656 = ORIENTED_EDGE ( 'NONE', *, *, #4732, .T. ) ;
#1657 = CARTESIAN_POINT ( 'NONE',  ( -1.299999999999981600, -2.920000000000029700, 0.5099999999999920200 ) ) ;
#1658 = CARTESIAN_POINT ( 'NONE',  ( -3.067898303399257300, 0.5099999999999925700, 9.390000000000007700 ) ) ;
#1659 = ORIENTED_EDGE ( 'NONE', *, *, #4164, .F. ) ;
#1660 = EDGE_CURVE ( 'NONE', #1039, #6693, #5374, .T. ) ;
#1661 = DIRECTION ( 'NONE',  ( 0.0000000000000000000, 0.0000000000000000000, 1.000000000000000000 ) ) ;
#1662 = EDGE_LOOP ( 'NONE', ( #388, #589, #2409, #3602 ) ) ;
#1663 =( REPRESENTATION_RELATIONSHIP ('NONE','NONE', #4258, #1365 ) REPRESENTATION_RELATIONSHIP_WITH_TRANSFORMATION ( #4223 )SHAPE_REPRESENTATION_RELATIONSHIP( ) );
#1664 = DIRECTION ( 'NONE',  ( -0.0000000000000000000, -1.000000000000000000, -0.0000000000000000000 ) ) ;
#1665 = ORIENTED_EDGE ( 'NONE', *, *, #241, .T. ) ;
#1666 = ORIENTED_EDGE ( 'NONE', *, *, #5682, .F. ) ;
#1667 = EDGE_LOOP ( 'NONE', ( #5377, #4913, #5924, #871, #3742, #5144, #2749, #2477 ) ) ;
#1668 = CARTESIAN_POINT ( 'NONE',  ( -0.3800000000000040600, -0.6350000000000001200, 0.0000000000000000000 ) ) ;
#1669 = CARTESIAN_POINT ( 'NONE',  ( -0.3800000000000040600, -1.015000000000004100, 0.0000000000000000000 ) ) ;
#1670 = EDGE_CURVE ( 'NONE', #766, #1545, #6413, .T. ) ;
#1671 = EDGE_CURVE ( 'NONE', #2075, #5953, #1044, .T. ) ;
#1672 = AXIS2_PLACEMENT_3D ( 'NONE', #379, #3235, #4377 ) ;
#1673 = CIRCLE ( 'NONE', #253, 1.300000000000061600 ) ;
#1674 = CARTESIAN_POINT ( 'NONE',  ( -4.750000000000000000, -2.920000000000004400, 0.0000000000000000000 ) ) ;
#1675 = VERTEX_POINT ( 'NONE', #3739 ) ;
#1676 = CARTESIAN_POINT ( 'NONE',  ( 1.620861809825288300, -3.430000000000021900, 5.772201937963132900 ) ) ;
#1677 = DIRECTION ( 'NONE',  ( -0.7071067811865477900, 0.0000000000000000000, -0.7071067811865472400 ) ) ;
#1678 = DIRECTION ( 'NONE',  ( 1.000000000000000000, 0.0000000000000000000, 0.0000000000000000000 ) ) ;
#1679 = ADVANCED_FACE ( 'NONE', ( #3513 ), #3151, .T. ) ;
#1680 = DIRECTION ( 'NONE',  ( 1.000000000000000000, 0.0000000000000000000, -0.0000000000000000000 ) ) ;
#1681 = CARTESIAN_POINT ( 'NONE',  ( 4.285685424949244600, -1.049314575050752200, -0.9999999999999879000 ) ) ;
#1682 = LINE ( 'NONE', #905, #1856 ) ;
#1683 = AXIS2_PLACEMENT_3D ( 'NONE', #3843, #7, #5421 ) ;
#1684 = CARTESIAN_POINT ( 'NONE',  ( 0.5224989434108215900, -1.157498943410821400, -0.9999999999999879000 ) ) ;
#1685 = LINE ( 'NONE', #931, #2958 ) ;
#1686 = DIRECTION ( 'NONE',  ( 1.000000000000000000, -0.0000000000000000000, 0.0000000000000000000 ) ) ;
#1687 = VERTEX_POINT ( 'NONE', #1484 ) ;
#1688 = CARTESIAN_POINT ( 'NONE',  ( -0.7833451119016641200, -3.430000000000028600, 6.130874884024108500 ) ) ;
#1689 = DIRECTION ( 'NONE',  ( 0.2027126583463834100, -0.9792382642371276800, 0.0000000000000000000 ) ) ;
#1690 = FACE_OUTER_BOUND ( 'NONE', #431, .T. ) ;
#1691 = CARTESIAN_POINT ( 'NONE',  ( 2.174999999999987400, 2.343853911060577400, 0.6999999999999940700 ) ) ;
#1692 = DIRECTION ( 'NONE',  ( -0.7071067811865477900, 0.0000000000000000000, 0.7071067811865472400 ) ) ;
#1693 = CARTESIAN_POINT ( 'NONE',  ( 1.496662996000000200E-009, -2.920000000000029700, 0.5099999999999920200 ) ) ;
#1694 = EDGE_CURVE ( 'NONE', #3692, #471, #6147, .T. ) ;
#1695 = EDGE_LOOP ( 'NONE', ( #4312, #6935, #4374, #3743 ) ) ;
#1696 = LINE ( 'NONE', #1519, #3126 ) ;
#1697 = CARTESIAN_POINT ( 'NONE',  ( -2.100000000000008500, -4.200000000000011700, 14.67999999999998000 ) ) ;
#1698 = EDGE_CURVE ( 'NONE', #2611, #4395, #7001, .T. ) ;
#1699 = ORIENTED_EDGE ( 'NONE', *, *, #5814, .T. ) ;
#1700 = STYLED_ITEM ( 'NONE', ( #916 ), #1489 ) ;
#1701 = CIRCLE ( 'NONE', #3565, 0.7600000000000081100 ) ;
#1702 = ADVANCED_FACE ( 'NONE', ( #4619, #2977 ), #2166, .T. ) ;
#1703 = CARTESIAN_POINT ( 'NONE',  ( 0.6531048583502566700, 1.288104858350256800, -0.3612097167005086700 ) ) ;
#1704 = VECTOR ( 'NONE', #3058, 1000.000000000000000 ) ;
#1705 = ORIENTED_EDGE ( 'NONE', *, *, #1968, .T. ) ;
#1706 = ORIENTED_EDGE ( 'NONE', *, *, #1354, .T. ) ;
#1707 = CARTESIAN_POINT ( 'NONE',  ( -1.828395398285405300, -3.380000000000043900, 4.580874884024059800 ) ) ;
#1708 = CARTESIAN_POINT ( 'NONE',  ( -1.828395398285405300, -3.430000000000021900, 4.580874884024059800 ) ) ;
#1709 = EDGE_CURVE ( 'NONE', #2059, #2442, #6531, .T. ) ;
#1710 = ORIENTED_EDGE ( 'NONE', *, *, #4053, .T. ) ;
#1711 = VECTOR ( 'NONE', #4233, 1000.000000000000000 ) ;
#1712 = DIRECTION ( 'NONE',  ( 0.0000000000000000000, 0.0000000000000000000, 1.000000000000000000 ) ) ;
#1713 = CARTESIAN_POINT ( 'NONE',  ( -0.6971572875253786400, -1.049314575050752200, -0.8828427124746136600 ) ) ;
#1714 = LINE ( 'NONE', #6459, #6150 ) ;
#1715 = EDGE_LOOP ( 'NONE', ( #375, #2855, #2667, #468 ) ) ;
#1716 = LINE ( 'NONE', #1052, #358 ) ;
#1717 = DIRECTION ( 'NONE',  ( 0.0000000000000000000, 1.000000000000000000, 0.0000000000000000000 ) ) ;
#1718 = CARTESIAN_POINT ( 'NONE',  ( -2.100000000000009000, 2.544794692179055100E-015, 14.67999999999998200 ) ) ;
#1719 = VECTOR ( 'NONE', #1207, 1000.000000000000000 ) ;
#1720 = VERTEX_POINT ( 'NONE', #1617 ) ;
#1721 = CARTESIAN_POINT ( 'NONE',  ( 1.297157287525378500, 2.215000000000004300, 1.778883931213717000E-017 ) ) ;
#1722 = CARTESIAN_POINT ( 'NONE',  ( 8.330000000000005400, 3.149999999999998600, 9.390000000000007700 ) ) ;
#1723 = LINE ( 'NONE', #1993, #284 ) ;
#1724 = ORIENTED_EDGE ( 'NONE', *, *, #3, .T. ) ;
#1725 = AXIS2_PLACEMENT_3D ( 'NONE', #1844, #5101, #5631 ) ;
#1726 = FACE_OUTER_BOUND ( 'NONE', #1744, .T. ) ;
#1727 = LINE ( 'NONE', #2684, #6848 ) ;
#1728 = VERTEX_POINT ( 'NONE', #2712 ) ;
#1729 = DIRECTION ( 'NONE',  ( 0.0000000000000000000, 0.0000000000000000000, -1.000000000000000000 ) ) ;
#1730 = DIRECTION ( 'NONE',  ( 1.000000000000000000, 0.0000000000000000000, -0.0000000000000000000 ) ) ;
#1731 = ORIENTED_EDGE ( 'NONE', *, *, #6998, .T. ) ;
#1732 = ORIENTED_EDGE ( 'NONE', *, *, #4682, .F. ) ;
#1733 = AXIS2_PLACEMENT_3D ( 'NONE', #5778, #330, #6898 ) ;
#1734 = FACE_OUTER_BOUND ( 'NONE', #415, .T. ) ;
#1735 = AXIS2_PLACEMENT_3D ( 'NONE', #5870, #4188, #6969 ) ;
#1736 = CARTESIAN_POINT ( 'NONE',  ( -5.114314575050773500, 1.049314575050752200, -0.9999999999999879000 ) ) ;
#1737 = EDGE_CURVE ( 'NONE', #5821, #5212, #799, .T. ) ;
#1738 = CARTESIAN_POINT ( 'NONE',  ( 2.328693082000000200E-016, -1.079998094000000000E-015, 9.390000000000007700 ) ) ;
#1739 = ORIENTED_EDGE ( 'NONE', *, *, #212, .F. ) ;
#1740 = CARTESIAN_POINT ( 'NONE',  ( -3.072771161251020500, 3.029999999999996300, -2.710505431213761100E-017 ) ) ;
#1741 = CARTESIAN_POINT ( 'NONE',  ( -4.750000000000000000, -1.556046926000000300E-014, 4.752757431878140300 ) ) ;
#1742 = VERTEX_POINT ( 'NONE', #5452 ) ;
#1743 = PLANE ( 'NONE',  #1259 ) ;
#1744 = EDGE_LOOP ( 'NONE', ( #2038, #4995, #4743, #2262 ) ) ;
#1745 = ADVANCED_FACE ( 'NONE', ( #4100 ), #5414, .T. ) ;
#1746 = ORIENTED_EDGE ( 'NONE', *, *, #4219, .T. ) ;
#1747 = LINE ( 'NONE', #2405, #816 ) ;
#1748 = CARTESIAN_POINT ( 'NONE',  ( -1.558141172664380600, -8.374319799661607400E-014, 21.88350843887404200 ) ) ;
#1749 = AXIS2_PLACEMENT_3D ( 'NONE', #4928, #6553, #6064 ) ;
#1750 = EDGE_CURVE ( 'NONE', #1289, #6202, #1624, .T. ) ;
#1751 = ORIENTED_EDGE ( 'NONE', *, *, #1511, .T. ) ;
#1752 = ORIENTED_EDGE ( 'NONE', *, *, #2291, .F. ) ;
#1753 = CARTESIAN_POINT ( 'NONE',  ( 4.319999999999992300, -0.6350000000000001200, -3.222203947368421400 ) ) ;
#1754 = DIRECTION ( 'NONE',  ( 0.0000000000000000000, 0.0000000000000000000, 1.000000000000000000 ) ) ;
#1755 = LINE ( 'NONE', #1277, #2524 ) ;
#1756 = CARTESIAN_POINT ( 'NONE',  ( 0.5607233075704636200, -1.333487006990677700, -0.8522048541031106400 ) ) ;
#1757 = CARTESIAN_POINT ( 'NONE',  ( -5.114314575050773500, -1.049314575050752200, -0.5999999999999875400 ) ) ;
#1758 = ORIENTED_EDGE ( 'NONE', *, *, #2161, .T. ) ;
#1759 = EDGE_CURVE ( 'NONE', #319, #6062, #2619, .T. ) ;
#1760 = EDGE_CURVE ( 'NONE', #6975, #3187, #5483, .T. ) ;
#1761 = ORIENTED_EDGE ( 'NONE', *, *, #4938, .T. ) ;
#1762 = ORIENTED_EDGE ( 'NONE', *, *, #3749, .T. ) ;
#1763 = CARTESIAN_POINT ( 'NONE',  ( 2.100000000000006300, 4.200000000000017100, 23.08000000000001600 ) ) ;
#1764 = DIRECTION ( 'NONE',  ( -0.0000000000000000000, 0.0000000000000000000, 1.000000000000000000 ) ) ;
#1765 = DIRECTION ( 'NONE',  ( 0.0000000000000000000, 0.0000000000000000000, -1.000000000000000000 ) ) ;
#1766 = CARTESIAN_POINT ( 'NONE',  ( 4.177501056589176400, 1.049314575050752200, -0.9999999999999873400 ) ) ;
#1767 = DIRECTION ( 'NONE',  ( 1.000000000000000000, 0.0000000000000000000, -0.0000000000000000000 ) ) ;
#1768 = CARTESIAN_POINT ( 'NONE',  ( -6.000000000000003600, 3.429999999999970800, 8.890000000000000600 ) ) ;
#1769 = DIRECTION ( 'NONE',  ( 0.0000000000000000000, -0.0000000000000000000, -1.000000000000000000 ) ) ;
#1770 = LINE ( 'NONE', #979, #835 ) ;
#1771 = AXIS2_PLACEMENT_3D ( 'NONE', #4133, #225, #3522 ) ;
#1772 = DIRECTION ( 'NONE',  ( 0.0000000000000000000, 0.0000000000000000000, -1.000000000000000000 ) ) ;
#1773 = FACE_OUTER_BOUND ( 'NONE', #6707, .T. ) ;
#1774 = DIRECTION ( 'NONE',  ( -1.000000000000000000, 0.0000000000000000000, 0.0000000000000000000 ) ) ;
#1775 = ADVANCED_FACE ( 'NONE', ( #3608 ), #5434, .T. ) ;
#1776 = CARTESIAN_POINT ( 'NONE',  ( 4.077649557588090400, -1.049314575050752200, -0.9583642496800579600 ) ) ;
#1777 = CARTESIAN_POINT ( 'NONE',  ( -0.7607081337491326000, -3.430000000000021900, 6.097201937963197000 ) ) ;
#1778 = ORIENTED_EDGE ( 'NONE', *, *, #1098, .F. ) ;
#1779 = VECTOR ( 'NONE', #3461, 1000.000000000000000 ) ;
#1780 = UNCERTAINTY_MEASURE_WITH_UNIT (LENGTH_MEASURE( 1.000000000000000100E-005 ), #3237, 'distance_accuracy_value', 'NONE');
#1781 = PLANE ( 'NONE',  #3287 ) ;
#1782 = ORIENTED_EDGE ( 'NONE', *, *, #1308, .T. ) ;
#1783 = LINE ( 'NONE', #1851, #1779 ) ;
#1784 = CARTESIAN_POINT ( 'NONE',  ( 6.350000000000000500, -3.429999999999996600, 0.0000000000000000000 ) ) ;
#1785 = AXIS2_PLACEMENT_3D ( 'NONE', #1748, #129, #3972 ) ;
#1786 = EDGE_CURVE ( 'NONE', #2821, #4734, #206, .T. ) ;
#1787 = ORIENTED_EDGE ( 'NONE', *, *, #786, .F. ) ;
#1788 = VERTEX_POINT ( 'NONE', #4898 ) ;
#1789 = VERTEX_POINT ( 'NONE', #6533 ) ;
#1790 = CARTESIAN_POINT ( 'NONE',  ( 0.3800000000000040600, -1.015000000000004100, -0.9999999999999879000 ) ) ;
#1791 = LINE ( 'NONE', #6474, #175 ) ;
#1792 = LINE ( 'NONE', #5609, #4612 ) ;
#1793 = PLANE ( 'NONE',  #3043 ) ;
#1794 = EDGE_CURVE ( 'NONE', #3771, #3535, #1319, .T. ) ;
#1795 = CARTESIAN_POINT ( 'NONE',  ( -1.259189957218833600, -3.380000000000043900, 4.963528991902261800 ) ) ;
#1796 = PRESENTATION_LAYER_ASSIGNMENT (  '', '', ( #572 ) ) ;
#1797 = ORIENTED_EDGE ( 'NONE', *, *, #3199, .F. ) ;
#1798 = LINE ( 'NONE', #531, #5801 ) ;
#1799 = DIRECTION ( 'NONE',  ( 1.000000000000000000, 0.0000000000000000000, 0.0000000000000000000 ) ) ;
#1800 = DIRECTION ( 'NONE',  ( 0.0000000000000000000, -0.0000000000000000000, 1.000000000000000000 ) ) ;
#1801 = CYLINDRICAL_SURFACE ( 'NONE', #1033, 0.4000000000000003000 ) ;
#1802 = VERTEX_POINT ( 'NONE', #5505 ) ;
#1803 = VECTOR ( 'NONE', #3897, 1000.000000000000000 ) ;
#1804 = ORIENTED_EDGE ( 'NONE', *, *, #3723, .T. ) ;
#1805 = VECTOR ( 'NONE', #5036, 1000.000000000000000 ) ;
#1806 = ORIENTED_EDGE ( 'NONE', *, *, #5498, .T. ) ;
#1807 = PLANE ( 'NONE',  #5083 ) ;
#1808 = CARTESIAN_POINT ( 'NONE',  ( 5.080000000000001000, 1.015000000000004100, 0.0000000000000000000 ) ) ;
#1809 = CARTESIAN_POINT ( 'NONE',  ( -6.350000000000000500, 2.669999999999988400, 8.890000000000000600 ) ) ;
#1810 = DIRECTION ( 'NONE',  ( 0.0000000000000000000, 0.0000000000000000000, 1.000000000000000000 ) ) ;
#1811 = VECTOR ( 'NONE', #7067, 1000.000000000000000 ) ;
#1812 = CARTESIAN_POINT ( 'NONE',  ( 8.330000000000005400, -1.930000000000001700, 8.890000000000000600 ) ) ;
#1813 = LINE ( 'NONE', #5615, #6416 ) ;
#1814 = DIRECTION ( 'NONE',  ( -0.5773502691896258400, -0.5773502691896258400, 0.5773502691896258400 ) ) ;
#1815 = EDGE_LOOP ( 'NONE', ( #5675, #5786, #6466, #4207 ) ) ;
#1816 = ADVANCED_FACE ( 'NONE', ( #1055 ), #3865, .T. ) ;
#1817 = DIRECTION ( 'NONE',  ( 0.0000000000000000000, -1.000000000000000000, 0.0000000000000000000 ) ) ;
#1818 = ORIENTED_EDGE ( 'NONE', *, *, #3022, .T. ) ;
#1819 = CARTESIAN_POINT ( 'NONE',  ( 3.402842712474618100, -2.215000000000004300, 1.778883931213717000E-017 ) ) ;
#1820 = VECTOR ( 'NONE', #6025, 1000.000000000000100 ) ;
#1821 = LINE ( 'NONE', #1413, #6857 ) ;
#1822 = ORIENTED_EDGE ( 'NONE', *, *, #3821, .F. ) ;
#1823 = ORIENTED_EDGE ( 'NONE', *, *, #2926, .F. ) ;
#1824 = ORIENTED_EDGE ( 'NONE', *, *, #1877, .F. ) ;
#1825 = ORIENTED_EDGE ( 'NONE', *, *, #2607, .F. ) ;
#1826 = EDGE_LOOP ( 'NONE', ( #636, #5307, #5288, #3443 ) ) ;
#1827 = CARTESIAN_POINT ( 'NONE',  ( 0.3800000000000040600, -1.015000000000004100, -6.490000000000000200 ) ) ;
#1828 = FILL_AREA_STYLE ('',( #3343 ) ) ;
#1829 = VERTEX_POINT ( 'NONE', #4413 ) ;
#1830 = SHAPE_REPRESENTATION_RELATIONSHIP ( 'NONE' , 'NONE' ,  #1365, #2747 ) ;
#1831 = DIRECTION ( 'NONE',  ( 0.0000000000000000000, -0.0000000000000000000, -1.000000000000000000 ) ) ;
#1832 = AXIS2_PLACEMENT_3D ( 'NONE', #5919, #1630, #5893 ) ;
#1833 = ORIENTED_EDGE ( 'NONE', *, *, #6551, .T. ) ;
#1834 = ORIENTED_EDGE ( 'NONE', *, *, #157, .F. ) ;
#1835 = ORIENTED_EDGE ( 'NONE', *, *, #6765, .F. ) ;
#1836 = CARTESIAN_POINT ( 'NONE',  ( 6.350000000000000500, 3.429999999999996600, 0.0000000000000000000 ) ) ;
#1837 = EDGE_CURVE ( 'NONE', #6434, #4742, #6682, .T. ) ;
#1838 = CARTESIAN_POINT ( 'NONE',  ( 3.155575383981994000, -3.430000000000021500, 0.4000000000000002400 ) ) ;
#1839 = CARTESIAN_POINT ( 'NONE',  ( -5.080000000000001000, 0.6350000000000001200, -10.30000000000000100 ) ) ;
#1840 = DIRECTION ( 'NONE',  ( -0.7071067811865474600, 0.0000000000000000000, -0.7071067811865474600 ) ) ;
#1841 = VERTEX_POINT ( 'NONE', #1051 ) ;
#1842 = DIRECTION ( 'NONE',  ( 1.761828530288943900E-015, 0.0000000000000000000, 1.000000000000000000 ) ) ;
#1843 = CARTESIAN_POINT ( 'NONE',  ( 3.402842712474618100, 2.215000000000004300, -2.710505431213761100E-017 ) ) ;
#1844 = CARTESIAN_POINT ( 'NONE',  ( -3.820000000000010900, 0.6350000000000001200, -10.30000000000000100 ) ) ;
#1845 = VERTEX_POINT ( 'NONE', #619 ) ;
#1846 = DIRECTION ( 'NONE',  ( -1.000000000000000000, 0.0000000000000000000, -0.0000000000000000000 ) ) ;
#1847 = AXIS2_PLACEMENT_3D ( 'NONE', #6167, #1814, #1840 ) ;
#1848 = EDGE_CURVE ( 'NONE', #3882, #6396, #6331, .T. ) ;
#1849 = FACE_OUTER_BOUND ( 'NONE', #6668, .T. ) ;
#1850 = DIRECTION ( 'NONE',  ( 0.0000000000000000000, -0.0000000000000000000, 1.000000000000000000 ) ) ;
#1851 = CARTESIAN_POINT ( 'NONE',  ( 6.350000000000000500, -3.429999999999996600, 0.0000000000000000000 ) ) ;
#1852 = VERTEX_POINT ( 'NONE', #3372 ) ;
#1853 = ORIENTED_EDGE ( 'NONE', *, *, #5814, .F. ) ;
#1854 = ADVANCED_FACE ( 'NONE', ( #3011 ), #1568, .F. ) ;
#1855 = CARTESIAN_POINT ( 'NONE',  ( 4.077649557588092200, -1.157498943410821600, -0.9583642496800581800 ) ) ;
#1856 = VECTOR ( 'NONE', #840, 1000.000000000000000 ) ;
#1857 = EDGE_CURVE ( 'NONE', #372, #868, #6769, .T. ) ;
#1858 = EDGE_CURVE ( 'NONE', #4727, #756, #878, .T. ) ;
#1859 = PLANE ( 'NONE',  #2107 ) ;
#1860 = DIRECTION ( 'NONE',  ( 1.000000000000000000, 0.0000000000000000000, -0.0000000000000000000 ) ) ;
#1861 = CARTESIAN_POINT ( 'NONE',  ( -0.4143145750507523100, 1.257350442411905700, -0.9583642496800579600 ) ) ;
#1862 = AXIS2_PLACEMENT_3D ( 'NONE', #4602, #6772, #1357 ) ;
#1863 = CARTESIAN_POINT ( 'NONE',  ( -1.580000000000004700, -1.332157287525385500, -0.8828427124746205400 ) ) ;
#1864 = ORIENTED_EDGE ( 'NONE', *, *, #5315, .T. ) ;
#1865 = FACE_OUTER_BOUND ( 'NONE', #1241, .T. ) ;
#1866 = DIRECTION ( 'NONE',  ( -0.3774734178109658800, 0.0000000000000000000, -0.9260204203180986100 ) ) ;
#1867 = CARTESIAN_POINT ( 'NONE',  ( -5.398487006990694500, 1.049314575050752200, -0.8815067120431482300 ) ) ;
#1868 = EDGE_LOOP ( 'NONE', ( #2511, #4352, #6435, #1560 ) ) ;
#1869 = AXIS2_PLACEMENT_3D ( 'NONE', #6894, #3038, #2462 ) ;
#1870 = CARTESIAN_POINT ( 'NONE',  ( 4.319999999999992300, -1.015000000000004100, -1.549999999999997800 ) ) ;
#1871 = EDGE_CURVE ( 'NONE', #2814, #2389, #6511, .T. ) ;
#1872 = ORIENTED_EDGE ( 'NONE', *, *, #2153, .T. ) ;
#1873 = ORIENTED_EDGE ( 'NONE', *, *, #6964, .F. ) ;
#1874 = LINE ( 'NONE', #1189, #3132 ) ;
#1875 = PLANE ( 'NONE',  #6346 ) ;
#1876 = DIRECTION ( 'NONE',  ( 0.0000000000000000000, -1.000000000000000000, 0.0000000000000000000 ) ) ;
#1877 = EDGE_CURVE ( 'NONE', #6211, #1742, #5577, .T. ) ;
#1878 = LINE ( 'NONE', #883, #1963 ) ;
#1879 = CARTESIAN_POINT ( 'NONE',  ( 6.249999999999994700, -3.149999999999998600, 8.890000000000000600 ) ) ;
#1880 = ORIENTED_EDGE ( 'NONE', *, *, #1837, .F. ) ;
#1881 = VECTOR ( 'NONE', #5436, 1000.000000000000000 ) ;
#1882 = PLANE ( 'NONE',  #911 ) ;
#1883 = EDGE_CURVE ( 'NONE', #2729, #2341, #4557, .T. ) ;
#1884 = ADVANCED_FACE ( 'NONE', ( #3779 ), #6134, .F. ) ;
#1885 = CARTESIAN_POINT ( 'NONE',  ( 5.580000000000007200, 0.8250000000000021800, -3.939999999999988800 ) ) ;
#1886 = DIRECTION ( 'NONE',  ( 0.0000000000000000000, 0.0000000000000000000, 1.000000000000000000 ) ) ;
#1887 = LINE ( 'NONE', #485, #5551 ) ;
#1888 = CARTESIAN_POINT ( 'NONE',  ( 1.387779038000000200E-015, -3.030000000000046900, 0.0000000000000000000 ) ) ;
#1889 = CARTESIAN_POINT ( 'NONE',  ( -6.280000000000001100, -2.215000000000004700, 0.0000000000000000000 ) ) ;
#1890 = LINE ( 'NONE', #1629, #5809 ) ;
#1891 = EDGE_LOOP ( 'NONE', ( #4158, #4651, #2935, #6482 ) ) ;
#1892 = VECTOR ( 'NONE', #7032, 1000.000000000000100 ) ;
#1893 = EDGE_CURVE ( 'NONE', #1728, #1406, #2157, .T. ) ;
#1894 = EDGE_CURVE ( 'NONE', #5508, #5318, #5825, .T. ) ;
#1895 = CARTESIAN_POINT ( 'NONE',  ( 0.0000000000000000000, -2.920000000000029700, 0.5099999999999920200 ) ) ;
#1896 = CIRCLE ( 'NONE', #3640, 0.7041745638733795100 ) ;
#1897 = ORIENTED_EDGE ( 'NONE', *, *, #306, .T. ) ;
#1898 = VECTOR ( 'NONE', #683, 1000.000000000000000 ) ;
#1899 = ORIENTED_EDGE ( 'NONE', *, *, #1507, .T. ) ;
#1900 = DIRECTION ( 'NONE',  ( 0.0000000000000000000, -1.000000000000000000, -0.0000000000000000000 ) ) ;
#1901 = LINE ( 'NONE', #6402, #6830 ) ;
#1902 = ORIENTED_EDGE ( 'NONE', *, *, #3426, .T. ) ;
#1903 = VECTOR ( 'NONE', #4391, 1000.000000000000000 ) ;
#1904 = CARTESIAN_POINT ( 'NONE',  ( -1.194424616018019400, -3.430000000000047200, 0.1656854249492380700 ) ) ;
#1905 = ORIENTED_EDGE ( 'NONE', *, *, #2469, .F. ) ;
#1906 = CIRCLE ( 'NONE', #2374, 0.6099999999999976600 ) ;
#1907 = CARTESIAN_POINT ( 'NONE',  ( 6.350000000000000500, -3.429999999999996600, 0.5099999999999920200 ) ) ;
#1908 = ORIENTED_EDGE ( 'NONE', *, *, #1570, .F. ) ;
#1909 = ORIENTED_EDGE ( 'NONE', *, *, #6631, .T. ) ;
#1910 = ORIENTED_EDGE ( 'NONE', *, *, #1000, .F. ) ;
#1911 = DIRECTION ( 'NONE',  ( 0.0000000000000000000, 0.0000000000000000000, 1.000000000000000000 ) ) ;
#1912 = DIRECTION ( 'NONE',  ( 1.000000000000000000, 0.0000000000000000000, 0.0000000000000000000 ) ) ;
#1913 = EDGE_LOOP ( 'NONE', ( #4019, #2214, #5183 ) ) ;
#1914 = DIRECTION ( 'NONE',  ( 1.000000000000000000, -0.0000000000000000000, 0.0000000000000000000 ) ) ;
#1915 = VERTEX_POINT ( 'NONE', #6107 ) ;
#1916 = DIRECTION ( 'NONE',  ( -0.2439535461055913600, 1.563747865311469300E-015, 0.9697869185251505300 ) ) ;
#1917 = DIRECTION ( 'NONE',  ( -0.3774734178109849200, 0.0000000000000000000, -0.9260204203180908400 ) ) ;
#1918 = EDGE_LOOP ( 'NONE', ( #4295, #5596, #6513, #279 ) ) ;
#1919 = AXIS2_PLACEMENT_3D ( 'NONE', #3197, #2094, #2638 ) ;
#1920 = ORIENTED_EDGE ( 'NONE', *, *, #6392, .F. ) ;
#1921 = ADVANCED_FACE ( 'NONE', ( #371 ), #6699, .F. ) ;
#1922 = CARTESIAN_POINT ( 'NONE',  ( -3.155575383981961600, 3.429999999999958400, 0.4000000000000002400 ) ) ;
#1923 = EDGE_LOOP ( 'NONE', ( #2142, #3028, #6077, #4578 ) ) ;
#1924 = FACE_OUTER_BOUND ( 'NONE', #457, .T. ) ;
#1925 = ADVANCED_FACE ( 'NONE', ( #3432 ), #1807, .T. ) ;
#1926 = CARTESIAN_POINT ( 'NONE',  ( -5.300696118834317800, -1.257350442411902200, -0.9210623386218939100 ) ) ;
#1927 = DIRECTION ( 'NONE',  ( -0.0000000000000000000, 1.000000000000000000, -0.0000000000000000000 ) ) ;
#1928 = ORIENTED_EDGE ( 'NONE', *, *, #4732, .F. ) ;
#1929 = ORIENTED_EDGE ( 'NONE', *, *, #4082, .F. ) ;
#1930 = DIRECTION ( 'NONE',  ( 1.000000000000000000, 0.0000000000000000000, -0.0000000000000000000 ) ) ;
#1931 = AXIS2_PLACEMENT_3D ( 'NONE', #4471, #2286, #2789 ) ;
#1932 = LINE ( 'NONE', #6158, #4489 ) ;
#1933 = EDGE_CURVE ( 'NONE', #4726, #211, #4854, .T. ) ;
#1934 = ORIENTED_EDGE ( 'NONE', *, *, #5046, .F. ) ;
#1935 = VECTOR ( 'NONE', #4932, 1000.000000000000100 ) ;
#1936 = EDGE_CURVE ( 'NONE', #6780, #7072, #3084, .T. ) ;
#1937 = AXIS2_PLACEMENT_3D ( 'NONE', #1279, #1254, #2867 ) ;
#1938 = CARTESIAN_POINT ( 'NONE',  ( 1.387779038000000200E-015, 2.919999999999876900, 0.0000000000000000000 ) ) ;
#1939 = CARTESIAN_POINT ( 'NONE',  ( -4.750000000000000000, 2.669999999999988400, 8.890000000000002300 ) ) ;
#1940 = DIRECTION ( 'NONE',  ( 0.0000000000000000000, -0.0000000000000000000, 1.000000000000000000 ) ) ;
#1941 = FACE_OUTER_BOUND ( 'NONE', #4897, .T. ) ;
#1942 = CARTESIAN_POINT ( 'NONE',  ( 1.624345192960470200, -2.670000000000013700, 8.890000000000000600 ) ) ;
#1943 = DIRECTION ( 'NONE',  ( -0.7071067811865179300, 5.854691731421722700E-014, -0.7071067811865771000 ) ) ;
#1944 = CARTESIAN_POINT ( 'NONE',  ( 0.06245550429509160600, -3.380000000000043900, 4.580874884024059800 ) ) ;
#1945 = FACE_OUTER_BOUND ( 'NONE', #6599, .T. ) ;
#1946 = CARTESIAN_POINT ( 'NONE',  ( 1.624345192960470200, -2.670000000000013700, 8.890000000000000600 ) ) ;
#1947 = ORIENTED_EDGE ( 'NONE', *, *, #3821, .T. ) ;
#1948 = EDGE_LOOP ( 'NONE', ( #1643, #6502, #5122, #6793, #2149, #3953, #5174, #4820 ) ) ;
#1949 = CARTESIAN_POINT ( 'NONE',  ( 1.194424616017975400, -3.429999999999997100, 0.5099999999999920200 ) ) ;
#1950 = AXIS2_PLACEMENT_3D ( 'NONE', #4700, #5789, #2512 ) ;
#1951 = ORIENTED_EDGE ( 'NONE', *, *, #2980, .T. ) ;
#1952 = CARTESIAN_POINT ( 'NONE',  ( 8.330000000000005400, 1.930000000000001900, 8.890000000000000600 ) ) ;
#1953 = VERTEX_POINT ( 'NONE', #3349 ) ;
#1954 = DIRECTION ( 'NONE',  ( 0.0000000000000000000, -0.0000000000000000000, 1.000000000000000000 ) ) ;
#1955 = CYLINDRICAL_SURFACE ( 'NONE', #4675, 0.4000000000000001900 ) ;
#1956 = CARTESIAN_POINT ( 'NONE',  ( 3.910000000000007200, -1.049314575050752200, -0.9999999999999879000 ) ) ;
#1957 = DIRECTION ( 'NONE',  ( 0.0000000000000000000, -1.000000000000000000, 0.0000000000000000000 ) ) ;
#1958 = EDGE_LOOP ( 'NONE', ( #2498, #6349, #2413, #5715 ) ) ;
#1959 = LINE ( 'NONE', #4345, #1881 ) ;
#1960 = AXIS2_PLACEMENT_3D ( 'NONE', #3899, #2269, #3365 ) ;
#1961 = CARTESIAN_POINT ( 'NONE',  ( -5.260723307570478000, -1.333487006990673700, -0.8522048541031189700 ) ) ;
#1962 = EDGE_CURVE ( 'NONE', #5508, #1635, #715, .T. ) ;
#1963 = VECTOR ( 'NONE', #1362, 1000.000000000000000 ) ;
#1964 = ORIENTED_EDGE ( 'NONE', *, *, #5416, .T. ) ;
#1965 = LINE ( 'NONE', #2123, #4703 ) ;
#1966 = ORIENTED_EDGE ( 'NONE', *, *, #4411, .T. ) ;
#1967 = ORIENTED_EDGE ( 'NONE', *, *, #5233, .F. ) ;
#1968 = EDGE_CURVE ( 'NONE', #6374, #4041, #2585, .T. ) ;
#1969 = CARTESIAN_POINT ( 'NONE',  ( -0.6223504424119061800, -1.049314575050752200, -0.9583642496800578400 ) ) ;
#1970 = LINE ( 'NONE', #4687, #523 ) ;
#1971 = AXIS2_PLACEMENT_3D ( 'NONE', #5540, #1263, #1754 ) ;
#1972 = PRESENTATION_STYLE_ASSIGNMENT (( #6561 ) ) ;
#1973 = AXIS2_PLACEMENT_3D ( 'NONE', #5576, #6104, #686 ) ;
#1974 = ORIENTED_EDGE ( 'NONE', *, *, #3672, .T. ) ;
#1975 = EDGE_CURVE ( 'NONE', #3579, #4729, #2753, .T. ) ;
#1976 = VECTOR ( 'NONE', #3096, 1000.000000000000000 ) ;
#1977 = CARTESIAN_POINT ( 'NONE',  ( -4.750000000000000000, -2.920000000000021700, 0.5099999999999920200 ) ) ;
#1978 = PLANE ( 'NONE',  #3376 ) ;
#1979 = LINE ( 'NONE', #1412, #1639 ) ;
#1980 = ORIENTED_EDGE ( 'NONE', *, *, #5203, .F. ) ;
#1981 = COLOUR_RGB ( '',0.9058823529411764700, 0.9058823529411764700, 0.9058823529411764700 ) ;
#1982 = EDGE_LOOP ( 'NONE', ( #1417, #1057, #2625, #2313 ) ) ;
#1983 = ADVANCED_FACE ( 'NONE', ( #5076 ), #6847, .T. ) ;
#1984 = CARTESIAN_POINT ( 'NONE',  ( 9.530000000000004700, 0.6350000000000001200, -10.80000000000000600 ) ) ;
#1985 = EDGE_CURVE ( 'NONE', #756, #7061, #2671, .T. ) ;
#1986 = ORIENTED_EDGE ( 'NONE', *, *, #4761, .F. ) ;
#1987 = EDGE_LOOP ( 'NONE', ( #6419, #3959, #4783, #1036 ) ) ;
#1988 = EDGE_CURVE ( 'NONE', #4738, #5186, #954, .T. ) ;
#1989 = CARTESIAN_POINT ( 'NONE',  ( -3.820000000000010900, 0.8250000000000021800, -10.30000000000000100 ) ) ;
#1990 = CARTESIAN_POINT ( 'NONE',  ( -5.080000000000001000, 1.015000000000004100, 0.0000000000000000000 ) ) ;
#1991 = LINE ( 'NONE', #3276, #3252 ) ;
#1992 = DIRECTION ( 'NONE',  ( -0.5773502691896258400, -0.5773502691896258400, 0.5773502691896258400 ) ) ;
#1993 = CARTESIAN_POINT ( 'NONE',  ( 9.530000000000004700, 0.6350000000000001200, -7.750000000000014200 ) ) ;
#1994 = VECTOR ( 'NONE', #917, 1000.000000000000000 ) ;
#1995 = ORIENTED_EDGE ( 'NONE', *, *, #4545, .F. ) ;
#1996 = ORIENTED_EDGE ( 'NONE', *, *, #1427, .T. ) ;
#1997 = ORIENTED_EDGE ( 'NONE', *, *, #1075, .T. ) ;
#1998 = ORIENTED_EDGE ( 'NONE', *, *, #3482, .T. ) ;
#1999 = VERTEX_POINT ( 'NONE', #6835 ) ;
#2000 = DIRECTION ( 'NONE',  ( 1.000000000000000000, 0.0000000000000000000, -0.0000000000000000000 ) ) ;
#2001 = AXIS2_PLACEMENT_3D ( 'NONE', #482, #5931, #5880 ) ;
#2002 = CARTESIAN_POINT ( 'NONE',  ( -4.699999999999996600, 1.015000000000004100, -0.9999999999999879000 ) ) ;
#2003 = ORIENTED_EDGE ( 'NONE', *, *, #3186, .T. ) ;
#2004 = VERTEX_POINT ( 'NONE', #5806 ) ;
#2005 = ORIENTED_EDGE ( 'NONE', *, *, #5315, .F. ) ;
#2006 = VERTEX_POINT ( 'NONE', #1949 ) ;
#2007 = DIRECTION ( 'NONE',  ( 0.0000000000000000000, -0.0000000000000000000, 1.000000000000000000 ) ) ;
#2008 = CARTESIAN_POINT ( 'NONE',  ( 6.249999999999993800, -3.180000000000005500, 9.390000000000007700 ) ) ;
#2009 = CYLINDRICAL_SURFACE ( 'NONE', #386, 0.4000000000000004100 ) ;
#2010 =( BOUNDED_CURVE ( )  B_SPLINE_CURVE ( 3, ( #5846, #6982, #5280, #2578 ),
 .UNSPECIFIED., .F., .F. ) 
 B_SPLINE_CURVE_WITH_KNOTS ( ( 4, 4 ),
 ( 2.617993877991507300, 3.665191429188105100 ),
 .UNSPECIFIED. ) 
 CURVE ( )  GEOMETRIC_REPRESENTATION_ITEM ( )  RATIONAL_B_SPLINE_CURVE ( ( 1.000000000000000000, 0.9106836025229589900, 0.9106836025229589900, 1.000000000000000000 ) ) 
 REPRESENTATION_ITEM ( '' )  );
#2011 = EDGE_CURVE ( 'NONE', #1586, #6552, #540, .T. ) ;
#2012 = ORIENTED_EDGE ( 'NONE', *, *, #4082, .T. ) ;
#2013 = DIRECTION ( 'NONE',  ( 0.5773502691896258400, 0.5773502691896258400, 0.5773502691896258400 ) ) ;
#2014 = LINE ( 'NONE', #2601, #6097 ) ;
#2015 = ORIENTED_EDGE ( 'NONE', *, *, #3242, .T. ) ;
#2016 = DIRECTION ( 'NONE',  ( -0.5773502691896258400, 0.5773502691896254000, 0.5773502691896261800 ) ) ;
#2017 = EDGE_CURVE ( 'NONE', #6818, #1482, #4904, .T. ) ;
#2018 = ADVANCED_FACE ( 'NONE', ( #4474 ), #1430, .T. ) ;
#2019 = LINE ( 'NONE', #4681, #1505 ) ;
#2020 = CARTESIAN_POINT ( 'NONE',  ( -0.5224989434108217000, -1.049314575050752200, -0.9999999999999876800 ) ) ;
#2021 = DIRECTION ( 'NONE',  ( 1.000000000000000000, 0.0000000000000000000, -0.0000000000000000000 ) ) ;
#2022 = CARTESIAN_POINT ( 'NONE',  ( 1.580000000000006300, 2.111472381958995100, 5.421010862427522200E-017 ) ) ;
#2023 = VECTOR ( 'NONE', #2629, 1000.000000000000000 ) ;
#2024 = EDGE_CURVE ( 'NONE', #2920, #4970, #1821, .T. ) ;
#2025 = EDGE_CURVE ( 'NONE', #6955, #5169, #3253, .T. ) ;
#2026 = PRODUCT_DEFINITION ( 'UNKNOWN', '', #3386, #1347 ) ;
#2027 = SURFACE_SIDE_STYLE ('',( #6962 ) ) ;
#2028 = EDGE_LOOP ( 'NONE', ( #2593, #6854, #2162, #2570 ) ) ;
#2029 = VECTOR ( 'NONE', #3526, 1000.000000000000000 ) ;
#2030 = CARTESIAN_POINT ( 'NONE',  ( 1.496662996000000200E-009, -1.331956950000000100E-009, 0.5099999999999920200 ) ) ;
#2031 = CARTESIAN_POINT ( 'NONE',  ( 4.750000000000000000, -3.429999999999996600, 0.0000000000000000000 ) ) ;
#2032 = VERTEX_POINT ( 'NONE', #2992 ) ;
#2033 = FACE_OUTER_BOUND ( 'NONE', #5346, .T. ) ;
#2034 = DIRECTION ( 'NONE',  ( -0.2027126583464359000, 0.9792382642371165700, 0.0000000000000000000 ) ) ;
#2035 = DIRECTION ( 'NONE',  ( 0.0000000000000000000, 0.0000000000000000000, 1.000000000000000000 ) ) ;
#2036 = DIRECTION ( 'NONE',  ( -1.000000000000000000, -0.0000000000000000000, -0.0000000000000000000 ) ) ;
#2037 = CARTESIAN_POINT ( 'NONE',  ( 0.4904511396295240200, 1.333487006990677900, -0.8815067120431437900 ) ) ;
#2038 = ORIENTED_EDGE ( 'NONE', *, *, #4916, .T. ) ;
#2039 = ORIENTED_EDGE ( 'NONE', *, *, #2801, .T. ) ;
#2040 = FACE_BOUND ( 'NONE', #6166, .T. ) ;
#2041 = AXIS2_PLACEMENT_3D ( 'NONE', #2175, #5979, #3819 ) ;
#2042 = VECTOR ( 'NONE', #4634, 1000.000000000000000 ) ;
#2043 = ADVANCED_FACE ( 'NONE', ( #4379 ), #4171, .T. ) ;
#2044 = PLANE ( 'NONE',  #4027 ) ;
#2045 = EDGE_LOOP ( 'NONE', ( #4209, #5673, #1221, #544 ) ) ;
#2046 = DIRECTION ( 'NONE',  ( 1.000000000000000000, 0.0000000000000000000, 0.0000000000000000000 ) ) ;
#2047 = VECTOR ( 'NONE', #5172, 1000.000000000000000 ) ;
#2048 = ADVANCED_FACE ( 'NONE', ( #4211 ), #2476, .T. ) ;
#2049 = DIRECTION ( 'NONE',  ( 0.5773502691896258400, 0.5773502691896258400, 0.5773502691896258400 ) ) ;
#2050 = LINE ( 'NONE', #2720, #2401 ) ;
#2051 = DIRECTION ( 'NONE',  ( 0.0000000000000000000, 0.0000000000000000000, 1.000000000000000000 ) ) ;
#2052 = ORIENTED_EDGE ( 'NONE', *, *, #48, .T. ) ;
#2053 = AXIS2_PLACEMENT_3D ( 'NONE', #3127, #6359, #6338 ) ;
#2054 = VECTOR ( 'NONE', #4487, 1000.000000000000000 ) ;
#2055 = DIRECTION ( 'NONE',  ( -0.9792382642371221200, 0.2027126583464100000, 0.0000000000000000000 ) ) ;
#2056 = VERTEX_POINT ( 'NONE', #1475 ) ;
#2057 = EDGE_CURVE ( 'NONE', #1146, #1407, #6931, .T. ) ;
#2058 = VECTOR ( 'NONE', #4617, 1000.000000000000000 ) ;
#2059 = VERTEX_POINT ( 'NONE', #5295 ) ;
#2060 = VECTOR ( 'NONE', #5694, 1000.000000000000000 ) ;
#2061 = ORIENTED_EDGE ( 'NONE', *, *, #2854, .T. ) ;
#2062 = CARTESIAN_POINT ( 'NONE',  ( 6.280000000000001100, -1.458902086000000400E-014, 0.0000000000000000000 ) ) ;
#2063 = VECTOR ( 'NONE', #1226, 1000.000000000000000 ) ;
#2064 = EDGE_CURVE ( 'NONE', #1064, #855, #32, .T. ) ;
#2065 = CARTESIAN_POINT ( 'NONE',  ( 1.437428448867019900, -3.430000000000021900, 5.322201937963125600 ) ) ;
#2066 = CARTESIAN_POINT ( 'NONE',  ( 6.249999999999994700, -1.930000000000001700, 8.890000000000000600 ) ) ;
#2067 = ORIENTED_EDGE ( 'NONE', *, *, #67, .F. ) ;
#2068 = AXIS2_PLACEMENT_3D ( 'NONE', #1516, #2630, #6448 ) ;
#2069 = AXIS2_PLACEMENT_3D ( 'NONE', #2450, #1876, #5247 ) ;
#2070 = LINE ( 'NONE', #2784, #4724 ) ;
#2071 = FACE_OUTER_BOUND ( 'NONE', #73, .T. ) ;
#2072 = EDGE_LOOP ( 'NONE', ( #3131, #2519, #3354, #882, #3397, #2138, #1758, #6927, #5971, #955, #1356, #6054, #3705, #7029, #4482, #3623, #1571, #1665 ) ) ;
#2073 = DIRECTION ( 'NONE',  ( -1.000000000000000000, -0.0000000000000000000, -0.0000000000000000000 ) ) ;
#2074 = ORIENTED_EDGE ( 'NONE', *, *, #6635, .F. ) ;
#2075 = VERTEX_POINT ( 'NONE', #874 ) ;
#2076 = VERTEX_POINT ( 'NONE', #4134 ) ;
#2077 = CARTESIAN_POINT ( 'NONE',  ( -1.876531452843979600, -2.096676760565612300E-012, 23.14448638172972000 ) ) ;
#2078 = DIRECTION ( 'NONE',  ( 0.0000000000000000000, 0.0000000000000000000, 1.000000000000000000 ) ) ;
#2079 = CARTESIAN_POINT ( 'NONE',  ( 3.119999999999991700, -1.332157287525385500, -0.8828427124746205400 ) ) ;
#2080 = ORIENTED_EDGE ( 'NONE', *, *, #2926, .T. ) ;
#2081 = EDGE_CURVE ( 'NONE', #6337, #5043, #2924, .T. ) ;
#2082 = ORIENTED_EDGE ( 'NONE', *, *, #5399, .T. ) ;
#2083 = VERTEX_POINT ( 'NONE', #2505 ) ;
#2084 = ORIENTED_EDGE ( 'NONE', *, *, #6444, .F. ) ;
#2085 = ADVANCED_FACE ( 'NONE', ( #116, #4293 ), #2565, .T. ) ;
#2086 = CARTESIAN_POINT ( 'NONE',  ( 1.437428448867020100, -3.430000000000021900, 5.322201937963177100 ) ) ;
#2087 = ORIENTED_EDGE ( 'NONE', *, *, #3113, .F. ) ;
#2088 = LINE ( 'NONE', #5477, #4483 ) ;
#2089 = DIRECTION ( 'NONE',  ( 0.0000000000000000000, 0.0000000000000000000, 1.000000000000000000 ) ) ;
#2090 = DIRECTION ( 'NONE',  ( 0.0000000000000000000, 0.0000000000000000000, 1.000000000000000000 ) ) ;
#2091 = ORIENTED_EDGE ( 'NONE', *, *, #4089, .F. ) ;
#2092 = DIRECTION ( 'NONE',  ( 0.0000000000000000000, 0.0000000000000000000, 1.000000000000000000 ) ) ;
#2093 = VECTOR ( 'NONE', #2379, 1000.000000000000000 ) ;
#2094 = DIRECTION ( 'NONE',  ( -0.0000000000000000000, -1.000000000000000000, -0.0000000000000000000 ) ) ;
#2095 = CARTESIAN_POINT ( 'NONE',  ( 1.730704481253710900, -3.430000000000021900, 6.130874884024108500 ) ) ;
#2096 = DIRECTION ( 'NONE',  ( -0.9792382642371266800, 0.2027126583463879100, 0.0000000000000000000 ) ) ;
#2097 = AXIS2_PLACEMENT_3D ( 'NONE', #999, #3204, #3728 ) ;
#2098 = AXIS2_PLACEMENT_3D ( 'NONE', #4351, #4882, #5958 ) ;
#2099 = FACE_OUTER_BOUND ( 'NONE', #5772, .T. ) ;
#2100 = EDGE_CURVE ( 'NONE', #2341, #868, #709, .T. ) ;
#2101 = EDGE_LOOP ( 'NONE', ( #4135, #6996, #2121, #3245 ) ) ;
#2102 = CARTESIAN_POINT ( 'NONE',  ( 0.0000000000000000000, 2.920000000000004400, 0.5099999999999920200 ) ) ;
#2103 = EDGE_CURVE ( 'NONE', #3871, #1407, #1219, .T. ) ;
#2104 = LINE ( 'NONE', #13, #910 ) ;
#2105 = DIRECTION ( 'NONE',  ( 1.000000000000000000, 0.0000000000000000000, 0.0000000000000000000 ) ) ;
#2106 = AXIS2_PLACEMENT_3D ( 'NONE', #1784, #649, #4465 ) ;
#2107 = AXIS2_PLACEMENT_3D ( 'NONE', #224, #4526, #1214 ) ;
#2108 = EDGE_CURVE ( 'NONE', #1554, #2076, #6673, .T. ) ;
#2109 = VECTOR ( 'NONE', #6999, 1000.000000000000000 ) ;
#2110 = CARTESIAN_POINT ( 'NONE',  ( -5.997157287525374700, 2.215000000000004300, -1.084202172485504400E-016 ) ) ;
#2111 = PLANE ( 'NONE',  #107 ) ;
#2112 = EDGE_CURVE ( 'NONE', #3535, #1687, #5891, .T. ) ;
#2113 = ORIENTED_EDGE ( 'NONE', *, *, #3297, .F. ) ;
#2114 = ADVANCED_FACE ( 'NONE', ( #6327 ), #5926, .T. ) ;
#2115 = CARTESIAN_POINT ( 'NONE',  ( -6.350000000000000500, 3.429999999999962900, 8.380000000000009700 ) ) ;
#2116 = LINE ( 'NONE', #5197, #3563 ) ;
#2117 = CARTESIAN_POINT ( 'NONE',  ( -3.820000000000010900, 0.6350000000000001200, -10.80000000000000800 ) ) ;
#2118 = EDGE_CURVE ( 'NONE', #3604, #553, #4639, .T. ) ;
#2119 = DIRECTION ( 'NONE',  ( 1.000000000000000000, 0.0000000000000000000, -0.0000000000000000000 ) ) ;
#2120 = VERTEX_POINT ( 'NONE', #355 ) ;
#2121 = ORIENTED_EDGE ( 'NONE', *, *, #657, .F. ) ;
#2122 = VECTOR ( 'NONE', #5066, 1000.000000000000000 ) ;
#2123 = CARTESIAN_POINT ( 'NONE',  ( -5.080000000000001000, 0.6350000000000001200, 0.0000000000000000000 ) ) ;
#2124 = CARTESIAN_POINT ( 'NONE',  ( 9.530000000000004700, 0.6350000000000001200, -3.180000000000005500 ) ) ;
#2125 = AXIS2_PLACEMENT_3D ( 'NONE', #3808, #1089, #4334 ) ;
#2126 = DIRECTION ( 'NONE',  ( 0.0000000000000000000, -0.0000000000000000000, -1.000000000000000000 ) ) ;
#2127 = EDGE_LOOP ( 'NONE', ( #1159, #2532, #3130, #69 ) ) ;
#2128 = LINE ( 'NONE', #3177, #685 ) ;
#2129 = ADVANCED_FACE ( 'NONE', ( #5736 ), #826, .T. ) ;
#2130 = LINE ( 'NONE', #4250, #2301 ) ;
#2131 = VECTOR ( 'NONE', #3996, 1000.000000000000000 ) ;
#2132 = ORIENTED_EDGE ( 'NONE', *, *, #1008, .F. ) ;
#2133 = LINE ( 'NONE', #3477, #2047 ) ;
#2134 = ORIENTED_EDGE ( 'NONE', *, *, #1709, .T. ) ;
#2135 = CARTESIAN_POINT ( 'NONE',  ( -2.864554677647106500, 2.024174563873459000, 0.6999999999999940700 ) ) ;
#2136 = CARTESIAN_POINT ( 'NONE',  ( -0.4143145750507522500, 1.107499999999989700, -0.9999999999999879000 ) ) ;
#2137 = VECTOR ( 'NONE', #2467, 1000.000000000000000 ) ;
#2138 = ORIENTED_EDGE ( 'NONE', *, *, #2481, .T. ) ;
#2139 = DIRECTION ( 'NONE',  ( -1.000000000000000000, -0.0000000000000000000, -0.0000000000000000000 ) ) ;
#2140 = DIRECTION ( 'NONE',  ( -0.0000000000000000000, 1.000000000000000000, -0.0000000000000000000 ) ) ;
#2141 = VECTOR ( 'NONE', #3876, 1000.000000000000000 ) ;
#2142 = ORIENTED_EDGE ( 'NONE', *, *, #429, .T. ) ;
#2143 = FACE_OUTER_BOUND ( 'NONE', #1715, .T. ) ;
#2144 = DIRECTION ( 'NONE',  ( 1.000000000000000000, 0.0000000000000000000, 0.0000000000000000000 ) ) ;
#2145 = ORIENTED_EDGE ( 'NONE', *, *, #2011, .T. ) ;
#2146 = ORIENTED_EDGE ( 'NONE', *, *, #2947, .F. ) ;
#2147 = CARTESIAN_POINT ( 'NONE',  ( -6.280000000000000200, -1.932157287525378300, -1.355252715606880500E-016 ) ) ;
#2148 = FACE_OUTER_BOUND ( 'NONE', #705, .T. ) ;
#2149 = ORIENTED_EDGE ( 'NONE', *, *, #1794, .F. ) ;
#2150 = AXIS2_PLACEMENT_3D ( 'NONE', #5278, #5258, #3112 ) ;
#2151 = CYLINDRICAL_SURFACE ( 'NONE', #6379, 0.4000000000000003000 ) ;
#2152 = ORIENTED_EDGE ( 'NONE', *, *, #511, .T. ) ;
#2153 = EDGE_CURVE ( 'NONE', #3053, #6317, #3600, .T. ) ;
#2154 = ADVANCED_FACE ( 'NONE', ( #2237 ), #3144, .T. ) ;
#2155 = LINE ( 'NONE', #2280, #4555 ) ;
#2156 = PLANE ( 'NONE',  #875 ) ;
#2157 = LINE ( 'NONE', #2362, #4048 ) ;
#2158 = ORIENTED_EDGE ( 'NONE', *, *, #5938, .F. ) ;
#2159 = DIRECTION ( 'NONE',  ( 1.000000000000000000, 0.0000000000000000000, 0.0000000000000000000 ) ) ;
#2160 = EDGE_LOOP ( 'NONE', ( #2700, #6220, #5181, #4987 ) ) ;
#2161 = EDGE_CURVE ( 'NONE', #2676, #4992, #1906, .T. ) ;
#2162 = ORIENTED_EDGE ( 'NONE', *, *, #4586, .F. ) ;
#2163 = ORIENTED_EDGE ( 'NONE', *, *, #5768, .F. ) ;
#2164 = ORIENTED_EDGE ( 'NONE', *, *, #2733, .F. ) ;
#2165 = ORIENTED_EDGE ( 'NONE', *, *, #621, .T. ) ;
#2166 = PLANE ( 'NONE',  #5568 ) ;
#2167 = DIRECTION ( 'NONE',  ( 0.0000000000000000000, 0.0000000000000000000, -1.000000000000000000 ) ) ;
#2168 = ORIENTED_EDGE ( 'NONE', *, *, #6908, .F. ) ;
#2169 = DIRECTION ( 'NONE',  ( 0.0000000000000000000, -0.0000000000000000000, -1.000000000000000000 ) ) ;
#2170 = CARTESIAN_POINT ( 'NONE',  ( 1.496662996000000200E-009, -1.331956950000000100E-009, 0.5099999999999920200 ) ) ;
#2171 = ORIENTED_EDGE ( 'NONE', *, *, #2892, .F. ) ;
#2172 = VERTEX_POINT ( 'NONE', #4282 ) ;
#2173 = ORIENTED_EDGE ( 'NONE', *, *, #6363, .F. ) ;
#2174 = ADVANCED_FACE ( 'NONE', ( #3074 ), #1539, .T. ) ;
#2175 = CARTESIAN_POINT ( 'NONE',  ( 3.119999999999991700, -2.215000000000004700, 0.0000000000000000000 ) ) ;
#2176 = CYLINDRICAL_SURFACE ( 'NONE', #3661, 0.4000000000000003000 ) ;
#2177 = CARTESIAN_POINT ( 'NONE',  ( 5.080000000000001000, 0.6350000000000001200, -3.180000000000005500 ) ) ;
#2178 = ORIENTED_EDGE ( 'NONE', *, *, #1598, .T. ) ;
#2179 = CARTESIAN_POINT ( 'NONE',  ( 1.254859635936541800, -3.430000000000021900, 4.963528991902223600 ) ) ;
#2180 = AXIS2_PLACEMENT_3D ( 'NONE', #4420, #630, #1195 ) ;
#2181 = VECTOR ( 'NONE', #633, 1000.000000000000000 ) ;
#2182 = CARTESIAN_POINT ( 'NONE',  ( -1.485445322352689800, -2.024174563873306200, 0.6999999999999940700 ) ) ;
#2183 = CARTESIAN_POINT ( 'NONE',  ( 6.350000000000000500, -2.670000000000013700, 8.380000000000009700 ) ) ;
#2184 = CARTESIAN_POINT ( 'NONE',  ( -4.750000000000000000, 3.387704674639915300, 8.380000000000009700 ) ) ;
#2185 = PLANE ( 'NONE',  #2866 ) ;
#2186 = CARTESIAN_POINT ( 'NONE',  ( 4.319999999999992300, 1.015000000000004100, 0.0000000000000000000 ) ) ;
#2187 = AXIS2_PLACEMENT_3D ( 'NONE', #6992, #5376, #488 ) ;
#2188 = DIRECTION ( 'NONE',  ( 0.2027126583463900200, 0.9792382642371261200, -0.0000000000000000000 ) ) ;
#2189 = EDGE_CURVE ( 'NONE', #5159, #4383, #294, .T. ) ;
#2190 = FACE_OUTER_BOUND ( 'NONE', #542, .T. ) ;
#2191 = DIRECTION ( 'NONE',  ( -0.0000000000000000000, 0.0000000000000000000, 1.000000000000000000 ) ) ;
#2192 = DIRECTION ( 'NONE',  ( 1.000000000000000000, 0.0000000000000000000, 0.0000000000000000000 ) ) ;
#2193 = ORIENTED_EDGE ( 'NONE', *, *, #2108, .T. ) ;
#2194 = AXIS2_PLACEMENT_3D ( 'NONE', #5737, #3489, #6834 ) ;
#2195 = EDGE_CURVE ( 'NONE', #579, #3698, #4549, .T. ) ;
#2196 = CARTESIAN_POINT ( 'NONE',  ( -5.080000000000001000, -1.015000000000004100, -1.549999999999997800 ) ) ;
#2197 = ADVANCED_FACE ( 'NONE', ( #1394 ), #3339, .T. ) ;
#2198 = CARTESIAN_POINT ( 'NONE',  ( 0.6223504424119064000, -1.157498943410821400, -0.9583642496800578400 ) ) ;
#2199 = EDGE_LOOP ( 'NONE', ( #811, #5080, #2005 ) ) ;
#2200 = DIRECTION ( 'NONE',  ( -0.7071067811865476800, 0.0000000000000000000, -0.7071067811865473500 ) ) ;
#2201 = ORIENTED_EDGE ( 'NONE', *, *, #5793, .T. ) ;
#2202 = FACE_OUTER_BOUND ( 'NONE', #1667, .T. ) ;
#2203 = EDGE_CURVE ( 'NONE', #1136, #6500, #4467, .T. ) ;
#2204 = CARTESIAN_POINT ( 'NONE',  ( -6.280000000000001100, -1.458902086000000400E-014, 0.0000000000000000000 ) ) ;
#2205 = DIRECTION ( 'NONE',  ( -1.000000000000000000, -0.0000000000000000000, 0.0000000000000000000 ) ) ;
#2206 = EDGE_CURVE ( 'NONE', #2223, #1632, #5980, .T. ) ;
#2207 = VERTEX_POINT ( 'NONE', #5502 ) ;
#2208 = CARTESIAN_POINT ( 'NONE',  ( 1.620861809825300500, -3.430000000000015700, 5.772201937963148800 ) ) ;
#2209 = FACE_OUTER_BOUND ( 'NONE', #1060, .T. ) ;
#2210 = CARTESIAN_POINT ( 'NONE',  ( 3.049999999999992300, 2.919999999999987100, 0.6999999999999940700 ) ) ;
#2211 = CARTESIAN_POINT ( 'NONE',  ( 6.249999999999994700, -1.930000000000001700, 8.890000000000000600 ) ) ;
#2212 = LINE ( 'NONE', #361, #1364 ) ;
#2213 = CARTESIAN_POINT ( 'NONE',  ( -4.285685424949245500, -1.157498943410821400, -0.9999999999999877900 ) ) ;
#2214 = ORIENTED_EDGE ( 'NONE', *, *, #3685, .F. ) ;
#2215 = DIRECTION ( 'NONE',  ( -0.0000000000000000000, 0.0000000000000000000, 1.000000000000000000 ) ) ;
#2216 = FACE_BOUND ( 'NONE', #2295, .T. ) ;
#2217 = DIRECTION ( 'NONE',  ( 1.000000000000000000, 0.0000000000000000000, -0.0000000000000000000 ) ) ;
#2218 = AXIS2_PLACEMENT_3D ( 'NONE', #1691, #1095, #3250 ) ;
#2219 = LINE ( 'NONE', #127, #780 ) ;
#2220 = ORIENTED_EDGE ( 'NONE', *, *, #6277, .T. ) ;
#2221 = FACE_BOUND ( 'NONE', #1059, .T. ) ;
#2222 = CARTESIAN_POINT ( 'NONE',  ( 0.6984870069906782300, -1.157498943410821400, -0.8815067120431439000 ) ) ;
#2223 = VERTEX_POINT ( 'NONE', #3291 ) ;
#2224 = VECTOR ( 'NONE', #4787, 1000.000000000000000 ) ;
#2225 = ORIENTED_EDGE ( 'NONE', *, *, #1164, .F. ) ;
#2226 = CYLINDRICAL_SURFACE ( 'NONE', #6475, 0.7041745638733795100 ) ;
#2227 = STYLED_ITEM ( 'NONE', ( #1972 ), #1489 ) ;
#2228 = ORIENTED_EDGE ( 'NONE', *, *, #3347, .F. ) ;
#2229 = B_SPLINE_CURVE_WITH_KNOTS ( 'NONE', 3,
 ( #3161, #4272, #998, #3070 ),
 .UNSPECIFIED., .F., .F.,
 ( 4, 4 ),
 ( 1.591703321740662900E-016, 0.0009953460524113411400 ),
 .UNSPECIFIED. ) ;
#2230 = CARTESIAN_POINT ( 'NONE',  ( 4.750000000000000000, 3.429999999999958400, 8.129999999999993700 ) ) ;
#2231 = EDGE_CURVE ( 'NONE', #3679, #6975, #1640, .T. ) ;
#2232 = CARTESIAN_POINT ( 'NONE',  ( -3.155575383981969600, 3.429999999999996200, 0.1656854249492385700 ) ) ;
#2233 = CARTESIAN_POINT ( 'NONE',  ( -0.7607081337491428100, -3.380000000000043900, 6.097201937963201400 ) ) ;
#2234 = EDGE_LOOP ( 'NONE', ( #88, #1522, #5742, #4204, #2497, #4934, #313, #5573, #6864, #5078, #5331, #390, #959 ) ) ;
#2235 = CARTESIAN_POINT ( 'NONE',  ( -4.319999999999992300, -0.6350000000000001200, -10.30000000000000100 ) ) ;
#2236 = CIRCLE ( 'NONE', #4192, 1.259999999999990200 ) ;
#2237 = FACE_OUTER_BOUND ( 'NONE', #3512, .T. ) ;
#2238 = ORIENTED_EDGE ( 'NONE', *, *, #5864, .F. ) ;
#2239 = ADVANCED_FACE ( 'NONE', ( #2071 ), #569, .T. ) ;
#2240 = EDGE_CURVE ( 'NONE', #4496, #2941, #3004, .T. ) ;
#2241 = VERTEX_POINT ( 'NONE', #3311 ) ;
#2242 = CARTESIAN_POINT ( 'NONE',  ( -4.177501056589175500, -1.157498943410821400, -0.9999999999999879000 ) ) ;
#2243 = AXIS2_PLACEMENT_3D ( 'NONE', #5787, #2096, #4155 ) ;
#2244 = DIRECTION ( 'NONE',  ( -0.0000000000000000000, -0.0000000000000000000, -1.000000000000000000 ) ) ;
#2245 = DIRECTION ( 'NONE',  ( -0.0000000000000000000, -1.000000000000000000, 0.0000000000000000000 ) ) ;
#2246 = VERTEX_POINT ( 'NONE', #6598 ) ;
#2247 = EDGE_CURVE ( 'NONE', #921, #6062, #4717, .T. ) ;
#2248 = DIRECTION ( 'NONE',  ( -0.9792382642370697200, -0.2027126583466629400, 0.0000000000000000000 ) ) ;
#2249 = VERTEX_POINT ( 'NONE', #6497 ) ;
#2250 = ORIENTED_EDGE ( 'NONE', *, *, #3892, .F. ) ;
#2251 = ORIENTED_EDGE ( 'NONE', *, *, #3417, .F. ) ;
#2252 = DIRECTION ( 'NONE',  ( 0.0000000000000000000, 0.0000000000000000000, -1.000000000000000000 ) ) ;
#2253 = DIRECTION ( 'NONE',  ( 0.0000000000000000000, -0.0000000000000000000, -1.000000000000000000 ) ) ;
#2254 = EDGE_CURVE ( 'NONE', #3690, #4778, #6501, .T. ) ;
#2255 = EDGE_CURVE ( 'NONE', #5454, #5175, #869, .T. ) ;
#2256 = ORIENTED_EDGE ( 'NONE', *, *, #5691, .F. ) ;
#2257 = FACE_OUTER_BOUND ( 'NONE', #5669, .T. ) ;
#2258 = ORIENTED_EDGE ( 'NONE', *, *, #2702, .F. ) ;
#2259 = ORIENTED_EDGE ( 'NONE', *, *, #2488, .T. ) ;
#2260 = PLANE ( 'NONE',  #1749 ) ;
#2261 = DIRECTION ( 'NONE',  ( 0.0000000000000000000, 0.0000000000000000000, 1.000000000000000000 ) ) ;
#2262 = ORIENTED_EDGE ( 'NONE', *, *, #1411, .F. ) ;
#2263 = DIRECTION ( 'NONE',  ( 0.2027126583467714900, -0.9792382642370473000, 0.0000000000000000000 ) ) ;
#2264 = LINE ( 'NONE', #220, #3890 ) ;
#2265 = DIRECTION ( 'NONE',  ( 0.0000000000000000000, 0.0000000000000000000, 1.000000000000000000 ) ) ;
#2266 = PLANE ( 'NONE',  #3709 ) ;
#2267 = ORIENTED_EDGE ( 'NONE', *, *, #5160, .F. ) ;
#2268 = CYLINDRICAL_SURFACE ( 'NONE', #2960, 0.6099999999999976600 ) ;
#2269 = DIRECTION ( 'NONE',  ( -0.0000000000000000000, 1.000000000000000000, -0.0000000000000000000 ) ) ;
#2270 = DIRECTION ( 'NONE',  ( -1.000000000000000000, 0.0000000000000000000, 0.0000000000000000000 ) ) ;
#2271 = ORIENTED_EDGE ( 'NONE', *, *, #5098, .F. ) ;
#2272 = ADVANCED_FACE ( 'NONE', ( #6070 ), #3883, .T. ) ;
#2273 = CARTESIAN_POINT ( 'NONE',  ( 0.5224989434108215900, -1.049314575050752200, -0.9999999999999879000 ) ) ;
#2274 = LINE ( 'NONE', #3681, #6454 ) ;
#2275 = CARTESIAN_POINT ( 'NONE',  ( -4.319999999999992300, 1.015000000000004100, 0.0000000000000000000 ) ) ;
#2276 = CARTESIAN_POINT ( 'NONE',  ( -1.580000000000004700, -1.458902086000000400E-014, 0.0000000000000000000 ) ) ;
#2277 = CARTESIAN_POINT ( 'NONE',  ( -3.820000000000010900, -0.1900000000000020300, -10.30000000000000100 ) ) ;
#2278 = DIRECTION ( 'NONE',  ( -0.2027126583464099700, 0.9792382642371220100, 0.0000000000000000000 ) ) ;
#2279 = CARTESIAN_POINT ( 'NONE',  ( 4.285685424949245500, 1.257350442411906000, -0.9583642496800577300 ) ) ;
#2280 = CARTESIAN_POINT ( 'NONE',  ( 4.749999999999975100, -1.458902086000000400E-014, 0.0000000000000000000 ) ) ;
#2281 = CARTESIAN_POINT ( 'NONE',  ( 1.620861809825294900, -3.429999999999996600, 5.772201937963130200 ) ) ;
#2282 = AXIS2_PLACEMENT_3D ( 'NONE', #839, #6845, #3574 ) ;
#2283 = CARTESIAN_POINT ( 'NONE',  ( 1.300000000000007100, -2.920000000000004400, 0.0000000000000000000 ) ) ;
#2284 = EDGE_CURVE ( 'NONE', #6747, #1135, #3423, .T. ) ;
#2285 = ORIENTED_EDGE ( 'NONE', *, *, #2581, .F. ) ;
#2286 = DIRECTION ( 'NONE',  ( 0.0000000000000000000, 0.0000000000000000000, 1.000000000000000000 ) ) ;
#2287 = CARTESIAN_POINT ( 'NONE',  ( 2.100000000000006300, 2.801970520000000400E-015, 14.67999999999998200 ) ) ;
#2288 = CARTESIAN_POINT ( 'NONE',  ( -5.114314575050773500, 1.049314575050752200, -0.5999999999999875400 ) ) ;
#2289 = ORIENTED_EDGE ( 'NONE', *, *, #5056, .T. ) ;
#2290 = DIRECTION ( 'NONE',  ( 0.2027126583464359000, -0.9792382642371165700, -0.0000000000000000000 ) ) ;
#2291 = EDGE_CURVE ( 'NONE', #6552, #4105, #1727, .T. ) ;
#2292 = EDGE_LOOP ( 'NONE', ( #3422, #2091, #1739, #4719 ) ) ;
#2293 = LINE ( 'NONE', #4532, #2472 ) ;
#2294 = DIRECTION ( 'NONE',  ( 1.000000000000000000, 0.0000000000000000000, -0.0000000000000000000 ) ) ;
#2295 = EDGE_LOOP ( 'NONE', ( #4427, #938, #6163, #3021, #2982, #5478, #3989, #606 ) ) ;
#2296 = LINE ( 'NONE', #2510, #4871 ) ;
#2297 = CARTESIAN_POINT ( 'NONE',  ( 2.100000000000006300, 2.801970520000000400E-015, 14.67999999999998000 ) ) ;
#2298 = CARTESIAN_POINT ( 'NONE',  ( -1.913550234901457300, -1.077771156811562600E-012, 23.13627951533002000 ) ) ;
#2299 = CARTESIAN_POINT ( 'NONE',  ( 1.886685657014992600, -3.430000000000021900, 6.513528991902220800 ) ) ;
#2300 = CARTESIAN_POINT ( 'NONE',  ( 0.3800000000000040600, 0.6350000000000001200, -6.490000000000000200 ) ) ;
#2301 = VECTOR ( 'NONE', #5334, 1000.000000000000000 ) ;
#2302 = VECTOR ( 'NONE', #5842, 1000.000000000000000 ) ;
#2303 = ORIENTED_EDGE ( 'NONE', *, *, #3109, .F. ) ;
#2304 = VECTOR ( 'NONE', #6412, 1000.000000000000000 ) ;
#2305 = CARTESIAN_POINT ( 'NONE',  ( -5.397157287525381300, 2.215000000000004700, -0.8828427124746205400 ) ) ;
#2306 = ORIENTED_EDGE ( 'NONE', *, *, #2710, .F. ) ;
#2307 = ADVANCED_FACE ( 'NONE', ( #3163 ), #2151, .T. ) ;
#2308 = LINE ( 'NONE', #1668, #4456 ) ;
#2309 = ORIENTED_EDGE ( 'NONE', *, *, #5987, .T. ) ;
#2310 = DIRECTION ( 'NONE',  ( 0.9762960071199337000, 0.0000000000000000000, 0.2164396139381008800 ) ) ;
#2311 = CARTESIAN_POINT ( 'NONE',  ( -0.4143145750507522500, -1.049314575050752200, -0.9999999999999879000 ) ) ;
#2312 = VECTOR ( 'NONE', #3408, 1000.000000000000000 ) ;
#2313 = ORIENTED_EDGE ( 'NONE', *, *, #1472, .F. ) ;
#2314 = CIRCLE ( 'NONE', #366, 0.2499999999999906700 ) ;
#2315 = DIRECTION ( 'NONE',  ( 0.0000000000000000000, 0.0000000000000000000, 1.000000000000000000 ) ) ;
#2316 = CARTESIAN_POINT ( 'NONE',  ( 6.000000000000003600, 3.429999999999996600, 8.890000000000000600 ) ) ;
#2317 = LINE ( 'NONE', #1074, #6760 ) ;
#2318 = LINE ( 'NONE', #664, #5068 ) ;
#2319 = VERTEX_POINT ( 'NONE', #5030 ) ;
#2320 = CARTESIAN_POINT ( 'NONE',  ( 3.030121042830554100, -0.6350000000000001200, -7.749999999999988500 ) ) ;
#2321 = SURFACE_STYLE_USAGE ( .BOTH. , #5598 ) ;
#2322 = ORIENTED_EDGE ( 'NONE', *, *, #387, .F. ) ;
#2323 = AXIS2_PLACEMENT_3D ( 'NONE', #3440, #2852, #5109 ) ;
#2324 = FACE_OUTER_BOUND ( 'NONE', #1521, .T. ) ;
#2325 = CARTESIAN_POINT ( 'NONE',  ( 2.100000000000006300, 4.200000000000017100, 14.67999999999998000 ) ) ;
#2326 = AXIS2_PLACEMENT_3D ( 'NONE', #5708, #5206, #239 ) ;
#2327 = VECTOR ( 'NONE', #4431, 1000.000000000000000 ) ;
#2328 = DIRECTION ( 'NONE',  ( -0.0000000000000000000, -1.000000000000000000, -0.0000000000000000000 ) ) ;
#2329 = ORIENTED_EDGE ( 'NONE', *, *, #3325, .F. ) ;
#2330 = EDGE_CURVE ( 'NONE', #401, #5252, #1813, .T. ) ;
#2331 = DIRECTION ( 'NONE',  ( 1.000000000000000000, 0.0000000000000000000, 0.0000000000000000000 ) ) ;
#2332 = DIRECTION ( 'NONE',  ( 0.0000000000000000000, 1.000000000000000000, 0.0000000000000000000 ) ) ;
#2333 = ORIENTED_EDGE ( 'NONE', *, *, #1016, .T. ) ;
#2334 = ORIENTED_EDGE ( 'NONE', *, *, #2330, .F. ) ;
#2335 = DIRECTION ( 'NONE',  ( 0.2027126583464099700, -0.9792382642371220100, -0.0000000000000000000 ) ) ;
#2336 = EDGE_LOOP ( 'NONE', ( #6320, #2238, #312, #6905, #5766, #5975, #1823, #6590, #6618, #3457, #5282, #6498, #783 ) ) ;
#2337 = ORIENTED_EDGE ( 'NONE', *, *, #6990, .F. ) ;
#2338 = ORIENTED_EDGE ( 'NONE', *, *, #3992, .F. ) ;
#2339 = EDGE_CURVE ( 'NONE', #6862, #966, #2318, .T. ) ;
#2340 = PLANE ( 'NONE',  #149 ) ;
#2341 = VERTEX_POINT ( 'NONE', #1267 ) ;
#2342 = AXIS2_PLACEMENT_3D ( 'NONE', #7005, #2686, #519 ) ;
#2343 = FACE_OUTER_BOUND ( 'NONE', #1426, .T. ) ;
#2344 = DIRECTION ( 'NONE',  ( -0.9762960071198573100, 0.0000000000000000000, -0.2164396139384458000 ) ) ;
#2345 = AXIS2_PLACEMENT_3D ( 'NONE', #6185, #2394, #2452 ) ;
#2346 = EDGE_CURVE ( 'NONE', #4121, #5733, #3516, .T. ) ;
#2347 = ORIENTED_EDGE ( 'NONE', *, *, #1670, .F. ) ;
#2348 = EDGE_LOOP ( 'NONE', ( #3889, #1872, #4380, #2267 ) ) ;
#2349 = ORIENTED_EDGE ( 'NONE', *, *, #333, .F. ) ;
#2350 = DIRECTION ( 'NONE',  ( -0.7071067811865477900, 0.0000000000000000000, 0.7071067811865472400 ) ) ;
#2351 = VECTOR ( 'NONE', #4979, 1000.000000000000100 ) ;
#2352 = ADVANCED_FACE ( 'NONE', ( #616 ), #1469, .T. ) ;
#2353 = CARTESIAN_POINT ( 'NONE',  ( 4.320000000000004700, -0.6350000000000001200, -2.679999999999999300 ) ) ;
#2354 = EDGE_LOOP ( 'NONE', ( #879, #2250, #822, #2522 ) ) ;
#2355 = EDGE_CURVE ( 'NONE', #6818, #3099, #4458, .T. ) ;
#2356 = EDGE_CURVE ( 'NONE', #1845, #6315, #21, .T. ) ;
#2357 = ORIENTED_EDGE ( 'NONE', *, *, #291, .T. ) ;
#2358 = DIRECTION ( 'NONE',  ( -0.5773502691896148500, 0.5773502691896308400, 0.5773502691896316200 ) ) ;
#2359 = ORIENTED_EDGE ( 'NONE', *, *, #2240, .T. ) ;
#2360 = CYLINDRICAL_SURFACE ( 'NONE', #5767, 0.4000000000000004100 ) ;
#2361 = PLANE ( 'NONE',  #5633 ) ;
#2362 = CARTESIAN_POINT ( 'NONE',  ( 6.938893920000000700E-016, -1.015000000000004100, -0.9999999999999879000 ) ) ;
#2363 = DIRECTION ( 'NONE',  ( 0.0000000000000000000, -0.0000000000000000000, 1.000000000000000000 ) ) ;
#2364 = DIRECTION ( 'NONE',  ( -1.000000000000000000, 0.0000000000000000000, 0.0000000000000000000 ) ) ;
#2365 = CARTESIAN_POINT ( 'NONE',  ( 3.155575383981898100, 3.429999999999920700, 0.0000000000000000000 ) ) ;
#2366 = CARTESIAN_POINT ( 'NONE',  ( -0.6689076759305306900, 1.257350442411905700, -0.8522048541031127500 ) ) ;
#2367 = LINE ( 'NONE', #1753, #2703 ) ;
#2368 = AXIS2_PLACEMENT_3D ( 'NONE', #1578, #1594, #3128 ) ;
#2369 = DIRECTION ( 'NONE',  ( 0.0000000000000000000, 0.0000000000000000000, -1.000000000000000000 ) ) ;
#2370 = DIRECTION ( 'NONE',  ( -0.0000000000000000000, -0.0000000000000000000, -1.000000000000000000 ) ) ;
#2371 = CIRCLE ( 'NONE', #1096, 2.400000000288868000 ) ;
#2372 = CARTESIAN_POINT ( 'NONE',  ( 4.750000000000000000, 2.919999999999978600, 0.0000000000000000000 ) ) ;
#2373 = CARTESIAN_POINT ( 'NONE',  ( -0.9432769466796208100, -3.430000000000021900, 5.738528991902272800 ) ) ;
#2374 = AXIS2_PLACEMENT_3D ( 'NONE', #6529, #613, #2756 ) ;
#2375 = DIRECTION ( 'NONE',  ( 0.0000000000000000000, 0.0000000000000000000, 1.000000000000000000 ) ) ;
#2376 = ORIENTED_EDGE ( 'NONE', *, *, #5890, .F. ) ;
#2377 = EDGE_CURVE ( 'NONE', #2627, #5995, #2410, .T. ) ;
#2378 = COLOUR_RGB ( '',0.9058823529411764700, 0.9058823529411764700, 0.9058823529411764700 ) ;
#2379 = DIRECTION ( 'NONE',  ( 1.000000000000000000, 0.0000000000000000000, 0.0000000000000000000 ) ) ;
#2380 = CARTESIAN_POINT ( 'NONE',  ( -5.114314575050769000, -1.332157287525374200, -0.8828427124746178700 ) ) ;
#2381 = ORIENTED_EDGE ( 'NONE', *, *, #3811, .T. ) ;
#2382 = DIRECTION ( 'NONE',  ( 0.0000000000000000000, -1.000000000000000000, 0.0000000000000000000 ) ) ;
#2383 = CIRCLE ( 'NONE', #58, 0.4000000000000001900 ) ;
#2384 = DIRECTION ( 'NONE',  ( -0.0000000000000000000, -0.0000000000000000000, -1.000000000000000000 ) ) ;
#2385 = EDGE_CURVE ( 'NONE', #4301, #4382, #2996, .T. ) ;
#2386 = ADVANCED_FACE ( 'NONE', ( #5229 ), #4551, .F. ) ;
#2387 = CARTESIAN_POINT ( 'NONE',  ( 1.194424616017979400, 3.429999999999997100, 0.1656854249492379900 ) ) ;
#2388 = CARTESIAN_POINT ( 'NONE',  ( 3.050000000000002900, -2.920000000000021200, 0.5099999999999920200 ) ) ;
#2389 = VERTEX_POINT ( 'NONE', #2353 ) ;
#2390 = CARTESIAN_POINT ( 'NONE',  ( -4.319999999999992300, -1.015000000000004100, -1.549999999999997800 ) ) ;
#2391 = LINE ( 'NONE', #5000, #6468 ) ;
#2392 = CARTESIAN_POINT ( 'NONE',  ( 0.8800000000000105500, 0.6350000000000001200, -7.749999999999989300 ) ) ;
#2393 = LINE ( 'NONE', #1302, #3312 ) ;
#2394 = DIRECTION ( 'NONE',  ( 0.9260204203180992800, 0.0000000000000000000, -0.3774734178109641600 ) ) ;
#2395 = EDGE_CURVE ( 'NONE', #283, #401, #5156, .T. ) ;
#2396 = EDGE_CURVE ( 'NONE', #5723, #6337, #4035, .T. ) ;
#2397 = ORIENTED_EDGE ( 'NONE', *, *, #5760, .F. ) ;
#2398 = VECTOR ( 'NONE', #653, 1000.000000000000000 ) ;
#2399 = CARTESIAN_POINT ( 'NONE',  ( 4.177501056589175500, -1.157498943410821600, -0.9999999999999879000 ) ) ;
#2400 = CARTESIAN_POINT ( 'NONE',  ( 0.3800000000000040600, 0.6350000000000001200, -1.549999999999997600 ) ) ;
#2401 = VECTOR ( 'NONE', #6542, 1000.000000000000000 ) ;
#2402 = LINE ( 'NONE', #2701, #6918 ) ;
#2403 = DIRECTION ( 'NONE',  ( -0.0000000000000000000, 0.0000000000000000000, 1.000000000000000000 ) ) ;
#2404 = ORIENTED_EDGE ( 'NONE', *, *, #1298, .F. ) ;
#2405 = CARTESIAN_POINT ( 'NONE',  ( 1.300000000000000900, 2.919999999999977300, 0.0000000000000000000 ) ) ;
#2406 = ORIENTED_EDGE ( 'NONE', *, *, #5439, .F. ) ;
#2407 = CARTESIAN_POINT ( 'NONE',  ( 0.0000000000000000000, -2.920000000000029700, 0.5099999999999920200 ) ) ;
#2408 = LINE ( 'NONE', #4626, #3421 ) ;
#2409 = ORIENTED_EDGE ( 'NONE', *, *, #1871, .T. ) ;
#2410 = LINE ( 'NONE', #4520, #6587 ) ;
#2411 = CARTESIAN_POINT ( 'NONE',  ( -0.6223504424119038500, 1.157498943410821200, -0.9583642496800586200 ) ) ;
#2412 = ORIENTED_EDGE ( 'NONE', *, *, #3935, .F. ) ;
#2413 = ORIENTED_EDGE ( 'NONE', *, *, #1491, .F. ) ;
#2414 = CARTESIAN_POINT ( 'NONE',  ( 1.228723248094908200, 3.264314575050757800, -1.969459295064403700E-016 ) ) ;
#2415 = CARTESIAN_POINT ( 'NONE',  ( 1.570772646475787600, -3.380000000000043900, 5.738528991902233800 ) ) ;
#2416 = CARTESIAN_POINT ( 'NONE',  ( 0.3800000000000040600, -0.6350000000000001200, 0.0000000000000000000 ) ) ;
#2417 = VECTOR ( 'NONE', #970, 1000.000000000000000 ) ;
#2418 = VECTOR ( 'NONE', #5834, 1000.000000000000000 ) ;
#2419 = ORIENTED_EDGE ( 'NONE', *, *, #1111, .F. ) ;
#2420 = ORIENTED_EDGE ( 'NONE', *, *, #2100, .T. ) ;
#2421 = CARTESIAN_POINT ( 'NONE',  ( -4.285685424949244600, 1.049314575050752200, -0.9999999999999879000 ) ) ;
#2422 = ORIENTED_EDGE ( 'NONE', *, *, #3345, .F. ) ;
#2423 = ORIENTED_EDGE ( 'NONE', *, *, #5897, .T. ) ;
#2424 = ADVANCED_FACE ( 'NONE', ( #5651 ), #6639, .F. ) ;
#2425 = DIRECTION ( 'NONE',  ( 0.0000000000000000000, 0.0000000000000000000, -1.000000000000000000 ) ) ;
#2426 = CARTESIAN_POINT ( 'NONE',  ( 3.155575383981894100, 3.429999999999996200, 0.1656854249492382100 ) ) ;
#2427 = ORIENTED_EDGE ( 'NONE', *, *, #2396, .F. ) ;
#2428 = FACE_OUTER_BOUND ( 'NONE', #2045, .T. ) ;
#2429 = CARTESIAN_POINT ( 'NONE',  ( 1.387779038000000200E-015, 2.215000000000004700, 0.0000000000000000000 ) ) ;
#2430 = ORIENTED_EDGE ( 'NONE', *, *, #3954, .F. ) ;
#2431 = AXIS2_PLACEMENT_3D ( 'NONE', #6438, #4912, #5459 ) ;
#2432 = ORIENTED_EDGE ( 'NONE', *, *, #6121, .F. ) ;
#2433 = DIRECTION ( 'NONE',  ( 1.000000000000000000, -0.0000000000000000000, -0.0000000000000000000 ) ) ;
#2434 = EDGE_CURVE ( 'NONE', #4601, #1626, #1383, .T. ) ;
#2435 = PLANE ( 'NONE',  #4692 ) ;
#2436 = CARTESIAN_POINT ( 'NONE',  ( 1.387779038000000200E-015, 3.429999999999971300, 0.0000000000000000000 ) ) ;
#2437 = VECTOR ( 'NONE', #4029, 1000.000000000000100 ) ;
#2438 = EDGE_CURVE ( 'NONE', #401, #4091, #2744, .T. ) ;
#2439 = CARTESIAN_POINT ( 'NONE',  ( -0.3800000000000040600, 8.643823200000000300E-016, -0.9999999999999879000 ) ) ;
#2440 = DIRECTION ( 'NONE',  ( 0.0000000000000000000, 0.0000000000000000000, 1.000000000000000000 ) ) ;
#2441 = AXIS2_PLACEMENT_3D ( 'NONE', #1573, #5383, #2665 ) ;
#2442 = VERTEX_POINT ( 'NONE', #5054 ) ;
#2443 = LINE ( 'NONE', #6084, #824 ) ;
#2444 = EDGE_LOOP ( 'NONE', ( #2193, #4475, #6241, #3980 ) ) ;
#2445 = CARTESIAN_POINT ( 'NONE',  ( -5.398487006990686500, -1.049314575050752200, -0.8815067120431567800 ) ) ;
#2446 = FACE_OUTER_BOUND ( 'NONE', #6796, .T. ) ;
#2447 = CARTESIAN_POINT ( 'NONE',  ( 1.144916938000000200E-015, -1.450229002000000200E-014, 8.380000000000009700 ) ) ;
#2448 = EDGE_CURVE ( 'NONE', #60, #3537, #5059, .T. ) ;
#2449 = DIRECTION ( 'NONE',  ( 1.000000000000000000, 0.0000000000000000000, 0.0000000000000000000 ) ) ;
#2450 = CARTESIAN_POINT ( 'NONE',  ( 4.285685424949244600, 1.049314575050752200, -0.5999999999999875400 ) ) ;
#2451 = VECTOR ( 'NONE', #1534, 1000.000000000000000 ) ;
#2452 = DIRECTION ( 'NONE',  ( -0.3774734178109641600, 0.0000000000000000000, -0.9260204203180992800 ) ) ;
#2453 = DIRECTION ( 'NONE',  ( 0.0000000000000000000, -1.000000000000000000, 0.0000000000000000000 ) ) ;
#2454 = CARTESIAN_POINT ( 'NONE',  ( 4.750000000000000000, -2.670000000000013700, 8.129999999999993700 ) ) ;
#2455 = ADVANCED_FACE ( 'NONE', ( #2492 ), #6806, .T. ) ;
#2456 = CARTESIAN_POINT ( 'NONE',  ( 0.0000000000000000000, 2.920000000000004400, 0.5099999999999920200 ) ) ;
#2457 = LINE ( 'NONE', #2062, #995 ) ;
#2458 = CARTESIAN_POINT ( 'NONE',  ( -4.319999999999992300, 0.6350000000000001200, 0.0000000000000000000 ) ) ;
#2459 = ORIENTED_EDGE ( 'NONE', *, *, #6866, .T. ) ;
#2460 = DIRECTION ( 'NONE',  ( 0.7071067811865480200, -1.772113000000000100E-016, -0.7071067811865470200 ) ) ;
#2461 = PLANE ( 'NONE',  #952 ) ;
#2462 = DIRECTION ( 'NONE',  ( -0.7071067811865196000, 5.583641188300345300E-014, -0.7071067811865754400 ) ) ;
#2463 = ORIENTED_EDGE ( 'NONE', *, *, #429, .F. ) ;
#2464 = VECTOR ( 'NONE', #4332, 1000.000000000000000 ) ;
#2465 = AXIS2_PLACEMENT_3D ( 'NONE', #4879, #5956, #1084 ) ;
#2466 = AXIS2_PLACEMENT_3D ( 'NONE', #3514, #4076, #6203 ) ;
#2467 = DIRECTION ( 'NONE',  ( -0.0000000000000000000, -1.000000000000000000, -0.0000000000000000000 ) ) ;
#2468 = DIRECTION ( 'NONE',  ( 1.000000000000000000, 0.0000000000000000000, -0.0000000000000000000 ) ) ;
#2469 = EDGE_CURVE ( 'NONE', #6202, #5010, #5475, .T. ) ;
#2470 = ORIENTED_EDGE ( 'NONE', *, *, #3712, .T. ) ;
#2471 = VERTEX_POINT ( 'NONE', #1315 ) ;
#2472 = VECTOR ( 'NONE', #4033, 1000.000000000000000 ) ;
#2473 = DIRECTION ( 'NONE',  ( 0.0000000000000000000, -0.0000000000000000000, -1.000000000000000000 ) ) ;
#2474 = DIRECTION ( 'NONE',  ( 0.0000000000000000000, 0.0000000000000000000, -1.000000000000000000 ) ) ;
#2475 = EDGE_CURVE ( 'NONE', #5361, #5043, #2822, .T. ) ;
#2476 = PLANE ( 'NONE',  #4704 ) ;
#2477 = ORIENTED_EDGE ( 'NONE', *, *, #5883, .F. ) ;
#2478 = AXIS2_PLACEMENT_3D ( 'NONE', #6067, #92, #1247 ) ;
#2479 = LINE ( 'NONE', #881, #347 ) ;
#2480 = AXIS2_PLACEMENT_3D ( 'NONE', #6299, #4128, #1377 ) ;
#2481 = EDGE_CURVE ( 'NONE', #3434, #2676, #7011, .T. ) ;
#2482 = DIRECTION ( 'NONE',  ( -0.0000000000000000000, -1.000000000000000000, 0.0000000000000000000 ) ) ;
#2483 = VECTOR ( 'NONE', #5308, 1000.000000000000000 ) ;
#2484 = DIRECTION ( 'NONE',  ( -0.0000000000000000000, 1.000000000000000000, 0.0000000000000000000 ) ) ;
#2485 = VECTOR ( 'NONE', #5120, 1000.000000000000000 ) ;
#2486 = ORIENTED_EDGE ( 'NONE', *, *, #621, .F. ) ;
#2487 = EDGE_CURVE ( 'NONE', #3437, #2241, #1551, .T. ) ;
#2488 = EDGE_CURVE ( 'NONE', #6839, #6011, #3508, .T. ) ;
#2489 = CARTESIAN_POINT ( 'NONE',  ( 6.350000000000000500, -3.429999999999996600, 4.997201937963181400 ) ) ;
#2490 = FACE_OUTER_BOUND ( 'NONE', #6334, .T. ) ;
#2491 = OPEN_SHELL ( 'NONE', ( #1286, #3247, #5316, #2739, #4811, #6567 ) ) ;
#2492 = FACE_OUTER_BOUND ( 'NONE', #4910, .T. ) ;
#2493 = ORIENTED_EDGE ( 'NONE', *, *, #4181, .T. ) ;
#2494 = DIRECTION ( 'NONE',  ( -0.5773502691896258400, 0.5773502691896258400, 0.5773502691896258400 ) ) ;
#2495 = LINE ( 'NONE', #2939, #862 ) ;
#2496 = CARTESIAN_POINT ( 'NONE',  ( 5.580000000000007200, -0.1900000000000020300, -3.180000000000005900 ) ) ;
#2497 = ORIENTED_EDGE ( 'NONE', *, *, #4720, .F. ) ;
#2498 = ORIENTED_EDGE ( 'NONE', *, *, #4777, .F. ) ;
#2499 = FACE_OUTER_BOUND ( 'NONE', #2234, .T. ) ;
#2500 = VECTOR ( 'NONE', #1518, 1000.000000000000000 ) ;
#2501 = PLANE ( 'NONE',  #214 ) ;
#2502 = ORIENTED_EDGE ( 'NONE', *, *, #5522, .T. ) ;
#2503 = EDGE_LOOP ( 'NONE', ( #1280, #3226, #6398, #4037 ) ) ;
#2504 = CARTESIAN_POINT ( 'NONE',  ( -1.063225179635456600, -3.430000000000021900, 6.547201937963128800 ) ) ;
#2505 = CARTESIAN_POINT ( 'NONE',  ( 6.000000000000002700, 3.429999999999996600, 9.390000000000007700 ) ) ;
#2506 = EDGE_LOOP ( 'NONE', ( #5255, #1395, #2285, #256 ) ) ;
#2507 = VECTOR ( 'NONE', #4972, 1000.000000000000000 ) ;
#2508 = ORIENTED_EDGE ( 'NONE', *, *, #6685, .F. ) ;
#2509 = ORIENTED_EDGE ( 'NONE', *, *, #4929, .F. ) ;
#2510 = CARTESIAN_POINT ( 'NONE',  ( 1.936774820364506800, -3.429999999999996600, 6.547201937963128800 ) ) ;
#2511 = ORIENTED_EDGE ( 'NONE', *, *, #6859, .F. ) ;
#2512 = DIRECTION ( 'NONE',  ( 0.0000000000000000000, -0.0000000000000000000, 1.000000000000000000 ) ) ;
#2513 = DIRECTION ( 'NONE',  ( -1.242162000000000200E-016, -0.7071067811865480200, -0.7071067811865470200 ) ) ;
#2514 = ORIENTED_EDGE ( 'NONE', *, *, #4498, .F. ) ;
#2515 = ORIENTED_EDGE ( 'NONE', *, *, #141, .F. ) ;
#2516 = ORIENTED_EDGE ( 'NONE', *, *, #2475, .T. ) ;
#2517 = CARTESIAN_POINT ( 'NONE',  ( -5.114314575050767300, -1.257350442411902200, -0.9583642496800595100 ) ) ;
#2518 = CARTESIAN_POINT ( 'NONE',  ( 2.864554677647266800, -2.024174563873361300, 0.5099999999999920200 ) ) ;
#2519 = ORIENTED_EDGE ( 'NONE', *, *, #3325, .T. ) ;
#2520 = ORIENTED_EDGE ( 'NONE', *, *, #2339, .F. ) ;
#2521 = CARTESIAN_POINT ( 'NONE',  ( 1.387779038000000200E-015, 3.029999999999996300, 0.0000000000000000000 ) ) ;
#2522 = ORIENTED_EDGE ( 'NONE', *, *, #4593, .F. ) ;
#2523 = AXIS2_PLACEMENT_3D ( 'NONE', #5860, #5329, #6938 ) ;
#2524 = VECTOR ( 'NONE', #196, 1000.000000000000000 ) ;
#2525 = CARTESIAN_POINT ( 'NONE',  ( 0.0000000000000000000, 0.0000000000000000000, 0.0000000000000000000 ) ) ;
#2526 = EDGE_CURVE ( 'NONE', #6780, #6229, #4628, .T. ) ;
#2527 = ADVANCED_FACE ( 'NONE', ( #1312 ), #6789, .F. ) ;
#2528 = VERTEX_POINT ( 'NONE', #2400 ) ;
#2529 = DIRECTION ( 'NONE',  ( -1.000000000000000000, 0.0000000000000000000, -0.0000000000000000000 ) ) ;
#2530 = CARTESIAN_POINT ( 'NONE',  ( 1.570772646475791200, -3.430000000000021900, 5.738528991902217800 ) ) ;
#2531 = UNCERTAINTY_MEASURE_WITH_UNIT (LENGTH_MEASURE( 1.000000000000000100E-005 ), #331, 'distance_accuracy_value', 'NONE');
#2532 = ORIENTED_EDGE ( 'NONE', *, *, #6403, .T. ) ;
#2533 = EDGE_CURVE ( 'NONE', #170, #3456, #792, .T. ) ;
#2534 = CARTESIAN_POINT ( 'NONE',  ( 1.624345192960470200, -3.149999999999998600, 9.390000000000007700 ) ) ;
#2535 = CARTESIAN_POINT ( 'NONE',  ( 3.155575383981999800, -3.429999999999996600, 0.0000000000000000000 ) ) ;
#2536 = VERTEX_POINT ( 'NONE', #3010 ) ;
#2537 = LINE ( 'NONE', #3946, #5852 ) ;
#2538 = CARTESIAN_POINT ( 'NONE',  ( -6.000000000000003600, 3.429999999999983300, 9.390000000000007700 ) ) ;
#2539 = DIRECTION ( 'NONE',  ( 0.0000000000000000000, 0.0000000000000000000, -1.000000000000000000 ) ) ;
#2540 = DIRECTION ( 'NONE',  ( 0.0000000000000000000, 1.000000000000000000, 0.0000000000000000000 ) ) ;
#2541 = CARTESIAN_POINT ( 'NONE',  ( -4.285685424949244600, -1.107499999999989700, -0.9999999999999879000 ) ) ;
#2542 = PLANE ( 'NONE',  #1733 ) ;
#2543 = VECTOR ( 'NONE', #1930, 1000.000000000000000 ) ;
#2544 = SURFACE_SIDE_STYLE ('',( #5835 ) ) ;
#2545 = ORIENTED_EDGE ( 'NONE', *, *, #4415, .T. ) ;
#2546 = DIRECTION ( 'NONE',  ( 0.0000000000000000000, -0.0000000000000000000, -1.000000000000000000 ) ) ;
#2547 = VECTOR ( 'NONE', #3427, 1000.000000000000000 ) ;
#2548 = DIRECTION ( 'NONE',  ( 0.3774734178109670500, 0.0000000000000000000, 0.9260204203180980600 ) ) ;
#2549 = DIRECTION ( 'NONE',  ( 0.5773502691896258400, 0.5773502691896252900, -0.5773502691896261800 ) ) ;
#2550 = EDGE_LOOP ( 'NONE', ( #1908, #4660, #5409, #4434 ) ) ;
#2551 = DIRECTION ( 'NONE',  ( 0.2027126583463900200, -0.9792382642371261200, 0.0000000000000000000 ) ) ;
#2552 = CIRCLE ( 'NONE', #4043, 2.100000000000007600 ) ;
#2553 = ADVANCED_FACE ( 'NONE', ( #5562 ), #1352, .T. ) ;
#2554 = DIRECTION ( 'NONE',  ( 1.000000000000000000, 0.0000000000000000000, -0.0000000000000000000 ) ) ;
#2555 = ORIENTED_EDGE ( 'NONE', *, *, #2623, .T. ) ;
#2556 = VERTEX_POINT ( 'NONE', #4665 ) ;
#2557 = LINE ( 'NONE', #4080, #1530 ) ;
#2558 = CARTESIAN_POINT ( 'NONE',  ( 1.580000000000004100, -1.932157287525378300, -1.329084750000061700E-017 ) ) ;
#2559 = DIRECTION ( 'NONE',  ( 0.0000000000000000000, -0.0000000000000000000, -1.000000000000000000 ) ) ;
#2560 = EDGE_CURVE ( 'NONE', #5664, #3738, #6407, .T. ) ;
#2561 = LINE ( 'NONE', #3627, #4262 ) ;
#2562 = EDGE_LOOP ( 'NONE', ( #6832, #2271, #5398, #4869 ) ) ;
#2563 = LINE ( 'NONE', #4348, #5638 ) ;
#2564 = CARTESIAN_POINT ( 'NONE',  ( 2.100000000000008100, -1.079998094000000000E-015, 16.49000000000000600 ) ) ;
#2565 = PLANE ( 'NONE',  #5431 ) ;
#2566 = CYLINDRICAL_SURFACE ( 'NONE', #5121, 0.4000000000000004100 ) ;
#2567 = MECHANICAL_DESIGN_GEOMETRIC_PRESENTATION_REPRESENTATION (  '', ( #5720 ), #2936 ) ;
#2568 = LINE ( 'NONE', #3820, #5645 ) ;
#2569 = AXIS2_PLACEMENT_3D ( 'NONE', #2990, #2474, #240 ) ;
#2570 = ORIENTED_EDGE ( 'NONE', *, *, #421, .F. ) ;
#2571 = EDGE_CURVE ( 'NONE', #5090, #1720, #1038, .T. ) ;
#2572 = LINE ( 'NONE', #2690, #1892 ) ;
#2573 = DIRECTION ( 'NONE',  ( 0.9762960071199340300, 0.0000000000000000000, 0.2164396139381000700 ) ) ;
#2574 = CARTESIAN_POINT ( 'NONE',  ( -1.580000000000004100, 1.932157287525378300, -6.645425250000307900E-018 ) ) ;
#2575 = LINE ( 'NONE', #6206, #4125 ) ;
#2576 = LINE ( 'NONE', #1440, #3940 ) ;
#2577 = ORIENTED_EDGE ( 'NONE', *, *, #6033, .T. ) ;
#2578 = CARTESIAN_POINT ( 'NONE',  ( 6.280000000000000200, 1.932157287525378300, -1.355252715606880500E-016 ) ) ;
#2579 = EDGE_CURVE ( 'NONE', #2172, #2006, #102, .T. ) ;
#2580 = ORIENTED_EDGE ( 'NONE', *, *, #1165, .F. ) ;
#2581 = EDGE_CURVE ( 'NONE', #3884, #43, #446, .T. ) ;
#2582 = CARTESIAN_POINT ( 'NONE',  ( 1.304948799286035100, -3.380000000000043900, 4.997201937963130700 ) ) ;
#2583 = FACE_OUTER_BOUND ( 'NONE', #3277, .T. ) ;
#2584 = CARTESIAN_POINT ( 'NONE',  ( -6.000000000000003600, 3.179999999999980200, 8.890000000000000600 ) ) ;
#2585 = LINE ( 'NONE', #3905, #1138 ) ;
#2586 = ORIENTED_EDGE ( 'NONE', *, *, #1883, .T. ) ;
#2587 = ORIENTED_EDGE ( 'NONE', *, *, #873, .T. ) ;
#2588 = EDGE_LOOP ( 'NONE', ( #1067, #1139, #6984, #201 ) ) ;
#2589 = PLANE ( 'NONE',  #5520 ) ;
#2590 = LINE ( 'NONE', #3154, #4046 ) ;
#2591 = DIRECTION ( 'NONE',  ( 0.9260204203180992800, 0.0000000000000000000, -0.3774734178109641600 ) ) ;
#2592 = ADVANCED_FACE ( 'NONE', ( #4277 ), #4023, .T. ) ;
#2593 = ORIENTED_EDGE ( 'NONE', *, *, #2889, .F. ) ;
#2594 = PRODUCT_DEFINITION_SHAPE ( 'NONE', 'NONE',  #4733 ) ;
#2595 = VERTEX_POINT ( 'NONE', #5335 ) ;
#2596 = PLANE ( 'NONE',  #6426 ) ;
#2597 = CYLINDRICAL_SURFACE ( 'NONE', #5855, 0.4000000000000002400 ) ;
#2598 = AXIS2_PLACEMENT_3D ( 'NONE', #6386, #4186, #3097 ) ;
#2599 = AXIS2_PLACEMENT_3D ( 'NONE', #4056, #314, #2473 ) ;
#2600 = ORIENTED_EDGE ( 'NONE', *, *, #2291, .T. ) ;
#2601 = CARTESIAN_POINT ( 'NONE',  ( -6.249999999999994700, -3.429999999999996600, 8.890000000000000600 ) ) ;
#2602 = EDGE_CURVE ( 'NONE', #6296, #1788, #859, .T. ) ;
#2603 = ORIENTED_EDGE ( 'NONE', *, *, #594, .F. ) ;
#2604 = VERTEX_POINT ( 'NONE', #2518 ) ;
#2605 = CARTESIAN_POINT ( 'NONE',  ( -1.485445322352689800, -2.024174563873306200, 0.0000000000000000000 ) ) ;
#2606 = FACE_OUTER_BOUND ( 'NONE', #3015, .T. ) ;
#2607 = EDGE_CURVE ( 'NONE', #1296, #3171, #2823, .T. ) ;
#2608 = DIRECTION ( 'NONE',  ( 0.9792382642371166800, 0.2027126583464359300, 0.0000000000000000000 ) ) ;
#2609 = AXIS2_PLACEMENT_3D ( 'NONE', #5770, #6305, #3035 ) ;
#2610 = DIRECTION ( 'NONE',  ( -0.3774734178109641600, 0.0000000000000000000, -0.9260204203180992800 ) ) ;
#2611 = VERTEX_POINT ( 'NONE', #4688 ) ;
#2612 = EDGE_CURVE ( 'NONE', #4382, #297, #5895, .T. ) ;
#2613 = DIRECTION ( 'NONE',  ( 0.0000000000000000000, -1.000000000000000000, -0.0000000000000000000 ) ) ;
#2614 = LINE ( 'NONE', #1262, #1592 ) ;
#2615 = DIRECTION ( 'NONE',  ( 1.000000000000000000, 0.0000000000000000000, 0.0000000000000000000 ) ) ;
#2616 = ORIENTED_EDGE ( 'NONE', *, *, #4671, .F. ) ;
#2617 = CARTESIAN_POINT ( 'NONE',  ( 6.249999999999994700, 1.930000000000001700, 9.390000000000007700 ) ) ;
#2618 = VECTOR ( 'NONE', #4330, 1000.000000000000000 ) ;
#2619 =( BOUNDED_CURVE ( )  B_SPLINE_CURVE ( 3, ( #586, #1149, #2232, #4867 ),
 .UNSPECIFIED., .F., .T. ) 
 B_SPLINE_CURVE_WITH_KNOTS ( ( 4, 4 ),
 ( 4.712388980384692300, 6.283185307179586200 ),
 .UNSPECIFIED. ) 
 CURVE ( )  GEOMETRIC_REPRESENTATION_ITEM ( )  RATIONAL_B_SPLINE_CURVE ( ( 1.000000000000000000, 0.8047378541243654900, 0.8047378541243654900, 1.000000000000000000 ) ) 
 REPRESENTATION_ITEM ( '' )  );
#2620 = EDGE_CURVE ( 'NONE', #36, #5981, #1723, .T. ) ;
#2621 = ADVANCED_FACE ( 'NONE', ( #4120 ), #3678, .T. ) ;
#2622 = CARTESIAN_POINT ( 'NONE',  ( 5.397157287525381300, 1.049314575050752200, -0.8828427124746212100 ) ) ;
#2623 = EDGE_CURVE ( 'NONE', #126, #3090, #5365, .T. ) ;
#2624 = LINE ( 'NONE', #3713, #153 ) ;
#2625 = ORIENTED_EDGE ( 'NONE', *, *, #3952, .T. ) ;
#2626 = CARTESIAN_POINT ( 'NONE',  ( -1.040588201445647800, -3.430000000000021900, 6.513528991902220800 ) ) ;
#2627 = VERTEX_POINT ( 'NONE', #3072 ) ;
#2628 = FACE_OUTER_BOUND ( 'NONE', #4647, .T. ) ;
#2629 = DIRECTION ( 'NONE',  ( -0.0000000000000000000, -1.000000000000000000, -0.0000000000000000000 ) ) ;
#2630 = DIRECTION ( 'NONE',  ( -0.0000000000000000000, 1.000000000000000000, -0.0000000000000000000 ) ) ;
#2631 = CARTESIAN_POINT ( 'NONE',  ( 1.753341459406232400, -3.430000000000021900, 6.097201937963201400 ) ) ;
#2632 = CARTESIAN_POINT ( 'NONE',  ( 0.4143145750507522500, 1.333487006990677900, -0.8815067120431437900 ) ) ;
#2633 = ORIENTED_EDGE ( 'NONE', *, *, #1694, .T. ) ;
#2634 = LINE ( 'NONE', #2832, #1108 ) ;
#2635 = AXIS2_PLACEMENT_3D ( 'NONE', #6669, #6162, #2278 ) ;
#2636 = CARTESIAN_POINT ( 'NONE',  ( -1.228723248094959900, 3.264314575050758700, 1.029398525431605500E-015 ) ) ;
#2637 = VECTOR ( 'NONE', #6376, 1000.000000000000000 ) ;
#2638 = DIRECTION ( 'NONE',  ( 2.168404344971007700E-015, 0.0000000000000000000, 1.000000000000000000 ) ) ;
#2639 = ORIENTED_EDGE ( 'NONE', *, *, #3473, .F. ) ;
#2640 = VECTOR ( 'NONE', #5629, 1000.000000000000000 ) ;
#2641 = CARTESIAN_POINT ( 'NONE',  ( 1.098878460175235100, -3.430000000000021900, 4.580874884024059800 ) ) ;
#2642 = ORIENTED_EDGE ( 'NONE', *, *, #3441, .T. ) ;
#2643 =( NAMED_UNIT ( * ) SI_UNIT ( $, .STERADIAN. ) SOLID_ANGLE_UNIT ( ) );
#2644 = LINE ( 'NONE', #1657, #1301 ) ;
#2645 = LINE ( 'NONE', #4157, #4874 ) ;
#2646 = CARTESIAN_POINT ( 'NONE',  ( 5.222498943410840000, -1.157498943410821400, -0.9999999999999879000 ) ) ;
#2647 = VERTEX_POINT ( 'NONE', #3607 ) ;
#2648 = AXIS2_PLACEMENT_3D ( 'NONE', #2675, #6559, #3183 ) ;
#2649 = FACE_OUTER_BOUND ( 'NONE', #4384, .T. ) ;
#2650 = EDGE_CURVE ( 'NONE', #374, #2995, #6490, .T. ) ;
#2651 = LINE ( 'NONE', #1112, #5726 ) ;
#2652 = CARTESIAN_POINT ( 'NONE',  ( 1.886685657014992800, -3.380000000000043900, 6.513528991902220800 ) ) ;
#2653 = ORIENTED_EDGE ( 'NONE', *, *, #5056, .F. ) ;
#2654 = FACE_OUTER_BOUND ( 'NONE', #4298, .T. ) ;
#2655 = ORIENTED_EDGE ( 'NONE', *, *, #6902, .F. ) ;
#2656 = CIRCLE ( 'NONE', #4716, 3.110000000000006500 ) ;
#2657 = EDGE_LOOP ( 'NONE', ( #1125, #3614, #3616, #3612 ) ) ;
#2658 = CARTESIAN_POINT ( 'NONE',  ( 4.320000000000004700, 0.6350000000000001200, -2.679999999999999300 ) ) ;
#2659 = CARTESIAN_POINT ( 'NONE',  ( -6.280000000000001100, 1.932157287525378300, -1.329084750000061700E-017 ) ) ;
#2660 = EDGE_LOOP ( 'NONE', ( #5828, #3175, #4521, #6616, #694, #1864 ) ) ;
#2661 = EDGE_CURVE ( 'NONE', #1480, #6279, #2576, .T. ) ;
#2662 =( GEOMETRIC_REPRESENTATION_CONTEXT ( 3 ) GLOBAL_UNCERTAINTY_ASSIGNED_CONTEXT ( ( #6020 ) ) GLOBAL_UNIT_ASSIGNED_CONTEXT ( ( #4815, #3683, #3141 ) ) REPRESENTATION_CONTEXT ( 'NONE', 'WORKASPACE' ) );
#2663 = VECTOR ( 'NONE', #2546, 1000.000000000000000 ) ;
#2664 = ORIENTED_EDGE ( 'NONE', *, *, #3022, .F. ) ;
#2665 = DIRECTION ( 'NONE',  ( 0.2027126583464029500, 0.9792382642371235700, 0.0000000000000000000 ) ) ;
#2666 = ORIENTED_EDGE ( 'NONE', *, *, #1000, .T. ) ;
#2667 = ORIENTED_EDGE ( 'NONE', *, *, #61, .T. ) ;
#2668 = DIRECTION ( 'NONE',  ( 0.0000000000000000000, 0.0000000000000000000, -1.000000000000000000 ) ) ;
#2669 = CARTESIAN_POINT ( 'NONE',  ( -0.7607081337491403700, -3.380000000000043900, 6.097201937963200500 ) ) ;
#2670 = EDGE_LOOP ( 'NONE', ( #2163, #357, #1486, #3206, #1080 ) ) ;
#2671 = LINE ( 'NONE', #3052, #1994 ) ;
#2672 = EDGE_LOOP ( 'NONE', ( #6148, #6697, #2516, #3045 ) ) ;
#2673 = ADVANCED_FACE ( 'NONE', ( #1134 ), #2226, .T. ) ;
#2674 = ORIENTED_EDGE ( 'NONE', *, *, #96, .F. ) ;
#2675 = CARTESIAN_POINT ( 'NONE',  ( -4.699999999999996600, 1.144916938000000200E-015, -1.549999999999997800 ) ) ;
#2676 = VERTEX_POINT ( 'NONE', #6921 ) ;
#2677 = CARTESIAN_POINT ( 'NONE',  ( 1.570772646475779900, -3.430000000000021900, 5.738528991902222200 ) ) ;
#2678 = ORIENTED_EDGE ( 'NONE', *, *, #4445, .T. ) ;
#2679 = DIRECTION ( 'NONE',  ( -0.3774734178109819800, 0.0000000000000000000, -0.9260204203180919500 ) ) ;
#2680 = ORIENTED_EDGE ( 'NONE', *, *, #2118, .F. ) ;
#2681 = EDGE_LOOP ( 'NONE', ( #216, #6563, #1797, #6421 ) ) ;
#2682 = ORIENTED_EDGE ( 'NONE', *, *, #1385, .F. ) ;
#2683 = ORIENTED_EDGE ( 'NONE', *, *, #5594, .T. ) ;
#2684 = CARTESIAN_POINT ( 'NONE',  ( -1.300000000000007100, 2.919999999999928000, 0.0000000000000000000 ) ) ;
#2685 = CIRCLE ( 'NONE', #1847, 0.4000000000000002400 ) ;
#2686 = DIRECTION ( 'NONE',  ( 0.0000000000000000000, 1.000000000000000000, 0.0000000000000000000 ) ) ;
#2687 = EDGE_LOOP ( 'NONE', ( #4595, #271, #4961, #3786 ) ) ;
#2688 = ADVANCED_FACE ( 'NONE', ( #2654 ), #2542, .T. ) ;
#2689 = DIRECTION ( 'NONE',  ( 0.0000000000000000000, 0.0000000000000000000, -1.000000000000000000 ) ) ;
#2690 = CARTESIAN_POINT ( 'NONE',  ( -1.485445322352715300, 2.024174563873357300, 0.5099999999999920200 ) ) ;
#2691 = DIRECTION ( 'NONE',  ( 0.0000000000000000000, 1.000000000000000000, 0.0000000000000000000 ) ) ;
#2692 = CLOSED_SHELL ( 'NONE', ( #5349, #5457, #1351, #5844, #1048, #6057 ) ) ;
#2693 = PLANE ( 'NONE',  #3329 ) ;
#2694 = AXIS2_PLACEMENT_3D ( 'NONE', #5162, #3031, #2449 ) ;
#2695 = FACE_OUTER_BOUND ( 'NONE', #6564, .T. ) ;
#2696 = CARTESIAN_POINT ( 'NONE',  ( 8.330000000000005400, 2.540000000000000500, 8.890000000000000600 ) ) ;
#2697 = EDGE_CURVE ( 'NONE', #1635, #4102, #5313, .T. ) ;
#2698 = CARTESIAN_POINT ( 'NONE',  ( -1.194424616018024700, -3.430000000000021500, 0.4000000000000002400 ) ) ;
#2699 = DIRECTION ( 'NONE',  ( -1.000000000000000000, 0.0000000000000000000, -0.0000000000000000000 ) ) ;
#2700 = ORIENTED_EDGE ( 'NONE', *, *, #1786, .F. ) ;
#2701 = CARTESIAN_POINT ( 'NONE',  ( -4.750000000000000000, -2.920000000000004400, 0.0000000000000000000 ) ) ;
#2702 = EDGE_CURVE ( 'NONE', #6919, #5159, #3321, .T. ) ;
#2703 = VECTOR ( 'NONE', #2888, 1000.000000000000000 ) ;
#2704 = DIRECTION ( 'NONE',  ( -0.0000000000000000000, -1.000000000000000000, -0.0000000000000000000 ) ) ;
#2705 = EDGE_CURVE ( 'NONE', #3690, #3907, #437, .T. ) ;
#2706 = CARTESIAN_POINT ( 'NONE',  ( 0.0000000000000000000, 1.462745097782693700, 0.5099999999999920200 ) ) ;
#2707 = ADVANCED_FACE ( 'NONE', ( #4543 ), #1031, .F. ) ;
#2708 = CARTESIAN_POINT ( 'NONE',  ( 0.0000000000000000000, 2.920000000000004400, 0.5099999999999920200 ) ) ;
#2709 = FACE_OUTER_BOUND ( 'NONE', #4989, .T. ) ;
#2710 = EDGE_CURVE ( 'NONE', #5930, #3046, #1304, .T. ) ;
#2711 = ORIENTED_EDGE ( 'NONE', *, *, #4168, .F. ) ;
#2712 = CARTESIAN_POINT ( 'NONE',  ( -0.3800000000000040600, -1.015000000000004100, -0.9999999999999879000 ) ) ;
#2713 = FACE_OUTER_BOUND ( 'NONE', #1504, .T. ) ;
#2714 = CARTESIAN_POINT ( 'NONE',  ( -1.828395398285405100, -3.430000000000034800, 4.580874884024059800 ) ) ;
#2715 = EDGE_CURVE ( 'NONE', #4305, #7026, #1714, .T. ) ;
#2716 = CARTESIAN_POINT ( 'NONE',  ( 2.864554677647284100, 2.024174563873357300, 0.6999999999999940700 ) ) ;
#2717 = ORIENTED_EDGE ( 'NONE', *, *, #1252, .F. ) ;
#2718 = CIRCLE ( 'NONE', #251, 0.6099999999999976600 ) ;
#2719 = CARTESIAN_POINT ( 'NONE',  ( 5.322350442411923200, -1.157498943410821400, -0.9583642496800600700 ) ) ;
#2720 = CARTESIAN_POINT ( 'NONE',  ( -3.119999999999991700, 1.332157287525385500, -0.8828427124746205400 ) ) ;
#2721 = AXIS2_PLACEMENT_3D ( 'NONE', #590, #4416, #1647 ) ;
#2722 = ADVANCED_FACE ( 'NONE', ( #5466 ), #534, .T. ) ;
#2723 = VERTEX_POINT ( 'NONE', #503 ) ;
#2724 = VECTOR ( 'NONE', #552, 1000.000000000000000 ) ;
#2725 = CARTESIAN_POINT ( 'NONE',  ( 6.249999999999993800, -5.967448059999999900E-015, 9.390000000000007700 ) ) ;
#2726 = DIRECTION ( 'NONE',  ( 0.3774734178109670500, 0.0000000000000000000, 0.9260204203180980600 ) ) ;
#2727 = DIRECTION ( 'NONE',  ( 0.5773502691896258400, -0.5773502691896258400, -0.5773502691896258400 ) ) ;
#2728 = VECTOR ( 'NONE', #901, 1000.000000000000000 ) ;
#2729 = VERTEX_POINT ( 'NONE', #1532 ) ;
#2730 = VECTOR ( 'NONE', #3770, 1000.000000000000000 ) ;
#2731 = VERTEX_POINT ( 'NONE', #2124 ) ;
#2732 = CARTESIAN_POINT ( 'NONE',  ( 5.080000000000001000, -0.6350000000000001200, -1.549999999999997800 ) ) ;
#2733 = EDGE_CURVE ( 'NONE', #5037, #1580, #2402, .T. ) ;
#2734 = DIRECTION ( 'NONE',  ( 0.0000000000000000000, 0.0000000000000000000, -1.000000000000000000 ) ) ;
#2735 = LINE ( 'NONE', #6440, #1711 ) ;
#2736 = PLANE ( 'NONE',  #2969 ) ;
#2737 = VERTEX_POINT ( 'NONE', #6518 ) ;
#2738 = FACE_OUTER_BOUND ( 'NONE', #5667, .T. ) ;
#2739 = ADVANCED_FACE ( 'NONE', ( #3674 ), #4790, .T. ) ;
#2740 = CARTESIAN_POINT ( 'NONE',  ( 5.398487006990691800, -1.157498943410820900, -0.8815067120431499000 ) ) ;
#2741 = VECTOR ( 'NONE', #2615, 1000.000000000000000 ) ;
#2742 = AXIS2_PLACEMENT_3D ( 'NONE', #6089, #3375, #4437 ) ;
#2743 =( LENGTH_UNIT ( ) NAMED_UNIT ( * ) SI_UNIT ( .MILLI., .METRE. ) );
#2744 = LINE ( 'NONE', #1208, #3860 ) ;
#2745 = ORIENTED_EDGE ( 'NONE', *, *, #2103, .F. ) ;
#2746 = EDGE_CURVE ( 'NONE', #1915, #2207, #1459, .T. ) ;
#2747 = MANIFOLD_SURFACE_SHAPE_REPRESENTATION ( '', ( #1489, #6687 ), #2761 ) ;
#2748 = ORIENTED_EDGE ( 'NONE', *, *, #1106, .F. ) ;
#2749 = ORIENTED_EDGE ( 'NONE', *, *, #5203, .T. ) ;
#2750 = ORIENTED_EDGE ( 'NONE', *, *, #3662, .F. ) ;
#2751 = DIRECTION ( 'NONE',  ( 1.000000000000000000, 0.0000000000000000000, -0.0000000000000000000 ) ) ;
#2752 = VECTOR ( 'NONE', #1151, 1000.000000000000000 ) ;
#2753 = CIRCLE ( 'NONE', #1544, 0.2499999999999906700 ) ;
#2754 = ORIENTED_EDGE ( 'NONE', *, *, #7049, .F. ) ;
#2755 = CARTESIAN_POINT ( 'NONE',  ( 3.119999999999991700, 1.932157287525372500, -2.658170100000123100E-017 ) ) ;
#2756 = DIRECTION ( 'NONE',  ( 1.000000000000000000, 0.0000000000000000000, 0.0000000000000000000 ) ) ;
#2757 = VERTEX_POINT ( 'NONE', #5937 ) ;
#2758 = EDGE_CURVE ( 'NONE', #2004, #4629, #4025, .T. ) ;
#2759 = ORIENTED_EDGE ( 'NONE', *, *, #6002, .T. ) ;
#2760 = EDGE_CURVE ( 'NONE', #5981, #197, #4448, .T. ) ;
#2761 =( GEOMETRIC_REPRESENTATION_CONTEXT ( 3 ) GLOBAL_UNCERTAINTY_ASSIGNED_CONTEXT ( ( #4022 ) ) GLOBAL_UNIT_ASSIGNED_CONTEXT ( ( #5291, #934, #980 ) ) REPRESENTATION_CONTEXT ( 'NONE', 'WORKASPACE' ) );
#2762 = ORIENTED_EDGE ( 'NONE', *, *, #6911, .T. ) ;
#2763 = VERTEX_POINT ( 'NONE', #467 ) ;
#2764 = CARTESIAN_POINT ( 'NONE',  ( -3.067898303399257700, -0.5099999999999931300, 9.390000000000007700 ) ) ;
#2765 = DIRECTION ( 'NONE',  ( 0.0000000000000000000, -0.0000000000000000000, -1.000000000000000000 ) ) ;
#2766 = CARTESIAN_POINT ( 'NONE',  ( 4.285685424949244600, 1.333487006990677900, -0.8815067120431439000 ) ) ;
#2767 = VERTEX_POINT ( 'NONE', #5917 ) ;
#2768 = ORIENTED_EDGE ( 'NONE', *, *, #4168, .T. ) ;
#2769 = DIRECTION ( 'NONE',  ( 0.5773502691896258400, -0.5773502691896254000, 0.5773502691896261800 ) ) ;
#2770 = VERTEX_POINT ( 'NONE', #5422 ) ;
#2771 = DIRECTION ( 'NONE',  ( 1.000000000000000000, 6.158712501750968100E-016, 0.0000000000000000000 ) ) ;
#2772 = DIRECTION ( 'NONE',  ( 1.000000000000000000, 0.0000000000000000000, 0.0000000000000000000 ) ) ;
#2773 = VECTOR ( 'NONE', #4006, 1000.000000000000000 ) ;
#2774 = EDGE_LOOP ( 'NONE', ( #5070, #5071, #4735, #535 ) ) ;
#2775 = DIRECTION ( 'NONE',  ( 1.000000000000000000, 0.0000000000000000000, 0.0000000000000000000 ) ) ;
#2776 = ORIENTED_EDGE ( 'NONE', *, *, #2356, .F. ) ;
#2777 = LINE ( 'NONE', #2305, #6090 ) ;
#2778 = ORIENTED_EDGE ( 'NONE', *, *, #417, .T. ) ;
#2779 = ADVANCED_FACE ( 'NONE', ( #3499 ), #1541, .T. ) ;
#2780 = ORIENTED_EDGE ( 'NONE', *, *, #1111, .T. ) ;
#2781 = FACE_OUTER_BOUND ( 'NONE', #6556, .T. ) ;
#2782 = DIRECTION ( 'NONE',  ( 1.000000000000000000, -0.0000000000000000000, 0.0000000000000000000 ) ) ;
#2783 = DIRECTION ( 'NONE',  ( 0.9762960071199337000, 0.0000000000000000000, 0.2164396139381008800 ) ) ;
#2784 = CARTESIAN_POINT ( 'NONE',  ( 3.030121042830554100, -0.6350000000000001200, -6.990000000000006400 ) ) ;
#2785 = CARTESIAN_POINT ( 'NONE',  ( 0.06245550429509160600, -3.380000000000043900, 5.355874884024033600 ) ) ;
#2786 = DIRECTION ( 'NONE',  ( 0.0000000000000000000, 1.000000000000000000, 0.0000000000000000000 ) ) ;
#2787 = EDGE_CURVE ( 'NONE', #4408, #6211, #608, .T. ) ;
#2788 = LINE ( 'NONE', #4813, #2451 ) ;
#2789 = DIRECTION ( 'NONE',  ( 1.000000000000000000, 0.0000000000000000000, 0.0000000000000000000 ) ) ;
#2790 = CARTESIAN_POINT ( 'NONE',  ( 5.997157287525386200, 2.215000000000004300, 1.778883931213799900E-017 ) ) ;
#2791 = DIRECTION ( 'NONE',  ( 0.0000000000000000000, -0.0000000000000000000, -1.000000000000000000 ) ) ;
#2792 = VECTOR ( 'NONE', #6566, 1000.000000000000000 ) ;
#2793 = AXIS2_PLACEMENT_3D ( 'NONE', #6725, #725, #1842 ) ;
#2794 = AXIS2_PLACEMENT_3D ( 'NONE', #5695, #1410, #785 ) ;
#2795 = CARTESIAN_POINT ( 'NONE',  ( 0.0000000000000000000, 1.462745097782693700, 0.5099999999999920200 ) ) ;
#2796 = EDGE_LOOP ( 'NONE', ( #5759, #5653, #3257, #1833 ) ) ;
#2797 = VECTOR ( 'NONE', #228, 1000.000000000000000 ) ;
#2798 = CARTESIAN_POINT ( 'NONE',  ( 1.730704481253710900, -3.380000000000043900, 6.130874884024089900 ) ) ;
#2799 = ORIENTED_EDGE ( 'NONE', *, *, #1709, .F. ) ;
#2800 = CARTESIAN_POINT ( 'NONE',  ( 4.085694307527456100, 1.333487006990677900, -0.7981150723133603200 ) ) ;
#2801 = EDGE_CURVE ( 'NONE', #4408, #5665, #1890, .T. ) ;
#2802 = ORIENTED_EDGE ( 'NONE', *, *, #421, .T. ) ;
#2803 = ORIENTED_EDGE ( 'NONE', *, *, #2017, .F. ) ;
#2804 = CARTESIAN_POINT ( 'NONE',  ( 3.072771161251025800, -3.030000000000046900, -5.421010862427522200E-017 ) ) ;
#2805 = VECTOR ( 'NONE', #1295, 1000.000000000000000 ) ;
#2806 = CARTESIAN_POINT ( 'NONE',  ( -5.080000000000001000, 1.015000000000004100, -1.549999999999997800 ) ) ;
#2807 = ADVANCED_FACE ( 'NONE', ( #6053 ), #4838, .T. ) ;
#2808 = VECTOR ( 'NONE', #3572, 1000.000000000000000 ) ;
#2809 = DIRECTION ( 'NONE',  ( -1.212738566938660700E-016, -1.000000000000000000, 4.943482473272906000E-017 ) ) ;
#2810 = ORIENTED_EDGE ( 'NONE', *, *, #5486, .T. ) ;
#2811 = DIRECTION ( 'NONE',  ( 0.0000000000000000000, 0.0000000000000000000, -1.000000000000000000 ) ) ;
#2812 = LINE ( 'NONE', #6843, #850 ) ;
#2813 = DIRECTION ( 'NONE',  ( 0.0000000000000000000, 0.0000000000000000000, 1.000000000000000000 ) ) ;
#2814 = VERTEX_POINT ( 'NONE', #4274 ) ;
#2815 = FACE_OUTER_BOUND ( 'NONE', #359, .T. ) ;
#2816 = VECTOR ( 'NONE', #2245, 1000.000000000000000 ) ;
#2817 = ORIENTED_EDGE ( 'NONE', *, *, #2801, .F. ) ;
#2818 = VECTOR ( 'NONE', #3249, 1000.000000000000000 ) ;
#2819 = DIRECTION ( 'NONE',  ( 0.2027126583464099700, -0.9792382642371220100, 0.0000000000000000000 ) ) ;
#2820 = LINE ( 'NONE', #3465, #3152 ) ;
#2821 = VERTEX_POINT ( 'NONE', #5373 ) ;
#2822 =( BOUNDED_CURVE ( )  B_SPLINE_CURVE ( 3, ( #290, #2426, #5180, #5127 ),
 .UNSPECIFIED., .F., .T. ) 
 B_SPLINE_CURVE_WITH_KNOTS ( ( 4, 4 ),
 ( 3.141592653589793100, 4.712388980384689700 ),
 .UNSPECIFIED. ) 
 CURVE ( )  GEOMETRIC_REPRESENTATION_ITEM ( )  RATIONAL_B_SPLINE_CURVE ( ( 1.000000000000000000, 0.8047378541243649400, 0.8047378541243649400, 1.000000000000000000 ) ) 
 REPRESENTATION_ITEM ( '' )  );
#2823 = LINE ( 'NONE', #3119, #3155 ) ;
#2824 = AXIS2_PLACEMENT_3D ( 'NONE', #2677, #6484, #1062 ) ;
#2825 = CARTESIAN_POINT ( 'NONE',  ( 3.402842712474618100, -2.215000000000004300, 1.778883931213717000E-017 ) ) ;
#2826 = ORIENTED_EDGE ( 'NONE', *, *, #1433, .T. ) ;
#2827 = VECTOR ( 'NONE', #5610, 1000.000000000000000 ) ;
#2828 = PRODUCT ( '100SP1T2B4M7RE', '100SP1T2B4M7RE', '', ( #5404 ) ) ;
#2829 = DIRECTION ( 'NONE',  ( -0.0000000000000000000, -0.0000000000000000000, -1.000000000000000000 ) ) ;
#2830 = EDGE_CURVE ( 'NONE', #3604, #914, #3849, .T. ) ;
#2831 = CARTESIAN_POINT ( 'NONE',  ( 0.0000000000000000000, -2.920000000000029700, 0.6999999999999940700 ) ) ;
#2832 = CARTESIAN_POINT ( 'NONE',  ( 0.3800000000000040600, 1.015000000000004100, 0.0000000000000000000 ) ) ;
#2833 = LINE ( 'NONE', #3168, #2741 ) ;
#2834 = CARTESIAN_POINT ( 'NONE',  ( 0.06245550429509160600, -3.380000000000043900, 4.963528991902274300 ) ) ;
#2835 = ORIENTED_EDGE ( 'NONE', *, *, #697, .T. ) ;
#2836 = EDGE_CURVE ( 'NONE', #3099, #4895, #3412, .T. ) ;
#2837 = ORIENTED_EDGE ( 'NONE', *, *, #6983, .F. ) ;
#2838 = ORIENTED_EDGE ( 'NONE', *, *, #2620, .F. ) ;
#2839 = CARTESIAN_POINT ( 'NONE',  ( 4.750000000000000000, 3.429999999999920700, 0.4000000000000002400 ) ) ;
#2840 = DIRECTION ( 'NONE',  ( 1.000000000000000000, 0.0000000000000000000, 0.0000000000000000000 ) ) ;
#2841 = DIRECTION ( 'NONE',  ( -1.000000000000000000, -0.0000000000000000000, -0.0000000000000000000 ) ) ;
#2842 = AXIS2_PLACEMENT_3D ( 'NONE', #6865, #3587, #332 ) ;
#2843 = VECTOR ( 'NONE', #2691, 1000.000000000000000 ) ;
#2844 = EDGE_CURVE ( 'NONE', #1802, #3624, #5305, .T. ) ;
#2845 = ORIENTED_EDGE ( 'NONE', *, *, #2355, .F. ) ;
#2846 = CARTESIAN_POINT ( 'NONE',  ( 2.328693082000000200E-016, -1.079998094000000000E-015, 9.390000000000007700 ) ) ;
#2847 = CARTESIAN_POINT ( 'NONE',  ( 4.750000000000000000, -2.670000000000013700, 8.890000000000002300 ) ) ;
#2848 = VERTEX_POINT ( 'NONE', #38 ) ;
#2849 = EDGE_LOOP ( 'NONE', ( #3445, #7050, #2826, #845 ) ) ;
#2850 = ADVANCED_FACE ( 'NONE', ( #5722 ), #3362, .T. ) ;
#2851 = CARTESIAN_POINT ( 'NONE',  ( -0.3800000000000040600, 1.015000000000004100, 0.0000000000000000000 ) ) ;
#2852 = DIRECTION ( 'NONE',  ( 0.0000000000000000000, 0.0000000000000000000, 1.000000000000000000 ) ) ;
#2853 = EDGE_CURVE ( 'NONE', #3164, #2723, #6395, .T. ) ;
#2854 = EDGE_CURVE ( 'NONE', #4382, #6837, #2568, .T. ) ;
#2855 = ORIENTED_EDGE ( 'NONE', *, *, #1515, .F. ) ;
#2856 = FACE_OUTER_BOUND ( 'NONE', #4055, .T. ) ;
#2857 = CARTESIAN_POINT ( 'NONE',  ( -2.100000000000009000, 3.059146347820945600E-015, 14.67999999999998000 ) ) ;
#2858 = VERTEX_POINT ( 'NONE', #1658 ) ;
#2859 = EDGE_LOOP ( 'NONE', ( #4945, #4287, #5369, #6447 ) ) ;
#2860 = CARTESIAN_POINT ( 'NONE',  ( 2.864554677647259200, 2.024174563873408300, 0.5099999999999920200 ) ) ;
#2861 = CARTESIAN_POINT ( 'NONE',  ( -4.750000000000000000, 2.669999999999988400, 8.380000000000009700 ) ) ;
#2862 = FACE_BOUND ( 'NONE', #5849, .T. ) ;
#2863 = DIRECTION ( 'NONE',  ( -1.000000000000000000, -0.0000000000000000000, 0.0000000000000000000 ) ) ;
#2864 = DIRECTION ( 'NONE',  ( -1.000000000000000000, -0.0000000000000000000, 0.0000000000000000000 ) ) ;
#2865 = ORIENTED_EDGE ( 'NONE', *, *, #4453, .T. ) ;
#2866 = AXIS2_PLACEMENT_3D ( 'NONE', #4900, #1122, #3220 ) ;
#2867 = DIRECTION ( 'NONE',  ( 1.008226854104272900E-011, 1.000000000000000000, 2.238774668961758900E-012 ) ) ;
#2868 = CARTESIAN_POINT ( 'NONE',  ( -4.099303881165688800, -1.257350442411906200, -0.9210623386218863600 ) ) ;
#2869 = CARTESIAN_POINT ( 'NONE',  ( -2.100000000000008500, -4.200000000000011700, 6.279999999999954100 ) ) ;
#2870 = VERTEX_POINT ( 'NONE', #101 ) ;
#2871 = DIRECTION ( 'NONE',  ( 0.2164396139384385500, 1.587937903498760300E-012, -0.9762960071198589800 ) ) ;
#2872 = CARTESIAN_POINT ( 'NONE',  ( -5.997157287525386200, -2.215000000000004300, 1.778883931213799900E-017 ) ) ;
#2873 = DIRECTION ( 'NONE',  ( 1.000000000000000000, 0.0000000000000000000, -0.0000000000000000000 ) ) ;
#2874 = FACE_OUTER_BOUND ( 'NONE', #3791, .T. ) ;
#2875 = CARTESIAN_POINT ( 'NONE',  ( 6.280000000000003800, -2.111472381958990200, 0.0000000000000000000 ) ) ;
#2876 = CARTESIAN_POINT ( 'NONE',  ( -4.750000000000000000, 3.429999999999920700, 0.0000000000000000000 ) ) ;
#2877 = DIRECTION ( 'NONE',  ( 0.0000000000000000000, 1.000000000000000000, 0.0000000000000000000 ) ) ;
#2878 = PLANE ( 'NONE',  #2953 ) ;
#2879 = DIRECTION ( 'NONE',  ( -0.3774734178109789300, 0.0000000000000000000, -0.9260204203180932800 ) ) ;
#2880 = EDGE_CURVE ( 'NONE', #1242, #435, #4270, .T. ) ;
#2881 = ADVANCED_FACE ( 'NONE', ( #1124 ), #3845, .T. ) ;
#2882 = CARTESIAN_POINT ( 'NONE',  ( -3.119999999999991700, -1.932157287525378300, -1.329084750000061700E-017 ) ) ;
#2883 = EDGE_LOOP ( 'NONE', ( #2514, #2928, #1880, #3949 ) ) ;
#2884 = VECTOR ( 'NONE', #1914, 1000.000000000000000 ) ;
#2885 = CARTESIAN_POINT ( 'NONE',  ( -3.119999999999991700, -2.215000000000004700, 0.0000000000000000000 ) ) ;
#2886 = DIRECTION ( 'NONE',  ( -0.5773502691896255100, -0.5773502691896258400, 0.5773502691896260600 ) ) ;
#2887 = DIRECTION ( 'NONE',  ( 0.0000000000000000000, 0.0000000000000000000, 1.000000000000000000 ) ) ;
#2888 = DIRECTION ( 'NONE',  ( 0.0000000000000000000, -0.0000000000000000000, -1.000000000000000000 ) ) ;
#2889 = EDGE_CURVE ( 'NONE', #4395, #2611, #6755, .T. ) ;
#2890 = VERTEX_POINT ( 'NONE', #1681 ) ;
#2891 = LINE ( 'NONE', #7030, #2967 ) ;
#2892 = EDGE_CURVE ( 'NONE', #4970, #4799, #1631, .T. ) ;
#2893 = CARTESIAN_POINT ( 'NONE',  ( 4.001512993009319200, -1.049314575050752200, -0.8815067120431443500 ) ) ;
#2894 = ORIENTED_EDGE ( 'NONE', *, *, #5642, .F. ) ;
#2895 = ORIENTED_EDGE ( 'NONE', *, *, #3801, .T. ) ;
#2896 = LINE ( 'NONE', #4678, #6654 ) ;
#2897 = CARTESIAN_POINT ( 'NONE',  ( 6.249999999999994700, -1.930000000000001700, 8.890000000000000600 ) ) ;
#2898 = DIRECTION ( 'NONE',  ( -0.0000000000000000000, -0.0000000000000000000, -1.000000000000000000 ) ) ;
#2899 = DIRECTION ( 'NONE',  ( 1.000000000000000000, 0.0000000000000000000, 0.0000000000000000000 ) ) ;
#2900 = LINE ( 'NONE', #968, #4 ) ;
#2901 = CARTESIAN_POINT ( 'NONE',  ( 4.750000000000000000, 3.387704674639915300, 8.380000000000009700 ) ) ;
#2902 = DIRECTION ( 'NONE',  ( 0.0000000000000000000, 0.0000000000000000000, 1.000000000000000000 ) ) ;
#2903 = EDGE_LOOP ( 'NONE', ( #6914, #5314, #6726, #1370 ) ) ;
#2904 = VECTOR ( 'NONE', #6943, 1000.000000000000000 ) ;
#2905 = CARTESIAN_POINT ( 'NONE',  ( -0.5607233075704620700, 1.333487006990677700, -0.8522048541031114200 ) ) ;
#2906 = DIRECTION ( 'NONE',  ( 0.0000000000000000000, 1.000000000000000000, 0.0000000000000000000 ) ) ;
#2907 = CYLINDRICAL_SURFACE ( 'NONE', #3780, 0.4000000000000003000 ) ;
#2908 = DIRECTION ( 'NONE',  ( 0.0000000000000000000, -0.0000000000000000000, -1.000000000000000000 ) ) ;
#2909 = DIRECTION ( 'NONE',  ( 1.000000000000000000, 0.0000000000000000000, -0.0000000000000000000 ) ) ;
#2910 = VERTEX_POINT ( 'NONE', #1722 ) ;
#2911 = LINE ( 'NONE', #5435, #3677 ) ;
#2912 = AXIS2_PLACEMENT_3D ( 'NONE', #2851, #682, #754 ) ;
#2913 = DIRECTION ( 'NONE',  ( -0.0000000000000000000, -0.0000000000000000000, -1.000000000000000000 ) ) ;
#2914 = CARTESIAN_POINT ( 'NONE',  ( 1.277228838748928800, -3.030000000000046900, 0.0000000000000000000 ) ) ;
#2915 = LINE ( 'NONE', #985, #6154 ) ;
#2916 = ORIENTED_EDGE ( 'NONE', *, *, #1345, .T. ) ;
#2917 = ADVANCED_FACE ( 'NONE', ( #5148 ), #5534, .T. ) ;
#2918 = CARTESIAN_POINT ( 'NONE',  ( 1.144916938000000200E-015, -1.450229002000000200E-014, 8.380000000000009700 ) ) ;
#2919 = DIRECTION ( 'NONE',  ( -0.0000000000000000000, 0.0000000000000000000, 1.000000000000000000 ) ) ;
#2920 = VERTEX_POINT ( 'NONE', #1157 ) ;
#2921 = LINE ( 'NONE', #7073, #2752 ) ;
#2922 = CARTESIAN_POINT ( 'NONE',  ( 2.100000000000006300, 2.801970520000000400E-015, 14.67999999999998000 ) ) ;
#2923 = AXIS2_PLACEMENT_3D ( 'NONE', #420, #376, #6948 ) ;
#2924 = LINE ( 'NONE', #3082, #5745 ) ;
#2925 = ORIENTED_EDGE ( 'NONE', *, *, #4316, .T. ) ;
#2926 = EDGE_CURVE ( 'NONE', #5995, #4857, #4196, .T. ) ;
#2927 = VERTEX_POINT ( 'NONE', #5513 ) ;
#2928 = ORIENTED_EDGE ( 'NONE', *, *, #5528, .F. ) ;
#2929 = CARTESIAN_POINT ( 'NONE',  ( 6.447796052631583800, 0.6350000000000001200, -3.222203947368421400 ) ) ;
#2930 = ORIENTED_EDGE ( 'NONE', *, *, #4030, .F. ) ;
#2931 = CARTESIAN_POINT ( 'NONE',  ( -0.6984870069906755600, 1.049314575050752200, -0.8815067120431462300 ) ) ;
#2932 = ORIENTED_EDGE ( 'NONE', *, *, #300, .F. ) ;
#2933 = CARTESIAN_POINT ( 'NONE',  ( -4.319999999999992300, 1.015000000000004100, -1.549999999999997800 ) ) ;
#2934 = CARTESIAN_POINT ( 'NONE',  ( 5.580000000000007200, -0.6350000000000001200, -3.180000000000005900 ) ) ;
#2935 = ORIENTED_EDGE ( 'NONE', *, *, #1400, .F. ) ;
#2936 =( GEOMETRIC_REPRESENTATION_CONTEXT ( 3 ) GLOBAL_UNCERTAINTY_ASSIGNED_CONTEXT ( ( #2531 ) ) GLOBAL_UNIT_ASSIGNED_CONTEXT ( ( #331, #3488, #264 ) ) REPRESENTATION_CONTEXT ( 'NONE', 'WORKASPACE' ) );
#2937 = PLANE ( 'NONE',  #4154 ) ;
#2938 = LINE ( 'NONE', #960, #1332 ) ;
#2939 = CARTESIAN_POINT ( 'NONE',  ( 1.485445322352685600, 2.024174563873356400, 0.0000000000000000000 ) ) ;
#2940 = EDGE_CURVE ( 'NONE', #3302, #3236, #3234, .T. ) ;
#2941 = VERTEX_POINT ( 'NONE', #3261 ) ;
#2942 = ORIENTED_EDGE ( 'NONE', *, *, #2481, .F. ) ;
#2943 = CARTESIAN_POINT ( 'NONE',  ( 5.397157287525380400, 1.049314575050752700, -0.8828427124746200900 ) ) ;
#2944 = CIRCLE ( 'NONE', #2480, 0.4000000000000003000 ) ;
#2945 = CARTESIAN_POINT ( 'NONE',  ( 4.177501056589175500, -1.049314575050752200, -0.9999999999999877900 ) ) ;
#2946 = EDGE_CURVE ( 'NONE', #3356, #6011, #276, .T. ) ;
#2947 = EDGE_CURVE ( 'NONE', #5212, #2757, #2495, .T. ) ;
#2948 = SURFACE_STYLE_USAGE ( .BOTH. , #1374 ) ;
#2949 = LINE ( 'NONE', #5974, #7046 ) ;
#2950 = CARTESIAN_POINT ( 'NONE',  ( 2.328693082000000200E-016, -1.079998094000000000E-015, 9.390000000000007700 ) ) ;
#2951 = ADVANCED_FACE ( 'NONE', ( #5381 ), #750, .T. ) ;
#2952 = VECTOR ( 'NONE', #6099, 1000.000000000000200 ) ;
#2953 = AXIS2_PLACEMENT_3D ( 'NONE', #3420, #5552, #1767 ) ;
#2954 = CARTESIAN_POINT ( 'NONE',  ( -1.063225179635456400, -3.430000000000021900, 6.547201937963128800 ) ) ;
#2955 = DIRECTION ( 'NONE',  ( -1.000000000000000000, 0.0000000000000000000, -0.0000000000000000000 ) ) ;
#2956 = CARTESIAN_POINT ( 'NONE',  ( -1.076621144288359300, -3.380000000000043900, 5.322201937963178000 ) ) ;
#2957 = UNCERTAINTY_MEASURE_WITH_UNIT (LENGTH_MEASURE( 1.000000000000000100E-005 ), #4331, 'distance_accuracy_value', 'NONE');
#2958 = VECTOR ( 'NONE', #4763, 1000.000000000000000 ) ;
#2959 = DIRECTION ( 'NONE',  ( -0.0000000000000000000, 0.0000000000000000000, -1.000000000000000000 ) ) ;
#2960 = AXIS2_PLACEMENT_3D ( 'NONE', #327, #6803, #344 ) ;
#2961 = EDGE_CURVE ( 'NONE', #5717, #6764, #4110, .T. ) ;
#2962 = VECTOR ( 'NONE', #4098, 1000.000000000000000 ) ;
#2963 = CARTESIAN_POINT ( 'NONE',  ( -0.3800000000000040600, -1.015000000000004100, -1.549999999999997800 ) ) ;
#2964 = EDGE_CURVE ( 'NONE', #4778, #579, #450, .T. ) ;
#2965 = EDGE_LOOP ( 'NONE', ( #5996, #1316, #6492, #3122 ) ) ;
#2966 = DIRECTION ( 'NONE',  ( 0.0000000000000000000, -0.0000000000000000000, -1.000000000000000000 ) ) ;
#2967 = VECTOR ( 'NONE', #3762, 1000.000000000000000 ) ;
#2968 = CARTESIAN_POINT ( 'NONE',  ( -4.750000000000000000, 2.919999999999978600, 0.0000000000000000000 ) ) ;
#2969 = AXIS2_PLACEMENT_3D ( 'NONE', #2170, #6537, #1053 ) ;
#2970 = DIRECTION ( 'NONE',  ( -1.000000000000000000, 0.0000000000000000000, 0.0000000000000000000 ) ) ;
#2971 = EDGE_CURVE ( 'NONE', #2627, #2083, #2314, .T. ) ;
#2972 = DIRECTION ( 'NONE',  ( -0.0000000000000000000, -1.000000000000000000, 0.0000000000000000000 ) ) ;
#2973 = ORIENTED_EDGE ( 'NONE', *, *, #666, .F. ) ;
#2974 = CARTESIAN_POINT ( 'NONE',  ( 9.530000000000004700, 0.6350000000000001200, -3.940000000000013700 ) ) ;
#2975 = FACE_OUTER_BOUND ( 'NONE', #3675, .T. ) ;
#2976 = DIRECTION ( 'NONE',  ( -0.0000000000000000000, 0.0000000000000000000, -1.000000000000000000 ) ) ;
#2977 = FACE_OUTER_BOUND ( 'NONE', #4473, .T. ) ;
#2978 = DIRECTION ( 'NONE',  ( 1.000000000000000000, 0.0000000000000000000, -0.0000000000000000000 ) ) ;
#2979 = EDGE_CURVE ( 'NONE', #6177, #641, #3768, .T. ) ;
#2980 = EDGE_CURVE ( 'NONE', #6872, #6933, #4122, .T. ) ;
#2981 = DIRECTION ( 'NONE',  ( 0.0000000000000000000, -0.0000000000000000000, 1.000000000000000000 ) ) ;
#2982 = ORIENTED_EDGE ( 'NONE', *, *, #5224, .F. ) ;
#2983 = VECTOR ( 'NONE', #2140, 1000.000000000000000 ) ;
#2984 = ORIENTED_EDGE ( 'NONE', *, *, #5672, .F. ) ;
#2985 = ADVANCED_FACE ( 'NONE', ( #6840 ), #3939, .T. ) ;
#2986 = CARTESIAN_POINT ( 'NONE',  ( -5.322350442411914400, -1.049314575050752400, -0.9583642496800640600 ) ) ;
#2987 = VECTOR ( 'NONE', #4851, 1000.000000000000000 ) ;
#2988 = ORIENTED_EDGE ( 'NONE', *, *, #2284, .T. ) ;
#2989 = FACE_OUTER_BOUND ( 'NONE', #4441, .T. ) ;
#2990 = CARTESIAN_POINT ( 'NONE',  ( 4.699999999999996600, 9.416625820000001700E-016, -1.549999999999997800 ) ) ;
#2991 = DIRECTION ( 'NONE',  ( 0.0000000000000000000, -0.0000000000000000000, -1.000000000000000000 ) ) ;
#2992 = CARTESIAN_POINT ( 'NONE',  ( -2.892901730632604400, 2.982709663979260500E-015, 21.54995509618096200 ) ) ;
#2993 = ORIENTED_EDGE ( 'NONE', *, *, #1848, .T. ) ;
#2994 = LINE ( 'NONE', #4003, #4795 ) ;
#2995 = VERTEX_POINT ( 'NONE', #678 ) ;
#2996 = LINE ( 'NONE', #6692, #4986 ) ;
#2997 = ORIENTED_EDGE ( 'NONE', *, *, #805, .T. ) ;
#2998 = FACE_OUTER_BOUND ( 'NONE', #33, .T. ) ;
#2999 = PLANE ( 'NONE',  #384 ) ;
#3000 = VERTEX_POINT ( 'NONE', #2392 ) ;
#3001 = CARTESIAN_POINT ( 'NONE',  ( 1.304948799286031100, -3.380000000000043900, 4.997201937963131600 ) ) ;
#3002 = CARTESIAN_POINT ( 'NONE',  ( -1.277228838748973900, -3.030000000000046900, -5.421010862427522200E-017 ) ) ;
#3003 = LINE ( 'NONE', #7035, #4636 ) ;
#3004 = LINE ( 'NONE', #1142, #3773 ) ;
#3005 = ORIENTED_EDGE ( 'NONE', *, *, #141, .T. ) ;
#3006 = DIRECTION ( 'NONE',  ( 0.2027126583463560700, 0.9792382642371332300, 0.0000000000000000000 ) ) ;
#3007 = ORIENTED_EDGE ( 'NONE', *, *, #5906, .T. ) ;
#3008 = VERTEX_POINT ( 'NONE', #6175 ) ;
#3009 = CARTESIAN_POINT ( 'NONE',  ( -5.222498943410832000, -1.157498943410819200, -0.9999999999999896700 ) ) ;
#3010 = CARTESIAN_POINT ( 'NONE',  ( -1.300000000000001800, 2.920000000000003000, 0.6999999999999940700 ) ) ;
#3011 = FACE_OUTER_BOUND ( 'NONE', #4645, .T. ) ;
#3012 = ORIENTED_EDGE ( 'NONE', *, *, #2889, .T. ) ;
#3013 = VERTEX_POINT ( 'NONE', #6729 ) ;
#3014 = CARTESIAN_POINT ( 'NONE',  ( -2.357898303399244900, -0.5099999999999920200, 9.390000000000007700 ) ) ;
#3015 = EDGE_LOOP ( 'NONE', ( #1382, #1998, #3169, #2220 ) ) ;
#3016 = ORIENTED_EDGE ( 'NONE', *, *, #6532, .F. ) ;
#3017 = EDGE_CURVE ( 'NONE', #1720, #2595, #5231, .T. ) ;
#3018 = ORIENTED_EDGE ( 'NONE', *, *, #6896, .T. ) ;
#3019 = CIRCLE ( 'NONE', #2194, 0.7041745638733795100 ) ;
#3020 = ORIENTED_EDGE ( 'NONE', *, *, #6129, .F. ) ;
#3021 = ORIENTED_EDGE ( 'NONE', *, *, #6583, .F. ) ;
#3022 = EDGE_CURVE ( 'NONE', #5485, #4041, #6657, .T. ) ;
#3023 = AXIS2_PLACEMENT_3D ( 'NONE', #4236, #2591, #2610 ) ;
#3024 = LINE ( 'NONE', #2897, #734 ) ;
#3025 = ORIENTED_EDGE ( 'NONE', *, *, #3560, .F. ) ;
#3026 = DIRECTION ( 'NONE',  ( 1.000000000000000000, 0.0000000000000000000, 0.0000000000000000000 ) ) ;
#3027 = ORIENTED_EDGE ( 'NONE', *, *, #1670, .T. ) ;
#3028 = ORIENTED_EDGE ( 'NONE', *, *, #6604, .T. ) ;
#3029 = ORIENTED_EDGE ( 'NONE', *, *, #706, .F. ) ;
#3030 = VECTOR ( 'NONE', #6380, 1000.000000000000000 ) ;
#3031 = DIRECTION ( 'NONE',  ( 0.0000000000000000000, 0.0000000000000000000, 1.000000000000000000 ) ) ;
#3032 = LINE ( 'NONE', #1004, #3471 ) ;
#3033 = DIRECTION ( 'NONE',  ( 1.000000000000000000, -0.0000000000000000000, 0.0000000000000000000 ) ) ;
#3034 = FACE_OUTER_BOUND ( 'NONE', #2506, .T. ) ;
#3035 = DIRECTION ( 'NONE',  ( -1.000000000000000000, 0.0000000000000000000, -0.0000000000000000000 ) ) ;
#3036 = DIRECTION ( 'NONE',  ( 0.0000000000000000000, -1.000000000000000000, 0.0000000000000000000 ) ) ;
#3037 = ADVANCED_FACE ( 'NONE', ( #6239 ), #768, .T. ) ;
#3038 = DIRECTION ( 'NONE',  ( -0.5773502691896258400, 0.5773502691896258400, 0.5773502691896258400 ) ) ;
#3039 = ORIENTED_EDGE ( 'NONE', *, *, #4296, .T. ) ;
#3040 = LINE ( 'NONE', #4631, #2884 ) ;
#3041 = ORIENTED_EDGE ( 'NONE', *, *, #23, .F. ) ;
#3042 = AXIS2_PLACEMENT_3D ( 'NONE', #6586, #601, #4421 ) ;
#3043 = AXIS2_PLACEMENT_3D ( 'NONE', #5593, #5152, #1307 ) ;
#3044 = EDGE_CURVE ( 'NONE', #6933, #3139, #3931, .T. ) ;
#3045 = ORIENTED_EDGE ( 'NONE', *, *, #387, .T. ) ;
#3046 = VERTEX_POINT ( 'NONE', #5589 ) ;
#3047 = LINE ( 'NONE', #5138, #4774 ) ;
#3048 = DIRECTION ( 'NONE',  ( -1.000000000000000000, -0.0000000000000000000, 0.0000000000000000000 ) ) ;
#3049 = DIRECTION ( 'NONE',  ( 0.0000000000000000000, 1.000000000000000000, 0.0000000000000000000 ) ) ;
#3050 = EDGE_CURVE ( 'NONE', #3714, #200, #7002, .T. ) ;
#3051 = CARTESIAN_POINT ( 'NONE',  ( -0.5607233075704636200, -1.333487006990678100, -0.8522048541031105300 ) ) ;
#3052 = CARTESIAN_POINT ( 'NONE',  ( -4.750000000000000000, -3.429999999999996600, 0.0000000000000000000 ) ) ;
#3053 = VERTEX_POINT ( 'NONE', #2311 ) ;
#3054 = CYLINDRICAL_SURFACE ( 'NONE', #4958, 0.4000000000000004100 ) ;
#3055 = AXIS2_PLACEMENT_3D ( 'NONE', #1169, #6021, #90 ) ;
#3056 = EDGE_CURVE ( 'NONE', #6451, #324, #3584, .T. ) ;
#3057 = LINE ( 'NONE', #1452, #5712 ) ;
#3058 = DIRECTION ( 'NONE',  ( 0.0000000000000000000, 0.0000000000000000000, 1.000000000000000000 ) ) ;
#3059 = DIRECTION ( 'NONE',  ( 0.0000000000000000000, 0.0000000000000000000, -1.000000000000000000 ) ) ;
#3060 = ORIENTED_EDGE ( 'NONE', *, *, #5276, .F. ) ;
#3061 = CIRCLE ( 'NONE', #1931, 0.2499999999999906700 ) ;
#3062 = DIRECTION ( 'NONE',  ( 1.000000000000000000, 0.0000000000000000000, 0.0000000000000000000 ) ) ;
#3063 = EDGE_CURVE ( 'NONE', #6049, #4096, #2656, .T. ) ;
#3064 = EDGE_CURVE ( 'NONE', #1535, #6006, #6063, .T. ) ;
#3065 = CARTESIAN_POINT ( 'NONE',  ( 4.749999999999980500, -2.920000000000010600, 0.0000000000000000000 ) ) ;
#3066 = VECTOR ( 'NONE', #84, 1000.000000000000000 ) ;
#3067 = VECTOR ( 'NONE', #2192, 1000.000000000000000 ) ;
#3068 = CARTESIAN_POINT ( 'NONE',  ( 4.319999999999992300, 1.015000000000004100, -0.9999999999999879000 ) ) ;
#3069 = VERTEX_POINT ( 'NONE', #1939 ) ;
#3070 = CARTESIAN_POINT ( 'NONE',  ( -2.357898303399244900, -0.5100000000658052600, 16.47757706731401600 ) ) ;
#3071 = FACE_OUTER_BOUND ( 'NONE', #1423, .T. ) ;
#3072 = CARTESIAN_POINT ( 'NONE',  ( 6.249999999999993800, 3.180000000000005500, 9.390000000000007700 ) ) ;
#3073 = LINE ( 'NONE', #5992, #6499 ) ;
#3074 = FACE_OUTER_BOUND ( 'NONE', #4695, .T. ) ;
#3075 = EDGE_LOOP ( 'NONE', ( #4702, #4124, #4560, #1964 ) ) ;
#3076 = DIRECTION ( 'NONE',  ( 1.000000000000000000, 0.0000000000000000000, 0.0000000000000000000 ) ) ;
#3077 = EDGE_LOOP ( 'NONE', ( #2432, #3531, #1185, #4709, #4906 ) ) ;
#3078 = ADVANCED_FACE ( 'NONE', ( #2998 ), #2461, .T. ) ;
#3079 = AXIS2_PLACEMENT_3D ( 'NONE', #6648, #6137, #3986 ) ;
#3080 = EDGE_LOOP ( 'NONE', ( #130, #886, #2666, #6785 ) ) ;
#3081 = CARTESIAN_POINT ( 'NONE',  ( -4.046895141649740100, 1.288104858350256800, -0.3612097167005086700 ) ) ;
#3082 = CARTESIAN_POINT ( 'NONE',  ( 3.050000000000018000, 2.919999999999978600, 0.0000000000000000000 ) ) ;
#3083 = LINE ( 'NONE', #2831, #1649 ) ;
#3084 = LINE ( 'NONE', #5021, #2327 ) ;
#3085 = VERTEX_POINT ( 'NONE', #2956 ) ;
#3086 = CARTESIAN_POINT ( 'NONE',  ( 4.319999999999992300, 1.015000000000004100, 0.0000000000000000000 ) ) ;
#3087 = EDGE_LOOP ( 'NONE', ( #3751, #2412, #3369, #1338 ) ) ;
#3088 = ORIENTED_EDGE ( 'NONE', *, *, #7007, .F. ) ;
#3089 = CARTESIAN_POINT ( 'NONE',  ( -4.750000000000000000, 2.669999999999988400, 8.129999999999993700 ) ) ;
#3090 = VERTEX_POINT ( 'NONE', #3598 ) ;
#3091 = AXIS2_PLACEMENT_3D ( 'NONE', #7070, #6023, #49 ) ;
#3092 = VERTEX_POINT ( 'NONE', #6215 ) ;
#3093 = CARTESIAN_POINT ( 'NONE',  ( 3.119999999999992100, -1.932157287525378300, -5.421010862427522200E-017 ) ) ;
#3094 = EDGE_CURVE ( 'NONE', #2471, #5037, #854, .T. ) ;
#3095 = EDGE_LOOP ( 'NONE', ( #2838, #1071, #3715, #5215 ) ) ;
#3096 = DIRECTION ( 'NONE',  ( -0.0000000000000000000, 0.0000000000000000000, 1.000000000000000000 ) ) ;
#3097 = DIRECTION ( 'NONE',  ( 1.000000000000000000, 0.0000000000000000000, -0.0000000000000000000 ) ) ;
#3098 = ORIENTED_EDGE ( 'NONE', *, *, #4430, .T. ) ;
#3099 = VERTEX_POINT ( 'NONE', #6800 ) ;
#3100 = ORIENTED_EDGE ( 'NONE', *, *, #3757, .F. ) ;
#3101 = CARTESIAN_POINT ( 'NONE',  ( 1.299999999999956300, -2.920000000000029700, 0.5099999999999921300 ) ) ;
#3102 = AXIS2_PLACEMENT_3D ( 'NONE', #1741, #3965, #120 ) ;
#3103 = LINE ( 'NONE', #1707, #6949 ) ;
#3104 = CARTESIAN_POINT ( 'NONE',  ( 5.260723307570478000, 1.333487006990673700, -0.8522048541031189700 ) ) ;
#3105 = EDGE_CURVE ( 'NONE', #4992, #4581, #693, .T. ) ;
#3106 = DIRECTION ( 'NONE',  ( -1.000000000000000000, -0.0000000000000000000, -0.0000000000000000000 ) ) ;
#3107 = LINE ( 'NONE', #1350, #4324 ) ;
#3108 = DIRECTION ( 'NONE',  ( 1.000000000000000000, 0.0000000000000000000, 0.0000000000000000000 ) ) ;
#3109 = EDGE_CURVE ( 'NONE', #1222, #7061, #1041, .T. ) ;
#3110 = ADVANCED_FACE ( 'NONE', ( #5392 ), #5751, .T. ) ;
#3111 = DIRECTION ( 'NONE',  ( 0.2164396139384385500, 1.587937903498760300E-012, -0.9762960071198589800 ) ) ;
#3112 = DIRECTION ( 'NONE',  ( 1.000000000000000000, 0.0000000000000000000, 0.0000000000000000000 ) ) ;
#3113 = EDGE_CURVE ( 'NONE', #2910, #4121, #7013, .T. ) ;
#3114 = ADVANCED_FACE ( 'NONE', ( #1213 ), #5199, .F. ) ;
#3115 = CIRCLE ( 'NONE', #4903, 3.110000000000006500 ) ;
#3116 = CARTESIAN_POINT ( 'NONE',  ( 1.570772646475779900, -3.380000000000043900, 5.738528991902222200 ) ) ;
#3117 = CARTESIAN_POINT ( 'NONE',  ( -1.076621144288371500, -3.430000000000021900, 5.322201937963183300 ) ) ;
#3118 = DIRECTION ( 'NONE',  ( -0.0000000000000000000, -0.0000000000000000000, -1.000000000000000000 ) ) ;
#3119 = CARTESIAN_POINT ( 'NONE',  ( 5.997157287525393300, 2.215000000000004700, -3.726485999999844800E-017 ) ) ;
#3120 = LINE ( 'NONE', #1199, #4419 ) ;
#3121 = PLANE ( 'NONE',  #2923 ) ;
#3122 = ORIENTED_EDGE ( 'NONE', *, *, #3723, .F. ) ;
#3123 = LINE ( 'NONE', #5922, #4084 ) ;
#3124 = ORIENTED_EDGE ( 'NONE', *, *, #4075, .T. ) ;
#3125 = CARTESIAN_POINT ( 'NONE',  ( 4.750000000000000000, 3.429999999999945500, 0.5099999999999920200 ) ) ;
#3126 = VECTOR ( 'NONE', #5325, 1000.000000000000000 ) ;
#3127 = CARTESIAN_POINT ( 'NONE',  ( 5.114314575050773500, -1.049314575050752200, -0.5999999999999875400 ) ) ;
#3128 = DIRECTION ( 'NONE',  ( -1.000000000000000000, 0.0000000000000000000, 0.0000000000000000000 ) ) ;
#3129 = CARTESIAN_POINT ( 'NONE',  ( 1.387779038000000200E-015, 2.215000000000004700, 0.0000000000000000000 ) ) ;
#3130 = ORIENTED_EDGE ( 'NONE', *, *, #1466, .T. ) ;
#3131 = ORIENTED_EDGE ( 'NONE', *, *, #1975, .T. ) ;
#3132 = VECTOR ( 'NONE', #672, 1000.000000000000000 ) ;
#3133 = DIRECTION ( 'NONE',  ( -1.000000000000000000, 0.0000000000000000000, -0.0000000000000000000 ) ) ;
#3134 = AXIS2_PLACEMENT_3D ( 'NONE', #3696, #4755, #4731 ) ;
#3135 = EDGE_CURVE ( 'NONE', #372, #1242, #2645, .T. ) ;
#3136 = FACE_OUTER_BOUND ( 'NONE', #2859, .T. ) ;
#3137 = ADVANCED_FACE ( 'NONE', ( #4630 ), #252, .F. ) ;
#3138 = CARTESIAN_POINT ( 'NONE',  ( 1.620861809825294700, -3.380000000000043900, 5.772201937963130200 ) ) ;
#3139 = VERTEX_POINT ( 'NONE', #5147 ) ;
#3140 = ORIENTED_EDGE ( 'NONE', *, *, #1164, .T. ) ;
#3141 =( NAMED_UNIT ( * ) SI_UNIT ( $, .STERADIAN. ) SOLID_ANGLE_UNIT ( ) );
#3142 = CARTESIAN_POINT ( 'NONE',  ( 1.304948799286046700, -3.430000000000021900, 4.997201937963125400 ) ) ;
#3143 = DIRECTION ( 'NONE',  ( -0.0000000000000000000, 1.000000000000000000, -0.0000000000000000000 ) ) ;
#3144 = PLANE ( 'NONE',  #3831 ) ;
#3145 = VERTEX_POINT ( 'NONE', #798 ) ;
#3146 = CIRCLE ( 'NONE', #5254, 0.4000000000000001900 ) ;
#3147 = VECTOR ( 'NONE', #2791, 1000.000000000000000 ) ;
#3148 = ORIENTED_EDGE ( 'NONE', *, *, #2607, .T. ) ;
#3149 = FACE_OUTER_BOUND ( 'NONE', #1982, .T. ) ;
#3150 = DIRECTION ( 'NONE',  ( 1.000000000000000000, 0.0000000000000000000, -0.0000000000000000000 ) ) ;
#3151 = PLANE ( 'NONE',  #83 ) ;
#3152 = VECTOR ( 'NONE', #218, 1000.000000000000000 ) ;
#3153 = ORIENTED_EDGE ( 'NONE', *, *, #3855, .F. ) ;
#3154 = CARTESIAN_POINT ( 'NONE',  ( 9.530000000000004700, -0.6350000000000001200, -3.180000000000005500 ) ) ;
#3155 = VECTOR ( 'NONE', #3635, 999.9999999999998900 ) ;
#3156 = ORIENTED_EDGE ( 'NONE', *, *, #6129, .T. ) ;
#3157 = DIRECTION ( 'NONE',  ( 1.000000000000000000, 0.0000000000000000000, -0.0000000000000000000 ) ) ;
#3158 = EDGE_CURVE ( 'NONE', #5836, #7037, #5899, .T. ) ;
#3159 = DIRECTION ( 'NONE',  ( -1.000000000000000000, -0.0000000000000000000, 0.0000000000000000000 ) ) ;
#3160 = LINE ( 'NONE', #3374, #1477 ) ;
#3161 = CARTESIAN_POINT ( 'NONE',  ( -3.067898303246596700, -0.5099999999999925700, 15.77999999984524500 ) ) ;
#3162 = DIRECTION ( 'NONE',  ( -0.5773502691896252900, 0.5773502691896259500, -0.5773502691896261800 ) ) ;
#3163 = FACE_OUTER_BOUND ( 'NONE', #5738, .T. ) ;
#3164 = VERTEX_POINT ( 'NONE', #5235 ) ;
#3165 = PLANE ( 'NONE',  #2187 ) ;
#3166 = ORIENTED_EDGE ( 'NONE', *, *, #4359, .T. ) ;
#3167 = CARTESIAN_POINT ( 'NONE',  ( 6.249999999999994700, 1.930000000000001900, 8.890000000000000600 ) ) ;
#3168 = CARTESIAN_POINT ( 'NONE',  ( 0.0000000000000000000, -3.430000000000021500, 8.129999999999993700 ) ) ;
#3169 = ORIENTED_EDGE ( 'NONE', *, *, #4685, .T. ) ;
#3170 = VERTEX_POINT ( 'NONE', #1348 ) ;
#3171 = VERTEX_POINT ( 'NONE', #323 ) ;
#3172 = DIRECTION ( 'NONE',  ( -1.000000000000000000, 0.0000000000000000000, 0.0000000000000000000 ) ) ;
#3173 = ADVANCED_FACE ( 'NONE', ( #3403 ), #853, .T. ) ;
#3174 = CARTESIAN_POINT ( 'NONE',  ( -1.076621144288355300, -3.430000000000021900, 5.322201937963177100 ) ) ;
#3175 = ORIENTED_EDGE ( 'NONE', *, *, #5864, .T. ) ;
#3176 = LINE ( 'NONE', #4971, #4746 ) ;
#3177 = CARTESIAN_POINT ( 'NONE',  ( 6.350000000000000500, 3.429999999999996600, 8.890000000000000600 ) ) ;
#3178 =( GEOMETRIC_REPRESENTATION_CONTEXT ( 3 ) GLOBAL_UNCERTAINTY_ASSIGNED_CONTEXT ( ( #1564 ) ) GLOBAL_UNIT_ASSIGNED_CONTEXT ( ( #6103, #713, #6127 ) ) REPRESENTATION_CONTEXT ( 'NONE', 'WORKASPACE' ) );
#3179 = ORIENTED_EDGE ( 'NONE', *, *, #2560, .T. ) ;
#3180 = ORIENTED_EDGE ( 'NONE', *, *, #2195, .F. ) ;
#3181 = DIRECTION ( 'NONE',  ( -0.3774734178109371800, 0.0000000000000000000, -0.9260204203181102700 ) ) ;
#3182 = EDGE_CURVE ( 'NONE', #3302, #3069, #6495, .T. ) ;
#3183 = DIRECTION ( 'NONE',  ( -1.000000000000000000, 0.0000000000000000000, -0.0000000000000000000 ) ) ;
#3184 = FACE_OUTER_BOUND ( 'NONE', #5874, .T. ) ;
#3185 = CARTESIAN_POINT ( 'NONE',  ( -5.490000000000011800, -1.049314575050752200, -0.9999999999999879000 ) ) ;
#3186 = EDGE_CURVE ( 'NONE', #297, #1604, #3944, .T. ) ;
#3187 = VERTEX_POINT ( 'NONE', #4701 ) ;
#3188 = AXIS2_PLACEMENT_3D ( 'NONE', #4691, #1425, #1470 ) ;
#3189 = EDGE_CURVE ( 'NONE', #200, #5230, #4801, .T. ) ;
#3190 = LINE ( 'NONE', #5556, #6015 ) ;
#3191 = ADVANCED_FACE ( 'NONE', ( #2143 ), #1435, .T. ) ;
#3192 = DIRECTION ( 'NONE',  ( 0.0000000000000000000, 0.0000000000000000000, 1.000000000000000000 ) ) ;
#3193 = CARTESIAN_POINT ( 'NONE',  ( 1.580000000000006300, -2.111472381958995100, 0.0000000000000000000 ) ) ;
#3194 = CARTESIAN_POINT ( 'NONE',  ( 1.098878460175234800, -3.430000000000028600, 4.580874884024059800 ) ) ;
#3195 = FACE_OUTER_BOUND ( 'NONE', #6961, .T. ) ;
#3196 = EDGE_CURVE ( 'NONE', #4517, #766, #3593, .T. ) ;
#3197 = CARTESIAN_POINT ( 'NONE',  ( 5.114314575050773500, 1.049314575050752400, -0.5999999999999875400 ) ) ;
#3198 = CARTESIAN_POINT ( 'NONE',  ( 0.3800000000000040600, -1.015000000000004100, 0.0000000000000000000 ) ) ;
#3199 = EDGE_CURVE ( 'NONE', #3449, #6451, #3334, .T. ) ;
#3200 = CARTESIAN_POINT ( 'NONE',  ( 6.000000000000003600, -3.429999999999996600, 8.890000000000000600 ) ) ;
#3201 = CARTESIAN_POINT ( 'NONE',  ( -4.319999999999992300, 1.329143900000000000E-015, -0.9999999999999879000 ) ) ;
#3202 = LINE ( 'NONE', #3732, #4848 ) ;
#3203 = CARTESIAN_POINT ( 'NONE',  ( 5.368907675930548100, -1.257350442411906000, -0.8522048541031163000 ) ) ;
#3204 = DIRECTION ( 'NONE',  ( -0.0000000000000000000, -1.000000000000000000, -0.0000000000000000000 ) ) ;
#3205 = AXIS2_PLACEMENT_3D ( 'NONE', #6605, #4344, #2169 ) ;
#3206 = ORIENTED_EDGE ( 'NONE', *, *, #1120, .T. ) ;
#3207 = ADVANCED_FACE ( 'NONE', ( #6310 ), #391, .T. ) ;
#3208 = LINE ( 'NONE', #2489, #335 ) ;
#3209 = CARTESIAN_POINT ( 'NONE',  ( 2.168404344971008900E-016, -2.873135757086586800E-015, 16.49000000037403900 ) ) ;
#3210 = DIRECTION ( 'NONE',  ( -0.2027126583461145400, -0.9792382642371830800, 0.0000000000000000000 ) ) ;
#3211 = CARTESIAN_POINT ( 'NONE',  ( -3.155575383981968700, -3.430000000000021500, 0.4000000000000002400 ) ) ;
#3212 = ORIENTED_EDGE ( 'NONE', *, *, #5535, .T. ) ;
#3213 = EDGE_LOOP ( 'NONE', ( #3974, #6860, #5031, #114 ) ) ;
#3214 = CIRCLE ( 'NONE', #2342, 0.4000000000000001900 ) ;
#3215 = AXIS2_PLACEMENT_3D ( 'NONE', #1501, #5859, #2668 ) ;
#3216 = DIRECTION ( 'NONE',  ( 0.0000000000000000000, 0.0000000000000000000, 1.000000000000000000 ) ) ;
#3217 = CARTESIAN_POINT ( 'NONE',  ( -2.357898303399244900, -0.4475662995239981200, 16.49000000032069100 ) ) ;
#3218 = DIRECTION ( 'NONE',  ( 0.0000000000000000000, -0.0000000000000000000, -1.000000000000000000 ) ) ;
#3219 = ORIENTED_EDGE ( 'NONE', *, *, #4967, .F. ) ;
#3220 = DIRECTION ( 'NONE',  ( 1.000000000000000000, 0.0000000000000000000, -0.0000000000000000000 ) ) ;
#3221 = VECTOR ( 'NONE', #6456, 1000.000000000000000 ) ;
#3222 = CARTESIAN_POINT ( 'NONE',  ( -3.072771161251018700, -3.030000000000046900, 0.0000000000000000000 ) ) ;
#3223 = ADVANCED_FACE ( 'NONE', ( #1373 ), #2044, .T. ) ;
#3224 = VECTOR ( 'NONE', #797, 1000.000000000000000 ) ;
#3225 = CARTESIAN_POINT ( 'NONE',  ( 4.285685424949244600, 1.332157287525378700, -0.8828427124746137700 ) ) ;
#3226 = ORIENTED_EDGE ( 'NONE', *, *, #5449, .T. ) ;
#3227 = CARTESIAN_POINT ( 'NONE',  ( -6.350000000000000500, -3.429999999999997100, 8.380000000000009700 ) ) ;
#3228 = FACE_OUTER_BOUND ( 'NONE', #1662, .T. ) ;
#3229 = DIRECTION ( 'NONE',  ( -0.0000000000000000000, -0.0000000000000000000, 1.000000000000000000 ) ) ;
#3230 = EDGE_CURVE ( 'NONE', #5169, #5504, #1901, .T. ) ;
#3231 = VECTOR ( 'NONE', #2252, 1000.000000000000000 ) ;
#3232 = DIRECTION ( 'NONE',  ( -0.0000000000000000000, 0.0000000000000000000, -1.000000000000000000 ) ) ;
#3233 = EDGE_LOOP ( 'NONE', ( #6184, #6268, #2082, #6819 ) ) ;
#3234 = LINE ( 'NONE', #4444, #2816 ) ;
#3235 = DIRECTION ( 'NONE',  ( -1.000000000000000000, -6.036193505045158000E-017, 5.551115123125781500E-017 ) ) ;
#3236 = VERTEX_POINT ( 'NONE', #5815 ) ;
#3237 =( LENGTH_UNIT ( ) NAMED_UNIT ( * ) SI_UNIT ( .MILLI., .METRE. ) );
#3238 = FACE_OUTER_BOUND ( 'NONE', #3283, .T. ) ;
#3239 = ORIENTED_EDGE ( 'NONE', *, *, #6946, .T. ) ;
#3240 = DIRECTION ( 'NONE',  ( 0.0000000000000000000, 0.7071067811865470200, -0.7071067811865480200 ) ) ;
#3241 = EDGE_CURVE ( 'NONE', #4383, #2927, #618, .T. ) ;
#3242 = EDGE_CURVE ( 'NONE', #6324, #3164, #3758, .T. ) ;
#3243 = AXIS2_PLACEMENT_3D ( 'NONE', #6422, #6950, #4785 ) ;
#3244 = FACE_OUTER_BOUND ( 'NONE', #389, .T. ) ;
#3245 = ORIENTED_EDGE ( 'NONE', *, *, #4181, .F. ) ;
#3246 = DIRECTION ( 'NONE',  ( -0.3774734178109828100, -0.0000000000000000000, -0.9260204203180916200 ) ) ;
#3247 = ADVANCED_FACE ( 'NONE', ( #4460 ), #5219, .T. ) ;
#3248 = ORIENTED_EDGE ( 'NONE', *, *, #5412, .T. ) ;
#3249 = DIRECTION ( 'NONE',  ( -0.0000000000000000000, 0.0000000000000000000, 1.000000000000000000 ) ) ;
#3250 = DIRECTION ( 'NONE',  ( 1.000000000000000000, 0.0000000000000000000, -0.0000000000000000000 ) ) ;
#3251 = CARTESIAN_POINT ( 'NONE',  ( -6.000000000000003600, -3.180000000000005500, 8.890000000000000600 ) ) ;
#3252 = VECTOR ( 'NONE', #1712, 1000.000000000000000 ) ;
#3253 = LINE ( 'NONE', #1447, #1650 ) ;
#3254 = CARTESIAN_POINT ( 'NONE',  ( 3.072771161251025800, -3.030000000000046900, -5.421010862427522200E-017 ) ) ;
#3255 = ORIENTED_EDGE ( 'NONE', *, *, #3954, .T. ) ;
#3256 = ORIENTED_EDGE ( 'NONE', *, *, #1269, .T. ) ;
#3257 = ORIENTED_EDGE ( 'NONE', *, *, #5182, .F. ) ;
#3258 = CARTESIAN_POINT ( 'NONE',  ( 5.300696118834324000, -1.257350442411906000, -0.9210623386218889100 ) ) ;
#3259 = VERTEX_POINT ( 'NONE', #6430 ) ;
#3260 = CARTESIAN_POINT ( 'NONE',  ( -0.6971572875253854200, 2.215000000000004700, -0.8828427124746205400 ) ) ;
#3261 = CARTESIAN_POINT ( 'NONE',  ( -3.155575383981967400, -3.429999999999997900, 0.5099999999999920200 ) ) ;
#3262 = ORIENTED_EDGE ( 'NONE', *, *, #2787, .F. ) ;
#3263 =( BOUNDED_SURFACE ( )  B_SPLINE_SURFACE ( 3, 3, ( 
 ( #1867, #178, #6782, #5613 ),
 ( #209, #4591, #5123, #4070 ),
 ( #1283, #3975, #3998, #5079 ),
 ( #6711, #5689, #3503, #235 ) ),
 .UNSPECIFIED., .F., .F., .F. ) 
 B_SPLINE_SURFACE_WITH_KNOTS ( ( 4, 4 ),
 ( 4, 4 ),
 ( 0.0000000000000000000, 1.000000000000000000 ),
 ( 0.0000000000000000000, 1.000000000000000000 ),
 .UNSPECIFIED. ) 
 GEOMETRIC_REPRESENTATION_ITEM ( )  RATIONAL_B_SPLINE_SURFACE ( (
 ( 1.000000000000000000, 0.9486501948152676900, 0.9486501948152676900, 1.000000000000000000),
 ( 0.9486501948152659100, 0.8999371921230436800, 0.8999371921230436800, 0.9486501948152659100),
 ( 0.9486501948152659100, 0.8999371921230436800, 0.8999371921230436800, 0.9486501948152659100),
 ( 1.000000000000000000, 0.9486501948152676900, 0.9486501948152676900, 1.000000000000000000) ) ) 
 REPRESENTATION_ITEM ( '' )  SURFACE ( )  );
#3264 = ORIENTED_EDGE ( 'NONE', *, *, #805, .F. ) ;
#3265 = SHAPE_DEFINITION_REPRESENTATION ( #2594, #1365 ) ;
#3266 = ORIENTED_EDGE ( 'NONE', *, *, #6640, .F. ) ;
#3267 = ORIENTED_EDGE ( 'NONE', *, *, #571, .T. ) ;
#3268 = ORIENTED_EDGE ( 'NONE', *, *, #549, .F. ) ;
#3269 = ADVANCED_FACE ( 'NONE', ( #1202 ), #1978, .F. ) ;
#3270 = CARTESIAN_POINT ( 'NONE',  ( 1.121515438327781900, -3.430000000000021900, 4.547201937963127000 ) ) ;
#3271 = LINE ( 'NONE', #5063, #6786 ) ;
#3272 = ORIENTED_EDGE ( 'NONE', *, *, #6507, .F. ) ;
#3273 = DIRECTION ( 'NONE',  ( 0.0000000000000000000, 0.0000000000000000000, -1.000000000000000000 ) ) ;
#3274 = DIRECTION ( 'NONE',  ( -0.0000000000000000000, 0.0000000000000000000, 1.000000000000000000 ) ) ;
#3275 = CARTESIAN_POINT ( 'NONE',  ( 5.580000000000007200, 0.6350000000000001200, -2.679999999999999300 ) ) ;
#3276 = CARTESIAN_POINT ( 'NONE',  ( 8.940000000000003100, 2.540000000000000500, 8.890000000000000600 ) ) ;
#3277 = EDGE_LOOP ( 'NONE', ( #7033, #543, #2817, #5324 ) ) ;
#3278 = CARTESIAN_POINT ( 'NONE',  ( -2.174999999999936300, 2.343853911060577400, 0.6999999999999940700 ) ) ;
#3279 = AXIS2_PLACEMENT_3D ( 'NONE', #753, #4572, #1850 ) ;
#3280 = EDGE_CURVE ( 'NONE', #3544, #1845, #1553, .T. ) ;
#3281 = CARTESIAN_POINT ( 'NONE',  ( -1.063225179635456400, -3.430000000000015700, 6.547201937963127900 ) ) ;
#3282 = CARTESIAN_POINT ( 'NONE',  ( 1.624345192960470200, 3.429999999999996600, 9.390000000000007700 ) ) ;
#3283 = EDGE_LOOP ( 'NONE', ( #2259, #1996, #6813, #4833, #2052, #1388, #6278, #802 ) ) ;
#3284 = ORIENTED_EDGE ( 'NONE', *, *, #3699, .T. ) ;
#3285 = FACE_OUTER_BOUND ( 'NONE', #4343, .T. ) ;
#3286 = CARTESIAN_POINT ( 'NONE',  ( -2.864554677647106500, 2.024174563873459000, 0.0000000000000000000 ) ) ;
#3287 = AXIS2_PLACEMENT_3D ( 'NONE', #3444, #186, #3469 ) ;
#3288 = EDGE_CURVE ( 'NONE', #3187, #4883, #3501, .T. ) ;
#3289 = CARTESIAN_POINT ( 'NONE',  ( 1.624345192960470200, -5.689892100000000300E-015, 8.890000000000000600 ) ) ;
#3290 = LINE ( 'NONE', #3824, #5200 ) ;
#3291 = CARTESIAN_POINT ( 'NONE',  ( 4.002842712474620900, 1.049314575050756400, -0.8828427124746153200 ) ) ;
#3292 = EDGE_CURVE ( 'NONE', #602, #1013, #4888, .T. ) ;
#3293 = ORIENTED_EDGE ( 'NONE', *, *, #210, .T. ) ;
#3294 = DIRECTION ( 'NONE',  ( 0.0000000000000000000, 0.0000000000000000000, 1.000000000000000000 ) ) ;
#3295 = CARTESIAN_POINT ( 'NONE',  ( -3.820000000000010900, 0.8250000000000021800, -11.55999999999999000 ) ) ;
#3296 = FACE_OUTER_BOUND ( 'NONE', #393, .T. ) ;
#3297 = EDGE_CURVE ( 'NONE', #4395, #5836, #4369, .T. ) ;
#3298 = CARTESIAN_POINT ( 'NONE',  ( 1.254859635936541800, -3.380000000000043900, 4.963528991902223600 ) ) ;
#3299 = CARTESIAN_POINT ( 'NONE',  ( -2.100000000000007200, -8.228222661790549900E-016, 9.390000000000007700 ) ) ;
#3300 = DIRECTION ( 'NONE',  ( 0.0000000000000000000, 0.0000000000000000000, -1.000000000000000000 ) ) ;
#3301 = ADVANCED_FACE ( 'NONE', ( #3238 ), #7055, .T. ) ;
#3302 = VERTEX_POINT ( 'NONE', #2184 ) ;
#3303 = LINE ( 'NONE', #6111, #6377 ) ;
#3304 = CARTESIAN_POINT ( 'NONE',  ( -4.285685424949244600, -1.049314575050752200, -0.9999999999999879000 ) ) ;
#3305 = CARTESIAN_POINT ( 'NONE',  ( 1.098878460175234800, -3.430000000000021900, 4.580874884024059800 ) ) ;
#3306 = AXIS2_PLACEMENT_3D ( 'NONE', #2861, #191, #4009 ) ;
#3307 = CARTESIAN_POINT ( 'NONE',  ( -2.357898303350900000, 0.4892396278330272700, 16.48196592867961000 ) ) ;
#3308 = ORIENTED_EDGE ( 'NONE', *, *, #6896, .F. ) ;
#3309 = LINE ( 'NONE', #144, #2122 ) ;
#3310 = CARTESIAN_POINT ( 'NONE',  ( -1.485445322352545000, -2.024174563873276400, 0.0000000000000000000 ) ) ;
#3311 = CARTESIAN_POINT ( 'NONE',  ( -4.319999999999992300, 0.6350000000000001200, -10.30000000000000100 ) ) ;
#3312 = VECTOR ( 'NONE', #2886, 1000.000000000000000 ) ;
#3313 = ORIENTED_EDGE ( 'NONE', *, *, #4927, .F. ) ;
#3314 = VECTOR ( 'NONE', #5949, 1000.000000000000000 ) ;
#3315 = ORIENTED_EDGE ( 'NONE', *, *, #3196, .F. ) ;
#3316 = DIRECTION ( 'NONE',  ( 0.3774734178109849200, -0.0000000000000000000, 0.9260204203180908400 ) ) ;
#3317 = EDGE_CURVE ( 'NONE', #4857, #4368, #2911, .T. ) ;
#3318 = DIRECTION ( 'NONE',  ( 0.0000000000000000000, -1.000000000000000000, 0.0000000000000000000 ) ) ;
#3319 = VECTOR ( 'NONE', #4328, 1000.000000000000000 ) ;
#3320 = CARTESIAN_POINT ( 'NONE',  ( 1.277228838748948500, 3.029999999999996300, 0.0000000000000000000 ) ) ;
#3321 = LINE ( 'NONE', #6323, #6319 ) ;
#3322 = ORIENTED_EDGE ( 'NONE', *, *, #2940, .T. ) ;
#3323 = VECTOR ( 'NONE', #5929, 1000.000000000000000 ) ;
#3324 = CARTESIAN_POINT ( 'NONE',  ( 3.049999999999939000, 2.919999999999995000, -2.775557060000000200E-015 ) ) ;
#3325 = EDGE_CURVE ( 'NONE', #4729, #464, #1716, .T. ) ;
#3326 = CARTESIAN_POINT ( 'NONE',  ( 1.387779038000000200E-015, -2.215000000000004700, 0.0000000000000000000 ) ) ;
#3327 = LINE ( 'NONE', #3310, #1719 ) ;
#3328 = VERTEX_POINT ( 'NONE', #4899 ) ;
#3329 = AXIS2_PLACEMENT_3D ( 'NONE', #3278, #4507, #592 ) ;
#3330 = CARTESIAN_POINT ( 'NONE',  ( 2.100000000000006300, 4.200000000000017900, 6.279999999999951400 ) ) ;
#3331 = VECTOR ( 'NONE', #6224, 1000.000000000000000 ) ;
#3332 = ORIENTED_EDGE ( 'NONE', *, *, #247, .F. ) ;
#3333 = EDGE_CURVE ( 'NONE', #661, #1999, #6397, .T. ) ;
#3334 = LINE ( 'NONE', #6910, #289 ) ;
#3335 = ORIENTED_EDGE ( 'NONE', *, *, #6362, .T. ) ;
#3336 = CARTESIAN_POINT ( 'NONE',  ( 4.750000000000000000, 2.669999999999988400, 8.890000000000000600 ) ) ;
#3337 = CARTESIAN_POINT ( 'NONE',  ( -6.280000000000002000, -2.111472381958990700, 5.421010862427522200E-017 ) ) ;
#3338 = FACE_OUTER_BOUND ( 'NONE', #5177, .T. ) ;
#3339 = CYLINDRICAL_SURFACE ( 'NONE', #3881, 0.4000000000000002400 ) ;
#3340 = ORIENTED_EDGE ( 'NONE', *, *, #27, .T. ) ;
#3341 = ADVANCED_FACE ( 'NONE', ( #2989 ), #495, .F. ) ;
#3342 = CARTESIAN_POINT ( 'NONE',  ( 0.4143145750507522500, -1.049314575050752200, -0.9999999999999879000 ) ) ;
#3343 = FILL_AREA_STYLE_COLOUR ( '', #1981 ) ;
#3344 = VERTEX_POINT ( 'NONE', #4868 ) ;
#3345 = EDGE_CURVE ( 'NONE', #2910, #1841, #5973, .T. ) ;
#3346 = EDGE_LOOP ( 'NONE', ( #1656, #6164, #308, #4876 ) ) ;
#3347 = EDGE_CURVE ( 'NONE', #1091, #6781, #2572, .T. ) ;
#3348 = LINE ( 'NONE', #496, #6254 ) ;
#3349 = CARTESIAN_POINT ( 'NONE',  ( 0.4143145750507522000, -1.332157287525378700, -0.8828427124746137700 ) ) ;
#3350 = CARTESIAN_POINT ( 'NONE',  ( 4.139276692429533900, 1.333487006990678100, -0.8522048541031113100 ) ) ;
#3351 = ORIENTED_EDGE ( 'NONE', *, *, #4438, .T. ) ;
#3352 = DIRECTION ( 'NONE',  ( 1.000000000000000000, 0.0000000000000000000, 0.0000000000000000000 ) ) ;
#3353 = PLANE ( 'NONE',  #3102 ) ;
#3354 = ORIENTED_EDGE ( 'NONE', *, *, #657, .T. ) ;
#3355 = DIRECTION ( 'NONE',  ( 0.0000000000000000000, 0.0000000000000000000, -1.000000000000000000 ) ) ;
#3356 = VERTEX_POINT ( 'NONE', #4388 ) ;
#3357 =( BOUNDED_SURFACE ( )  B_SPLINE_SURFACE ( 3, 3, ( 
 ( #4052, #6737, #4576, #5126 ),
 ( #4021, #1314, #182, #735 ),
 ( #777, #1855, #2399, #3484 ),
 ( #2893, #1776, #2945, #6763 ) ),
 .UNSPECIFIED., .F., .F., .F. ) 
 B_SPLINE_SURFACE_WITH_KNOTS ( ( 4, 4 ),
 ( 4, 4 ),
 ( 0.0000000000000000000, 1.000000000000000000 ),
 ( 0.0000000000000000000, 1.000000000000000000 ),
 .UNSPECIFIED. ) 
 GEOMETRIC_REPRESENTATION_ITEM ( )  RATIONAL_B_SPLINE_SURFACE ( (
 ( 1.000000000000000000, 0.9486501948152659100, 0.9486501948152659100, 1.000000000000000000),
 ( 0.9486501948152659100, 0.8999371921230420200, 0.8999371921230420200, 0.9486501948152659100),
 ( 0.9486501948152659100, 0.8999371921230420200, 0.8999371921230420200, 0.9486501948152659100),
 ( 1.000000000000000000, 0.9486501948152659100, 0.9486501948152659100, 1.000000000000000000) ) ) 
 REPRESENTATION_ITEM ( '' )  SURFACE ( )  );
#3358 = CARTESIAN_POINT ( 'NONE',  ( -4.077649557588090400, -1.049314575050752200, -0.9583642496800578400 ) ) ;
#3359 = ORIENTED_EDGE ( 'NONE', *, *, #5803, .T. ) ;
#3360 = CARTESIAN_POINT ( 'NONE',  ( -2.100000000000008500, 4.200000000000017900, 14.67999999999998000 ) ) ;
#3361 = VECTOR ( 'NONE', #4386, 1000.000000000000000 ) ;
#3362 = PLANE ( 'NONE',  #1595 ) ;
#3363 = ORIENTED_EDGE ( 'NONE', *, *, #3345, .T. ) ;
#3364 = VERTEX_POINT ( 'NONE', #2714 ) ;
#3365 = DIRECTION ( 'NONE',  ( 0.0000000000000000000, 0.0000000000000000000, -1.000000000000000000 ) ) ;
#3366 = CARTESIAN_POINT ( 'NONE',  ( 4.750000000000000000, 2.669999999999988400, 8.129999999999993700 ) ) ;
#3367 = VECTOR ( 'NONE', #2358, 1000.000000000000100 ) ;
#3368 = CARTESIAN_POINT ( 'NONE',  ( 0.4904511396295240800, -1.333487006990677700, -0.8815067120431439000 ) ) ;
#3369 = ORIENTED_EDGE ( 'NONE', *, *, #1893, .F. ) ;
#3370 = FACE_OUTER_BOUND ( 'NONE', #5157, .T. ) ;
#3371 = DIRECTION ( 'NONE',  ( 1.000000000000000000, -0.0000000000000000000, 0.0000000000000000000 ) ) ;
#3372 = CARTESIAN_POINT ( 'NONE',  ( -3.402842712474618100, -2.215000000000004300, -2.710505431213761100E-017 ) ) ;
#3373 = CARTESIAN_POINT ( 'NONE',  ( -0.3761080226701381000, -5.915212839379219700E-015, 16.37651365615371500 ) ) ;
#3374 = CARTESIAN_POINT ( 'NONE',  ( 1.194424616017973900, 3.429999999999920700, 0.0000000000000000000 ) ) ;
#3375 = DIRECTION ( 'NONE',  ( -1.000000000000000000, 0.0000000000000000000, 0.0000000000000000000 ) ) ;
#3376 = AXIS2_PLACEMENT_3D ( 'NONE', #1525, #408, #2078 ) ;
#3377 = EDGE_LOOP ( 'NONE', ( #6335, #3571, #3724, #1115, #2486, #4071, #2303, #2376, #1143, #1974, #1032, #2178, #5819, #4981, #1028, #3140, #3156, #4385, #1909, #3166 ) ) ;
#3378 = EDGE_CURVE ( 'NONE', #1802, #5616, #4198, .T. ) ;
#3379 = ADVANCED_FACE ( 'NONE', ( #2221, #784 ), #5415, .T. ) ;
#3380 = LINE ( 'NONE', #1563, #752 ) ;
#3381 = DIRECTION ( 'NONE',  ( 1.000000000000000000, 0.0000000000000000000, 0.0000000000000000000 ) ) ;
#3382 = COLOUR_RGB ( '',0.9058823529411764700, 0.9058823529411764700, 0.9058823529411764700 ) ;
#3383 = DIRECTION ( 'NONE',  ( 0.3774734178109658800, -0.0000000000000000000, 0.9260204203180986100 ) ) ;
#3384 = EDGE_CURVE ( 'NONE', #6344, #3053, #611, .T. ) ;
#3385 = DIRECTION ( 'NONE',  ( -0.0000000000000000000, 1.000000000000000000, -0.0000000000000000000 ) ) ;
#3386 = PRODUCT_DEFINITION_FORMATION_WITH_SPECIFIED_SOURCE ( 'ANY', '', #2828, .NOT_KNOWN. ) ;
#3387 = VERTEX_POINT ( 'NONE', #3764 ) ;
#3388 = VECTOR ( 'NONE', #148, 1000.000000000000000 ) ;
#3389 = CARTESIAN_POINT ( 'NONE',  ( -3.050000000000005600, 2.920000000000004400, 0.5099999999999920200 ) ) ;
#3390 = CARTESIAN_POINT ( 'NONE',  ( 2.864554677647283700, -2.024174563873357300, 0.0000000000000000000 ) ) ;
#3391 = DIRECTION ( 'NONE',  ( -0.2164396139381000500, 1.560909603030452800E-015, 0.9762960071199340300 ) ) ;
#3392 = ORIENTED_EDGE ( 'NONE', *, *, #3568, .T. ) ;
#3393 = CARTESIAN_POINT ( 'NONE',  ( -0.3800000000000040600, 1.015000000000004100, -1.549999999999997800 ) ) ;
#3394 = FACE_OUTER_BOUND ( 'NONE', #2127, .T. ) ;
#3395 = CARTESIAN_POINT ( 'NONE',  ( -6.249999999999994700, -3.180000000000005500, 8.890000000000000600 ) ) ;
#3396 = CARTESIAN_POINT ( 'NONE',  ( 6.350000000000000500, -3.429999999999996600, 0.4000000000000002400 ) ) ;
#3397 = ORIENTED_EDGE ( 'NONE', *, *, #1520, .T. ) ;
#3398 = CARTESIAN_POINT ( 'NONE',  ( 2.100000000000006300, 2.801970520000000400E-015, 14.67999999999998000 ) ) ;
#3399 = FACE_OUTER_BOUND ( 'NONE', #2883, .T. ) ;
#3400 = DIRECTION ( 'NONE',  ( -1.000000000000000000, 0.0000000000000000000, -0.0000000000000000000 ) ) ;
#3401 = AXIS2_PLACEMENT_3D ( 'NONE', #4679, #1419, #1954 ) ;
#3402 = LINE ( 'NONE', #2534, #6218 ) ;
#3403 = FACE_OUTER_BOUND ( 'NONE', #5538, .T. ) ;
#3404 = ORIENTED_EDGE ( 'NONE', *, *, #7006, .T. ) ;
#3405 = CYLINDRICAL_SURFACE ( 'NONE', #6030, 1.259999999999989400 ) ;
#3406 = ORIENTED_EDGE ( 'NONE', *, *, #2579, .F. ) ;
#3407 = ADVANCED_FACE ( 'NONE', ( #3149 ), #1018, .T. ) ;
#3408 = DIRECTION ( 'NONE',  ( 0.0000000000000000000, 0.0000000000000000000, -1.000000000000000000 ) ) ;
#3409 = ORIENTED_EDGE ( 'NONE', *, *, #3378, .T. ) ;
#3410 = FACE_OUTER_BOUND ( 'NONE', #860, .T. ) ;
#3411 = ORIENTED_EDGE ( 'NONE', *, *, #1154, .F. ) ;
#3412 = LINE ( 'NONE', #3185, #3067 ) ;
#3413 = AXIS2_PLACEMENT_3D ( 'NONE', #6655, #232, #1846 ) ;
#3414 = ORIENTED_EDGE ( 'NONE', *, *, #2011, .F. ) ;
#3415 = LINE ( 'NONE', #1508, #5469 ) ;
#3416 = CARTESIAN_POINT ( 'NONE',  ( 6.350000000000000500, 3.429999999999971300, 8.380000000000009700 ) ) ;
#3417 = EDGE_CURVE ( 'NONE', #6756, #1039, #4978, .T. ) ;
#3418 = DIRECTION ( 'NONE',  ( -0.7071067811865480200, 1.772113000000000100E-016, -0.7071067811865470200 ) ) ;
#3419 = DIRECTION ( 'NONE',  ( 0.0000000000000000000, 0.0000000000000000000, 1.000000000000000000 ) ) ;
#3420 = CARTESIAN_POINT ( 'NONE',  ( 1.936774820364507000, -3.430000000000021900, 6.547201937963128800 ) ) ;
#3421 = VECTOR ( 'NONE', #5225, 1000.000000000000000 ) ;
#3422 = ORIENTED_EDGE ( 'NONE', *, *, #2892, .T. ) ;
#3423 = LINE ( 'NONE', #4924, #4284 ) ;
#3424 = DIRECTION ( 'NONE',  ( 1.000000000000000000, 0.0000000000000000000, 0.0000000000000000000 ) ) ;
#3425 = VERTEX_POINT ( 'NONE', #4826 ) ;
#3426 = EDGE_CURVE ( 'NONE', #4008, #1091, #5309, .T. ) ;
#3427 = DIRECTION ( 'NONE',  ( -1.000000000000000000, -0.0000000000000000000, 0.0000000000000000000 ) ) ;
#3428 = CARTESIAN_POINT ( 'NONE',  ( 1.304948799286030900, -3.429999999999996600, 4.997201937963131600 ) ) ;
#3429 = CARTESIAN_POINT ( 'NONE',  ( -0.3767973192526478100, -0.6350000000000001200, -10.80000000000000600 ) ) ;
#3430 = FACE_OUTER_BOUND ( 'NONE', #2774, .T. ) ;
#3431 = EDGE_CURVE ( 'NONE', #5957, #2729, #1543, .T. ) ;
#3432 = FACE_OUTER_BOUND ( 'NONE', #5423, .T. ) ;
#3433 = ORIENTED_EDGE ( 'NONE', *, *, #4077, .T. ) ;
#3434 = VERTEX_POINT ( 'NONE', #5022 ) ;
#3435 = ORIENTED_EDGE ( 'NONE', *, *, #5182, .T. ) ;
#3436 = DIRECTION ( 'NONE',  ( 0.0000000000000000000, 9.700756280133357100E-015, -1.000000000000000000 ) ) ;
#3437 = VERTEX_POINT ( 'NONE', #2117 ) ;
#3438 = ORIENTED_EDGE ( 'NONE', *, *, #4554, .F. ) ;
#3439 = DIRECTION ( 'NONE',  ( 1.000000000000000000, 0.0000000000000000000, 0.0000000000000000000 ) ) ;
#3440 = CARTESIAN_POINT ( 'NONE',  ( 2.328693082000000200E-016, -1.079998094000000000E-015, 9.390000000000007700 ) ) ;
#3441 = EDGE_CURVE ( 'NONE', #6552, #6862, #19, .T. ) ;
#3442 = EDGE_CURVE ( 'NONE', #6790, #1604, #188, .T. ) ;
#3443 = ORIENTED_EDGE ( 'NONE', *, *, #6217, .F. ) ;
#3444 = CARTESIAN_POINT ( 'NONE',  ( -3.119999999999991700, 2.215000000000004700, 0.0000000000000000000 ) ) ;
#3445 = ORIENTED_EDGE ( 'NONE', *, *, #751, .T. ) ;
#3446 = ORIENTED_EDGE ( 'NONE', *, *, #1615, .T. ) ;
#3447 = ORIENTED_EDGE ( 'NONE', *, *, #522, .T. ) ;
#3448 = DIRECTION ( 'NONE',  ( -0.7071067811865477900, 0.0000000000000000000, -0.7071067811865472400 ) ) ;
#3449 = VERTEX_POINT ( 'NONE', #6001 ) ;
#3450 = FACE_OUTER_BOUND ( 'NONE', #5657, .T. ) ;
#3451 = DIRECTION ( 'NONE',  ( 1.000000000000000000, 0.0000000000000000000, 0.0000000000000000000 ) ) ;
#3452 = ADVANCED_FACE ( 'NONE', ( #94 ), #3792, .T. ) ;
#3453 = ORIENTED_EDGE ( 'NONE', *, *, #160, .F. ) ;
#3454 = CARTESIAN_POINT ( 'NONE',  ( 8.330000000000005400, 1.930000000000001900, 9.390000000000007700 ) ) ;
#3455 = CARTESIAN_POINT ( 'NONE',  ( 3.050000000000018000, 2.919999999999978600, 0.0000000000000000000 ) ) ;
#3456 = VERTEX_POINT ( 'NONE', #2300 ) ;
#3457 = ORIENTED_EDGE ( 'NONE', *, *, #5594, .F. ) ;
#3458 = DIRECTION ( 'NONE',  ( 0.0000000000000000000, -0.0000000000000000000, -1.000000000000000000 ) ) ;
#3459 = CIRCLE ( 'NONE', #609, 0.7041745638733795100 ) ;
#3460 = DIRECTION ( 'NONE',  ( 1.000000000000000000, 0.0000000000000000000, 0.0000000000000000000 ) ) ;
#3461 = DIRECTION ( 'NONE',  ( 1.000000000000000000, 0.0000000000000000000, 0.0000000000000000000 ) ) ;
#3462 = ORIENTED_EDGE ( 'NONE', *, *, #5271, .T. ) ;
#3463 = EDGE_LOOP ( 'NONE', ( #4266, #2616, #1612, #865, #4086, #4756, #2349, #2680 ) ) ;
#3464 = AXIS2_PLACEMENT_3D ( 'NONE', #3638, #5173, #6844 ) ;
#3465 = CARTESIAN_POINT ( 'NONE',  ( 0.0000000000000000000, -2.920000000000029700, 0.5099999999999920200 ) ) ;
#3466 = LINE ( 'NONE', #5494, #4238 ) ;
#3467 = DIRECTION ( 'NONE',  ( 1.000000000000000000, 0.0000000000000000000, 0.0000000000000000000 ) ) ;
#3468 = EDGE_CURVE ( 'NONE', #60, #2647, #278, .T. ) ;
#3469 = DIRECTION ( 'NONE',  ( 0.0000000000000000000, 0.7071067811865470200, 0.7071067811865480200 ) ) ;
#3470 = DIRECTION ( 'NONE',  ( 0.0000000000000000000, -0.0000000000000000000, -1.000000000000000000 ) ) ;
#3471 = VECTOR ( 'NONE', #5984, 1000.000000000000000 ) ;
#3472 = AXIS2_PLACEMENT_3D ( 'NONE', #4982, #6048, #6611 ) ;
#3473 = EDGE_CURVE ( 'NONE', #3364, #43, #4546, .T. ) ;
#3474 = DIRECTION ( 'NONE',  ( -0.9260204203180917300, 1.309624000000000200E-016, 0.3774734178109828700 ) ) ;
#3475 = ORIENTED_EDGE ( 'NONE', *, *, #1936, .F. ) ;
#3476 = CIRCLE ( 'NONE', #2793, 0.4000000000000001900 ) ;
#3477 = CARTESIAN_POINT ( 'NONE',  ( 6.350000000000000500, -3.429999999999996600, 4.547201937963127000 ) ) ;
#3478 = CARTESIAN_POINT ( 'NONE',  ( 1.304948799286040500, -3.430000000000015700, 4.997201937963142300 ) ) ;
#3479 = EDGE_CURVE ( 'NONE', #3841, #2763, #4712, .T. ) ;
#3480 = ORIENTED_EDGE ( 'NONE', *, *, #6878, .T. ) ;
#3481 = VECTOR ( 'NONE', #2007, 1000.000000000000000 ) ;
#3482 = EDGE_CURVE ( 'NONE', #6324, #5485, #6152, .T. ) ;
#3483 = ADVANCED_FACE ( 'NONE', ( #3851 ), #4432, .F. ) ;
#3484 = CARTESIAN_POINT ( 'NONE',  ( 4.285685424949244600, -1.157498943410820900, -0.9999999999999877900 ) ) ;
#3485 = DIRECTION ( 'NONE',  ( -1.000000000000000000, 8.783411735322450300E-017, -8.783411735322438000E-017 ) ) ;
#3486 = ORIENTED_EDGE ( 'NONE', *, *, #3230, .F. ) ;
#3487 = VECTOR ( 'NONE', #2879, 1000.000000000000200 ) ;
#3488 =( NAMED_UNIT ( * ) PLANE_ANGLE_UNIT ( ) SI_UNIT ( $, .RADIAN. ) );
#3489 = DIRECTION ( 'NONE',  ( 0.0000000000000000000, 0.0000000000000000000, 1.000000000000000000 ) ) ;
#3490 = FACE_OUTER_BOUND ( 'NONE', #1257, .T. ) ;
#3491 = DIRECTION ( 'NONE',  ( 1.000000000000000000, 0.0000000000000000000, 0.0000000000000000000 ) ) ;
#3492 = CARTESIAN_POINT ( 'NONE',  ( -4.750000000000000000, -1.556046926000000300E-014, 4.752757431878140300 ) ) ;
#3493 = ORIENTED_EDGE ( 'NONE', *, *, #570, .T. ) ;
#3494 = CIRCLE ( 'NONE', #5709, 0.4000000000000002400 ) ;
#3495 = CARTESIAN_POINT ( 'NONE',  ( -6.280000000000001100, 1.932157287525372500, -5.316339000000246900E-017 ) ) ;
#3496 = CARTESIAN_POINT ( 'NONE',  ( 3.119999999999989900, 2.111472381958995100, 0.0000000000000000000 ) ) ;
#3497 = LINE ( 'NONE', #3282, #3583 ) ;
#3498 = CARTESIAN_POINT ( 'NONE',  ( -4.750000000000000000, -1.458902086000000400E-014, 0.0000000000000000000 ) ) ;
#3499 = FACE_OUTER_BOUND ( 'NONE', #1313, .T. ) ;
#3500 = ORIENTED_EDGE ( 'NONE', *, *, #2705, .T. ) ;
#3501 = LINE ( 'NONE', #461, #4273 ) ;
#3502 = AXIS2_PLACEMENT_3D ( 'NONE', #348, #5204, #4145 ) ;
#3503 = CARTESIAN_POINT ( 'NONE',  ( -5.190451139629544700, 1.333487006990677500, -0.8815067120431444600 ) ) ;
#3504 = DIRECTION ( 'NONE',  ( -0.0000000000000000000, 0.0000000000000000000, -1.000000000000000000 ) ) ;
#3505 = ORIENTED_EDGE ( 'NONE', *, *, #6952, .F. ) ;
#3506 = LINE ( 'NONE', #6788, #2058 ) ;
#3507 = ORIENTED_EDGE ( 'NONE', *, *, #3135, .F. ) ;
#3508 = LINE ( 'NONE', #4644, #3331 ) ;
#3509 = ORIENTED_EDGE ( 'NONE', *, *, #6493, .F. ) ;
#3510 = DIRECTION ( 'NONE',  ( -0.0000000000000000000, 0.0000000000000000000, -1.000000000000000000 ) ) ;
#3511 = CARTESIAN_POINT ( 'NONE',  ( 1.194424616017974100, 3.430000000000021900, -2.775557060000000200E-015 ) ) ;
#3512 = EDGE_LOOP ( 'NONE', ( #5221, #304, #5166, #6538 ) ) ;
#3513 = FACE_OUTER_BOUND ( 'NONE', #2199, .T. ) ;
#3514 = CARTESIAN_POINT ( 'NONE',  ( 3.119999999999991700, 2.215000000000004700, 0.0000000000000000000 ) ) ;
#3515 = AXIS2_PLACEMENT_3D ( 'NONE', #6135, #3419, #5094 ) ;
#3516 = LINE ( 'NONE', #183, #2312 ) ;
#3517 = DIRECTION ( 'NONE',  ( -1.000000000000000000, -0.0000000000000000000, 0.0000000000000000000 ) ) ;
#3518 = ORIENTED_EDGE ( 'NONE', *, *, #3560, .T. ) ;
#3519 = EDGE_CURVE ( 'NONE', #3666, #324, #939, .T. ) ;
#3520 = ORIENTED_EDGE ( 'NONE', *, *, #6204, .T. ) ;
#3521 = VERTEX_POINT ( 'NONE', #6088 ) ;
#3522 = DIRECTION ( 'NONE',  ( -0.7071067811865471300, 5.421010862427519200E-016, 0.7071067811865479100 ) ) ;
#3523 = DIRECTION ( 'NONE',  ( 1.000000000000000000, 0.0000000000000000000, -0.0000000000000000000 ) ) ;
#3524 = ORIENTED_EDGE ( 'NONE', *, *, #838, .T. ) ;
#3525 = ADVANCED_FACE ( 'NONE', ( #2738 ), #5506, .F. ) ;
#3526 = DIRECTION ( 'NONE',  ( -0.0000000000000000000, -1.000000000000000000, -0.0000000000000000000 ) ) ;
#3527 = AXIS2_PLACEMENT_3D ( 'NONE', #2179, #4378, #3826 ) ;
#3528 = DIRECTION ( 'NONE',  ( 0.2027126583461589800, -0.9792382642371739700, 0.0000000000000000000 ) ) ;
#3529 = PRESENTATION_STYLE_ASSIGNMENT (( #1444 ) ) ;
#3530 = CARTESIAN_POINT ( 'NONE',  ( -0.8931877833301062900, -3.430000000000021900, 5.772201937963205700 ) ) ;
#3531 = ORIENTED_EDGE ( 'NONE', *, *, #4827, .T. ) ;
#3532 = VERTEX_POINT ( 'NONE', #689 ) ;
#3533 = DIRECTION ( 'NONE',  ( -0.0000000000000000000, 1.000000000000000000, 0.0000000000000000000 ) ) ;
#3534 = DIRECTION ( 'NONE',  ( 0.0000000000000000000, 0.0000000000000000000, 1.000000000000000000 ) ) ;
#3535 = VERTEX_POINT ( 'NONE', #5524 ) ;
#3536 = CYLINDRICAL_SURFACE ( 'NONE', #5450, 2.100000000000007600 ) ;
#3537 = VERTEX_POINT ( 'NONE', #6065 ) ;
#3538 = EDGE_LOOP ( 'NONE', ( #1705, #6038, #4696, #6080 ) ) ;
#3539 = EDGE_CURVE ( 'NONE', #3171, #3798, #1126, .T. ) ;
#3540 = FACE_OUTER_BOUND ( 'NONE', #2903, .T. ) ;
#3541 = DIRECTION ( 'NONE',  ( 1.000000000000000000, 0.0000000000000000000, 0.0000000000000000000 ) ) ;
#3542 = DIRECTION ( 'NONE',  ( 1.000000000000000000, -8.783411735322450300E-017, -8.783411735322438000E-017 ) ) ;
#3543 = ORIENTED_EDGE ( 'NONE', *, *, #4770, .T. ) ;
#3544 = VERTEX_POINT ( 'NONE', #4529 ) ;
#3545 = CYLINDRICAL_SURFACE ( 'NONE', #3567, 0.6099999999999976600 ) ;
#3546 = CARTESIAN_POINT ( 'NONE',  ( -4.750000000000000000, 2.919999999999978600, 0.5099999999999920200 ) ) ;
#3547 = ORIENTED_EDGE ( 'NONE', *, *, #3539, .F. ) ;
#3548 = ADVANCED_FACE ( 'NONE', ( #3071 ), #4506, .T. ) ;
#3549 = LINE ( 'NONE', #6326, #6548 ) ;
#3550 = CARTESIAN_POINT ( 'NONE',  ( 6.249999999999994700, 3.149999999999998600, 8.890000000000000600 ) ) ;
#3551 = CARTESIAN_POINT ( 'NONE',  ( 1.194424616017967900, -3.430000000000046300, 0.1656854249492385700 ) ) ;
#3552 = AXIS2_PLACEMENT_3D ( 'NONE', #4452, #3951, #2819 ) ;
#3553 = STYLED_ITEM ( 'NONE', ( #5515 ), #1489 ) ;
#3554 = ADVANCED_FACE ( 'NONE', ( #1376 ), #1246, .T. ) ;
#3555 = CARTESIAN_POINT ( 'NONE',  ( -5.114314575050767300, -1.049314575050752200, -0.9999999999999879000 ) ) ;
#3556 = CARTESIAN_POINT ( 'NONE',  ( 9.530000000000004700, -0.6350000000000001200, -9.156797319252630600 ) ) ;
#3557 = EDGE_CURVE ( 'NONE', #4772, #4778, #6055, .T. ) ;
#3558 = CARTESIAN_POINT ( 'NONE',  ( -0.7607081337491428100, -3.430000000000021900, 6.097201937963201400 ) ) ;
#3559 = DIRECTION ( 'NONE',  ( 0.3774734178110174000, 0.0000000000000000000, 0.9260204203180776300 ) ) ;
#3560 = EDGE_CURVE ( 'NONE', #3703, #966, #4450, .T. ) ;
#3561 = ORIENTED_EDGE ( 'NONE', *, *, #2385, .T. ) ;
#3562 = PLANE ( 'NONE',  #5293 ) ;
#3563 = VECTOR ( 'NONE', #2972, 1000.000000000000000 ) ;
#3564 = CARTESIAN_POINT ( 'NONE',  ( 1.496662996000000200E-009, -1.331956950000000100E-009, 0.5099999999999920200 ) ) ;
#3565 = AXIS2_PLACEMENT_3D ( 'NONE', #2454, #267, #1342 ) ;
#3566 = UNCERTAINTY_MEASURE_WITH_UNIT (LENGTH_MEASURE( 1.000000000000000100E-005 ), #2743, 'distance_accuracy_value', 'NONE');
#3567 = AXIS2_PLACEMENT_3D ( 'NONE', #2696, #1082, #4325 ) ;
#3568 = EDGE_CURVE ( 'NONE', #6764, #6939, #6322, .T. ) ;
#3569 = ORIENTED_EDGE ( 'NONE', *, *, #1379, .T. ) ;
#3570 = CARTESIAN_POINT ( 'NONE',  ( 3.110000000000007000, -1.079998094000000000E-015, 15.78000000000000300 ) ) ;
#3571 = ORIENTED_EDGE ( 'NONE', *, *, #10, .F. ) ;
#3572 = DIRECTION ( 'NONE',  ( 1.000000000000000000, 0.0000000000000000000, -0.0000000000000000000 ) ) ;
#3573 = VECTOR ( 'NONE', #2263, 1000.000000000000100 ) ;
#3574 = DIRECTION ( 'NONE',  ( 1.000000000000000000, 0.0000000000000000000, 0.0000000000000000000 ) ) ;
#3575 = DIRECTION ( 'NONE',  ( 0.0000000000000000000, -0.0000000000000000000, 1.000000000000000000 ) ) ;
#3576 = EDGE_CURVE ( 'NONE', #2319, #6955, #6318, .T. ) ;
#3577 = EDGE_CURVE ( 'NONE', #6781, #2536, #5647, .T. ) ;
#3578 = PLANE ( 'NONE',  #4541 ) ;
#3579 = VERTEX_POINT ( 'NONE', #4710 ) ;
#3580 = VECTOR ( 'NONE', #1579, 1000.000000000000000 ) ;
#3581 = CARTESIAN_POINT ( 'NONE',  ( -1.587205423006549500, 2.801970520000000400E-015, 21.83942099861424800 ) ) ;
#3582 = DIRECTION ( 'NONE',  ( 0.0000000000000000000, 0.0000000000000000000, -1.000000000000000000 ) ) ;
#3583 = VECTOR ( 'NONE', #1602, 1000.000000000000000 ) ;
#3584 = LINE ( 'NONE', #6708, #5049 ) ;
#3585 = ORIENTED_EDGE ( 'NONE', *, *, #1411, .T. ) ;
#3586 = LINE ( 'NONE', #2839, #2398 ) ;
#3587 = DIRECTION ( 'NONE',  ( 0.5773502691896258400, -0.5773502691896258400, 0.5773502691896258400 ) ) ;
#3588 = CARTESIAN_POINT ( 'NONE',  ( -0.4143145750507524200, -1.157498943410821600, -0.9999999999999876800 ) ) ;
#3589 = ORIENTED_EDGE ( 'NONE', *, *, #6113, .T. ) ;
#3590 = LINE ( 'NONE', #65, #5057 ) ;
#3591 = ORIENTED_EDGE ( 'NONE', *, *, #2526, .F. ) ;
#3592 = EDGE_LOOP ( 'NONE', ( #812, #1576, #5754, #76 ) ) ;
#3593 = CIRCLE ( 'NONE', #2053, 0.4000000000000001900 ) ;
#3594 = ORIENTED_EDGE ( 'NONE', *, *, #2355, .T. ) ;
#3595 = ORIENTED_EDGE ( 'NONE', *, *, #6121, .T. ) ;
#3596 = CARTESIAN_POINT ( 'NONE',  ( -0.4143145750507522500, -1.332157287525378700, -0.8828427124746135400 ) ) ;
#3597 = CARTESIAN_POINT ( 'NONE',  ( 5.114314575050773500, -1.332157287525381500, -0.8828427124746169900 ) ) ;
#3598 = CARTESIAN_POINT ( 'NONE',  ( -1.580000000000004300, -1.932157287525378300, -5.421010862427522200E-017 ) ) ;
#3599 = FACE_OUTER_BOUND ( 'NONE', #6, .T. ) ;
#3600 = LINE ( 'NONE', #963, #2500 ) ;
#3601 = AXIS2_PLACEMENT_3D ( 'NONE', #1575, #5909, #941 ) ;
#3602 = ORIENTED_EDGE ( 'NONE', *, *, #4809, .T. ) ;
#3603 = DIRECTION ( 'NONE',  ( -1.000000000000000000, -0.0000000000000000000, 0.0000000000000000000 ) ) ;
#3604 = VERTEX_POINT ( 'NONE', #2558 ) ;
#3605 = LINE ( 'NONE', #648, #6068 ) ;
#3606 = DIRECTION ( 'NONE',  ( -0.0000000000000000000, -1.000000000000000000, 0.0000000000000000000 ) ) ;
#3607 = CARTESIAN_POINT ( 'NONE',  ( 1.753341459406240400, -3.380000000000043900, 6.097201937963163200 ) ) ;
#3608 = FACE_OUTER_BOUND ( 'NONE', #919, .T. ) ;
#3609 = VERTEX_POINT ( 'NONE', #6345 ) ;
#3610 = ORIENTED_EDGE ( 'NONE', *, *, #1260, .F. ) ;
#3611 = ORIENTED_EDGE ( 'NONE', *, *, #5672, .T. ) ;
#3612 = ORIENTED_EDGE ( 'NONE', *, *, #7044, .F. ) ;
#3613 = CARTESIAN_POINT ( 'NONE',  ( 2.174999999999987400, -2.166919661656073500, 0.0000000000000000000 ) ) ;
#3614 = ORIENTED_EDGE ( 'NONE', *, *, #4075, .F. ) ;
#3615 = AXIS2_PLACEMENT_3D ( 'NONE', #823, #4067, #1866 ) ;
#3616 = ORIENTED_EDGE ( 'NONE', *, *, #1988, .T. ) ;
#3617 = CARTESIAN_POINT ( 'NONE',  ( -4.750000000000000000, -3.429999999999997100, 8.380000000000009700 ) ) ;
#3618 = EDGE_CURVE ( 'NONE', #516, #1580, #3415, .T. ) ;
#3619 = CARTESIAN_POINT ( 'NONE',  ( -4.750000000000000000, -3.429999999999997100, 0.5099999999999920200 ) ) ;
#3620 = ORIENTED_EDGE ( 'NONE', *, *, #3749, .F. ) ;
#3621 = FACE_OUTER_BOUND ( 'NONE', #5391, .T. ) ;
#3622 = ORIENTED_EDGE ( 'NONE', *, *, #5202, .T. ) ;
#3623 = ORIENTED_EDGE ( 'NONE', *, *, #1165, .T. ) ;
#3624 = VERTEX_POINT ( 'NONE', #3068 ) ;
#3625 = CARTESIAN_POINT ( 'NONE',  ( -4.177501056589175500, 1.049314575050752200, -0.9999999999999879000 ) ) ;
#3626 = EDGE_CURVE ( 'NONE', #6764, #3099, #5151, .T. ) ;
#3627 = CARTESIAN_POINT ( 'NONE',  ( 9.530000000000004700, 0.6350000000000001200, -3.180000000000005500 ) ) ;
#3628 = EDGE_CURVE ( 'NONE', #5230, #37, #5462, .T. ) ;
#3629 = AXIS2_PLACEMENT_3D ( 'NONE', #6391, #2089, #6354 ) ;
#3630 = CIRCLE ( 'NONE', #5497, 2.100000000000007600 ) ;
#3631 = ADVANCED_FACE ( 'NONE', ( #6581 ), #5865, .T. ) ;
#3632 = ORIENTED_EDGE ( 'NONE', *, *, #1660, .F. ) ;
#3633 = PLANE ( 'NONE',  #234 ) ;
#3634 = VECTOR ( 'NONE', #7057, 1000.000000000000000 ) ;
#3635 = DIRECTION ( 'NONE',  ( -0.5773502691896258400, -0.5773502691896252900, -0.5773502691896261800 ) ) ;
#3636 = PLANE ( 'NONE',  #1735 ) ;
#3637 = VECTOR ( 'NONE', #2751, 1000.000000000000000 ) ;
#3638 = CARTESIAN_POINT ( 'NONE',  ( 0.0000000000000000000, 9.937043880000001100E-016, -1.549999999999997800 ) ) ;
#3639 = CARTESIAN_POINT ( 'NONE',  ( -1.040588201445647800, -3.430000000000021900, 6.513528991902220800 ) ) ;
#3640 = AXIS2_PLACEMENT_3D ( 'NONE', #5053, #1287, #1799 ) ;
#3641 = CARTESIAN_POINT ( 'NONE',  ( -3.067898303399258200, -0.5099999999999925700, 9.390000000000007700 ) ) ;
#3642 = CARTESIAN_POINT ( 'NONE',  ( 4.750000000000000000, 3.429999999999920700, 0.0000000000000000000 ) ) ;
#3643 = CARTESIAN_POINT ( 'NONE',  ( 1.254859635936542300, -3.380000000000043900, 4.963528991902238700 ) ) ;
#3644 = ORIENTED_EDGE ( 'NONE', *, *, #2255, .T. ) ;
#3645 = LINE ( 'NONE', #7064, #2464 ) ;
#3646 = VERTEX_POINT ( 'NONE', #2582 ) ;
#3647 = CARTESIAN_POINT ( 'NONE',  ( 1.496662996000000200E-009, -1.331956950000000100E-009, 0.5099999999999920200 ) ) ;
#3648 = AXIS2_PLACEMENT_3D ( 'NONE', #3373, #3391, #2783 ) ;
#3649 = CARTESIAN_POINT ( 'NONE',  ( 1.624345192960470200, -1.930000000000001700, 9.390000000000007700 ) ) ;
#3650 = EDGE_CURVE ( 'NONE', #1064, #6202, #3494, .T. ) ;
#3651 = ORIENTED_EDGE ( 'NONE', *, *, #6811, .F. ) ;
#3652 = EDGE_LOOP ( 'NONE', ( #1367, #638, #5064, #438 ) ) ;
#3653 = VECTOR ( 'NONE', #681, 1000.000000000000000 ) ;
#3654 = CARTESIAN_POINT ( 'NONE',  ( 5.322350442411914400, 1.157498943410819200, -0.9583642496800646200 ) ) ;
#3655 = ADVANCED_FACE ( 'NONE', ( #181 ), #4739, .T. ) ;
#3656 = CARTESIAN_POINT ( 'NONE',  ( -1.194424616018025200, 3.429999999999920700, 0.0000000000000000000 ) ) ;
#3657 = CARTESIAN_POINT ( 'NONE',  ( 0.4143145750507522500, 1.157498943410821600, -0.9999999999999879000 ) ) ;
#3658 = ORIENTED_EDGE ( 'NONE', *, *, #4545, .T. ) ;
#3659 = AXIS2_PLACEMENT_3D ( 'NONE', #3976, #1774, #6712 ) ;
#3660 = FACE_OUTER_BOUND ( 'NONE', #5253, .T. ) ;
#3661 = AXIS2_PLACEMENT_3D ( 'NONE', #5069, #6112, #3355 ) ;
#3662 = EDGE_CURVE ( 'NONE', #1167, #4305, #4112, .T. ) ;
#3663 = PLANE ( 'NONE',  #4260 ) ;
#3664 = FACE_OUTER_BOUND ( 'NONE', #6139, .T. ) ;
#3665 = CARTESIAN_POINT ( 'NONE',  ( -4.750000000000000000, 2.919999999999978600, 0.5099999999999920200 ) ) ;
#3666 = VERTEX_POINT ( 'NONE', #5796 ) ;
#3667 = CARTESIAN_POINT ( 'NONE',  ( 1.624345192960470200, -5.967448059999999900E-015, 9.390000000000007700 ) ) ;
#3668 = LINE ( 'NONE', #1129, #5051 ) ;
#3669 = ORIENTED_EDGE ( 'NONE', *, *, #4625, .T. ) ;
#3670 =( NAMED_UNIT ( * ) PLANE_ANGLE_UNIT ( ) SI_UNIT ( $, .RADIAN. ) );
#3671 = EDGE_CURVE ( 'NONE', #3085, #1915, #4361, .T. ) ;
#3672 = EDGE_CURVE ( 'NONE', #2471, #516, #3760, .T. ) ;
#3673 = VECTOR ( 'NONE', #5490, 1000.000000000000000 ) ;
#3674 = FACE_OUTER_BOUND ( 'NONE', #137, .T. ) ;
#3675 = EDGE_LOOP ( 'NONE', ( #1835, #4194, #4217 ) ) ;
#3676 = DIRECTION ( 'NONE',  ( 0.0000000000000000000, -1.000000000000000000, 0.0000000000000000000 ) ) ;
#3677 = VECTOR ( 'NONE', #1078, 1000.000000000000000 ) ;
#3678 = PLANE ( 'NONE',  #2598 ) ;
#3679 = VERTEX_POINT ( 'NONE', #3702 ) ;
#3680 = FACE_BOUND ( 'NONE', #6130, .T. ) ;
#3681 = CARTESIAN_POINT ( 'NONE',  ( 4.285685424949244600, 1.332157287525385800, -0.8828427124746207600 ) ) ;
#3682 = VECTOR ( 'NONE', #6884, 1000.000000000000000 ) ;
#3683 =( NAMED_UNIT ( * ) PLANE_ANGLE_UNIT ( ) SI_UNIT ( $, .RADIAN. ) );
#3684 = ORIENTED_EDGE ( 'NONE', *, *, #2118, .T. ) ;
#3685 = EDGE_CURVE ( 'NONE', #6939, #5717, #856, .T. ) ;
#3686 = DIRECTION ( 'NONE',  ( 0.0000000000000000000, -1.000000000000000000, 0.0000000000000000000 ) ) ;
#3687 = DIRECTION ( 'NONE',  ( 1.000000000000000000, 0.0000000000000000000, 0.0000000000000000000 ) ) ;
#3688 = FACE_OUTER_BOUND ( 'NONE', #5410, .T. ) ;
#3689 = VECTOR ( 'NONE', #5518, 1000.000000000000000 ) ;
#3690 = VERTEX_POINT ( 'NONE', #6965 ) ;
#3691 = CARTESIAN_POINT ( 'NONE',  ( 8.330000000000005400, -2.540000000000000500, 8.890000000000000600 ) ) ;
#3692 = VERTEX_POINT ( 'NONE', #891 ) ;
#3693 = ADVANCED_FACE ( 'NONE', ( #2649 ), #309, .T. ) ;
#3694 = VERTEX_POINT ( 'NONE', #5354 ) ;
#3695 = DIRECTION ( 'NONE',  ( -0.9762960071198573100, 0.0000000000000000000, -0.2164396139384458000 ) ) ;
#3696 = CARTESIAN_POINT ( 'NONE',  ( 6.249999999999994700, -3.429999999999996600, 8.890000000000000600 ) ) ;
#3697 = AXIS2_PLACEMENT_3D ( 'NONE', #2031, #4163, #399 ) ;
#3698 = VERTEX_POINT ( 'NONE', #1625 ) ;
#3699 = EDGE_CURVE ( 'NONE', #3013, #2870, #352, .T. ) ;
#3700 = VERTEX_POINT ( 'NONE', #1555 ) ;
#3701 =( BOUNDED_SURFACE ( )  B_SPLINE_SURFACE ( 3, 3, ( 
 ( #2931, #245, #4565, #229 ),
 ( #4585, #2411, #1326, #5139 ),
 ( #2366, #5681, #793, #1861 ),
 ( #5097, #2905, #6773, #4012 ) ),
 .UNSPECIFIED., .F., .F., .T. ) 
 B_SPLINE_SURFACE_WITH_KNOTS ( ( 4, 4 ),
 ( 4, 4 ),
 ( 0.0000000000000000000, 1.000000000000000000 ),
 ( 0.0000000000000000000, 1.000000000000000000 ),
 .UNSPECIFIED. ) 
 GEOMETRIC_REPRESENTATION_ITEM ( )  RATIONAL_B_SPLINE_SURFACE ( (
 ( 1.000000000000000000, 0.9486501948152668000, 0.9486501948152668000, 1.000000000000000000),
 ( 0.9486501948152659100, 0.8999371921230428000, 0.8999371921230428000, 0.9486501948152659100),
 ( 0.9486501948152659100, 0.8999371921230428000, 0.8999371921230428000, 0.9486501948152659100),
 ( 1.000000000000000000, 0.9486501948152668000, 0.9486501948152668000, 1.000000000000000000) ) ) 
 REPRESENTATION_ITEM ( '' )  SURFACE ( )  );
#3702 = CARTESIAN_POINT ( 'NONE',  ( 4.750000000000000000, -2.670000000000014100, 8.380000000000009700 ) ) ;
#3703 = VERTEX_POINT ( 'NONE', #5915 ) ;
#3704 = DIRECTION ( 'NONE',  ( 0.0000000000000000000, 1.000000000000000000, 0.0000000000000000000 ) ) ;
#3705 = ORIENTED_EDGE ( 'NONE', *, *, #3113, .T. ) ;
#3706 = EDGE_CURVE ( 'NONE', #3521, #4496, #1455, .T. ) ;
#3707 = DIRECTION ( 'NONE',  ( -0.2027126583463560700, -0.9792382642371332300, -0.0000000000000000000 ) ) ;
#3708 = ORIENTED_EDGE ( 'NONE', *, *, #6307, .T. ) ;
#3709 = AXIS2_PLACEMENT_3D ( 'NONE', #6652, #6075, #1772 ) ;
#3710 = FACE_OUTER_BOUND ( 'NONE', #2028, .T. ) ;
#3711 = CARTESIAN_POINT ( 'NONE',  ( 5.114314575050766400, 1.157498943410819200, -0.9999999999999877900 ) ) ;
#3712 = EDGE_CURVE ( 'NONE', #6756, #5739, #2563, .T. ) ;
#3713 = CARTESIAN_POINT ( 'NONE',  ( -0.2815091153804932200, 2.818925648462311500E-015, 22.12888690104754400 ) ) ;
#3714 = VERTEX_POINT ( 'NONE', #6458 ) ;
#3715 = ORIENTED_EDGE ( 'NONE', *, *, #665, .F. ) ;
#3716 = DIRECTION ( 'NONE',  ( 1.000000000000000000, 0.0000000000000000000, 0.0000000000000000000 ) ) ;
#3717 = CARTESIAN_POINT ( 'NONE',  ( 6.249999999999994700, 1.930000000000001700, 8.890000000000000600 ) ) ;
#3718 = ORIENTED_EDGE ( 'NONE', *, *, #2339, .T. ) ;
#3719 = LINE ( 'NONE', #2834, #4068 ) ;
#3720 = EDGE_CURVE ( 'NONE', #7026, #4422, #1965, .T. ) ;
#3721 = DIRECTION ( 'NONE',  ( 0.9260204203180920600, 0.0000000000000000000, -0.3774734178109820400 ) ) ;
#3722 = DIRECTION ( 'NONE',  ( 1.000000000000000000, 0.0000000000000000000, -0.0000000000000000000 ) ) ;
#3723 = EDGE_CURVE ( 'NONE', #6301, #5336, #1798, .T. ) ;
#3724 = ORIENTED_EDGE ( 'NONE', *, *, #5768, .T. ) ;
#3725 = VECTOR ( 'NONE', #6292, 1000.000000000000000 ) ;
#3726 = DIRECTION ( 'NONE',  ( 0.0000000000000000000, -1.000000000000000000, 0.0000000000000000000 ) ) ;
#3727 = DIRECTION ( 'NONE',  ( 0.0000000000000000000, 0.0000000000000000000, 1.000000000000000000 ) ) ;
#3728 = DIRECTION ( 'NONE',  ( 0.0000000000000000000, 0.0000000000000000000, 1.000000000000000000 ) ) ;
#3729 = LINE ( 'NONE', #4745, #5696 ) ;
#3730 = ADVANCED_FACE ( 'NONE', ( #4534 ), #4371, .T. ) ;
#3731 = CARTESIAN_POINT ( 'NONE',  ( 8.330000000000005400, 2.540000000000000500, 8.890000000000000600 ) ) ;
#3732 = CARTESIAN_POINT ( 'NONE',  ( 5.397157287525381300, -2.215000000000004700, -0.8828427124746205400 ) ) ;
#3733 = CARTESIAN_POINT ( 'NONE',  ( 0.4143145750507522500, -1.107499999999989700, -0.5999999999999875400 ) ) ;
#3734 = FACE_OUTER_BOUND ( 'NONE', #4765, .T. ) ;
#3735 = CARTESIAN_POINT ( 'NONE',  ( 0.6223504424119060700, 1.049314575050752200, -0.9583642496800579600 ) ) ;
#3736 = CARTESIAN_POINT ( 'NONE',  ( 5.080000000000001000, 0.6350000000000001200, -2.679999999999999300 ) ) ;
#3737 = ORIENTED_EDGE ( 'NONE', *, *, #4919, .F. ) ;
#3738 = VERTEX_POINT ( 'NONE', #3281 ) ;
#3739 = CARTESIAN_POINT ( 'NONE',  ( -5.080000000000001000, -1.015000000000004100, -0.9999999999999879000 ) ) ;
#3740 = DIRECTION ( 'NONE',  ( -1.000000000000000000, 0.0000000000000000000, -0.0000000000000000000 ) ) ;
#3741 = CARTESIAN_POINT ( 'NONE',  ( -3.121276751905039900, -3.264314575050809800, 8.468002256416413500E-016 ) ) ;
#3742 = ORIENTED_EDGE ( 'NONE', *, *, #2571, .T. ) ;
#3743 = ORIENTED_EDGE ( 'NONE', *, *, #2025, .T. ) ;
#3744 = ORIENTED_EDGE ( 'NONE', *, *, #1340, .F. ) ;
#3745 = LINE ( 'NONE', #5135, #5456 ) ;
#3746 = CARTESIAN_POINT ( 'NONE',  ( -1.300000000000007100, -2.920000000000029700, 8.129999999999993700 ) ) ;
#3747 = CARTESIAN_POINT ( 'NONE',  ( 4.699999999999996600, 9.416625820000001700E-016, -1.549999999999997800 ) ) ;
#3748 = DIRECTION ( 'NONE',  ( -0.2164396139381000500, 1.560909603030452800E-015, 0.9762960071199340300 ) ) ;
#3749 = EDGE_CURVE ( 'NONE', #1100, #3537, #773, .T. ) ;
#3750 = CARTESIAN_POINT ( 'NONE',  ( -2.864554677647203700, 2.024174563873425600, 0.5099999999999920200 ) ) ;
#3751 = ORIENTED_EDGE ( 'NONE', *, *, #1298, .T. ) ;
#3752 = VECTOR ( 'NONE', #6892, 1000.000000000000000 ) ;
#3753 = APPLICATION_PROTOCOL_DEFINITION ( 'draft international standard', 'automotive_design', 1998, #4940 ) ;
#3754 = CARTESIAN_POINT ( 'NONE',  ( 4.750000000000000000, -3.387704674639953500, 8.380000000000009700 ) ) ;
#3755 = DIRECTION ( 'NONE',  ( 0.0000000000000000000, 0.0000000000000000000, 1.000000000000000000 ) ) ;
#3756 = FACE_OUTER_BOUND ( 'NONE', #3945, .T. ) ;
#3757 = EDGE_CURVE ( 'NONE', #4468, #215, #3844, .T. ) ;
#3758 = LINE ( 'NONE', #4794, #2302 ) ;
#3759 = VERTEX_POINT ( 'NONE', #1027 ) ;
#3760 = LINE ( 'NONE', #6384, #2304 ) ;
#3761 = ORIENTED_EDGE ( 'NONE', *, *, #1268, .F. ) ;
#3762 = DIRECTION ( 'NONE',  ( -0.0000000000000000000, 1.000000000000000000, 0.0000000000000000000 ) ) ;
#3763 = ADVANCED_FACE ( 'NONE', ( #3228 ), #3405, .T. ) ;
#3764 = CARTESIAN_POINT ( 'NONE',  ( 9.530000000000004700, 0.6350000000000001200, -3.940000000000013700 ) ) ;
#3765 = VECTOR ( 'NONE', #1900, 1000.000000000000000 ) ;
#3766 = VECTOR ( 'NONE', #893, 1000.000000000000000 ) ;
#3767 = ORIENTED_EDGE ( 'NONE', *, *, #1372, .F. ) ;
#3768 = LINE ( 'NONE', #729, #2063 ) ;
#3769 = PLANE ( 'NONE',  #6120 ) ;
#3770 = DIRECTION ( 'NONE',  ( 0.0000000000000000000, 1.000000000000000000, -0.0000000000000000000 ) ) ;
#3771 = VERTEX_POINT ( 'NONE', #2147 ) ;
#3772 = CARTESIAN_POINT ( 'NONE',  ( 1.194424616017973900, -3.429999999999996600, 0.0000000000000000000 ) ) ;
#3773 = VECTOR ( 'NONE', #4964, 999.9999999999998900 ) ;
#3774 = VERTEX_POINT ( 'NONE', #5955 ) ;
#3775 = VERTEX_POINT ( 'NONE', #2698 ) ;
#3776 = CARTESIAN_POINT ( 'NONE',  ( 4.319999999999992300, 8.643823200000000300E-016, -0.9999999999999879000 ) ) ;
#3777 = VECTOR ( 'NONE', #6472, 1000.000000000000000 ) ;
#3778 = CARTESIAN_POINT ( 'NONE',  ( -2.357898303399244900, 0.5099999999999920200, 9.390000000000007700 ) ) ;
#3779 = FACE_OUTER_BOUND ( 'NONE', #5317, .T. ) ;
#3780 = AXIS2_PLACEMENT_3D ( 'NONE', #5777, #5692, #2425 ) ;
#3781 = ORIENTED_EDGE ( 'NONE', *, *, #2746, .F. ) ;
#3782 = ADVANCED_FACE ( 'NONE', ( #6748 ), #6633, .T. ) ;
#3783 = DIRECTION ( 'NONE',  ( 0.0000000000000000000, -1.000000000000000000, 0.0000000000000000000 ) ) ;
#3784 = DIRECTION ( 'NONE',  ( -0.0000000000000000000, 1.000000000000000000, -0.0000000000000000000 ) ) ;
#3785 = ORIENTED_EDGE ( 'NONE', *, *, #6357, .T. ) ;
#3786 = ORIENTED_EDGE ( 'NONE', *, *, #3186, .F. ) ;
#3787 = ORIENTED_EDGE ( 'NONE', *, *, #3199, .T. ) ;
#3788 = VERTEX_POINT ( 'NONE', #4875 ) ;
#3789 = ORIENTED_EDGE ( 'NONE', *, *, #751, .F. ) ;
#3790 = CARTESIAN_POINT ( 'NONE',  ( -2.357898303342896600, -0.4684258972213699600, 16.48610997824140500 ) ) ;
#3791 = EDGE_LOOP ( 'NONE', ( #1902, #4996, #5191, #2810 ) ) ;
#3792 =( BOUNDED_SURFACE ( )  B_SPLINE_SURFACE ( 3, 3, ( 
 ( #620, #6626, #1766, #5550 ),
 ( #6603, #587, #4973, #6109 ),
 ( #6646, #3928, #4414, #2279 ),
 ( #2800, #3350, #118, #2766 ) ),
 .UNSPECIFIED., .F., .F., .F. ) 
 B_SPLINE_SURFACE_WITH_KNOTS ( ( 4, 4 ),
 ( 4, 4 ),
 ( 0.0000000000000000000, 1.000000000000000000 ),
 ( 0.0000000000000000000, 1.000000000000000000 ),
 .UNSPECIFIED. ) 
 GEOMETRIC_REPRESENTATION_ITEM ( )  RATIONAL_B_SPLINE_SURFACE ( (
 ( 1.000000000000000000, 0.9486501948152668000, 0.9486501948152668000, 1.000000000000000000),
 ( 0.9486501948152656900, 0.8999371921230425700, 0.8999371921230425700, 0.9486501948152656900),
 ( 0.9486501948152656900, 0.8999371921230425700, 0.8999371921230425700, 0.9486501948152656900),
 ( 1.000000000000000000, 0.9486501948152668000, 0.9486501948152668000, 1.000000000000000000) ) ) 
 REPRESENTATION_ITEM ( '' )  SURFACE ( )  );
#3793 = FACE_OUTER_BOUND ( 'NONE', #187, .T. ) ;
#3794 = DIRECTION ( 'NONE',  ( -0.0000000000000000000, -1.000000000000000000, -0.0000000000000000000 ) ) ;
#3795 = DIRECTION ( 'NONE',  ( 0.0000000000000000000, 0.0000000000000000000, -1.000000000000000000 ) ) ;
#3796 = AXIS2_PLACEMENT_3D ( 'NONE', #1757, #6059, #6661 ) ;
#3797 = AXIS2_PLACEMENT_3D ( 'NONE', #3613, #4715, #5272 ) ;
#3798 = VERTEX_POINT ( 'NONE', #3225 ) ;
#3799 = CARTESIAN_POINT ( 'NONE',  ( 1.437428448867020100, -3.430000000000015700, 5.322201937963138900 ) ) ;
#3800 = EDGE_LOOP ( 'NONE', ( #4615, #1253, #4951, #163 ) ) ;
#3801 = EDGE_CURVE ( 'NONE', #615, #3698, #1297, .T. ) ;
#3802 = CARTESIAN_POINT ( 'NONE',  ( 5.398487006990693600, -1.049314575050752200, -0.8815067120431499000 ) ) ;
#3803 = CYLINDRICAL_SURFACE ( 'NONE', #6491, 0.4000000000000002400 ) ;
#3804 = EDGE_CURVE ( 'NONE', #4368, #2341, #3061, .T. ) ;
#3805 = AXIS2_PLACEMENT_3D ( 'NONE', #2954, #3474, #5699 ) ;
#3806 = EDGE_CURVE ( 'NONE', #1264, #5003, #5137, .T. ) ;
#3807 = LINE ( 'NONE', #4802, #3030 ) ;
#3808 = CARTESIAN_POINT ( 'NONE',  ( 0.0000000000000000000, -2.670000000000013700, 8.129999999999993700 ) ) ;
#3809 = DIRECTION ( 'NONE',  ( -1.000000000000000000, -0.0000000000000000000, -0.0000000000000000000 ) ) ;
#3810 = LINE ( 'NONE', #5792, #6888 ) ;
#3811 = EDGE_CURVE ( 'NONE', #5676, #4510, #5301, .T. ) ;
#3812 = CARTESIAN_POINT ( 'NONE',  ( 6.249999999999993800, -5.967448059999999900E-015, 9.390000000000007700 ) ) ;
#3813 = CARTESIAN_POINT ( 'NONE',  ( 1.300000000000007100, 2.919999999999978600, 0.6999999999999940700 ) ) ;
#3814 = CARTESIAN_POINT ( 'NONE',  ( 8.330000000000005400, 3.149999999999998600, 8.890000000000000600 ) ) ;
#3815 = EDGE_CURVE ( 'NONE', #4008, #2821, #6913, .T. ) ;
#3816 = CARTESIAN_POINT ( 'NONE',  ( -1.300000000000001400, -2.919999999999979500, 5.135813185032628600E-031 ) ) ;
#3817 = CARTESIAN_POINT ( 'NONE',  ( -1.580000000000004700, 1.932157287525372500, -2.658170100000123100E-017 ) ) ;
#3818 = ADVANCED_FACE ( 'NONE', ( #1116 ), #6572, .F. ) ;
#3819 = DIRECTION ( 'NONE',  ( 0.0000000000000000000, 0.7071067811865470200, -0.7071067811865480200 ) ) ;
#3820 = CARTESIAN_POINT ( 'NONE',  ( 6.350000000000000500, 3.429999999999996600, 0.0000000000000000000 ) ) ;
#3821 = EDGE_CURVE ( 'NONE', #7061, #4727, #3933, .T. ) ;
#3822 = VERTEX_POINT ( 'NONE', #1718 ) ;
#3823 = LINE ( 'NONE', #3495, #159 ) ;
#3824 = CARTESIAN_POINT ( 'NONE',  ( 1.730704481253711100, -3.430000000000021900, 6.130874884024083600 ) ) ;
#3825 =( NAMED_UNIT ( * ) PLANE_ANGLE_UNIT ( ) SI_UNIT ( $, .RADIAN. ) );
#3826 = DIRECTION ( 'NONE',  ( 1.000000000000000000, 0.0000000000000000000, -0.0000000000000000000 ) ) ;
#3827 = CARTESIAN_POINT ( 'NONE',  ( -4.750000000000000000, 2.920000000000004400, 0.0000000000000000000 ) ) ;
#3828 = ORIENTED_EDGE ( 'NONE', *, *, #4816, .F. ) ;
#3829 = ORIENTED_EDGE ( 'NONE', *, *, #3479, .T. ) ;
#3830 = VECTOR ( 'NONE', #2073, 1000.000000000000000 ) ;
#3831 = AXIS2_PLACEMENT_3D ( 'NONE', #3717, #4862, #4257 ) ;
#3832 = EDGE_CURVE ( 'NONE', #5361, #4271, #3586, .T. ) ;
#3833 = DIRECTION ( 'NONE',  ( 0.0000000000000000000, 0.0000000000000000000, 1.000000000000000000 ) ) ;
#3834 = CARTESIAN_POINT ( 'NONE',  ( 6.938893920000000700E-016, 8.643823200000000300E-016, -0.9999999999999879000 ) ) ;
#3835 = ORIENTED_EDGE ( 'NONE', *, *, #6676, .F. ) ;
#3836 = ORIENTED_EDGE ( 'NONE', *, *, #6444, .T. ) ;
#3837 = LINE ( 'NONE', #4584, #6558 ) ;
#3838 = CARTESIAN_POINT ( 'NONE',  ( 3.910000000000007200, -1.049314575050752200, -0.5999999999999875400 ) ) ;
#3839 = FACE_OUTER_BOUND ( 'NONE', #1868, .T. ) ;
#3840 = CARTESIAN_POINT ( 'NONE',  ( -4.001512993009318300, -1.157498943410821400, -0.8815067120431440100 ) ) ;
#3841 = VERTEX_POINT ( 'NONE', #5586 ) ;
#3842 = AXIS2_PLACEMENT_3D ( 'NONE', #5700, #3994, #2440 ) ;
#3843 = CARTESIAN_POINT ( 'NONE',  ( 0.0000000000000000000, -3.030000000000046900, 0.4000000000000002400 ) ) ;
#3844 = LINE ( 'NONE', #7040, #2730 ) ;
#3845 = PLANE ( 'NONE',  #138 ) ;
#3846 = EDGE_CURVE ( 'NONE', #2120, #6620, #4190, .T. ) ;
#3847 = CIRCLE ( 'NONE', #6841, 0.4000000000000004100 ) ;
#3848 = DIRECTION ( 'NONE',  ( 1.000000000000000000, 0.0000000000000000000, 0.0000000000000000000 ) ) ;
#3849 = LINE ( 'NONE', #6442, #4620 ) ;
#3850 = ORIENTED_EDGE ( 'NONE', *, *, #6400, .T. ) ;
#3851 = FACE_OUTER_BOUND ( 'NONE', #895, .T. ) ;
#3852 = ADVANCED_FACE ( 'NONE', ( #6483 ), #2266, .T. ) ;
#3853 = DIRECTION ( 'NONE',  ( 1.000000000000000000, 0.0000000000000000000, 0.0000000000000000000 ) ) ;
#3854 = DIRECTION ( 'NONE',  ( 0.0000000000000000000, 0.0000000000000000000, -1.000000000000000000 ) ) ;
#3855 = EDGE_CURVE ( 'NONE', #4510, #2920, #3668, .T. ) ;
#3856 = EDGE_CURVE ( 'NONE', #4936, #5664, #6389, .T. ) ;
#3857 = ORIENTED_EDGE ( 'NONE', *, *, #1933, .T. ) ;
#3858 = FACE_OUTER_BOUND ( 'NONE', #4861, .T. ) ;
#3859 = ORIENTED_EDGE ( 'NONE', *, *, #4577, .T. ) ;
#3860 = VECTOR ( 'NONE', #4503, 1000.000000000000000 ) ;
#3861 = ORIENTED_EDGE ( 'NONE', *, *, #906, .F. ) ;
#3862 = ORIENTED_EDGE ( 'NONE', *, *, #6866, .F. ) ;
#3863 = CARTESIAN_POINT ( 'NONE',  ( 4.319999999999992300, -0.6350000000000001200, -1.549999999999997800 ) ) ;
#3864 = ORIENTED_EDGE ( 'NONE', *, *, #1968, .F. ) ;
#3865 = PLANE ( 'NONE',  #3091 ) ;
#3866 = CARTESIAN_POINT ( 'NONE',  ( -1.277228838748973900, -3.030000000000046900, 0.0000000000000000000 ) ) ;
#3867 = CARTESIAN_POINT ( 'NONE',  ( 1.299999999999961200, -2.919999999999994600, -2.775557060000000200E-015 ) ) ;
#3868 = CIRCLE ( 'NONE', #5782, 0.7041745638733795100 ) ;
#3869 = VECTOR ( 'NONE', #2021, 1000.000000000000000 ) ;
#3870 = CARTESIAN_POINT ( 'NONE',  ( -0.9432769466796208100, -3.430000000000021900, 5.738528991902222200 ) ) ;
#3871 = VERTEX_POINT ( 'NONE', #2415 ) ;
#3872 = ORIENTED_EDGE ( 'NONE', *, *, #5004, .F. ) ;
#3873 = ORIENTED_EDGE ( 'NONE', *, *, #3926, .T. ) ;
#3874 = CARTESIAN_POINT ( 'NONE',  ( -4.077649557588091300, -1.157498943410821400, -0.9583642496800578400 ) ) ;
#3875 = CARTESIAN_POINT ( 'NONE',  ( -5.564771525016911200, 1.499771525016915000, -0.1495430500338504300 ) ) ;
#3876 = DIRECTION ( 'NONE',  ( -0.3774734178109641600, 0.0000000000000000000, -0.9260204203180992800 ) ) ;
#3877 = VERTEX_POINT ( 'NONE', #6117 ) ;
#3878 = CARTESIAN_POINT ( 'NONE',  ( -1.063225179635456400, -3.380000000000043900, 6.547201937963128800 ) ) ;
#3879 = CIRCLE ( 'NONE', #3188, 0.4000000000000004100 ) ;
#3880 = ORIENTED_EDGE ( 'NONE', *, *, #3044, .F. ) ;
#3881 = AXIS2_PLACEMENT_3D ( 'NONE', #1703, #66, #1113 ) ;
#3882 = VERTEX_POINT ( 'NONE', #4398 ) ;
#3883 = PLANE ( 'NONE',  #285 ) ;
#3884 = VERTEX_POINT ( 'NONE', #4064 ) ;
#3885 = LINE ( 'NONE', #6187, #4307 ) ;
#3886 = ORIENTED_EDGE ( 'NONE', *, *, #5104, .F. ) ;
#3887 = DIRECTION ( 'NONE',  ( -0.2027126583466629100, 0.9792382642370696100, -0.0000000000000000000 ) ) ;
#3888 = CARTESIAN_POINT ( 'NONE',  ( 6.280000000000001100, 1.332157287525385500, -0.8828427124746205400 ) ) ;
#3889 = ORIENTED_EDGE ( 'NONE', *, *, #247, .T. ) ;
#3890 = VECTOR ( 'NONE', #1831, 1000.000000000000000 ) ;
#3891 = DIRECTION ( 'NONE',  ( 0.0000000000000000000, 0.0000000000000000000, 1.000000000000000000 ) ) ;
#3892 = EDGE_CURVE ( 'NONE', #5175, #5664, #2133, .T. ) ;
#3893 = ADVANCED_FACE ( 'NONE', ( #6312, #6140, #2216, #695 ), #2340, .F. ) ;
#3894 =( BOUNDED_SURFACE ( )  B_SPLINE_SURFACE ( 3, 3, ( 
 ( #6805, #1961, #4095, #329 ),
 ( #5217, #1926, #6281, #2517 ),
 ( #5757, #5268, #3009, #288 ),
 ( #2445, #2986, #6827, #3555 ) ),
 .UNSPECIFIED., .F., .F., .T. ) 
 B_SPLINE_SURFACE_WITH_KNOTS ( ( 4, 4 ),
 ( 4, 4 ),
 ( 0.0000000000000000000, 1.000000000000000000 ),
 ( 0.0000000000000000000, 1.000000000000000000 ),
 .UNSPECIFIED. ) 
 GEOMETRIC_REPRESENTATION_ITEM ( )  RATIONAL_B_SPLINE_SURFACE ( (
 ( 1.000000000000000000, 0.9486501948152695800, 0.9486501948152695800, 1.000000000000000000),
 ( 0.9486501948152676900, 0.8999371921230471200, 0.8999371921230471200, 0.9486501948152676900),
 ( 0.9486501948152676900, 0.8999371921230471200, 0.8999371921230471200, 0.9486501948152676900),
 ( 1.000000000000000000, 0.9486501948152695800, 0.9486501948152695800, 1.000000000000000000) ) ) 
 REPRESENTATION_ITEM ( '' )  SURFACE ( )  );
#3895 = CARTESIAN_POINT ( 'NONE',  ( -4.285685424949245500, -1.257350442411906000, -0.9583642496800579600 ) ) ;
#3896 = DIRECTION ( 'NONE',  ( 0.5773502691896258400, -0.5773502691896258400, -0.5773502691896258400 ) ) ;
#3897 = DIRECTION ( 'NONE',  ( -1.000000000000000000, 0.0000000000000000000, -0.0000000000000000000 ) ) ;
#3898 = CIRCLE ( 'NONE', #1869, 0.4000000000000001900 ) ;
#3899 = CARTESIAN_POINT ( 'NONE',  ( -0.4143145750507522500, -1.049314575050752400, -0.5999999999999875400 ) ) ;
#3900 = AXIS2_PLACEMENT_3D ( 'NONE', #4823, #1325, #6959 ) ;
#3901 = DIRECTION ( 'NONE',  ( 0.2164396139385820200, 1.573757659812971900E-012, -0.9762960071198272200 ) ) ;
#3902 = DIRECTION ( 'NONE',  ( 0.0000000000000000000, 0.0000000000000000000, 1.000000000000000000 ) ) ;
#3903 = VECTOR ( 'NONE', #1087, 999.9999999999998900 ) ;
#3904 = DIRECTION ( 'NONE',  ( -1.000000000000000000, -0.0000000000000000000, 0.0000000000000000000 ) ) ;
#3905 = CARTESIAN_POINT ( 'NONE',  ( 3.050000000000022500, -2.920000000000003500, 0.0000000000000000000 ) ) ;
#3906 = DIRECTION ( 'NONE',  ( -1.000000000000000000, 8.783411735322450300E-017, -8.783411735322438000E-017 ) ) ;
#3907 = VERTEX_POINT ( 'NONE', #2934 ) ;
#3908 = DIRECTION ( 'NONE',  ( 0.0000000000000000000, 0.0000000000000000000, -1.000000000000000000 ) ) ;
#3909 = CARTESIAN_POINT ( 'NONE',  ( -4.750000000000000000, 3.429999999999971300, 8.380000000000009700 ) ) ;
#3910 = CLOSED_SHELL ( 'NONE', ( #2424, #5041, #6027, #6091, #5804, #4263 ) ) ;
#3911 = LINE ( 'NONE', #4094, #5617 ) ;
#3912 = DIRECTION ( 'NONE',  ( -0.0000000000000000000, -0.0000000000000000000, -1.000000000000000000 ) ) ;
#3913 = CARTESIAN_POINT ( 'NONE',  ( -2.100000000000009000, 3.059146347820946000E-015, 14.67999999999998200 ) ) ;
#3914 = CARTESIAN_POINT ( 'NONE',  ( 4.699999999999996600, 1.015000000000004100, -0.9999999999999879000 ) ) ;
#3915 = AXIS2_PLACEMENT_3D ( 'NONE', #2584, #3727, #6988 ) ;
#3916 = ORIENTED_EDGE ( 'NONE', *, *, #1698, .T. ) ;
#3917 = LINE ( 'NONE', #2066, #6123 ) ;
#3918 = CARTESIAN_POINT ( 'NONE',  ( 4.320000000000017200, 0.8250000000000021800, -2.679999999999998800 ) ) ;
#3919 = ADVANCED_FACE ( 'NONE', ( #600 ), #1623, .T. ) ;
#3920 = CARTESIAN_POINT ( 'NONE',  ( 1.387779038000000200E-015, 2.919999999999902700, 0.0000000000000000000 ) ) ;
#3921 = VECTOR ( 'NONE', #1523, 1000.000000000000000 ) ;
#3922 = ORIENTED_EDGE ( 'NONE', *, *, #5105, .F. ) ;
#3923 = LINE ( 'NONE', #3001, #4616 ) ;
#3924 = AXIS2_PLACEMENT_3D ( 'NONE', #6967, #3704, #4806 ) ;
#3925 = CARTESIAN_POINT ( 'NONE',  ( -2.100000000000009000, 2.544794692179055100E-015, 14.67999999999998000 ) ) ;
#3926 = EDGE_CURVE ( 'NONE', #2556, #2249, #7004, .T. ) ;
#3927 = DIRECTION ( 'NONE',  ( 1.000000000000000000, 0.0000000000000000000, 0.0000000000000000000 ) ) ;
#3928 = CARTESIAN_POINT ( 'NONE',  ( 4.099303881165690600, 1.257350442411905500, -0.9210623386218872400 ) ) ;
#3929 = CIRCLE ( 'NONE', #6194, 1.179145525188715700 ) ;
#3930 = DIRECTION ( 'NONE',  ( 0.0000000000000000000, -1.000000000000000000, -0.0000000000000000000 ) ) ;
#3931 = CIRCLE ( 'NONE', #1785, 1.300000000000061600 ) ;
#3932 = ORIENTED_EDGE ( 'NONE', *, *, #3292, .F. ) ;
#3933 = LINE ( 'NONE', #5558, #933 ) ;
#3934 = CARTESIAN_POINT ( 'NONE',  ( -4.285685424949244600, -1.107499999999989700, -0.5999999999999875400 ) ) ;
#3935 = EDGE_CURVE ( 'NONE', #1406, #6839, #1450, .T. ) ;
#3936 = EDGE_LOOP ( 'NONE', ( #6771, #2780, #949, #4563 ) ) ;
#3937 = EDGE_LOOP ( 'NONE', ( #804, #1929, #5050, #1934 ) ) ;
#3938 = CARTESIAN_POINT ( 'NONE',  ( 0.3800000000000040600, 0.6350000000000001200, -6.990000000000006400 ) ) ;
#3939 = PLANE ( 'NONE',  #4798 ) ;
#3940 = VECTOR ( 'NONE', #4782, 1000.000000000000000 ) ;
#3941 = AXIS2_PLACEMENT_3D ( 'NONE', #4776, #2049, #972 ) ;
#3942 = ORIENTED_EDGE ( 'NONE', *, *, #3804, .T. ) ;
#3943 = EDGE_CURVE ( 'NONE', #3259, #5930, #5547, .T. ) ;
#3944 = LINE ( 'NONE', #3642, #104 ) ;
#3945 = EDGE_LOOP ( 'NONE', ( #6912, #3293, #3761, #1710 ) ) ;
#3946 = CARTESIAN_POINT ( 'NONE',  ( 6.350000000000000500, -3.429999999999996600, 8.380000000000009700 ) ) ;
#3947 = CARTESIAN_POINT ( 'NONE',  ( 5.114314575050773500, -1.107499999999989700, -0.5999999999999875400 ) ) ;
#3948 = CYLINDRICAL_SURFACE ( 'NONE', #6144, 0.4000000000000004100 ) ;
#3949 = ORIENTED_EDGE ( 'NONE', *, *, #67, .T. ) ;
#3950 = CARTESIAN_POINT ( 'NONE',  ( 4.750000000000000000, 3.429999999999920700, 8.380000000000009700 ) ) ;
#3951 = DIRECTION ( 'NONE',  ( -0.9792382642371221200, -0.2027126583464100000, 0.0000000000000000000 ) ) ;
#3952 = EDGE_CURVE ( 'NONE', #3700, #6049, #6573, .T. ) ;
#3953 = ORIENTED_EDGE ( 'NONE', *, *, #4853, .F. ) ;
#3954 = EDGE_CURVE ( 'NONE', #6641, #5676, #5216, .T. ) ;
#3955 = ORIENTED_EDGE ( 'NONE', *, *, #4318, .F. ) ;
#3956 = CARTESIAN_POINT ( 'NONE',  ( -5.114314575050773500, 1.332157287525385800, -0.8828427124746207600 ) ) ;
#3957 = VECTOR ( 'NONE', #6719, 1000.000000000000000 ) ;
#3958 = CARTESIAN_POINT ( 'NONE',  ( 0.3800000000000040600, -1.015000000000004100, -1.549999999999997800 ) ) ;
#3959 = ORIENTED_EDGE ( 'NONE', *, *, #307, .T. ) ;
#3960 = CARTESIAN_POINT ( 'NONE',  ( 5.580000000000007200, -0.6350000000000001200, -2.679999999999999300 ) ) ;
#3961 = CARTESIAN_POINT ( 'NONE',  ( 1.485445322352715300, -2.024174563873280900, 0.5099999999999920200 ) ) ;
#3962 = ORIENTED_EDGE ( 'NONE', *, *, #5439, .T. ) ;
#3963 = ORIENTED_EDGE ( 'NONE', *, *, #5897, .F. ) ;
#3964 = PLANE ( 'NONE',  #764 ) ;
#3965 = DIRECTION ( 'NONE',  ( -1.000000000000000000, 0.0000000000000000000, 0.0000000000000000000 ) ) ;
#3966 = ORIENTED_EDGE ( 'NONE', *, *, #6276, .F. ) ;
#3967 = PLANE ( 'NONE',  #6489 ) ;
#3968 = VERTEX_POINT ( 'NONE', #202 ) ;
#3969 = ADVANCED_FACE ( 'NONE', ( #6221 ), #748, .T. ) ;
#3970 = ORIENTED_EDGE ( 'NONE', *, *, #3757, .T. ) ;
#3971 = CARTESIAN_POINT ( 'NONE',  ( -1.194424616018025200, -3.429999999999996600, 0.0000000000000000000 ) ) ;
#3972 = DIRECTION ( 'NONE',  ( 0.0000000000000000000, -1.536426813241605700E-012, 1.000000000000000000 ) ) ;
#3973 = ORIENTED_EDGE ( 'NONE', *, *, #2533, .T. ) ;
#3974 = ORIENTED_EDGE ( 'NONE', *, *, #4966, .F. ) ;
#3975 = CARTESIAN_POINT ( 'NONE',  ( -5.300696118834325800, 1.257350442411905700, -0.9210623386218883500 ) ) ;
#3976 = CARTESIAN_POINT ( 'NONE',  ( 4.750000000000000000, 2.919999999999902700, 0.0000000000000000000 ) ) ;
#3977 = LINE ( 'NONE', #1693, #5185 ) ;
#3978 = DIRECTION ( 'NONE',  ( 0.5773502691896258400, 0.5773502691896252900, -0.5773502691896261800 ) ) ;
#3979 = ORIENTED_EDGE ( 'NONE', *, *, #6180, .F. ) ;
#3980 = ORIENTED_EDGE ( 'NONE', *, *, #6724, .T. ) ;
#3981 = CARTESIAN_POINT ( 'NONE',  ( 5.997157287525387100, -2.215000000000004300, -2.710505431213761100E-017 ) ) ;
#3982 = FACE_OUTER_BOUND ( 'NONE', #1620, .T. ) ;
#3983 = DIRECTION ( 'NONE',  ( 0.0000000000000000000, 1.536453319449647300E-012, -1.000000000000000000 ) ) ;
#3984 = DIRECTION ( 'NONE',  ( -0.0000000000000000000, 0.0000000000000000000, -1.000000000000000000 ) ) ;
#3985 = CARTESIAN_POINT ( 'NONE',  ( 4.750000000000000000, 3.429999999999920700, 0.5099999999999920200 ) ) ;
#3986 = DIRECTION ( 'NONE',  ( 0.0000000000000000000, 0.0000000000000000000, -1.000000000000000000 ) ) ;
#3987 = PLANE ( 'NONE',  #194 ) ;
#3988 = AXIS2_PLACEMENT_3D ( 'NONE', #6378, #4179, #1453 ) ;
#3989 = ORIENTED_EDGE ( 'NONE', *, *, #1065, .F. ) ;
#3990 = PLANE ( 'NONE',  #5402 ) ;
#3991 = CARTESIAN_POINT ( 'NONE',  ( -0.3800000000000040600, 1.015000000000004100, -0.9999999999999879000 ) ) ;
#3992 = EDGE_CURVE ( 'NONE', #5504, #4895, #1021, .T. ) ;
#3993 = VECTOR ( 'NONE', #5703, 1000.000000000000000 ) ;
#3994 = DIRECTION ( 'NONE',  ( -1.000000000000000000, 0.0000000000000000000, 0.0000000000000000000 ) ) ;
#3995 = PLANE ( 'NONE',  #6332 ) ;
#3996 = DIRECTION ( 'NONE',  ( 0.0000000000000000000, 0.0000000000000000000, 1.000000000000000000 ) ) ;
#3997 = LINE ( 'NONE', #4256, #7058 ) ;
#3998 = CARTESIAN_POINT ( 'NONE',  ( -5.211238100036943900, 1.257350442411905700, -0.9583642496800579600 ) ) ;
#3999 = EDGE_CURVE ( 'NONE', #499, #4683, #4847, .T. ) ;
#4000 = EDGE_CURVE ( 'NONE', #6177, #656, #6050, .T. ) ;
#4001 = PRODUCT_DEFINITION_FORMATION_WITH_SPECIFIED_SOURCE ( 'ANY', '', #6105, .NOT_KNOWN. ) ;
#4002 = ADVANCED_FACE ( 'NONE', ( #6826 ), #5073, .T. ) ;
#4003 = CARTESIAN_POINT ( 'NONE',  ( -1.297157287525372300, -2.215000000000004700, -3.726486000000176300E-017 ) ) ;
#4004 = CARTESIAN_POINT ( 'NONE',  ( 6.350000000000000500, 2.669999999999988400, 8.890000000000000600 ) ) ;
#4005 = EDGE_LOOP ( 'NONE', ( #3880, #3446, #5261, #1050 ) ) ;
#4006 = DIRECTION ( 'NONE',  ( -0.0000000000000000000, -0.0000000000000000000, -1.000000000000000000 ) ) ;
#4007 = CARTESIAN_POINT ( 'NONE',  ( -1.297157287525378300, 2.215000000000004300, -8.131516293641283300E-017 ) ) ;
#4008 = VERTEX_POINT ( 'NONE', #250 ) ;
#4009 = DIRECTION ( 'NONE',  ( 0.0000000000000000000, -0.0000000000000000000, 1.000000000000000000 ) ) ;
#4010 = LINE ( 'NONE', #4499, #5790 ) ;
#4011 = DIRECTION ( 'NONE',  ( 0.0000000000000000000, -1.000000000000000000, 0.0000000000000000000 ) ) ;
#4012 = CARTESIAN_POINT ( 'NONE',  ( -0.4143145750507523100, 1.333487006990677500, -0.8815067120431440100 ) ) ;
#4013 = DIRECTION ( 'NONE',  ( 0.5773502691896252900, -0.5773502691896259500, -0.5773502691896261800 ) ) ;
#4014 = CARTESIAN_POINT ( 'NONE',  ( -4.750000000000000000, 2.919999999999978600, 0.0000000000000000000 ) ) ;
#4015 = ORIENTED_EDGE ( 'NONE', *, *, #291, .F. ) ;
#4016 = LINE ( 'NONE', #2436, #6821 ) ;
#4017 = VECTOR ( 'NONE', #6149, 1000.000000000000000 ) ;
#4018 = PLANE ( 'NONE',  #3279 ) ;
#4019 = ORIENTED_EDGE ( 'NONE', *, *, #2961, .F. ) ;
#4020 = VECTOR ( 'NONE', #4297, 1000.000000000000000 ) ;
#4021 = CARTESIAN_POINT ( 'NONE',  ( 4.031092324069462900, -1.257350442411906000, -0.8522048541031109800 ) ) ;
#4022 = UNCERTAINTY_MEASURE_WITH_UNIT (LENGTH_MEASURE( 1.000000000000000100E-005 ), #5291, 'distance_accuracy_value', 'NONE');
#4023 = PLANE ( 'NONE',  #3697 ) ;
#4024 = LINE ( 'NONE', #5044, #6753 ) ;
#4025 = LINE ( 'NONE', #2102, #6579 ) ;
#4026 = ORIENTED_EDGE ( 'NONE', *, *, #1561, .F. ) ;
#4027 = AXIS2_PLACEMENT_3D ( 'NONE', #4244, #1485, #6960 ) ;
#4028 = VECTOR ( 'NONE', #6455, 1000.000000000000000 ) ;
#4029 = DIRECTION ( 'NONE',  ( 0.2027126583463878800, 0.9792382642371265700, -0.0000000000000000000 ) ) ;
#4030 = EDGE_CURVE ( 'NONE', #3646, #5569, #3923, .T. ) ;
#4031 = DIRECTION ( 'NONE',  ( -0.0000000000000000000, 0.0000000000000000000, -1.000000000000000000 ) ) ;
#4032 = CARTESIAN_POINT ( 'NONE',  ( 0.06245550429509160600, -3.380000000000043900, 5.547201937963141200 ) ) ;
#4033 = DIRECTION ( 'NONE',  ( 1.000000000000000000, -0.0000000000000000000, 0.0000000000000000000 ) ) ;
#4034 = CIRCLE ( 'NONE', #168, 0.2499999999999906700 ) ;
#4035 = LINE ( 'NONE', #3920, #6838 ) ;
#4036 = CARTESIAN_POINT ( 'NONE',  ( -4.319999999999992300, -1.015000000000004100, -1.549999999999997800 ) ) ;
#4037 = ORIENTED_EDGE ( 'NONE', *, *, #6775, .F. ) ;
#4038 = ADVANCED_FACE ( 'NONE', ( #4353 ), #5718, .F. ) ;
#4039 = PLANE ( 'NONE',  #4405 ) ;
#4040 = EDGE_LOOP ( 'NONE', ( #6410, #6588, #5590 ) ) ;
#4041 = VERTEX_POINT ( 'NONE', #2388 ) ;
#4042 = DIRECTION ( 'NONE',  ( 0.0000000000000000000, 0.0000000000000000000, 1.000000000000000000 ) ) ;
#4043 = AXIS2_PLACEMENT_3D ( 'NONE', #1366, #4658, #6804 ) ;
#4044 = DIRECTION ( 'NONE',  ( 0.0000000000000000000, 0.0000000000000000000, -1.000000000000000000 ) ) ;
#4045 = AXIS2_PLACEMENT_3D ( 'NONE', #497, #1597, #2144 ) ;
#4046 = VECTOR ( 'NONE', #1503, 1000.000000000000000 ) ;
#4047 = EDGE_CURVE ( 'NONE', #6078, #499, #2479, .T. ) ;
#4048 = VECTOR ( 'NONE', #5624, 1000.000000000000000 ) ;
#4049 = VERTEX_POINT ( 'NONE', #3596 ) ;
#4050 = ORIENTED_EDGE ( 'NONE', *, *, #3109, .T. ) ;
#4051 = ORIENTED_EDGE ( 'NONE', *, *, #17, .F. ) ;
#4052 = CARTESIAN_POINT ( 'NONE',  ( 4.085694307527454300, -1.333487006990677700, -0.7981150723133591000 ) ) ;
#4053 = EDGE_CURVE ( 'NONE', #5164, #4091, #2896, .T. ) ;
#4054 = EDGE_CURVE ( 'NONE', #2241, #5618, #4104, .T. ) ;
#4055 = EDGE_LOOP ( 'NONE', ( #223, #1128, #5326, #4152 ) ) ;
#4056 = CARTESIAN_POINT ( 'NONE',  ( 4.750000000000000000, -2.670000000000013700, 8.380000000000009700 ) ) ;
#4057 = EDGE_LOOP ( 'NONE', ( #4915, #3262, #4896, #2639 ) ) ;
#4058 = ORIENTED_EDGE ( 'NONE', *, *, #6952, .T. ) ;
#4059 = PLANE ( 'NONE',  #2794 ) ;
#4060 = CARTESIAN_POINT ( 'NONE',  ( 0.8800000000000106600, -0.1900000000000020300, -6.990000000000006400 ) ) ;
#4061 = VECTOR ( 'NONE', #6574, 1000.000000000000000 ) ;
#4062 = ORIENTED_EDGE ( 'NONE', *, *, #4093, .T. ) ;
#4063 = AXIS2_PLACEMENT_3D ( 'NONE', #2065, #4193, #4749 ) ;
#4064 = CARTESIAN_POINT ( 'NONE',  ( 1.098878460175234800, -3.380000000000043900, 4.580874884024059800 ) ) ;
#4065 = PLANE ( 'NONE',  #5470 ) ;
#4066 = ORIENTED_EDGE ( 'NONE', *, *, #4827, .F. ) ;
#4067 = DIRECTION ( 'NONE',  ( 0.9260204203180986100, -1.309623999999999700E-016, -0.3774734178109658800 ) ) ;
#4068 = VECTOR ( 'NONE', #1220, 1000.000000000000000 ) ;
#4069 = ORIENTED_EDGE ( 'NONE', *, *, #4252, .F. ) ;
#4070 = CARTESIAN_POINT ( 'NONE',  ( -5.114314575050772600, 1.157498943410820900, -0.9999999999999872300 ) ) ;
#4071 = ORIENTED_EDGE ( 'NONE', *, *, #1985, .T. ) ;
#4072 = AXIS2_PLACEMENT_3D ( 'NONE', #1436, #1396, #3006 ) ;
#4073 = ADVANCED_FACE ( 'NONE', ( #2343 ), #6093, .T. ) ;
#4074 = FACE_OUTER_BOUND ( 'NONE', #1461, .T. ) ;
#4075 = EDGE_CURVE ( 'NONE', #4738, #4114, #1196, .T. ) ;
#4076 = DIRECTION ( 'NONE',  ( -0.7071067811865480200, 8.860567000000000200E-017, -0.7071067811865470200 ) ) ;
#4077 = EDGE_CURVE ( 'NONE', #6686, #4517, #2812, .T. ) ;
#4078 = FACE_OUTER_BOUND ( 'NONE', #4689, .T. ) ;
#4079 = CARTESIAN_POINT ( 'NONE',  ( -6.350000000000000500, -2.670000000000014100, 8.380000000000009700 ) ) ;
#4080 = CARTESIAN_POINT ( 'NONE',  ( -2.357898303399244900, -0.5099999999999920200, 16.49000000000000600 ) ) ;
#4081 = AXIS2_PLACEMENT_3D ( 'NONE', #4976, #5553, #1692 ) ;
#4082 = EDGE_CURVE ( 'NONE', #2848, #1100, #2296, .T. ) ;
#4083 = DIRECTION ( 'NONE',  ( 0.0000000000000000000, -1.000000000000000000, 0.0000000000000000000 ) ) ;
#4084 = VECTOR ( 'NONE', #18, 1000.000000000000000 ) ;
#4085 = CARTESIAN_POINT ( 'NONE',  ( -4.085694307527454300, 1.333487006990677900, -0.7981150723133587600 ) ) ;
#4086 = ORIENTED_EDGE ( 'NONE', *, *, #6604, .F. ) ;
#4087 = DIRECTION ( 'NONE',  ( -0.0000000000000000000, 0.0000000000000000000, -1.000000000000000000 ) ) ;
#4088 = PLANE ( 'NONE',  #4072 ) ;
#4089 = EDGE_CURVE ( 'NONE', #3884, #4799, #6473, .T. ) ;
#4090 = ORIENTED_EDGE ( 'NONE', *, *, #1244, .F. ) ;
#4091 = VERTEX_POINT ( 'NONE', #1952 ) ;
#4092 = VECTOR ( 'NONE', #5411, 1000.000000000000100 ) ;
#4093 = EDGE_CURVE ( 'NONE', #1845, #401, #2128, .T. ) ;
#4094 = CARTESIAN_POINT ( 'NONE',  ( 6.447796052631583800, 0.6350000000000001200, -3.940000000000013700 ) ) ;
#4095 = CARTESIAN_POINT ( 'NONE',  ( -5.190451139629538500, -1.333487006990673700, -0.8815067120431494500 ) ) ;
#4096 = VERTEX_POINT ( 'NONE', #3570 ) ;
#4097 = LINE ( 'NONE', #6208, #6045 ) ;
#4098 = DIRECTION ( 'NONE',  ( -0.0000000000000000000, 0.0000000000000000000, -1.000000000000000000 ) ) ;
#4099 = ADVANCED_FACE ( 'NONE', ( #3399 ), #4107, .T. ) ;
#4100 = FACE_OUTER_BOUND ( 'NONE', #2796, .T. ) ;
#4101 = DIRECTION ( 'NONE',  ( 0.0000000000000000000, -1.000000000000000000, -0.0000000000000000000 ) ) ;
#4102 = VERTEX_POINT ( 'NONE', #338 ) ;
#4103 =( BOUNDED_CURVE ( )  B_SPLINE_CURVE ( 3, ( #4367, #4953, #3741, #4392 ),
 .UNSPECIFIED., .F., .F. ) 
 B_SPLINE_CURVE_WITH_KNOTS ( ( 4, 4 ),
 ( 0.0000000000000000000, 1.570796326794893000 ),
 .UNSPECIFIED. ) 
 CURVE ( )  GEOMETRIC_REPRESENTATION_ITEM ( )  RATIONAL_B_SPLINE_CURVE ( ( 1.000000000000000000, 0.8047378541243658300, 0.8047378541243658300, 1.000000000000000000 ) ) 
 REPRESENTATION_ITEM ( '' )  );
#4104 = LINE ( 'NONE', #2458, #3752 ) ;
#4105 = VERTEX_POINT ( 'NONE', #1432 ) ;
#4106 = ADVANCED_FACE ( 'NONE', ( #4524 ), #6995, .T. ) ;
#4107 = PLANE ( 'NONE',  #2609 ) ;
#4108 = CYLINDRICAL_SURFACE ( 'NONE', #5838, 0.4000000000000003000 ) ;
#4109 = CARTESIAN_POINT ( 'NONE',  ( -3.067898303399257300, 0.5099999999999931300, 9.390000000000007700 ) ) ;
#4110 = CIRCLE ( 'NONE', #774, 0.4000000000000003000 ) ;
#4111 = ORIENTED_EDGE ( 'NONE', *, *, #4359, .F. ) ;
#4112 = LINE ( 'NONE', #1990, #5223 ) ;
#4113 = AXIS2_PLACEMENT_3D ( 'NONE', #3960, #1245, #1765 ) ;
#4114 = VERTEX_POINT ( 'NONE', #30 ) ;
#4115 =( BOUNDED_CURVE ( )  B_SPLINE_CURVE ( 3, ( #1274, #6701, #6721, #1294 ),
 .UNSPECIFIED., .F., .T. ) 
 B_SPLINE_CURVE_WITH_KNOTS ( ( 4, 4 ),
 ( 2.617993877991482000, 3.665191429188105100 ),
 .UNSPECIFIED. ) 
 CURVE ( )  GEOMETRIC_REPRESENTATION_ITEM ( )  RATIONAL_B_SPLINE_CURVE ( ( 1.000000000000000000, 0.9106836025229547700, 0.9106836025229547700, 1.000000000000000000 ) ) 
 REPRESENTATION_ITEM ( '' )  );
#4116 = CARTESIAN_POINT ( 'NONE',  ( -2.174999999999808900, 2.166919661656124200, 0.0000000000000000000 ) ) ;
#4117 = ORIENTED_EDGE ( 'NONE', *, *, #1016, .F. ) ;
#4118 = VECTOR ( 'NONE', #236, 1000.000000000000000 ) ;
#4119 = ORIENTED_EDGE ( 'NONE', *, *, #3832, .T. ) ;
#4120 = FACE_OUTER_BOUND ( 'NONE', #6161, .T. ) ;
#4121 = VERTEX_POINT ( 'NONE', #1123 ) ;
#4122 = CIRCLE ( 'NONE', #1145, 0.03791758010635097600 ) ;
#4123 = DIRECTION ( 'NONE',  ( 0.0000000000000000000, 0.0000000000000000000, -1.000000000000000000 ) ) ;
#4124 = ORIENTED_EDGE ( 'NONE', *, *, #2469, .T. ) ;
#4125 = VECTOR ( 'NONE', #5763, 1000.000000000000000 ) ;
#4126 = AXIS2_PLACEMENT_3D ( 'NONE', #4680, #1420, #2976 ) ;
#4127 = VECTOR ( 'NONE', #6549, 1000.000000000000000 ) ;
#4128 = DIRECTION ( 'NONE',  ( -1.000000000000000000, -0.0000000000000000000, -0.0000000000000000000 ) ) ;
#4129 = EDGE_LOOP ( 'NONE', ( #5794, #346, #4142, #4147 ) ) ;
#4130 = EDGE_CURVE ( 'NONE', #6333, #1915, #5045, .T. ) ;
#4131 = ORIENTED_EDGE ( 'NONE', *, *, #1120, .F. ) ;
#4132 = ORIENTED_EDGE ( 'NONE', *, *, #212, .T. ) ;
#4133 = CARTESIAN_POINT ( 'NONE',  ( 0.4143145750507605800, -1.049314575050760600, -0.6000000000000047500 ) ) ;
#4134 = CARTESIAN_POINT ( 'NONE',  ( 3.110000000000007000, -1.079998094000000000E-015, 9.390000000000007700 ) ) ;
#4135 = ORIENTED_EDGE ( 'NONE', *, *, #603, .T. ) ;
#4136 = EDGE_LOOP ( 'NONE', ( #6895, #744, #573, #473 ) ) ;
#4137 = DIRECTION ( 'NONE',  ( 1.000000000000000000, 0.0000000000000000000, 0.0000000000000000000 ) ) ;
#4138 = EDGE_CURVE ( 'NONE', #4726, #3788, #6304, .T. ) ;
#4139 = EDGE_LOOP ( 'NONE', ( #2988, #1166, #5867, #3351 ) ) ;
#4140 = DIRECTION ( 'NONE',  ( 1.000000000000000000, 0.0000000000000000000, -0.0000000000000000000 ) ) ;
#4141 = DIRECTION ( 'NONE',  ( -1.000000000000000000, 0.0000000000000000000, 0.0000000000000000000 ) ) ;
#4142 = ORIENTED_EDGE ( 'NONE', *, *, #2571, .F. ) ;
#4143 = EDGE_LOOP ( 'NONE', ( #6993, #5124, #3060, #1494 ) ) ;
#4144 = EDGE_LOOP ( 'NONE', ( #424, #6250, #1204, #2655, #35 ) ) ;
#4145 = DIRECTION ( 'NONE',  ( 0.0000000000000000000, 1.141265444721571500E-015, -1.000000000000000000 ) ) ;
#4146 = ORIENTED_EDGE ( 'NONE', *, *, #5850, .T. ) ;
#4147 = ORIENTED_EDGE ( 'NONE', *, *, #4498, .T. ) ;
#4148 = ORIENTED_EDGE ( 'NONE', *, *, #1794, .T. ) ;
#4149 = LINE ( 'NONE', #5605, #2351 ) ;
#4150 = DIRECTION ( 'NONE',  ( -0.0000000000000000000, 0.0000000000000000000, -1.000000000000000000 ) ) ;
#4151 = CARTESIAN_POINT ( 'NONE',  ( 4.699999999999996600, 8.643823200000000300E-016, -0.9999999999999879000 ) ) ;
#4152 = ORIENTED_EDGE ( 'NONE', *, *, #6784, .T. ) ;
#4153 = VECTOR ( 'NONE', #3157, 1000.000000000000000 ) ;
#4154 = AXIS2_PLACEMENT_3D ( 'NONE', #3455, #6754, #4610 ) ;
#4155 = DIRECTION ( 'NONE',  ( -0.2027126583463878800, -0.9792382642371265700, 0.0000000000000000000 ) ) ;
#4156 = DIRECTION ( 'NONE',  ( -0.7071067811865470200, 0.0000000000000000000, -0.7071067811865480200 ) ) ;
#4157 = CARTESIAN_POINT ( 'NONE',  ( -6.350000000000000500, -2.670000000000013700, 8.890000000000000600 ) ) ;
#4158 = ORIENTED_EDGE ( 'NONE', *, *, #3135, .T. ) ;
#4159 = LINE ( 'NONE', #1956, #3993 ) ;
#4160 = DIRECTION ( 'NONE',  ( 0.0000000000000000000, -0.0000000000000000000, 1.000000000000000000 ) ) ;
#4161 = DIRECTION ( 'NONE',  ( -0.0000000000000000000, -0.0000000000000000000, -1.000000000000000000 ) ) ;
#4162 = CARTESIAN_POINT ( 'NONE',  ( 6.350000000000000500, 3.429999999999996600, 8.890000000000000600 ) ) ;
#4163 = DIRECTION ( 'NONE',  ( -1.000000000000000000, 0.0000000000000000000, 0.0000000000000000000 ) ) ;
#4164 = EDGE_CURVE ( 'NONE', #3624, #615, #6131, .T. ) ;
#4165 = CARTESIAN_POINT ( 'NONE',  ( -0.3767973192526478100, -0.6350000000000001200, -11.55999999999998800 ) ) ;
#4166 = CARTESIAN_POINT ( 'NONE',  ( 5.114314575050769000, 1.333487006990673700, -0.8815067120431482300 ) ) ;
#4167 = ADVANCED_FACE ( 'NONE', ( #1291 ), #3054, .T. ) ;
#4168 = EDGE_CURVE ( 'NONE', #2172, #3714, #1791, .T. ) ;
#4169 = ORIENTED_EDGE ( 'NONE', *, *, #2017, .T. ) ;
#4170 = CARTESIAN_POINT ( 'NONE',  ( 1.624345192960470200, -5.967448059999999900E-015, 9.390000000000007700 ) ) ;
#4171 = PLANE ( 'NONE',  #1045 ) ;
#4172 = PRESENTATION_LAYER_ASSIGNMENT (  '', '', ( #5720 ) ) ;
#4173 = AXIS2_PLACEMENT_3D ( 'NONE', #5020, #1642, #3273 ) ;
#4174 = EDGE_CURVE ( 'NONE', #644, #6303, #4103, .T. ) ;
#4175 = DIRECTION ( 'NONE',  ( -1.000000000000000000, -0.0000000000000000000, 0.0000000000000000000 ) ) ;
#4176 = ORIENTED_EDGE ( 'NONE', *, *, #1433, .F. ) ;
#4177 = CARTESIAN_POINT ( 'NONE',  ( 1.299999999999990300, 2.919999999999978600, 0.0000000000000000000 ) ) ;
#4178 = FACE_OUTER_BOUND ( 'NONE', #4136, .T. ) ;
#4179 = DIRECTION ( 'NONE',  ( 1.000000000000000000, 0.0000000000000000000, -0.0000000000000000000 ) ) ;
#4180 = CARTESIAN_POINT ( 'NONE',  ( 2.864554677647288500, 2.024174563873366600, 0.6999999999999940700 ) ) ;
#4181 = EDGE_CURVE ( 'NONE', #1789, #464, #1536, .T. ) ;
#4182 = EDGE_CURVE ( 'NONE', #4102, #6237, #1959, .T. ) ;
#4183 = ORIENTED_EDGE ( 'NONE', *, *, #3158, .F. ) ;
#4184 = LINE ( 'NONE', #4901, #5881 ) ;
#4185 = CARTESIAN_POINT ( 'NONE',  ( 1.300000000000007100, -2.920000000000004400, 0.0000000000000000000 ) ) ;
#4186 = DIRECTION ( 'NONE',  ( 0.0000000000000000000, 0.0000000000000000000, 1.000000000000000000 ) ) ;
#4187 = LINE ( 'NONE', #6193, #3224 ) ;
#4188 = DIRECTION ( 'NONE',  ( -0.0000000000000000000, 1.000000000000000000, 0.0000000000000000000 ) ) ;
#4189 = ORIENTED_EDGE ( 'NONE', *, *, #5585, .T. ) ;
#4190 = LINE ( 'NONE', #3326, #6659 ) ;
#4191 = CARTESIAN_POINT ( 'NONE',  ( 5.190451139629538500, 1.333487006990673700, -0.8815067120431495700 ) ) ;
#4192 = AXIS2_PLACEMENT_3D ( 'NONE', #5603, #2382, #3908 ) ;
#4193 = DIRECTION ( 'NONE',  ( 0.9260204203180986100, -1.309623999999999700E-016, -0.3774734178109658800 ) ) ;
#4194 = ORIENTED_EDGE ( 'NONE', *, *, #1308, .F. ) ;
#4195 = CYLINDRICAL_SURFACE ( 'NONE', #3915, 0.2499999999999906700 ) ;
#4196 = CIRCLE ( 'NONE', #5619, 0.2499999999999906700 ) ;
#4197 = ORIENTED_EDGE ( 'NONE', *, *, #5132, .F. ) ;
#4198 = LINE ( 'NONE', #1593, #6757 ) ;
#4199 = CARTESIAN_POINT ( 'NONE',  ( 1.299999999999956300, -2.920000000000029700, 8.129999999999993700 ) ) ;
#4200 = CARTESIAN_POINT ( 'NONE',  ( -4.750000000000000000, 2.919999999999960000, 0.0000000000000000000 ) ) ;
#4201 = DIRECTION ( 'NONE',  ( 1.000000000000000000, 0.0000000000000000000, -0.0000000000000000000 ) ) ;
#4202 = CYLINDRICAL_SURFACE ( 'NONE', #632, 0.4000000000000001900 ) ;
#4203 = VECTOR ( 'NONE', #3485, 1000.000000000000000 ) ;
#4204 = ORIENTED_EDGE ( 'NONE', *, *, #6624, .F. ) ;
#4205 = ADVANCED_FACE ( 'NONE', ( #433 ), #269, .T. ) ;
#4206 =( LENGTH_UNIT ( ) NAMED_UNIT ( * ) SI_UNIT ( .MILLI., .METRE. ) );
#4207 = ORIENTED_EDGE ( 'NONE', *, *, #4947, .T. ) ;
#4208 = EDGE_CURVE ( 'NONE', #324, #2556, #4184, .T. ) ;
#4209 = ORIENTED_EDGE ( 'NONE', *, *, #6037, .F. ) ;
#4210 = FACE_OUTER_BOUND ( 'NONE', #4139, .T. ) ;
#4211 = FACE_OUTER_BOUND ( 'NONE', #6653, .T. ) ;
#4212 = VERTEX_POINT ( 'NONE', #2210 ) ;
#4213 = ORIENTED_EDGE ( 'NONE', *, *, #6179, .F. ) ;
#4214 = EDGE_LOOP ( 'NONE', ( #5831, #4998, #1284, #4117 ) ) ;
#4215 = CARTESIAN_POINT ( 'NONE',  ( 1.121515438327782100, -3.380000000000043900, 4.547201937963127000 ) ) ;
#4216 = ORIENTED_EDGE ( 'NONE', *, *, #1598, .F. ) ;
#4217 = ORIENTED_EDGE ( 'NONE', *, *, #961, .T. ) ;
#4218 = CARTESIAN_POINT ( 'NONE',  ( 5.300696118834320500, 1.257350442411902400, -0.9210623386218936800 ) ) ;
#4219 = EDGE_CURVE ( 'NONE', #1167, #1675, #5795, .T. ) ;
#4220 = DIRECTION ( 'NONE',  ( 0.0000000000000000000, 0.0000000000000000000, -1.000000000000000000 ) ) ;
#4221 = CARTESIAN_POINT ( 'NONE',  ( 0.5224989434108215900, 1.049314575050752200, -0.9999999999999879000 ) ) ;
#4222 = ORIENTED_EDGE ( 'NONE', *, *, #6635, .T. ) ;
#4223 = ITEM_DEFINED_TRANSFORMATION ( 'NONE', 'NONE', #1672,  #6687 ) ;
#4224 = ORIENTED_EDGE ( 'NONE', *, *, #2448, .F. ) ;
#4225 = ORIENTED_EDGE ( 'NONE', *, *, #3378, .F. ) ;
#4226 = EDGE_CURVE ( 'NONE', #374, #2249, #4443, .T. ) ;
#4227 = CARTESIAN_POINT ( 'NONE',  ( -2.100000000000007200, -8.228222661790549900E-016, 9.390000000000007700 ) ) ;
#4228 = EDGE_CURVE ( 'NONE', #6734, #6780, #89, .T. ) ;
#4229 = VECTOR ( 'NONE', #3470, 1000.000000000000000 ) ;
#4230 = DIRECTION ( 'NONE',  ( 0.0000000000000000000, 0.0000000000000000000, 1.000000000000000000 ) ) ;
#4231 = CARTESIAN_POINT ( 'NONE',  ( 4.750000000000000000, 3.429999999999920700, 8.380000000000009700 ) ) ;
#4232 = DIRECTION ( 'NONE',  ( 0.0000000000000000000, 0.0000000000000000000, -1.000000000000000000 ) ) ;
#4233 = DIRECTION ( 'NONE',  ( 1.000000000000000000, 0.0000000000000000000, -0.0000000000000000000 ) ) ;
#4234 = LINE ( 'NONE', #5583, #1421 ) ;
#4235 = ADVANCED_FACE ( 'NONE', ( #3660 ), #2736, .T. ) ;
#4236 = CARTESIAN_POINT ( 'NONE',  ( 1.414791470714498400, -3.430000000000021900, 5.355874884024033600 ) ) ;
#4237 = VERTEX_POINT ( 'NONE', #5968 ) ;
#4238 = VECTOR ( 'NONE', #3383, 999.9999999999998900 ) ;
#4239 = CARTESIAN_POINT ( 'NONE',  ( 1.277228838748947200, 3.029999999999996300, 2.710505431213761100E-017 ) ) ;
#4240 = AXIS2_PLACEMENT_3D ( 'NONE', #4943, #1686, #514 ) ;
#4241 = CARTESIAN_POINT ( 'NONE',  ( -4.750000000000000000, -3.387704674639953500, 8.380000000000009700 ) ) ;
#4242 = LINE ( 'NONE', #1443, #5024 ) ;
#4243 = DIRECTION ( 'NONE',  ( -0.3774734178109819800, 0.0000000000000000000, -0.9260204203180919500 ) ) ;
#4244 = CARTESIAN_POINT ( 'NONE',  ( -4.319999999999992300, 0.6350000000000001200, -10.80000000000000600 ) ) ;
#4245 = CARTESIAN_POINT ( 'NONE',  ( 0.3800000000000040600, -1.015000000000004100, -1.549999999999997800 ) ) ;
#4246 = DIRECTION ( 'NONE',  ( 1.000000000000000000, 0.0000000000000000000, -0.0000000000000000000 ) ) ;
#4247 = FACE_OUTER_BOUND ( 'NONE', #2849, .T. ) ;
#4248 = EDGE_LOOP ( 'NONE', ( #5749, #2664, #1327, #6688 ) ) ;
#4249 = AXIS2_PLACEMENT_3D ( 'NONE', #670, #2261, #6024 ) ;
#4250 = CARTESIAN_POINT ( 'NONE',  ( -5.397157287525381300, -1.049314575050752200, -0.8828427124746212100 ) ) ;
#4251 = CARTESIAN_POINT ( 'NONE',  ( -1.076621144288355300, -3.429999999999996600, 5.322201937963177100 ) ) ;
#4252 = EDGE_CURVE ( 'NONE', #5536, #2814, #6214, .T. ) ;
#4253 = ORIENTED_EDGE ( 'NONE', *, *, #4396, .T. ) ;
#4254 = DIRECTION ( 'NONE',  ( -1.000000000000000000, 0.0000000000000000000, -0.0000000000000000000 ) ) ;
#4255 = CARTESIAN_POINT ( 'NONE',  ( 5.211238100036935900, 1.257350442411902400, -0.9583642496800607300 ) ) ;
#4256 = CARTESIAN_POINT ( 'NONE',  ( 1.485445322352715300, -2.024174563873280900, 0.5099999999999920200 ) ) ;
#4257 = DIRECTION ( 'NONE',  ( 0.0000000000000000000, 0.0000000000000000000, -1.000000000000000000 ) ) ;
#4258 = SHAPE_REPRESENTATION ( '100SP1T2B4M7RE', ( #108, #1672 ), #5946 ) ;
#4259 = ORIENTED_EDGE ( 'NONE', *, *, #2231, .T. ) ;
#4260 = AXIS2_PLACEMENT_3D ( 'NONE', #2407, #1940, #4835 ) ;
#4261 = CIRCLE ( 'NONE', #790, 0.4000000000000003000 ) ;
#4262 = VECTOR ( 'NONE', #6909, 1000.000000000000000 ) ;
#4263 = ADVANCED_FACE ( 'NONE', ( #81 ), #2693, .T. ) ;
#4264 = DIRECTION ( 'NONE',  ( 0.0000000000000000000, -0.0000000000000000000, -1.000000000000000000 ) ) ;
#4265 = DIRECTION ( 'NONE',  ( -1.000000000000000000, -0.0000000000000000000, 0.0000000000000000000 ) ) ;
#4266 = ORIENTED_EDGE ( 'NONE', *, *, #1619, .F. ) ;
#4267 = VECTOR ( 'NONE', #5142, 1000.000000000000000 ) ;
#4268 = ORIENTED_EDGE ( 'NONE', *, *, #4411, .F. ) ;
#4269 = CYLINDRICAL_SURFACE ( 'NONE', #1590, 0.6099999999999976600 ) ;
#4270 = LINE ( 'NONE', #9, #3147 ) ;
#4271 = VERTEX_POINT ( 'NONE', #5510 ) ;
#4272 = CARTESIAN_POINT ( 'NONE',  ( -2.831699664378267000, -0.5100000001556693800, 16.01300109450685500 ) ) ;
#4273 = VECTOR ( 'NONE', #4265, 1000.000000000000000 ) ;
#4274 = CARTESIAN_POINT ( 'NONE',  ( 5.580000000000007200, -0.6350000000000001200, -3.940000000000000800 ) ) ;
#4275 = FACE_OUTER_BOUND ( 'NONE', #6471, .T. ) ;
#4276 = ORIENTED_EDGE ( 'NONE', *, *, #4030, .T. ) ;
#4277 = FACE_OUTER_BOUND ( 'NONE', #4040, .T. ) ;
#4278 = ORIENTED_EDGE ( 'NONE', *, *, #300, .T. ) ;
#4279 = VECTOR ( 'NONE', #3722, 1000.000000000000000 ) ;
#4280 = AXIS2_PLACEMENT_3D ( 'NONE', #1439, #2494, #1943 ) ;
#4281 = ORIENTED_EDGE ( 'NONE', *, *, #994, .F. ) ;
#4282 = CARTESIAN_POINT ( 'NONE',  ( -1.194424616018026700, -3.429999999999997100, 0.5099999999999920200 ) ) ;
#4283 = LINE ( 'NONE', #7027, #1393 ) ;
#4284 = VECTOR ( 'NONE', #2159, 1000.000000000000000 ) ;
#4285 = ORIENTED_EDGE ( 'NONE', *, *, #2733, .T. ) ;
#4286 = CARTESIAN_POINT ( 'NONE',  ( 5.080000000000001000, 1.015000000000004100, -1.549999999999997800 ) ) ;
#4287 = ORIENTED_EDGE ( 'NONE', *, *, #6486, .T. ) ;
#4288 = DIRECTION ( 'NONE',  ( 1.000000000000000000, 0.0000000000000000000, -0.0000000000000000000 ) ) ;
#4289 = CARTESIAN_POINT ( 'NONE',  ( 3.835228474983081200, 1.499771525016915000, -0.1495430500338504300 ) ) ;
#4290 = PRESENTATION_LAYER_ASSIGNMENT (  '', '', ( #2227 ) ) ;
#4291 = LINE ( 'NONE', #6433, #5575 ) ;
#4292 = PRESENTATION_LAYER_ASSIGNMENT (  '', '', ( #3553 ) ) ;
#4293 = FACE_OUTER_BOUND ( 'NONE', #6580, .T. ) ;
#4294 = DIRECTION ( 'NONE',  ( 0.0000000000000000000, -1.000000000000000000, 0.0000000000000000000 ) ) ;
#4295 = ORIENTED_EDGE ( 'NONE', *, *, #1561, .T. ) ;
#4296 = EDGE_CURVE ( 'NONE', #5957, #4368, #500, .T. ) ;
#4297 = DIRECTION ( 'NONE',  ( -0.0000000000000000000, 0.0000000000000000000, -1.000000000000000000 ) ) ;
#4298 = EDGE_LOOP ( 'NONE', ( #4706, #1384, #4880, #6922, #2586, #2420 ) ) ;
#4299 = CARTESIAN_POINT ( 'NONE',  ( 5.114314575050773500, 1.049314575050752200, -0.5999999999999875400 ) ) ;
#4300 = DIRECTION ( 'NONE',  ( 0.0000000000000000000, -1.000000000000000000, 0.0000000000000000000 ) ) ;
#4301 = VERTEX_POINT ( 'NONE', #6026 ) ;
#4302 = EDGE_CURVE ( 'NONE', #5665, #6756, #2391, .T. ) ;
#4303 = ADVANCED_FACE ( 'NONE', ( #927 ), #692, .F. ) ;
#4304 = CARTESIAN_POINT ( 'NONE',  ( -4.002842712474611100, -2.215000000000004700, -0.8828427124746205400 ) ) ;
#4305 = VERTEX_POINT ( 'NONE', #2806 ) ;
#4306 = AXIS2_PLACEMENT_3D ( 'NONE', #3492, #244, #1810 ) ;
#4307 = VECTOR ( 'NONE', #2328, 1000.000000000000000 ) ;
#4308 = AXIS2_PLACEMENT_3D ( 'NONE', #5652, #6723, #5113 ) ;
#4309 = APPLICATION_PROTOCOL_DEFINITION ( 'draft international standard', 'automotive_design', 1998, #6546 ) ;
#4310 = EDGE_CURVE ( 'NONE', #3449, #3666, #2634, .T. ) ;
#4311 = DIRECTION ( 'NONE',  ( 1.000000000000000000, 0.0000000000000000000, 0.0000000000000000000 ) ) ;
#4312 = ORIENTED_EDGE ( 'NONE', *, *, #3230, .T. ) ;
#4313 = ORIENTED_EDGE ( 'NONE', *, *, #3801, .F. ) ;
#4314 = VECTOR ( 'NONE', #3316, 1000.000000000000000 ) ;
#4315 = CARTESIAN_POINT ( 'NONE',  ( -5.080000000000001000, -0.6350000000000001200, -1.549999999999997800 ) ) ;
#4316 = EDGE_CURVE ( 'NONE', #524, #1586, #767, .T. ) ;
#4317 = DIRECTION ( 'NONE',  ( 0.0000000000000000000, 1.000000000000000000, 0.0000000000000000000 ) ) ;
#4318 = EDGE_CURVE ( 'NONE', #6303, #1487, #5707, .T. ) ;
#4319 =( BOUNDED_CURVE ( )  B_SPLINE_CURVE ( 3, ( #1299, #2414, #2387, #5171 ),
 .UNSPECIFIED., .F., .F. ) 
 B_SPLINE_CURVE_WITH_KNOTS ( ( 4, 4 ),
 ( 4.712388980384688800, 6.283185307179586200 ),
 .UNSPECIFIED. ) 
 CURVE ( )  GEOMETRIC_REPRESENTATION_ITEM ( )  RATIONAL_B_SPLINE_CURVE ( ( 1.000000000000000000, 0.8047378541243648300, 0.8047378541243648300, 1.000000000000000000 ) ) 
 REPRESENTATION_ITEM ( '' )  );
#4320 = ORIENTED_EDGE ( 'NONE', *, *, #6266, .T. ) ;
#4321 = VERTEX_POINT ( 'NONE', #2235 ) ;
#4322 = DIRECTION ( 'NONE',  ( -0.0000000000000000000, -1.000000000000000000, -0.0000000000000000000 ) ) ;
#4323 = ORIENTED_EDGE ( 'NONE', *, *, #1148, .T. ) ;
#4324 = VECTOR ( 'NONE', #280, 1000.000000000000000 ) ;
#4325 = DIRECTION ( 'NONE',  ( 1.000000000000000000, 0.0000000000000000000, 0.0000000000000000000 ) ) ;
#4326 = ADVANCED_FACE ( 'NONE', ( #4962 ), #591, .T. ) ;
#4327 = DIRECTION ( 'NONE',  ( 0.0000000000000000000, 0.0000000000000000000, -1.000000000000000000 ) ) ;
#4328 = DIRECTION ( 'NONE',  ( -6.265367010857748100E-017, -1.000000000000000000, -6.265367010857739500E-017 ) ) ;
#4329 = FACE_OUTER_BOUND ( 'NONE', #364, .T. ) ;
#4330 = DIRECTION ( 'NONE',  ( 1.212738566938666600E-016, 1.000000000000000000, -4.943482473272766100E-017 ) ) ;
#4331 =( LENGTH_UNIT ( ) NAMED_UNIT ( * ) SI_UNIT ( .MILLI., .METRE. ) );
#4332 = DIRECTION ( 'NONE',  ( 1.000000000000000000, -0.0000000000000000000, 0.0000000000000000000 ) ) ;
#4333 = VERTEX_POINT ( 'NONE', #1713 ) ;
#4334 = DIRECTION ( 'NONE',  ( 0.0000000000000000000, 0.0000000000000000000, -1.000000000000000000 ) ) ;
#4335 = LINE ( 'NONE', #565, #6972 ) ;
#4336 = DIRECTION ( 'NONE',  ( -0.0000000000000000000, -1.000000000000000000, -0.0000000000000000000 ) ) ;
#4337 = AXIS2_PLACEMENT_3D ( 'NONE', #5944, #423, #3687 ) ;
#4338 = DIRECTION ( 'NONE',  ( 0.0000000000000000000, 0.0000000000000000000, -1.000000000000000000 ) ) ;
#4339 = ORIENTED_EDGE ( 'NONE', *, *, #1760, .F. ) ;
#4340 = ADVANCED_FACE ( 'NONE', ( #2209 ), #3353, .T. ) ;
#4341 = DIRECTION ( 'NONE',  ( 0.0000000000000000000, -1.000000000000000000, 0.0000000000000000000 ) ) ;
#4342 = DIRECTION ( 'NONE',  ( 0.0000000000000000000, -1.000000000000000000, 0.0000000000000000000 ) ) ;
#4343 = EDGE_LOOP ( 'NONE', ( #6740, #2993, #3610, #7003 ) ) ;
#4344 = DIRECTION ( 'NONE',  ( 0.0000000000000000000, -1.000000000000000000, 0.0000000000000000000 ) ) ;
#4345 = CARTESIAN_POINT ( 'NONE',  ( -3.049999999999992300, 2.919999999999978600, 0.0000000000000000000 ) ) ;
#4346 = CARTESIAN_POINT ( 'NONE',  ( 0.4143145750507523100, -1.049314575050752200, -0.9999999999999879000 ) ) ;
#4347 = EDGE_LOOP ( 'NONE', ( #3480, #1398, #2015, #708 ) ) ;
#4348 = CARTESIAN_POINT ( 'NONE',  ( 0.06245550429509160600, -3.380000000000043900, 6.130874884024083600 ) ) ;
#4349 = AXIS2_PLACEMENT_3D ( 'NONE', #3275, #5385, #1094 ) ;
#4350 = EDGE_CURVE ( 'NONE', #3738, #2848, #1874, .T. ) ;
#4351 = CARTESIAN_POINT ( 'NONE',  ( 0.0000000000000000000, 9.937043880000001100E-016, -1.549999999999997800 ) ) ;
#4352 = ORIENTED_EDGE ( 'NONE', *, *, #2758, .F. ) ;
#4353 = FACE_OUTER_BOUND ( 'NONE', #4144, .T. ) ;
#4354 = ADVANCED_FACE ( 'NONE', ( #2040, #6383 ), #52, .T. ) ;
#4355 = DIRECTION ( 'NONE',  ( 0.2027126583466629100, 0.9792382642370696100, -0.0000000000000000000 ) ) ;
#4356 = VECTOR ( 'NONE', #4264, 1000.000000000000000 ) ;
#4357 = EDGE_CURVE ( 'NONE', #207, #6333, #6565, .T. ) ;
#4358 = ORIENTED_EDGE ( 'NONE', *, *, #1962, .T. ) ;
#4359 = EDGE_CURVE ( 'NONE', #4468, #5319, #3309, .T. ) ;
#4360 = ORIENTED_EDGE ( 'NONE', *, *, #3441, .F. ) ;
#4361 = LINE ( 'NONE', #3117, #2904 ) ;
#4362 = ORIENTED_EDGE ( 'NONE', *, *, #395, .T. ) ;
#4363 = CARTESIAN_POINT ( 'NONE',  ( -3.067898303246596700, -0.5099999999999925700, 15.77999999984524500 ) ) ;
#4364 = DIRECTION ( 'NONE',  ( -0.5773502691896258400, -0.5773502691896252900, -0.5773502691896261800 ) ) ;
#4365 = ORIENTED_EDGE ( 'NONE', *, *, #3846, .T. ) ;
#4366 = VECTOR ( 'NONE', #892, 1000.000000000000000 ) ;
#4367 = CARTESIAN_POINT ( 'NONE',  ( -3.155575383981968700, -3.430000000000021500, 0.4000000000000002400 ) ) ;
#4368 = VERTEX_POINT ( 'NONE', #6110 ) ;
#4369 = LINE ( 'NONE', #4227, #4028 ) ;
#4370 = CARTESIAN_POINT ( 'NONE',  ( 6.249999999999994700, -3.180000000000005500, 8.890000000000000600 ) ) ;
#4371 = PLANE ( 'NONE',  #2648 ) ;
#4372 = CYLINDRICAL_SURFACE ( 'NONE', #6520, 0.4000000000000004100 ) ;
#4373 = CARTESIAN_POINT ( 'NONE',  ( -0.9432769466796259200, -3.430000000000028600, 5.738528991902248000 ) ) ;
#4374 = ORIENTED_EDGE ( 'NONE', *, *, #5634, .T. ) ;
#4375 = DIRECTION ( 'NONE',  ( 0.0000000000000000000, 0.0000000000000000000, 1.000000000000000000 ) ) ;
#4376 = FACE_OUTER_BOUND ( 'NONE', #6452, .T. ) ;
#4377 = DIRECTION ( 'NONE',  ( 6.036193505045158000E-017, -1.000000000000000000, -4.695216662183503100E-017 ) ) ;
#4378 = DIRECTION ( 'NONE',  ( 0.0000000000000000000, -0.0000000000000000000, 1.000000000000000000 ) ) ;
#4379 = FACE_OUTER_BOUND ( 'NONE', #3095, .T. ) ;
#4380 = ORIENTED_EDGE ( 'NONE', *, *, #6964, .T. ) ;
#4381 = CARTESIAN_POINT ( 'NONE',  ( -3.050000000000018000, -2.919999999999902700, 0.6999999999999940700 ) ) ;
#4382 = VERTEX_POINT ( 'NONE', #1217 ) ;
#4383 = VERTEX_POINT ( 'NONE', #4417 ) ;
#4384 = EDGE_LOOP ( 'NONE', ( #6034, #2347, #3315 ) ) ;
#4385 = ORIENTED_EDGE ( 'NONE', *, *, #3292, .T. ) ;
#4386 = DIRECTION ( 'NONE',  ( -0.0000000000000000000, 0.0000000000000000000, 1.000000000000000000 ) ) ;
#4387 = DIRECTION ( 'NONE',  ( -0.0000000000000000000, 1.000000000000000000, 0.0000000000000000000 ) ) ;
#4388 = CARTESIAN_POINT ( 'NONE',  ( -0.3800000000000040600, -0.6350000000000001200, -1.549999999999997800 ) ) ;
#4389 = ORIENTED_EDGE ( 'NONE', *, *, #2203, .F. ) ;
#4390 = FACE_OUTER_BOUND ( 'NONE', #1240, .T. ) ;
#4391 = DIRECTION ( 'NONE',  ( -1.212738566938669300E-016, -1.000000000000000000, 4.943482473272681000E-017 ) ) ;
#4392 = CARTESIAN_POINT ( 'NONE',  ( -3.072771161251018700, -3.030000000000046900, 0.0000000000000000000 ) ) ;
#4393 = ORIENTED_EDGE ( 'NONE', *, *, #5856, .F. ) ;
#4394 = DIRECTION ( 'NONE',  ( 0.0000000000000000000, -0.0000000000000000000, -1.000000000000000000 ) ) ;
#4395 = VERTEX_POINT ( 'NONE', #3299 ) ;
#4396 = EDGE_CURVE ( 'NONE', #6641, #3328, #263, .T. ) ;
#4397 = ADVANCED_FACE ( 'NONE', ( #426 ), #4436, .T. ) ;
#4398 = CARTESIAN_POINT ( 'NONE',  ( -1.485445322352617600, -2.024174563873377700, 0.5099999999999920200 ) ) ;
#4399 = ORIENTED_EDGE ( 'NONE', *, *, #3699, .F. ) ;
#4400 = DIRECTION ( 'NONE',  ( -1.000000000000000000, -0.0000000000000000000, 0.0000000000000000000 ) ) ;
#4401 = VECTOR ( 'NONE', #1764, 1000.000000000000000 ) ;
#4402 = DIRECTION ( 'NONE',  ( 0.0000000000000000000, 1.000000000000000000, 0.0000000000000000000 ) ) ;
#4403 = ORIENTED_EDGE ( 'NONE', *, *, #2946, .F. ) ;
#4404 = DIRECTION ( 'NONE',  ( -1.000000000000000000, 0.0000000000000000000, 0.0000000000000000000 ) ) ;
#4405 = AXIS2_PLACEMENT_3D ( 'NONE', #199, #4538, #5141 ) ;
#4406 = EDGE_CURVE ( 'NONE', #5230, #2056, #680, .T. ) ;
#4407 = LINE ( 'NONE', #6582, #566 ) ;
#4408 = VERTEX_POINT ( 'NONE', #6746 ) ;
#4409 = CARTESIAN_POINT ( 'NONE',  ( -0.7899999999999897100, -1.049314575050752200, -0.5999999999999875400 ) ) ;
#4410 = LINE ( 'NONE', #6012, #5607 ) ;
#4411 = EDGE_CURVE ( 'NONE', #641, #4883, #1701, .T. ) ;
#4412 = DIRECTION ( 'NONE',  ( 0.0000000000000000000, -1.000000000000000000, 0.0000000000000000000 ) ) ;
#4413 = CARTESIAN_POINT ( 'NONE',  ( 4.750000000000000000, 3.429999999999945500, 8.380000000000009700 ) ) ;
#4414 = CARTESIAN_POINT ( 'NONE',  ( 4.188761899963073400, 1.257350442411905500, -0.9583642496800575100 ) ) ;
#4415 = EDGE_CURVE ( 'NONE', #2059, #518, #2557, .T. ) ;
#4416 = DIRECTION ( 'NONE',  ( -0.5773502691896258400, 0.5773502691896258400, -0.5773502691896258400 ) ) ;
#4417 = CARTESIAN_POINT ( 'NONE',  ( -2.864554677647086000, -2.024174563873367500, 0.6999999999999940700 ) ) ;
#4418 = PLANE ( 'NONE',  #2345 ) ;
#4419 = VECTOR ( 'NONE', #4476, 999.9999999999998900 ) ;
#4420 = CARTESIAN_POINT ( 'NONE',  ( 8.330000000000005400, 2.540000000000000500, 9.390000000000007700 ) ) ;
#4421 = DIRECTION ( 'NONE',  ( 0.0000000000000000000, -0.0000000000000000000, 1.000000000000000000 ) ) ;
#4422 = VERTEX_POINT ( 'NONE', #1839 ) ;
#4423 = LINE ( 'NONE', #3014, #2962 ) ;
#4424 = CARTESIAN_POINT ( 'NONE',  ( 1.300000000000005400, 2.919999999999978200, 0.6999999999999940700 ) ) ;
#4425 = ADVANCED_FACE ( 'NONE', ( #2975 ), #6263, .T. ) ;
#4426 = DIRECTION ( 'NONE',  ( -0.0000000000000000000, 0.0000000000000000000, -1.000000000000000000 ) ) ;
#4427 = ORIENTED_EDGE ( 'NONE', *, *, #4047, .F. ) ;
#4428 = VECTOR ( 'NONE', #6124, 1000.000000000000000 ) ;
#4429 = B_SPLINE_CURVE_WITH_KNOTS ( 'NONE', 3,
 ( #6615, #3307, #5565, #605 ),
 .UNSPECIFIED., .F., .F.,
 ( 4, 4 ),
 ( 3.929491579319547600E-014, 6.365764795797796700E-005 ),
 .UNSPECIFIED. ) ;
#4430 = EDGE_CURVE ( 'NONE', #215, #4968, #4097, .T. ) ;
#4431 = DIRECTION ( 'NONE',  ( 0.0000000000000000000, 0.0000000000000000000, 1.000000000000000000 ) ) ;
#4432 = PLANE ( 'NONE',  #4850 ) ;
#4433 = ORIENTED_EDGE ( 'NONE', *, *, #1269, .F. ) ;
#4434 = ORIENTED_EDGE ( 'NONE', *, *, #2161, .F. ) ;
#4435 = PLANE ( 'NONE',  #6240 ) ;
#4436 = CYLINDRICAL_SURFACE ( 'NONE', #4081, 0.4000000000000004100 ) ;
#4437 = DIRECTION ( 'NONE',  ( 0.0000000000000000000, 0.0000000000000000000, 1.000000000000000000 ) ) ;
#4438 = EDGE_CURVE ( 'NONE', #731, #6747, #5130, .T. ) ;
#4439 = CYLINDRICAL_SURFACE ( 'NONE', #5746, 1.259999999999989400 ) ;
#4440 = DIRECTION ( 'NONE',  ( -0.0000000000000000000, 0.0000000000000000000, -1.000000000000000000 ) ) ;
#4441 = EDGE_LOOP ( 'NONE', ( #561, #117, #2894, #6515 ) ) ;
#4442 = CARTESIAN_POINT ( 'NONE',  ( -4.319999999999992300, -1.015000000000004100, -10.30000000000000100 ) ) ;
#4443 = LINE ( 'NONE', #6578, #2983 ) ;
#4444 = CARTESIAN_POINT ( 'NONE',  ( -4.750000000000000000, -1.556046926000000300E-014, 8.380000000000009700 ) ) ;
#4445 = EDGE_CURVE ( 'NONE', #5318, #3692, #4016, .T. ) ;
#4446 = VECTOR ( 'NONE', #1627, 1000.000000000000000 ) ;
#4447 = CARTESIAN_POINT ( 'NONE',  ( -2.174999999999808900, -2.166919661656149500, 0.0000000000000000000 ) ) ;
#4448 = LINE ( 'NONE', #978, #5885 ) ;
#4449 = ORIENTED_EDGE ( 'NONE', *, *, #4770, .F. ) ;
#4450 = LINE ( 'NONE', #3985, #5724 ) ;
#4451 = CARTESIAN_POINT ( 'NONE',  ( 0.4143145750507522500, -1.333487006990677700, -0.8815067120431439000 ) ) ;
#4452 = CARTESIAN_POINT ( 'NONE',  ( -1.194424616018025000, -3.430000000000021900, -2.775557060000000200E-015 ) ) ;
#4453 = EDGE_CURVE ( 'NONE', #170, #4237, #1188, .T. ) ;
#4454 = EDGE_CURVE ( 'NONE', #598, #2890, #4261, .T. ) ;
#4455 = EDGE_LOOP ( 'NONE', ( #1483, #4911, #5529, #5581, #3744, #3219, #2067, #5918 ) ) ;
#4456 = VECTOR ( 'NONE', #6619, 1000.000000000000000 ) ;
#4457 = ORIENTED_EDGE ( 'NONE', *, *, #2533, .F. ) ;
#4458 = CIRCLE ( 'NONE', #3796, 0.4000000000000003000 ) ;
#4459 = ORIENTED_EDGE ( 'NONE', *, *, #6631, .F. ) ;
#4460 = FACE_OUTER_BOUND ( 'NONE', #1416, .T. ) ;
#4461 = CARTESIAN_POINT ( 'NONE',  ( -6.000000000000003600, -3.429999999999996600, 8.890000000000000600 ) ) ;
#4462 = DIRECTION ( 'NONE',  ( -0.0000000000000000000, -0.0000000000000000000, -1.000000000000000000 ) ) ;
#4463 = DIRECTION ( 'NONE',  ( 0.9792382642371162400, -0.2027126583464380600, 0.0000000000000000000 ) ) ;
#4464 = CARTESIAN_POINT ( 'NONE',  ( 6.280000000000001100, -2.215000000000004700, 0.0000000000000000000 ) ) ;
#4465 = DIRECTION ( 'NONE',  ( 0.0000000000000000000, -0.0000000000000000000, -1.000000000000000000 ) ) ;
#4466 = VECTOR ( 'NONE', #5366, 1000.000000000000000 ) ;
#4467 = LINE ( 'NONE', #5993, #4807 ) ;
#4468 = VERTEX_POINT ( 'NONE', #5714 ) ;
#4469 = ADVANCED_FACE ( 'NONE', ( #5876 ), #3987, .T. ) ;
#4470 = ORIENTED_EDGE ( 'NONE', *, *, #2650, .T. ) ;
#4471 = CARTESIAN_POINT ( 'NONE',  ( -6.000000000000003600, 3.179999999999980200, 8.890000000000000600 ) ) ;
#4472 = CARTESIAN_POINT ( 'NONE',  ( 0.0000000000000000000, -0.6350000000000001200, -1.549999999999997800 ) ) ;
#4473 = EDGE_LOOP ( 'NONE', ( #2132, #286, #6437, #733 ) ) ;
#4474 = FACE_OUTER_BOUND ( 'NONE', #4057, .T. ) ;
#4475 = ORIENTED_EDGE ( 'NONE', *, *, #6037, .T. ) ;
#4476 = DIRECTION ( 'NONE',  ( 0.5773502691896258400, 0.5773502691896252900, -0.5773502691896261800 ) ) ;
#4477 = DIRECTION ( 'NONE',  ( -0.0000000000000000000, -1.000000000000000000, -0.0000000000000000000 ) ) ;
#4478 = ORIENTED_EDGE ( 'NONE', *, *, #2964, .F. ) ;
#4479 = ORIENTED_EDGE ( 'NONE', *, *, #6998, .F. ) ;
#4480 = DIRECTION ( 'NONE',  ( 0.0000000000000000000, 0.0000000000000000000, 1.000000000000000000 ) ) ;
#4481 = CARTESIAN_POINT ( 'NONE',  ( -4.750000000000000000, 3.429999999999958900, 0.0000000000000000000 ) ) ;
#4482 = ORIENTED_EDGE ( 'NONE', *, *, #2971, .T. ) ;
#4483 = VECTOR ( 'NONE', #6602, 1000.000000000000000 ) ;
#4484 = ORIENTED_EDGE ( 'NONE', *, *, #61, .F. ) ;
#4485 = ORIENTED_EDGE ( 'NONE', *, *, #5998, .T. ) ;
#4486 = PLANE ( 'NONE',  #6356 ) ;
#4487 = DIRECTION ( 'NONE',  ( 0.0000000000000000000, 0.0000000000000000000, 1.000000000000000000 ) ) ;
#4488 = CARTESIAN_POINT ( 'NONE',  ( -0.3799999999999913400, -0.6350000000000001200, -6.490000000000000200 ) ) ;
#4489 = VECTOR ( 'NONE', #1238, 1000.000000000000000 ) ;
#4490 = DIRECTION ( 'NONE',  ( 1.000000000000000000, -0.0000000000000000000, 0.0000000000000000000 ) ) ;
#4491 = EDGE_CURVE ( 'NONE', #766, #2075, #1363, .T. ) ;
#4492 = CARTESIAN_POINT ( 'NONE',  ( -4.139276692429533000, -1.333487006990677700, -0.8522048541031107500 ) ) ;
#4493 = CARTESIAN_POINT ( 'NONE',  ( 2.100000000000006300, 2.801970520000000400E-015, 14.67999999999998200 ) ) ;
#4494 = ORIENTED_EDGE ( 'NONE', *, *, #260, .T. ) ;
#4495 = DIRECTION ( 'NONE',  ( 0.0000000000000000000, -0.0000000000000000000, 1.000000000000000000 ) ) ;
#4496 = VERTEX_POINT ( 'NONE', #1323 ) ;
#4497 = VECTOR ( 'NONE', #1651, 1000.000000000000000 ) ;
#4498 = EDGE_CURVE ( 'NONE', #5090, #5729, #4866, .T. ) ;
#4499 = CARTESIAN_POINT ( 'NONE',  ( 1.886685657014993200, -3.430000000000021900, 6.513528991902220800 ) ) ;
#4500 = ORIENTED_EDGE ( 'NONE', *, *, #1698, .F. ) ;
#4501 = ADVANCED_FACE ( 'NONE', ( #3394 ), #6165, .T. ) ;
#4502 = LINE ( 'NONE', #4165, #6102 ) ;
#4503 = DIRECTION ( 'NONE',  ( 1.000000000000000000, 0.0000000000000000000, 0.0000000000000000000 ) ) ;
#4504 = CARTESIAN_POINT ( 'NONE',  ( -2.100000000000008500, -4.200000000000011700, 14.67999999999998000 ) ) ;
#4505 = DIRECTION ( 'NONE',  ( 0.9260204203180960600, -1.309624000000000200E-016, -0.3774734178109721000 ) ) ;
#4506 = PLANE ( 'NONE',  #5222 ) ;
#4507 = DIRECTION ( 'NONE',  ( 0.0000000000000000000, 0.0000000000000000000, 1.000000000000000000 ) ) ;
#4508 = DIRECTION ( 'NONE',  ( -0.0000000000000000000, -1.000000000000000000, -0.0000000000000000000 ) ) ;
#4509 = PLANE ( 'NONE',  #749 ) ;
#4510 = VERTEX_POINT ( 'NONE', #5679 ) ;
#4511 = VECTOR ( 'NONE', #889, 1000.000000000000000 ) ;
#4512 = CARTESIAN_POINT ( 'NONE',  ( 3.223527618041000400, 2.215000000000005600, 0.0000000000000000000 ) ) ;
#4513 = CARTESIAN_POINT ( 'NONE',  ( -2.100000000000009000, 2.544794692179055100E-015, 14.67999999999998000 ) ) ;
#4514 = ORIENTED_EDGE ( 'NONE', *, *, #5433, .T. ) ;
#4515 = CARTESIAN_POINT ( 'NONE',  ( 2.328693082000000200E-016, -1.079998094000000000E-015, 15.78000000000000300 ) ) ;
#4516 = ORIENTED_EDGE ( 'NONE', *, *, #1694, .F. ) ;
#4517 = VERTEX_POINT ( 'NONE', #5112 ) ;
#4518 = VECTOR ( 'NONE', #3385, 1000.000000000000000 ) ;
#4519 = DIRECTION ( 'NONE',  ( 0.0000000000000000000, 0.0000000000000000000, 1.000000000000000000 ) ) ;
#4520 = CARTESIAN_POINT ( 'NONE',  ( 6.249999999999994700, 3.180000000000005500, 8.890000000000000600 ) ) ;
#4521 = ORIENTED_EDGE ( 'NONE', *, *, #520, .T. ) ;
#4522 = ORIENTED_EDGE ( 'NONE', *, *, #4577, .F. ) ;
#4523 = ORIENTED_EDGE ( 'NONE', *, *, #1786, .T. ) ;
#4524 = FACE_OUTER_BOUND ( 'NONE', #2660, .T. ) ;
#4525 = AXIS2_PLACEMENT_3D ( 'NONE', #1334, #254, #4613 ) ;
#4526 = DIRECTION ( 'NONE',  ( -0.9792382642371125800, -0.2027126583464559100, 0.0000000000000000000 ) ) ;
#4527 = EDGE_CURVE ( 'NONE', #3085, #6301, #2293, .T. ) ;
#4528 = CARTESIAN_POINT ( 'NONE',  ( -1.580000000000004100, 1.932157287525378300, -6.645425250000307900E-018 ) ) ;
#4529 = CARTESIAN_POINT ( 'NONE',  ( 4.750000000000000000, 2.669999999999988400, 8.890000000000002300 ) ) ;
#4530 = LINE ( 'NONE', #2416, #4017 ) ;
#4531 = CARTESIAN_POINT ( 'NONE',  ( -3.155575383981974500, 3.430000000000021900, 0.5099999999999922400 ) ) ;
#4532 = CARTESIAN_POINT ( 'NONE',  ( -1.076621144288355300, -3.380000000000043900, 5.322201937963177100 ) ) ;
#4533 = ORIENTED_EDGE ( 'NONE', *, *, #834, .T. ) ;
#4534 = FACE_OUTER_BOUND ( 'NONE', #462, .T. ) ;
#4535 = CARTESIAN_POINT ( 'NONE',  ( -0.3767973192526478100, -0.6350000000000001200, -9.156797319252630600 ) ) ;
#4536 = ADVANCED_FACE ( 'NONE', ( #5370 ), #1955, .T. ) ;
#4537 = EDGE_CURVE ( 'NONE', #5656, #6257, #3917, .T. ) ;
#4538 = DIRECTION ( 'NONE',  ( 0.0000000000000000000, 1.000000000000000000, 0.0000000000000000000 ) ) ;
#4539 = DIRECTION ( 'NONE',  ( 1.000000000000000000, 0.0000000000000000000, -0.0000000000000000000 ) ) ;
#4540 = VECTOR ( 'NONE', #258, 1000.000000000000000 ) ;
#4541 = AXIS2_PLACEMENT_3D ( 'NONE', #328, #857, #5263 ) ;
#4542 = DIRECTION ( 'NONE',  ( 0.0000000000000000000, -1.000000000000000000, 0.0000000000000000000 ) ) ;
#4543 = FACE_OUTER_BOUND ( 'NONE', #5001, .T. ) ;
#4544 = ORIENTED_EDGE ( 'NONE', *, *, #1309, .F. ) ;
#4545 = EDGE_CURVE ( 'NONE', #4729, #6675, #3745, .T. ) ;
#4546 = LINE ( 'NONE', #1708, #1634 ) ;
#4547 = CARTESIAN_POINT ( 'NONE',  ( -6.280000000000000200, -1.932157287525378300, -1.355252715606880500E-016 ) ) ;
#4548 = VECTOR ( 'NONE', #3106, 1000.000000000000000 ) ;
#4549 = LINE ( 'NONE', #1163, #4894 ) ;
#4550 = EDGE_LOOP ( 'NONE', ( #5344, #6869, #730, #6007, #2334 ) ) ;
#4551 = PLANE ( 'NONE',  #3552 ) ;
#4552 = EDGE_CURVE ( 'NONE', #5953, #3425, #846, .T. ) ;
#4553 = EDGE_LOOP ( 'NONE', ( #3955, #6003, #1666, #345, #6690, #4516, #28, #1986, #4026, #5997, #1324, #1752, #3414, #6589, #2322, #6155, #2427, #1613, #7068, #5419, #3313, #1321, #6713, #6774, #1020, #1331, #1641, #1834 ) ) ;
#4554 = EDGE_CURVE ( 'NONE', #2858, #5237, #3837, .T. ) ;
#4555 = VECTOR ( 'NONE', #3930, 1000.000000000000000 ) ;
#4556 = CARTESIAN_POINT ( 'NONE',  ( 6.350000000000000500, -3.429999999999996600, 0.5099999999999920200 ) ) ;
#4557 = LINE ( 'NONE', #70, #5323 ) ;
#4558 = DIRECTION ( 'NONE',  ( 0.0000000000000000000, 1.000000000000000000, 0.0000000000000000000 ) ) ;
#4559 = ORIENTED_EDGE ( 'NONE', *, *, #3280, .T. ) ;
#4560 = ORIENTED_EDGE ( 'NONE', *, *, #7049, .T. ) ;
#4561 = EDGE_LOOP ( 'NONE', ( #833, #2778, #527, #1072 ) ) ;
#4562 = CARTESIAN_POINT ( 'NONE',  ( 5.080000000000001000, -1.015000000000004100, -0.9999999999999879000 ) ) ;
#4563 = ORIENTED_EDGE ( 'NONE', *, *, #2206, .F. ) ;
#4564 = DIRECTION ( 'NONE',  ( 1.000000000000000000, 0.0000000000000000000, 0.0000000000000000000 ) ) ;
#4565 = CARTESIAN_POINT ( 'NONE',  ( -0.5224989434108204800, 1.049314575050752200, -0.9999999999999877900 ) ) ;
#4566 = ORIENTED_EDGE ( 'NONE', *, *, #1893, .T. ) ;
#4567 = EDGE_CURVE ( 'NONE', #1852, #3774, #3047, .T. ) ;
#4568 = CARTESIAN_POINT ( 'NONE',  ( 3.223527618041001300, -2.215000000000006500, 5.421010862427522200E-017 ) ) ;
#4569 = ORIENTED_EDGE ( 'NONE', *, *, #2971, .F. ) ;
#4570 = EDGE_LOOP ( 'NONE', ( #1010, #541, #1223, #2164 ) ) ;
#4571 = ORIENTED_EDGE ( 'NONE', *, *, #6493, .T. ) ;
#4572 = DIRECTION ( 'NONE',  ( 0.0000000000000000000, 1.000000000000000000, 0.0000000000000000000 ) ) ;
#4573 = DIRECTION ( 'NONE',  ( 1.000000000000000000, 0.0000000000000000000, 0.0000000000000000000 ) ) ;
#4574 = LINE ( 'NONE', #5187, #5496 ) ;
#4575 = ADVANCED_FACE ( 'NONE', ( #2202 ), #3990, .T. ) ;
#4576 = CARTESIAN_POINT ( 'NONE',  ( 4.209548860370471600, -1.333487006990677500, -0.8815067120431445700 ) ) ;
#4577 = EDGE_CURVE ( 'NONE', #3356, #5417, #3303, .T. ) ;
#4578 = ORIENTED_EDGE ( 'NONE', *, *, #1191, .T. ) ;
#4579 = CARTESIAN_POINT ( 'NONE',  ( 2.100000000000006300, 2.801970520000000400E-015, 14.67999999999998200 ) ) ;
#4580 = LINE ( 'NONE', #3129, #5848 ) ;
#4581 = VERTEX_POINT ( 'NONE', #1812 ) ;
#4582 = CARTESIAN_POINT ( 'NONE',  ( -5.397157287525380400, -1.049314575050752700, -0.8828427124746202100 ) ) ;
#4583 = AXIS2_PLACEMENT_3D ( 'NONE', #3251, #6555, #7036 ) ;
#4584 = CARTESIAN_POINT ( 'NONE',  ( -2.357898303399244900, 0.5099999999999920200, 9.390000000000007700 ) ) ;
#4585 = CARTESIAN_POINT ( 'NONE',  ( -0.6984870069906754500, 1.157498943410820900, -0.8815067120431461200 ) ) ;
#4586 = EDGE_CURVE ( 'NONE', #7037, #5836, #6207, .T. ) ;
#4587 = CIRCLE ( 'NONE', #1960, 0.4000000000000003000 ) ;
#4588 = CARTESIAN_POINT ( 'NONE',  ( -4.285685424949244600, 1.049314575050752200, -0.5999999999999875400 ) ) ;
#4589 = CARTESIAN_POINT ( 'NONE',  ( 0.0000000000000000000, 2.920000000000004400, 0.5099999999999920200 ) ) ;
#4590 = VECTOR ( 'NONE', #5312, 1000.000000000000000 ) ;
#4591 = CARTESIAN_POINT ( 'NONE',  ( -5.322350442411923200, 1.157498943410821400, -0.9583642496800592900 ) ) ;
#4592 = EDGE_CURVE ( 'NONE', #2767, #5361, #419, .T. ) ;
#4593 = EDGE_CURVE ( 'NONE', #4936, #5454, #1696, .T. ) ;
#4594 = DIRECTION ( 'NONE',  ( 1.000000000000000000, 0.0000000000000000000, 0.0000000000000000000 ) ) ;
#4595 = ORIENTED_EDGE ( 'NONE', *, *, #920, .T. ) ;
#4596 = LINE ( 'NONE', #213, #6370 ) ;
#4597 = ORIENTED_EDGE ( 'NONE', *, *, #2254, .F. ) ;
#4598 = DIRECTION ( 'NONE',  ( 0.0000000000000000000, 0.0000000000000000000, -1.000000000000000000 ) ) ;
#4599 = CARTESIAN_POINT ( 'NONE',  ( -3.049999999999992300, -2.920000000000029700, 0.5099999999999921300 ) ) ;
#4600 = ORIENTED_EDGE ( 'NONE', *, *, #5194, .T. ) ;
#4601 = VERTEX_POINT ( 'NONE', #1343 ) ;
#4602 = CARTESIAN_POINT ( 'NONE',  ( 0.8800000000000106600, -0.1900000000000020300, -6.490000000000000200 ) ) ;
#4603 = LINE ( 'NONE', #5566, #3653 ) ;
#4604 = DIRECTION ( 'NONE',  ( 1.000000000000000000, -0.0000000000000000000, 0.0000000000000000000 ) ) ;
#4605 = DIRECTION ( 'NONE',  ( 0.0000000000000000000, 0.0000000000000000000, 1.000000000000000000 ) ) ;
#4606 = ADVANCED_FACE ( 'NONE', ( #1285 ), #3967, .T. ) ;
#4607 = CARTESIAN_POINT ( 'NONE',  ( -2.357898303399244900, 0.5099999999999920200, 9.390000000000007700 ) ) ;
#4608 = DIRECTION ( 'NONE',  ( -0.0000000000000000000, 0.0000000000000000000, -1.000000000000000000 ) ) ;
#4609 = VERTEX_POINT ( 'NONE', #2617 ) ;
#4610 = DIRECTION ( 'NONE',  ( 0.2027126583464359000, 0.9792382642371165700, 0.0000000000000000000 ) ) ;
#4611 = VECTOR ( 'NONE', #5526, 1000.000000000000000 ) ;
#4612 = VECTOR ( 'NONE', #1282, 1000.000000000000000 ) ;
#4613 = DIRECTION ( 'NONE',  ( 0.0000000000000000000, -0.0000000000000000000, -1.000000000000000000 ) ) ;
#4614 = CARTESIAN_POINT ( 'NONE',  ( 1.228723248094896600, -3.264314575050810200, 6.386870766603498300E-016 ) ) ;
#4615 = ORIENTED_EDGE ( 'NONE', *, *, #307, .F. ) ;
#4616 = VECTOR ( 'NONE', #4175, 1000.000000000000000 ) ;
#4617 = DIRECTION ( 'NONE',  ( -1.000000000000000000, -0.0000000000000000000, -0.0000000000000000000 ) ) ;
#4618 = DIRECTION ( 'NONE',  ( -0.2027126583464380600, 0.9792382642371162400, 0.0000000000000000000 ) ) ;
#4619 = FACE_BOUND ( 'NONE', #554, .T. ) ;
#4620 = VECTOR ( 'NONE', #3162, 1000.000000000000000 ) ;
#4621 = DIRECTION ( 'NONE',  ( -1.000000000000000000, -0.0000000000000000000, 0.0000000000000000000 ) ) ;
#4622 = EDGE_LOOP ( 'NONE', ( #6863, #5932 ) ) ;
#4623 = VECTOR ( 'NONE', #6534, 1000.000000000000000 ) ;
#4624 = CARTESIAN_POINT ( 'NONE',  ( 9.530000000000004700, 0.6350000000000001200, -10.80000000000000600 ) ) ;
#4625 = EDGE_CURVE ( 'NONE', #3579, #6427, #166, .T. ) ;
#4626 = CARTESIAN_POINT ( 'NONE',  ( -0.6971572875253856400, -1.049314575050752200, -0.8828427124746207600 ) ) ;
#4627 = FACE_OUTER_BOUND ( 'NONE', #277, .T. ) ;
#4628 = LINE ( 'NONE', #1870, #2060 ) ;
#4629 = VERTEX_POINT ( 'NONE', #5813 ) ;
#4630 = FACE_OUTER_BOUND ( 'NONE', #3937, .T. ) ;
#4631 = CARTESIAN_POINT ( 'NONE',  ( 1.496662996000000200E-009, -2.920000000000029700, 0.5099999999999920200 ) ) ;
#4632 = CARTESIAN_POINT ( 'NONE',  ( -4.209548860370472500, 1.333487006990677900, -0.8815067120431437900 ) ) ;
#4633 = AXIS2_PLACEMENT_3D ( 'NONE', #7051, #3172, #3216 ) ;
#4634 = DIRECTION ( 'NONE',  ( 1.000000000000000000, 0.0000000000000000000, -0.0000000000000000000 ) ) ;
#4635 = DIRECTION ( 'NONE',  ( 0.9260204203180908400, -1.309624000000000000E-016, -0.3774734178109849200 ) ) ;
#4636 = VECTOR ( 'NONE', #6577, 1000.000000000000000 ) ;
#4637 = ORIENTED_EDGE ( 'NONE', *, *, #5803, .F. ) ;
#4638 = ADVANCED_FACE ( 'NONE', ( #1614 ), #6428, .T. ) ;
#4639 =( BOUNDED_CURVE ( )  B_SPLINE_CURVE ( 3, ( #1043, #3193, #986, #7000 ),
 .UNSPECIFIED., .F., .F. ) 
 B_SPLINE_CURVE_WITH_KNOTS ( ( 4, 4 ),
 ( 2.617993877991482000, 3.665191429188104700 ),
 .UNSPECIFIED. ) 
 CURVE ( )  GEOMETRIC_REPRESENTATION_ITEM ( )  RATIONAL_B_SPLINE_CURVE ( ( 1.000000000000000000, 0.9106836025229548800, 0.9106836025229548800, 1.000000000000000000 ) ) 
 REPRESENTATION_ITEM ( '' )  );
#4640 = CARTESIAN_POINT ( 'NONE',  ( 6.350000000000000500, -3.429999999999996600, 5.772201937963205700 ) ) ;
#4641 = EDGE_LOOP ( 'NONE', ( #4459, #3611, #3435, #3100 ) ) ;
#4642 = ORIENTED_EDGE ( 'NONE', *, *, #5446, .T. ) ;
#4643 = ADVANCED_FACE ( 'NONE', ( #5125 ), #1882, .F. ) ;
#4644 = CARTESIAN_POINT ( 'NONE',  ( 0.3800000000000040600, -1.015000000000004100, -1.549999999999997800 ) ) ;
#4645 = EDGE_LOOP ( 'NONE', ( #2113, #4500, #2802, #4183 ) ) ;
#4646 = ORIENTED_EDGE ( 'NONE', *, *, #5412, .F. ) ;
#4647 = EDGE_LOOP ( 'NONE', ( #556, #6525, #3392, #5557 ) ) ;
#4648 = DIRECTION ( 'NONE',  ( 0.0000000000000000000, 0.0000000000000000000, 1.000000000000000000 ) ) ;
#4649 = DIRECTION ( 'NONE',  ( 0.0000000000000000000, -1.000000000000000000, 0.0000000000000000000 ) ) ;
#4650 = FACE_OUTER_BOUND ( 'NONE', #4796, .T. ) ;
#4651 = ORIENTED_EDGE ( 'NONE', *, *, #1252, .T. ) ;
#4652 = ORIENTED_EDGE ( 'NONE', *, *, #6400, .F. ) ;
#4653 = AXIS2_PLACEMENT_3D ( 'NONE', #5533, #701, #2811 ) ;
#4654 = CARTESIAN_POINT ( 'NONE',  ( -4.099303881165688800, 1.257350442411906200, -0.9210623386218868000 ) ) ;
#4655 = DIRECTION ( 'NONE',  ( -0.0000000000000000000, -0.0000000000000000000, -1.000000000000000000 ) ) ;
#4656 = FACE_OUTER_BOUND ( 'NONE', #5467, .T. ) ;
#4657 = CARTESIAN_POINT ( 'NONE',  ( 9.530000000000004700, 0.6350000000000001200, -7.749999999999997300 ) ) ;
#4658 = DIRECTION ( 'NONE',  ( 0.0000000000000000000, -1.224646799147353200E-016, -1.000000000000000000 ) ) ;
#4659 = ORIENTED_EDGE ( 'NONE', *, *, #2064, .F. ) ;
#4660 = ORIENTED_EDGE ( 'NONE', *, *, #4720, .T. ) ;
#4661 =( GEOMETRIC_REPRESENTATION_CONTEXT ( 3 ) GLOBAL_UNCERTAINTY_ASSIGNED_CONTEXT ( ( #3566 ) ) GLOBAL_UNIT_ASSIGNED_CONTEXT ( ( #2743, #559, #1105 ) ) REPRESENTATION_CONTEXT ( 'NONE', 'WORKASPACE' ) );
#4662 = MECHANICAL_DESIGN_GEOMETRIC_PRESENTATION_REPRESENTATION (  '', ( #3553 ), #5033 ) ;
#4663 = CARTESIAN_POINT ( 'NONE',  ( -1.194424616018044300, 3.429999999999958400, 0.4000000000000002400 ) ) ;
#4664 = VECTOR ( 'NONE', #2188, 1000.000000000000100 ) ;
#4665 = CARTESIAN_POINT ( 'NONE',  ( -0.3800000000000040600, 0.6350000000000001200, -1.549999999999997600 ) ) ;
#4666 = DIRECTION ( 'NONE',  ( -0.3774734178109819800, 0.0000000000000000000, -0.9260204203180919500 ) ) ;
#4667 = EDGE_CURVE ( 'NONE', #6344, #5010, #2383, .T. ) ;
#4668 = CARTESIAN_POINT ( 'NONE',  ( 3.155575383981887000, 3.429999999999958400, 0.4000000000000002400 ) ) ;
#4669 = ORIENTED_EDGE ( 'NONE', *, *, #6351, .T. ) ;
#4670 = DIRECTION ( 'NONE',  ( 1.000000000000000000, 0.0000000000000000000, 0.0000000000000000000 ) ) ;
#4671 = EDGE_CURVE ( 'NONE', #1289, #855, #6852, .T. ) ;
#4672 = LINE ( 'NONE', #2429, #6284 ) ;
#4673 = CARTESIAN_POINT ( 'NONE',  ( 4.750000000000000000, 3.429999999999920700, 0.0000000000000000000 ) ) ;
#4674 = CARTESIAN_POINT ( 'NONE',  ( 9.530000000000004700, 0.6350000000000001200, -7.750000000000014200 ) ) ;
#4675 = AXIS2_PLACEMENT_3D ( 'NONE', #5095, #2364, #2902 ) ;
#4676 = EDGE_CURVE ( 'NONE', #3236, #5246, #4956, .T. ) ;
#4677 = LINE ( 'NONE', #5674, #5359 ) ;
#4678 = CARTESIAN_POINT ( 'NONE',  ( 8.330000000000005400, 1.930000000000001900, 8.890000000000000600 ) ) ;
#4679 = CARTESIAN_POINT ( 'NONE',  ( -3.067898303399250200, -0.5099999999999920200, 9.390000000000007700 ) ) ;
#4680 = CARTESIAN_POINT ( 'NONE',  ( -4.319999999999992300, -1.015000000000004100, 0.0000000000000000000 ) ) ;
#4681 = CARTESIAN_POINT ( 'NONE',  ( 5.080000000000001000, -0.6350000000000001200, -3.180000000000005500 ) ) ;
#4682 = EDGE_CURVE ( 'NONE', #6620, #598, #6977, .T. ) ;
#4683 = VERTEX_POINT ( 'NONE', #6235 ) ;
#4684 = LINE ( 'NONE', #5153, #676 ) ;
#4685 = EDGE_CURVE ( 'NONE', #5485, #3145, #5448, .T. ) ;
#4686 = CARTESIAN_POINT ( 'NONE',  ( -0.4143145750507523100, 1.332157287525381500, -0.8828427124746172100 ) ) ;
#4687 = CARTESIAN_POINT ( 'NONE',  ( 6.000000000000002700, 3.429999999999996600, 8.890000000000000600 ) ) ;
#4688 = CARTESIAN_POINT ( 'NONE',  ( 2.100000000000008100, -1.079998094000000000E-015, 9.390000000000007700 ) ) ;
#4689 = EDGE_LOOP ( 'NONE', ( #3493, #509, #259, #6678, #5155 ) ) ;
#4690 = FACE_OUTER_BOUND ( 'NONE', #4005, .T. ) ;
#4691 = CARTESIAN_POINT ( 'NONE',  ( 4.285685424949235800, -1.049314575050760900, -0.6000000000000045300 ) ) ;
#4692 = AXIS2_PLACEMENT_3D ( 'NONE', #2929, #4649, #2966 ) ;
#4693 = CARTESIAN_POINT ( 'NONE',  ( 0.8800000000000106600, 0.6350000000000001200, -6.490000000000000200 ) ) ;
#4694 = CARTESIAN_POINT ( 'NONE',  ( -6.249999999999995600, -5.689892100000000300E-015, 8.890000000000000600 ) ) ;
#4695 = EDGE_LOOP ( 'NONE', ( #1454, #6874, #3524, #5514 ) ) ;
#4696 = ORIENTED_EDGE ( 'NONE', *, *, #6878, .F. ) ;
#4697 = VECTOR ( 'NONE', #483, 1000.000000000000000 ) ;
#4698 = CARTESIAN_POINT ( 'NONE',  ( -4.285685424949244600, 1.049314575050752200, -0.9999999999999879000 ) ) ;
#4699 = CIRCLE ( 'NONE', #6710, 0.03791758010635097600 ) ;
#4700 = CARTESIAN_POINT ( 'NONE',  ( -4.750000000000000000, 2.919999999999978600, 0.0000000000000000000 ) ) ;
#4701 = CARTESIAN_POINT ( 'NONE',  ( 6.350000000000000500, -2.670000000000014100, 8.890000000000000600 ) ) ;
#4702 = ORIENTED_EDGE ( 'NONE', *, *, #1750, .T. ) ;
#4703 = VECTOR ( 'NONE', #5977, 1000.000000000000000 ) ;
#4704 = AXIS2_PLACEMENT_3D ( 'NONE', #3564, #4750, #6891 ) ;
#4705 = ORIENTED_EDGE ( 'NONE', *, *, #4491, .F. ) ;
#4706 = ORIENTED_EDGE ( 'NONE', *, *, #1400, .T. ) ;
#4707 = ADVANCED_FACE ( 'NONE', ( #761 ), #1481, .F. ) ;
#4708 = FACE_OUTER_BOUND ( 'NONE', #2348, .T. ) ;
#4709 = ORIENTED_EDGE ( 'NONE', *, *, #2940, .F. ) ;
#4710 = CARTESIAN_POINT ( 'NONE',  ( -6.249999999999995600, -3.180000000000005500, 9.390000000000007700 ) ) ;
#4711 = ORIENTED_EDGE ( 'NONE', *, *, #906, .T. ) ;
#4712 = CIRCLE ( 'NONE', #3648, 1.179145525188715700 ) ;
#4713 = CARTESIAN_POINT ( 'NONE',  ( -1.580000000000004300, -1.932157287525378300, -5.421010862427522200E-017 ) ) ;
#4714 = LINE ( 'NONE', #1429, #2663 ) ;
#4715 = DIRECTION ( 'NONE',  ( 0.0000000000000000000, 0.0000000000000000000, 1.000000000000000000 ) ) ;
#4716 = AXIS2_PLACEMENT_3D ( 'NONE', #5687, #6244, #5721 ) ;
#4717 = LINE ( 'NONE', #5961, #3689 ) ;
#4718 = CARTESIAN_POINT ( 'NONE',  ( 5.368907675930545400, 1.257350442411902200, -0.8522048541031229700 ) ) ;
#4719 = ORIENTED_EDGE ( 'NONE', *, *, #5281, .T. ) ;
#4720 = EDGE_CURVE ( 'NONE', #5082, #4581, #2718, .T. ) ;
#4721 = ORIENTED_EDGE ( 'NONE', *, *, #296, .F. ) ;
#4722 = CARTESIAN_POINT ( 'NONE',  ( -0.5224989434108215900, -1.157498943410821600, -0.9999999999999876800 ) ) ;
#4723 = CARTESIAN_POINT ( 'NONE',  ( -6.280000000000001100, -1.332157287525385500, -0.8828427124746205400 ) ) ;
#4724 = VECTOR ( 'NONE', #6535, 1000.000000000000000 ) ;
#4725 = VECTOR ( 'NONE', #3542, 1000.000000000000000 ) ;
#4726 = VERTEX_POINT ( 'NONE', #2574 ) ;
#4727 = VERTEX_POINT ( 'NONE', #4241 ) ;
#4728 = EDGE_CURVE ( 'NONE', #914, #6317, #3214, .T. ) ;
#4729 = VERTEX_POINT ( 'NONE', #5840 ) ;
#4730 = CARTESIAN_POINT ( 'NONE',  ( 1.580000000000004700, -2.215000000000004700, 0.0000000000000000000 ) ) ;
#4731 = DIRECTION ( 'NONE',  ( 0.0000000000000000000, -0.0000000000000000000, -1.000000000000000000 ) ) ;
#4732 = EDGE_CURVE ( 'NONE', #921, #4105, #1037, .T. ) ;
#4733 = PRODUCT_DEFINITION ( 'UNKNOWN', '', #4001, #5685 ) ;
#4734 = VERTEX_POINT ( 'NONE', #5927 ) ;
#4735 = ORIENTED_EDGE ( 'NONE', *, *, #6217, .T. ) ;
#4736 = SURFACE_STYLE_USAGE ( .BOTH. , #2027 ) ;
#4737 = CARTESIAN_POINT ( 'NONE',  ( 8.330000000000005400, -1.930000000000001700, 9.390000000000007700 ) ) ;
#4738 = VERTEX_POINT ( 'NONE', #4315 ) ;
#4739 = PLANE ( 'NONE',  #465 ) ;
#4740 = CARTESIAN_POINT ( 'NONE',  ( -5.353104858350253200, -1.288104858350256800, -0.3612097167005086700 ) ) ;
#4741 = CARTESIAN_POINT ( 'NONE',  ( 2.174999999999987400, 2.166919661656047800, 0.0000000000000000000 ) ) ;
#4742 = VERTEX_POINT ( 'NONE', #987 ) ;
#4743 = ORIENTED_EDGE ( 'NONE', *, *, #413, .F. ) ;
#4744 = ORIENTED_EDGE ( 'NONE', *, *, #1936, .T. ) ;
#4745 = CARTESIAN_POINT ( 'NONE',  ( -4.285685424949244600, -1.332157287525385800, -0.8828427124746207600 ) ) ;
#4746 = VECTOR ( 'NONE', #2782, 1000.000000000000000 ) ;
#4747 = ADVANCED_FACE ( 'NONE', ( #6900 ), #6503, .T. ) ;
#4748 = ORIENTED_EDGE ( 'NONE', *, *, #786, .T. ) ;
#4749 = DIRECTION ( 'NONE',  ( -0.3774734178109658800, 0.0000000000000000000, -0.9260204203180986100 ) ) ;
#4750 = DIRECTION ( 'NONE',  ( 0.0000000000000000000, 0.0000000000000000000, -1.000000000000000000 ) ) ;
#4751 = ORIENTED_EDGE ( 'NONE', *, *, #6783, .T. ) ;
#4752 = VECTOR ( 'NONE', #5882, 1000.000000000000200 ) ;
#4753 = CARTESIAN_POINT ( 'NONE',  ( 1.297157287525378500, 2.215000000000004300, 1.778883931213717000E-017 ) ) ;
#4754 = DIRECTION ( 'NONE',  ( 1.000000000000000000, -0.0000000000000000000, 0.0000000000000000000 ) ) ;
#4755 = DIRECTION ( 'NONE',  ( 0.0000000000000000000, -1.000000000000000000, 0.0000000000000000000 ) ) ;
#4756 = ORIENTED_EDGE ( 'NONE', *, *, #2623, .F. ) ;
#4757 = FACE_OUTER_BOUND ( 'NONE', #4561, .T. ) ;
#4758 = AXIS2_PLACEMENT_3D ( 'NONE', #6043, #3318, #72 ) ;
#4759 = CARTESIAN_POINT ( 'NONE',  ( 1.753341459406232600, -3.430000000000015700, 6.097201937963143700 ) ) ;
#4760 = CARTESIAN_POINT ( 'NONE',  ( -4.750000000000000000, 2.919999999999978600, 0.5099999999999920200 ) ) ;
#4761 = EDGE_CURVE ( 'NONE', #1471, #5318, #2891, .T. ) ;
#4762 = FACE_OUTER_BOUND ( 'NONE', #6770, .T. ) ;
#4763 = DIRECTION ( 'NONE',  ( -1.000000000000000000, -0.0000000000000000000, -0.0000000000000000000 ) ) ;
#4764 =( BOUNDED_SURFACE ( )  B_SPLINE_SURFACE ( 3, 3, ( 
 ( #4579, #2297, #2922, #5599 ),
 ( #2325, #1763, #5131, #6742 ),
 ( #667, #139, #115, #4504 ),
 ( #6132, #2857, #3925, #1270 ) ),
 .UNSPECIFIED., .F., .F., .T. ) 
 B_SPLINE_SURFACE_WITH_KNOTS ( ( 4, 4 ),
 ( 4, 4 ),
 ( 0.0000000000000000000, 1.000000000000000000 ),
 ( 0.0000000000000000000, 1.000000000000000000 ),
 .UNSPECIFIED. ) 
 GEOMETRIC_REPRESENTATION_ITEM ( )  RATIONAL_B_SPLINE_SURFACE ( (
 ( 1.000000000000000000, 0.3333333333333334300, 0.3333333333333334300, 1.000000000000000000),
 ( 0.3333333333333333700, 0.1111111111111111600, 0.1111111111111111600, 0.3333333333333333700),
 ( 0.3333333333333333700, 0.1111111111111111600, 0.1111111111111111600, 0.3333333333333333700),
 ( 1.000000000000000000, 0.3333333333333334300, 0.3333333333333334300, 1.000000000000000000) ) ) 
 REPRESENTATION_ITEM ( '' )  SURFACE ( )  );
#4765 = EDGE_LOOP ( 'NONE', ( #5061, #6092, #6504, #22 ) ) ;
#4766 = CARTESIAN_POINT ( 'NONE',  ( -0.4143145750507522500, -1.257350442411906000, -0.9583642496800580700 ) ) ;
#4767 = FACE_OUTER_BOUND ( 'NONE', #4248, .T. ) ;
#4768 = CARTESIAN_POINT ( 'NONE',  ( 0.6984870069906780100, 1.157498943410821600, -0.8815067120431439000 ) ) ;
#4769 = MECHANICAL_DESIGN_GEOMETRIC_PRESENTATION_REPRESENTATION (  '', ( #1700 ), #5275 ) ;
#4770 = EDGE_CURVE ( 'NONE', #5616, #615, #342, .T. ) ;
#4771 = ORIENTED_EDGE ( 'NONE', *, *, #3806, .T. ) ;
#4772 = VERTEX_POINT ( 'NONE', #1015 ) ;
#4773 = ADVANCED_FACE ( 'NONE', ( #584 ), #2111, .T. ) ;
#4774 = VECTOR ( 'NONE', #2863, 1000.000000000000000 ) ;
#4775 = ADVANCED_FACE ( 'NONE', ( #5869 ), #5905, .F. ) ;
#4776 = CARTESIAN_POINT ( 'NONE',  ( 5.114314575050756600, 1.049314575050760900, -0.6000000000000046400 ) ) ;
#4777 = EDGE_CURVE ( 'NONE', #1535, #4629, #923, .T. ) ;
#4778 = VERTEX_POINT ( 'NONE', #3736 ) ;
#4779 = ORIENTED_EDGE ( 'NONE', *, *, #430, .T. ) ;
#4780 = VECTOR ( 'NONE', #5039, 1000.000000000000000 ) ;
#4781 = DIRECTION ( 'NONE',  ( -0.7071067811865477900, 0.0000000000000000000, -0.7071067811865472400 ) ) ;
#4782 = DIRECTION ( 'NONE',  ( 0.0000000000000000000, 0.0000000000000000000, -1.000000000000000000 ) ) ;
#4783 = ORIENTED_EDGE ( 'NONE', *, *, #5105, .T. ) ;
#4784 = ORIENTED_EDGE ( 'NONE', *, *, #4226, .F. ) ;
#4785 = DIRECTION ( 'NONE',  ( 1.000000000000000000, 0.0000000000000000000, 0.0000000000000000000 ) ) ;
#4786 = AXIS2_PLACEMENT_3D ( 'NONE', #4032, #2453, #2991 ) ;
#4787 = DIRECTION ( 'NONE',  ( -0.0000000000000000000, 0.0000000000000000000, -1.000000000000000000 ) ) ;
#4788 = CARTESIAN_POINT ( 'NONE',  ( -6.280000000000003800, 2.111472381958995100, 0.0000000000000000000 ) ) ;
#4789 = LINE ( 'NONE', #3649, #2483 ) ;
#4790 = CONICAL_SURFACE ( 'NONE', #6716, 1.337397979817464400, 0.02827433384985621200 ) ;
#4791 = VERTEX_POINT ( 'NONE', #6469 ) ;
#4792 = DIRECTION ( 'NONE',  ( 0.0000000000000000000, 0.0000000000000000000, 1.000000000000000000 ) ) ;
#4793 = CARTESIAN_POINT ( 'NONE',  ( -0.7833451119016644500, -3.430000000000021900, 6.130874884024108500 ) ) ;
#4794 = CARTESIAN_POINT ( 'NONE',  ( 1.485445322352706900, -2.024174563873279500, 0.0000000000000000000 ) ) ;
#4795 = VECTOR ( 'NONE', #3978, 999.9999999999998900 ) ;
#4796 = EDGE_LOOP ( 'NONE', ( #679, #1706, #2357, #3020 ) ) ;
#4797 = VECTOR ( 'NONE', #5542, 1000.000000000000000 ) ;
#4798 = AXIS2_PLACEMENT_3D ( 'NONE', #204, #4044, #3400 ) ;
#4799 = VERTEX_POINT ( 'NONE', #3194 ) ;
#4800 = AXIS2_PLACEMENT_3D ( 'NONE', #4116, #6963, #5820 ) ;
#4801 = LINE ( 'NONE', #1502, #5062 ) ;
#4802 = CARTESIAN_POINT ( 'NONE',  ( 6.350000000000000500, -3.429999999999996600, 0.4000000000000002400 ) ) ;
#4803 = EDGE_CURVE ( 'NONE', #5665, #1742, #4010, .T. ) ;
#4804 = VECTOR ( 'NONE', #5525, 1000.000000000000200 ) ;
#4805 = CARTESIAN_POINT ( 'NONE',  ( 4.285685424949244600, 1.107499999999989700, -0.5999999999999875400 ) ) ;
#4806 = DIRECTION ( 'NONE',  ( 0.0000000000000000000, -0.0000000000000000000, 1.000000000000000000 ) ) ;
#4807 = VECTOR ( 'NONE', #4426, 1000.000000000000000 ) ;
#4808 = ORIENTED_EDGE ( 'NONE', *, *, #6990, .T. ) ;
#4809 = EDGE_CURVE ( 'NONE', #2389, #661, #1524, .T. ) ;
#4810 = ORIENTED_EDGE ( 'NONE', *, *, #6262, .F. ) ;
#4811 = ADVANCED_FACE ( 'NONE', ( #4690 ), #1442, .T. ) ;
#4812 = EDGE_LOOP ( 'NONE', ( #3622, #1473, #4216, #5630, #474 ) ) ;
#4813 = CARTESIAN_POINT ( 'NONE',  ( 9.530000000000004700, 0.6350000000000001200, -6.990000000000006400 ) ) ;
#4814 = VECTOR ( 'NONE', #6406, 1000.000000000000200 ) ;
#4815 =( LENGTH_UNIT ( ) NAMED_UNIT ( * ) SI_UNIT ( .MILLI., .METRE. ) );
#4816 = EDGE_CURVE ( 'NONE', #292, #6658, #1358, .T. ) ;
#4817 = CARTESIAN_POINT ( 'NONE',  ( 6.000000000000003600, 3.180000000000005500, 8.890000000000000600 ) ) ;
#4818 = CARTESIAN_POINT ( 'NONE',  ( 4.750000000000000000, -3.430000000000009000, 8.129999999999993700 ) ) ;
#4819 = ORIENTED_EDGE ( 'NONE', *, *, #5327, .F. ) ;
#4820 = ORIENTED_EDGE ( 'NONE', *, *, #260, .F. ) ;
#4821 = ORIENTED_EDGE ( 'NONE', *, *, #5762, .T. ) ;
#4822 = ORIENTED_EDGE ( 'NONE', *, *, #3442, .F. ) ;
#4823 = CARTESIAN_POINT ( 'NONE',  ( -4.750000000000000000, 2.669999999999988400, 8.129999999999993700 ) ) ;
#4824 = EDGE_CURVE ( 'NONE', #4799, #3364, #4603, .T. ) ;
#4825 = DIRECTION ( 'NONE',  ( 0.0000000000000000000, 0.7071067811865470200, 0.7071067811865480200 ) ) ;
#4826 = CARTESIAN_POINT ( 'NONE',  ( 6.280000000000000200, 1.932157287525378300, -1.355252715606880500E-016 ) ) ;
#4827 = EDGE_CURVE ( 'NONE', #1654, #5246, #5954, .T. ) ;
#4828 = ORIENTED_EDGE ( 'NONE', *, *, #1244, .T. ) ;
#4829 = VECTOR ( 'NONE', #1243, 1000.000000000000000 ) ;
#4830 = DIRECTION ( 'NONE',  ( 1.000000000000000000, -8.783411735322450300E-017, -8.783411735322438000E-017 ) ) ;
#4831 = CARTESIAN_POINT ( 'NONE',  ( -4.285685424949244600, 1.333487006990677900, -0.8815067120431437900 ) ) ;
#4832 = ORIENTED_EDGE ( 'NONE', *, *, #956, .F. ) ;
#4833 = ORIENTED_EDGE ( 'NONE', *, *, #6392, .T. ) ;
#4834 = CARTESIAN_POINT ( 'NONE',  ( 5.222498943410840000, -1.049314575050752200, -0.9999999999999879000 ) ) ;
#4835 = DIRECTION ( 'NONE',  ( 1.000000000000000000, 0.0000000000000000000, -0.0000000000000000000 ) ) ;
#4836 = PLANE ( 'NONE',  #6464 ) ;
#4837 = VECTOR ( 'NONE', #2864, 1000.000000000000000 ) ;
#4838 = PLANE ( 'NONE',  #3924 ) ;
#4839 = EDGE_LOOP ( 'NONE', ( #1234, #6085, #5408, #2835 ) ) ;
#4840 = DIRECTION ( 'NONE',  ( -1.000000000000000000, 0.0000000000000000000, 0.0000000000000000000 ) ) ;
#4841 = CARTESIAN_POINT ( 'NONE',  ( 4.319999999999992300, 1.015000000000004100, -1.549999999999997800 ) ) ;
#4842 = ORIENTED_EDGE ( 'NONE', *, *, #1309, .T. ) ;
#4843 = CARTESIAN_POINT ( 'NONE',  ( -4.699999999999996600, 1.144916938000000200E-015, -1.549999999999997800 ) ) ;
#4844 = VECTOR ( 'NONE', #6462, 1000.000000000000000 ) ;
#4845 = ADVANCED_FACE ( 'NONE', ( #7069 ), #6636, .T. ) ;
#4846 = DIRECTION ( 'NONE',  ( 0.0000000000000000000, -0.0000000000000000000, -1.000000000000000000 ) ) ;
#4847 =( BOUNDED_CURVE ( )  B_SPLINE_CURVE ( 3, ( #5117, #3496, #4512, #1843 ),
 .UNSPECIFIED., .F., .F. ) 
 B_SPLINE_CURVE_WITH_KNOTS ( ( 4, 4 ),
 ( 2.617993877991482000, 3.665191429188105100 ),
 .UNSPECIFIED. ) 
 CURVE ( )  GEOMETRIC_REPRESENTATION_ITEM ( )  RATIONAL_B_SPLINE_CURVE ( ( 1.000000000000000000, 0.9106836025229547700, 0.9106836025229547700, 1.000000000000000000 ) ) 
 REPRESENTATION_ITEM ( '' )  );
#4848 = VECTOR ( 'NONE', #1567, 1000.000000000000000 ) ;
#4849 = CARTESIAN_POINT ( 'NONE',  ( 5.114314575050772600, -1.257350442411906000, -0.9583642496800578400 ) ) ;
#4850 = AXIS2_PLACEMENT_3D ( 'NONE', #4997, #4463, #5480 ) ;
#4851 = DIRECTION ( 'NONE',  ( 0.0000000000000000000, -1.000000000000000000, 0.0000000000000000000 ) ) ;
#4852 = DIRECTION ( 'NONE',  ( -0.0000000000000000000, -1.000000000000000000, 0.0000000000000000000 ) ) ;
#4853 = EDGE_CURVE ( 'NONE', #3774, #3771, #5588, .T. ) ;
#4854 =( BOUNDED_CURVE ( )  B_SPLINE_CURVE ( 3, ( #4528, #142, #190, #4007 ),
 .UNSPECIFIED., .F., .T. ) 
 B_SPLINE_CURVE_WITH_KNOTS ( ( 4, 4 ),
 ( 2.617993877991482000, 3.665191429188104700 ),
 .UNSPECIFIED. ) 
 CURVE ( )  GEOMETRIC_REPRESENTATION_ITEM ( )  RATIONAL_B_SPLINE_CURVE ( ( 1.000000000000000000, 0.9106836025229548800, 0.9106836025229548800, 1.000000000000000000 ) ) 
 REPRESENTATION_ITEM ( '' )  );
#4855 = ORIENTED_EDGE ( 'NONE', *, *, #6543, .T. ) ;
#4856 = LINE ( 'NONE', #4607, #3388 ) ;
#4857 = VERTEX_POINT ( 'NONE', #2316 ) ;
#4858 = CARTESIAN_POINT ( 'NONE',  ( -4.319999999999992300, -0.6350000000000001200, -1.549999999999997600 ) ) ;
#4859 = ADVANCED_FACE ( 'NONE', ( #2628 ), #1186, .T. ) ;
#4860 = PLANE ( 'NONE',  #984 ) ;
#4861 = EDGE_LOOP ( 'NONE', ( #7038, #2201, #4276, #1731, #4886, #1804, #6340, #815, #5914, #6372, #3585, #5584 ) ) ;
#4862 = DIRECTION ( 'NONE',  ( 1.000000000000000000, -0.0000000000000000000, 0.0000000000000000000 ) ) ;
#4863 = EDGE_CURVE ( 'NONE', #5930, #6764, #257, .T. ) ;
#4864 = ORIENTED_EDGE ( 'NONE', *, *, #803, .T. ) ;
#4865 = EDGE_LOOP ( 'NONE', ( #6614, #719, #3828 ) ) ;
#4866 = LINE ( 'NONE', #762, #2805 ) ;
#4867 = CARTESIAN_POINT ( 'NONE',  ( -3.155575383981961600, 3.429999999999958400, 0.4000000000000002400 ) ) ;
#4868 = CARTESIAN_POINT ( 'NONE',  ( 4.285685424949244600, 1.049314575050752200, -0.9999999999999879000 ) ) ;
#4869 = ORIENTED_EDGE ( 'NONE', *, *, #6543, .F. ) ;
#4870 = DIRECTION ( 'NONE',  ( 0.0000000000000000000, 0.0000000000000000000, -1.000000000000000000 ) ) ;
#4871 = VECTOR ( 'NONE', #5211, 1000.000000000000200 ) ;
#4872 = CARTESIAN_POINT ( 'NONE',  ( 6.350000000000000500, 2.669999999999988400, 8.380000000000009700 ) ) ;
#4873 = CIRCLE ( 'NONE', #1725, 1.259999999999990200 ) ;
#4874 = VECTOR ( 'NONE', #5213, 1000.000000000000000 ) ;
#4875 = CARTESIAN_POINT ( 'NONE',  ( -0.6971572875253755400, 1.049314575050756400, -0.8828427124746153200 ) ) ;
#4876 = ORIENTED_EDGE ( 'NONE', *, *, #2247, .F. ) ;
#4877 = DIRECTION ( 'NONE',  ( 0.0000000000000000000, 0.0000000000000000000, -1.000000000000000000 ) ) ;
#4878 = VECTOR ( 'NONE', #3726, 1000.000000000000000 ) ;
#4879 = CARTESIAN_POINT ( 'NONE',  ( -0.4143145750507522500, 1.107499999999989700, -0.5999999999999875400 ) ) ;
#4880 = ORIENTED_EDGE ( 'NONE', *, *, #4625, .F. ) ;
#4881 = ADVANCED_FACE ( 'NONE', ( #4178 ), #5289, .T. ) ;
#4882 = DIRECTION ( 'NONE',  ( 0.0000000000000000000, 0.0000000000000000000, -1.000000000000000000 ) ) ;
#4883 = VERTEX_POINT ( 'NONE', #2847 ) ;
#4884 = PRODUCT_DEFINITION_SHAPE ( 'NONE', 'NONE',  #2026 ) ;
#4885 = VECTOR ( 'NONE', #4914, 1000.000000000000000 ) ;
#4886 = ORIENTED_EDGE ( 'NONE', *, *, #4527, .T. ) ;
#4887 = CARTESIAN_POINT ( 'NONE',  ( 0.0000000000000000000, -3.430000000000047200, -2.775557060000000200E-015 ) ) ;
#4888 = LINE ( 'NONE', #2535, #2818 ) ;
#4889 = AXIS2_PLACEMENT_3D ( 'NONE', #6321, #808, #828 ) ;
#4890 = ORIENTED_EDGE ( 'NONE', *, *, #4552, .T. ) ;
#4891 = CARTESIAN_POINT ( 'NONE',  ( 4.285685424949244600, -1.049314575050752400, -0.5999999999999875400 ) ) ;
#4892 = LINE ( 'NONE', #813, #5978 ) ;
#4893 = ORIENTED_EDGE ( 'NONE', *, *, #2108, .F. ) ;
#4894 = VECTOR ( 'NONE', #3809, 1000.000000000000000 ) ;
#4895 = VERTEX_POINT ( 'NONE', #635 ) ;
#4896 = ORIENTED_EDGE ( 'NONE', *, *, #6738, .F. ) ;
#4897 = EDGE_LOOP ( 'NONE', ( #2258, #4533, #4399, #6945 ) ) ;
#4898 = CARTESIAN_POINT ( 'NONE',  ( 3.050000000000012700, -2.920000000000011000, 5.135813185032628600E-031 ) ) ;
#4899 = CARTESIAN_POINT ( 'NONE',  ( -1.099258122440905700, -3.380000000000043900, 5.355874884024070900 ) ) ;
#4900 = CARTESIAN_POINT ( 'NONE',  ( 1.886685657014992600, -3.430000000000021900, 6.513528991902220800 ) ) ;
#4901 = CARTESIAN_POINT ( 'NONE',  ( -0.3800000000000040600, 1.015000000000004100, -1.549999999999997800 ) ) ;
#4902 = LINE ( 'NONE', #29, #293 ) ;
#4903 = AXIS2_PLACEMENT_3D ( 'NONE', #4515, #2913, #3460 ) ;
#4904 = LINE ( 'NONE', #4723, #4725 ) ;
#4905 = CARTESIAN_POINT ( 'NONE',  ( 3.049999999999981200, 2.919999999999932900, 0.0000000000000000000 ) ) ;
#4906 = ORIENTED_EDGE ( 'NONE', *, *, #6355, .F. ) ;
#4907 = EDGE_CURVE ( 'NONE', #2246, #3822, #2552, .T. ) ;
#4908 = ADVANCED_FACE ( 'NONE', ( #2033 ), #179, .T. ) ;
#4909 = VERTEX_POINT ( 'NONE', #1795 ) ;
#4910 = EDGE_LOOP ( 'NONE', ( #2762, #5099, #2146, #1144 ) ) ;
#4911 = ORIENTED_EDGE ( 'NONE', *, *, #27, .F. ) ;
#4912 = DIRECTION ( 'NONE',  ( -0.5773502691896258400, 0.5773502691896258400, 0.5773502691896258400 ) ) ;
#4913 = ORIENTED_EDGE ( 'NONE', *, *, #1511, .F. ) ;
#4914 = DIRECTION ( 'NONE',  ( -0.0000000000000000000, -1.000000000000000000, -0.0000000000000000000 ) ) ;
#4915 = ORIENTED_EDGE ( 'NONE', *, *, #706, .T. ) ;
#4916 = EDGE_CURVE ( 'NONE', #5208, #2848, #6815, .T. ) ;
#4917 = ORIENTED_EDGE ( 'NONE', *, *, #4226, .T. ) ;
#4918 = PRESENTATION_LAYER_ASSIGNMENT (  '', '', ( #1700 ) ) ;
#4919 = EDGE_CURVE ( 'NONE', #3170, #37, #5074, .T. ) ;
#4920 = PLANE ( 'NONE',  #1255 ) ;
#4921 = EDGE_LOOP ( 'NONE', ( #6431, #1101, #4224, #3266 ) ) ;
#4922 = ORIENTED_EDGE ( 'NONE', *, *, #4174, .T. ) ;
#4923 = DIRECTION ( 'NONE',  ( 0.0000000000000000000, 0.0000000000000000000, 1.000000000000000000 ) ) ;
#4924 = CARTESIAN_POINT ( 'NONE',  ( 8.330000000000005400, -3.149999999999998600, 8.890000000000000600 ) ) ;
#4925 = LINE ( 'NONE', #2182, #1335 ) ;
#4926 = ORIENTED_EDGE ( 'NONE', *, *, #2697, .F. ) ;
#4927 = EDGE_CURVE ( 'NONE', #5319, #4301, #1783, .T. ) ;
#4928 = CARTESIAN_POINT ( 'NONE',  ( 5.080000000000001000, -1.015000000000004100, 0.0000000000000000000 ) ) ;
#4929 = EDGE_CURVE ( 'NONE', #4114, #1675, #6897, .T. ) ;
#4930 = ORIENTED_EDGE ( 'NONE', *, *, #381, .T. ) ;
#4931 = LINE ( 'NONE', #3116, #5019 ) ;
#4932 = DIRECTION ( 'NONE',  ( 0.2027126583464368100, 0.9792382642371164600, 0.0000000000000000000 ) ) ;
#4933 = CARTESIAN_POINT ( 'NONE',  ( 5.114314575050772600, -1.157498943410820900, -0.9999999999999877900 ) ) ;
#4934 = ORIENTED_EDGE ( 'NONE', *, *, #873, .F. ) ;
#4935 = CARTESIAN_POINT ( 'NONE',  ( 2.328693082000000200E-016, -1.079998094000000000E-015, 9.390000000000007700 ) ) ;
#4936 = VERTEX_POINT ( 'NONE', #6736 ) ;
#4937 = CIRCLE ( 'NONE', #1462, 0.4000000000000004100 ) ;
#4938 = EDGE_CURVE ( 'NONE', #3069, #3236, #4684, .T. ) ;
#4939 = PLANE ( 'NONE',  #1832 ) ;
#4940 = APPLICATION_CONTEXT ( 'automotive_design' ) ;
#4941 = ADVANCED_FACE ( 'NONE', ( #4767 ), #5666, .F. ) ;
#4942 = FACE_OUTER_BOUND ( 'NONE', #39, .T. ) ;
#4943 = CARTESIAN_POINT ( 'NONE',  ( -4.750000000000000000, 3.429999999999971300, 0.0000000000000000000 ) ) ;
#4944 = AXIS2_PLACEMENT_3D ( 'NONE', #5901, #6569, #3240 ) ;
#4945 = ORIENTED_EDGE ( 'NONE', *, *, #1260, .T. ) ;
#4946 = CARTESIAN_POINT ( 'NONE',  ( 6.280000000000001100, -1.932157287525378300, -1.329084750000061700E-017 ) ) ;
#4947 = EDGE_CURVE ( 'NONE', #1999, #3387, #3911, .T. ) ;
#4948 = DIRECTION ( 'NONE',  ( 1.000000000000000000, -0.0000000000000000000, 0.0000000000000000000 ) ) ;
#4949 = FACE_OUTER_BOUND ( 'NONE', #4839, .T. ) ;
#4950 = CARTESIAN_POINT ( 'NONE',  ( 0.3800000000000040600, 1.015000000000004100, -1.549999999999997800 ) ) ;
#4951 = ORIENTED_EDGE ( 'NONE', *, *, #3384, .F. ) ;
#4952 = DIRECTION ( 'NONE',  ( 0.0000000000000000000, 0.0000000000000000000, 1.000000000000000000 ) ) ;
#4953 = CARTESIAN_POINT ( 'NONE',  ( -3.155575383981962900, -3.430000000000047200, 0.1656854249492387700 ) ) ;
#4954 = DIRECTION ( 'NONE',  ( 0.0000000000000000000, 1.000000000000000000, 0.0000000000000000000 ) ) ;
#4955 = ORIENTED_EDGE ( 'NONE', *, *, #1340, .T. ) ;
#4956 = LINE ( 'NONE', #5348, #3830 ) ;
#4957 = DIRECTION ( 'NONE',  ( -0.3774734178109698800, 0.0000000000000000000, -0.9260204203180969500 ) ) ;
#4958 = AXIS2_PLACEMENT_3D ( 'NONE', #4289, #526, #1677 ) ;
#4959 = EDGE_CURVE ( 'NONE', #6675, #1789, #4596, .T. ) ;
#4960 = CARTESIAN_POINT ( 'NONE',  ( 3.049999999999992300, -2.920000000000029700, 0.5099999999999920200 ) ) ;
#4961 = ORIENTED_EDGE ( 'NONE', *, *, #3442, .T. ) ;
#4962 = FACE_OUTER_BOUND ( 'NONE', #3346, .T. ) ;
#4963 = PLANE ( 'NONE',  #7019 ) ;
#4964 = DIRECTION ( 'NONE',  ( -0.2027126583464029500, -0.9792382642371235700, -0.0000000000000000000 ) ) ;
#4965 = FACE_OUTER_BOUND ( 'NONE', #6523, .T. ) ;
#4966 = EDGE_CURVE ( 'NONE', #283, #6257, #5283, .T. ) ;
#4967 = EDGE_CURVE ( 'NONE', #5729, #3694, #5442, .T. ) ;
#4968 = VERTEX_POINT ( 'NONE', #3065 ) ;
#4969 = VECTOR ( 'NONE', #2809, 1000.000000000000000 ) ;
#4970 = VERTEX_POINT ( 'NONE', #5822 ) ;
#4971 = CARTESIAN_POINT ( 'NONE',  ( -4.699999999999996600, -1.015000000000004100, -0.9999999999999879000 ) ) ;
#4972 = DIRECTION ( 'NONE',  ( 0.0000000000000000000, -1.000000000000000000, 0.0000000000000000000 ) ) ;
#4973 = CARTESIAN_POINT ( 'NONE',  ( 4.177501056589176400, 1.157498943410821400, -0.9999999999999875700 ) ) ;
#4974 = FACE_OUTER_BOUND ( 'NONE', #6596, .T. ) ;
#4975 = CARTESIAN_POINT ( 'NONE',  ( 4.749999999999993800, -2.920000000000029700, 0.5099999999999920200 ) ) ;
#4976 = CARTESIAN_POINT ( 'NONE',  ( 5.564771525016911200, -1.499771525016915000, -0.1495430500338504300 ) ) ;
#4977 = ORIENTED_EDGE ( 'NONE', *, *, #5711, .F. ) ;
#4978 = LINE ( 'NONE', #2095, #4623 ) ;
#4979 = DIRECTION ( 'NONE',  ( -0.2027126583463988700, -0.9792382642371243500, 0.0000000000000000000 ) ) ;
#4980 = ADVANCED_FACE ( 'NONE', ( #1003 ), #6642, .T. ) ;
#4981 = ORIENTED_EDGE ( 'NONE', *, *, #1288, .T. ) ;
#4982 = CARTESIAN_POINT ( 'NONE',  ( 5.580000000000007200, -0.1900000000000020300, -2.679999999999999300 ) ) ;
#4983 = LINE ( 'NONE', #6223, #4540 ) ;
#4984 = DIRECTION ( 'NONE',  ( -0.2164396139381000500, 1.560909603030452800E-015, 0.9762960071199340300 ) ) ;
#4985 = CARTESIAN_POINT ( 'NONE',  ( 6.000000000000003600, 3.180000000000005500, 8.890000000000000600 ) ) ;
#4986 = VECTOR ( 'NONE', #156, 1000.000000000000000 ) ;
#4987 = ORIENTED_EDGE ( 'NONE', *, *, #646, .T. ) ;
#4988 = ORIENTED_EDGE ( 'NONE', *, *, #1858, .T. ) ;
#4989 = EDGE_LOOP ( 'NONE', ( #6072, #173, #6259, #6557 ) ) ;
#4990 = FACE_BOUND ( 'NONE', #4622, .T. ) ;
#4991 = AXIS2_PLACEMENT_3D ( 'NONE', #3639, #317, #2548 ) ;
#4992 = VERTEX_POINT ( 'NONE', #4737 ) ;
#4993 = DIRECTION ( 'NONE',  ( 1.000000000000000000, 0.0000000000000000000, 0.0000000000000000000 ) ) ;
#4994 = VERTEX_POINT ( 'NONE', #907 ) ;
#4995 = ORIENTED_EDGE ( 'NONE', *, *, #4350, .F. ) ;
#4996 = ORIENTED_EDGE ( 'NONE', *, *, #3347, .T. ) ;
#4997 = CARTESIAN_POINT ( 'NONE',  ( 1.485445322352715300, -2.024174563873280900, -2.775557060000000200E-015 ) ) ;
#4998 = ORIENTED_EDGE ( 'NONE', *, *, #5762, .F. ) ;
#4999 = CARTESIAN_POINT ( 'NONE',  ( -1.297157287525378300, 2.215000000000004300, -8.131516293641283300E-017 ) ) ;
#5000 = CARTESIAN_POINT ( 'NONE',  ( 1.886685657014992600, -3.380000000000043900, 6.513528991902220800 ) ) ;
#5001 = EDGE_LOOP ( 'NONE', ( #2600, #1928, #6762, #2520, #4360 ) ) ;
#5002 = AXIS2_PLACEMENT_3D ( 'NONE', #3198, #4288, #1618 ) ;
#5003 = VERTEX_POINT ( 'NONE', #6880 ) ;
#5004 = EDGE_CURVE ( 'NONE', #2207, #1448, #3208, .T. ) ;
#5005 = DIRECTION ( 'NONE',  ( -0.0000000000000000000, 1.000000000000000000, 0.0000000000000000000 ) ) ;
#5006 = ORIENTED_EDGE ( 'NONE', *, *, #5271, .F. ) ;
#5007 = CARTESIAN_POINT ( 'NONE',  ( -2.100000000000008500, 4.200000000000017900, 6.279999999999951400 ) ) ;
#5008 = LINE ( 'NONE', #2764, #6181 ) ;
#5009 = SURFACE_SIDE_STYLE ('',( #6227 ) ) ;
#5010 = VERTEX_POINT ( 'NONE', #4686 ) ;
#5011 = EDGE_LOOP ( 'NONE', ( #2228, #1187, #2173, #6514 ) ) ;
#5012 = CARTESIAN_POINT ( 'NONE',  ( -5.397157287525389300, 1.049314575050760400, -0.8828427124746114400 ) ) ;
#5013 = ORIENTED_EDGE ( 'NONE', *, *, #1191, .F. ) ;
#5014 = VECTOR ( 'NONE', #696, 1000.000000000000000 ) ;
#5015 = ADVANCED_FACE ( 'NONE', ( #3296 ), #3578, .T. ) ;
#5016 = CARTESIAN_POINT ( 'NONE',  ( 0.4143145750507523100, -1.257350442411906000, -0.9583642496800579600 ) ) ;
#5017 = DIRECTION ( 'NONE',  ( 0.2027126583464099700, 0.9792382642371220100, -0.0000000000000000000 ) ) ;
#5018 = EDGE_LOOP ( 'NONE', ( #4711, #3789, #807, #6411 ) ) ;
#5019 = VECTOR ( 'NONE', #3181, 1000.000000000000100 ) ;
#5020 = CARTESIAN_POINT ( 'NONE',  ( -4.750000000000000000, -2.670000000000013700, 8.129999999999993700 ) ) ;
#5021 = CARTESIAN_POINT ( 'NONE',  ( 4.319999999999992300, -1.015000000000004100, 0.0000000000000000000 ) ) ;
#5022 = CARTESIAN_POINT ( 'NONE',  ( 8.330000000000005400, -3.149999999999999000, 9.390000000000007700 ) ) ;
#5023 = CARTESIAN_POINT ( 'NONE',  ( 0.3800000000000040600, 0.6350000000000001200, 0.0000000000000000000 ) ) ;
#5024 = VECTOR ( 'NONE', #3707, 1000.000000000000000 ) ;
#5025 = CARTESIAN_POINT ( 'NONE',  ( -4.750000000000000000, 3.429999999999920700, 0.0000000000000000000 ) ) ;
#5026 = CARTESIAN_POINT ( 'NONE',  ( 2.100000000000006300, 2.801970520000000400E-015, 14.67999999999998000 ) ) ;
#5027 = CARTESIAN_POINT ( 'NONE',  ( -4.319999999999992300, 1.015000000000004100, 0.0000000000000000000 ) ) ;
#5028 = CIRCLE ( 'NONE', #6476, 0.4000000000000003000 ) ;
#5029 = CARTESIAN_POINT ( 'NONE',  ( -6.176472381958996400, -2.215000000000000300, 5.421010862427522200E-017 ) ) ;
#5030 = CARTESIAN_POINT ( 'NONE',  ( -3.402842712474618100, 2.215000000000004300, 1.778883931213717000E-017 ) ) ;
#5031 = ORIENTED_EDGE ( 'NONE', *, *, #2330, .T. ) ;
#5032 = DIRECTION ( 'NONE',  ( 0.0000000000000000000, -1.000000000000000000, 0.0000000000000000000 ) ) ;
#5033 =( GEOMETRIC_REPRESENTATION_CONTEXT ( 3 ) GLOBAL_UNCERTAINTY_ASSIGNED_CONTEXT ( ( #5292 ) ) GLOBAL_UNIT_ASSIGNED_CONTEXT ( ( #4206, #3670, #2643 ) ) REPRESENTATION_CONTEXT ( 'NONE', 'WORKASPACE' ) );
#5034 = EDGE_CURVE ( 'NONE', #292, #724, #2116, .T. ) ;
#5035 = DIRECTION ( 'NONE',  ( 0.0000000000000000000, 0.0000000000000000000, -1.000000000000000000 ) ) ;
#5036 = DIRECTION ( 'NONE',  ( 0.0000000000000000000, 1.000000000000000000, -0.0000000000000000000 ) ) ;
#5037 = VERTEX_POINT ( 'NONE', #272 ) ;
#5038 = VECTOR ( 'NONE', #975, 1000.000000000000000 ) ;
#5039 = DIRECTION ( 'NONE',  ( -0.0000000000000000000, -0.0000000000000000000, -1.000000000000000000 ) ) ;
#5040 = CARTESIAN_POINT ( 'NONE',  ( -1.110218760000000100E-015, 2.801970520000000400E-015, 14.67999999999998200 ) ) ;
#5041 = ADVANCED_FACE ( 'NONE', ( #4949 ), #2999, .F. ) ;
#5042 = EDGE_CURVE ( 'NONE', #6451, #1728, #6294, .T. ) ;
#5043 = VERTEX_POINT ( 'NONE', #6797 ) ;
#5044 = CARTESIAN_POINT ( 'NONE',  ( -2.864554677647105100, -2.024174563873459400, 0.0000000000000000000 ) ) ;
#5045 = LINE ( 'NONE', #6509, #3580 ) ;
#5046 = EDGE_CURVE ( 'NONE', #2647, #5208, #5116, .T. ) ;
#5047 = LINE ( 'NONE', #3772, #1198 ) ;
#5048 = CARTESIAN_POINT ( 'NONE',  ( -1.595159954723807100, -8.374784156092718300E-014, 21.87530157247390500 ) ) ;
#5049 = VECTOR ( 'NONE', #4655, 1000.000000000000000 ) ;
#5050 = ORIENTED_EDGE ( 'NONE', *, *, #4916, .F. ) ;
#5051 = VECTOR ( 'NONE', #4957, 1000.000000000000100 ) ;
#5052 = ORIENTED_EDGE ( 'NONE', *, *, #5816, .T. ) ;
#5053 = CARTESIAN_POINT ( 'NONE',  ( 2.174999999999987400, 2.166919661656047800, 0.6999999999999940700 ) ) ;
#5054 = CARTESIAN_POINT ( 'NONE',  ( -2.357898303399244900, -0.5100000000658052600, 16.47757706731401600 ) ) ;
#5055 = EDGE_CURVE ( 'NONE', #1580, #4496, #3040, .T. ) ;
#5056 = EDGE_CURVE ( 'NONE', #2032, #3139, #6461, .T. ) ;
#5057 = VECTOR ( 'NONE', #5571, 1000.000000000000000 ) ;
#5058 = ORIENTED_EDGE ( 'NONE', *, *, #5776, .T. ) ;
#5059 = LINE ( 'NONE', #1777, #945 ) ;
#5060 = CARTESIAN_POINT ( 'NONE',  ( 6.280000000000001100, -1.932157287525378300, -1.329084750000061700E-017 ) ) ;
#5061 = ORIENTED_EDGE ( 'NONE', *, *, #2760, .T. ) ;
#5062 = VECTOR ( 'NONE', #4201, 1000.000000000000000 ) ;
#5063 = CARTESIAN_POINT ( 'NONE',  ( -2.864554677647115400, 2.024174563873457600, 0.0000000000000000000 ) ) ;
#5064 = ORIENTED_EDGE ( 'NONE', *, *, #3064, .T. ) ;
#5065 = DIRECTION ( 'NONE',  ( -0.7071067811865470200, 0.0000000000000000000, -0.7071067811865480200 ) ) ;
#5066 = DIRECTION ( 'NONE',  ( 0.0000000000000000000, -0.0000000000000000000, -1.000000000000000000 ) ) ;
#5067 = LINE ( 'NONE', #6953, #6585 ) ;
#5068 = VECTOR ( 'NONE', #5017, 1000.000000000000100 ) ;
#5069 = CARTESIAN_POINT ( 'NONE',  ( -5.114314575050773500, 1.107499999999989700, -0.5999999999999875400 ) ) ;
#5070 = ORIENTED_EDGE ( 'NONE', *, *, #1737, .T. ) ;
#5071 = ORIENTED_EDGE ( 'NONE', *, *, #795, .T. ) ;
#5072 = DIRECTION ( 'NONE',  ( 1.000000000000000000, -8.783411735322450300E-017, -8.783411735322438000E-017 ) ) ;
#5073 = PLANE ( 'NONE',  #6994 ) ;
#5074 =( BOUNDED_CURVE ( )  B_SPLINE_CURVE ( 3, ( #6824, #3551, #4614, #2914 ),
 .UNSPECIFIED., .F., .F. ) 
 B_SPLINE_CURVE_WITH_KNOTS ( ( 4, 4 ),
 ( 0.0000000000000000000, 1.570796326794893900 ),
 .UNSPECIFIED. ) 
 CURVE ( )  GEOMETRIC_REPRESENTATION_ITEM ( )  RATIONAL_B_SPLINE_CURVE ( ( 1.000000000000000000, 0.8047378541243654900, 0.8047378541243654900, 1.000000000000000000 ) ) 
 REPRESENTATION_ITEM ( '' )  );
#5075 = DIRECTION ( 'NONE',  ( 0.0000000000000000000, -1.000000000000000000, 0.0000000000000000000 ) ) ;
#5076 = FACE_OUTER_BOUND ( 'NONE', #5362, .T. ) ;
#5077 = ORIENTED_EDGE ( 'NONE', *, *, #6624, .T. ) ;
#5078 = ORIENTED_EDGE ( 'NONE', *, *, #4959, .F. ) ;
#5079 = CARTESIAN_POINT ( 'NONE',  ( -5.114314575050773500, 1.257350442411905700, -0.9583642496800579600 ) ) ;
#5080 = ORIENTED_EDGE ( 'NONE', *, *, #6355, .T. ) ;
#5081 = ORIENTED_EDGE ( 'NONE', *, *, #887, .T. ) ;
#5082 = VERTEX_POINT ( 'NONE', #6171 ) ;
#5083 = AXIS2_PLACEMENT_3D ( 'NONE', #6625, #3418, #717 ) ;
#5084 = ORIENTED_EDGE ( 'NONE', *, *, #2650, .F. ) ;
#5085 = ADVANCED_FACE ( 'NONE', ( #2713 ), #4509, .T. ) ;
#5086 = DIRECTION ( 'NONE',  ( 0.0000000000000000000, 0.0000000000000000000, 1.000000000000000000 ) ) ;
#5087 = ORIENTED_EDGE ( 'NONE', *, *, #5170, .F. ) ;
#5088 = VECTOR ( 'NONE', #2016, 1000.000000000000000 ) ;
#5089 = PLANE ( 'NONE',  #6730 ) ;
#5090 = VERTEX_POINT ( 'NONE', #5608 ) ;
#5091 = ORIENTED_EDGE ( 'NONE', *, *, #2395, .F. ) ;
#5092 = CARTESIAN_POINT ( 'NONE',  ( -1.300000000000017400, 2.919999999999945800, 0.5099999999999922400 ) ) ;
#5093 = DIRECTION ( 'NONE',  ( 0.0000000000000000000, 0.0000000000000000000, 1.000000000000000000 ) ) ;
#5094 = DIRECTION ( 'NONE',  ( 1.000000000000000000, 0.0000000000000000000, -0.0000000000000000000 ) ) ;
#5095 = CARTESIAN_POINT ( 'NONE',  ( 0.7899999999999897100, 1.049314575050752200, -0.5999999999999875400 ) ) ;
#5096 = VECTOR ( 'NONE', #6674, 1000.000000000000000 ) ;
#5097 = CARTESIAN_POINT ( 'NONE',  ( -0.6143056924725407400, 1.333487006990677500, -0.7981150723133605400 ) ) ;
#5098 = EDGE_CURVE ( 'NONE', #3535, #5717, #3823, .T. ) ;
#5099 = ORIENTED_EDGE ( 'NONE', *, *, #1491, .T. ) ;
#5100 = CARTESIAN_POINT ( 'NONE',  ( -3.067898303246596300, 0.5099999999999920200, 15.77999999984524500 ) ) ;
#5101 = DIRECTION ( 'NONE',  ( 0.0000000000000000000, -1.000000000000000000, 0.0000000000000000000 ) ) ;
#5102 = ORIENTED_EDGE ( 'NONE', *, *, #5623, .T. ) ;
#5103 = DIRECTION ( 'NONE',  ( 0.0000000000000000000, -1.000000000000000000, 0.0000000000000000000 ) ) ;
#5104 = EDGE_CURVE ( 'NONE', #524, #4271, #4319, .T. ) ;
#5105 = EDGE_CURVE ( 'NONE', #3877, #1064, #3476, .T. ) ;
#5106 = ORIENTED_EDGE ( 'NONE', *, *, #2946, .T. ) ;
#5107 = CARTESIAN_POINT ( 'NONE',  ( 1.580000000000004300, 1.932157287525378300, -1.084202172485504400E-016 ) ) ;
#5108 = FACE_OUTER_BOUND ( 'NONE', #1913, .T. ) ;
#5109 = DIRECTION ( 'NONE',  ( 1.000000000000000000, 0.0000000000000000000, 0.0000000000000000000 ) ) ;
#5110 = VECTOR ( 'NONE', #4621, 1000.000000000000000 ) ;
#5111 = CARTESIAN_POINT ( 'NONE',  ( 3.155575383981998900, -3.430000000000047200, 0.1656854249492380700 ) ) ;
#5112 = CARTESIAN_POINT ( 'NONE',  ( 5.397157287525386600, -1.049314575050752200, -0.8828427124746132100 ) ) ;
#5113 = DIRECTION ( 'NONE',  ( -0.3774734178109698800, 0.0000000000000000000, -0.9260204203180969500 ) ) ;
#5114 = ADVANCED_FACE ( 'NONE', ( #1865 ), #4039, .T. ) ;
#5115 = ORIENTED_EDGE ( 'NONE', *, *, #5711, .T. ) ;
#5116 = LINE ( 'NONE', #819, #5210 ) ;
#5117 = CARTESIAN_POINT ( 'NONE',  ( 3.119999999999991700, 1.932157287525378300, -6.645425250000307900E-018 ) ) ;
#5118 = ORIENTED_EDGE ( 'NONE', *, *, #17, .T. ) ;
#5119 = CARTESIAN_POINT ( 'NONE',  ( 3.119999999999989900, -2.111472381958995100, 5.421010862427522200E-017 ) ) ;
#5120 = DIRECTION ( 'NONE',  ( 1.000000000000000000, -0.0000000000000000000, 0.0000000000000000000 ) ) ;
#5121 = AXIS2_PLACEMENT_3D ( 'NONE', #4740, #953, #1492 ) ;
#5122 = ORIENTED_EDGE ( 'NONE', *, *, #6128, .F. ) ;
#5123 = CARTESIAN_POINT ( 'NONE',  ( -5.222498943410839100, 1.157498943410821400, -0.9999999999999874500 ) ) ;
#5124 = ORIENTED_EDGE ( 'NONE', *, *, #6033, .F. ) ;
#5125 = FACE_OUTER_BOUND ( 'NONE', #2336, .T. ) ;
#5126 = CARTESIAN_POINT ( 'NONE',  ( 4.285685424949244600, -1.333487006990677700, -0.8815067120431446800 ) ) ;
#5127 = CARTESIAN_POINT ( 'NONE',  ( 3.072771161250949400, 3.029999999999996300, 2.710505431213761100E-017 ) ) ;
#5128 = ORIENTED_EDGE ( 'NONE', *, *, #5042, .F. ) ;
#5129 = EDGE_LOOP ( 'NONE', ( #1724, #5555, #158, #6684 ) ) ;
#5130 = LINE ( 'NONE', #1879, #6649 ) ;
#5131 = CARTESIAN_POINT ( 'NONE',  ( 2.100000000000006300, -4.200000000000010800, 23.08000000000001300 ) ) ;
#5132 = EDGE_CURVE ( 'NONE', #1626, #4305, #1605, .T. ) ;
#5133 = VECTOR ( 'NONE', #2551, 1000.000000000000100 ) ;
#5134 = CARTESIAN_POINT ( 'NONE',  ( -0.4114976859131421700, -2.927479540000000100E-015, 16.49000000000000600 ) ) ;
#5135 = CARTESIAN_POINT ( 'NONE',  ( -6.000000000000002700, -3.429999999999996600, 8.890000000000000600 ) ) ;
#5136 = ORIENTED_EDGE ( 'NONE', *, *, #3557, .T. ) ;
#5137 = LINE ( 'NONE', #5025, #1628 ) ;
#5138 = CARTESIAN_POINT ( 'NONE',  ( 1.387779038000000200E-015, -2.215000000000004700, 0.0000000000000000000 ) ) ;
#5139 = CARTESIAN_POINT ( 'NONE',  ( -0.4143145750507523700, 1.157498943410820900, -0.9999999999999877900 ) ) ;
#5140 = ORIENTED_EDGE ( 'NONE', *, *, #3811, .F. ) ;
#5141 = DIRECTION ( 'NONE',  ( 0.0000000000000000000, -0.0000000000000000000, 1.000000000000000000 ) ) ;
#5142 = DIRECTION ( 'NONE',  ( -0.0000000000000000000, -1.000000000000000000, -0.0000000000000000000 ) ) ;
#5143 = LINE ( 'NONE', #3971, #12 ) ;
#5144 = ORIENTED_EDGE ( 'NONE', *, *, #3017, .T. ) ;
#5145 = AXIS2_PLACEMENT_3D ( 'NONE', #5048, #3901, #6153 ) ;
#5146 = DIRECTION ( 'NONE',  ( 0.0000000000000000000, 1.000000000000000000, 0.0000000000000000000 ) ) ;
#5147 = CARTESIAN_POINT ( 'NONE',  ( -0.2815091153804919500, 2.818925648462300900E-015, 22.12888690104753700 ) ) ;
#5148 = FACE_OUTER_BOUND ( 'NONE', #5149, .T. ) ;
#5149 = EDGE_LOOP ( 'NONE', ( #1389, #625, #2748, #5333, #5077 ) ) ;
#5150 = EDGE_CURVE ( 'NONE', #1999, #2814, #6727, .T. ) ;
#5151 = LINE ( 'NONE', #397, #4878 ) ;
#5152 = DIRECTION ( 'NONE',  ( 0.9260204203180986100, -1.309623999999999700E-016, -0.3774734178109658800 ) ) ;
#5153 = CARTESIAN_POINT ( 'NONE',  ( -4.750000000000000000, 2.669999999999988400, 8.380000000000009700 ) ) ;
#5154 = FACE_OUTER_BOUND ( 'NONE', #5592, .T. ) ;
#5155 = ORIENTED_EDGE ( 'NONE', *, *, #877, .F. ) ;
#5156 = LINE ( 'NONE', #1184, #4797 ) ;
#5157 = EDGE_LOOP ( 'NONE', ( #3404, #3486, #4494, #5232 ) ) ;
#5158 = ADVANCED_FACE ( 'NONE', ( #5785 ), #6752, .F. ) ;
#5159 = VERTEX_POINT ( 'NONE', #6776 ) ;
#5160 = EDGE_CURVE ( 'NONE', #4049, #1953, #414, .T. ) ;
#5161 = VECTOR ( 'NONE', #6232, 1000.000000000000000 ) ;
#5162 = CARTESIAN_POINT ( 'NONE',  ( 8.330000000000005400, 2.540000000000000500, 9.390000000000007700 ) ) ;
#5163 = CARTESIAN_POINT ( 'NONE',  ( 4.285685424949244600, 1.049314575050752200, -0.5999999999999875400 ) ) ;
#5164 = VERTEX_POINT ( 'NONE', #3454 ) ;
#5165 = ORIENTED_EDGE ( 'NONE', *, *, #6583, .T. ) ;
#5166 = ORIENTED_EDGE ( 'NONE', *, *, #6505, .F. ) ;
#5167 = DIRECTION ( 'NONE',  ( 0.0000000000000000000, 0.0000000000000000000, 1.000000000000000000 ) ) ;
#5168 = CARTESIAN_POINT ( 'NONE',  ( 0.0000000000000000000, -2.670000000000013700, 8.890000000000000600 ) ) ;
#5169 = VERTEX_POINT ( 'NONE', #2882 ) ;
#5170 = EDGE_CURVE ( 'NONE', #5237, #3700, #4856, .T. ) ;
#5171 = CARTESIAN_POINT ( 'NONE',  ( 1.194424616017987400, 3.429999999999958400, 0.4000000000000002400 ) ) ;
#5172 = DIRECTION ( 'NONE',  ( -1.000000000000000000, -0.0000000000000000000, -0.0000000000000000000 ) ) ;
#5173 = DIRECTION ( 'NONE',  ( 0.0000000000000000000, 0.0000000000000000000, -1.000000000000000000 ) ) ;
#5174 = ORIENTED_EDGE ( 'NONE', *, *, #4567, .F. ) ;
#5175 = VERTEX_POINT ( 'NONE', #6114 ) ;
#5176 = CARTESIAN_POINT ( 'NONE',  ( -3.067898303246596300, 0.5099999999999920200, 15.77999999984524500 ) ) ;
#5177 = EDGE_LOOP ( 'NONE', ( #4362, #894, #3684, #3966 ) ) ;
#5178 = VECTOR ( 'NONE', #5451, 1000.000000000000000 ) ;
#5179 = PRESENTATION_LAYER_ASSIGNMENT (  '', '', ( #5519 ) ) ;
#5180 = CARTESIAN_POINT ( 'NONE',  ( 3.121276751904974200, 3.264314575050758300, 9.725299777369842700E-017 ) ) ;
#5181 = ORIENTED_EDGE ( 'NONE', *, *, #5486, .F. ) ;
#5182 = EDGE_CURVE ( 'NONE', #3609, #215, #3645, .T. ) ;
#5183 = ORIENTED_EDGE ( 'NONE', *, *, #3568, .F. ) ;
#5184 = PLANE ( 'NONE',  #2326 ) ;
#5185 = VECTOR ( 'NONE', #4490, 1000.000000000000000 ) ;
#5186 = VERTEX_POINT ( 'NONE', #4858 ) ;
#5187 = CARTESIAN_POINT ( 'NONE',  ( -1.209100793869344300, -3.380000000000043900, 4.997201937963181400 ) ) ;
#5188 = ADVANCED_FACE ( 'NONE', ( #6554 ), #472, .F. ) ;
#5189 = EDGE_CURVE ( 'NONE', #3328, #4510, #1431, .T. ) ;
#5190 = CARTESIAN_POINT ( 'NONE',  ( 5.353104858350253200, 1.288104858350256800, -0.3612097167005086700 ) ) ;
#5191 = ORIENTED_EDGE ( 'NONE', *, *, #3577, .T. ) ;
#5192 = CARTESIAN_POINT ( 'NONE',  ( 1.624345192960470200, -5.689892100000000300E-015, 8.890000000000000600 ) ) ;
#5193 = ORIENTED_EDGE ( 'NONE', *, *, #2377, .T. ) ;
#5194 = EDGE_CURVE ( 'NONE', #3841, #3139, #2624, .T. ) ;
#5195 = ADVANCED_FACE ( 'NONE', ( #1945 ), #836, .T. ) ;
#5196 = FACE_OUTER_BOUND ( 'NONE', #2681, .T. ) ;
#5197 = CARTESIAN_POINT ( 'NONE',  ( 4.750000000000000000, -1.547373080000000000E-014, 8.380000000000009700 ) ) ;
#5198 = CARTESIAN_POINT ( 'NONE',  ( -4.031092324069463800, 1.257350442411906200, -0.8522048541031108600 ) ) ;
#5199 = PLANE ( 'NONE',  #7041 ) ;
#5200 = VECTOR ( 'NONE', #2679, 1000.000000000000100 ) ;
#5201 = DIRECTION ( 'NONE',  ( 0.0000000000000000000, 0.0000000000000000000, 1.000000000000000000 ) ) ;
#5202 = EDGE_CURVE ( 'NONE', #3521, #6303, #1353, .T. ) ;
#5203 = EDGE_CURVE ( 'NONE', #2595, #4321, #6108, .T. ) ;
#5204 = DIRECTION ( 'NONE',  ( -1.000000000000000000, -0.0000000000000000000, -0.0000000000000000000 ) ) ;
#5205 = LINE ( 'NONE', #1476, #6287 ) ;
#5206 = DIRECTION ( 'NONE',  ( 0.0000000000000000000, 0.0000000000000000000, -1.000000000000000000 ) ) ;
#5207 = DIRECTION ( 'NONE',  ( -0.0000000000000000000, 0.0000000000000000000, -1.000000000000000000 ) ) ;
#5208 = VERTEX_POINT ( 'NONE', #1069 ) ;
#5209 = CARTESIAN_POINT ( 'NONE',  ( 1.387779038000000200E-015, 3.029999999999996300, 0.0000000000000000000 ) ) ;
#5210 = VECTOR ( 'NONE', #5655, 999.9999999999998900 ) ;
#5211 = DIRECTION ( 'NONE',  ( -0.3774734178109773700, 0.0000000000000000000, -0.9260204203180938400 ) ) ;
#5212 = VERTEX_POINT ( 'NONE', #5941 ) ;
#5213 = DIRECTION ( 'NONE',  ( -0.0000000000000000000, -1.000000000000000000, -0.0000000000000000000 ) ) ;
#5214 = CARTESIAN_POINT ( 'NONE',  ( -4.750000000000000000, -2.670000000000014100, 8.380000000000009700 ) ) ;
#5215 = ORIENTED_EDGE ( 'NONE', *, *, #23, .T. ) ;
#5216 = LINE ( 'NONE', #699, #4267 ) ;
#5217 = CARTESIAN_POINT ( 'NONE',  ( -5.368907675930545400, -1.257350442411902200, -0.8522048541031234100 ) ) ;
#5218 = CYLINDRICAL_SURFACE ( 'NONE', #5611, 0.4000000000000004100 ) ;
#5219 = TOROIDAL_SURFACE ( 'NONE', #2523, 0.03791758010834828100, 1.300000000000061600 ) ;
#5220 = CARTESIAN_POINT ( 'NONE',  ( -1.228723248094943500, -3.264314575050808500, -7.073955971970178000E-017 ) ) ;
#5221 = ORIENTED_EDGE ( 'NONE', *, *, #5976, .T. ) ;
#5222 = AXIS2_PLACEMENT_3D ( 'NONE', #1808, #2877, #6700 ) ;
#5223 = VECTOR ( 'NONE', #4161, 1000.000000000000000 ) ;
#5224 = EDGE_CURVE ( 'NONE', #3425, #6686, #2457, .T. ) ;
#5225 = DIRECTION ( 'NONE',  ( -0.5773502691896254000, -0.5773502691896259500, 0.5773502691896260600 ) ) ;
#5226 = DIRECTION ( 'NONE',  ( 1.000000000000000000, 0.0000000000000000000, -0.0000000000000000000 ) ) ;
#5227 = LINE ( 'NONE', #1371, #3765 ) ;
#5228 = ORIENTED_EDGE ( 'NONE', *, *, #5945, .T. ) ;
#5229 = FACE_OUTER_BOUND ( 'NONE', #759, .T. ) ;
#5230 = VERTEX_POINT ( 'NONE', #6423 ) ;
#5231 = LINE ( 'NONE', #3429, #5731 ) ;
#5232 = ORIENTED_EDGE ( 'NONE', *, *, #5446, .F. ) ;
#5233 = EDGE_CURVE ( 'NONE', #2056, #2006, #3997, .T. ) ;
#5234 = PLANE ( 'NONE',  #1229 ) ;
#5235 = CARTESIAN_POINT ( 'NONE',  ( 1.485445322352700700, -2.024174563873335900, 0.6999999999999940700 ) ) ;
#5236 = LINE ( 'NONE', #403, #4548 ) ;
#5237 = VERTEX_POINT ( 'NONE', #3778 ) ;
#5238 = DIRECTION ( 'NONE',  ( 0.0000000000000000000, 0.0000000000000000000, 1.000000000000000000 ) ) ;
#5239 = LINE ( 'NONE', #4245, #3777 ) ;
#5240 = CARTESIAN_POINT ( 'NONE',  ( -4.750000000000000000, -1.556046926000000300E-014, 8.380000000000009700 ) ) ;
#5241 = CARTESIAN_POINT ( 'NONE',  ( -1.580000000000006300, -2.111472381958995100, 5.421010862427522200E-017 ) ) ;
#5242 = ORIENTED_EDGE ( 'NONE', *, *, #6040, .F. ) ;
#5243 = ORIENTED_EDGE ( 'NONE', *, *, #4415, .F. ) ;
#5244 = ORIENTED_EDGE ( 'NONE', *, *, #4302, .T. ) ;
#5245 = ORIENTED_EDGE ( 'NONE', *, *, #3926, .F. ) ;
#5246 = VERTEX_POINT ( 'NONE', #512 ) ;
#5247 = DIRECTION ( 'NONE',  ( 0.0000000000000000000, 0.0000000000000000000, -1.000000000000000000 ) ) ;
#5248 = ADVANCED_FACE ( 'NONE', ( #5779 ), #2156, .T. ) ;
#5249 = CARTESIAN_POINT ( 'NONE',  ( -0.6689076759305329100, -1.257350442411906000, -0.8522048541031106400 ) ) ;
#5250 = DIRECTION ( 'NONE',  ( 0.0000000000000000000, -1.000000000000000000, -0.0000000000000000000 ) ) ;
#5251 = ORIENTED_EDGE ( 'NONE', *, *, #396, .T. ) ;
#5252 = VERTEX_POINT ( 'NONE', #3167 ) ;
#5253 = EDGE_LOOP ( 'NONE', ( #3406, #2768, #563, #5382 ) ) ;
#5254 = AXIS2_PLACEMENT_3D ( 'NONE', #4299, #502, #1583 ) ;
#5255 = ORIENTED_EDGE ( 'NONE', *, *, #4824, .T. ) ;
#5256 = CARTESIAN_POINT ( 'NONE',  ( -4.001512993009318300, 1.049314575050752200, -0.8815067120431439000 ) ) ;
#5257 = DIRECTION ( 'NONE',  ( 0.0000000000000000000, 0.0000000000000000000, 1.000000000000000000 ) ) ;
#5258 = DIRECTION ( 'NONE',  ( -0.0000000000000000000, -0.0000000000000000000, -1.000000000000000000 ) ) ;
#5259 = ORIENTED_EDGE ( 'NONE', *, *, #4357, .T. ) ;
#5260 = CYLINDRICAL_SURFACE ( 'NONE', #876, 0.4000000000000001900 ) ;
#5261 = ORIENTED_EDGE ( 'NONE', *, *, #6871, .T. ) ;
#5262 = CARTESIAN_POINT ( 'NONE',  ( 0.3800000000000040600, -0.6350000000000001200, -1.549999999999997600 ) ) ;
#5263 = DIRECTION ( 'NONE',  ( 0.0000000000000000000, 0.7071067811865470200, 0.7071067811865480200 ) ) ;
#5264 = ORIENTED_EDGE ( 'NONE', *, *, #1158, .T. ) ;
#5265 = AXIS2_PLACEMENT_3D ( 'NONE', #1133, #1197, #6032 ) ;
#5266 = CARTESIAN_POINT ( 'NONE',  ( 5.114314575050773500, -1.333487006990677700, -0.8815067120431440100 ) ) ;
#5267 = AXIS2_PLACEMENT_3D ( 'NONE', #6732, #825, #3575 ) ;
#5268 = CARTESIAN_POINT ( 'NONE',  ( -5.322350442411915200, -1.157498943410819200, -0.9583642496800640600 ) ) ;
#5269 = LINE ( 'NONE', #1097, #3634 ) ;
#5270 = DIRECTION ( 'NONE',  ( 0.0000000000000000000, 0.0000000000000000000, 1.000000000000000000 ) ) ;
#5271 = EDGE_CURVE ( 'NONE', #3646, #1448, #1600, .T. ) ;
#5272 = DIRECTION ( 'NONE',  ( 1.000000000000000000, 0.0000000000000000000, 0.0000000000000000000 ) ) ;
#5273 = EDGE_CURVE ( 'NONE', #4517, #5953, #3202, .T. ) ;
#5274 = VECTOR ( 'NONE', #2315, 1000.000000000000000 ) ;
#5275 =( GEOMETRIC_REPRESENTATION_CONTEXT ( 3 ) GLOBAL_UNCERTAINTY_ASSIGNED_CONTEXT ( ( #1780 ) ) GLOBAL_UNIT_ASSIGNED_CONTEXT ( ( #3237, #7024, #6494 ) ) REPRESENTATION_CONTEXT ( 'NONE', 'WORKASPACE' ) );
#5276 = EDGE_CURVE ( 'NONE', #6213, #704, #3123, .T. ) ;
#5277 = FACE_OUTER_BOUND ( 'NONE', #684, .T. ) ;
#5278 = CARTESIAN_POINT ( 'NONE',  ( -2.174999999999808900, -2.166919661656149500, 0.6999999999999940700 ) ) ;
#5279 = ADVANCED_FACE ( 'NONE', ( #2709 ), #5444, .T. ) ;
#5280 = CARTESIAN_POINT ( 'NONE',  ( 6.280000000000002000, 2.111472381958990700, 5.421010862427522200E-017 ) ) ;
#5281 = EDGE_CURVE ( 'NONE', #6074, #4970, #4335, .T. ) ;
#5282 = ORIENTED_EDGE ( 'NONE', *, *, #746, .F. ) ;
#5283 = LINE ( 'NONE', #1457, #4511 ) ;
#5284 = EDGE_CURVE ( 'NONE', #4114, #6500, #669, .T. ) ;
#5285 = CARTESIAN_POINT ( 'NONE',  ( 0.4143145750507607500, 1.049314575050760900, -0.6000000000000046400 ) ) ;
#5286 = DIRECTION ( 'NONE',  ( 0.0000000000000000000, 1.000000000000000000, 0.0000000000000000000 ) ) ;
#5287 = DIRECTION ( 'NONE',  ( 0.0000000000000000000, -0.0000000000000000000, 1.000000000000000000 ) ) ;
#5288 = ORIENTED_EDGE ( 'NONE', *, *, #6859, .T. ) ;
#5289 = CYLINDRICAL_SURFACE ( 'NONE', #1201, 0.4000000000000001900 ) ;
#5290 = PLANE ( 'NONE',  #1239 ) ;
#5291 =( LENGTH_UNIT ( ) NAMED_UNIT ( * ) SI_UNIT ( .MILLI., .METRE. ) );
#5292 = UNCERTAINTY_MEASURE_WITH_UNIT (LENGTH_MEASURE( 1.000000000000000100E-005 ), #4206, 'distance_accuracy_value', 'NONE');
#5293 = AXIS2_PLACEMENT_3D ( 'NONE', #5134, #5167, #1860 ) ;
#5294 = CARTESIAN_POINT ( 'NONE',  ( -2.357898303399244900, 0.4475663002407709300, 16.49000000018702000 ) ) ;
#5295 = CARTESIAN_POINT ( 'NONE',  ( -2.357898303399244900, -0.4475662995239981200, 16.49000000032069100 ) ) ;
#5296 = ORIENTED_EDGE ( 'NONE', *, *, #1065, .T. ) ;
#5297 = CARTESIAN_POINT ( 'NONE',  ( -0.3767973192526478100, 0.6350000000000001200, -9.156797319252630600 ) ) ;
#5298 = FACE_OUTER_BOUND ( 'NONE', #1815, .T. ) ;
#5299 = DIRECTION ( 'NONE',  ( -0.5773502691896252900, 0.5773502691896259500, -0.5773502691896261800 ) ) ;
#5300 = ORIENTED_EDGE ( 'NONE', *, *, #2602, .T. ) ;
#5301 = LINE ( 'NONE', #6029, #6833 ) ;
#5302 = FILL_AREA_STYLE ('',( #6409 ) ) ;
#5303 = EDGE_CURVE ( 'NONE', #1480, #731, #6807, .T. ) ;
#5304 = FACE_OUTER_BOUND ( 'NONE', #737, .T. ) ;
#5305 = LINE ( 'NONE', #3914, #1803 ) ;
#5306 = CARTESIAN_POINT ( 'NONE',  ( -3.119999999999992100, 1.932157287525378300, -1.084202172485504400E-016 ) ) ;
#5307 = ORIENTED_EDGE ( 'NONE', *, *, #4777, .T. ) ;
#5308 = DIRECTION ( 'NONE',  ( -1.000000000000000000, -0.0000000000000000000, 0.0000000000000000000 ) ) ;
#5309 = LINE ( 'NONE', #5453, #5811 ) ;
#5310 = ADVANCED_FACE ( 'NONE', ( #3734 ), #4920, .T. ) ;
#5311 = VECTOR ( 'NONE', #475, 1000.000000000000000 ) ;
#5312 = DIRECTION ( 'NONE',  ( -1.000000000000000000, -0.0000000000000000000, 0.0000000000000000000 ) ) ;
#5313 = LINE ( 'NONE', #4760, #5389 ) ;
#5314 = ORIENTED_EDGE ( 'NONE', *, *, #1008, .T. ) ;
#5315 = EDGE_CURVE ( 'NONE', #5003, #3302, #5523, .T. ) ;
#5316 = ADVANCED_FACE ( 'NONE', ( #1773 ), #5943, .T. ) ;
#5317 = EDGE_LOOP ( 'NONE', ( #2256, #3781, #6142, #4479 ) ) ;
#5318 = VERTEX_POINT ( 'NONE', #4481 ) ;
#5319 = VERTEX_POINT ( 'NONE', #75 ) ;
#5320 = CARTESIAN_POINT ( 'NONE',  ( 1.297157287525378300, -2.215000000000004300, -8.131516293641283300E-017 ) ) ;
#5321 = CARTESIAN_POINT ( 'NONE',  ( 0.6689076759305329100, 1.257350442411906200, -0.8522048541031106400 ) ) ;
#5322 = LINE ( 'NONE', #6979, #2417 ) ;
#5323 = VECTOR ( 'NONE', #4462, 1000.000000000000000 ) ;
#5324 = ORIENTED_EDGE ( 'NONE', *, *, #2787, .T. ) ;
#5325 = DIRECTION ( 'NONE',  ( 1.000000000000000000, -0.0000000000000000000, 0.0000000000000000000 ) ) ;
#5326 = ORIENTED_EDGE ( 'NONE', *, *, #2661, .T. ) ;
#5327 = EDGE_CURVE ( 'NONE', #644, #3775, #1178, .T. ) ;
#5328 = CARTESIAN_POINT ( 'NONE',  ( 9.530000000000004700, 0.6350000000000001200, -3.940000000000013700 ) ) ;
#5329 = DIRECTION ( 'NONE',  ( 0.2164396139385820200, 1.573757659812971900E-012, -0.9762960071198272200 ) ) ;
#5330 = EDGE_CURVE ( 'NONE', #6693, #1146, #5205, .T. ) ;
#5331 = ORIENTED_EDGE ( 'NONE', *, *, #757, .F. ) ;
#5332 = DIRECTION ( 'NONE',  ( -1.000000000000000000, 0.0000000000000000000, -0.0000000000000000000 ) ) ;
#5333 = ORIENTED_EDGE ( 'NONE', *, *, #3105, .T. ) ;
#5334 = DIRECTION ( 'NONE',  ( -0.5773502691896256200, -0.5773502691896256200, 0.5773502691896260600 ) ) ;
#5335 = CARTESIAN_POINT ( 'NONE',  ( -3.820000000000010900, -0.6350000000000001200, -10.80000000000000800 ) ) ;
#5336 = VERTEX_POINT ( 'NONE', #1404 ) ;
#5337 = ORIENTED_EDGE ( 'NONE', *, *, #4676, .T. ) ;
#5338 = DIRECTION ( 'NONE',  ( 1.000000000000000000, 0.0000000000000000000, 0.0000000000000000000 ) ) ;
#5339 = LINE ( 'NONE', #3812, #5178 ) ;
#5340 = CARTESIAN_POINT ( 'NONE',  ( 5.322350442411914400, 1.049314575050752200, -0.9583642496800647300 ) ) ;
#5341 = CARTESIAN_POINT ( 'NONE',  ( -3.050000000000018000, -2.919999999999902700, 0.0000000000000000000 ) ) ;
#5342 = ORIENTED_EDGE ( 'NONE', *, *, #3317, .T. ) ;
#5343 = CARTESIAN_POINT ( 'NONE',  ( -0.6984870069906781200, -1.157498943410821600, -0.8815067120431439000 ) ) ;
#5344 = ORIENTED_EDGE ( 'NONE', *, *, #2438, .T. ) ;
#5345 = LINE ( 'NONE', #3956, #3367 ) ;
#5346 = EDGE_LOOP ( 'NONE', ( #6645, #6405, #4051, #943 ) ) ;
#5347 = AXIS2_PLACEMENT_3D ( 'NONE', #1090, #3784, #3854 ) ;
#5348 = CARTESIAN_POINT ( 'NONE',  ( -4.750000000000000000, 2.669999999999988400, 8.380000000000009700 ) ) ;
#5349 = ADVANCED_FACE ( 'NONE', ( #1690 ), #3663, .F. ) ;
#5350 = CARTESIAN_POINT ( 'NONE',  ( -3.155575383981974500, -3.429999999999996600, 0.0000000000000000000 ) ) ;
#5351 = CARTESIAN_POINT ( 'NONE',  ( 3.030121042830554100, 0.6350000000000001200, -7.749999999999988500 ) ) ;
#5352 = ORIENTED_EDGE ( 'NONE', *, *, #2203, .T. ) ;
#5353 = LINE ( 'NONE', #4960, #2952 ) ;
#5354 = CARTESIAN_POINT ( 'NONE',  ( 9.530000000000004700, 0.6350000000000001200, -10.80000000000000600 ) ) ;
#5355 = AXIS2_PLACEMENT_3D ( 'NONE', #2030, #5847, #3133 ) ;
#5356 = EDGE_CURVE ( 'NONE', #36, #3759, #4677, .T. ) ;
#5357 = VECTOR ( 'NONE', #2704, 1000.000000000000000 ) ;
#5358 = DIRECTION ( 'NONE',  ( -0.2027126583464774800, 0.9792382642371080200, 0.0000000000000000000 ) ) ;
#5359 = VECTOR ( 'NONE', #2403, 1000.000000000000000 ) ;
#5360 = CARTESIAN_POINT ( 'NONE',  ( 0.6143056924725423000, 1.333487006990677900, -0.7981150723133587600 ) ) ;
#5361 = VERTEX_POINT ( 'NONE', #4668 ) ;
#5362 = EDGE_LOOP ( 'NONE', ( #2404, #4522, #5106, #6808 ) ) ;
#5363 = CARTESIAN_POINT ( 'NONE',  ( 6.447796052631583800, 0.6350000000000001200, -3.180000000000005500 ) ) ;
#5364 = VECTOR ( 'NONE', #806, 1000.000000000000000 ) ;
#5365 =( BOUNDED_CURVE ( )  B_SPLINE_CURVE ( 3, ( #1510, #5797, #5241, #4713 ),
 .UNSPECIFIED., .F., .T. ) 
 B_SPLINE_CURVE_WITH_KNOTS ( ( 4, 4 ),
 ( 2.617993877991481500, 3.665191429188105100 ),
 .UNSPECIFIED. ) 
 CURVE ( )  GEOMETRIC_REPRESENTATION_ITEM ( )  RATIONAL_B_SPLINE_CURVE ( ( 1.000000000000000000, 0.9106836025229547700, 0.9106836025229547700, 1.000000000000000000 ) ) 
 REPRESENTATION_ITEM ( '' )  );
#5366 = DIRECTION ( 'NONE',  ( -0.0000000000000000000, 0.0000000000000000000, 1.000000000000000000 ) ) ;
#5367 = CARTESIAN_POINT ( 'NONE',  ( -4.139276692429533000, 1.333487006990677900, -0.8522048541031108600 ) ) ;
#5368 = CARTESIAN_POINT ( 'NONE',  ( 8.330000000000005400, 1.930000000000001700, 8.890000000000000600 ) ) ;
#5369 = ORIENTED_EDGE ( 'NONE', *, *, #2702, .T. ) ;
#5370 = FACE_OUTER_BOUND ( 'NONE', #6936, .T. ) ;
#5371 = CARTESIAN_POINT ( 'NONE',  ( 5.260723307570479800, -1.333487006990677900, -0.8522048541031122000 ) ) ;
#5372 = PLANE ( 'NONE',  #2041 ) ;
#5373 = CARTESIAN_POINT ( 'NONE',  ( -2.864554677647089600, 2.024174563873354600, 0.6999999999999940700 ) ) ;
#5374 = LINE ( 'NONE', #4793, #2637 ) ;
#5375 = ADVANCED_FACE ( 'NONE', ( #3034 ), #5184, .T. ) ;
#5376 = DIRECTION ( 'NONE',  ( 0.0000000000000000000, -1.000000000000000000, 0.0000000000000000000 ) ) ;
#5377 = ORIENTED_EDGE ( 'NONE', *, *, #1988, .F. ) ;
#5378 = AXIS2_PLACEMENT_3D ( 'NONE', #4589, #5075, #2908 ) ;
#5379 = DIRECTION ( 'NONE',  ( -1.000000000000000000, -0.0000000000000000000, -0.0000000000000000000 ) ) ;
#5380 = FACE_OUTER_BOUND ( 'NONE', #3936, .T. ) ;
#5381 = FACE_OUTER_BOUND ( 'NONE', #675, .T. ) ;
#5382 = ORIENTED_EDGE ( 'NONE', *, *, #5233, .T. ) ;
#5383 = DIRECTION ( 'NONE',  ( 0.9792382642371235700, -0.2027126583464029500, 0.0000000000000000000 ) ) ;
#5384 = DIRECTION ( 'NONE',  ( 0.0000000000000000000, -1.000000000000000000, -0.0000000000000000000 ) ) ;
#5385 = DIRECTION ( 'NONE',  ( 0.0000000000000000000, -1.000000000000000000, 0.0000000000000000000 ) ) ;
#5386 = LINE ( 'NONE', #3950, #443 ) ;
#5387 = ORIENTED_EDGE ( 'NONE', *, *, #4138, .F. ) ;
#5388 = CARTESIAN_POINT ( 'NONE',  ( 4.319999999999992300, 1.015000000000004100, -1.549999999999997800 ) ) ;
#5389 = VECTOR ( 'NONE', #1465, 1000.000000000000000 ) ;
#5390 = MECHANICAL_DESIGN_GEOMETRIC_PRESENTATION_REPRESENTATION (  '', ( #5519 ), #3178 ) ;
#5391 = EDGE_LOOP ( 'NONE', ( #5686, #3411, #4213 ) ) ;
#5392 = FACE_OUTER_BOUND ( 'NONE', #947, .T. ) ;
#5393 = CARTESIAN_POINT ( 'NONE',  ( 1.624345192960470200, -0.5099999999999920200, 9.390000000000007700 ) ) ;
#5394 = EDGE_CURVE ( 'NONE', #4609, #5164, #249, .T. ) ;
#5395 = ADVANCED_FACE ( 'NONE', ( #5277 ), #5735, .T. ) ;
#5396 = CYLINDRICAL_SURFACE ( 'NONE', #1862, 0.5000000000000065500 ) ;
#5397 = DIRECTION ( 'NONE',  ( -0.2027126583464254900, 0.9792382642371189000, 0.0000000000000000000 ) ) ;
#5398 = ORIENTED_EDGE ( 'NONE', *, *, #2112, .T. ) ;
#5399 = EDGE_CURVE ( 'NONE', #3099, #6842, #5028, .T. ) ;
#5400 = EDGE_LOOP ( 'NONE', ( #1822, #5418, #6082 ) ) ;
#5401 = CARTESIAN_POINT ( 'NONE',  ( 1.144916938000000200E-015, -1.450229002000000200E-014, 8.380000000000009700 ) ) ;
#5402 = AXIS2_PLACEMENT_3D ( 'NONE', #4535, #4011, #1769 ) ;
#5403 = ORIENTED_EDGE ( 'NONE', *, *, #1619, .T. ) ;
#5404 = PRODUCT_CONTEXT ( 'NONE', #1068, 'mechanical' ) ;
#5405 = EDGE_CURVE ( 'NONE', #6390, #2910, #5863, .T. ) ;
#5406 = DIRECTION ( 'NONE',  ( -0.1887526632552608800, 1.560285719404912300E-015, 0.9820246596262468500 ) ) ;
#5407 = ORIENTED_EDGE ( 'NONE', *, *, #3050, .F. ) ;
#5408 = ORIENTED_EDGE ( 'NONE', *, *, #3577, .F. ) ;
#5409 = ORIENTED_EDGE ( 'NONE', *, *, #3105, .F. ) ;
#5410 = EDGE_LOOP ( 'NONE', ( #818, #5243 ) ) ;
#5411 = DIRECTION ( 'NONE',  ( 0.2027126583464359000, 0.9792382642371165700, 0.0000000000000000000 ) ) ;
#5412 = EDGE_CURVE ( 'NONE', #2442, #3092, #4423, .T. ) ;
#5413 = ADVANCED_FACE ( 'NONE', ( #4247 ), #831, .T. ) ;
#5414 = PLANE ( 'NONE',  #325 ) ;
#5415 = PLANE ( 'NONE',  #593 ) ;
#5416 = EDGE_CURVE ( 'NONE', #211, #1289, #4672, .T. ) ;
#5417 = VERTEX_POINT ( 'NONE', #2963 ) ;
#5418 = ORIENTED_EDGE ( 'NONE', *, *, #1985, .F. ) ;
#5419 = ORIENTED_EDGE ( 'NONE', *, *, #2385, .F. ) ;
#5420 = ORIENTED_EDGE ( 'NONE', *, *, #6256, .T. ) ;
#5421 = DIRECTION ( 'NONE',  ( 0.0000000000000000000, 0.0000000000000000000, 1.000000000000000000 ) ) ;
#5422 = CARTESIAN_POINT ( 'NONE',  ( -4.750000000000000900, -2.670000000000013700, 8.890000000000002300 ) ) ;
#5423 = EDGE_LOOP ( 'NONE', ( #2333, #4148, #493, #3335 ) ) ;
#5424 = AXIS2_PLACEMENT_3D ( 'NONE', #936, #2036, #5833 ) ;
#5425 = CARTESIAN_POINT ( 'NONE',  ( 1.194424616017974100, 3.430000000000021900, 0.5099999999999920200 ) ) ;
#5426 = ORIENTED_EDGE ( 'NONE', *, *, #1883, .F. ) ;
#5427 = DIRECTION ( 'NONE',  ( 0.0000000000000000000, -0.0000000000000000000, 1.000000000000000000 ) ) ;
#5428 = CIRCLE ( 'NONE', #3941, 0.4000000000000001900 ) ;
#5429 = ADVANCED_FACE ( 'NONE', ( #2190 ), #1875, .F. ) ;
#5430 = CARTESIAN_POINT ( 'NONE',  ( -0.8647715250169149000, 1.499771525016915000, -0.1495430500338504300 ) ) ;
#5431 = AXIS2_PLACEMENT_3D ( 'NONE', #4151, #6302, #5764 ) ;
#5432 = LINE ( 'NONE', #3550, #3725 ) ;
#5433 = EDGE_CURVE ( 'NONE', #2770, #6689, #326, .T. ) ;
#5434 = PLANE ( 'NONE',  #6660 ) ;
#5435 = CARTESIAN_POINT ( 'NONE',  ( -6.249999999999994700, 3.429999999999996600, 8.890000000000000600 ) ) ;
#5436 = DIRECTION ( 'NONE',  ( -0.0000000000000000000, 0.0000000000000000000, -1.000000000000000000 ) ) ;
#5437 = CARTESIAN_POINT ( 'NONE',  ( -2.357898303399244900, -0.5099999999999920200, 9.390000000000007700 ) ) ;
#5438 = VECTOR ( 'NONE', #539, 1000.000000000000000 ) ;
#5439 = EDGE_CURVE ( 'NONE', #1487, #3775, #230, .T. ) ;
#5440 = ORIENTED_EDGE ( 'NONE', *, *, #5623, .F. ) ;
#5441 = ADVANCED_FACE ( 'NONE', ( #405 ), #2589, .T. ) ;
#5442 = LINE ( 'NONE', #365, #6035 ) ;
#5443 = CARTESIAN_POINT ( 'NONE',  ( -4.002842712474611100, 1.049314575050752200, -0.8828427124746212100 ) ) ;
#5444 = PLANE ( 'NONE',  #3527 ) ;
#5445 = CARTESIAN_POINT ( 'NONE',  ( 4.750000000000000000, -2.670000000000013700, 8.380000000000009700 ) ) ;
#5446 = EDGE_CURVE ( 'NONE', #1482, #1852, #3729, .T. ) ;
#5447 = EDGE_LOOP ( 'NONE', ( #11, #261, #2087, #3363 ) ) ;
#5448 = LINE ( 'NONE', #4199, #3481 ) ;
#5449 = EDGE_CURVE ( 'NONE', #5733, #5995, #3549, .T. ) ;
#5450 = AXIS2_PLACEMENT_3D ( 'NONE', #2950, #4648, #3541 ) ;
#5451 = DIRECTION ( 'NONE',  ( -0.0000000000000000000, 1.000000000000000000, 0.0000000000000000000 ) ) ;
#5452 = CARTESIAN_POINT ( 'NONE',  ( 1.886685657014992800, -3.430000000000028600, 6.513528991902220800 ) ) ;
#5453 = CARTESIAN_POINT ( 'NONE',  ( -1.485445322352664900, 2.024174563873300900, 0.0000000000000000000 ) ) ;
#5454 = VERTEX_POINT ( 'NONE', #4215 ) ;
#5455 = CARTESIAN_POINT ( 'NONE',  ( 2.174999999999987400, 2.166919661656047800, 0.5099999999999920200 ) ) ;
#5456 = VECTOR ( 'NONE', #6722, 1000.000000000000000 ) ;
#5457 = ADVANCED_FACE ( 'NONE', ( #1941 ), #3636, .F. ) ;
#5458 = LINE ( 'NONE', #4109, #1704 ) ;
#5459 = DIRECTION ( 'NONE',  ( -0.7071067811864938400, 1.073360150760648800E-013, -0.7071067811866012000 ) ) ;
#5460 = EDGE_LOOP ( 'NONE', ( #1230, #3088, #2973 ) ) ;
#5461 = CARTESIAN_POINT ( 'NONE',  ( -6.350000000000000500, -2.670000000000014100, 8.890000000000000600 ) ) ;
#5462 = LINE ( 'NONE', #4185, #517 ) ;
#5463 = DIRECTION ( 'NONE',  ( 1.000000000000000000, 0.0000000000000000000, 0.0000000000000000000 ) ) ;
#5464 = FACE_OUTER_BOUND ( 'NONE', #80, .T. ) ;
#5465 = CARTESIAN_POINT ( 'NONE',  ( 1.624345192960470200, 2.669999999999988400, 8.890000000000000600 ) ) ;
#5466 = FACE_OUTER_BOUND ( 'NONE', #1653, .T. ) ;
#5467 = EDGE_LOOP ( 'NONE', ( #4571, #6264, #2555, #2463 ) ) ;
#5468 = DIRECTION ( 'NONE',  ( 1.000000000000000000, 0.0000000000000000000, 0.0000000000000000000 ) ) ;
#5469 = VECTOR ( 'NONE', #2540, 1000.000000000000000 ) ;
#5470 = AXIS2_PLACEMENT_3D ( 'NONE', #2974, #2369, #2955 ) ;
#5471 = CARTESIAN_POINT ( 'NONE',  ( 0.6006961188343084000, -1.257350442411906200, -0.9210623386218868000 ) ) ;
#5472 = DIRECTION ( 'NONE',  ( 0.0000000000000000000, -1.000000000000000000, 0.0000000000000000000 ) ) ;
#5473 = ORIENTED_EDGE ( 'NONE', *, *, #6128, .T. ) ;
#5474 = LINE ( 'NONE', #1637, #5311 ) ;
#5475 = LINE ( 'NONE', #5732, #4203 ) ;
#5476 = ORIENTED_EDGE ( 'NONE', *, *, #5356, .T. ) ;
#5477 = CARTESIAN_POINT ( 'NONE',  ( -5.080000000000000100, 0.8250000000000021800, -10.30000000000000100 ) ) ;
#5478 = ORIENTED_EDGE ( 'NONE', *, *, #6106, .F. ) ;
#5479 = ORIENTED_EDGE ( 'NONE', *, *, #1857, .T. ) ;
#5480 = DIRECTION ( 'NONE',  ( 0.2027126583464380600, 0.9792382642371162400, 0.0000000000000000000 ) ) ;
#5481 = CARTESIAN_POINT ( 'NONE',  ( -5.080000000000001000, 1.329143900000000000E-015, -0.9999999999999879000 ) ) ;
#5482 = VECTOR ( 'NONE', #2335, 1000.000000000000100 ) ;
#5483 = LINE ( 'NONE', #2183, #6595 ) ;
#5484 = CARTESIAN_POINT ( 'NONE',  ( -0.8931877833301140600, -3.380000000000043900, 5.772201937963168400 ) ) ;
#5485 = VERTEX_POINT ( 'NONE', #3101 ) ;
#5486 = EDGE_CURVE ( 'NONE', #2536, #4008, #4242, .T. ) ;
#5487 = EDGE_LOOP ( 'NONE', ( #4893, #3708, #4748, #3438, #2397 ) ) ;
#5488 = ORIENTED_EDGE ( 'NONE', *, *, #3855, .T. ) ;
#5489 = DIRECTION ( 'NONE',  ( -1.000000000000000000, 0.0000000000000000000, -0.0000000000000000000 ) ) ;
#5490 = DIRECTION ( 'NONE',  ( 0.0000000000000000000, 1.000000000000000000, 0.0000000000000000000 ) ) ;
#5491 = DIRECTION ( 'NONE',  ( 0.0000000000000000000, 0.0000000000000000000, 1.000000000000000000 ) ) ;
#5492 = ORIENTED_EDGE ( 'NONE', *, *, #5224, .T. ) ;
#5493 = CONICAL_SURFACE ( 'NONE', #2368, 3.109999999666957400, 0.7853981625005468400 ) ;
#5494 = CARTESIAN_POINT ( 'NONE',  ( 1.121515438327781900, -3.380000000000043900, 4.547201937963127000 ) ) ;
#5495 = AXIS2_PLACEMENT_3D ( 'NONE', #3366, #660, #3436 ) ;
#5496 = VECTOR ( 'NONE', #3559, 1000.000000000000000 ) ;
#5497 = AXIS2_PLACEMENT_3D ( 'NONE', #5040, #3891, #3424 ) ;
#5498 = EDGE_CURVE ( 'NONE', #6665, #6734, #1685, .T. ) ;
#5499 = ORIENTED_EDGE ( 'NONE', *, *, #4350, .T. ) ;
#5500 = ADVANCED_FACE ( 'NONE', ( #3195 ), #3121, .T. ) ;
#5501 = CARTESIAN_POINT ( 'NONE',  ( -6.000000000000003600, -3.180000000000005500, 8.890000000000000600 ) ) ;
#5502 = CARTESIAN_POINT ( 'NONE',  ( -1.209100793869343900, -3.430000000000015700, 4.997201937963156500 ) ) ;
#5503 = LINE ( 'NONE', #6743, #4229 ) ;
#5504 = VERTEX_POINT ( 'NONE', #444 ) ;
#5505 = CARTESIAN_POINT ( 'NONE',  ( 5.080000000000001000, 1.015000000000004100, -0.9999999999999879000 ) ) ;
#5506 = PLANE ( 'NONE',  #4758 ) ;
#5507 = EDGE_CURVE ( 'NONE', #4105, #319, #5939, .T. ) ;
#5508 = VERTEX_POINT ( 'NONE', #1468 ) ;
#5509 = CARTESIAN_POINT ( 'NONE',  ( 9.530000000000004700, 0.6350000000000001200, -6.990000000000006400 ) ) ;
#5510 = CARTESIAN_POINT ( 'NONE',  ( 1.194424616017987400, 3.429999999999958400, 0.4000000000000002400 ) ) ;
#5511 = PLANE ( 'NONE',  #4308 ) ;
#5512 = CARTESIAN_POINT ( 'NONE',  ( -2.100000000000009000, 2.544794692179055100E-015, 14.67999999999998200 ) ) ;
#5513 = CARTESIAN_POINT ( 'NONE',  ( -1.485445322352595400, -2.024174563873398600, 0.6999999999999940700 ) ) ;
#5514 = ORIENTED_EDGE ( 'NONE', *, *, #5160, .T. ) ;
#5515 = PRESENTATION_STYLE_ASSIGNMENT (( #4736 ) ) ;
#5516 = DIRECTION ( 'NONE',  ( -1.000000000000000000, -0.0000000000000000000, -0.0000000000000000000 ) ) ;
#5517 = LINE ( 'NONE', #4304, #6802 ) ;
#5518 = DIRECTION ( 'NONE',  ( -1.000000000000000000, -0.0000000000000000000, 0.0000000000000000000 ) ) ;
#5519 = STYLED_ITEM ( 'NONE', ( #195 ), #1489 ) ;
#5520 = AXIS2_PLACEMENT_3D ( 'NONE', #400, #2608, #2034 ) ;
#5521 = DIRECTION ( 'NONE',  ( 0.3774734178109670500, 0.0000000000000000000, 0.9260204203180980600 ) ) ;
#5522 = EDGE_CURVE ( 'NONE', #3328, #4909, #1770, .T. ) ;
#5523 = CIRCLE ( 'NONE', #3900, 0.7600000000000081100 ) ;
#5524 = CARTESIAN_POINT ( 'NONE',  ( -6.280000000000001100, 1.932157287525378300, -1.329084750000061700E-017 ) ) ;
#5525 = DIRECTION ( 'NONE',  ( -0.3774734178110111800, 0.0000000000000000000, -0.9260204203180800700 ) ) ;
#5526 = DIRECTION ( 'NONE',  ( 1.000000000000000000, 0.0000000000000000000, -0.0000000000000000000 ) ) ;
#5527 = ADVANCED_FACE ( 'NONE', ( #4762 ), #5290, .T. ) ;
#5528 = EDGE_CURVE ( 'NONE', #4742, #5090, #4502, .T. ) ;
#5529 = ORIENTED_EDGE ( 'NONE', *, *, #4054, .F. ) ;
#5530 = VECTOR ( 'NONE', #6934, 1000.000000000000000 ) ;
#5531 = DIRECTION ( 'NONE',  ( -1.000000000000000000, -0.0000000000000000000, 0.0000000000000000000 ) ) ;
#5532 = AXIS2_PLACEMENT_3D ( 'NONE', #4014, #2906, #1330 ) ;
#5533 = CARTESIAN_POINT ( 'NONE',  ( -4.285685424949244600, -1.049314575050752200, -0.5999999999999875400 ) ) ;
#5534 = PLANE ( 'NONE',  #3042 ) ;
#5535 = EDGE_CURVE ( 'NONE', #3798, #4683, #2274, .T. ) ;
#5536 = VERTEX_POINT ( 'NONE', #5780 ) ;
#5537 = DIRECTION ( 'NONE',  ( 1.000000000000000000, 0.0000000000000000000, 0.0000000000000000000 ) ) ;
#5538 = EDGE_LOOP ( 'NONE', ( #5994, #841, #4842, #6116, #1227, #801, #946, #5352 ) ) ;
#5539 = VECTOR ( 'NONE', #1022, 1000.000000000000000 ) ;
#5540 = CARTESIAN_POINT ( 'NONE',  ( -3.910000000000007200, 1.049314575050752200, -0.5999999999999875400 ) ) ;
#5541 = DIRECTION ( 'NONE',  ( -1.000000000000000000, -0.0000000000000000000, -0.0000000000000000000 ) ) ;
#5542 = DIRECTION ( 'NONE',  ( 0.0000000000000000000, 1.000000000000000000, 0.0000000000000000000 ) ) ;
#5543 = LINE ( 'NONE', #5363, #3921 ) ;
#5544 = EDGE_CURVE ( 'NONE', #5336, #6213, #1512, .T. ) ;
#5545 = EDGE_CURVE ( 'NONE', #3759, #197, #2788, .T. ) ;
#5546 = ORIENTED_EDGE ( 'NONE', *, *, #4302, .F. ) ;
#5547 = CIRCLE ( 'NONE', #1005, 0.4000000000000001900 ) ;
#5548 = EDGE_LOOP ( 'NONE', ( #5488, #3453, #1305, #1233 ) ) ;
#5549 = CARTESIAN_POINT ( 'NONE',  ( 0.0000000000000000000, -3.030000000000046900, 0.4000000000000002400 ) ) ;
#5550 = CARTESIAN_POINT ( 'NONE',  ( 4.285685424949244600, 1.049314575050752200, -0.9999999999999874500 ) ) ;
#5551 = VECTOR ( 'NONE', #4400, 1000.000000000000000 ) ;
#5552 = DIRECTION ( 'NONE',  ( 0.0000000000000000000, -0.0000000000000000000, 1.000000000000000000 ) ) ;
#5553 = DIRECTION ( 'NONE',  ( -0.5773502691896258400, 0.5773502691896258400, -0.5773502691896258400 ) ) ;
#5554 = VECTOR ( 'NONE', #6309, 1000.000000000000000 ) ;
#5555 = ORIENTED_EDGE ( 'NONE', *, *, #381, .F. ) ;
#5556 = CARTESIAN_POINT ( 'NONE',  ( 5.080000000000001000, -1.015000000000004100, -1.549999999999997800 ) ) ;
#5557 = ORIENTED_EDGE ( 'NONE', *, *, #1148, .F. ) ;
#5558 = CARTESIAN_POINT ( 'NONE',  ( -4.750000000000000000, -1.450229002000000200E-014, 8.380000000000009700 ) ) ;
#5559 = LINE ( 'NONE', #3827, #3231 ) ;
#5560 = PLANE ( 'NONE',  #7065 ) ;
#5561 = CARTESIAN_POINT ( 'NONE',  ( 0.0000000000000000000, -2.920000000000029700, 0.5099999999999920200 ) ) ;
#5562 = FACE_OUTER_BOUND ( 'NONE', #363, .T. ) ;
#5563 = ORIENTED_EDGE ( 'NONE', *, *, #757, .T. ) ;
#5564 = VECTOR ( 'NONE', #2484, 1000.000000000000000 ) ;
#5565 = CARTESIAN_POINT ( 'NONE',  ( -2.357898303399244900, 0.4684258972228365600, 16.48610997826554900 ) ) ;
#5566 = CARTESIAN_POINT ( 'NONE',  ( -1.828395398285405300, -3.430000000000021900, 4.580874884024059800 ) ) ;
#5567 = VECTOR ( 'NONE', #6528, 1000.000000000000000 ) ;
#5568 = AXIS2_PLACEMENT_3D ( 'NONE', #521, #2689, #1645 ) ;
#5569 = VERTEX_POINT ( 'NONE', #6885 ) ;
#5570 = ADVANCED_FACE ( 'NONE', ( #1349 ), #242, .T. ) ;
#5571 = DIRECTION ( 'NONE',  ( -0.0000000000000000000, 1.000000000000000000, 0.0000000000000000000 ) ) ;
#5572 = DIRECTION ( 'NONE',  ( -1.212738566938659400E-016, -1.000000000000000000, 4.943482473272933100E-017 ) ) ;
#5573 = ORIENTED_EDGE ( 'NONE', *, *, #6784, .F. ) ;
#5574 = ORIENTED_EDGE ( 'NONE', *, *, #152, .T. ) ;
#5575 = VECTOR ( 'NONE', #2139, 1000.000000000000000 ) ;
#5576 = CARTESIAN_POINT ( 'NONE',  ( 0.4143145750507522500, 1.049314575050752200, -0.5999999999999875400 ) ) ;
#5577 = LINE ( 'NONE', #2299, #3957 ) ;
#5578 = ORIENTED_EDGE ( 'NONE', *, *, #4824, .F. ) ;
#5579 = DIRECTION ( 'NONE',  ( -0.3774734178109721000, 0.0000000000000000000, -0.9260204203180960600 ) ) ;
#5580 = ORIENTED_EDGE ( 'NONE', *, *, #2247, .T. ) ;
#5581 = ORIENTED_EDGE ( 'NONE', *, *, #2487, .F. ) ;
#5582 = AXIS2_PLACEMENT_3D ( 'NONE', #5886, #1460, #2051 ) ;
#5583 = CARTESIAN_POINT ( 'NONE',  ( -3.049999999999992300, 2.920000000000004400, 0.5099999999999920200 ) ) ;
#5584 = ORIENTED_EDGE ( 'NONE', *, *, #6739, .T. ) ;
#5585 = EDGE_CURVE ( 'NONE', #518, #2059, #2371, .T. ) ;
#5586 = CARTESIAN_POINT ( 'NONE',  ( 0.7750870453849423300, -5.915212839379219700E-015, 16.63172745840239800 ) ) ;
#5587 = ORIENTED_EDGE ( 'NONE', *, *, #2487, .T. ) ;
#5588 =( BOUNDED_CURVE ( )  B_SPLINE_CURVE ( 3, ( #2872, #5029, #3337, #4547 ),
 .UNSPECIFIED., .F., .F. ) 
 B_SPLINE_CURVE_WITH_KNOTS ( ( 4, 4 ),
 ( 2.617993877991507300, 3.665191429188105100 ),
 .UNSPECIFIED. ) 
 CURVE ( )  GEOMETRIC_REPRESENTATION_ITEM ( )  RATIONAL_B_SPLINE_CURVE ( ( 1.000000000000000000, 0.9106836025229589900, 0.9106836025229589900, 1.000000000000000000 ) ) 
 REPRESENTATION_ITEM ( '' )  );
#5589 = CARTESIAN_POINT ( 'NONE',  ( -4.002842712474614700, 1.049314575050752400, -0.8828427124746169900 ) ) ;
#5590 = ORIENTED_EDGE ( 'NONE', *, *, #913, .F. ) ;
#5591 = ORIENTED_EDGE ( 'NONE', *, *, #5945, .F. ) ;
#5592 = EDGE_LOOP ( 'NONE', ( #5845, #3272, #1441, #3973 ) ) ;
#5593 = CARTESIAN_POINT ( 'NONE',  ( 1.121515438327781900, -3.430000000000021900, 4.547201937963127000 ) ) ;
#5594 = EDGE_CURVE ( 'NONE', #3968, #1841, #6365, .T. ) ;
#5595 = PRODUCT_RELATED_PRODUCT_CATEGORY ( 'part', '', ( #2828 ) ) ;
#5596 = ORIENTED_EDGE ( 'NONE', *, *, #803, .F. ) ;
#5597 = FACE_OUTER_BOUND ( 'NONE', #3233, .T. ) ;
#5598 = SURFACE_SIDE_STYLE ('',( #800 ) ) ;
#5599 = CARTESIAN_POINT ( 'NONE',  ( 2.100000000000006300, 2.801970520000000400E-015, 14.67999999999998200 ) ) ;
#5600 = DIRECTION ( 'NONE',  ( 3.406235003228058900E-013, -1.000000000000000000, -1.536453319449647500E-012 ) ) ;
#5601 = CARTESIAN_POINT ( 'NONE',  ( -4.750000000000000000, -2.670000000000013700, 8.129999999999993700 ) ) ;
#5602 = CARTESIAN_POINT ( 'NONE',  ( 5.080000000000001000, -1.015000000000004100, -2.679999999999999300 ) ) ;
#5603 = CARTESIAN_POINT ( 'NONE',  ( -3.820000000000010900, -0.6350000000000001200, -10.30000000000000100 ) ) ;
#5604 = DIRECTION ( 'NONE',  ( -1.000000000000000000, -0.0000000000000000000, -0.0000000000000000000 ) ) ;
#5605 = CARTESIAN_POINT ( 'NONE',  ( -2.864554677647284100, -2.024174563873357300, 0.5099999999999920200 ) ) ;
#5606 = ADVANCED_FACE ( 'NONE', ( #4078 ), #1035, .T. ) ;
#5607 = VECTOR ( 'NONE', #1232, 1000.000000000000000 ) ;
#5608 = CARTESIAN_POINT ( 'NONE',  ( 9.530000000000004700, -0.6350000000000001200, -11.55999999999999500 ) ) ;
#5609 = CARTESIAN_POINT ( 'NONE',  ( -6.249999999999994700, -3.429999999999996600, 8.890000000000000600 ) ) ;
#5610 = DIRECTION ( 'NONE',  ( 0.0000000000000000000, -0.0000000000000000000, -1.000000000000000000 ) ) ;
#5611 = AXIS2_PLACEMENT_3D ( 'NONE', #3875, #3896, #599 ) ;
#5612 = SURFACE_STYLE_FILL_AREA ( #867 ) ;
#5613 = CARTESIAN_POINT ( 'NONE',  ( -5.114314575050773500, 1.049314575050752200, -0.9999999999999874500 ) ) ;
#5614 = DIRECTION ( 'NONE',  ( 0.0000000000000000000, 1.000000000000000000, 0.0000000000000000000 ) ) ;
#5615 = CARTESIAN_POINT ( 'NONE',  ( 0.0000000000000000000, 1.930000000000001900, 8.890000000000000600 ) ) ;
#5616 = VERTEX_POINT ( 'NONE', #5799 ) ;
#5617 = VECTOR ( 'NONE', #4573, 1000.000000000000000 ) ;
#5618 = VERTEX_POINT ( 'NONE', #6352 ) ;
#5619 = AXIS2_PLACEMENT_3D ( 'NONE', #4985, #6634, #655 ) ;
#5620 = DIRECTION ( 'NONE',  ( -0.0000000000000000000, 1.000000000000000000, 0.0000000000000000000 ) ) ;
#5621 = AXIS2_PLACEMENT_3D ( 'NONE', #1422, #6877, #4160 ) ;
#5622 = CARTESIAN_POINT ( 'NONE',  ( -1.580000000000004700, 2.215000000000004700, 0.0000000000000000000 ) ) ;
#5623 = EDGE_CURVE ( 'NONE', #3008, #1586, #2104, .T. ) ;
#5624 = DIRECTION ( 'NONE',  ( 1.000000000000000000, -0.0000000000000000000, 0.0000000000000000000 ) ) ;
#5625 = EDGE_LOOP ( 'NONE', ( #3284, #5264, #6293, #4751 ) ) ;
#5626 = PLANE ( 'NONE',  #3306 ) ;
#5627 = CARTESIAN_POINT ( 'NONE',  ( 6.249999999999994700, 3.429999999999996600, 8.890000000000000600 ) ) ;
#5628 = EDGE_CURVE ( 'NONE', #1742, #1039, #3290, .T. ) ;
#5629 = DIRECTION ( 'NONE',  ( -0.0000000000000000000, -0.0000000000000000000, -1.000000000000000000 ) ) ;
#5630 = ORIENTED_EDGE ( 'NONE', *, *, #2240, .F. ) ;
#5631 = DIRECTION ( 'NONE',  ( 0.0000000000000000000, 0.0000000000000000000, -1.000000000000000000 ) ) ;
#5632 = VECTOR ( 'NONE', #6777, 1000.000000000000000 ) ;
#5633 = AXIS2_PLACEMENT_3D ( 'NONE', #1836, #3371, #741 ) ;
#5634 = EDGE_CURVE ( 'NONE', #3046, #6955, #487, .T. ) ;
#5635 = VECTOR ( 'NONE', #6799, 1000.000000000000100 ) ;
#5636 = CARTESIAN_POINT ( 'NONE',  ( -6.350000000000000500, -1.450229002000000200E-014, 8.380000000000009700 ) ) ;
#5637 = VERTEX_POINT ( 'NONE', #3750 ) ;
#5638 = VECTOR ( 'NONE', #1582, 1000.000000000000000 ) ;
#5639 = VERTEX_POINT ( 'NONE', #562 ) ;
#5640 = ADVANCED_FACE ( 'NONE', ( #6028 ), #4939, .F. ) ;
#5641 = DIRECTION ( 'NONE',  ( -1.000000000000000000, -0.0000000000000000000, 0.0000000000000000000 ) ) ;
#5642 = EDGE_CURVE ( 'NONE', #6301, #6333, #1176, .T. ) ;
#5643 = EDGE_CURVE ( 'NONE', #3703, #3008, #6968, .T. ) ;
#5644 = FACE_OUTER_BOUND ( 'NONE', #93, .T. ) ;
#5645 = VECTOR ( 'NONE', #6076, 1000.000000000000000 ) ;
#5646 = VERTEX_POINT ( 'NONE', #7062 ) ;
#5647 = LINE ( 'NONE', #367, #1976 ) ;
#5648 = CARTESIAN_POINT ( 'NONE',  ( 4.750000000000000000, 2.919999999999953300, 0.5099999999999920200 ) ) ;
#5649 = CARTESIAN_POINT ( 'NONE',  ( 5.114314575050773500, -1.107499999999989700, -0.9999999999999879000 ) ) ;
#5650 = CIRCLE ( 'NONE', #5872, 0.4000000000000003000 ) ;
#5651 = FACE_OUTER_BOUND ( 'NONE', #5011, .T. ) ;
#5652 = CARTESIAN_POINT ( 'NONE',  ( -1.259189957218833600, -3.430000000000021900, 4.963528991902274300 ) ) ;
#5653 = ORIENTED_EDGE ( 'NONE', *, *, #4430, .F. ) ;
#5654 = AXIS2_PLACEMENT_3D ( 'NONE', #4693, #3686, #915 ) ;
#5655 = DIRECTION ( 'NONE',  ( 0.3774734178109658800, -0.0000000000000000000, 0.9260204203180986100 ) ) ;
#5656 = VERTEX_POINT ( 'NONE', #1606 ) ;
#5657 = EDGE_LOOP ( 'NONE', ( #849, #1732, #2916, #4176 ) ) ;
#5658 = ORIENTED_EDGE ( 'NONE', *, *, #4552, .F. ) ;
#5659 = DIRECTION ( 'NONE',  ( -1.000000000000000000, -0.0000000000000000000, -0.0000000000000000000 ) ) ;
#5660 = CARTESIAN_POINT ( 'NONE',  ( 5.080000000000001000, 0.6350000000000001200, 0.0000000000000000000 ) ) ;
#5661 = LINE ( 'NONE', #4531, #5482 ) ;
#5662 = VECTOR ( 'NONE', #4336, 1000.000000000000000 ) ;
#5663 = ORIENTED_EDGE ( 'NONE', *, *, #4907, .F. ) ;
#5664 = VERTEX_POINT ( 'NONE', #1588 ) ;
#5665 = VERTEX_POINT ( 'NONE', #2652 ) ;
#5666 = PLANE ( 'NONE',  #5985 ) ;
#5667 = EDGE_LOOP ( 'NONE', ( #5245, #1910, #1920, #4457, #4637, #1290, #3041, #255 ) ) ;
#5668 = AXIS2_PLACEMENT_3D ( 'NONE', #5601, #3927, #5035 ) ;
#5669 = EDGE_LOOP ( 'NONE', ( #3591, #6311, #721, #295 ) ) ;
#5670 = PLANE ( 'NONE',  #2912 ) ;
#5671 = DIRECTION ( 'NONE',  ( 0.9792382642371162400, 0.2027126583464380600, 0.0000000000000000000 ) ) ;
#5672 = EDGE_CURVE ( 'NONE', #1013, #3609, #3380, .T. ) ;
#5673 = ORIENTED_EDGE ( 'NONE', *, *, #5760, .T. ) ;
#5674 = CARTESIAN_POINT ( 'NONE',  ( 9.530000000000004700, -0.6350000000000001200, -6.194878957169453100 ) ) ;
#5675 = ORIENTED_EDGE ( 'NONE', *, *, #1610, .F. ) ;
#5676 = VERTEX_POINT ( 'NONE', #6446 ) ;
#5677 = CARTESIAN_POINT ( 'NONE',  ( 3.049999999999941600, 2.920000000000004400, 0.5099999999999920200 ) ) ;
#5678 = CARTESIAN_POINT ( 'NONE',  ( -6.350000000000000500, -3.429999999999996600, 0.0000000000000000000 ) ) ;
#5679 = CARTESIAN_POINT ( 'NONE',  ( -1.099258122440900200, -3.430000000000028600, 5.355874884024084200 ) ) ;
#5680 = VECTOR ( 'NONE', #4558, 1000.000000000000000 ) ;
#5681 = CARTESIAN_POINT ( 'NONE',  ( -0.6006961188343066200, 1.257350442411905700, -0.9210623386218875800 ) ) ;
#5682 = EDGE_CURVE ( 'NONE', #5037, #3521, #3032, .T. ) ;
#5683 = ADVANCED_FACE ( 'NONE', ( #4942 ), #3165, .T. ) ;
#5684 = CARTESIAN_POINT ( 'NONE',  ( 1.387779038000000200E-015, -1.458902086000000400E-014, 0.0000000000000000000 ) ) ;
#5685 = PRODUCT_DEFINITION_CONTEXT ( 'detailed design', #6546, 'design' ) ;
#5686 = ORIENTED_EDGE ( 'NONE', *, *, #1671, .F. ) ;
#5687 = CARTESIAN_POINT ( 'NONE',  ( 2.328693082000000200E-016, -1.079998094000000000E-015, 15.78000000000000300 ) ) ;
#5688 = VECTOR ( 'NONE', #4508, 1000.000000000000000 ) ;
#5689 = CARTESIAN_POINT ( 'NONE',  ( -5.260723307570483300, 1.333487006990677500, -0.8522048541031122000 ) ) ;
#5690 = EDGE_CURVE ( 'NONE', #5504, #3046, #5517, .T. ) ;
#5691 = EDGE_CURVE ( 'NONE', #2207, #5569, #663, .T. ) ;
#5692 = DIRECTION ( 'NONE',  ( 1.000000000000000000, 0.0000000000000000000, 0.0000000000000000000 ) ) ;
#5693 = LINE ( 'NONE', #4640, #1266 ) ;
#5694 = DIRECTION ( 'NONE',  ( 1.000000000000000000, 0.0000000000000000000, 0.0000000000000000000 ) ) ;
#5695 = CARTESIAN_POINT ( 'NONE',  ( 6.249999999999994700, -3.149999999999998600, 8.890000000000000600 ) ) ;
#5696 = VECTOR ( 'NONE', #6924, 1000.000000000000000 ) ;
#5697 = DIRECTION ( 'NONE',  ( 0.0000000000000000000, -0.0000000000000000000, -1.000000000000000000 ) ) ;
#5698 = DIRECTION ( 'NONE',  ( 0.0000000000000000000, -0.0000000000000000000, 1.000000000000000000 ) ) ;
#5699 = DIRECTION ( 'NONE',  ( 0.3774734178109828100, 0.0000000000000000000, 0.9260204203180916200 ) ) ;
#5700 = CARTESIAN_POINT ( 'NONE',  ( 0.0000000000000000000, 3.029999999999996300, 0.4000000000000002400 ) ) ;
#5701 = CARTESIAN_POINT ( 'NONE',  ( 1.624345192960470200, 3.149999999999998600, 9.390000000000007700 ) ) ;
#5702 = AXIS2_PLACEMENT_3D ( 'NONE', #1738, #5093, #2899 ) ;
#5703 = DIRECTION ( 'NONE',  ( 1.000000000000000000, 0.0000000000000000000, 0.0000000000000000000 ) ) ;
#5704 = ORIENTED_EDGE ( 'NONE', *, *, #1515, .T. ) ;
#5705 = ADVANCED_FACE ( 'NONE', ( #988 ), #1066, .T. ) ;
#5706 = ORIENTED_EDGE ( 'NONE', *, *, #4077, .F. ) ;
#5707 = LINE ( 'NONE', #6628, #4611 ) ;
#5708 = CARTESIAN_POINT ( 'NONE',  ( -1.828395398285405300, -3.430000000000021900, 4.580874884024059800 ) ) ;
#5709 = AXIS2_PLACEMENT_3D ( 'NONE', #5285, #2013, #950 ) ;
#5710 = PLANE ( 'NONE',  #2569 ) ;
#5711 = EDGE_CURVE ( 'NONE', #3624, #7072, #6195, .T. ) ;
#5712 = VECTOR ( 'NONE', #852, 1000.000000000000000 ) ;
#5713 = CARTESIAN_POINT ( 'NONE',  ( 6.000000000000003600, -3.429999999999996600, 9.390000000000007700 ) ) ;
#5714 = CARTESIAN_POINT ( 'NONE',  ( 4.750000000000000000, -3.430000006718118700, 0.5099999999999920200 ) ) ;
#5715 = ORIENTED_EDGE ( 'NONE', *, *, #2758, .T. ) ;
#5716 = VECTOR ( 'NONE', #7074, 1000.000000000000000 ) ;
#5717 = VERTEX_POINT ( 'NONE', #5012 ) ;
#5718 = PLANE ( 'NONE',  #2243 ) ;
#5719 = LINE ( 'NONE', #4442, #3673 ) ;
#5720 = STYLED_ITEM ( 'NONE', ( #71 ), #1489 ) ;
#5721 = DIRECTION ( 'NONE',  ( 1.000000000000000000, 0.0000000000000000000, 0.0000000000000000000 ) ) ;
#5722 = FACE_OUTER_BOUND ( 'NONE', #6297, .T. ) ;
#5723 = VERTEX_POINT ( 'NONE', #6591 ) ;
#5724 = VECTOR ( 'NONE', #3159, 1000.000000000000000 ) ;
#5725 = CARTESIAN_POINT ( 'NONE',  ( 6.249999999999994700, 3.180000000000005500, 8.890000000000000600 ) ) ;
#5726 = VECTOR ( 'NONE', #5541, 1000.000000000000000 ) ;
#5727 = VERTEX_POINT ( 'NONE', #3878 ) ;
#5728 = VECTOR ( 'NONE', #3467, 1000.000000000000000 ) ;
#5729 = VERTEX_POINT ( 'NONE', #6562 ) ;
#5730 = DIRECTION ( 'NONE',  ( 0.2164396139380999900, -0.0000000000000000000, -0.9762960071199340300 ) ) ;
#5731 = VECTOR ( 'NONE', #2841, 1000.000000000000000 ) ;
#5732 = CARTESIAN_POINT ( 'NONE',  ( 1.580000000000004700, 1.332157287525385500, -0.8828427124746205400 ) ) ;
#5733 = VERTEX_POINT ( 'NONE', #131 ) ;
#5734 = FACE_OUTER_BOUND ( 'NONE', #1987, .T. ) ;
#5735 = PLANE ( 'NONE',  #2599 ) ;
#5736 = FACE_OUTER_BOUND ( 'NONE', #6328, .T. ) ;
#5737 = CARTESIAN_POINT ( 'NONE',  ( -2.174999999999808900, 2.166919661656124200, 0.5099999999999920200 ) ) ;
#5738 = EDGE_LOOP ( 'NONE', ( #5228, #5387, #3857, #2754 ) ) ;
#5739 = VERTEX_POINT ( 'NONE', #6522 ) ;
#5740 = CARTESIAN_POINT ( 'NONE',  ( -3.402842712474623900, 2.215000000000004700, -3.726486000000176300E-017 ) ) ;
#5741 = CARTESIAN_POINT ( 'NONE',  ( 1.570772646475779900, -3.430000000000021900, 5.738528991902222200 ) ) ;
#5742 = ORIENTED_EDGE ( 'NONE', *, *, #924, .F. ) ;
#5743 = VECTOR ( 'NONE', #2046, 1000.000000000000000 ) ;
#5744 = ADVANCED_FACE ( 'NONE', ( #2446 ), #5858, .T. ) ;
#5745 = VECTOR ( 'NONE', #6816, 1000.000000000000100 ) ;
#5746 = AXIS2_PLACEMENT_3D ( 'NONE', #6308, #3036, #6271 ) ;
#5747 = ORIENTED_EDGE ( 'NONE', *, *, #924, .T. ) ;
#5748 = CARTESIAN_POINT ( 'NONE',  ( -5.080000000000001000, 1.015000000000004100, -1.549999999999997800 ) ) ;
#5749 = ORIENTED_EDGE ( 'NONE', *, *, #5775, .F. ) ;
#5750 = CARTESIAN_POINT ( 'NONE',  ( 2.864554677647288100, 2.024174563873367000, 0.5099999999999920200 ) ) ;
#5751 = PLANE ( 'NONE',  #6069 ) ;
#5752 = EDGE_LOOP ( 'NONE', ( #4890, #5492, #3433, #6536 ) ) ;
#5753 = ORIENTED_EDGE ( 'NONE', *, *, #4406, .F. ) ;
#5754 = ORIENTED_EDGE ( 'NONE', *, *, #2705, .F. ) ;
#5755 = FACE_OUTER_BOUND ( 'NONE', #6260, .T. ) ;
#5756 = AXIS2_PLACEMENT_3D ( 'NONE', #311, #809, #238 ) ;
#5757 = CARTESIAN_POINT ( 'NONE',  ( -5.398487006990686500, -1.157498943410819200, -0.8815067120431568900 ) ) ;
#5758 = DIRECTION ( 'NONE',  ( 1.000000000000000000, 0.0000000000000000000, 0.0000000000000000000 ) ) ;
#5759 = ORIENTED_EDGE ( 'NONE', *, *, #6073, .T. ) ;
#5760 = EDGE_CURVE ( 'NONE', #2076, #2858, #578, .T. ) ;
#5761 = CARTESIAN_POINT ( 'NONE',  ( -1.194424616018024700, -3.430000000000021500, 0.4000000000000002400 ) ) ;
#5762 = EDGE_CURVE ( 'NONE', #3774, #6818, #3120, .T. ) ;
#5763 = DIRECTION ( 'NONE',  ( 0.0000000000000000000, -0.0000000000000000000, 1.000000000000000000 ) ) ;
#5764 = DIRECTION ( 'NONE',  ( -1.000000000000000000, 0.0000000000000000000, -0.0000000000000000000 ) ) ;
#5765 = AXIS2_PLACEMENT_3D ( 'NONE', #2968, #722, #814 ) ;
#5766 = ORIENTED_EDGE ( 'NONE', *, *, #3804, .F. ) ;
#5767 = AXIS2_PLACEMENT_3D ( 'NONE', #1528, #1506, #6436 ) ;
#5768 = EDGE_CURVE ( 'NONE', #4791, #6177, #2537, .T. ) ;
#5769 = LINE ( 'NONE', #3201, #6709 ) ;
#5770 = CARTESIAN_POINT ( 'NONE',  ( 9.530000000000004700, 0.6350000000000001200, -11.56000000000001500 ) ) ;
#5771 = CARTESIAN_POINT ( 'NONE',  ( -4.750000000000000000, 2.919999999999978600, 0.5099999999999920200 ) ) ;
#5772 = EDGE_LOOP ( 'NONE', ( #1787, #4646, #2799, #2545, #6663, #5087 ) ) ;
#5773 = FACE_OUTER_BOUND ( 'NONE', #2550, .T. ) ;
#5774 = PLANE ( 'NONE',  #5972 ) ;
#5775 = EDGE_CURVE ( 'NONE', #4041, #2604, #5353, .T. ) ;
#5776 = EDGE_CURVE ( 'NONE', #3700, #518, #4429, .T. ) ;
#5777 = CARTESIAN_POINT ( 'NONE',  ( -5.490000000000011800, -1.049314575050752200, -0.5999999999999875400 ) ) ;
#5778 = CARTESIAN_POINT ( 'NONE',  ( -6.249999999999994700, -3.429999999999996600, 8.890000000000000600 ) ) ;
#5779 = FACE_OUTER_BOUND ( 'NONE', #451, .T. ) ;
#5780 = CARTESIAN_POINT ( 'NONE',  ( 9.530000000000004700, -0.6350000000000001200, -3.940000000000013700 ) ) ;
#5781 = CARTESIAN_POINT ( 'NONE',  ( -5.114314575050773500, 1.332157287525381500, -0.8828427124746169900 ) ) ;
#5782 = AXIS2_PLACEMENT_3D ( 'NONE', #5455, #576, #74 ) ;
#5783 = ORIENTED_EDGE ( 'NONE', *, *, #6550, .T. ) ;
#5784 = CARTESIAN_POINT ( 'NONE',  ( -0.6984870069906780100, -1.049314575050752200, -0.8815067120431437900 ) ) ;
#5785 = FACE_OUTER_BOUND ( 'NONE', #6607, .T. ) ;
#5786 = ORIENTED_EDGE ( 'NONE', *, *, #4252, .T. ) ;
#5787 = CARTESIAN_POINT ( 'NONE',  ( 2.864554677647259200, 2.024174563873408300, -2.775557060000000200E-015 ) ) ;
#5788 = ORIENTED_EDGE ( 'NONE', *, *, #3417, .T. ) ;
#5789 = DIRECTION ( 'NONE',  ( 0.0000000000000000000, 1.000000000000000000, 0.0000000000000000000 ) ) ;
#5790 = VECTOR ( 'NONE', #4477, 1000.000000000000000 ) ;
#5791 = AXIS2_PLACEMENT_3D ( 'NONE', #407, #3721, #4243 ) ;
#5792 = CARTESIAN_POINT ( 'NONE',  ( 3.110000000000007000, -1.079998094000000000E-015, 9.390000000000007700 ) ) ;
#5793 = EDGE_CURVE ( 'NONE', #5454, #3646, #3466, .T. ) ;
#5794 = ORIENTED_EDGE ( 'NONE', *, *, #4967, .T. ) ;
#5795 = LINE ( 'NONE', #5481, #1368 ) ;
#5796 = CARTESIAN_POINT ( 'NONE',  ( 0.3800000000000040600, 1.015000000000004100, -1.549999999999997800 ) ) ;
#5797 = CARTESIAN_POINT ( 'NONE',  ( -1.476472381958995300, -2.215000000000006500, 5.421010862427522200E-017 ) ) ;
#5798 = LINE ( 'NONE', #5350, #4356 ) ;
#5799 = CARTESIAN_POINT ( 'NONE',  ( 5.080000000000001000, 1.015000000000004100, -1.549999999999997800 ) ) ;
#5800 = ORIENTED_EDGE ( 'NONE', *, *, #5399, .F. ) ;
#5801 = VECTOR ( 'NONE', #6481, 999.9999999999998900 ) ;
#5802 = FILL_AREA_STYLE_COLOUR ( '', #6779 ) ;
#5803 = EDGE_CURVE ( 'NONE', #197, #170, #904, .T. ) ;
#5804 = ADVANCED_FACE ( 'NONE', ( #4074 ), #63, .T. ) ;
#5805 = CARTESIAN_POINT ( 'NONE',  ( -0.4143145750507522000, -1.333487006990677900, -0.8815067120431437900 ) ) ;
#5806 = CARTESIAN_POINT ( 'NONE',  ( 1.300000000000003200, 2.919999999999986600, 0.5099999999999920200 ) ) ;
#5807 = LINE ( 'NONE', #6856, #4366 ) ;
#5808 = ORIENTED_EDGE ( 'NONE', *, *, #3017, .F. ) ;
#5809 = VECTOR ( 'NONE', #6989, 1000.000000000000000 ) ;
#5810 = ORIENTED_EDGE ( 'NONE', *, *, #68, .F. ) ;
#5811 = VECTOR ( 'NONE', #3218, 1000.000000000000000 ) ;
#5812 = DIRECTION ( 'NONE',  ( -0.2164396139381000500, 1.560909603030452800E-015, 0.9762960071199340300 ) ) ;
#5813 = CARTESIAN_POINT ( 'NONE',  ( 3.049999999999967800, 2.919999999999999000, 0.5099999999999920200 ) ) ;
#5814 = EDGE_CURVE ( 'NONE', #268, #1802, #4410, .T. ) ;
#5815 = CARTESIAN_POINT ( 'NONE',  ( -4.750000000000000000, 2.669999999999988400, 8.380000000000009700 ) ) ;
#5816 = EDGE_CURVE ( 'NONE', #724, #3544, #1085, .T. ) ;
#5817 = MECHANICAL_DESIGN_GEOMETRIC_PRESENTATION_REPRESENTATION (  '', ( #572 ), #2662 ) ;
#5818 = FACE_OUTER_BOUND ( 'NONE', #6086, .T. ) ;
#5819 = ORIENTED_EDGE ( 'NONE', *, *, #5327, .T. ) ;
#5820 = DIRECTION ( 'NONE',  ( 1.000000000000000000, 0.0000000000000000000, 0.0000000000000000000 ) ) ;
#5821 = VERTEX_POINT ( 'NONE', #4424 ) ;
#5822 = CARTESIAN_POINT ( 'NONE',  ( 1.254859635936536900, -3.430000000000028600, 4.963528991902225400 ) ) ;
#5823 = FACE_OUTER_BOUND ( 'NONE', #5752, .T. ) ;
#5824 = CARTESIAN_POINT ( 'NONE',  ( 1.387779038000000200E-015, 3.429999999999996600, 0.0000000000000000000 ) ) ;
#5825 = LINE ( 'NONE', #2876, #1479 ) ;
#5826 = ORIENTED_EDGE ( 'NONE', *, *, #888, .T. ) ;
#5827 = ORIENTED_EDGE ( 'NONE', *, *, #5405, .F. ) ;
#5828 = ORIENTED_EDGE ( 'NONE', *, *, #3182, .T. ) ;
#5829 = CARTESIAN_POINT ( 'NONE',  ( 1.496662996000000200E-009, -1.331956950000000100E-009, 0.5099999999999920200 ) ) ;
#5830 = ORIENTED_EDGE ( 'NONE', *, *, #2844, .T. ) ;
#5831 = ORIENTED_EDGE ( 'NONE', *, *, #1098, .T. ) ;
#5832 = CARTESIAN_POINT ( 'NONE',  ( 5.222498943410832000, 1.157498943410819200, -0.9999999999999896700 ) ) ;
#5833 = DIRECTION ( 'NONE',  ( 0.0000000000000000000, -1.711898167082357100E-015, -1.000000000000000000 ) ) ;
#5834 = DIRECTION ( 'NONE',  ( 0.5773502691896254000, 0.5773502691896259500, 0.5773502691896260600 ) ) ;
#5835 = SURFACE_STYLE_FILL_AREA ( #5851 ) ;
#5836 = VERTEX_POINT ( 'NONE', #1179 ) ;
#5837 = ORIENTED_EDGE ( 'NONE', *, *, #4667, .F. ) ;
#5838 = AXIS2_PLACEMENT_3D ( 'NONE', #4805, #1463, #6966 ) ;
#5839 = ORIENTED_EDGE ( 'NONE', *, *, #4959, .T. ) ;
#5840 = CARTESIAN_POINT ( 'NONE',  ( -6.000000000000003600, -3.429999999999996600, 9.390000000000007700 ) ) ;
#5841 = CARTESIAN_POINT ( 'NONE',  ( -6.350000000000000500, -3.429999999999996600, 0.0000000000000000000 ) ) ;
#5842 = DIRECTION ( 'NONE',  ( 0.0000000000000000000, 0.0000000000000000000, 1.000000000000000000 ) ) ;
#5843 = VECTOR ( 'NONE', #3246, 1000.000000000000100 ) ;
#5844 = ADVANCED_FACE ( 'NONE', ( #3285 ), #6190, .T. ) ;
#5845 = ORIENTED_EDGE ( 'NONE', *, *, #864, .F. ) ;
#5846 = CARTESIAN_POINT ( 'NONE',  ( 5.997157287525386200, 2.215000000000004300, 1.778883931213799900E-017 ) ) ;
#5847 = DIRECTION ( 'NONE',  ( 0.0000000000000000000, 0.0000000000000000000, -1.000000000000000000 ) ) ;
#5848 = VECTOR ( 'NONE', #2554, 1000.000000000000000 ) ;
#5849 = EDGE_LOOP ( 'NONE', ( #336, #4090 ) ) ;
#5850 = EDGE_CURVE ( 'NONE', #3053, #4333, #4587, .T. ) ;
#5851 = FILL_AREA_STYLE ('',( #5802 ) ) ;
#5852 = VECTOR ( 'NONE', #5516, 1000.000000000000000 ) ;
#5853 = CARTESIAN_POINT ( 'NONE',  ( -0.6223504424119062900, -1.157498943410821600, -0.9583642496800577300 ) ) ;
#5854 = CARTESIAN_POINT ( 'NONE',  ( 0.5607233075704636200, 1.333487006990677900, -0.8522048541031107500 ) ) ;
#5855 = AXIS2_PLACEMENT_3D ( 'NONE', #5549, #585, #3294 ) ;
#5856 = EDGE_CURVE ( 'NONE', #2723, #6374, #983, .T. ) ;
#5857 = CARTESIAN_POINT ( 'NONE',  ( -6.249999999999994700, -3.180000000000005500, 8.890000000000000600 ) ) ;
#5858 = CYLINDRICAL_SURFACE ( 'NONE', #1596, 0.4000000000000001900 ) ;
#5859 = DIRECTION ( 'NONE',  ( -1.000000000000000000, -0.0000000000000000000, -0.0000000000000000000 ) ) ;
#5860 = CARTESIAN_POINT ( 'NONE',  ( -1.595159954723807100, -8.374784156092718300E-014, 21.87530157247390500 ) ) ;
#5861 = PLANE ( 'NONE',  #1109 ) ;
#5862 = ORIENTED_EDGE ( 'NONE', *, *, #3063, .F. ) ;
#5863 = CIRCLE ( 'NONE', #2694, 0.6099999999999976600 ) ;
#5864 = EDGE_CURVE ( 'NONE', #3069, #3544, #6544, .T. ) ;
#5865 = PLANE ( 'NONE',  #5355 ) ;
#5866 = DIRECTION ( 'NONE',  ( 0.0000000000000000000, 0.0000000000000000000, 1.000000000000000000 ) ) ;
#5867 = ORIENTED_EDGE ( 'NONE', *, *, #1520, .F. ) ;
#5868 = ADVANCED_FACE ( 'NONE', ( #2781 ), #1793, .F. ) ;
#5869 = FACE_OUTER_BOUND ( 'NONE', #4812, .T. ) ;
#5870 = CARTESIAN_POINT ( 'NONE',  ( 0.0000000000000000000, -2.920000000000029700, 8.129999999999993700 ) ) ;
#5871 = CARTESIAN_POINT ( 'NONE',  ( 4.319999999999992300, -1.015000000000004100, -0.9999999999999879000 ) ) ;
#5872 = AXIS2_PLACEMENT_3D ( 'NONE', #6393, #6890, #4220 ) ;
#5873 = CARTESIAN_POINT ( 'NONE',  ( 9.530000000000004700, -0.6350000000000001200, -3.180000000000005500 ) ) ;
#5874 = EDGE_LOOP ( 'NONE', ( #4930, #4323, #4855, #5473 ) ) ;
#5875 = ORIENTED_EDGE ( 'NONE', *, *, #5643, .F. ) ;
#5876 = FACE_OUTER_BOUND ( 'NONE', #2503, .T. ) ;
#5877 = LINE ( 'NONE', #5771, #2808 ) ;
#5878 = CARTESIAN_POINT ( 'NONE',  ( 1.624345192960470200, 2.669999999999988400, 8.890000000000000600 ) ) ;
#5879 = ORIENTED_EDGE ( 'NONE', *, *, #1507, .F. ) ;
#5880 = DIRECTION ( 'NONE',  ( -0.7071067811865463500, -1.626303258728256800E-015, 0.7071067811865486800 ) ) ;
#5881 = VECTOR ( 'NONE', #1081, 1000.000000000000000 ) ;
#5882 = DIRECTION ( 'NONE',  ( -0.3774734178109570000, 0.0000000000000000000, -0.9260204203181021700 ) ) ;
#5883 = EDGE_CURVE ( 'NONE', #5186, #4321, #2614, .T. ) ;
#5884 = LINE ( 'NONE', #976, #851 ) ;
#5885 = VECTOR ( 'NONE', #486, 1000.000000000000000 ) ;
#5886 = CARTESIAN_POINT ( 'NONE',  ( -5.114314575050773500, 1.049314575050752200, -0.5999999999999875400 ) ) ;
#5887 = EDGE_LOOP ( 'NONE', ( #1437, #6248, #5963, #4659 ) ) ;
#5888 = VECTOR ( 'NONE', #3906, 1000.000000000000000 ) ;
#5889 = FILL_AREA_STYLE_COLOUR ( '', #781 ) ;
#5890 = EDGE_CURVE ( 'NONE', #471, #1222, #6715, .T. ) ;
#5891 =( BOUNDED_CURVE ( )  B_SPLINE_CURVE ( 3, ( #2659, #4788, #1011, #2110 ),
 .UNSPECIFIED., .F., .F. ) 
 B_SPLINE_CURVE_WITH_KNOTS ( ( 4, 4 ),
 ( 2.617993877991482000, 3.665191429188105100 ),
 .UNSPECIFIED. ) 
 CURVE ( )  GEOMETRIC_REPRESENTATION_ITEM ( )  RATIONAL_B_SPLINE_CURVE ( ( 1.000000000000000000, 0.9106836025229547700, 0.9106836025229547700, 1.000000000000000000 ) ) 
 REPRESENTATION_ITEM ( '' )  );
#5892 = LINE ( 'NONE', #2320, #99 ) ;
#5893 = DIRECTION ( 'NONE',  ( -1.000000000000000000, 0.0000000000000000000, -0.0000000000000000000 ) ) ;
#5894 = AXIS2_PLACEMENT_3D ( 'NONE', #6706, #1300, #231 ) ;
#5895 = LINE ( 'NONE', #5824, #3682 ) ;
#5896 = ORIENTED_EDGE ( 'NONE', *, *, #5793, .F. ) ;
#5897 = EDGE_CURVE ( 'NONE', #6734, #2389, #2367, .T. ) ;
#5898 = DIRECTION ( 'NONE',  ( 1.000000000000000000, 0.0000000000000000000, -0.0000000000000000000 ) ) ;
#5899 = CIRCLE ( 'NONE', #2282, 2.100000000000007600 ) ;
#5900 = DIRECTION ( 'NONE',  ( 0.0000000000000000000, -1.000000000000000000, 0.0000000000000000000 ) ) ;
#5901 = CARTESIAN_POINT ( 'NONE',  ( -1.580000000000004700, -2.215000000000004700, 0.0000000000000000000 ) ) ;
#5902 = VECTOR ( 'NONE', #3794, 1000.000000000000000 ) ;
#5903 = VECTOR ( 'NONE', #5250, 1000.000000000000000 ) ;
#5904 = EDGE_LOOP ( 'NONE', ( #996, #2251, #5546, #6247 ) ) ;
#5905 = PLANE ( 'NONE',  #2441 ) ;
#5906 = EDGE_CURVE ( 'NONE', #1545, #4517, #4937, .T. ) ;
#5907 = ADVANCED_FACE ( 'NONE', ( #5108 ), #3263, .T. ) ;
#5908 = ORIENTED_EDGE ( 'NONE', *, *, #1490, .T. ) ;
#5909 = DIRECTION ( 'NONE',  ( 0.0000000000000000000, -1.000000000000000000, 0.0000000000000000000 ) ) ;
#5910 = EDGE_CURVE ( 'NONE', #6790, #5723, #402, .T. ) ;
#5911 = CARTESIAN_POINT ( 'NONE',  ( 1.277228838748928800, -3.030000000000046900, 0.0000000000000000000 ) ) ;
#5912 = CARTESIAN_POINT ( 'NONE',  ( -4.285685424949243800, 1.257350442411906200, -0.9583642496800578400 ) ) ;
#5913 = LINE ( 'NONE', #432, #2843 ) ;
#5914 = ORIENTED_EDGE ( 'NONE', *, *, #3468, .T. ) ;
#5915 = CARTESIAN_POINT ( 'NONE',  ( 1.194424616017975700, 3.429999999999946400, 0.5099999999999920200 ) ) ;
#5916 = ORIENTED_EDGE ( 'NONE', *, *, #4728, .F. ) ;
#5917 = CARTESIAN_POINT ( 'NONE',  ( 3.155575383981892300, 3.429999999999922400, 0.5099999999999920200 ) ) ;
#5918 = ORIENTED_EDGE ( 'NONE', *, *, #1379, .F. ) ;
#5919 = CARTESIAN_POINT ( 'NONE',  ( -1.878484561672232500, -3.430000000000021900, 4.547201937963127000 ) ) ;
#5920 = ORIENTED_EDGE ( 'NONE', *, *, #1397, .T. ) ;
#5921 = CIRCLE ( 'NONE', #3055, 0.5000000000000065500 ) ;
#5922 = CARTESIAN_POINT ( 'NONE',  ( -0.8931877833301064000, -3.430000000000021900, 5.772201937963130200 ) ) ;
#5923 = ORIENTED_EDGE ( 'NONE', *, *, #961, .F. ) ;
#5924 = ORIENTED_EDGE ( 'NONE', *, *, #296, .T. ) ;
#5925 = ADVANCED_FACE ( 'NONE', ( #4329 ), #6196, .T. ) ;
#5926 = PLANE ( 'NONE',  #545 ) ;
#5927 = CARTESIAN_POINT ( 'NONE',  ( -3.050000000000024700, 2.920000000000002600, 0.6999999999999940700 ) ) ;
#5928 = CARTESIAN_POINT ( 'NONE',  ( -4.319999999999992300, 1.015000000000004100, -1.549999999999997800 ) ) ;
#5929 = DIRECTION ( 'NONE',  ( -0.0000000000000000000, 0.0000000000000000000, -1.000000000000000000 ) ) ;
#5930 = VERTEX_POINT ( 'NONE', #2421 ) ;
#5931 = DIRECTION ( 'NONE',  ( 0.5773502691896258400, 0.5773502691896258400, 0.5773502691896258400 ) ) ;
#5932 = ORIENTED_EDGE ( 'NONE', *, *, #3158, .T. ) ;
#5933 = FACE_OUTER_BOUND ( 'NONE', #1891, .T. ) ;
#5934 = DIRECTION ( 'NONE',  ( 0.0000000000000000000, -0.0000000000000000000, -1.000000000000000000 ) ) ;
#5935 = CARTESIAN_POINT ( 'NONE',  ( 4.750000000000000000, -1.547373080000000000E-014, 8.380000000000009700 ) ) ;
#5936 = ORIENTED_EDGE ( 'NONE', *, *, #3539, .T. ) ;
#5937 = CARTESIAN_POINT ( 'NONE',  ( 1.485445322352686900, 2.024174563873361300, 0.5099999999999920200 ) ) ;
#5938 = EDGE_CURVE ( 'NONE', #4096, #6704, #3115, .T. ) ;
#5939 = LINE ( 'NONE', #2521, #4590 ) ;
#5940 = ADVANCED_FACE ( 'NONE', ( #1168 ), #4018, .T. ) ;
#5941 = CARTESIAN_POINT ( 'NONE',  ( 1.485445322352686400, 2.024174563873363900, 0.6999999999999940700 ) ) ;
#5942 = CARTESIAN_POINT ( 'NONE',  ( 4.285685424949244600, -1.332157287525378700, -0.8828427124746135400 ) ) ;
#5943 = CONICAL_SURFACE ( 'NONE', #1608, 1.337397979817464400, 0.02827433384985621200 ) ;
#5944 = CARTESIAN_POINT ( 'NONE',  ( 2.328693082000000200E-016, -1.079998094000000000E-015, 9.390000000000007700 ) ) ;
#5945 = EDGE_CURVE ( 'NONE', #5010, #3788, #3898, .T. ) ;
#5946 =( GEOMETRIC_REPRESENTATION_CONTEXT ( 3 ) GLOBAL_UNCERTAINTY_ASSIGNED_CONTEXT ( ( #2957 ) ) GLOBAL_UNIT_ASSIGNED_CONTEXT ( ( #4331, #3825, #15 ) ) REPRESENTATION_CONTEXT ( 'NONE', 'WORKASPACE' ) );
#5947 = ORIENTED_EDGE ( 'NONE', *, *, #469, .F. ) ;
#5948 = VECTOR ( 'NONE', #3534, 1000.000000000000000 ) ;
#5949 = DIRECTION ( 'NONE',  ( -0.0000000000000000000, 0.0000000000000000000, 1.000000000000000000 ) ) ;
#5950 = DIRECTION ( 'NONE',  ( -1.000000000000000000, 0.0000000000000000000, 0.0000000000000000000 ) ) ;
#5951 = ADVANCED_FACE ( 'NONE', ( #6019 ), #770, .F. ) ;
#5952 = ORIENTED_EDGE ( 'NONE', *, *, #7006, .F. ) ;
#5953 = VERTEX_POINT ( 'NONE', #2943 ) ;
#5954 = LINE ( 'NONE', #5636, #4428 ) ;
#5955 = CARTESIAN_POINT ( 'NONE',  ( -5.997157287525386200, -2.215000000000004300, 1.778883931213799900E-017 ) ) ;
#5956 = DIRECTION ( 'NONE',  ( 0.0000000000000000000, -1.000000000000000000, 0.0000000000000000000 ) ) ;
#5957 = VERTEX_POINT ( 'NONE', #2538 ) ;
#5958 = DIRECTION ( 'NONE',  ( -1.000000000000000000, 0.0000000000000000000, -0.0000000000000000000 ) ) ;
#5959 = ORIENTED_EDGE ( 'NONE', *, *, #1837, .T. ) ;
#5960 = VECTOR ( 'NONE', #4608, 1000.000000000000000 ) ;
#5961 = CARTESIAN_POINT ( 'NONE',  ( 4.750000000000000000, 3.429999999999920700, 0.4000000000000002400 ) ) ;
#5962 = LINE ( 'NONE', #5328, #6047 ) ;
#5963 = ORIENTED_EDGE ( 'NONE', *, *, #4671, .T. ) ;
#5964 = ADVANCED_FACE ( 'NONE', ( #5196 ), #6342, .T. ) ;
#5965 = DIRECTION ( 'NONE',  ( -1.000000000000000000, 0.0000000000000000000, -0.0000000000000000000 ) ) ;
#5966 = VECTOR ( 'NONE', #3606, 1000.000000000000000 ) ;
#5967 = CARTESIAN_POINT ( 'NONE',  ( -1.259189957218833600, -3.430000000000021900, 4.963528991902223600 ) ) ;
#5968 = CARTESIAN_POINT ( 'NONE',  ( 0.8800000000000105500, -0.6350000000000001200, -6.990000000000006400 ) ) ;
#5969 = VECTOR ( 'NONE', #4300, 1000.000000000000000 ) ;
#5970 = AXIS2_PLACEMENT_3D ( 'NONE', #6200, #6255, #4123 ) ;
#5971 = ORIENTED_EDGE ( 'NONE', *, *, #6505, .T. ) ;
#5972 = AXIS2_PLACEMENT_3D ( 'NONE', #6249, #5201, #2978 ) ;
#5973 = LINE ( 'NONE', #3814, #3323 ) ;
#5974 = CARTESIAN_POINT ( 'NONE',  ( 5.490000000000011800, 1.049314575050752200, -0.9999999999999879000 ) ) ;
#5975 = ORIENTED_EDGE ( 'NONE', *, *, #3317, .F. ) ;
#5976 = EDGE_CURVE ( 'NONE', #6257, #5252, #6622, .T. ) ;
#5977 = DIRECTION ( 'NONE',  ( -0.0000000000000000000, -0.0000000000000000000, -1.000000000000000000 ) ) ;
#5978 = VECTOR ( 'NONE', #1911, 1000.000000000000000 ) ;
#5979 = DIRECTION ( 'NONE',  ( -1.242162000000000200E-016, -0.7071067811865480200, -0.7071067811865470200 ) ) ;
#5980 = LINE ( 'NONE', #6017, #455 ) ;
#5981 = VERTEX_POINT ( 'NONE', #4657 ) ;
#5982 = EDGE_CURVE ( 'NONE', #1841, #5733, #5432, .T. ) ;
#5983 = ORIENTED_EDGE ( 'NONE', *, *, #469, .T. ) ;
#5984 = DIRECTION ( 'NONE',  ( 1.000000000000000000, 0.0000000000000000000, -0.0000000000000000000 ) ) ;
#5985 = AXIS2_PLACEMENT_3D ( 'NONE', #1895, #2981, #281 ) ;
#5986 = LINE ( 'NONE', #3298, #4804 ) ;
#5987 = EDGE_CURVE ( 'NONE', #4883, #2770, #1428, .T. ) ;
#5988 = CARTESIAN_POINT ( 'NONE',  ( 9.530000000000004700, 0.6350000000000001200, -6.990000000000006400 ) ) ;
#5989 = VECTOR ( 'NONE', #4387, 1000.000000000000000 ) ;
#5990 = ORIENTED_EDGE ( 'NONE', *, *, #5890, .T. ) ;
#5991 = ADVANCED_FACE ( 'NONE', ( #5773 ), #2268, .T. ) ;
#5992 = CARTESIAN_POINT ( 'NONE',  ( -1.040588201445647800, -3.430000000000021900, 6.513528991902220800 ) ) ;
#5993 = CARTESIAN_POINT ( 'NONE',  ( -4.319999999999992300, -1.015000000000004100, 0.0000000000000000000 ) ) ;
#5994 = ORIENTED_EDGE ( 'NONE', *, *, #7044, .T. ) ;
#5995 = VERTEX_POINT ( 'NONE', #5725 ) ;
#5996 = ORIENTED_EDGE ( 'NONE', *, *, #5642, .T. ) ;
#5997 = ORIENTED_EDGE ( 'NONE', *, *, #1397, .F. ) ;
#5998 = EDGE_CURVE ( 'NONE', #1720, #3694, #7052, .T. ) ;
#5999 = CARTESIAN_POINT ( 'NONE',  ( 6.249999999999994700, -3.149999999999998600, 8.890000000000000600 ) ) ;
#6000 = CARTESIAN_POINT ( 'NONE',  ( 4.749999999999975100, -2.920000000000004400, 0.0000000000000000000 ) ) ;
#6001 = CARTESIAN_POINT ( 'NONE',  ( 0.3800000000000040600, 1.015000000000004100, -0.9999999999999879000 ) ) ;
#6002 = EDGE_CURVE ( 'NONE', #3907, #546, #2019, .T. ) ;
#6003 = ORIENTED_EDGE ( 'NONE', *, *, #5202, .F. ) ;
#6004 = CARTESIAN_POINT ( 'NONE',  ( 4.750000000000000000, -1.547373080000000000E-014, 4.752757431878140300 ) ) ;
#6005 = ORIENTED_EDGE ( 'NONE', *, *, #5850, .F. ) ;
#6006 = VERTEX_POINT ( 'NONE', #4180 ) ;
#6007 = ORIENTED_EDGE ( 'NONE', *, *, #6225, .T. ) ;
#6008 = CARTESIAN_POINT ( 'NONE',  ( 5.314305692472559400, -1.333487006990677700, -0.7981150723133630900 ) ) ;
#6009 = VECTOR ( 'NONE', #4670, 1000.000000000000000 ) ;
#6010 = FILL_AREA_STYLE ('',( #5889 ) ) ;
#6011 = VERTEX_POINT ( 'NONE', #5262 ) ;
#6012 = CARTESIAN_POINT ( 'NONE',  ( 5.080000000000001000, 8.643823200000000300E-016, -0.9999999999999879000 ) ) ;
#6013 = EDGE_LOOP ( 'NONE', ( #3268, #5591, #5837 ) ) ;
#6014 = ORIENTED_EDGE ( 'NONE', *, *, #56, .T. ) ;
#6015 = VECTOR ( 'NONE', #1717, 1000.000000000000000 ) ;
#6016 = CARTESIAN_POINT ( 'NONE',  ( 0.6984870069906781200, -1.049314575050752200, -0.8815067120431437900 ) ) ;
#6017 = CARTESIAN_POINT ( 'NONE',  ( 4.002842712474611100, 2.215000000000004700, -0.8828427124746205400 ) ) ;
#6018 = AXIS2_PLACEMENT_3D ( 'NONE', #2447, #2375, #2468 ) ;
#6019 = FACE_OUTER_BOUND ( 'NONE', #926, .T. ) ;
#6020 = UNCERTAINTY_MEASURE_WITH_UNIT (LENGTH_MEASURE( 1.000000000000000100E-005 ), #4815, 'distance_accuracy_value', 'NONE');
#6021 = DIRECTION ( 'NONE',  ( -0.0000000000000000000, 1.000000000000000000, -0.0000000000000000000 ) ) ;
#6022 = EDGE_CURVE ( 'NONE', #1545, #2120, #1682, .T. ) ;
#6023 = DIRECTION ( 'NONE',  ( -0.0000000000000000000, 1.000000000000000000, 0.0000000000000000000 ) ) ;
#6024 = DIRECTION ( 'NONE',  ( 1.000000000000000000, 0.0000000000000000000, 0.0000000000000000000 ) ) ;
#6025 = DIRECTION ( 'NONE',  ( -0.2027126583464207700, 0.9792382642371197900, 0.0000000000000000000 ) ) ;
#6026 = CARTESIAN_POINT ( 'NONE',  ( 6.350000000000000500, -3.429999999999996600, 0.0000000000000000000 ) ) ;
#6027 = ADVANCED_FACE ( 'NONE', ( #2874 ), #4088, .T. ) ;
#6028 = FACE_OUTER_BOUND ( 'NONE', #2354, .T. ) ;
#6029 = CARTESIAN_POINT ( 'NONE',  ( -1.099258122440902600, -3.430000000000021900, 5.355874884024085100 ) ) ;
#6030 = AXIS2_PLACEMENT_3D ( 'NONE', #1655, #501, #4327 ) ;
#6031 = DIRECTION ( 'NONE',  ( -0.0000000000000000000, 0.0000000000000000000, 1.000000000000000000 ) ) ;
#6032 = DIRECTION ( 'NONE',  ( 1.000000000000000000, 6.158712501750968100E-016, 0.0000000000000000000 ) ) ;
#6033 = EDGE_CURVE ( 'NONE', #704, #207, #5693, .T. ) ;
#6034 = ORIENTED_EDGE ( 'NONE', *, *, #5906, .F. ) ;
#6035 = VECTOR ( 'NONE', #6851, 1000.000000000000000 ) ;
#6036 = DIRECTION ( 'NONE',  ( 0.0000000000000000000, 0.0000000000000000000, 1.000000000000000000 ) ) ;
#6037 = EDGE_CURVE ( 'NONE', #2076, #4096, #3810, .T. ) ;
#6038 = ORIENTED_EDGE ( 'NONE', *, *, #5775, .T. ) ;
#6039 = VECTOR ( 'NONE', #1546, 1000.000000000000000 ) ;
#6040 = EDGE_CURVE ( 'NONE', #2890, #766, #4159, .T. ) ;
#6041 = DIRECTION ( 'NONE',  ( -0.0000000000000000000, -0.0000000000000000000, -1.000000000000000000 ) ) ;
#6042 = DIRECTION ( 'NONE',  ( 0.0000000000000000000, 0.0000000000000000000, -1.000000000000000000 ) ) ;
#6043 = CARTESIAN_POINT ( 'NONE',  ( 3.030121042830554100, 0.6350000000000001200, -6.194878957169453100 ) ) ;
#6044 = VERTEX_POINT ( 'NONE', #5214 ) ;
#6045 = VECTOR ( 'NONE', #2384, 1000.000000000000000 ) ;
#6046 = DIRECTION ( 'NONE',  ( -0.0000000000000000000, 0.0000000000000000000, 1.000000000000000000 ) ) ;
#6047 = VECTOR ( 'NONE', #4317, 1000.000000000000000 ) ;
#6048 = DIRECTION ( 'NONE',  ( 0.0000000000000000000, -1.000000000000000000, 0.0000000000000000000 ) ) ;
#6049 = VERTEX_POINT ( 'NONE', #5176 ) ;
#6050 = LINE ( 'NONE', #6192, #5632 ) ;
#6051 = FACE_OUTER_BOUND ( 'NONE', #5625, .T. ) ;
#6052 = DIRECTION ( 'NONE',  ( 0.0000000000000000000, 0.0000000000000000000, 1.000000000000000000 ) ) ;
#6053 = FACE_OUTER_BOUND ( 'NONE', #5447, .T. ) ;
#6054 = ORIENTED_EDGE ( 'NONE', *, *, #5405, .T. ) ;
#6055 = LINE ( 'NONE', #5602, #1306 ) ;
#6056 = ORIENTED_EDGE ( 'NONE', *, *, #973, .T. ) ;
#6057 = ADVANCED_FACE ( 'NONE', ( #4757 ), #5774, .T. ) ;
#6058 = CARTESIAN_POINT ( 'NONE',  ( -4.750000000000000000, -3.430000000000009000, 8.129999999999993700 ) ) ;
#6059 = DIRECTION ( 'NONE',  ( 1.000000000000000000, 0.0000000000000000000, 0.0000000000000000000 ) ) ;
#6060 = LINE ( 'NONE', #6182, #4118 ) ;
#6061 = VECTOR ( 'NONE', #135, 1000.000000000000000 ) ;
#6062 = VERTEX_POINT ( 'NONE', #1922 ) ;
#6063 = LINE ( 'NONE', #176, #2131 ) ;
#6064 = DIRECTION ( 'NONE',  ( -0.0000000000000000000, 0.0000000000000000000, -1.000000000000000000 ) ) ;
#6065 = CARTESIAN_POINT ( 'NONE',  ( -0.7607081337491481400, -3.430000000000015700, 6.097201937963181000 ) ) ;
#6066 = CARTESIAN_POINT ( 'NONE',  ( 6.350000000000000500, -1.930000000000001900, 8.890000000000000600 ) ) ;
#6067 = CARTESIAN_POINT ( 'NONE',  ( 1.620861809825294700, -3.430000000000021900, 5.772201937963130200 ) ) ;
#6068 = VECTOR ( 'NONE', #720, 1000.000000000000000 ) ;
#6069 = AXIS2_PLACEMENT_3D ( 'NONE', #6290, #4141, #884 ) ;
#6070 = FACE_OUTER_BOUND ( 'NONE', #3087, .T. ) ;
#6071 = CARTESIAN_POINT ( 'NONE',  ( -3.820000000000010900, 0.6350000000000001200, -11.55999999999999000 ) ) ;
#6072 = ORIENTED_EDGE ( 'NONE', *, *, #2024, .T. ) ;
#6073 = EDGE_CURVE ( 'NONE', #1788, #4968, #3107, .T. ) ;
#6074 = VERTEX_POINT ( 'NONE', #3643 ) ;
#6075 = DIRECTION ( 'NONE',  ( 1.000000000000000000, -0.0000000000000000000, 0.0000000000000000000 ) ) ;
#6076 = DIRECTION ( 'NONE',  ( -0.0000000000000000000, -0.0000000000000000000, 1.000000000000000000 ) ) ;
#6077 = ORIENTED_EDGE ( 'NONE', *, *, #4138, .T. ) ;
#6078 = VERTEX_POINT ( 'NONE', #3093 ) ;
#6079 = EDGE_LOOP ( 'NONE', ( #1806, #2423, #6417, #4069, #4484, #1212, #1652, #6683 ) ) ;
#6080 = ORIENTED_EDGE ( 'NONE', *, *, #5856, .T. ) ;
#6081 = DIRECTION ( 'NONE',  ( 1.000000000000000000, 0.0000000000000000000, -0.0000000000000000000 ) ) ;
#6082 = ORIENTED_EDGE ( 'NONE', *, *, #1858, .F. ) ;
#6083 = LINE ( 'NONE', #1118, #3361 ) ;
#6084 = CARTESIAN_POINT ( 'NONE',  ( -4.750000000000000000, -2.670000000000013700, 8.380000000000009700 ) ) ;
#6085 = ORIENTED_EDGE ( 'NONE', *, *, #646, .F. ) ;
#6086 = EDGE_LOOP ( 'NONE', ( #3916, #3012 ) ) ;
#6087 = CARTESIAN_POINT ( 'NONE',  ( -2.174999999999808900, -2.166919661656149500, 0.5099999999999920200 ) ) ;
#6088 = CARTESIAN_POINT ( 'NONE',  ( -3.050000000000016700, -2.919999999999973300, 0.0000000000000000000 ) ) ;
#6089 = CARTESIAN_POINT ( 'NONE',  ( 0.0000000000000000000, 3.029999999999996300, 0.4000000000000002400 ) ) ;
#6090 = VECTOR ( 'NONE', #145, 1000.000000000000000 ) ;
#6091 = ADVANCED_FACE ( 'NONE', ( #2695 ), #1261, .T. ) ;
#6092 = ORIENTED_EDGE ( 'NONE', *, *, #5545, .F. ) ;
#6093 =( BOUNDED_SURFACE ( )  B_SPLINE_SURFACE ( 3, 3, ( 
 ( #4698, #3625, #6288, #5256 ),
 ( #6270, #360, #1418, #1360 ),
 ( #5912, #991, #4654, #5198 ),
 ( #4831, #4632, #5367, #4085 ) ),
 .UNSPECIFIED., .F., .F., .T. ) 
 B_SPLINE_SURFACE_WITH_KNOTS ( ( 4, 4 ),
 ( 4, 4 ),
 ( 0.0000000000000000000, 1.000000000000000000 ),
 ( 0.0000000000000000000, 1.000000000000000000 ),
 .UNSPECIFIED. ) 
 GEOMETRIC_REPRESENTATION_ITEM ( )  RATIONAL_B_SPLINE_SURFACE ( (
 ( 1.000000000000000000, 0.9486501948152655800, 0.9486501948152655800, 1.000000000000000000),
 ( 0.9486501948152655800, 0.8999371921230413500, 0.8999371921230413500, 0.9486501948152655800),
 ( 0.9486501948152655800, 0.8999371921230413500, 0.8999371921230413500, 0.9486501948152655800),
 ( 1.000000000000000000, 0.9486501948152655800, 0.9486501948152655800, 1.000000000000000000) ) ) 
 REPRESENTATION_ITEM ( '' )  SURFACE ( )  );
#6094 = CARTESIAN_POINT ( 'NONE',  ( 0.0000000000000000000, -2.670000000000013700, 8.890000000000000600 ) ) ;
#6095 = CARTESIAN_POINT ( 'NONE',  ( -1.876531452843979600, -2.096676760565612300E-012, 23.14448638172972000 ) ) ;
#6096 = ORIENTED_EDGE ( 'NONE', *, *, #5004, .T. ) ;
#6097 = VECTOR ( 'NONE', #434, 1000.000000000000000 ) ;
#6098 = AXIS2_PLACEMENT_3D ( 'NONE', #155, #1265, #712 ) ;
#6099 = DIRECTION ( 'NONE',  ( -0.2027126583464362600, 0.9792382642371165700, 0.0000000000000000000 ) ) ;
#6100 = DIRECTION ( 'NONE',  ( 0.0000000000000000000, 0.0000000000000000000, 1.000000000000000000 ) ) ;
#6101 = ORIENTED_EDGE ( 'NONE', *, *, #1894, .T. ) ;
#6102 = VECTOR ( 'NONE', #5338, 1000.000000000000000 ) ;
#6103 =( LENGTH_UNIT ( ) NAMED_UNIT ( * ) SI_UNIT ( .MILLI., .METRE. ) );
#6104 = DIRECTION ( 'NONE',  ( -1.000000000000000000, 0.0000000000000000000, 0.0000000000000000000 ) ) ;
#6105 = PRODUCT ( '100SP1T2B4M7RE', '100SP1T2B4M7RE', '', ( #7023 ) ) ;
#6106 = EDGE_CURVE ( 'NONE', #1296, #3425, #2010, .T. ) ;
#6107 = CARTESIAN_POINT ( 'NONE',  ( -1.076621144288364400, -3.430000000000015700, 5.322201937963165500 ) ) ;
#6108 = CIRCLE ( 'NONE', #2068, 0.5000000000000073300 ) ;
#6109 = CARTESIAN_POINT ( 'NONE',  ( 4.285685424949245500, 1.157498943410821600, -0.9999999999999874500 ) ) ;
#6110 = CARTESIAN_POINT ( 'NONE',  ( -6.000000000000003600, 3.429999999999983300, 8.890000000000000600 ) ) ;
#6111 = CARTESIAN_POINT ( 'NONE',  ( -0.3800000000000040600, 1.015000000000004100, -1.549999999999997800 ) ) ;
#6112 = DIRECTION ( 'NONE',  ( 0.0000000000000000000, -1.000000000000000000, 0.0000000000000000000 ) ) ;
#6113 = EDGE_CURVE ( 'NONE', #3537, #704, #233, .T. ) ;
#6114 = CARTESIAN_POINT ( 'NONE',  ( 1.121515438327782100, -3.430000000000015700, 4.547201937963127000 ) ) ;
#6115 = ORIENTED_EDGE ( 'NONE', *, *, #6731, .F. ) ;
#6116 = ORIENTED_EDGE ( 'NONE', *, *, #4054, .T. ) ;
#6117 = CARTESIAN_POINT ( 'NONE',  ( 0.4143145750507523100, 1.049314575050752200, -0.9999999999999879000 ) ) ;
#6118 = AXIS2_PLACEMENT_3D ( 'NONE', #1249, #1276, #3451 ) ;
#6119 = CARTESIAN_POINT ( 'NONE',  ( 2.100000000000006300, -4.200000000000011700, 6.279999999999954100 ) ) ;
#6120 = AXIS2_PLACEMENT_3D ( 'NONE', #5437, #528, #6539 ) ;
#6121 = EDGE_CURVE ( 'NONE', #1654, #1264, #321, .T. ) ;
#6122 = ORIENTED_EDGE ( 'NONE', *, *, #3333, .F. ) ;
#6123 = VECTOR ( 'NONE', #1638, 1000.000000000000000 ) ;
#6124 = DIRECTION ( 'NONE',  ( 0.0000000000000000000, -1.000000000000000000, -0.0000000000000000000 ) ) ;
#6125 = ADVANCED_FACE ( 'NONE', ( #5933 ), #5861, .T. ) ;
#6126 = CARTESIAN_POINT ( 'NONE',  ( -6.000000000000003600, -3.180000000000005500, 9.390000000000007700 ) ) ;
#6127 =( NAMED_UNIT ( * ) SI_UNIT ( $, .STERADIAN. ) SOLID_ANGLE_UNIT ( ) );
#6128 = EDGE_CURVE ( 'NONE', #1687, #2319, #4580, .T. ) ;
#6129 = EDGE_CURVE ( 'NONE', #3170, #602, #3807, .T. ) ;
#6130 = EDGE_LOOP ( 'NONE', ( #4132, #965, #136, #2039, #5244, #2470, #5118, #2997, #1414, #4253, #2502, #6906 ) ) ;
#6131 = LINE ( 'NONE', #2186, #4697 ) ;
#6132 = CARTESIAN_POINT ( 'NONE',  ( -2.100000000000009000, 3.059146347820946000E-015, 14.67999999999998200 ) ) ;
#6133 = CARTESIAN_POINT ( 'NONE',  ( -3.820000000000010900, -0.1900000000000020300, -10.80000000000000800 ) ) ;
#6134 = PLANE ( 'NONE',  #1182 ) ;
#6135 = CARTESIAN_POINT ( 'NONE',  ( 1.144916938000000200E-015, -1.450229002000000200E-014, 8.380000000000009700 ) ) ;
#6136 = VECTOR ( 'NONE', #6820, 1000.000000000000000 ) ;
#6137 = DIRECTION ( 'NONE',  ( 1.000000000000000000, 0.0000000000000000000, 0.0000000000000000000 ) ) ;
#6138 = DIRECTION ( 'NONE',  ( -0.0000000000000000000, 0.0000000000000000000, -1.000000000000000000 ) ) ;
#6139 = EDGE_LOOP ( 'NONE', ( #303, #6151, #5084, #4917 ) ) ;
#6140 = FACE_BOUND ( 'NONE', #1948, .T. ) ;
#6141 = DIRECTION ( 'NONE',  ( -0.0000000000000000000, -0.0000000000000000000, -1.000000000000000000 ) ) ;
#6142 = ORIENTED_EDGE ( 'NONE', *, *, #3671, .F. ) ;
#6143 = ORIENTED_EDGE ( 'NONE', *, *, #652, .T. ) ;
#6144 = AXIS2_PLACEMENT_3D ( 'NONE', #5190, #6814, #760 ) ;
#6145 = FILL_AREA_STYLE_COLOUR ( '', #2378 ) ;
#6146 = CARTESIAN_POINT ( 'NONE',  ( -0.3800000000000040600, 0.6350000000000001200, 0.0000000000000000000 ) ) ;
#6147 = LINE ( 'NONE', #5841, #6394 ) ;
#6148 = ORIENTED_EDGE ( 'NONE', *, *, #5104, .T. ) ;
#6149 = DIRECTION ( 'NONE',  ( -0.0000000000000000000, 0.0000000000000000000, -1.000000000000000000 ) ) ;
#6150 = VECTOR ( 'NONE', #4852, 1000.000000000000000 ) ;
#6151 = ORIENTED_EDGE ( 'NONE', *, *, #665, .T. ) ;
#6152 = LINE ( 'NONE', #3961, #6230 ) ;
#6153 = DIRECTION ( 'NONE',  ( -0.9762960071198271100, 1.339084764307009300E-027, -0.2164396139385820200 ) ) ;
#6154 = VECTOR ( 'NONE', #1009, 1000.000000000000000 ) ;
#6155 = ORIENTED_EDGE ( 'NONE', *, *, #2081, .F. ) ;
#6156 = EDGE_CURVE ( 'NONE', #2604, #6324, #3459, .T. ) ;
#6157 = CIRCLE ( 'NONE', #3079, 0.4000000000000003000 ) ;
#6158 = CARTESIAN_POINT ( 'NONE',  ( 8.330000000000005400, -3.149999999999999000, 8.890000000000000600 ) ) ;
#6159 = VECTOR ( 'NONE', #6904, 1000.000000000000000 ) ;
#6160 = CARTESIAN_POINT ( 'NONE',  ( 4.046895141649740100, -1.288104858350256800, -0.3612097167005086700 ) ) ;
#6161 = EDGE_LOOP ( 'NONE', ( #6612, #885, #4393, #1399 ) ) ;
#6162 = DIRECTION ( 'NONE',  ( 0.9792382642371221200, 0.2027126583464100000, 0.0000000000000000000 ) ) ;
#6163 = ORIENTED_EDGE ( 'NONE', *, *, #3846, .F. ) ;
#6164 = ORIENTED_EDGE ( 'NONE', *, *, #5507, .T. ) ;
#6165 = PLANE ( 'NONE',  #5765 ) ;
#6166 = EDGE_LOOP ( 'NONE', ( #925, #1042, #6096, #6382, #1063, #3179, #5499, #2012, #1762, #3589, #2577, #5259 ) ) ;
#6167 = CARTESIAN_POINT ( 'NONE',  ( -0.4143145750507607500, -1.049314575050760900, -0.6000000000000046400 ) ) ;
#6168 = ORIENTED_EDGE ( 'NONE', *, *, #6902, .T. ) ;
#6169 = EDGE_CURVE ( 'NONE', #6689, #6427, #2014, .T. ) ;
#6170 = ADVANCED_FACE ( 'NONE', ( #3370 ), #2360, .T. ) ;
#6171 = CARTESIAN_POINT ( 'NONE',  ( 8.940000000000003100, -2.540000000000000500, 8.890000000000000600 ) ) ;
#6172 = CARTESIAN_POINT ( 'NONE',  ( -2.357898303544576200, 0.5100000000658047000, 16.47757706717196800 ) ) ;
#6173 = ORIENTED_EDGE ( 'NONE', *, *, #4947, .F. ) ;
#6174 = LINE ( 'NONE', #912, #5088 ) ;
#6175 = CARTESIAN_POINT ( 'NONE',  ( 1.299999999999957600, 2.919999999999987500, 0.5099999999999920200 ) ) ;
#6176 = ORIENTED_EDGE ( 'NONE', *, *, #2057, .T. ) ;
#6177 = VERTEX_POINT ( 'NONE', #6457 ) ;
#6178 = DIRECTION ( 'NONE',  ( -0.0000000000000000000, 0.0000000000000000000, -1.000000000000000000 ) ) ;
#6179 = EDGE_CURVE ( 'NONE', #5953, #3171, #5428, .T. ) ;
#6180 = EDGE_CURVE ( 'NONE', #3871, #6641, #4931, .T. ) ;
#6181 = VECTOR ( 'NONE', #6041, 1000.000000000000000 ) ;
#6182 = CARTESIAN_POINT ( 'NONE',  ( 0.06245550429509160600, -3.380000000000043900, 5.738528991902272800 ) ) ;
#6183 = CARTESIAN_POINT ( 'NONE',  ( -1.878484561672231900, -3.429999999999996600, 4.547201937963127000 ) ) ;
#6184 = ORIENTED_EDGE ( 'NONE', *, *, #2961, .T. ) ;
#6185 = CARTESIAN_POINT ( 'NONE',  ( 1.098878460175234800, -3.430000000000021900, 4.580874884024059800 ) ) ;
#6186 = LINE ( 'NONE', #1056, #1424 ) ;
#6187 = CARTESIAN_POINT ( 'NONE',  ( -0.7833451119016631200, -3.430000000000021900, 6.130874884024107600 ) ) ;
#6188 = DIRECTION ( 'NONE',  ( -1.000000000000000000, -0.0000000000000000000, 0.0000000000000000000 ) ) ;
#6189 = ORIENTED_EDGE ( 'NONE', *, *, #522, .F. ) ;
#6190 = CYLINDRICAL_SURFACE ( 'NONE', #739, 0.7041745638733795100 ) ;
#6191 = DIRECTION ( 'NONE',  ( -1.000000000000000000, 0.0000000000000000000, 0.0000000000000000000 ) ) ;
#6192 = CARTESIAN_POINT ( 'NONE',  ( 4.750000000000000000, -3.429999999999996600, 0.0000000000000000000 ) ) ;
#6193 = CARTESIAN_POINT ( 'NONE',  ( 1.936774820364507000, -3.380000000000043900, 6.547201937963128800 ) ) ;
#6194 = AXIS2_PLACEMENT_3D ( 'NONE', #6679, #4984, #2310 ) ;
#6195 = LINE ( 'NONE', #3776, #5357 ) ;
#6196 = PLANE ( 'NONE',  #4525 ) ;
#6197 = DIRECTION ( 'NONE',  ( -0.3774734178109819800, 0.0000000000000000000, -0.9260204203180919500 ) ) ;
#6198 = ADVANCED_FACE ( 'NONE', ( #6883 ), #7014, .T. ) ;
#6199 = CARTESIAN_POINT ( 'NONE',  ( -6.249999999999995600, 2.669999999999988400, 8.890000000000000600 ) ) ;
#6200 = CARTESIAN_POINT ( 'NONE',  ( -3.820000000000010900, 0.6350000000000001200, -10.30000000000000100 ) ) ;
#6201 = ORIENTED_EDGE ( 'NONE', *, *, #2064, .T. ) ;
#6202 = VERTEX_POINT ( 'NONE', #463 ) ;
#6203 = DIRECTION ( 'NONE',  ( -0.7071067811865470200, 0.0000000000000000000, 0.7071067811865480200 ) ) ;
#6204 = EDGE_CURVE ( 'NONE', #6837, #6315, #740, .T. ) ;
#6205 = ORIENTED_EDGE ( 'NONE', *, *, #779, .F. ) ;
#6206 = CARTESIAN_POINT ( 'NONE',  ( -3.155575383981974500, 3.429999999999920700, 0.0000000000000000000 ) ) ;
#6207 = CIRCLE ( 'NONE', #6118, 2.100000000000007600 ) ;
#6208 = CARTESIAN_POINT ( 'NONE',  ( 4.750000000000000000, -2.920000000000029700, 0.0000000000000000000 ) ) ;
#6209 = DIRECTION ( 'NONE',  ( -0.0000000000000000000, 1.000000000000000000, -0.0000000000000000000 ) ) ;
#6210 = DIRECTION ( 'NONE',  ( 0.0000000000000000000, 0.0000000000000000000, 1.000000000000000000 ) ) ;
#6211 = VERTEX_POINT ( 'NONE', #577 ) ;
#6212 = AXIS2_PLACEMENT_3D ( 'NONE', #2706, #5427, #5898 ) ;
#6213 = VERTEX_POINT ( 'NONE', #5484 ) ;
#6214 = LINE ( 'NONE', #7010, #5539 ) ;
#6215 = CARTESIAN_POINT ( 'NONE',  ( -2.357898303399245300, -0.5099999999999920200, 9.390000000000007700 ) ) ;
#6216 = AXIS2_PLACEMENT_3D ( 'NONE', #2277, #4412, #47 ) ;
#6217 = EDGE_CURVE ( 'NONE', #6006, #4212, #140, .T. ) ;
#6218 = VECTOR ( 'NONE', #4140, 1000.000000000000000 ) ;
#6219 = DIRECTION ( 'NONE',  ( 0.5773502691896258400, -0.5773502691896258400, 0.5773502691896258400 ) ) ;
#6220 = ORIENTED_EDGE ( 'NONE', *, *, #3815, .F. ) ;
#6221 = FACE_OUTER_BOUND ( 'NONE', #1918, .T. ) ;
#6222 = ORIENTED_EDGE ( 'NONE', *, *, #4761, .T. ) ;
#6223 = CARTESIAN_POINT ( 'NONE',  ( 4.699999999999996600, -1.015000000000004100, -0.9999999999999879000 ) ) ;
#6224 = DIRECTION ( 'NONE',  ( 0.0000000000000000000, 1.000000000000000000, 0.0000000000000000000 ) ) ;
#6225 = EDGE_CURVE ( 'NONE', #4609, #5252, #4407, .T. ) ;
#6226 = LINE ( 'NONE', #654, #937 ) ;
#6227 = SURFACE_STYLE_FILL_AREA ( #6010 ) ;
#6228 = CARTESIAN_POINT ( 'NONE',  ( -1.277228838748973900, -3.030000000000046900, -5.421010862427522200E-017 ) ) ;
#6229 = VERTEX_POINT ( 'NONE', #2 ) ;
#6230 = VECTOR ( 'NONE', #6575, 1000.000000000000100 ) ;
#6231 = CARTESIAN_POINT ( 'NONE',  ( 4.750000000000000000, 3.429999999999920700, 0.5099999999999920200 ) ) ;
#6232 = DIRECTION ( 'NONE',  ( 0.0000000000000000000, -0.0000000000000000000, 1.000000000000000000 ) ) ;
#6233 = VECTOR ( 'NONE', #5286, 1000.000000000000000 ) ;
#6234 = ORIENTED_EDGE ( 'NONE', *, *, #5691, .T. ) ;
#6235 = CARTESIAN_POINT ( 'NONE',  ( 3.402842712474618100, 2.215000000000004300, -2.710505431213761100E-017 ) ) ;
#6236 = VECTOR ( 'NONE', #6828, 1000.000000000000100 ) ;
#6237 = VERTEX_POINT ( 'NONE', #1127 ) ;
#6238 = ADVANCED_FACE ( 'NONE', ( #3982 ), #3545, .T. ) ;
#6239 = FACE_OUTER_BOUND ( 'NONE', #2588, .T. ) ;
#6240 = AXIS2_PLACEMENT_3D ( 'NONE', #6004, #1172, #4952 ) ;
#6241 = ORIENTED_EDGE ( 'NONE', *, *, #5938, .T. ) ;
#6242 = CARTESIAN_POINT ( 'NONE',  ( -2.595169651065148300, 0.5099999999089251900, 16.24566843238006400 ) ) ;
#6243 = DIRECTION ( 'NONE',  ( -0.9792382642370697200, 0.2027126583466629400, 0.0000000000000000000 ) ) ;
#6244 = DIRECTION ( 'NONE',  ( -0.0000000000000000000, -0.0000000000000000000, -1.000000000000000000 ) ) ;
#6245 = LINE ( 'NONE', #3866, #1820 ) ;
#6246 = VECTOR ( 'NONE', #4355, 1000.000000000000100 ) ;
#6247 = ORIENTED_EDGE ( 'NONE', *, *, #4803, .T. ) ;
#6248 = ORIENTED_EDGE ( 'NONE', *, *, #1750, .F. ) ;
#6249 = CARTESIAN_POINT ( 'NONE',  ( -2.174999999999936300, -2.343853911060577400, 0.6999999999999940700 ) ) ;
#6250 = ORIENTED_EDGE ( 'NONE', *, *, #2475, .F. ) ;
#6251 = ORIENTED_EDGE ( 'NONE', *, *, #877, .T. ) ;
#6252 = CARTESIAN_POINT ( 'NONE',  ( -5.080000000000001000, -1.015000000000004100, 0.0000000000000000000 ) ) ;
#6253 = AXIS2_PLACEMENT_3D ( 'NONE', #6283, #1927, #844 ) ;
#6254 = VECTOR ( 'NONE', #4870, 1000.000000000000000 ) ;
#6255 = DIRECTION ( 'NONE',  ( -0.0000000000000000000, 1.000000000000000000, -0.0000000000000000000 ) ) ;
#6256 = EDGE_CURVE ( 'NONE', #868, #3069, #5269, .T. ) ;
#6257 = VERTEX_POINT ( 'NONE', #2211 ) ;
#6258 = DIRECTION ( 'NONE',  ( -0.0000000000000000000, 1.000000000000000000, -0.0000000000000000000 ) ) ;
#6259 = ORIENTED_EDGE ( 'NONE', *, *, #6381, .F. ) ;
#6260 = EDGE_LOOP ( 'NONE', ( #2984, #3932, #4015, #5300, #6791 ) ) ;
#6261 = CARTESIAN_POINT ( 'NONE',  ( -1.839512670785433000, -2.129628155753555100E-012, 23.15269324812966900 ) ) ;
#6262 = EDGE_CURVE ( 'NONE', #2075, #3344, #2949, .T. ) ;
#6263 = PLANE ( 'NONE',  #4306 ) ;
#6264 = ORIENTED_EDGE ( 'NONE', *, *, #838, .F. ) ;
#6265 = LINE ( 'NONE', #3390, #2773 ) ;
#6266 = EDGE_CURVE ( 'NONE', #1136, #4601, #5769, .T. ) ;
#6267 = ORIENTED_EDGE ( 'NONE', *, *, #3943, .F. ) ;
#6268 = ORIENTED_EDGE ( 'NONE', *, *, #3626, .T. ) ;
#6269 = DIRECTION ( 'NONE',  ( 0.0000000000000000000, -0.0000000000000000000, -1.000000000000000000 ) ) ;
#6270 = CARTESIAN_POINT ( 'NONE',  ( -4.285685424949243800, 1.157498943410821600, -0.9999999999999879000 ) ) ;
#6271 = DIRECTION ( 'NONE',  ( 0.0000000000000000000, 0.0000000000000000000, -1.000000000000000000 ) ) ;
#6272 = CARTESIAN_POINT ( 'NONE',  ( 1.144916938000000200E-015, -3.429999999999996600, 8.380000000000009700 ) ) ;
#6273 = LINE ( 'NONE', #575, #4314 ) ;
#6274 = ADVANCED_FACE ( 'NONE', ( #2099 ), #3769, .T. ) ;
#6275 = DIRECTION ( 'NONE',  ( 1.000000000000000000, 0.0000000000000000000, -0.0000000000000000000 ) ) ;
#6276 = EDGE_CURVE ( 'NONE', #1953, #553, #6186, .T. ) ;
#6277 = EDGE_CURVE ( 'NONE', #3145, #3164, #398, .T. ) ;
#6278 = ORIENTED_EDGE ( 'NONE', *, *, #152, .F. ) ;
#6279 = VERTEX_POINT ( 'NONE', #4370 ) ;
#6280 = ADVANCED_FACE ( 'NONE', ( #1849 ), #1589, .T. ) ;
#6281 = CARTESIAN_POINT ( 'NONE',  ( -5.211238100036935900, -1.257350442411902200, -0.9583642496800607300 ) ) ;
#6282 = VECTOR ( 'NONE', #2119, 1000.000000000000000 ) ;
#6283 = CARTESIAN_POINT ( 'NONE',  ( 0.8800000000000106600, 0.6350000000000001200, -6.490000000000000200 ) ) ;
#6284 = VECTOR ( 'NONE', #6831, 1000.000000000000000 ) ;
#6285 = DIRECTION ( 'NONE',  ( -0.3774734178109641600, 0.0000000000000000000, -0.9260204203180992800 ) ) ;
#6286 = DIRECTION ( 'NONE',  ( -1.000000000000000000, 0.0000000000000000000, -0.0000000000000000000 ) ) ;
#6287 = VECTOR ( 'NONE', #4666, 1000.000000000000100 ) ;
#6288 = CARTESIAN_POINT ( 'NONE',  ( -4.077649557588090400, 1.049314575050752200, -0.9583642496800579600 ) ) ;
#6289 = PLANE ( 'NONE',  #1950 ) ;
#6290 = CARTESIAN_POINT ( 'NONE',  ( -6.350000000000000500, -3.429999999999996600, 0.0000000000000000000 ) ) ;
#6291 = AXIS2_PLACEMENT_3D ( 'NONE', #1093, #3833, #7054 ) ;
#6292 = DIRECTION ( 'NONE',  ( -1.000000000000000000, -0.0000000000000000000, 0.0000000000000000000 ) ) ;
#6293 = ORIENTED_EDGE ( 'NONE', *, *, #755, .F. ) ;
#6294 = LINE ( 'NONE', #2439, #2029 ) ;
#6295 = DIRECTION ( 'NONE',  ( 1.000000000000000000, 0.0000000000000000000, 0.0000000000000000000 ) ) ;
#6296 = VERTEX_POINT ( 'NONE', #3254 ) ;
#6297 = EDGE_LOOP ( 'NONE', ( #5704, #1180, #3500, #2759 ) ) ;
#6298 = VECTOR ( 'NONE', #6046, 1000.000000000000000 ) ;
#6299 = CARTESIAN_POINT ( 'NONE',  ( 0.4143145750507523100, -1.049314575050752200, -0.5999999999999875400 ) ) ;
#6300 = EDGE_CURVE ( 'NONE', #5646, #1146, #1500, .T. ) ;
#6301 = VERTEX_POINT ( 'NONE', #6477 ) ;
#6302 = DIRECTION ( 'NONE',  ( 0.0000000000000000000, 0.0000000000000000000, -1.000000000000000000 ) ) ;
#6303 = VERTEX_POINT ( 'NONE', #3222 ) ;
#6304 = LINE ( 'NONE', #3817, #2724 ) ;
#6305 = DIRECTION ( 'NONE',  ( 0.0000000000000000000, 0.0000000000000000000, -1.000000000000000000 ) ) ;
#6306 = LINE ( 'NONE', #1434, #428 ) ;
#6307 = EDGE_CURVE ( 'NONE', #1554, #3092, #6449, .T. ) ;
#6308 = CARTESIAN_POINT ( 'NONE',  ( 0.8800000000000106600, 0.8250000000000021800, -6.490000000000000200 ) ) ;
#6309 = DIRECTION ( 'NONE',  ( -1.000000000000000000, -0.0000000000000000000, 0.0000000000000000000 ) ) ;
#6310 = FACE_OUTER_BOUND ( 'NONE', #6873, .T. ) ;
#6311 = ORIENTED_EDGE ( 'NONE', *, *, #4228, .F. ) ;
#6312 = FACE_BOUND ( 'NONE', #3463, .T. ) ;
#6313 = ORIENTED_EDGE ( 'NONE', *, *, #146, .T. ) ;
#6314 = CARTESIAN_POINT ( 'NONE',  ( -1.587205423006550000, 2.818925648462311500E-015, 21.83942099861425500 ) ) ;
#6315 = VERTEX_POINT ( 'NONE', #4872 ) ;
#6316 = CIRCLE ( 'NONE', #3502, 0.7600000000000081100 ) ;
#6317 = VERTEX_POINT ( 'NONE', #4346 ) ;
#6318 =( BOUNDED_CURVE ( )  B_SPLINE_CURVE ( 3, ( #1531, #928, #6987, #5306 ),
 .UNSPECIFIED., .F., .F. ) 
 B_SPLINE_CURVE_WITH_KNOTS ( ( 4, 4 ),
 ( 2.617993877991481500, 3.665191429188105100 ),
 .UNSPECIFIED. ) 
 CURVE ( )  GEOMETRIC_REPRESENTATION_ITEM ( )  RATIONAL_B_SPLINE_CURVE ( ( 1.000000000000000000, 0.9106836025229547700, 0.9106836025229547700, 1.000000000000000000 ) ) 
 REPRESENTATION_ITEM ( '' )  );
#6319 = VECTOR ( 'NONE', #5287, 1000.000000000000000 ) ;
#6320 = ORIENTED_EDGE ( 'NONE', *, *, #3280, .F. ) ;
#6321 = CARTESIAN_POINT ( 'NONE',  ( 8.330000000000005400, -2.540000000000000500, 8.890000000000000600 ) ) ;
#6322 = CIRCLE ( 'NONE', #5582, 0.4000000000000001900 ) ;
#6323 = CARTESIAN_POINT ( 'NONE',  ( -3.049999999999992300, -2.920000000000029700, 8.129999999999993700 ) ) ;
#6324 = VERTEX_POINT ( 'NONE', #1023 ) ;
#6325 = VECTOR ( 'NONE', #266, 1000.000000000000000 ) ;
#6326 = CARTESIAN_POINT ( 'NONE',  ( 6.249999999999994700, 3.429999999999996600, 8.890000000000000600 ) ) ;
#6327 = FACE_OUTER_BOUND ( 'NONE', #4865, .T. ) ;
#6328 = EDGE_LOOP ( 'NONE', ( #3016, #1438, #3922 ) ) ;
#6329 = CARTESIAN_POINT ( 'NONE',  ( 0.6971572875253858600, 1.049314575050752200, -0.8828427124746209800 ) ) ;
#6330 = FACE_OUTER_BOUND ( 'NONE', #425, .T. ) ;
#6331 = CIRCLE ( 'NONE', #456, 0.7041745638733795100 ) ;
#6332 = AXIS2_PLACEMENT_3D ( 'NONE', #6778, #6243, #728 ) ;
#6333 = VERTEX_POINT ( 'NONE', #3799 ) ;
#6334 = EDGE_LOOP ( 'NONE', ( #2587, #6408, #2942, #5783 ) ) ;
#6335 = ORIENTED_EDGE ( 'NONE', *, *, #4927, .T. ) ;
#6336 = CARTESIAN_POINT ( 'NONE',  ( -5.080000000000001000, -0.6350000000000001200, 0.0000000000000000000 ) ) ;
#6337 = VERTEX_POINT ( 'NONE', #4905 ) ;
#6338 = DIRECTION ( 'NONE',  ( 0.0000000000000000000, 0.0000000000000000000, 1.000000000000000000 ) ) ;
#6339 = EDGE_LOOP ( 'NONE', ( #2837, #981, #716, #2359 ) ) ;
#6340 = ORIENTED_EDGE ( 'NONE', *, *, #5544, .T. ) ;
#6341 = ADVANCED_FACE ( 'NONE', ( #658 ), #6792, .T. ) ;
#6342 = PLANE ( 'NONE',  #5621 ) ;
#6343 = DIRECTION ( 'NONE',  ( -0.0000000000000000000, 0.0000000000000000000, -1.000000000000000000 ) ) ;
#6344 = VERTEX_POINT ( 'NONE', #6650 ) ;
#6345 = CARTESIAN_POINT ( 'NONE',  ( 3.049999999999997600, -2.920000000000028800, 0.5099999999999921300 ) ) ;
#6346 = AXIS2_PLACEMENT_3D ( 'NONE', #3558, #6809, #847 ) ;
#6347 = DIRECTION ( 'NONE',  ( 1.000000000000000000, 0.0000000000000000000, 0.0000000000000000000 ) ) ;
#6348 = EDGE_LOOP ( 'NONE', ( #5830, #5115, #5, #1699 ) ) ;
#6349 = ORIENTED_EDGE ( 'NONE', *, *, #184, .F. ) ;
#6350 = ORIENTED_EDGE ( 'NONE', *, *, #1848, .F. ) ;
#6351 = EDGE_CURVE ( 'NONE', #6229, #6665, #3190, .T. ) ;
#6352 = CARTESIAN_POINT ( 'NONE',  ( -4.319999999999992300, 0.6350000000000001200, -1.549999999999997600 ) ) ;
#6353 = FACE_OUTER_BOUND ( 'NONE', #4129, .T. ) ;
#6354 = DIRECTION ( 'NONE',  ( 1.000000000000000000, 0.0000000000000000000, 0.0000000000000000000 ) ) ;
#6355 = EDGE_CURVE ( 'NONE', #1264, #3302, #53, .T. ) ;
#6356 = AXIS2_PLACEMENT_3D ( 'NONE', #4624, #6794, #5207 ) ;
#6357 = EDGE_CURVE ( 'NONE', #3698, #661, #133, .T. ) ;
#6358 = DIRECTION ( 'NONE',  ( 0.0000000000000000000, -0.0000000000000000000, -1.000000000000000000 ) ) ;
#6359 = DIRECTION ( 'NONE',  ( 0.0000000000000000000, 1.000000000000000000, 0.0000000000000000000 ) ) ;
#6360 = VECTOR ( 'NONE', #106, 1000.000000000000000 ) ;
#6361 = CARTESIAN_POINT ( 'NONE',  ( -0.7607081337491425900, -3.429999999999996600, 6.097201937963201400 ) ) ;
#6362 = EDGE_CURVE ( 'NONE', #5717, #6842, #2777, .T. ) ;
#6363 = EDGE_CURVE ( 'NONE', #6571, #5637, #4234, .T. ) ;
#6364 = CARTESIAN_POINT ( 'NONE',  ( 0.6971572875253818600, 1.049314575050752400, -0.8828427124746169900 ) ) ;
#6365 = CIRCLE ( 'NONE', #6981, 0.6099999999999976600 ) ;
#6366 = CARTESIAN_POINT ( 'NONE',  ( 5.398487006990687400, 1.157498943410819200, -0.8815067120431568900 ) ) ;
#6367 = ADVANCED_FACE ( 'NONE', ( #5597 ), #2176, .T. ) ;
#6368 = AXIS2_PLACEMENT_3D ( 'NONE', #4891, #3143, #6465 ) ;
#6369 = EDGE_LOOP ( 'NONE', ( #2895, #3785, #110, #3963, #377, #4744, #4977, #16 ) ) ;
#6370 = VECTOR ( 'NONE', #3026, 1000.000000000000000 ) ;
#6371 = CARTESIAN_POINT ( 'NONE',  ( 0.6984870069906780100, 1.049314575050752200, -0.8815067120431439000 ) ) ;
#6372 = ORIENTED_EDGE ( 'NONE', *, *, #5046, .T. ) ;
#6373 = DIRECTION ( 'NONE',  ( 0.0000000000000000000, 0.0000000000000000000, 1.000000000000000000 ) ) ;
#6374 = VERTEX_POINT ( 'NONE', #123 ) ;
#6375 = ORIENTED_EDGE ( 'NONE', *, *, #5189, .F. ) ;
#6376 = DIRECTION ( 'NONE',  ( -1.000000000000000000, 0.0000000000000000000, -0.0000000000000000000 ) ) ;
#6377 = VECTOR ( 'NONE', #6672, 1000.000000000000000 ) ;
#6378 = CARTESIAN_POINT ( 'NONE',  ( 9.530000000000004700, 0.6350000000000001200, -3.180000000000005500 ) ) ;
#6379 = AXIS2_PLACEMENT_3D ( 'NONE', #5430, #2727, #2200 ) ;
#6380 = DIRECTION ( 'NONE',  ( 1.000000000000000000, 0.0000000000000000000, 0.0000000000000000000 ) ) ;
#6381 = EDGE_CURVE ( 'NONE', #4909, #6074, #3719, .T. ) ;
#6382 = ORIENTED_EDGE ( 'NONE', *, *, #1372, .T. ) ;
#6383 = FACE_OUTER_BOUND ( 'NONE', #3377, .T. ) ;
#6384 = CARTESIAN_POINT ( 'NONE',  ( -4.750000000000000000, -3.429999999999996600, 0.0000000000000000000 ) ) ;
#6385 = CARTESIAN_POINT ( 'NONE',  ( 3.155575383981996200, -3.429999999999997100, 0.5099999999999920200 ) ) ;
#6386 = CARTESIAN_POINT ( 'NONE',  ( 2.175000000000012300, -2.343853911060577400, 0.6999999999999940700 ) ) ;
#6387 = LINE ( 'NONE', #1888, #2042 ) ;
#6388 = ORIENTED_EDGE ( 'NONE', *, *, #1200, .T. ) ;
#6389 = LINE ( 'NONE', #1177, #4969 ) ;
#6390 = VERTEX_POINT ( 'NONE', #6608 ) ;
#6391 = CARTESIAN_POINT ( 'NONE',  ( 0.0000000000000000000, 0.0000000000000000000, 0.0000000000000000000 ) ) ;
#6392 = EDGE_CURVE ( 'NONE', #3456, #2528, #6957, .T. ) ;
#6393 = CARTESIAN_POINT ( 'NONE',  ( -0.4143145750507522500, 1.049314575050752200, -0.5999999999999875400 ) ) ;
#6394 = VECTOR ( 'NONE', #6429, 1000.000000000000000 ) ;
#6395 = CIRCLE ( 'NONE', #5265, 0.7041745638733795100 ) ;
#6396 = VERTEX_POINT ( 'NONE', #1250 ) ;
#6397 = CIRCLE ( 'NONE', #4349, 1.259999999999989400 ) ;
#6398 = ORIENTED_EDGE ( 'NONE', *, *, #2377, .F. ) ;
#6399 = DIRECTION ( 'NONE',  ( 0.0000000000000000000, -1.000000000000000000, 0.0000000000000000000 ) ) ;
#6400 = EDGE_CURVE ( 'NONE', #5639, #5508, #6617, .T. ) ;
#6401 = ADVANCED_FACE ( 'NONE', ( #3540 ), #5260, .T. ) ;
#6402 = CARTESIAN_POINT ( 'NONE',  ( -3.119999999999991700, -1.932157287525372500, -5.316339000000246900E-017 ) ) ;
#6403 = EDGE_CURVE ( 'NONE', #6337, #4994, #6441, .T. ) ;
#6404 = LINE ( 'NONE', #1827, #1381 ) ;
#6405 = ORIENTED_EDGE ( 'NONE', *, *, #6300, .F. ) ;
#6406 = DIRECTION ( 'NONE',  ( -0.3774734178109788700, 0.0000000000000000000, -0.9260204203180932800 ) ) ;
#6407 = LINE ( 'NONE', #6183, #6236 ) ;
#6408 = ORIENTED_EDGE ( 'NONE', *, *, #1570, .T. ) ;
#6409 = FILL_AREA_STYLE_COLOUR ( '', #574 ) ;
#6410 = ORIENTED_EDGE ( 'NONE', *, *, #4000, .F. ) ;
#6411 = ORIENTED_EDGE ( 'NONE', *, *, #5535, .F. ) ;
#6412 = DIRECTION ( 'NONE',  ( -0.0000000000000000000, 0.0000000000000000000, 1.000000000000000000 ) ) ;
#6413 = CIRCLE ( 'NONE', #3215, 0.4000000000000003000 ) ;
#6414 = CARTESIAN_POINT ( 'NONE',  ( -1.485445322352678700, 2.024174563873385700, 0.5099999999999920200 ) ) ;
#6415 = CARTESIAN_POINT ( 'NONE',  ( -1.587205423006550000, 2.818925648462311500E-015, 21.83942099861425500 ) ) ;
#6416 = VECTOR ( 'NONE', #3904, 1000.000000000000000 ) ;
#6417 = ORIENTED_EDGE ( 'NONE', *, *, #1871, .F. ) ;
#6418 = ORIENTED_EDGE ( 'NONE', *, *, #4454, .T. ) ;
#6419 = ORIENTED_EDGE ( 'NONE', *, *, #4728, .T. ) ;
#6420 = DIRECTION ( 'NONE',  ( -0.5773502691896258400, 0.5773502691896254000, 0.5773502691896261800 ) ) ;
#6421 = ORIENTED_EDGE ( 'NONE', *, *, #4310, .T. ) ;
#6422 = CARTESIAN_POINT ( 'NONE',  ( 2.328693082000000200E-016, -1.079998094000000000E-015, 9.390000000000007700 ) ) ;
#6423 = CARTESIAN_POINT ( 'NONE',  ( 1.299999999999998900, -2.919999999999967500, 0.0000000000000000000 ) ) ;
#6424 = ORIENTED_EDGE ( 'NONE', *, *, #1644, .F. ) ;
#6425 = ORIENTED_EDGE ( 'NONE', *, *, #779, .T. ) ;
#6426 = AXIS2_PLACEMENT_3D ( 'NONE', #494, #1548, #4825 ) ;
#6427 = VERTEX_POINT ( 'NONE', #3395 ) ;
#6428 = PLANE ( 'NONE',  #508 ) ;
#6429 = DIRECTION ( 'NONE',  ( -0.0000000000000000000, -1.000000000000000000, 0.0000000000000000000 ) ) ;
#6430 = CARTESIAN_POINT ( 'NONE',  ( -4.285685424949244600, 1.332157287525378700, -0.8828427124746135400 ) ) ;
#6431 = ORIENTED_EDGE ( 'NONE', *, *, #5276, .T. ) ;
#6432 = CIRCLE ( 'NONE', #1006, 0.4000000000000001900 ) ;
#6433 = CARTESIAN_POINT ( 'NONE',  ( -0.3767973192526478100, 0.6350000000000001200, -1.549999999999997600 ) ) ;
#6434 = VERTEX_POINT ( 'NONE', #6071 ) ;
#6435 = ORIENTED_EDGE ( 'NONE', *, *, #6911, .F. ) ;
#6436 = DIRECTION ( 'NONE',  ( -0.7071067811865477900, 0.0000000000000000000, 0.7071067811865472400 ) ) ;
#6437 = ORIENTED_EDGE ( 'NONE', *, *, #3626, .F. ) ;
#6438 = CARTESIAN_POINT ( 'NONE',  ( -5.114314575050765500, 1.049314575050768900, -0.5999999999999964300 ) ) ;
#6439 = AXIS2_PLACEMENT_3D ( 'NONE', #3174, #2167, #5965 ) ;
#6440 = CARTESIAN_POINT ( 'NONE',  ( 1.387779038000000200E-015, 2.215000000000004700, 0.0000000000000000000 ) ) ;
#6441 = LINE ( 'NONE', #3324, #5014 ) ;
#6442 = CARTESIAN_POINT ( 'NONE',  ( 1.580000000000004700, -1.932157287525372500, -5.316339000000246900E-017 ) ) ;
#6443 = ORIENTED_EDGE ( 'NONE', *, *, #4318, .T. ) ;
#6444 = EDGE_CURVE ( 'NONE', #2246, #3822, #3630, .T. ) ;
#6445 = ADVANCED_FACE ( 'NONE', ( #4656 ), #3803, .T. ) ;
#6446 = CARTESIAN_POINT ( 'NONE',  ( 1.414791470714503300, -3.430000000000028600, 5.355874884024059300 ) ) ;
#6447 = ORIENTED_EDGE ( 'NONE', *, *, #2189, .T. ) ;
#6448 = DIRECTION ( 'NONE',  ( 0.0000000000000000000, 0.0000000000000000000, -1.000000000000000000 ) ) ;
#6449 = LINE ( 'NONE', #5393, #6282 ) ;
#6450 = DIRECTION ( 'NONE',  ( 1.000000000000000000, 0.0000000000000000000, 0.0000000000000000000 ) ) ;
#6451 = VERTEX_POINT ( 'NONE', #3991 ) ;
#6452 = EDGE_LOOP ( 'NONE', ( #1049, #3180, #4478, #4597, #6424, #2674, #6173, #6122 ) ) ;
#6453 = CARTESIAN_POINT ( 'NONE',  ( -1.277228838748982500, 3.029999999999996300, -2.710505431213761100E-017 ) ) ;
#6454 = VECTOR ( 'NONE', #6420, 1000.000000000000000 ) ;
#6455 = DIRECTION ( 'NONE',  ( 0.0000000000000000000, 0.0000000000000000000, 1.000000000000000000 ) ) ;
#6456 = DIRECTION ( 'NONE',  ( -0.0000000000000000000, -1.000000000000000000, -0.0000000000000000000 ) ) ;
#6457 = CARTESIAN_POINT ( 'NONE',  ( 4.750000000000000000, -3.430000000000004600, 8.380000000000009700 ) ) ;
#6458 = CARTESIAN_POINT ( 'NONE',  ( -1.299999999999984300, -2.920000000000030100, 0.5099999999999921300 ) ) ;
#6459 = CARTESIAN_POINT ( 'NONE',  ( -5.080000000000001000, 1.015000000000004100, -1.549999999999997800 ) ) ;
#6460 = ORIENTED_EDGE ( 'NONE', *, *, #6179, .T. ) ;
#6461 = CIRCLE ( 'NONE', #1937, 1.337397979817464400 ) ;
#6462 = DIRECTION ( 'NONE',  ( 0.2027126583464380600, -0.9792382642371162400, -0.0000000000000000000 ) ) ;
#6463 = APPLICATION_PROTOCOL_DEFINITION ( 'draft international standard', 'automotive_design', 1998, #1068 ) ;
#6464 = AXIS2_PLACEMENT_3D ( 'NONE', #2605, #466, #1509 ) ;
#6465 = DIRECTION ( 'NONE',  ( 0.0000000000000000000, 0.0000000000000000000, -1.000000000000000000 ) ) ;
#6466 = ORIENTED_EDGE ( 'NONE', *, *, #5150, .F. ) ;
#6467 = ORIENTED_EDGE ( 'NONE', *, *, #146, .F. ) ;
#6468 = VECTOR ( 'NONE', #6606, 1000.000000000000000 ) ;
#6469 = CARTESIAN_POINT ( 'NONE',  ( 6.350000000000000500, -3.429999999999997100, 8.380000000000009700 ) ) ;
#6470 = ADVANCED_FACE ( 'NONE', ( #2606 ), #1743, .T. ) ;
#6471 = EDGE_LOOP ( 'NONE', ( #1873, #5916, #610 ) ) ;
#6472 = DIRECTION ( 'NONE',  ( 0.0000000000000000000, 1.000000000000000000, 0.0000000000000000000 ) ) ;
#6473 = LINE ( 'NONE', #2641, #3221 ) ;
#6474 = CARTESIAN_POINT ( 'NONE',  ( -1.194424616018025000, -3.430000000000021900, 0.5099999999999920200 ) ) ;
#6475 = AXIS2_PLACEMENT_3D ( 'NONE', #4741, #5270, #5758 ) ;
#6476 = AXIS2_PLACEMENT_3D ( 'NONE', #782, #6258, #4598 ) ;
#6477 = CARTESIAN_POINT ( 'NONE',  ( 1.437428448867025300, -3.380000000000043900, 5.322201937963152200 ) ) ;
#6478 = EDGE_CURVE ( 'NONE', #3714, #2056, #3977, .T. ) ;
#6479 = LINE ( 'NONE', #5935, #604 ) ;
#6480 = VECTOR ( 'NONE', #4495, 1000.000000000000000 ) ;
#6481 = DIRECTION ( 'NONE',  ( 0.3774734178109658800, -0.0000000000000000000, 0.9260204203180986100 ) ) ;
#6482 = ORIENTED_EDGE ( 'NONE', *, *, #1857, .F. ) ;
#6483 = FACE_OUTER_BOUND ( 'NONE', #5400, .T. ) ;
#6484 = DIRECTION ( 'NONE',  ( 0.0000000000000000000, -0.0000000000000000000, 1.000000000000000000 ) ) ;
#6485 = ORIENTED_EDGE ( 'NONE', *, *, #3952, .F. ) ;
#6486 = EDGE_CURVE ( 'NONE', #6396, #6919, #4149, .T. ) ;
#6487 = CYLINDRICAL_SURFACE ( 'NONE', #4889, 0.6099999999999976600 ) ;
#6488 = ORIENTED_EDGE ( 'NONE', *, *, #373, .F. ) ;
#6489 = AXIS2_PLACEMENT_3D ( 'NONE', #3086, #2970, #4605 ) ;
#6490 = CIRCLE ( 'NONE', #6980, 1.259999999999989400 ) ;
#6491 = AXIS2_PLACEMENT_3D ( 'NONE', #1152, #6703, #1190 ) ;
#6492 = ORIENTED_EDGE ( 'NONE', *, *, #198, .F. ) ;
#6493 = EDGE_CURVE ( 'NONE', #4333, #4049, #2685, .T. ) ;
#6494 =( NAMED_UNIT ( * ) SI_UNIT ( $, .STERADIAN. ) SOLID_ANGLE_UNIT ( ) );
#6495 = CIRCLE ( 'NONE', #1336, 0.7600000000000081100 ) ;
#6496 = ADVANCED_FACE ( 'NONE', ( #7042 ), #5511, .T. ) ;
#6497 = CARTESIAN_POINT ( 'NONE',  ( -0.3799999999999913400, 0.6350000000000001200, -6.490000000000000200 ) ) ;
#6498 = ORIENTED_EDGE ( 'NONE', *, *, #2438, .F. ) ;
#6499 = VECTOR ( 'NONE', #2726, 1000.000000000000100 ) ;
#6500 = VERTEX_POINT ( 'NONE', #4036 ) ;
#6501 = CIRCLE ( 'NONE', #5347, 0.5000000000000065500 ) ;
#6502 = ORIENTED_EDGE ( 'NONE', *, *, #3576, .F. ) ;
#6503 = PLANE ( 'NONE',  #4633 ) ;
#6504 = ORIENTED_EDGE ( 'NONE', *, *, #5356, .F. ) ;
#6505 = EDGE_CURVE ( 'NONE', #5656, #4609, #1755, .T. ) ;
#6506 = DIRECTION ( 'NONE',  ( 0.0000000000000000000, -1.000000000000000000, 0.0000000000000000000 ) ) ;
#6507 = EDGE_CURVE ( 'NONE', #4237, #2737, #1248, .T. ) ;
#6508 = CARTESIAN_POINT ( 'NONE',  ( 9.530000000000004700, -0.6350000000000001200, -7.749999999999997300 ) ) ;
#6509 = CARTESIAN_POINT ( 'NONE',  ( 6.350000000000000500, -3.429999999999996600, 5.322201937963125600 ) ) ;
#6510 = LINE ( 'NONE', #990, #4466 ) ;
#6511 = CIRCLE ( 'NONE', #4113, 1.259999999999989400 ) ;
#6512 = CARTESIAN_POINT ( 'NONE',  ( 1.300000000000007100, -2.920000000000004400, 0.6999999999999940700 ) ) ;
#6513 = ORIENTED_EDGE ( 'NONE', *, *, #2697, .T. ) ;
#6514 = ORIENTED_EDGE ( 'NONE', *, *, #697, .F. ) ;
#6515 = ORIENTED_EDGE ( 'NONE', *, *, #4527, .F. ) ;
#6516 = ORIENTED_EDGE ( 'NONE', *, *, #6879, .F. ) ;
#6517 = ORIENTED_EDGE ( 'NONE', *, *, #1019, .F. ) ;
#6518 = CARTESIAN_POINT ( 'NONE',  ( 0.3800000000000040600, -0.6350000000000001200, -6.490000000000000200 ) ) ;
#6519 = ORIENTED_EDGE ( 'NONE', *, *, #5034, .F. ) ;
#6520 = AXIS2_PLACEMENT_3D ( 'NONE', #3081, #1517, #6903 ) ;
#6521 = ADVANCED_FACE ( 'NONE', ( #1161 ), #3701, .T. ) ;
#6522 = CARTESIAN_POINT ( 'NONE',  ( -0.7833451119016666700, -3.380000000000043900, 6.130874884024102300 ) ) ;
#6523 = EDGE_LOOP ( 'NONE', ( #2145, #2642, #1899, #5102 ) ) ;
#6524 = CIRCLE ( 'NONE', #2842, 0.4000000000000005200 ) ;
#6525 = ORIENTED_EDGE ( 'NONE', *, *, #4863, .T. ) ;
#6526 = ORIENTED_EDGE ( 'NONE', *, *, #4685, .F. ) ;
#6527 = ORIENTED_EDGE ( 'NONE', *, *, #4219, .F. ) ;
#6528 = DIRECTION ( 'NONE',  ( -1.000000000000000000, -0.0000000000000000000, 0.0000000000000000000 ) ) ;
#6529 = CARTESIAN_POINT ( 'NONE',  ( 8.330000000000005400, -2.540000000000000500, 9.390000000000007700 ) ) ;
#6530 = LINE ( 'NONE', #6623, #4061 ) ;
#6531 = B_SPLINE_CURVE_WITH_KNOTS ( 'NONE', 3,
 ( #3217, #3790, #26, #550 ),
 .UNSPECIFIED., .F., .F.,
 ( 4, 4 ),
 ( 1.748857642668338700E-012, 6.365765036889714200E-005 ),
 .UNSPECIFIED. ) ;
#6532 = EDGE_CURVE ( 'NONE', #6202, #3877, #315, .T. ) ;
#6533 = CARTESIAN_POINT ( 'NONE',  ( 6.000000000000003600, -3.429999999999996600, 8.890000000000000600 ) ) ;
#6534 = DIRECTION ( 'NONE',  ( -0.0000000000000000000, -1.000000000000000000, -0.0000000000000000000 ) ) ;
#6535 = DIRECTION ( 'NONE',  ( -1.000000000000000000, -0.0000000000000000000, -0.0000000000000000000 ) ) ;
#6536 = ORIENTED_EDGE ( 'NONE', *, *, #5273, .T. ) ;
#6537 = DIRECTION ( 'NONE',  ( 0.0000000000000000000, 0.0000000000000000000, -1.000000000000000000 ) ) ;
#6538 = ORIENTED_EDGE ( 'NONE', *, *, #4537, .T. ) ;
#6539 = DIRECTION ( 'NONE',  ( 0.0000000000000000000, 0.0000000000000000000, 1.000000000000000000 ) ) ;
#6540 = ADVANCED_FACE ( 'NONE', ( #1337 ), #5089, .T. ) ;
#6541 = CARTESIAN_POINT ( 'NONE',  ( 5.190451139629542100, -1.333487006990677900, -0.8815067120431440100 ) ) ;
#6542 = DIRECTION ( 'NONE',  ( -1.000000000000000000, 8.783411735322450300E-017, -8.783411735322438000E-017 ) ) ;
#6543 = EDGE_CURVE ( 'NONE', #6939, #1687, #5345, .T. ) ;
#6544 = LINE ( 'NONE', #5465, #3637 ) ;
#6545 = DIRECTION ( 'NONE',  ( 1.000000000000000000, 0.0000000000000000000, -0.0000000000000000000 ) ) ;
#6546 = APPLICATION_CONTEXT ( 'automotive_design' ) ;
#6547 = DIRECTION ( 'NONE',  ( 0.0000000000000000000, 0.0000000000000000000, 1.000000000000000000 ) ) ;
#6548 = VECTOR ( 'NONE', #1495, 1000.000000000000000 ) ;
#6549 = DIRECTION ( 'NONE',  ( -0.0000000000000000000, -1.000000000000000000, -0.0000000000000000000 ) ) ;
#6550 = EDGE_CURVE ( 'NONE', #3434, #1135, #1932, .T. ) ;
#6551 = EDGE_CURVE ( 'NONE', #3609, #1788, #2264, .T. ) ;
#6552 = VERTEX_POINT ( 'NONE', #1318 ) ;
#6553 = DIRECTION ( 'NONE',  ( 1.000000000000000000, 0.0000000000000000000, -0.0000000000000000000 ) ) ;
#6554 = FACE_OUTER_BOUND ( 'NONE', #1958, .T. ) ;
#6555 = DIRECTION ( 'NONE',  ( 0.0000000000000000000, 0.0000000000000000000, 1.000000000000000000 ) ) ;
#6556 = EDGE_LOOP ( 'NONE', ( #3644, #3767, #5006, #5896 ) ) ;
#6557 = ORIENTED_EDGE ( 'NONE', *, *, #160, .T. ) ;
#6558 = VECTOR ( 'NONE', #4564, 1000.000000000000000 ) ;
#6559 = DIRECTION ( 'NONE',  ( 0.0000000000000000000, 0.0000000000000000000, -1.000000000000000000 ) ) ;
#6560 = CARTESIAN_POINT ( 'NONE',  ( -5.080000000000001000, 1.015000000000004100, -0.9999999999999879000 ) ) ;
#6561 = SURFACE_STYLE_USAGE ( .BOTH. , #5009 ) ;
#6562 = CARTESIAN_POINT ( 'NONE',  ( 9.530000000000004700, 0.6350000000000001200, -11.55999999999999500 ) ) ;
#6563 = ORIENTED_EDGE ( 'NONE', *, *, #3056, .F. ) ;
#6564 = EDGE_LOOP ( 'NONE', ( #2459, #3239, #219, #6601 ) ) ;
#6565 = LINE ( 'NONE', #2281, #3487 ) ;
#6566 = DIRECTION ( 'NONE',  ( -0.0000000000000000000, 1.000000000000000000, 0.0000000000000000000 ) ) ;
#6567 = ADVANCED_FACE ( 'NONE', ( #1584, #2862 ), #4764, .T. ) ;
#6568 = CARTESIAN_POINT ( 'NONE',  ( -0.8931877833301064000, -3.430000000000015700, 5.772201937963187000 ) ) ;
#6569 = DIRECTION ( 'NONE',  ( -1.242162000000000200E-016, -0.7071067811865480200, -0.7071067811865470200 ) ) ;
#6570 = VECTOR ( 'NONE', #3528, 1000.000000000000100 ) ;
#6571 = VERTEX_POINT ( 'NONE', #3389 ) ;
#6572 = CYLINDRICAL_SURFACE ( 'NONE', #3472, 0.5000000000000065500 ) ;
#6573 = B_SPLINE_CURVE_WITH_KNOTS ( 'NONE', 3,
 ( #6172, #6242, #796, #5100 ),
 .UNSPECIFIED., .F., .F.,
 ( 4, 4 ),
 ( 0.0000000000000000000, 0.0009953460524116596800 ),
 .UNSPECIFIED. ) ;
#6574 = DIRECTION ( 'NONE',  ( -1.000000000000000000, 0.0000000000000000000, 0.0000000000000000000 ) ) ;
#6575 = DIRECTION ( 'NONE',  ( -0.2027126583464354800, -0.9792382642371166800, 0.0000000000000000000 ) ) ;
#6576 = VECTOR ( 'NONE', #59, 1000.000000000000000 ) ;
#6577 = DIRECTION ( 'NONE',  ( 0.0000000000000000000, 1.000000000000000000, 0.0000000000000000000 ) ) ;
#6578 = CARTESIAN_POINT ( 'NONE',  ( -0.3799999999999787400, 0.8250000000000021800, -6.490000000000000200 ) ) ;
#6579 = VECTOR ( 'NONE', #1585, 1000.000000000000000 ) ;
#6580 = EDGE_LOOP ( 'NONE', ( #4810, #4705, #5242, #2419 ) ) ;
#6581 = FACE_OUTER_BOUND ( 'NONE', #4641, .T. ) ;
#6582 = CARTESIAN_POINT ( 'NONE',  ( 6.249999999999994700, 1.930000000000001700, 8.890000000000000600 ) ) ;
#6583 = EDGE_CURVE ( 'NONE', #6686, #2120, #1173, .T. ) ;
#6584 = CARTESIAN_POINT ( 'NONE',  ( -4.188761899963072500, -1.257350442411906200, -0.9583642496800578400 ) ) ;
#6585 = VECTOR ( 'NONE', #4150, 1000.000000000000000 ) ;
#6586 = CARTESIAN_POINT ( 'NONE',  ( 6.249999999999994700, -1.930000000000001700, 8.890000000000000600 ) ) ;
#6587 = VECTOR ( 'NONE', #85, 1000.000000000000000 ) ;
#6588 = ORIENTED_EDGE ( 'NONE', *, *, #2979, .T. ) ;
#6589 = ORIENTED_EDGE ( 'NONE', *, *, #4316, .F. ) ;
#6590 = ORIENTED_EDGE ( 'NONE', *, *, #5449, .F. ) ;
#6591 = CARTESIAN_POINT ( 'NONE',  ( 4.750000000000000000, 2.919999999999928400, 0.0000000000000000000 ) ) ;
#6592 = AXIS2_PLACEMENT_3D ( 'NONE', #2373, #771, #6197 ) ;
#6593 = PRODUCT_DEFINITION_SHAPE ( 'NONE', 'NONE',  #7075 ) ;
#6594 = CIRCLE ( 'NONE', #1771, 0.4000000000000002400 ) ;
#6595 = VECTOR ( 'NONE', #3274, 1000.000000000000000 ) ;
#6596 = EDGE_LOOP ( 'NONE', ( #3962, #4819, #4922, #6443 ) ) ;
#6597 = CARTESIAN_POINT ( 'NONE',  ( 5.114314575050773500, -1.049314575050752200, -0.9999999999999879000 ) ) ;
#6598 = CARTESIAN_POINT ( 'NONE',  ( 2.100000000000006300, 2.801970520000000400E-015, 14.67999999999998200 ) ) ;
#6599 = EDGE_LOOP ( 'NONE', ( #2080, #4832, #4569, #5193 ) ) ;
#6600 = ORIENTED_EDGE ( 'NONE', *, *, #2356, .T. ) ;
#6601 = ORIENTED_EDGE ( 'NONE', *, *, #3815, .T. ) ;
#6602 = DIRECTION ( 'NONE',  ( -0.0000000000000000000, 1.000000000000000000, -0.0000000000000000000 ) ) ;
#6603 = CARTESIAN_POINT ( 'NONE',  ( 4.001512993009321000, 1.157498943410821600, -0.8815067120431463500 ) ) ;
#6604 = EDGE_CURVE ( 'NONE', #3090, #4726, #477, .T. ) ;
#6605 = CARTESIAN_POINT ( 'NONE',  ( 8.330000000000005400, -3.149999999999998600, 8.890000000000000600 ) ) ;
#6606 = DIRECTION ( 'NONE',  ( -0.3774734178109805400, 0.0000000000000000000, -0.9260204203180926200 ) ) ;
#6607 = EDGE_LOOP ( 'NONE', ( #337, #6858, #6928, #1012 ) ) ;
#6608 = CARTESIAN_POINT ( 'NONE',  ( 8.940000000000003100, 2.540000000000000500, 9.390000000000007700 ) ) ;
#6609 = EDGE_LOOP ( 'NONE', ( #1070, #6881, #6201, #5403 ) ) ;
#6610 = ADVANCED_FACE ( 'NONE', ( #3184 ), #1781, .T. ) ;
#6611 = DIRECTION ( 'NONE',  ( 0.0000000000000000000, 0.0000000000000000000, -1.000000000000000000 ) ) ;
#6612 = ORIENTED_EDGE ( 'NONE', *, *, #6277, .F. ) ;
#6613 = CIRCLE ( 'NONE', #2069, 0.4000000000000003000 ) ;
#6614 = ORIENTED_EDGE ( 'NONE', *, *, #570, .F. ) ;
#6615 = CARTESIAN_POINT ( 'NONE',  ( -2.357898303544576200, 0.5100000000658047000, 16.47757706717196800 ) ) ;
#6616 = ORIENTED_EDGE ( 'NONE', *, *, #4816, .T. ) ;
#6617 = LINE ( 'NONE', #651, #4837 ) ;
#6618 = ORIENTED_EDGE ( 'NONE', *, *, #5982, .F. ) ;
#6619 = DIRECTION ( 'NONE',  ( 0.0000000000000000000, 0.0000000000000000000, 1.000000000000000000 ) ) ;
#6620 = VERTEX_POINT ( 'NONE', #2825 ) ;
#6621 = AXIS2_PLACEMENT_3D ( 'NONE', #5401, #470, #6545 ) ;
#6622 = LINE ( 'NONE', #6823, #62 ) ;
#6623 = CARTESIAN_POINT ( 'NONE',  ( 0.7899999999999897100, 1.049314575050752200, -0.9999999999999879000 ) ) ;
#6624 = EDGE_CURVE ( 'NONE', #4581, #283, #3024, .T. ) ;
#6625 = CARTESIAN_POINT ( 'NONE',  ( -6.280000000000001100, 2.215000000000004700, 0.0000000000000000000 ) ) ;
#6626 = CARTESIAN_POINT ( 'NONE',  ( 4.077649557588093100, 1.049314575050752200, -0.9583642496800587300 ) ) ;
#6627 = CARTESIAN_POINT ( 'NONE',  ( 4.750000000000000000, 3.429999999999971300, 0.0000000000000000000 ) ) ;
#6628 = CARTESIAN_POINT ( 'NONE',  ( 1.387779038000000200E-015, -3.030000000000046900, 0.0000000000000000000 ) ) ;
#6629 = ORIENTED_EDGE ( 'NONE', *, *, #2057, .F. ) ;
#6630 = DIRECTION ( 'NONE',  ( -0.2027126583463900200, -0.9792382642371261200, 0.0000000000000000000 ) ) ;
#6631 = EDGE_CURVE ( 'NONE', #1013, #4468, #1076, .T. ) ;
#6632 = VECTOR ( 'NONE', #3048, 1000.000000000000000 ) ;
#6633 =( BOUNDED_SURFACE ( )  B_SPLINE_SURFACE ( 3, 3, ( 
 ( #1601, #57, #4492, #77 ),
 ( #3895, #6584, #2868, #1224 ),
 ( #2213, #2242, #3874, #3840 ),
 ( #3304, #597, #3358, #1193 ) ),
 .UNSPECIFIED., .F., .F., .F. ) 
 B_SPLINE_SURFACE_WITH_KNOTS ( ( 4, 4 ),
 ( 4, 4 ),
 ( 0.0000000000000000000, 1.000000000000000000 ),
 ( 0.0000000000000000000, 1.000000000000000000 ),
 .UNSPECIFIED. ) 
 GEOMETRIC_REPRESENTATION_ITEM ( )  RATIONAL_B_SPLINE_SURFACE ( (
 ( 1.000000000000000000, 0.9486501948152655800, 0.9486501948152655800, 1.000000000000000000),
 ( 0.9486501948152656900, 0.8999371921230414600, 0.8999371921230414600, 0.9486501948152656900),
 ( 0.9486501948152656900, 0.8999371921230414600, 0.8999371921230414600, 0.9486501948152656900),
 ( 1.000000000000000000, 0.9486501948152655800, 0.9486501948152655800, 1.000000000000000000) ) ) 
 REPRESENTATION_ITEM ( '' )  SURFACE ( )  );
#6634 = DIRECTION ( 'NONE',  ( 0.0000000000000000000, 0.0000000000000000000, 1.000000000000000000 ) ) ;
#6635 = EDGE_CURVE ( 'NONE', #435, #6044, #2443, .T. ) ;
#6636 = PLANE ( 'NONE',  #3659 ) ;
#6637 = ADVANCED_FACE ( 'NONE', ( #6876 ), #4418, .T. ) ;
#6638 = DIRECTION ( 'NONE',  ( 1.000000000000000000, 0.0000000000000000000, 0.0000000000000000000 ) ) ;
#6639 = PLANE ( 'NONE',  #992 ) ;
#6640 = EDGE_CURVE ( 'NONE', #6213, #60, #6273, .T. ) ;
#6641 = VERTEX_POINT ( 'NONE', #1092 ) ;
#6642 = CYLINDRICAL_SURFACE ( 'NONE', #607, 1.259999999999990200 ) ;
#6643 = EDGE_CURVE ( 'NONE', #3877, #6344, #6530, .T. ) ;
#6644 = DIRECTION ( 'NONE',  ( 1.000000000000000000, 0.0000000000000000000, 0.0000000000000000000 ) ) ;
#6645 = ORIENTED_EDGE ( 'NONE', *, *, #5330, .T. ) ;
#6646 = CARTESIAN_POINT ( 'NONE',  ( 4.031092324069465600, 1.257350442411906000, -0.8522048541031126400 ) ) ;
#6647 = ORIENTED_EDGE ( 'NONE', *, *, #6724, .F. ) ;
#6648 = CARTESIAN_POINT ( 'NONE',  ( -0.4143145750507522500, -1.049314575050752200, -0.5999999999999875400 ) ) ;
#6649 = VECTOR ( 'NONE', #5697, 1000.000000000000000 ) ;
#6650 = CARTESIAN_POINT ( 'NONE',  ( -0.4143145750507523100, 1.049314575050752200, -0.9999999999999879000 ) ) ;
#6651 = AXIS2_PLACEMENT_3D ( 'NONE', #44, #4480, #6638 ) ;
#6652 = CARTESIAN_POINT ( 'NONE',  ( -4.750000000000000000, -2.920000000000004400, 0.0000000000000000000 ) ) ;
#6653 = EDGE_LOOP ( 'NONE', ( #4652, #932, #4926, #221 ) ) ;
#6654 = VECTOR ( 'NONE', #837, 1000.000000000000000 ) ;
#6655 = CARTESIAN_POINT ( 'NONE',  ( -1.099258122440902600, -3.430000000000021900, 5.355874884024085100 ) ) ;
#6656 = LINE ( 'NONE', #3260, #3319 ) ;
#6657 = LINE ( 'NONE', #5561, #6666 ) ;
#6658 = VERTEX_POINT ( 'NONE', #2230 ) ;
#6659 = VECTOR ( 'NONE', #5531, 1000.000000000000000 ) ;
#6660 = AXIS2_PLACEMENT_3D ( 'NONE', #1674, #4948, #6042 ) ;
#6661 = DIRECTION ( 'NONE',  ( 0.0000000000000000000, 0.0000000000000000000, -1.000000000000000000 ) ) ;
#6662 = LINE ( 'NONE', #4162, #2137 ) ;
#6663 = ORIENTED_EDGE ( 'NONE', *, *, #5776, .F. ) ;
#6664 = VECTOR ( 'NONE', #370, 1000.000000000000100 ) ;
#6665 = VERTEX_POINT ( 'NONE', #2732 ) ;
#6666 = VECTOR ( 'NONE', #2909, 1000.000000000000000 ) ;
#6667 = CARTESIAN_POINT ( 'NONE',  ( -1.632178736783233700, -8.374784156092718300E-014, 21.86709470607376800 ) ) ;
#6668 = EDGE_LOOP ( 'NONE', ( #6418, #7022, #3027, #5810 ) ) ;
#6669 = CARTESIAN_POINT ( 'NONE',  ( -3.155575383981974500, 3.430000000000021900, -2.775557060000000200E-015 ) ) ;
#6670 = LINE ( 'NONE', #3656, #2224 ) ;
#6671 = ORIENTED_EDGE ( 'NONE', *, *, #1660, .T. ) ;
#6672 = DIRECTION ( 'NONE',  ( -0.0000000000000000000, -1.000000000000000000, 0.0000000000000000000 ) ) ;
#6673 = CIRCLE ( 'NONE', #4337, 3.110000000000006500 ) ;
#6674 = DIRECTION ( 'NONE',  ( 0.0000000000000000000, -0.0000000000000000000, 1.000000000000000000 ) ) ;
#6675 = VERTEX_POINT ( 'NONE', #4461 ) ;
#6676 = EDGE_CURVE ( 'NONE', #4772, #6665, #6083, .T. ) ;
#6677 = ADVANCED_FACE ( 'NONE', ( #4650 ), #2597, .T. ) ;
#6678 = ORIENTED_EDGE ( 'NONE', *, *, #6204, .F. ) ;
#6679 = CARTESIAN_POINT ( 'NONE',  ( -0.3761080226701381000, -5.915212839379219700E-015, 16.37651365615371500 ) ) ;
#6680 = DIRECTION ( 'NONE',  ( 0.0000000000000000000, 0.0000000000000000000, -1.000000000000000000 ) ) ;
#6681 = FACE_OUTER_BOUND ( 'NONE', #2072, .T. ) ;
#6682 = LINE ( 'NONE', #3295, #2507 ) ;
#6683 = ORIENTED_EDGE ( 'NONE', *, *, #6676, .T. ) ;
#6684 = ORIENTED_EDGE ( 'NONE', *, *, #5634, .F. ) ;
#6685 = EDGE_CURVE ( 'NONE', #3532, #4422, #2088, .T. ) ;
#6686 = VERTEX_POINT ( 'NONE', #4946 ) ;
#6687 = AXIS2_PLACEMENT_3D ( 'NONE', #2525, #2035, #3076 ) ;
#6688 = ORIENTED_EDGE ( 'NONE', *, *, #6156, .F. ) ;
#6689 = VERTEX_POINT ( 'NONE', #1147 ) ;
#6690 = ORIENTED_EDGE ( 'NONE', *, *, #1478, .F. ) ;
#6691 = PLANE ( 'NONE',  #1088 ) ;
#6692 = CARTESIAN_POINT ( 'NONE',  ( 6.350000000000000500, 3.429999999999996600, 0.0000000000000000000 ) ) ;
#6693 = VERTEX_POINT ( 'NONE', #1688 ) ;
#6694 = DIRECTION ( 'NONE',  ( 0.0000000000000000000, -0.0000000000000000000, -1.000000000000000000 ) ) ;
#6695 = ORIENTED_EDGE ( 'NONE', *, *, #1288, .F. ) ;
#6696 = ORIENTED_EDGE ( 'NONE', *, *, #6871, .F. ) ;
#6697 = ORIENTED_EDGE ( 'NONE', *, *, #3832, .F. ) ;
#6698 = DIRECTION ( 'NONE',  ( 0.2027126583463560700, -0.9792382642371332300, -0.0000000000000000000 ) ) ;
#6699 = PLANE ( 'NONE',  #2635 ) ;
#6700 = DIRECTION ( 'NONE',  ( 0.0000000000000000000, -0.0000000000000000000, 1.000000000000000000 ) ) ;
#6701 = CARTESIAN_POINT ( 'NONE',  ( -3.119999999999989900, -2.111472381958995100, 0.0000000000000000000 ) ) ;
#6702 = DIRECTION ( 'NONE',  ( 0.0000000000000000000, -1.000000000000000000, 0.0000000000000000000 ) ) ;
#6703 = DIRECTION ( 'NONE',  ( 0.5773502691896258400, 0.5773502691896258400, -0.5773502691896258400 ) ) ;
#6704 = VERTEX_POINT ( 'NONE', #4363 ) ;
#6705 = FILL_AREA_STYLE ('',( #6145 ) ) ;
#6706 = CARTESIAN_POINT ( 'NONE',  ( -4.285685424949244600, -1.049314575050752200, -0.5999999999999875400 ) ) ;
#6707 = EDGE_LOOP ( 'NONE', ( #3829, #5908, #2289, #6761 ) ) ;
#6708 = CARTESIAN_POINT ( 'NONE',  ( -0.3800000000000040600, 1.015000000000004100, 0.0000000000000000000 ) ) ;
#6709 = VECTOR ( 'NONE', #4954, 1000.000000000000000 ) ;
#6710 = AXIS2_PLACEMENT_3D ( 'NONE', #2077, #3111, #3695 ) ;
#6711 = CARTESIAN_POINT ( 'NONE',  ( -5.314305692472561100, 1.333487006990677500, -0.7981150723133619800 ) ) ;
#6712 = DIRECTION ( 'NONE',  ( 0.0000000000000000000, 0.0000000000000000000, 1.000000000000000000 ) ) ;
#6713 = ORIENTED_EDGE ( 'NONE', *, *, #6073, .F. ) ;
#6714 = ADVANCED_FACE ( 'NONE', ( #1577 ), #1156, .F. ) ;
#6715 = LINE ( 'NONE', #6758, #5274 ) ;
#6716 = AXIS2_PLACEMENT_3D ( 'NONE', #6415, #3748, #441 ) ;
#6717 = AXIS2_PLACEMENT_3D ( 'NONE', #2846, #6036, #2775 ) ;
#6718 = EDGE_CURVE ( 'NONE', #3907, #4772, #5921, .T. ) ;
#6719 = DIRECTION ( 'NONE',  ( 1.000000000000000000, 0.0000000000000000000, -0.0000000000000000000 ) ) ;
#6720 = VECTOR ( 'NONE', #698, 1000.000000000000000 ) ;
#6721 = CARTESIAN_POINT ( 'NONE',  ( -3.223527618041000400, -2.215000000000005600, 0.0000000000000000000 ) ) ;
#6722 = DIRECTION ( 'NONE',  ( 0.0000000000000000000, -0.0000000000000000000, -1.000000000000000000 ) ) ;
#6723 = DIRECTION ( 'NONE',  ( 0.9260204203180970600, 0.0000000000000000000, -0.3774734178109699400 ) ) ;
#6724 = EDGE_CURVE ( 'NONE', #6704, #1554, #5008, .T. ) ;
#6725 = CARTESIAN_POINT ( 'NONE',  ( 0.4143145750507522500, 1.049314575050752400, -0.5999999999999875400 ) ) ;
#6726 = ORIENTED_EDGE ( 'NONE', *, *, #2710, .T. ) ;
#6727 = LINE ( 'NONE', #1885, #580 ) ;
#6728 = CARTESIAN_POINT ( 'NONE',  ( -3.072771161251025800, 3.029999999999996300, 0.0000000000000000000 ) ) ;
#6729 = CARTESIAN_POINT ( 'NONE',  ( -1.300000000000013100, -2.920000000000016400, 0.6999999999999940700 ) ) ;
#6730 = AXIS2_PLACEMENT_3D ( 'NONE', #1211, #5032, #6694 ) ;
#6731 = EDGE_CURVE ( 'NONE', #1675, #1136, #3176, .T. ) ;
#6732 = CARTESIAN_POINT ( 'NONE',  ( 0.0000000000000000000, -2.920000000000029700, 8.129999999999993700 ) ) ;
#6733 = EDGE_LOOP ( 'NONE', ( #6488, #5947, #974, #5920, #1231 ) ) ;
#6734 = VERTEX_POINT ( 'NONE', #3863 ) ;
#6735 = VECTOR ( 'NONE', #2270, 1000.000000000000000 ) ;
#6736 = CARTESIAN_POINT ( 'NONE',  ( -1.878484561672233400, -3.380000000000043900, 4.547201937963127900 ) ) ;
#6737 = CARTESIAN_POINT ( 'NONE',  ( 4.139276692429532100, -1.333487006990677500, -0.8522048541031108600 ) ) ;
#6738 = EDGE_CURVE ( 'NONE', #43, #4408, #3103, .T. ) ;
#6739 = EDGE_CURVE ( 'NONE', #5727, #4936, #310, .T. ) ;
#6740 = ORIENTED_EDGE ( 'NONE', *, *, #755, .T. ) ;
#6741 = VECTOR ( 'NONE', #6702, 1000.000000000000000 ) ;
#6742 = CARTESIAN_POINT ( 'NONE',  ( 2.100000000000006300, -4.200000000000010800, 14.67999999999998000 ) ) ;
#6743 = CARTESIAN_POINT ( 'NONE',  ( 4.750000000000000000, -2.670000000000013700, 8.380000000000009700 ) ) ;
#6744 = LINE ( 'NONE', #3428, #5635 ) ;
#6745 = DIRECTION ( 'NONE',  ( -0.5773502691896258400, -0.5773502691896252900, -0.5773502691896261800 ) ) ;
#6746 = CARTESIAN_POINT ( 'NONE',  ( -1.040588201445647800, -3.380000000000043900, 6.513528991902220800 ) ) ;
#6747 = VERTEX_POINT ( 'NONE', #5999 ) ;
#6748 = FACE_OUTER_BOUND ( 'NONE', #637, .T. ) ;
#6749 = CARTESIAN_POINT ( 'NONE',  ( 0.8800000000000106600, -0.6350000000000001200, -6.490000000000000200 ) ) ;
#6750 = ADVANCED_FACE ( 'NONE', ( #227 ), #2260, .T. ) ;
#6751 = AXIS2_PLACEMENT_3D ( 'NONE', #4170, #1498, #6867 ) ;
#6752 = PLANE ( 'NONE',  #3805 ) ;
#6753 = VECTOR ( 'NONE', #2244, 1000.000000000000000 ) ;
#6754 = DIRECTION ( 'NONE',  ( 0.9792382642371166800, -0.2027126583464359300, 0.0000000000000000000 ) ) ;
#6755 = CIRCLE ( 'NONE', #6853, 2.100000000000007600 ) ;
#6756 = VERTEX_POINT ( 'NONE', #2798 ) ;
#6757 = VECTOR ( 'NONE', #1646, 1000.000000000000000 ) ;
#6758 = CARTESIAN_POINT ( 'NONE',  ( -6.350000000000000500, -3.429999999999996600, 0.0000000000000000000 ) ) ;
#6759 = EDGE_LOOP ( 'NONE', ( #3007, #5706, #5165, #1408 ) ) ;
#6760 = VECTOR ( 'NONE', #5379, 1000.000000000000000 ) ;
#6761 = ORIENTED_EDGE ( 'NONE', *, *, #5194, .F. ) ;
#6762 = ORIENTED_EDGE ( 'NONE', *, *, #511, .F. ) ;
#6763 = CARTESIAN_POINT ( 'NONE',  ( 4.285685424949244600, -1.049314575050752200, -0.9999999999999879000 ) ) ;
#6764 = VERTEX_POINT ( 'NONE', #1736 ) ;
#6765 = EDGE_CURVE ( 'NONE', #2770, #4727, #969, .T. ) ;
#6766 = ORIENTED_EDGE ( 'NONE', *, *, #6731, .T. ) ;
#6767 = LINE ( 'NONE', #5209, #951 ) ;
#6768 = FILL_AREA_STYLE_COLOUR ( '', #3382 ) ;
#6769 = LINE ( 'NONE', #688, #7025 ) ;
#6770 = EDGE_LOOP ( 'NONE', ( #3025, #6899, #5879, #3718 ) ) ;
#6771 = ORIENTED_EDGE ( 'NONE', *, *, #6908, .T. ) ;
#6772 = DIRECTION ( 'NONE',  ( 0.0000000000000000000, -1.000000000000000000, 0.0000000000000000000 ) ) ;
#6773 = CARTESIAN_POINT ( 'NONE',  ( -0.4904511396295232500, 1.333487006990677700, -0.8815067120431441200 ) ) ;
#6774 = ORIENTED_EDGE ( 'NONE', *, *, #2602, .F. ) ;
#6775 = EDGE_CURVE ( 'NONE', #4121, #2627, #5339, .T. ) ;
#6776 = CARTESIAN_POINT ( 'NONE',  ( -3.050000000000009100, -2.920000000000007000, 0.6999999999999940700 ) ) ;
#6777 = DIRECTION ( 'NONE',  ( 0.0000000000000000000, -0.0000000000000000000, -1.000000000000000000 ) ) ;
#6778 = CARTESIAN_POINT ( 'NONE',  ( -3.050000000000018000, -2.919999999999902700, 0.0000000000000000000 ) ) ;
#6779 = COLOUR_RGB ( '',0.9058823529411764700, 0.9058823529411764700, 0.9058823529411764700 ) ;
#6780 = VERTEX_POINT ( 'NONE', #547 ) ;
#6781 = VERTEX_POINT ( 'NONE', #24 ) ;
#6782 = CARTESIAN_POINT ( 'NONE',  ( -5.222498943410840000, 1.049314575050752000, -0.9999999999999875700 ) ) ;
#6783 = EDGE_CURVE ( 'NONE', #2927, #3013, #4925, .T. ) ;
#6784 = EDGE_CURVE ( 'NONE', #6279, #6747, #1415, .T. ) ;
#6785 = ORIENTED_EDGE ( 'NONE', *, *, #4208, .F. ) ;
#6786 = VECTOR ( 'NONE', #2898, 1000.000000000000000 ) ;
#6787 = ADVANCED_FACE ( 'NONE', ( #128 ), #668, .T. ) ;
#6788 = CARTESIAN_POINT ( 'NONE',  ( 3.030121042830554100, 0.6350000000000001200, -1.549999999999997600 ) ) ;
#6789 = PLANE ( 'NONE',  #1369 ) ;
#6790 = VERTEX_POINT ( 'NONE', #5648 ) ;
#6791 = ORIENTED_EDGE ( 'NONE', *, *, #6551, .F. ) ;
#6792 = CYLINDRICAL_SURFACE ( 'NONE', #4045, 0.2499999999999906700 ) ;
#6793 = ORIENTED_EDGE ( 'NONE', *, *, #2112, .F. ) ;
#6794 = DIRECTION ( 'NONE',  ( 1.000000000000000000, 0.0000000000000000000, -0.0000000000000000000 ) ) ;
#6795 = DIRECTION ( 'NONE',  ( 1.000000000000000000, -0.0000000000000000000, -0.0000000000000000000 ) ) ;
#6796 = EDGE_LOOP ( 'NONE', ( #6849, #6958, #4058, #3547 ) ) ;
#6797 = CARTESIAN_POINT ( 'NONE',  ( 3.072771161250949400, 3.029999999999996300, 2.710505431213761100E-017 ) ) ;
#6798 = DIRECTION ( 'NONE',  ( -1.000000000000000000, 0.0000000000000000000, 0.0000000000000000000 ) ) ;
#6799 = DIRECTION ( 'NONE',  ( -0.3774734178109329700, 0.0000000000000000000, -0.9260204203181119400 ) ) ;
#6800 = CARTESIAN_POINT ( 'NONE',  ( -5.114314575050773500, -1.049314575050752200, -0.9999999999999879000 ) ) ;
#6801 = EDGE_LOOP ( 'NONE', ( #4669, #3835, #5136, #971, #6014, #4225, #1853, #3447 ) ) ;
#6802 = VECTOR ( 'NONE', #537, 1000.000000000000000 ) ;
#6803 = DIRECTION ( 'NONE',  ( 0.0000000000000000000, 0.0000000000000000000, 1.000000000000000000 ) ) ;
#6804 = DIRECTION ( 'NONE',  ( 1.000000000000000000, 0.0000000000000000000, 0.0000000000000000000 ) ) ;
#6805 = CARTESIAN_POINT ( 'NONE',  ( -5.314305692472557600, -1.333487006990673700, -0.7981150723133708700 ) ) ;
#6806 = PLANE ( 'NONE',  #5756 ) ;
#6807 = LINE ( 'NONE', #2725, #2792 ) ;
#6808 = ORIENTED_EDGE ( 'NONE', *, *, #2488, .F. ) ;
#6809 = DIRECTION ( 'NONE',  ( 0.0000000000000000000, 0.0000000000000000000, -1.000000000000000000 ) ) ;
#6810 = CARTESIAN_POINT ( 'NONE',  ( 6.350000000000000500, -2.670000000000014100, 8.380000000000009700 ) ) ;
#6811 = EDGE_CURVE ( 'NONE', #3437, #2595, #1496, .T. ) ;
#6812 = ADVANCED_FACE ( 'NONE', ( #3450 ), #2009, .T. ) ;
#6813 = ORIENTED_EDGE ( 'NONE', *, *, #864, .T. ) ;
#6814 = DIRECTION ( 'NONE',  ( -0.5773502691896258400, -0.5773502691896258400, -0.5773502691896258400 ) ) ;
#6815 = LINE ( 'NONE', #1310, #5364 ) ;
#6816 = DIRECTION ( 'NONE',  ( 0.2027126583456867700, 0.9792382642372717800, 0.0000000000000000000 ) ) ;
#6817 = ADVANCED_FACE ( 'NONE', ( #5755 ), #1859, .F. ) ;
#6818 = VERTEX_POINT ( 'NONE', #2380 ) ;
#6819 = ORIENTED_EDGE ( 'NONE', *, *, #6362, .F. ) ;
#6820 = DIRECTION ( 'NONE',  ( -1.000000000000000000, -0.0000000000000000000, 0.0000000000000000000 ) ) ;
#6821 = VECTOR ( 'NONE', #6188, 1000.000000000000000 ) ;
#6822 = VECTOR ( 'NONE', #4364, 999.9999999999998900 ) ;
#6823 = CARTESIAN_POINT ( 'NONE',  ( 6.249999999999994700, 1.930000000000001700, 8.890000000000000600 ) ) ;
#6824 = CARTESIAN_POINT ( 'NONE',  ( 1.194424616017973200, -3.430000000000021500, 0.4000000000000002400 ) ) ;
#6825 = ORIENTED_EDGE ( 'NONE', *, *, #1490, .F. ) ;
#6826 = FACE_OUTER_BOUND ( 'NONE', #1695, .T. ) ;
#6827 = CARTESIAN_POINT ( 'NONE',  ( -5.222498943410832000, -1.049314575050752400, -0.9999999999999895600 ) ) ;
#6828 = DIRECTION ( 'NONE',  ( 0.3774734178109814300, 0.0000000000000000000, 0.9260204203180922900 ) ) ;
#6829 = FACE_OUTER_BOUND ( 'NONE', #2562, .T. ) ;
#6830 = VECTOR ( 'NONE', #5299, 1000.000000000000000 ) ;
#6831 = DIRECTION ( 'NONE',  ( 1.000000000000000000, 0.0000000000000000000, -0.0000000000000000000 ) ) ;
#6832 = ORIENTED_EDGE ( 'NONE', *, *, #3685, .T. ) ;
#6833 = VECTOR ( 'NONE', #5489, 1000.000000000000000 ) ;
#6834 = DIRECTION ( 'NONE',  ( 1.000000000000000000, 0.0000000000000000000, 0.0000000000000000000 ) ) ;
#6835 = CARTESIAN_POINT ( 'NONE',  ( 5.580000000000007200, 0.6350000000000001200, -3.940000000000000800 ) ) ;
#6836 = FACE_OUTER_BOUND ( 'NONE', #880, .T. ) ;
#6837 = VERTEX_POINT ( 'NONE', #3416 ) ;
#6838 = VECTOR ( 'NONE', #5641, 1000.000000000000000 ) ;
#6839 = VERTEX_POINT ( 'NONE', #3958 ) ;
#6840 = FACE_OUTER_BOUND ( 'NONE', #6339, .T. ) ;
#6841 = AXIS2_PLACEMENT_3D ( 'NONE', #439, #1992, #4781 ) ;
#6842 = VERTEX_POINT ( 'NONE', #4582 ) ;
#6843 = CARTESIAN_POINT ( 'NONE',  ( 6.280000000000001100, -1.932157287525372500, -5.316339000000246900E-017 ) ) ;
#6844 = DIRECTION ( 'NONE',  ( -1.000000000000000000, 0.0000000000000000000, -0.0000000000000000000 ) ) ;
#6845 = DIRECTION ( 'NONE',  ( -0.0000000000000000000, -0.0000000000000000000, -1.000000000000000000 ) ) ;
#6846 = CIRCLE ( 'NONE', #6368, 0.4000000000000003000 ) ;
#6847 = PLANE ( 'NONE',  #3464 ) ;
#6848 = VECTOR ( 'NONE', #7048, 1000.000000000000100 ) ;
#6849 = ORIENTED_EDGE ( 'NONE', *, *, #1154, .T. ) ;
#6850 = EDGE_LOOP ( 'NONE', ( #4403, #6205, #4470, #5826, #5476, #3005, #6886, #262 ) ) ;
#6851 = DIRECTION ( 'NONE',  ( -0.0000000000000000000, 0.0000000000000000000, 1.000000000000000000 ) ) ;
#6852 =( BOUNDED_CURVE ( )  B_SPLINE_CURVE ( 3, ( #4753, #458, #2022, #918 ),
 .UNSPECIFIED., .F., .F. ) 
 B_SPLINE_CURVE_WITH_KNOTS ( ( 4, 4 ),
 ( 2.617993877991481500, 3.665191429188105100 ),
 .UNSPECIFIED. ) 
 CURVE ( )  GEOMETRIC_REPRESENTATION_ITEM ( )  RATIONAL_B_SPLINE_CURVE ( ( 1.000000000000000000, 0.9106836025229547700, 0.9106836025229547700, 1.000000000000000000 ) ) 
 REPRESENTATION_ITEM ( '' )  );
#6853 = AXIS2_PLACEMENT_3D ( 'NONE', #4935, #5491, #5463 ) ;
#6854 = ORIENTED_EDGE ( 'NONE', *, *, #3297, .T. ) ;
#6855 = AXIS2_PLACEMENT_3D ( 'NONE', #3286, #2248, #40 ) ;
#6856 = CARTESIAN_POINT ( 'NONE',  ( 6.350000000000000500, 3.429999999999996600, 8.380000000000009700 ) ) ;
#6857 = VECTOR ( 'NONE', #5226, 1000.000000000000000 ) ;
#6858 = ORIENTED_EDGE ( 'NONE', *, *, #2560, .F. ) ;
#6859 = EDGE_CURVE ( 'NONE', #4629, #4212, #7034, .T. ) ;
#6860 = ORIENTED_EDGE ( 'NONE', *, *, #2395, .T. ) ;
#6861 = CARTESIAN_POINT ( 'NONE',  ( 1.624345192960470200, 1.930000000000001700, 9.390000000000007700 ) ) ;
#6862 = VERTEX_POINT ( 'NONE', #5092 ) ;
#6863 = ORIENTED_EDGE ( 'NONE', *, *, #4586, .T. ) ;
#6864 = ORIENTED_EDGE ( 'NONE', *, *, #603, .F. ) ;
#6865 = CARTESIAN_POINT ( 'NONE',  ( -4.285685424949235800, -1.049314575050760400, -0.6000000000000050800 ) ) ;
#6866 = EDGE_CURVE ( 'NONE', #2821, #5637, #3271, .T. ) ;
#6867 = DIRECTION ( 'NONE',  ( 1.000000000000000000, 0.0000000000000000000, -0.0000000000000000000 ) ) ;
#6868 = DIRECTION ( 'NONE',  ( 0.0000000000000000000, 0.0000000000000000000, -1.000000000000000000 ) ) ;
#6869 = ORIENTED_EDGE ( 'NONE', *, *, #4053, .F. ) ;
#6870 = AXIS2_PLACEMENT_3D ( 'NONE', #6749, #6209, #763 ) ;
#6871 = EDGE_CURVE ( 'NONE', #6872, #2032, #1673, .T. ) ;
#6872 = VERTEX_POINT ( 'NONE', #2298 ) ;
#6873 = EDGE_LOOP ( 'NONE', ( #3658, #5839, #2493, #2329 ) ) ;
#6874 = ORIENTED_EDGE ( 'NONE', *, *, #333, .T. ) ;
#6875 = CARTESIAN_POINT ( 'NONE',  ( 0.0000000000000000000, 2.669999999999988400, 8.129999999999993700 ) ) ;
#6876 = FACE_OUTER_BOUND ( 'NONE', #2292, .T. ) ;
#6877 = DIRECTION ( 'NONE',  ( 0.0000000000000000000, 1.000000000000000000, 0.0000000000000000000 ) ) ;
#6878 = EDGE_CURVE ( 'NONE', #2723, #2604, #6265, .T. ) ;
#6879 = EDGE_CURVE ( 'NONE', #5739, #6693, #3885, .T. ) ;
#6880 = CARTESIAN_POINT ( 'NONE',  ( -4.750000000000000000, 3.429999999999958400, 8.129999999999993700 ) ) ;
#6881 = ORIENTED_EDGE ( 'NONE', *, *, #1526, .T. ) ;
#6882 = CARTESIAN_POINT ( 'NONE',  ( -1.194424616018033800, 3.429999999999922900, 0.5099999999999921300 ) ) ;
#6883 = FACE_OUTER_BOUND ( 'NONE', #4550, .T. ) ;
#6884 = DIRECTION ( 'NONE',  ( -1.000000000000000000, -0.0000000000000000000, 0.0000000000000000000 ) ) ;
#6885 = CARTESIAN_POINT ( 'NONE',  ( -1.209100793869354500, -3.380000000000043900, 4.997201937963144000 ) ) ;
#6886 = ORIENTED_EDGE ( 'NONE', *, *, #6507, .T. ) ;
#6887 = ADVANCED_FACE ( 'NONE', ( #1924 ), #2361, .T. ) ;
#6888 = VECTOR ( 'NONE', #5238, 1000.000000000000000 ) ;
#6889 = AXIS2_PLACEMENT_3D ( 'NONE', #1538, #4923, #6450 ) ;
#6890 = DIRECTION ( 'NONE',  ( 0.0000000000000000000, -1.000000000000000000, 0.0000000000000000000 ) ) ;
#6891 = DIRECTION ( 'NONE',  ( -1.000000000000000000, 0.0000000000000000000, -0.0000000000000000000 ) ) ;
#6892 = DIRECTION ( 'NONE',  ( 0.0000000000000000000, -0.0000000000000000000, 1.000000000000000000 ) ) ;
#6893 = CARTESIAN_POINT ( 'NONE',  ( -4.285685424949244600, -1.332157287525378700, -0.8828427124746137700 ) ) ;
#6894 = CARTESIAN_POINT ( 'NONE',  ( -0.4143145750507604700, 1.049314575050760400, -0.6000000000000048600 ) ) ;
#6895 = ORIENTED_EDGE ( 'NONE', *, *, #3196, .T. ) ;
#6896 = EDGE_CURVE ( 'NONE', #4883, #3679, #5503, .T. ) ;
#6897 = LINE ( 'NONE', #6252, #5948 ) ;
#6898 = DIRECTION ( 'NONE',  ( 0.0000000000000000000, 0.0000000000000000000, 1.000000000000000000 ) ) ;
#6899 = ORIENTED_EDGE ( 'NONE', *, *, #5643, .T. ) ;
#6900 = FACE_OUTER_BOUND ( 'NONE', #418, .T. ) ;
#6901 = CARTESIAN_POINT ( 'NONE',  ( 5.222498943410832900, 1.049314575050752200, -0.9999999999999895600 ) ) ;
#6902 = EDGE_CURVE ( 'NONE', #4994, #2767, #392, .T. ) ;
#6903 = DIRECTION ( 'NONE',  ( -0.7071067811865477900, 0.0000000000000000000, 0.7071067811865472400 ) ) ;
#6904 = DIRECTION ( 'NONE',  ( -1.000000000000000000, -0.0000000000000000000, 0.0000000000000000000 ) ) ;
#6905 = ORIENTED_EDGE ( 'NONE', *, *, #2100, .F. ) ;
#6906 = ORIENTED_EDGE ( 'NONE', *, *, #6381, .T. ) ;
#6907 = LINE ( 'NONE', #677, #1114 ) ;
#6908 = EDGE_CURVE ( 'NONE', #2223, #3344, #6613, .T. ) ;
#6909 = DIRECTION ( 'NONE',  ( -0.0000000000000000000, 1.000000000000000000, 0.0000000000000000000 ) ) ;
#6910 = CARTESIAN_POINT ( 'NONE',  ( 6.938893920000000700E-016, 1.015000000000004100, -0.9999999999999879000 ) ) ;
#6911 = EDGE_CURVE ( 'NONE', #5821, #2004, #1747, .T. ) ;
#6912 = ORIENTED_EDGE ( 'NONE', *, *, #746, .T. ) ;
#6913 = CIRCLE ( 'NONE', #1155, 0.7041745638733795100 ) ;
#6914 = ORIENTED_EDGE ( 'NONE', *, *, #3992, .T. ) ;
#6915 = ADVANCED_FACE ( 'NONE', ( #6353 ), #4486, .T. ) ;
#6916 = CARTESIAN_POINT ( 'NONE',  ( 2.174999999999987400, -2.166919661656073500, 0.5099999999999920200 ) ) ;
#6917 = FACE_OUTER_BOUND ( 'NONE', #4214, .T. ) ;
#6918 = VECTOR ( 'NONE', #3229, 1000.000000000000000 ) ;
#6919 = VERTEX_POINT ( 'NONE', #4599 ) ;
#6920 = VECTOR ( 'NONE', #2205, 1000.000000000000000 ) ;
#6921 = CARTESIAN_POINT ( 'NONE',  ( 8.940000000000003100, -2.540000000000000500, 9.390000000000007700 ) ) ;
#6922 = ORIENTED_EDGE ( 'NONE', *, *, #241, .F. ) ;
#6923 = FACE_OUTER_BOUND ( 'NONE', #6850, .T. ) ;
#6924 = DIRECTION ( 'NONE',  ( 0.5773502691896258400, -0.5773502691896254000, 0.5773502691896261800 ) ) ;
#6925 = VECTOR ( 'NONE', #2919, 1000.000000000000000 ) ;
#6926 = CARTESIAN_POINT ( 'NONE',  ( 5.314305692472557600, 1.333487006990673700, -0.7981150723133708700 ) ) ;
#6927 = ORIENTED_EDGE ( 'NONE', *, *, #1106, .T. ) ;
#6928 = ORIENTED_EDGE ( 'NONE', *, *, #3856, .F. ) ;
#6929 = DIRECTION ( 'NONE',  ( -1.000000000000000000, 0.0000000000000000000, 0.0000000000000000000 ) ) ;
#6930 = VECTOR ( 'NONE', #4830, 1000.000000000000000 ) ;
#6931 = LINE ( 'NONE', #5741, #3869 ) ;
#6932 = AXIS2_PLACEMENT_3D ( 'NONE', #3581, #5730, #1402 ) ;
#6933 = VERTEX_POINT ( 'NONE', #6261 ) ;
#6934 = DIRECTION ( 'NONE',  ( -0.0000000000000000000, -0.0000000000000000000, -1.000000000000000000 ) ) ;
#6935 = ORIENTED_EDGE ( 'NONE', *, *, #5690, .T. ) ;
#6936 = EDGE_LOOP ( 'NONE', ( #727, #1320, #7012, #1905 ) ) ;
#6937 = PLANE ( 'NONE',  #5791 ) ;
#6938 = DIRECTION ( 'NONE',  ( -0.9762960071198271100, 1.339084764307009300E-027, -0.2164396139385820200 ) ) ;
#6939 = VERTEX_POINT ( 'NONE', #5781 ) ;
#6940 = PLANE ( 'NONE',  #1278 ) ;
#6941 = FACE_BOUND ( 'NONE', #5487, .T. ) ;
#6942 = ORIENTED_EDGE ( 'NONE', *, *, #2103, .T. ) ;
#6943 = DIRECTION ( 'NONE',  ( -1.212738566938666600E-016, -1.000000000000000000, 4.943482473272766100E-017 ) ) ;
#6944 = DIRECTION ( 'NONE',  ( 0.0000000000000000000, 1.000000000000000000, 0.0000000000000000000 ) ) ;
#6945 = ORIENTED_EDGE ( 'NONE', *, *, #417, .F. ) ;
#6946 = EDGE_CURVE ( 'NONE', #5637, #1091, #3019, .T. ) ;
#6947 = ADVANCED_FACE ( 'NONE', ( #2257 ), #5710, .T. ) ;
#6948 = DIRECTION ( 'NONE',  ( -1.000000000000000000, 0.0000000000000000000, -0.0000000000000000000 ) ) ;
#6949 = VECTOR ( 'NONE', #5521, 1000.000000000000100 ) ;
#6950 = DIRECTION ( 'NONE',  ( 0.0000000000000000000, 0.0000000000000000000, 1.000000000000000000 ) ) ;
#6951 = ADVANCED_FACE ( 'NONE', ( #2856 ), #4059, .T. ) ;
#6952 = EDGE_CURVE ( 'NONE', #3344, #3798, #6432, .T. ) ;
#6953 = CARTESIAN_POINT ( 'NONE',  ( 5.080000000000001000, -1.015000000000004100, 0.0000000000000000000 ) ) ;
#6954 = CARTESIAN_POINT ( 'NONE',  ( 0.6006961188343085100, 1.257350442411906200, -0.9210623386218865800 ) ) ;
#6955 = VERTEX_POINT ( 'NONE', #1339 ) ;
#6956 = AXIS2_PLACEMENT_3D ( 'NONE', #5622, #758, #1271 ) ;
#6957 = LINE ( 'NONE', #5023, #5096 ) ;
#6958 = ORIENTED_EDGE ( 'NONE', *, *, #6262, .T. ) ;
#6959 = DIRECTION ( 'NONE',  ( 0.0000000000000000000, 0.0000000000000000000, -1.000000000000000000 ) ) ;
#6960 = DIRECTION ( 'NONE',  ( 1.000000000000000000, 0.0000000000000000000, -0.0000000000000000000 ) ) ;
#6961 = EDGE_LOOP ( 'NONE', ( #6671, #6516, #7021, #5788 ) ) ;
#6962 = SURFACE_STYLE_FILL_AREA ( #5302 ) ;
#6963 = DIRECTION ( 'NONE',  ( 0.0000000000000000000, 0.0000000000000000000, 1.000000000000000000 ) ) ;
#6964 = EDGE_CURVE ( 'NONE', #6317, #1953, #2944, .T. ) ;
#6965 = CARTESIAN_POINT ( 'NONE',  ( 5.580000000000007200, 0.6350000000000001200, -3.180000000000005900 ) ) ;
#6966 = DIRECTION ( 'NONE',  ( 0.0000000000000000000, 0.0000000000000000000, -1.000000000000000000 ) ) ;
#6967 = CARTESIAN_POINT ( 'NONE',  ( 6.249999999999994700, 3.149999999999998600, 8.890000000000000600 ) ) ;
#6968 = LINE ( 'NONE', #5425, #4844 ) ;
#6969 = DIRECTION ( 'NONE',  ( 0.0000000000000000000, -0.0000000000000000000, 1.000000000000000000 ) ) ;
#6970 = CARTESIAN_POINT ( 'NONE',  ( 5.114314575050767300, 1.049314575050752200, -0.9999999999999879000 ) ) ;
#6971 = CARTESIAN_POINT ( 'NONE',  ( 6.000000000000003600, -3.180000000000005500, 9.390000000000007700 ) ) ;
#6972 = VECTOR ( 'NONE', #1664, 1000.000000000000000 ) ;
#6973 = CARTESIAN_POINT ( 'NONE',  ( 0.6223504424119061800, 1.157498943410821800, -0.9583642496800578400 ) ) ;
#6974 =( BOUNDED_SURFACE ( )  B_SPLINE_SURFACE ( 3, 3, ( 
 ( #6970, #6901, #5340, #447 ),
 ( #3711, #5832, #3654, #6366 ),
 ( #1537, #4255, #4218, #4718 ),
 ( #4166, #4191, #3104, #6926 ) ),
 .UNSPECIFIED., .F., .F., .T. ) 
 B_SPLINE_SURFACE_WITH_KNOTS ( ( 4, 4 ),
 ( 4, 4 ),
 ( 0.0000000000000000000, 1.000000000000000000 ),
 ( 0.0000000000000000000, 1.000000000000000000 ),
 .UNSPECIFIED. ) 
 GEOMETRIC_REPRESENTATION_ITEM ( )  RATIONAL_B_SPLINE_SURFACE ( (
 ( 1.000000000000000000, 0.9486501948152694700, 0.9486501948152694700, 1.000000000000000000),
 ( 0.9486501948152676900, 0.8999371921230470100, 0.8999371921230470100, 0.9486501948152676900),
 ( 0.9486501948152676900, 0.8999371921230470100, 0.8999371921230470100, 0.9486501948152676900),
 ( 1.000000000000000000, 0.9486501948152694700, 0.9486501948152694700, 1.000000000000000000) ) ) 
 REPRESENTATION_ITEM ( '' )  SURFACE ( )  );
#6975 = VERTEX_POINT ( 'NONE', #6810 ) ;
#6976 = ADVANCED_FACE ( 'NONE', ( #3710 ), #3536, .F. ) ;
#6977 = LINE ( 'NONE', #791, #1102 ) ;
#6978 = DIRECTION ( 'NONE',  ( 0.0000000000000000000, -0.0000000000000000000, 1.000000000000000000 ) ) ;
#6979 = CARTESIAN_POINT ( 'NONE',  ( -0.3767973192526478100, 0.6350000000000001200, -11.55999999999998800 ) ) ;
#6980 = AXIS2_PLACEMENT_3D ( 'NONE', #929, #349, #3582 ) ;
#6981 = AXIS2_PLACEMENT_3D ( 'NONE', #3731, #4375, #2105 ) ;
#6982 = CARTESIAN_POINT ( 'NONE',  ( 6.176472381958996400, 2.215000000000000300, 5.421010862427522200E-017 ) ) ;
#6983 = EDGE_CURVE ( 'NONE', #516, #2941, #558, .T. ) ;
#6984 = ORIENTED_EDGE ( 'NONE', *, *, #6478, .F. ) ;
#6985 = ORIENTED_EDGE ( 'NONE', *, *, #68, .T. ) ;
#6986 = VECTOR ( 'NONE', #1275, 1000.000000000000000 ) ;
#6987 = CARTESIAN_POINT ( 'NONE',  ( -3.119999999999989900, 2.111472381958995100, 5.421010862427522200E-017 ) ) ;
#6988 = DIRECTION ( 'NONE',  ( 1.000000000000000000, 0.0000000000000000000, 0.0000000000000000000 ) ) ;
#6989 = DIRECTION ( 'NONE',  ( 1.000000000000000000, 0.0000000000000000000, 0.0000000000000000000 ) ) ;
#6990 = EDGE_CURVE ( 'NONE', #1604, #2767, #642, .T. ) ;
#6991 = VECTOR ( 'NONE', #341, 1000.000000000000000 ) ;
#6992 = CARTESIAN_POINT ( 'NONE',  ( 4.319999999999992300, -1.015000000000004100, 0.0000000000000000000 ) ) ;
#6993 = ORIENTED_EDGE ( 'NONE', *, *, #198, .T. ) ;
#6994 = AXIS2_PLACEMENT_3D ( 'NONE', #2885, #171, #726 ) ;
#6995 = CYLINDRICAL_SURFACE ( 'NONE', #298, 0.7600000000000081100 ) ;
#6996 = ORIENTED_EDGE ( 'NONE', *, *, #2661, .F. ) ;
#6997 = APPLICATION_PROTOCOL_DEFINITION ( 'draft international standard', 'automotive_design', 1998, #1566 ) ;
#6998 = EDGE_CURVE ( 'NONE', #5569, #3085, #4574, .T. ) ;
#6999 = DIRECTION ( 'NONE',  ( -1.212738566938669300E-016, -1.000000000000000000, 4.943482473272681000E-017 ) ) ;
#7000 = CARTESIAN_POINT ( 'NONE',  ( 1.297157287525378300, -2.215000000000004300, -8.131516293641283300E-017 ) ) ;
#7001 = CIRCLE ( 'NONE', #6291, 2.100000000000007600 ) ;
#7002 = LINE ( 'NONE', #1258, #2827 ) ;
#7003 = ORIENTED_EDGE ( 'NONE', *, *, #3241, .T. ) ;
#7004 = LINE ( 'NONE', #6146, #2640 ) ;
#7005 = CARTESIAN_POINT ( 'NONE',  ( 0.4143145750507522500, -1.049314575050752200, -0.5999999999999875400 ) ) ;
#7006 = EDGE_CURVE ( 'NONE', #1482, #5504, #6524, .T. ) ;
#7007 = EDGE_CURVE ( 'NONE', #1632, #598, #3879, .T. ) ;
#7008 = FACE_OUTER_BOUND ( 'NONE', #5460, .T. ) ;
#7009 = ORIENTED_EDGE ( 'NONE', *, *, #1466, .F. ) ;
#7010 = CARTESIAN_POINT ( 'NONE',  ( 9.530000000000004700, -0.6350000000000001200, -3.940000000000013700 ) ) ;
#7011 = CIRCLE ( 'NONE', #1237, 0.6099999999999976600 ) ;
#7012 = ORIENTED_EDGE ( 'NONE', *, *, #4667, .T. ) ;
#7013 = LINE ( 'NONE', #5701, #5554 ) ;
#7014 = PLANE ( 'NONE',  #1609 ) ;
#7015 = LINE ( 'NONE', #2708, #5567 ) ;
#7016 = CARTESIAN_POINT ( 'NONE',  ( 8.330000000000005400, -3.149999999999999000, 8.890000000000000600 ) ) ;
#7017 = VECTOR ( 'NONE', #4993, 1000.000000000000000 ) ;
#7018 = ORIENTED_EDGE ( 'NONE', *, *, #3618, .F. ) ;
#7019 = AXIS2_PLACEMENT_3D ( 'NONE', #3289, #6547, #6081 ) ;
#7020 = ADVANCED_FACE ( 'NONE', ( #3793 ), #2501, .F. ) ;
#7021 = ORIENTED_EDGE ( 'NONE', *, *, #3712, .F. ) ;
#7022 = ORIENTED_EDGE ( 'NONE', *, *, #6040, .T. ) ;
#7023 = PRODUCT_CONTEXT ( 'NONE', #4940, 'mechanical' ) ;
#7024 =( NAMED_UNIT ( * ) PLANE_ANGLE_UNIT ( ) SI_UNIT ( $, .RADIAN. ) );
#7025 = VECTOR ( 'NONE', #2331, 1000.000000000000000 ) ;
#7026 = VERTEX_POINT ( 'NONE', #1497 ) ;
#7027 = CARTESIAN_POINT ( 'NONE',  ( 0.8800000000000106600, 0.8250000000000021800, -7.749999999999989300 ) ) ;
#7028 = EDGE_LOOP ( 'NONE', ( #5052, #4559, #6600, #248 ) ) ;
#7029 = ORIENTED_EDGE ( 'NONE', *, *, #6775, .T. ) ;
#7030 = CARTESIAN_POINT ( 'NONE',  ( -4.750000000000000000, -1.458902086000000400E-014, 0.0000000000000000000 ) ) ;
#7031 = CARTESIAN_POINT ( 'NONE',  ( 4.002842712474615500, -1.049314575050752400, -0.8828427124746168800 ) ) ;
#7032 = DIRECTION ( 'NONE',  ( 0.2027126583464044200, 0.9792382642371232300, 0.0000000000000000000 ) ) ;
#7033 = ORIENTED_EDGE ( 'NONE', *, *, #1877, .T. ) ;
#7034 = LINE ( 'NONE', #5677, #4401 ) ;
#7035 = CARTESIAN_POINT ( 'NONE',  ( 0.3800000000000040600, 8.643823200000000300E-016, -0.9999999999999879000 ) ) ;
#7036 = DIRECTION ( 'NONE',  ( 1.000000000000000000, 0.0000000000000000000, 0.0000000000000000000 ) ) ;
#7037 = VERTEX_POINT ( 'NONE', #2564 ) ;
#7038 = ORIENTED_EDGE ( 'NONE', *, *, #4593, .T. ) ;
#7039 = ADVANCED_FACE ( 'NONE', ( #4390 ), #897, .T. ) ;
#7040 = CARTESIAN_POINT ( 'NONE',  ( 4.750000000000000000, -3.429999999999996600, 0.5099999999999920200 ) ) ;
#7041 = AXIS2_PLACEMENT_3D ( 'NONE', #3530, #4635, #1917 ) ;
#7042 = FACE_OUTER_BOUND ( 'NONE', #5548, .T. ) ;
#7043 = DIRECTION ( 'NONE',  ( -0.2027126583464099700, -0.9792382642371220100, 0.0000000000000000000 ) ) ;
#7044 = EDGE_CURVE ( 'NONE', #6500, #5186, #2938, .T. ) ;
#7045 = DIRECTION ( 'NONE',  ( -0.2027126583464380600, -0.9792382642371162400, -0.0000000000000000000 ) ) ;
#7046 = VECTOR ( 'NONE', #5950, 1000.000000000000000 ) ;
#7047 = CARTESIAN_POINT ( 'NONE',  ( 5.080000000000001000, 0.6350000000000001200, -1.549999999999997800 ) ) ;
#7048 = DIRECTION ( 'NONE',  ( 0.2027126583464652600, 0.9792382642371105800, 0.0000000000000000000 ) ) ;
#7049 = EDGE_CURVE ( 'NONE', #5010, #211, #6174, .T. ) ;
#7050 = ORIENTED_EDGE ( 'NONE', *, *, #2206, .T. ) ;
#7051 = CARTESIAN_POINT ( 'NONE',  ( 4.750000000000000000, -3.429999999999996600, 0.0000000000000000000 ) ) ;
#7052 = LINE ( 'NONE', #1984, #237 ) ;
#7053 = ADVANCED_FACE ( 'NONE', ( #3621 ), #6974, .T. ) ;
#7054 = DIRECTION ( 'NONE',  ( 1.000000000000000000, 0.0000000000000000000, 0.0000000000000000000 ) ) ;
#7055 = PLANE ( 'NONE',  #5002 ) ;
#7056 = CARTESIAN_POINT ( 'NONE',  ( 0.8800000000000105500, 0.6350000000000001200, -6.990000000000006400 ) ) ;
#7057 = DIRECTION ( 'NONE',  ( 1.000000000000000000, 0.0000000000000000000, -0.0000000000000000000 ) ) ;
#7058 = VECTOR ( 'NONE', #7045, 1000.000000000000000 ) ;
#7059 = CARTESIAN_POINT ( 'NONE',  ( 5.114314575050773500, -1.049314575050752200, -0.9999999999999879000 ) ) ;
#7060 = PLANE ( 'NONE',  #732 ) ;
#7061 = VERTEX_POINT ( 'NONE', #3617 ) ;
#7063 = CLOSED_SHELL ( 'NONE', ( #97, #2673, #2455, #1386, #1445, #5188 ) ) ;
#7062 = CARTESIAN_POINT ( 'NONE',  ( -0.9432769466796208100, -3.380000000000043900, 5.738528991902259500 ) ) ;
#7064 = CARTESIAN_POINT ( 'NONE',  ( 1.496662996000000200E-009, -2.920000000000029700, 0.5099999999999920200 ) ) ;
#7065 = AXIS2_PLACEMENT_3D ( 'NONE', #3938, #1256, #1680 ) ;
#7066 = ADVANCED_FACE ( 'NONE', ( #2428 ), #41, .T. ) ;
#7067 = DIRECTION ( 'NONE',  ( -0.0000000000000000000, -1.000000000000000000, -0.0000000000000000000 ) ) ;
#7068 = ORIENTED_EDGE ( 'NONE', *, *, #2612, .F. ) ;
#7069 = FACE_OUTER_BOUND ( 'NONE', #2687, .T. ) ;
#7070 = CARTESIAN_POINT ( 'NONE',  ( 4.750000000000000000, 2.669999999999988400, 8.890000000000000600 ) ) ;
#7071 = DIRECTION ( 'NONE',  ( 1.000000000000000000, 0.0000000000000000000, -0.0000000000000000000 ) ) ;
#7072 = VERTEX_POINT ( 'NONE', #5871 ) ;
#7073 = CARTESIAN_POINT ( 'NONE',  ( -6.249999999999995600, -5.967448059999999900E-015, 9.390000000000007700 ) ) ;
#7074 = DIRECTION ( 'NONE',  ( -0.0000000000000000000, -1.000000000000000000, 0.0000000000000000000 ) ) ;
#7075 = NEXT_ASSEMBLY_USAGE_OCCURRENCE ( 'NAUO1', ' ', ' ', #2026, #4733, $ ) ;
ENDSEC;
END-ISO-10303-21;
