ISO-10303-21;
HEADER;
/****************************************************************
 * Generated by software with PDElib inside                    *
 * PDElib Version v51a, created Fri 09/10/2010                  *
 * ITI Transcendata (http://www.transcendata.com/)              *
 ****************************************************************/
FILE_DESCRIPTION((' '),'2;1');
FILE_NAME('P:\\E-Switch Secure\\3D_MODELS_STP_FORMAT\\200USPxT1A1M7RE.stp','2017-07-26T10:51:08',(' '),(' '),' ','ACIS',' ');
FILE_SCHEMA(('CONFIG_CONTROL_DESIGN'));
ENDSEC;
DATA;
#5=APPLICATION_CONTEXT('configuration controlled 3D designs of mechanical parts and assemblies');
#6=APPLICATION_PROTOCOL_DEFINITION('International Standard','config_control_design',1995,#5);
#7=MECHANICAL_CONTEXT('None',#5,'mechanical');
#8=PRODUCT('P:\\E-Switch Secure\\3D_MODELS_STP_FORMAT\\200USPxT1A1M7RE.stp','P:\\E-Switch Secure\\3D_MODELS_STP_FORMAT\\200USPxT1A1M7RE.stp','None',(#7));
#9=PRODUCT_RELATED_PRODUCT_CATEGORY('detail',$,(#8));
#10=PRODUCT_CATEGORY('part',$);
#11=PRODUCT_CATEGORY_RELATIONSHIP('None','None',#10,#9);
#12=PERSON('PERSON1','None','None',$,$,$);
#13=ORGANIZATION('','None','None');
#14=PERSON_AND_ORGANIZATION(#12,#13);
#15=PERSON_AND_ORGANIZATION_ROLE('design_owner');
#16=CC_DESIGN_PERSON_AND_ORGANIZATION_ASSIGNMENT(#14,#15,(#8));
#17=PRODUCT_DEFINITION_FORMATION_WITH_SPECIFIED_SOURCE('None','None',#8,.NOT_KNOWN.);
#18=PERSON('PERSON2','None','None',$,$,$);
#19=ORGANIZATION('','None','None');
#20=PERSON_AND_ORGANIZATION(#18,#19);
#21=PERSON_AND_ORGANIZATION_ROLE('creator');
#22=CC_DESIGN_PERSON_AND_ORGANIZATION_ASSIGNMENT(#20,#21,(#17));
#23=PERSON('PERSON3','None','None',$,$,$);
#24=ORGANIZATION('','None','None');
#25=PERSON_AND_ORGANIZATION(#23,#24);
#26=PERSON_AND_ORGANIZATION_ROLE('part_supplier');
#27=CC_DESIGN_PERSON_AND_ORGANIZATION_ASSIGNMENT(#25,#26,(#17));
#28=APPROVAL_STATUS('approved');
#29=APPROVAL(#28,'None');
#30=PERSON('PERSON4','None','None',$,$,$);
#31=ORGANIZATION('','None','None');
#32=PERSON_AND_ORGANIZATION(#30,#31);
#33=APPROVAL_ROLE('None');
#34=APPROVAL_PERSON_ORGANIZATION(#32,#29,#33);
#35=CALENDAR_DATE(2017,26,7);
#36=COORDINATED_UNIVERSAL_TIME_OFFSET(0,0,.AHEAD.);
#37=LOCAL_TIME(10,51,8.0,#36);
#38=DATE_AND_TIME(#35,#37);
#39=APPROVAL_DATE_TIME(#38,#29);
#40=CC_DESIGN_APPROVAL(#29,(#17));
#41=SECURITY_CLASSIFICATION_LEVEL('unclassified');
#42=SECURITY_CLASSIFICATION('None','None',#41);
#43=CC_DESIGN_SECURITY_CLASSIFICATION(#42,(#17));
#44=APPROVAL_STATUS('approved');
#45=APPROVAL(#44,'None');
#46=PERSON('PERSON5','None','None',$,$,$);
#47=ORGANIZATION('','None','None');
#48=PERSON_AND_ORGANIZATION(#46,#47);
#49=APPROVAL_ROLE('None');
#50=APPROVAL_PERSON_ORGANIZATION(#48,#45,#49);
#51=CALENDAR_DATE(2017,26,7);
#52=COORDINATED_UNIVERSAL_TIME_OFFSET(0,0,.AHEAD.);
#53=LOCAL_TIME(10,51,8.0,#52);
#54=DATE_AND_TIME(#51,#53);
#55=APPROVAL_DATE_TIME(#54,#45);
#56=CC_DESIGN_APPROVAL(#45,(#42));
#57=PERSON('PERSON6','None','None',$,$,$);
#58=ORGANIZATION('','None','None');
#59=PERSON_AND_ORGANIZATION(#57,#58);
#60=PERSON_AND_ORGANIZATION_ROLE('classification_officer');
#61=CC_DESIGN_PERSON_AND_ORGANIZATION_ASSIGNMENT(#59,#60,(#42));
#62=DATE_TIME_ROLE('classification_date');
#63=CALENDAR_DATE(2017,26,7);
#64=COORDINATED_UNIVERSAL_TIME_OFFSET(0,0,.AHEAD.);
#65=LOCAL_TIME(10,51,8.0,#64);
#66=DATE_AND_TIME(#63,#65);
#67=CC_DESIGN_DATE_AND_TIME_ASSIGNMENT(#66,#62,(#42));
#68=DESIGN_CONTEXT('part definition',#5,'design');
#69=PRODUCT_DEFINITION('None','None',#17,#68);
#70=PERSON('PERSON7','None','None',$,$,$);
#71=ORGANIZATION('','None','None');
#72=PERSON_AND_ORGANIZATION(#70,#71);
#73=PERSON_AND_ORGANIZATION_ROLE('creator');
#74=CC_DESIGN_PERSON_AND_ORGANIZATION_ASSIGNMENT(#72,#73,(#69));
#75=DATE_TIME_ROLE('creation_date');
#76=CALENDAR_DATE(2017,26,7);
#77=COORDINATED_UNIVERSAL_TIME_OFFSET(0,0,.AHEAD.);
#78=LOCAL_TIME(10,51,8.0,#77);
#79=DATE_AND_TIME(#76,#78);
#80=CC_DESIGN_DATE_AND_TIME_ASSIGNMENT(#79,#75,(#69));
#81=APPROVAL_STATUS('approved');
#82=APPROVAL(#81,'None');
#83=PERSON('PERSON8','None','None',$,$,$);
#84=ORGANIZATION('','None','None');
#85=PERSON_AND_ORGANIZATION(#83,#84);
#86=APPROVAL_ROLE('None');
#87=APPROVAL_PERSON_ORGANIZATION(#85,#82,#86);
#88=CALENDAR_DATE(2017,26,7);
#89=COORDINATED_UNIVERSAL_TIME_OFFSET(0,0,.AHEAD.);
#90=LOCAL_TIME(10,51,8.0,#89);
#91=DATE_AND_TIME(#88,#90);
#92=APPROVAL_DATE_TIME(#91,#82);
#93=CC_DESIGN_APPROVAL(#82,(#69));
#99=(NAMED_UNIT(*)PLANE_ANGLE_UNIT()SI_UNIT($,.RADIAN.));
#100=DIMENSIONAL_EXPONENTS(0.0,0.0,0.0,0.0,0.0,0.0,0.0);
#101=PLANE_ANGLE_MEASURE_WITH_UNIT(PLANE_ANGLE_MEASURE(0.0174532925),#99);
#105=(CONVERSION_BASED_UNIT('DEGREE',#101)NAMED_UNIT(#100)PLANE_ANGLE_UNIT());
#109=(NAMED_UNIT(*)SI_UNIT($,.STERADIAN.)SOLID_ANGLE_UNIT());
#113=(LENGTH_UNIT()NAMED_UNIT(*)SI_UNIT(.CENTI.,.METRE.));
#114=DIMENSIONAL_EXPONENTS(1.0,0.0,0.0,0.0,0.0,0.0,0.0);
#115=LENGTH_MEASURE_WITH_UNIT(LENGTH_MEASURE(2.54),#113);
#119=(CONVERSION_BASED_UNIT('INCH',#115)LENGTH_UNIT()NAMED_UNIT(#114));
#121=UNCERTAINTY_MEASURE_WITH_UNIT(LENGTH_MEASURE(0.001),#119,'DISTANCE_ACCURACY_VALUE','');
#123=(GEOMETRIC_REPRESENTATION_CONTEXT(3)GLOBAL_UNCERTAINTY_ASSIGNED_CONTEXT((#121))GLOBAL_UNIT_ASSIGNED_CONTEXT((#105,#109,#119))REPRESENTATION_CONTEXT('None','None'));
#124=AXIS2_PLACEMENT_3D('',#125,#126,#127);
#125=CARTESIAN_POINT('',(0.0,0.0,0.0));
#126=DIRECTION('',(0.0,0.0,1.0));
#127=DIRECTION('',(1.0,0.0,0.0));
#128=SHAPE_REPRESENTATION('',(#124),#123);
#129=PRODUCT_DEFINITION_SHAPE('','',#69);
#130=SHAPE_DEFINITION_REPRESENTATION(#129,#128);
#136=(NAMED_UNIT(*)PLANE_ANGLE_UNIT()SI_UNIT($,.RADIAN.));
#137=DIMENSIONAL_EXPONENTS(0.0,0.0,0.0,0.0,0.0,0.0,0.0);
#138=PLANE_ANGLE_MEASURE_WITH_UNIT(PLANE_ANGLE_MEASURE(0.0174532925),#136);
#142=(CONVERSION_BASED_UNIT('DEGREE',#138)NAMED_UNIT(#137)PLANE_ANGLE_UNIT());
#146=(NAMED_UNIT(*)SI_UNIT($,.STERADIAN.)SOLID_ANGLE_UNIT());
#150=(LENGTH_UNIT()NAMED_UNIT(*)SI_UNIT(.CENTI.,.METRE.));
#152=UNCERTAINTY_MEASURE_WITH_UNIT(LENGTH_MEASURE(0.000001),#150,'DISTANCE_ACCURACY_VALUE','');
#154=(GEOMETRIC_REPRESENTATION_CONTEXT(3)GLOBAL_UNCERTAINTY_ASSIGNED_CONTEXT((#152))GLOBAL_UNIT_ASSIGNED_CONTEXT((#142,#146,#150))REPRESENTATION_CONTEXT('','3D'));
#155=CARTESIAN_POINT('',(-0.05,0.188976377952756,-0.119389763779528));
#156=DIRECTION('',(0.0,0.0,-1.0));
#157=DIRECTION('',(0.0,1.0,0.0));
#158=AXIS2_PLACEMENT_3D('',#155,#156,#157);
#159=CYLINDRICAL_SURFACE('',#158,0.00748031496063);
#160=CARTESIAN_POINT('',(-0.05,0.196456692913386,-0.266141732283465));
#161=VERTEX_POINT('',#160);
#162=CARTESIAN_POINT('',(-0.05,0.188976377952756,-0.266141732283465));
#163=DIRECTION('',(0.0,0.0,1.0));
#164=DIRECTION('',(0.0,-1.0,0.0));
#165=AXIS2_PLACEMENT_3D('',#162,#163,#164);
#166=CIRCLE('',#165,0.00748031496063);
#167=EDGE_CURVE('',#161,#161,#166,.T.);
#168=ORIENTED_EDGE('',*,*,#167,.T.);
#169=EDGE_LOOP('',(#168));
#170=FACE_OUTER_BOUND('',#169,.T.);
#171=CARTESIAN_POINT('',(-0.04251968503937,0.188976377952756,-0.126377952755906));
#172=VERTEX_POINT('',#171);
#173=CARTESIAN_POINT('',(-0.05,0.188976377952756,-0.126377952755906));
#174=DIRECTION('',(0.0,0.0,1.0));
#175=DIRECTION('',(0.0,-1.0,0.0));
#176=AXIS2_PLACEMENT_3D('',#173,#174,#175);
#177=CIRCLE('',#176,0.00748031496063);
#178=EDGE_CURVE('',#172,#172,#177,.T.);
#179=ORIENTED_EDGE('',*,*,#178,.F.);
#180=EDGE_LOOP('',(#179));
#181=FACE_BOUND('',#180,.T.);
#182=ADVANCED_FACE('',(#170,#181),#159,.T.);
#183=CARTESIAN_POINT('',(-0.069685039370079,0.188976377952756,-0.126377952755906));
#184=DIRECTION('',(0.0,1.0,0.0));
#185=DIRECTION('',(0.0,0.0,1.0));
#186=AXIS2_PLACEMENT_3D('',#183,#184,#185);
#187=TOROIDAL_SURFACE('',#186,0.019685039370079,0.00748031496063);
#188=CARTESIAN_POINT('',(-0.042867108085155,0.188976377952756,-0.122047244094488));
#189=VERTEX_POINT('',#188);
#190=CARTESIAN_POINT('',(-0.042867108085155,0.188976377952756,-0.122047244094488));
#191=CARTESIAN_POINT('',(-0.042867108085155,0.189894827708219,-0.122047244094488));
#192=CARTESIAN_POINT('',(-0.043083857956567,0.190975443933346,-0.122047244094488));
#193=CARTESIAN_POINT('',(-0.043793312994271,0.192676393782657,-0.122047244094488));
#194=CARTESIAN_POINT('',(-0.044413738945654,0.193596125921637,-0.122047244094488));
#195=CARTESIAN_POINT('',(-0.045733801663993,0.19490537474059,-0.122047244094488));
#196=CARTESIAN_POINT('',(-0.046669857065756,0.195523324390936,-0.122047244094488));
#197=CARTESIAN_POINT('',(-0.048413485380567,0.196238583775201,-0.122047244094488));
#198=CARTESIAN_POINT('',(-0.049532349041638,0.196456692913386,-0.122047244094488));
#199=CARTESIAN_POINT('',(-0.051441091098578,0.196456692913386,-0.122047244094488));
#200=CARTESIAN_POINT('',(-0.052570155979075,0.196235299769631,-0.122047244094488));
#201=CARTESIAN_POINT('',(-0.054347257928209,0.195515833540097,-0.122047244094488));
#202=CARTESIAN_POINT('',(-0.055312200173918,0.194890050270891,-0.122047244094488));
#203=CARTESIAN_POINT('',(-0.056674677225412,0.193570064820999,-0.122047244094488));
#204=CARTESIAN_POINT('',(-0.057319788936053,0.192646775746973,-0.122047244094488));
#205=CARTESIAN_POINT('',(-0.058050203057961,0.190950719749634,-0.122047244094488));
#206=CARTESIAN_POINT('',(-0.058274506499064,0.189884413485765,-0.122047244094488));
#207=CARTESIAN_POINT('',(-0.058274506499064,0.188068342419747,-0.122047244094488));
#208=CARTESIAN_POINT('',(-0.058050203057961,0.187002036155878,-0.122047244094488));
#209=CARTESIAN_POINT('',(-0.057319788936053,0.185305980158539,-0.122047244094488));
#210=CARTESIAN_POINT('',(-0.056674677225412,0.184382691084513,-0.122047244094488));
#211=CARTESIAN_POINT('',(-0.055312200173918,0.183062705634621,-0.122047244094488));
#212=CARTESIAN_POINT('',(-0.054347257928209,0.182436922365415,-0.122047244094488));
#213=CARTESIAN_POINT('',(-0.052570155979075,0.181717456135881,-0.122047244094488));
#214=CARTESIAN_POINT('',(-0.051441091098578,0.181496062992126,-0.122047244094488));
#215=CARTESIAN_POINT('',(-0.049532349041638,0.181496062992126,-0.122047244094488));
#216=CARTESIAN_POINT('',(-0.048413485380567,0.181714172130311,-0.122047244094488));
#217=CARTESIAN_POINT('',(-0.046669857065756,0.182429431514576,-0.122047244094488));
#218=CARTESIAN_POINT('',(-0.045733801663993,0.183047381164922,-0.122047244094488));
#219=CARTESIAN_POINT('',(-0.044413738945654,0.184356629983875,-0.122047244094488));
#220=CARTESIAN_POINT('',(-0.043793312994271,0.185276362122855,-0.122047244094488));
#221=CARTESIAN_POINT('',(-0.043083857956567,0.186977311972166,-0.122047244094488));
#222=CARTESIAN_POINT('',(-0.042867108085155,0.188057928197293,-0.122047244094488));
#223=CARTESIAN_POINT('',(-0.042867108085155,0.188976377952756,-0.122047244094488));
#224=B_SPLINE_CURVE_WITH_KNOTS('',3,(#190,#191,#192,#193,#194,#195,#196,#197,#198,#199,#200,#201,#202,#203,#204,#205,#206,#207,#208,#209,#210,#211,#212,#213,#214,#215,#216,#217,#218,#219,#220,#221,#222,#223),.UNSPECIFIED.,.T.,.U.,(4,2,2,2,2,2,2,2,2,2,2,2,2,2,2,2,4),(-0.044948834824511,-0.042193485558123,-0.039419909832838,-0.036615826331125,-0.033766015495049,-0.030889600160305,-0.02801436295534,-0.025198524011282,-0.022474417412255,-0.019750310813229,-0.01693447186917,-0.014059234664206,-0.011182819329462,-0.008333008493386,-0.005528924991673,-0.002755349266388,0.0),.UNSPECIFIED.);
#225=EDGE_CURVE('',#189,#189,#224,.T.);
#226=ORIENTED_EDGE('',*,*,#225,.F.);
#227=EDGE_LOOP('',(#226));
#228=FACE_OUTER_BOUND('',#227,.T.);
#229=ORIENTED_EDGE('',*,*,#178,.T.);
#230=EDGE_LOOP('',(#229));
#231=FACE_BOUND('',#230,.T.);
#232=ADVANCED_FACE('',(#228,#231),#187,.T.);
#233=CARTESIAN_POINT('',(-0.069685039370079,0.188976377952756,-0.126377952755906));
#234=DIRECTION('',(0.0,1.0,0.0));
#235=DIRECTION('',(0.0,0.0,1.0));
#236=AXIS2_PLACEMENT_3D('',#233,#234,#235);
#237=TOROIDAL_SURFACE('',#236,0.019685039370079,0.00748031496063);
#238=CARTESIAN_POINT('',(-0.069685039370079,0.196456692913386,-0.106692913385827));
#239=VERTEX_POINT('',#238);
#240=CARTESIAN_POINT('',(-0.069685039370079,0.188976377952756,-0.106692913385827));
#241=DIRECTION('',(-1.0,0.0,0.0));
#242=DIRECTION('',(0.0,-1.0,0.0));
#243=AXIS2_PLACEMENT_3D('',#240,#241,#242);
#244=CIRCLE('',#243,0.00748031496063);
#245=EDGE_CURVE('',#239,#239,#244,.T.);
#246=ORIENTED_EDGE('',*,*,#245,.F.);
#247=EDGE_LOOP('',(#246));
#248=FACE_OUTER_BOUND('',#247,.T.);
#249=CARTESIAN_POINT('',(-0.059055118110236,0.188976377952756,-0.101378727769469));
#250=VERTEX_POINT('',#249);
#251=CARTESIAN_POINT('',(-0.059055118110236,0.188976377952756,-0.101378727769469));
#252=CARTESIAN_POINT('',(-0.059055118110236,0.188084520897286,-0.101378727769469));
#253=CARTESIAN_POINT('',(-0.059055118110236,0.187037057909964,-0.101598296120637));
#254=CARTESIAN_POINT('',(-0.059055118110236,0.185364246948437,-0.102321883085121));
#255=CARTESIAN_POINT('',(-0.059055118110236,0.184453390390891,-0.102968249744869));
#256=CARTESIAN_POINT('',(-0.059055118110236,0.183123958084741,-0.104368519633089));
#257=CARTESIAN_POINT('',(-0.059055118110236,0.182492895481806,-0.105389322579282));
#258=CARTESIAN_POINT('',(-0.059055118110236,0.181724207551492,-0.10736518831109));
#259=CARTESIAN_POINT('',(-0.059055118110236,0.181496062992126,-0.108689716346628));
#260=CARTESIAN_POINT('',(-0.059055118110236,0.181496062992126,-0.111011383807411));
#261=CARTESIAN_POINT('',(-0.059055118110236,0.181752057529896,-0.112430446399483));
#262=CARTESIAN_POINT('',(-0.059055118110236,0.18255834517589,-0.11478734119062));
#263=CARTESIAN_POINT('',(-0.059055118110236,0.183281755003464,-0.116155034117575));
#264=CARTESIAN_POINT('',(-0.059055118110236,0.184729042925023,-0.118088624524674));
#265=CARTESIAN_POINT('',(-0.059055118110236,0.185672865456949,-0.119055366422321));
#266=CARTESIAN_POINT('',(-0.059055118110236,0.186988449213293,-0.119867337685931));
#267=CARTESIAN_POINT('',(-0.059055118110236,0.187442928620938,-0.120085448990692));
#268=CARTESIAN_POINT('',(-0.059055118110236,0.188189322747723,-0.120312995960207));
#269=CARTESIAN_POINT('',(-0.059055118110236,0.188616158494337,-0.120381281019006));
#270=CARTESIAN_POINT('',(-0.059055118110236,0.189336597411175,-0.120381281019006));
#271=CARTESIAN_POINT('',(-0.059055118110236,0.189763433157789,-0.120312995960207));
#272=CARTESIAN_POINT('',(-0.059055118110236,0.190509827284574,-0.120085448990692));
#273=CARTESIAN_POINT('',(-0.059055118110236,0.190964306692218,-0.119867337685931));
#274=CARTESIAN_POINT('',(-0.059055118110236,0.192279890448563,-0.119055366422321));
#275=CARTESIAN_POINT('',(-0.059055118110236,0.193223712980489,-0.118088624524674));
#276=CARTESIAN_POINT('',(-0.059055118110236,0.194671000902048,-0.116155034117575));
#277=CARTESIAN_POINT('',(-0.059055118110236,0.195394410729622,-0.11478734119062));
#278=CARTESIAN_POINT('',(-0.059055118110236,0.196200698375616,-0.112430446399483));
#279=CARTESIAN_POINT('',(-0.059055118110236,0.196456692913386,-0.111011383807411));
#280=CARTESIAN_POINT('',(-0.059055118110236,0.196456692913386,-0.108689716346628));
#281=CARTESIAN_POINT('',(-0.059055118110236,0.19622854835402,-0.10736518831109));
#282=CARTESIAN_POINT('',(-0.059055118110236,0.195459860423706,-0.105389322579282));
#283=CARTESIAN_POINT('',(-0.059055118110236,0.194828797820771,-0.104368519633089));
#284=CARTESIAN_POINT('',(-0.059055118110236,0.193499365514621,-0.102968249744869));
#285=CARTESIAN_POINT('',(-0.059055118110236,0.192588508957075,-0.102321883085121));
#286=CARTESIAN_POINT('',(-0.059055118110236,0.190915697995548,-0.101598296120637));
#287=CARTESIAN_POINT('',(-0.059055118110236,0.189868235008226,-0.101378727769469));
#288=CARTESIAN_POINT('',(-0.059055118110236,0.188976377952756,-0.101378727769469));
#289=B_SPLINE_CURVE_WITH_KNOTS('',3,(#251,#252,#253,#254,#255,#256,#257,#258,#259,#260,#261,#262,#263,#264,#265,#266,#267,#268,#269,#270,#271,#272,#273,#274,#275,#276,#277,#278,#279,#280,#281,#282,#283,#284,#285,#286,#287,#288),.UNSPECIFIED.,.T.,.U.,(4,2,2,2,2,2,2,2,2,2,2,2,2,2,2,2,2,2,4),(-0.050039521571082,-0.047363950404671,-0.044571718404036,-0.041571428143306,-0.038211345874136,-0.034606425760957,-0.030738362840489,-0.027360687171079,-0.026100419160799,-0.025019760785541,-0.023939102410283,-0.022678834400003,-0.019301158730592,-0.015433095810125,-0.011828175696945,-0.008468093427776,-0.005467803167046,-0.002675571166411,0.0),.UNSPECIFIED.);
#290=EDGE_CURVE('',#250,#250,#289,.T.);
#291=ORIENTED_EDGE('',*,*,#290,.F.);
#292=EDGE_LOOP('',(#291));
#293=FACE_BOUND('',#292,.T.);
#294=ADVANCED_FACE('',(#248,#293),#237,.T.);
#295=CARTESIAN_POINT('',(-0.078159448818898,0.188976377952756,-0.106692913385827));
#296=DIRECTION('',(1.0,0.0,0.0));
#297=DIRECTION('',(0.0,1.0,0.0));
#298=AXIS2_PLACEMENT_3D('',#295,#296,#297);
#299=CYLINDRICAL_SURFACE('',#298,0.00748031496063);
#300=ORIENTED_EDGE('',*,*,#245,.T.);
#301=EDGE_LOOP('',(#300));
#302=FACE_OUTER_BOUND('',#301,.T.);
#303=CARTESIAN_POINT('',(-0.077755905511811,0.188976377952756,-0.114173228346457));
#304=VERTEX_POINT('',#303);
#305=CARTESIAN_POINT('',(-0.077755905511811,0.188976377952756,-0.106692913385827));
#306=DIRECTION('',(-1.0,0.0,0.0));
#307=DIRECTION('',(0.0,-1.0,0.0));
#308=AXIS2_PLACEMENT_3D('',#305,#306,#307);
#309=CIRCLE('',#308,0.00748031496063);
#310=EDGE_CURVE('',#304,#304,#309,.T.);
#311=ORIENTED_EDGE('',*,*,#310,.F.);
#312=EDGE_LOOP('',(#311));
#313=FACE_BOUND('',#312,.T.);
#314=ADVANCED_FACE('',(#302,#313),#299,.T.);
#315=CARTESIAN_POINT('',(-0.077755905511811,0.188976377952756,-0.087007874015748));
#316=DIRECTION('',(0.0,-1.0,0.0));
#317=DIRECTION('',(0.0,0.0,-1.0));
#318=AXIS2_PLACEMENT_3D('',#315,#316,#317);
#319=TOROIDAL_SURFACE('',#318,0.019685039370079,0.00748031496063);
#320=CARTESIAN_POINT('',(-0.09744094488189,0.196456692913386,-0.087007874015748));
#321=VERTEX_POINT('',#320);
#322=CARTESIAN_POINT('',(-0.09744094488189,0.188976377952756,-0.087007874015748));
#323=DIRECTION('',(0.0,0.0,1.0));
#324=DIRECTION('',(0.0,-1.0,0.0));
#325=AXIS2_PLACEMENT_3D('',#322,#323,#324);
#326=CIRCLE('',#325,0.00748031496063);
#327=EDGE_CURVE('',#321,#321,#326,.T.);
#328=ORIENTED_EDGE('',*,*,#327,.F.);
#329=EDGE_LOOP('',(#328));
#330=FACE_OUTER_BOUND('',#329,.T.);
#331=ORIENTED_EDGE('',*,*,#310,.T.);
#332=EDGE_LOOP('',(#331));
#333=FACE_BOUND('',#332,.T.);
#334=ADVANCED_FACE('',(#330,#333),#319,.T.);
#335=CARTESIAN_POINT('',(-0.09744094488189,0.188976377952756,0.119685039370078));
#336=DIRECTION('',(0.0,0.0,-1.0));
#337=DIRECTION('',(0.0,1.0,0.0));
#338=AXIS2_PLACEMENT_3D('',#335,#336,#337);
#339=CYLINDRICAL_SURFACE('',#338,0.00748031496063);
#340=ORIENTED_EDGE('',*,*,#327,.T.);
#341=EDGE_LOOP('',(#340));
#342=FACE_OUTER_BOUND('',#341,.T.);
#343=CARTESIAN_POINT('',(-0.10492125984252,0.188976377952756,0.109842519685039));
#344=VERTEX_POINT('',#343);
#345=CARTESIAN_POINT('',(-0.09744094488189,0.188976377952756,0.109842519685039));
#346=DIRECTION('',(0.0,0.0,1.0));
#347=DIRECTION('',(0.0,-1.0,0.0));
#348=AXIS2_PLACEMENT_3D('',#345,#346,#347);
#349=CIRCLE('',#348,0.00748031496063);
#350=EDGE_CURVE('',#344,#344,#349,.T.);
#351=ORIENTED_EDGE('',*,*,#350,.F.);
#352=EDGE_LOOP('',(#351));
#353=FACE_BOUND('',#352,.T.);
#354=ADVANCED_FACE('',(#342,#353),#339,.T.);
#355=CARTESIAN_POINT('',(-0.077755905511811,0.188976377952756,0.109842519685039));
#356=DIRECTION('',(0.0,-1.0,0.0));
#357=DIRECTION('',(0.0,0.0,-1.0));
#358=AXIS2_PLACEMENT_3D('',#355,#356,#357);
#359=TOROIDAL_SURFACE('',#358,0.019685039370079,0.00748031496063);
#360=CARTESIAN_POINT('',(-0.077755905511811,0.196456692913386,0.129527559055118));
#361=VERTEX_POINT('',#360);
#362=CARTESIAN_POINT('',(-0.077755905511811,0.188976377952756,0.129527559055118));
#363=DIRECTION('',(1.0,0.0,0.0));
#364=DIRECTION('',(0.0,-1.0,0.0));
#365=AXIS2_PLACEMENT_3D('',#362,#363,#364);
#366=CIRCLE('',#365,0.00748031496063);
#367=EDGE_CURVE('',#361,#361,#366,.T.);
#368=ORIENTED_EDGE('',*,*,#367,.F.);
#369=EDGE_LOOP('',(#368));
#370=FACE_OUTER_BOUND('',#369,.T.);
#371=ORIENTED_EDGE('',*,*,#350,.T.);
#372=EDGE_LOOP('',(#371));
#373=FACE_BOUND('',#372,.T.);
#374=ADVANCED_FACE('',(#370,#373),#359,.T.);
#375=CARTESIAN_POINT('',(0.085531496062992,0.188976377952756,0.129527559055118));
#376=DIRECTION('',(-1.0,0.0,0.0));
#377=DIRECTION('',(0.0,1.0,0.0));
#378=AXIS2_PLACEMENT_3D('',#375,#376,#377);
#379=CYLINDRICAL_SURFACE('',#378,0.00748031496063);
#380=ORIENTED_EDGE('',*,*,#367,.T.);
#381=EDGE_LOOP('',(#380));
#382=FACE_OUTER_BOUND('',#381,.T.);
#383=CARTESIAN_POINT('',(0.077755905511811,0.188976377952756,0.137007874015748));
#384=VERTEX_POINT('',#383);
#385=CARTESIAN_POINT('',(0.077755905511811,0.188976377952756,0.129527559055118));
#386=DIRECTION('',(1.0,0.0,0.0));
#387=DIRECTION('',(0.0,-1.0,0.0));
#388=AXIS2_PLACEMENT_3D('',#385,#386,#387);
#389=CIRCLE('',#388,0.00748031496063);
#390=EDGE_CURVE('',#384,#384,#389,.T.);
#391=ORIENTED_EDGE('',*,*,#390,.F.);
#392=EDGE_LOOP('',(#391));
#393=FACE_BOUND('',#392,.T.);
#394=ADVANCED_FACE('',(#382,#393),#379,.T.);
#395=CARTESIAN_POINT('',(0.077755905511811,0.188976377952756,0.109842519685039));
#396=DIRECTION('',(0.0,-1.0,0.0));
#397=DIRECTION('',(0.0,0.0,-1.0));
#398=AXIS2_PLACEMENT_3D('',#395,#396,#397);
#399=TOROIDAL_SURFACE('',#398,0.019685039370079,0.00748031496063);
#400=ORIENTED_EDGE('',*,*,#390,.T.);
#401=EDGE_LOOP('',(#400));
#402=FACE_OUTER_BOUND('',#401,.T.);
#403=CARTESIAN_POINT('',(0.09744094488189,0.196456692913386,0.109842519685039));
#404=VERTEX_POINT('',#403);
#405=CARTESIAN_POINT('',(0.09744094488189,0.188976377952756,0.109842519685039));
#406=DIRECTION('',(0.0,0.0,-1.0));
#407=DIRECTION('',(0.0,-1.0,0.0));
#408=AXIS2_PLACEMENT_3D('',#405,#406,#407);
#409=CIRCLE('',#408,0.00748031496063);
#410=EDGE_CURVE('',#404,#404,#409,.T.);
#411=ORIENTED_EDGE('',*,*,#410,.F.);
#412=EDGE_LOOP('',(#411));
#413=FACE_BOUND('',#412,.T.);
#414=ADVANCED_FACE('',(#402,#413),#399,.T.);
#415=CARTESIAN_POINT('',(0.09744094488189,0.188976377952756,-0.096850393700787));
#416=DIRECTION('',(0.0,0.0,1.0));
#417=DIRECTION('',(0.0,1.0,0.0));
#418=AXIS2_PLACEMENT_3D('',#415,#416,#417);
#419=CYLINDRICAL_SURFACE('',#418,0.00748031496063);
#420=ORIENTED_EDGE('',*,*,#410,.T.);
#421=EDGE_LOOP('',(#420));
#422=FACE_OUTER_BOUND('',#421,.T.);
#423=CARTESIAN_POINT('',(0.10492125984252,0.188976377952756,-0.087007874015748));
#424=VERTEX_POINT('',#423);
#425=CARTESIAN_POINT('',(0.09744094488189,0.188976377952756,-0.087007874015748));
#426=DIRECTION('',(0.0,0.0,-1.0));
#427=DIRECTION('',(0.0,-1.0,0.0));
#428=AXIS2_PLACEMENT_3D('',#425,#426,#427);
#429=CIRCLE('',#428,0.00748031496063);
#430=EDGE_CURVE('',#424,#424,#429,.T.);
#431=ORIENTED_EDGE('',*,*,#430,.F.);
#432=EDGE_LOOP('',(#431));
#433=FACE_BOUND('',#432,.T.);
#434=ADVANCED_FACE('',(#422,#433),#419,.T.);
#435=CARTESIAN_POINT('',(0.077755905511811,0.188976377952756,-0.087007874015748));
#436=DIRECTION('',(0.0,-1.0,0.0));
#437=DIRECTION('',(0.0,0.0,-1.0));
#438=AXIS2_PLACEMENT_3D('',#435,#436,#437);
#439=TOROIDAL_SURFACE('',#438,0.019685039370079,0.00748031496063);
#440=CARTESIAN_POINT('',(0.077755905511811,0.196456692913386,-0.106692913385827));
#441=VERTEX_POINT('',#440);
#442=CARTESIAN_POINT('',(0.077755905511811,0.188976377952756,-0.106692913385827));
#443=DIRECTION('',(-1.0,0.0,0.0));
#444=DIRECTION('',(0.0,-1.0,0.0));
#445=AXIS2_PLACEMENT_3D('',#442,#443,#444);
#446=CIRCLE('',#445,0.00748031496063);
#447=EDGE_CURVE('',#441,#441,#446,.T.);
#448=ORIENTED_EDGE('',*,*,#447,.F.);
#449=EDGE_LOOP('',(#448));
#450=FACE_OUTER_BOUND('',#449,.T.);
#451=ORIENTED_EDGE('',*,*,#430,.T.);
#452=EDGE_LOOP('',(#451));
#453=FACE_BOUND('',#452,.T.);
#454=ADVANCED_FACE('',(#450,#453),#439,.T.);
#455=CARTESIAN_POINT('',(0.069281496062992,0.188976377952756,-0.106692913385827));
#456=DIRECTION('',(1.0,0.0,0.0));
#457=DIRECTION('',(0.0,1.0,0.0));
#458=AXIS2_PLACEMENT_3D('',#455,#456,#457);
#459=CYLINDRICAL_SURFACE('',#458,0.00748031496063);
#460=ORIENTED_EDGE('',*,*,#447,.T.);
#461=EDGE_LOOP('',(#460));
#462=FACE_OUTER_BOUND('',#461,.T.);
#463=CARTESIAN_POINT('',(0.069685039370079,0.188976377952756,-0.099212598425197));
#464=VERTEX_POINT('',#463);
#465=CARTESIAN_POINT('',(0.069685039370079,0.188976377952756,-0.106692913385827));
#466=DIRECTION('',(-1.0,0.0,0.0));
#467=DIRECTION('',(0.0,-1.0,0.0));
#468=AXIS2_PLACEMENT_3D('',#465,#466,#467);
#469=CIRCLE('',#468,0.00748031496063);
#470=EDGE_CURVE('',#464,#464,#469,.T.);
#471=ORIENTED_EDGE('',*,*,#470,.F.);
#472=EDGE_LOOP('',(#471));
#473=FACE_BOUND('',#472,.T.);
#474=ADVANCED_FACE('',(#462,#473),#459,.T.);
#475=CARTESIAN_POINT('',(0.069685039370079,0.188976377952756,-0.126377952755906));
#476=DIRECTION('',(0.0,1.0,0.0));
#477=DIRECTION('',(0.0,0.0,1.0));
#478=AXIS2_PLACEMENT_3D('',#475,#476,#477);
#479=TOROIDAL_SURFACE('',#478,0.019685039370079,0.00748031496063);
#480=ORIENTED_EDGE('',*,*,#470,.T.);
#481=EDGE_LOOP('',(#480));
#482=FACE_OUTER_BOUND('',#481,.T.);
#483=CARTESIAN_POINT('',(0.05,0.196456692913386,-0.126377952755906));
#484=VERTEX_POINT('',#483);
#485=CARTESIAN_POINT('',(0.05,0.188976377952756,-0.126377952755906));
#486=DIRECTION('',(0.0,0.0,-1.0));
#487=DIRECTION('',(0.0,-1.0,0.0));
#488=AXIS2_PLACEMENT_3D('',#485,#486,#487);
#489=CIRCLE('',#488,0.00748031496063);
#490=EDGE_CURVE('',#484,#484,#489,.T.);
#491=ORIENTED_EDGE('',*,*,#490,.F.);
#492=EDGE_LOOP('',(#491));
#493=FACE_BOUND('',#492,.T.);
#494=ADVANCED_FACE('',(#482,#493),#479,.T.);
#495=CARTESIAN_POINT('',(0.05,0.188976377952756,-0.273129921259843));
#496=DIRECTION('',(0.0,0.0,1.0));
#497=DIRECTION('',(0.0,1.0,0.0));
#498=AXIS2_PLACEMENT_3D('',#495,#496,#497);
#499=CYLINDRICAL_SURFACE('',#498,0.00748031496063);
#500=ORIENTED_EDGE('',*,*,#490,.T.);
#501=EDGE_LOOP('',(#500));
#502=FACE_OUTER_BOUND('',#501,.T.);
#503=CARTESIAN_POINT('',(0.05,0.196456692913386,-0.266141732283465));
#504=VERTEX_POINT('',#503);
#505=CARTESIAN_POINT('',(0.05,0.188976377952756,-0.266141732283465));
#506=DIRECTION('',(0.0,0.0,-1.0));
#507=DIRECTION('',(0.0,-1.0,0.0));
#508=AXIS2_PLACEMENT_3D('',#505,#506,#507);
#509=CIRCLE('',#508,0.00748031496063);
#510=EDGE_CURVE('',#504,#504,#509,.T.);
#511=ORIENTED_EDGE('',*,*,#510,.F.);
#512=EDGE_LOOP('',(#511));
#513=FACE_BOUND('',#512,.T.);
#514=ADVANCED_FACE('',(#502,#513),#499,.T.);
#515=CARTESIAN_POINT('',(-0.041771653543307,0.197204724409449,-0.266141732283465));
#516=DIRECTION('',(0.0,0.0,1.0));
#517=DIRECTION('',(1.0,0.0,0.0));
#518=AXIS2_PLACEMENT_3D('',#515,#516,#517);
#519=PLANE('',#518);
#520=ORIENTED_EDGE('',*,*,#167,.F.);
#521=EDGE_LOOP('',(#520));
#522=FACE_OUTER_BOUND('',#521,.T.);
#523=ADVANCED_FACE('',(#522),#519,.F.);
#524=CARTESIAN_POINT('',(0.041771653543307,0.197204724409449,-0.266141732283465));
#525=DIRECTION('',(0.0,0.0,-1.0));
#526=DIRECTION('',(-1.0,0.0,0.0));
#527=AXIS2_PLACEMENT_3D('',#524,#525,#526);
#528=PLANE('',#527);
#529=ORIENTED_EDGE('',*,*,#510,.T.);
#530=EDGE_LOOP('',(#529));
#531=FACE_OUTER_BOUND('',#530,.T.);
#532=ADVANCED_FACE('',(#531),#528,.T.);
#533=CARTESIAN_POINT('',(0.044291338582677,0.188582677165354,0.122047244094488));
#534=DIRECTION('',(0.0,0.0,-1.0));
#535=DIRECTION('',(-1.0,0.0,0.0));
#536=AXIS2_PLACEMENT_3D('',#533,#534,#535);
#537=PLANE('',#536);
#538=CARTESIAN_POINT('',(0.039370078740157,0.188976377952756,0.122047244094488));
#539=VERTEX_POINT('',#538);
#540=CARTESIAN_POINT('',(-0.059055118110236,0.188976377952756,0.122047244094488));
#541=VERTEX_POINT('',#540);
#542=CARTESIAN_POINT('',(0.039370078740157,0.188976377952756,0.122047244094488));
#543=DIRECTION('',(-1.0,0.0,0.0));
#544=VECTOR('',#543,0.098425196850393);
#545=LINE('',#542,#544);
#546=EDGE_CURVE('',#539,#541,#545,.T.);
#547=ORIENTED_EDGE('',*,*,#546,.F.);
#548=CARTESIAN_POINT('',(0.039370078740157,0.196850393700787,0.122047244094488));
#549=VERTEX_POINT('',#548);
#550=CARTESIAN_POINT('',(0.039370078740157,0.196850393700787,0.122047244094488));
#551=DIRECTION('',(0.0,-1.0,0.0));
#552=VECTOR('',#551,0.007874015748031);
#553=LINE('',#550,#552);
#554=EDGE_CURVE('',#549,#539,#553,.T.);
#555=ORIENTED_EDGE('',*,*,#554,.F.);
#556=CARTESIAN_POINT('',(-0.059055118110236,0.196850393700787,0.122047244094488));
#557=VERTEX_POINT('',#556);
#558=CARTESIAN_POINT('',(-0.059055118110236,0.196850393700787,0.122047244094488));
#559=DIRECTION('',(1.0,0.0,0.0));
#560=VECTOR('',#559,0.098425196850393);
#561=LINE('',#558,#560);
#562=EDGE_CURVE('',#557,#549,#561,.T.);
#563=ORIENTED_EDGE('',*,*,#562,.F.);
#564=CARTESIAN_POINT('',(-0.059055118110236,0.196850393700787,0.122047244094488));
#565=DIRECTION('',(0.0,-1.0,0.0));
#566=VECTOR('',#565,0.007874015748031);
#567=LINE('',#564,#566);
#568=EDGE_CURVE('',#557,#541,#567,.T.);
#569=ORIENTED_EDGE('',*,*,#568,.T.);
#570=EDGE_LOOP('',(#547,#555,#563,#569));
#571=FACE_OUTER_BOUND('',#570,.T.);
#572=ADVANCED_FACE('',(#571),#537,.F.);
#573=CARTESIAN_POINT('',(0.057085797093663,0.004724409448819,0.088977195032322));
#574=DIRECTION('',(0.0,0.0,1.0));
#575=DIRECTION('',(1.0,0.0,0.0));
#576=AXIS2_PLACEMENT_3D('',#573,#574,#575);
#577=SPHERICAL_SURFACE('',#576,0.003937007874016);
#578=CARTESIAN_POINT('',(0.057085797093663,0.003377873451474,0.085277617785133));
#579=VERTEX_POINT('',#578);
#580=CARTESIAN_POINT('',(0.060785374340852,0.003377873451474,0.088977195032322));
#581=VERTEX_POINT('',#580);
#582=CARTESIAN_POINT('',(0.057085797093663,0.004724409448819,0.088977195032322));
#583=DIRECTION('',(-0.323615577118183,-0.889126490715988,0.323615577118186));
#584=DIRECTION('',(0.628707370917875,-0.457661538155733,-0.628707370917872));
#585=AXIS2_PLACEMENT_3D('',#582,#583,#584);
#586=CIRCLE('',#585,0.003937007874016);
#587=EDGE_CURVE('',#579,#581,#586,.T.);
#588=ORIENTED_EDGE('',*,*,#587,.T.);
#589=CARTESIAN_POINT('',(0.057085797093663,0.000787401574803,0.088977195032322));
#590=VERTEX_POINT('',#589);
#591=CARTESIAN_POINT('',(0.057085797093663,0.004724409448819,0.088977195032322));
#592=DIRECTION('',(0.0,0.0,1.0));
#593=DIRECTION('',(0.0,-1.0,0.0));
#594=AXIS2_PLACEMENT_3D('',#591,#592,#593);
#595=CIRCLE('',#594,0.003937007874016);
#596=EDGE_CURVE('',#590,#581,#595,.T.);
#597=ORIENTED_EDGE('',*,*,#596,.F.);
#598=CARTESIAN_POINT('',(0.057085797093663,0.004724409448819,0.088977195032322));
#599=DIRECTION('',(-1.0,0.0,0.0));
#600=DIRECTION('',(0.0,-0.342020143325667,-0.939692620785909));
#601=AXIS2_PLACEMENT_3D('',#598,#599,#600);
#602=CIRCLE('',#601,0.003937007874016);
#603=EDGE_CURVE('',#579,#590,#602,.T.);
#604=ORIENTED_EDGE('',*,*,#603,.F.);
#605=EDGE_LOOP('',(#588,#597,#604));
#606=FACE_OUTER_BOUND('',#605,.T.);
#607=ADVANCED_FACE('',(#606),#577,.T.);
#608=CARTESIAN_POINT('',(0.057085797093663,0.004724409448819,0.111022804967678));
#609=DIRECTION('',(0.0,0.0,1.0));
#610=DIRECTION('',(1.0,0.0,0.0));
#611=AXIS2_PLACEMENT_3D('',#608,#609,#610);
#612=SPHERICAL_SURFACE('',#611,0.003937007874016);
#613=CARTESIAN_POINT('',(0.060785374340851,0.003377873451474,0.111022804967678));
#614=VERTEX_POINT('',#613);
#615=CARTESIAN_POINT('',(0.057085797093663,0.003377873451474,0.114722382214867));
#616=VERTEX_POINT('',#615);
#617=CARTESIAN_POINT('',(0.057085797093663,0.004724409448819,0.111022804967678));
#618=DIRECTION('',(-0.323615577118185,-0.889126490715988,-0.323615577118186));
#619=DIRECTION('',(0.628707370917874,-0.457661538155734,0.628707370917872));
#620=AXIS2_PLACEMENT_3D('',#617,#618,#619);
#621=CIRCLE('',#620,0.003937007874016);
#622=EDGE_CURVE('',#614,#616,#621,.T.);
#623=ORIENTED_EDGE('',*,*,#622,.T.);
#624=CARTESIAN_POINT('',(0.057085797093663,0.000787401574803,0.111022804967678));
#625=VERTEX_POINT('',#624);
#626=CARTESIAN_POINT('',(0.057085797093663,0.004724409448819,0.111022804967678));
#627=DIRECTION('',(-1.0,0.0,0.0));
#628=DIRECTION('',(0.0,-1.0,0.0));
#629=AXIS2_PLACEMENT_3D('',#626,#627,#628);
#630=CIRCLE('',#629,0.003937007874016);
#631=EDGE_CURVE('',#625,#616,#630,.T.);
#632=ORIENTED_EDGE('',*,*,#631,.F.);
#633=CARTESIAN_POINT('',(0.057085797093663,0.004724409448819,0.111022804967678));
#634=DIRECTION('',(0.0,0.0,1.0));
#635=DIRECTION('',(0.573576436351046,-0.819152044288992,0.0));
#636=AXIS2_PLACEMENT_3D('',#633,#634,#635);
#637=CIRCLE('',#636,0.003937007874016);
#638=EDGE_CURVE('',#625,#614,#637,.T.);
#639=ORIENTED_EDGE('',*,*,#638,.T.);
#640=EDGE_LOOP('',(#623,#632,#639));
#641=FACE_OUTER_BOUND('',#640,.T.);
#642=ADVANCED_FACE('',(#641),#612,.T.);
#643=CARTESIAN_POINT('',(0.042914202906337,0.004724409448819,0.088977195032322));
#644=DIRECTION('',(0.0,0.0,1.0));
#645=DIRECTION('',(1.0,0.0,0.0));
#646=AXIS2_PLACEMENT_3D('',#643,#644,#645);
#647=SPHERICAL_SURFACE('',#646,0.003937007874016);
#648=CARTESIAN_POINT('',(0.042914202906337,0.003377873451474,0.085277617785133));
#649=VERTEX_POINT('',#648);
#650=CARTESIAN_POINT('',(0.042914202906337,0.000787401574803,0.088977195032322));
#651=VERTEX_POINT('',#650);
#652=CARTESIAN_POINT('',(0.042914202906337,0.004724409448819,0.088977195032322));
#653=DIRECTION('',(-1.0,0.0,0.0));
#654=DIRECTION('',(0.0,-0.819152044288987,-0.573576436351053));
#655=AXIS2_PLACEMENT_3D('',#652,#653,#654);
#656=CIRCLE('',#655,0.003937007874016);
#657=EDGE_CURVE('',#649,#651,#656,.T.);
#658=ORIENTED_EDGE('',*,*,#657,.T.);
#659=CARTESIAN_POINT('',(0.039214625659149,0.003377873451474,0.088977195032322));
#660=VERTEX_POINT('',#659);
#661=CARTESIAN_POINT('',(0.042914202906337,0.004724409448819,0.088977195032322));
#662=DIRECTION('',(0.0,0.0,1.0));
#663=DIRECTION('',(-0.939692620785908,-0.342020143325669,0.0));
#664=AXIS2_PLACEMENT_3D('',#661,#662,#663);
#665=CIRCLE('',#664,0.003937007874016);
#666=EDGE_CURVE('',#660,#651,#665,.T.);
#667=ORIENTED_EDGE('',*,*,#666,.F.);
#668=CARTESIAN_POINT('',(0.042914202906337,0.004724409448819,0.088977195032322));
#669=DIRECTION('',(0.323615577118185,-0.889126490715988,0.323615577118186));
#670=DIRECTION('',(-0.628707370917874,-0.457661538155734,-0.628707370917872));
#671=AXIS2_PLACEMENT_3D('',#668,#669,#670);
#672=CIRCLE('',#671,0.003937007874016);
#673=EDGE_CURVE('',#660,#649,#672,.T.);
#674=ORIENTED_EDGE('',*,*,#673,.T.);
#675=EDGE_LOOP('',(#658,#667,#674));
#676=FACE_OUTER_BOUND('',#675,.T.);
#677=ADVANCED_FACE('',(#676),#647,.T.);
#678=CARTESIAN_POINT('',(0.042914202906337,0.004724409448819,0.111022804967678));
#679=DIRECTION('',(0.0,0.0,1.0));
#680=DIRECTION('',(1.0,0.0,0.0));
#681=AXIS2_PLACEMENT_3D('',#678,#679,#680);
#682=SPHERICAL_SURFACE('',#681,0.003937007874016);
#683=CARTESIAN_POINT('',(0.042914202906337,0.000787401574803,0.111022804967678));
#684=VERTEX_POINT('',#683);
#685=CARTESIAN_POINT('',(0.042914202906337,0.003377873451474,0.114722382214867));
#686=VERTEX_POINT('',#685);
#687=CARTESIAN_POINT('',(0.042914202906337,0.004724409448819,0.111022804967678));
#688=DIRECTION('',(-1.0,0.0,0.0));
#689=DIRECTION('',(0.0,-0.819152044288987,0.573576436351053));
#690=AXIS2_PLACEMENT_3D('',#687,#688,#689);
#691=CIRCLE('',#690,0.003937007874016);
#692=EDGE_CURVE('',#684,#686,#691,.T.);
#693=ORIENTED_EDGE('',*,*,#692,.T.);
#694=CARTESIAN_POINT('',(0.039214625659148,0.003377873451474,0.111022804967678));
#695=VERTEX_POINT('',#694);
#696=CARTESIAN_POINT('',(0.042914202906337,0.004724409448819,0.111022804967678));
#697=DIRECTION('',(-0.323615577118184,0.889126490715988,0.323615577118186));
#698=DIRECTION('',(-0.939692620785909,-0.342020143325668,1.835884E-016));
#699=AXIS2_PLACEMENT_3D('',#696,#697,#698);
#700=CIRCLE('',#699,0.003937007874016);
#701=EDGE_CURVE('',#695,#686,#700,.T.);
#702=ORIENTED_EDGE('',*,*,#701,.F.);
#703=CARTESIAN_POINT('',(0.042914202906337,0.004724409448819,0.111022804967678));
#704=DIRECTION('',(0.0,0.0,1.0));
#705=DIRECTION('',(-0.573576436351046,-0.819152044288992,0.0));
#706=AXIS2_PLACEMENT_3D('',#703,#704,#705);
#707=CIRCLE('',#706,0.003937007874016);
#708=EDGE_CURVE('',#695,#684,#707,.T.);
#709=ORIENTED_EDGE('',*,*,#708,.T.);
#710=EDGE_LOOP('',(#693,#702,#709));
#711=FACE_OUTER_BOUND('',#710,.T.);
#712=ADVANCED_FACE('',(#711),#682,.T.);
#713=CARTESIAN_POINT('',(0.036961743923907,0.021078656093276,0.116975263950109));
#714=DIRECTION('',(0.323615577118185,-0.889126490715988,-0.323615577118185));
#715=DIRECTION('',(0.628707370917931,0.457661538155733,-0.628707370917815));
#716=AXIS2_PLACEMENT_3D('',#713,#714,#715);
#717=CYLINDRICAL_SURFACE('',#716,0.003937007874016);
#718=CARTESIAN_POINT('',(0.033709188763,0.018503937007874,0.116528241863827));
#719=VERTEX_POINT('',#718);
#720=CARTESIAN_POINT('',(0.037408766010189,0.018503937007874,0.120227819111015));
#721=VERTEX_POINT('',#720);
#722=CARTESIAN_POINT('',(0.037898865032591,0.018503937007874,0.116038142841425));
#723=DIRECTION('',(0.0,1.0,0.0));
#724=DIRECTION('',(-0.707106781186549,0.0,0.707106781186546));
#725=AXIS2_PLACEMENT_3D('',#722,#723,#724);
#726=ELLIPSE('',#725,0.004427950258062,0.003937007874016);
#727=EDGE_CURVE('',#719,#721,#726,.T.);
#728=ORIENTED_EDGE('',*,*,#727,.F.);
#729=CARTESIAN_POINT('',(0.033709188763,0.018503937007874,0.116528241863827));
#730=DIRECTION('',(0.323615577118185,-0.889126490715989,-0.323615577118183));
#731=VECTOR('',#730,0.017012274085119);
#732=LINE('',#729,#731);
#733=EDGE_CURVE('',#719,#695,#732,.T.);
#734=ORIENTED_EDGE('',*,*,#733,.T.);
#735=ORIENTED_EDGE('',*,*,#701,.T.);
#736=CARTESIAN_POINT('',(0.042914202906337,0.003377873451474,0.114722382214867));
#737=DIRECTION('',(-0.323615577118185,0.889126490715989,0.323615577118183));
#738=VECTOR('',#737,0.017012274085118);
#739=LINE('',#736,#738);
#740=EDGE_CURVE('',#686,#721,#739,.T.);
#741=ORIENTED_EDGE('',*,*,#740,.T.);
#742=EDGE_LOOP('',(#728,#734,#735,#741));
#743=FACE_OUTER_BOUND('',#742,.T.);
#744=ADVANCED_FACE('',(#743),#717,.T.);
#745=CARTESIAN_POINT('',(0.042914202906337,0.004724409448819,0.087874914535554));
#746=DIRECTION('',(0.0,0.0,1.0));
#747=DIRECTION('',(0.573576436351046,0.819152044288992,0.0));
#748=AXIS2_PLACEMENT_3D('',#745,#746,#747);
#749=CYLINDRICAL_SURFACE('',#748,0.003937007874016);
#750=ORIENTED_EDGE('',*,*,#708,.F.);
#751=CARTESIAN_POINT('',(0.039214625659149,0.003377873451474,0.111022804967678));
#752=DIRECTION('',(0.0,0.0,-1.0));
#753=VECTOR('',#752,0.022045609935356);
#754=LINE('',#751,#753);
#755=EDGE_CURVE('',#695,#660,#754,.T.);
#756=ORIENTED_EDGE('',*,*,#755,.T.);
#757=ORIENTED_EDGE('',*,*,#666,.T.);
#758=CARTESIAN_POINT('',(0.042914202906337,0.000787401574803,0.088977195032322));
#759=DIRECTION('',(0.0,0.0,1.0));
#760=VECTOR('',#759,0.022045609935356);
#761=LINE('',#758,#760);
#762=EDGE_CURVE('',#651,#684,#761,.T.);
#763=ORIENTED_EDGE('',*,*,#762,.T.);
#764=EDGE_LOOP('',(#750,#756,#757,#763));
#765=FACE_OUTER_BOUND('',#764,.T.);
#766=ADVANCED_FACE('',(#765),#749,.T.);
#767=CARTESIAN_POINT('',(0.042205623196971,0.004724409448819,0.111022804967678));
#768=DIRECTION('',(1.0,0.0,0.0));
#769=DIRECTION('',(0.0,0.819152044288973,-0.573576436351073));
#770=AXIS2_PLACEMENT_3D('',#767,#768,#769);
#771=CYLINDRICAL_SURFACE('',#770,0.003937007874016);
#772=ORIENTED_EDGE('',*,*,#631,.T.);
#773=CARTESIAN_POINT('',(0.057085797093663,0.003377873451474,0.114722382214867));
#774=DIRECTION('',(-1.0,0.0,0.0));
#775=VECTOR('',#774,0.014171594187326);
#776=LINE('',#773,#775);
#777=EDGE_CURVE('',#616,#686,#776,.T.);
#778=ORIENTED_EDGE('',*,*,#777,.T.);
#779=ORIENTED_EDGE('',*,*,#692,.F.);
#780=CARTESIAN_POINT('',(0.042914202906337,0.000787401574803,0.111022804967678));
#781=DIRECTION('',(1.0,0.0,0.0));
#782=VECTOR('',#781,0.014171594187326);
#783=LINE('',#780,#782);
#784=EDGE_CURVE('',#684,#625,#783,.T.);
#785=ORIENTED_EDGE('',*,*,#784,.T.);
#786=EDGE_LOOP('',(#772,#778,#779,#785));
#787=FACE_OUTER_BOUND('',#786,.T.);
#788=ADVANCED_FACE('',(#787),#771,.T.);
#789=CARTESIAN_POINT('',(0.036961743923907,0.021078656093276,0.083024736049891));
#790=DIRECTION('',(0.323615577118185,-0.889126490715988,0.323615577118185));
#791=DIRECTION('',(0.62870737091791,0.457661538155733,0.628707370917836));
#792=AXIS2_PLACEMENT_3D('',#789,#790,#791);
#793=CYLINDRICAL_SURFACE('',#792,0.003937007874016);
#794=CARTESIAN_POINT('',(0.037408766010189,0.018503937007874,0.079772180888985));
#795=VERTEX_POINT('',#794);
#796=CARTESIAN_POINT('',(0.033709188763,0.018503937007874,0.083471758136173));
#797=VERTEX_POINT('',#796);
#798=CARTESIAN_POINT('',(0.037898865032591,0.018503937007874,0.083961857158575));
#799=DIRECTION('',(0.0,1.0,0.0));
#800=DIRECTION('',(-0.707106781186549,0.0,-0.707106781186546));
#801=AXIS2_PLACEMENT_3D('',#798,#799,#800);
#802=ELLIPSE('',#801,0.004427950258062,0.003937007874016);
#803=EDGE_CURVE('',#795,#797,#802,.T.);
#804=ORIENTED_EDGE('',*,*,#803,.F.);
#805=CARTESIAN_POINT('',(0.037408766010189,0.018503937007874,0.079772180888984));
#806=DIRECTION('',(0.323615577118185,-0.889126490715988,0.323615577118186));
#807=VECTOR('',#806,0.017012274085118);
#808=LINE('',#805,#807);
#809=EDGE_CURVE('',#795,#649,#808,.T.);
#810=ORIENTED_EDGE('',*,*,#809,.T.);
#811=ORIENTED_EDGE('',*,*,#673,.F.);
#812=CARTESIAN_POINT('',(0.039214625659149,0.003377873451474,0.088977195032322));
#813=DIRECTION('',(-0.323615577118185,0.889126490715989,-0.323615577118182));
#814=VECTOR('',#813,0.017012274085119);
#815=LINE('',#812,#814);
#816=EDGE_CURVE('',#660,#797,#815,.T.);
#817=ORIENTED_EDGE('',*,*,#816,.T.);
#818=EDGE_LOOP('',(#804,#810,#811,#817));
#819=FACE_OUTER_BOUND('',#818,.T.);
#820=ADVANCED_FACE('',(#819),#793,.T.);
#821=CARTESIAN_POINT('',(0.057794376803029,0.004724409448819,0.088977195032322));
#822=DIRECTION('',(-1.0,0.0,0.0));
#823=DIRECTION('',(0.0,0.819152044288991,0.573576436351048));
#824=AXIS2_PLACEMENT_3D('',#821,#822,#823);
#825=CYLINDRICAL_SURFACE('',#824,0.003937007874016);
#826=ORIENTED_EDGE('',*,*,#657,.F.);
#827=CARTESIAN_POINT('',(0.042914202906337,0.003377873451474,0.085277617785133));
#828=DIRECTION('',(1.0,0.0,0.0));
#829=VECTOR('',#828,0.014171594187326);
#830=LINE('',#827,#829);
#831=EDGE_CURVE('',#649,#579,#830,.T.);
#832=ORIENTED_EDGE('',*,*,#831,.T.);
#833=ORIENTED_EDGE('',*,*,#603,.T.);
#834=CARTESIAN_POINT('',(0.057085797093663,0.000787401574803,0.088977195032322));
#835=DIRECTION('',(-1.0,0.0,0.0));
#836=VECTOR('',#835,0.014171594187326);
#837=LINE('',#834,#836);
#838=EDGE_CURVE('',#590,#651,#837,.T.);
#839=ORIENTED_EDGE('',*,*,#838,.T.);
#840=EDGE_LOOP('',(#826,#832,#833,#839));
#841=FACE_OUTER_BOUND('',#840,.T.);
#842=ADVANCED_FACE('',(#841),#825,.T.);
#843=CARTESIAN_POINT('',(0.063038256076093,0.021078656093276,0.116975263950109));
#844=DIRECTION('',(-0.323615577118185,-0.889126490715988,-0.323615577118185));
#845=DIRECTION('',(-0.628707370917911,0.457661538155733,-0.628707370917835));
#846=AXIS2_PLACEMENT_3D('',#843,#844,#845);
#847=CYLINDRICAL_SURFACE('',#846,0.003937007874016);
#848=CARTESIAN_POINT('',(0.062591233989811,0.018503937007874,0.120227819111015));
#849=VERTEX_POINT('',#848);
#850=CARTESIAN_POINT('',(0.066290811237,0.018503937007874,0.116528241863827));
#851=VERTEX_POINT('',#850);
#852=CARTESIAN_POINT('',(0.062101134967409,0.018503937007874,0.116038142841425));
#853=DIRECTION('',(0.0,1.0,0.0));
#854=DIRECTION('',(0.707106781186549,0.0,0.707106781186546));
#855=AXIS2_PLACEMENT_3D('',#852,#853,#854);
#856=ELLIPSE('',#855,0.004427950258062,0.003937007874016);
#857=EDGE_CURVE('',#849,#851,#856,.T.);
#858=ORIENTED_EDGE('',*,*,#857,.F.);
#859=CARTESIAN_POINT('',(0.062591233989811,0.018503937007874,0.120227819111015));
#860=DIRECTION('',(-0.323615577118185,-0.889126490715989,-0.323615577118182));
#861=VECTOR('',#860,0.017012274085118);
#862=LINE('',#859,#861);
#863=EDGE_CURVE('',#849,#616,#862,.T.);
#864=ORIENTED_EDGE('',*,*,#863,.T.);
#865=ORIENTED_EDGE('',*,*,#622,.F.);
#866=CARTESIAN_POINT('',(0.060785374340851,0.003377873451474,0.111022804967678));
#867=DIRECTION('',(0.323615577118183,0.889126490715988,0.323615577118186));
#868=VECTOR('',#867,0.017012274085119);
#869=LINE('',#866,#868);
#870=EDGE_CURVE('',#614,#851,#869,.T.);
#871=ORIENTED_EDGE('',*,*,#870,.T.);
#872=EDGE_LOOP('',(#858,#864,#865,#871));
#873=FACE_OUTER_BOUND('',#872,.T.);
#874=ADVANCED_FACE('',(#873),#847,.T.);
#875=CARTESIAN_POINT('',(0.057085797093663,0.004724409448819,0.112125085464446));
#876=DIRECTION('',(0.0,0.0,-1.0));
#877=DIRECTION('',(-0.57357643635104,0.819152044288996,0.0));
#878=AXIS2_PLACEMENT_3D('',#875,#876,#877);
#879=CYLINDRICAL_SURFACE('',#878,0.003937007874016);
#880=ORIENTED_EDGE('',*,*,#596,.T.);
#881=CARTESIAN_POINT('',(0.060785374340851,0.003377873451474,0.088977195032322));
#882=DIRECTION('',(0.0,0.0,1.0));
#883=VECTOR('',#882,0.022045609935356);
#884=LINE('',#881,#883);
#885=EDGE_CURVE('',#581,#614,#884,.T.);
#886=ORIENTED_EDGE('',*,*,#885,.T.);
#887=ORIENTED_EDGE('',*,*,#638,.F.);
#888=CARTESIAN_POINT('',(0.057085797093663,0.000787401574803,0.111022804967678));
#889=DIRECTION('',(0.0,0.0,-1.0));
#890=VECTOR('',#889,0.022045609935356);
#891=LINE('',#888,#890);
#892=EDGE_CURVE('',#625,#590,#891,.T.);
#893=ORIENTED_EDGE('',*,*,#892,.T.);
#894=EDGE_LOOP('',(#880,#886,#887,#893));
#895=FACE_OUTER_BOUND('',#894,.T.);
#896=ADVANCED_FACE('',(#895),#879,.T.);
#897=CARTESIAN_POINT('',(0.063038256076093,0.021078656093276,0.083024736049891));
#898=DIRECTION('',(-0.323615577118185,-0.889126490715988,0.323615577118185));
#899=DIRECTION('',(-0.628707370917917,0.457661538155733,0.628707370917829));
#900=AXIS2_PLACEMENT_3D('',#897,#898,#899);
#901=CYLINDRICAL_SURFACE('',#900,0.003937007874016);
#902=CARTESIAN_POINT('',(0.066290811237,0.018503937007874,0.083471758136173));
#903=VERTEX_POINT('',#902);
#904=CARTESIAN_POINT('',(0.062591233989811,0.018503937007874,0.079772180888985));
#905=VERTEX_POINT('',#904);
#906=CARTESIAN_POINT('',(0.062101134967409,0.018503937007874,0.083961857158575));
#907=DIRECTION('',(0.0,1.0,0.0));
#908=DIRECTION('',(0.707106781186549,0.0,-0.707106781186546));
#909=AXIS2_PLACEMENT_3D('',#906,#907,#908);
#910=ELLIPSE('',#909,0.004427950258062,0.003937007874016);
#911=EDGE_CURVE('',#903,#905,#910,.T.);
#912=ORIENTED_EDGE('',*,*,#911,.F.);
#913=CARTESIAN_POINT('',(0.066290811237,0.018503937007874,0.083471758136173));
#914=DIRECTION('',(-0.323615577118185,-0.889126490715989,0.323615577118183));
#915=VECTOR('',#914,0.017012274085119);
#916=LINE('',#913,#915);
#917=EDGE_CURVE('',#903,#581,#916,.T.);
#918=ORIENTED_EDGE('',*,*,#917,.T.);
#919=ORIENTED_EDGE('',*,*,#587,.F.);
#920=CARTESIAN_POINT('',(0.057085797093663,0.003377873451474,0.085277617785133));
#921=DIRECTION('',(0.323615577118186,0.889126490715988,-0.323615577118186));
#922=VECTOR('',#921,0.017012274085119);
#923=LINE('',#920,#922);
#924=EDGE_CURVE('',#579,#905,#923,.T.);
#925=ORIENTED_EDGE('',*,*,#924,.T.);
#926=EDGE_LOOP('',(#912,#918,#919,#925));
#927=FACE_OUTER_BOUND('',#926,.T.);
#928=ADVANCED_FACE('',(#927),#901,.T.);
#929=CARTESIAN_POINT('',(0.039489897503956,0.002621570273654,0.11818106605021));
#930=DIRECTION('',(-0.939692620785908,-0.342020143325669,0.0));
#931=DIRECTION('',(0.0,0.0,1.0));
#932=AXIS2_PLACEMENT_3D('',#929,#930,#931);
#933=PLANE('',#932);
#934=ORIENTED_EDGE('',*,*,#816,.F.);
#935=ORIENTED_EDGE('',*,*,#755,.F.);
#936=ORIENTED_EDGE('',*,*,#733,.F.);
#937=CARTESIAN_POINT('',(0.033709188763,0.018503937007874,0.083471758136173));
#938=DIRECTION('',(0.0,0.0,1.0));
#939=VECTOR('',#938,0.033056483727654);
#940=LINE('',#937,#939);
#941=EDGE_CURVE('',#797,#719,#940,.T.);
#942=ORIENTED_EDGE('',*,*,#941,.F.);
#943=EDGE_LOOP('',(#934,#935,#936,#942));
#944=FACE_OUTER_BOUND('',#943,.T.);
#945=ADVANCED_FACE('',(#944),#933,.T.);
#946=CARTESIAN_POINT('',(0.063850357388792,0.002621570273654,0.114447110370059));
#947=DIRECTION('',(0.0,-0.342020143325669,0.939692620785908));
#948=DIRECTION('',(1.0,0.0,0.0));
#949=AXIS2_PLACEMENT_3D('',#946,#947,#948);
#950=PLANE('',#949);
#951=ORIENTED_EDGE('',*,*,#740,.F.);
#952=ORIENTED_EDGE('',*,*,#777,.F.);
#953=ORIENTED_EDGE('',*,*,#863,.F.);
#954=CARTESIAN_POINT('',(0.037408766010189,0.018503937007874,0.120227819111015));
#955=DIRECTION('',(1.0,0.0,0.0));
#956=VECTOR('',#955,0.025182467979622);
#957=LINE('',#954,#956);
#958=EDGE_CURVE('',#721,#849,#957,.T.);
#959=ORIENTED_EDGE('',*,*,#958,.F.);
#960=EDGE_LOOP('',(#951,#952,#953,#959));
#961=FACE_OUTER_BOUND('',#960,.T.);
#962=ADVANCED_FACE('',(#961),#950,.T.);
#963=CARTESIAN_POINT('',(0.057794376803029,0.000787401574803,0.112125085464446));
#964=DIRECTION('',(0.0,-1.0,0.0));
#965=DIRECTION('',(0.0,0.0,-1.0));
#966=AXIS2_PLACEMENT_3D('',#963,#964,#965);
#967=PLANE('',#966);
#968=ORIENTED_EDGE('',*,*,#762,.F.);
#969=ORIENTED_EDGE('',*,*,#838,.F.);
#970=ORIENTED_EDGE('',*,*,#892,.F.);
#971=ORIENTED_EDGE('',*,*,#784,.F.);
#972=EDGE_LOOP('',(#968,#969,#970,#971));
#973=FACE_OUTER_BOUND('',#972,.T.);
#974=CARTESIAN_POINT('',(0.044094488188976,0.000787401574803,0.109842519685039));
#975=VERTEX_POINT('',#974);
#976=CARTESIAN_POINT('',(0.044094488188976,0.000787401574803,0.090157480314961));
#977=VERTEX_POINT('',#976);
#978=CARTESIAN_POINT('',(0.044094488188976,0.000787401574803,0.109842519685039));
#979=DIRECTION('',(0.0,0.0,-1.0));
#980=VECTOR('',#979,0.019685039370078);
#981=LINE('',#978,#980);
#982=EDGE_CURVE('',#975,#977,#981,.T.);
#983=ORIENTED_EDGE('',*,*,#982,.F.);
#984=CARTESIAN_POINT('',(0.055905511811024,0.000787401574803,0.109842519685039));
#985=VERTEX_POINT('',#984);
#986=CARTESIAN_POINT('',(0.055905511811024,0.000787401574803,0.109842519685039));
#987=DIRECTION('',(-1.0,0.0,0.0));
#988=VECTOR('',#987,0.011811023622048);
#989=LINE('',#986,#988);
#990=EDGE_CURVE('',#985,#975,#989,.T.);
#991=ORIENTED_EDGE('',*,*,#990,.F.);
#992=CARTESIAN_POINT('',(0.055905511811024,0.000787401574803,0.090157480314961));
#993=VERTEX_POINT('',#992);
#994=CARTESIAN_POINT('',(0.055905511811024,0.000787401574803,0.090157480314961));
#995=DIRECTION('',(0.0,0.0,1.0));
#996=VECTOR('',#995,0.019685039370078);
#997=LINE('',#994,#996);
#998=EDGE_CURVE('',#993,#985,#997,.T.);
#999=ORIENTED_EDGE('',*,*,#998,.F.);
#1000=CARTESIAN_POINT('',(0.044094488188976,0.000787401574803,0.090157480314961));
#1001=DIRECTION('',(1.0,0.0,0.0));
#1002=VECTOR('',#1001,0.011811023622048);
#1003=LINE('',#1000,#1002);
#1004=EDGE_CURVE('',#977,#993,#1003,.T.);
#1005=ORIENTED_EDGE('',*,*,#1004,.F.);
#1006=EDGE_LOOP('',(#983,#991,#999,#1005));
#1007=FACE_BOUND('',#1006,.T.);
#1008=ADVANCED_FACE('',(#973,#1007),#967,.T.);
#1009=CARTESIAN_POINT('',(0.066566083081808,0.019260240185694,0.11818106605021));
#1010=DIRECTION('',(0.939692620785908,-0.342020143325669,0.0));
#1011=DIRECTION('',(0.0,0.0,-1.0));
#1012=AXIS2_PLACEMENT_3D('',#1009,#1010,#1011);
#1013=PLANE('',#1012);
#1014=ORIENTED_EDGE('',*,*,#917,.F.);
#1015=CARTESIAN_POINT('',(0.066290811237,0.018503937007874,0.116528241863827));
#1016=DIRECTION('',(0.0,0.0,-1.0));
#1017=VECTOR('',#1016,0.033056483727654);
#1018=LINE('',#1015,#1017);
#1019=EDGE_CURVE('',#851,#903,#1018,.T.);
#1020=ORIENTED_EDGE('',*,*,#1019,.F.);
#1021=ORIENTED_EDGE('',*,*,#870,.F.);
#1022=ORIENTED_EDGE('',*,*,#885,.F.);
#1023=EDGE_LOOP('',(#1014,#1020,#1021,#1022));
#1024=FACE_OUTER_BOUND('',#1023,.T.);
#1025=ADVANCED_FACE('',(#1024),#1013,.T.);
#1026=CARTESIAN_POINT('',(0.056496062992126,-0.197244094488189,0.086220472440945));
#1027=DIRECTION('',(-1.0,0.0,0.0));
#1028=DIRECTION('',(0.0,0.707106781186547,-0.707106781186548));
#1029=AXIS2_PLACEMENT_3D('',#1026,#1027,#1028);
#1030=CYLINDRICAL_SURFACE('',#1029,0.023622047244094);
#1031=CARTESIAN_POINT('',(0.044094488188976,-0.197244094488189,0.109842519685039));
#1032=VERTEX_POINT('',#1031);
#1033=CARTESIAN_POINT('',(0.044094488188976,-0.220866141732283,0.086220472440945));
#1034=VERTEX_POINT('',#1033);
#1035=CARTESIAN_POINT('',(0.044094488188976,-0.197244094488189,0.086220472440945));
#1036=DIRECTION('',(1.0,0.0,0.0));
#1037=DIRECTION('',(0.0,-1.0,0.0));
#1038=AXIS2_PLACEMENT_3D('',#1035,#1036,#1037);
#1039=CIRCLE('',#1038,0.023622047244094);
#1040=EDGE_CURVE('',#1032,#1034,#1039,.T.);
#1041=ORIENTED_EDGE('',*,*,#1040,.T.);
#1042=CARTESIAN_POINT('',(0.055905511811024,-0.220866141732283,0.086220472440945));
#1043=VERTEX_POINT('',#1042);
#1044=CARTESIAN_POINT('',(0.055905511811024,-0.220866141732283,0.086220472440945));
#1045=DIRECTION('',(-1.0,0.0,0.0));
#1046=VECTOR('',#1045,0.011811023622048);
#1047=LINE('',#1044,#1046);
#1048=EDGE_CURVE('',#1043,#1034,#1047,.T.);
#1049=ORIENTED_EDGE('',*,*,#1048,.F.);
#1050=CARTESIAN_POINT('',(0.055905511811024,-0.197244094488189,0.109842519685039));
#1051=VERTEX_POINT('',#1050);
#1052=CARTESIAN_POINT('',(0.055905511811024,-0.197244094488189,0.086220472440945));
#1053=DIRECTION('',(-1.0,0.0,0.0));
#1054=DIRECTION('',(0.0,-1.0,0.0));
#1055=AXIS2_PLACEMENT_3D('',#1052,#1053,#1054);
#1056=CIRCLE('',#1055,0.023622047244094);
#1057=EDGE_CURVE('',#1043,#1051,#1056,.T.);
#1058=ORIENTED_EDGE('',*,*,#1057,.T.);
#1059=CARTESIAN_POINT('',(0.055905511811024,-0.197244094488189,0.109842519685039));
#1060=DIRECTION('',(-1.0,0.0,0.0));
#1061=VECTOR('',#1060,0.011811023622048);
#1062=LINE('',#1059,#1061);
#1063=EDGE_CURVE('',#1051,#1032,#1062,.T.);
#1064=ORIENTED_EDGE('',*,*,#1063,.T.);
#1065=EDGE_LOOP('',(#1041,#1049,#1058,#1064));
#1066=FACE_OUTER_BOUND('',#1065,.T.);
#1067=ADVANCED_FACE('',(#1066),#1030,.T.);
#1068=CARTESIAN_POINT('',(0.056496062992126,-0.220866141732283,0.103720472440945));
#1069=DIRECTION('',(0.0,-1.0,0.0));
#1070=DIRECTION('',(0.0,0.0,-1.0));
#1071=AXIS2_PLACEMENT_3D('',#1068,#1069,#1070);
#1072=PLANE('',#1071);
#1073=CARTESIAN_POINT('',(0.044094488188976,-0.220866141732284,-0.263779527559055));
#1074=VERTEX_POINT('',#1073);
#1075=CARTESIAN_POINT('',(0.044094488188976,-0.220866141732283,0.086220472440945));
#1076=DIRECTION('',(0.0,0.0,-1.0));
#1077=VECTOR('',#1076,0.35);
#1078=LINE('',#1075,#1077);
#1079=EDGE_CURVE('',#1034,#1074,#1078,.T.);
#1080=ORIENTED_EDGE('',*,*,#1079,.T.);
#1081=CARTESIAN_POINT('',(0.055905511811024,-0.220866141732284,-0.263779527559055));
#1082=VERTEX_POINT('',#1081);
#1083=CARTESIAN_POINT('',(0.055905511811024,-0.220866141732284,-0.263779527559055));
#1084=DIRECTION('',(-1.0,0.0,0.0));
#1085=VECTOR('',#1084,0.011811023622048);
#1086=LINE('',#1083,#1085);
#1087=EDGE_CURVE('',#1082,#1074,#1086,.T.);
#1088=ORIENTED_EDGE('',*,*,#1087,.F.);
#1089=CARTESIAN_POINT('',(0.055905511811024,-0.220866141732284,-0.263779527559055));
#1090=DIRECTION('',(0.0,0.0,1.0));
#1091=VECTOR('',#1090,0.35);
#1092=LINE('',#1089,#1091);
#1093=EDGE_CURVE('',#1082,#1043,#1092,.T.);
#1094=ORIENTED_EDGE('',*,*,#1093,.T.);
#1095=ORIENTED_EDGE('',*,*,#1048,.T.);
#1096=EDGE_LOOP('',(#1080,#1088,#1094,#1095));
#1097=FACE_OUTER_BOUND('',#1096,.T.);
#1098=ADVANCED_FACE('',(#1097),#1072,.T.);
#1099=CARTESIAN_POINT('',(0.056496062992126,-0.200196850393701,-0.263779527559055));
#1100=DIRECTION('',(0.0,0.0,-1.0));
#1101=DIRECTION('',(-1.0,0.0,0.0));
#1102=AXIS2_PLACEMENT_3D('',#1099,#1100,#1101);
#1103=PLANE('',#1102);
#1104=CARTESIAN_POINT('',(0.044094488188976,-0.201181102362205,-0.263779527559055));
#1105=VERTEX_POINT('',#1104);
#1106=CARTESIAN_POINT('',(0.044094488188976,-0.220866141732284,-0.263779527559055));
#1107=DIRECTION('',(0.0,1.0,0.0));
#1108=VECTOR('',#1107,0.019685039370079);
#1109=LINE('',#1106,#1108);
#1110=EDGE_CURVE('',#1074,#1105,#1109,.T.);
#1111=ORIENTED_EDGE('',*,*,#1110,.T.);
#1112=CARTESIAN_POINT('',(0.055905511811024,-0.201181102362205,-0.263779527559055));
#1113=VERTEX_POINT('',#1112);
#1114=CARTESIAN_POINT('',(0.055905511811024,-0.201181102362205,-0.263779527559055));
#1115=DIRECTION('',(-1.0,0.0,0.0));
#1116=VECTOR('',#1115,0.011811023622048);
#1117=LINE('',#1114,#1116);
#1118=EDGE_CURVE('',#1113,#1105,#1117,.T.);
#1119=ORIENTED_EDGE('',*,*,#1118,.F.);
#1120=CARTESIAN_POINT('',(0.055905511811024,-0.201181102362205,-0.263779527559055));
#1121=DIRECTION('',(0.0,-1.0,0.0));
#1122=VECTOR('',#1121,0.019685039370079);
#1123=LINE('',#1120,#1122);
#1124=EDGE_CURVE('',#1113,#1082,#1123,.T.);
#1125=ORIENTED_EDGE('',*,*,#1124,.T.);
#1126=ORIENTED_EDGE('',*,*,#1087,.T.);
#1127=EDGE_LOOP('',(#1111,#1119,#1125,#1126));
#1128=FACE_OUTER_BOUND('',#1127,.T.);
#1129=ADVANCED_FACE('',(#1128),#1103,.T.);
#1130=CARTESIAN_POINT('',(0.043503937007874,-0.201181102362205,0.103720472440945));
#1131=DIRECTION('',(0.0,1.0,0.0));
#1132=DIRECTION('',(0.0,0.0,1.0));
#1133=AXIS2_PLACEMENT_3D('',#1130,#1131,#1132);
#1134=PLANE('',#1133);
#1135=CARTESIAN_POINT('',(0.044094488188976,-0.201181102362205,0.086220472440945));
#1136=VERTEX_POINT('',#1135);
#1137=CARTESIAN_POINT('',(0.044094488188976,-0.201181102362205,-0.263779527559055));
#1138=DIRECTION('',(0.0,0.0,1.0));
#1139=VECTOR('',#1138,0.35);
#1140=LINE('',#1137,#1139);
#1141=EDGE_CURVE('',#1105,#1136,#1140,.T.);
#1142=ORIENTED_EDGE('',*,*,#1141,.T.);
#1143=CARTESIAN_POINT('',(0.055905511811024,-0.201181102362205,0.086220472440945));
#1144=VERTEX_POINT('',#1143);
#1145=CARTESIAN_POINT('',(0.055905511811024,-0.201181102362205,0.086220472440945));
#1146=DIRECTION('',(-1.0,0.0,0.0));
#1147=VECTOR('',#1146,0.011811023622048);
#1148=LINE('',#1145,#1147);
#1149=EDGE_CURVE('',#1144,#1136,#1148,.T.);
#1150=ORIENTED_EDGE('',*,*,#1149,.F.);
#1151=CARTESIAN_POINT('',(0.055905511811024,-0.201181102362205,0.086220472440945));
#1152=DIRECTION('',(0.0,0.0,-1.0));
#1153=VECTOR('',#1152,0.35);
#1154=LINE('',#1151,#1153);
#1155=EDGE_CURVE('',#1144,#1113,#1154,.T.);
#1156=ORIENTED_EDGE('',*,*,#1155,.T.);
#1157=ORIENTED_EDGE('',*,*,#1118,.T.);
#1158=EDGE_LOOP('',(#1142,#1150,#1156,#1157));
#1159=FACE_OUTER_BOUND('',#1158,.T.);
#1160=ADVANCED_FACE('',(#1159),#1134,.T.);
#1161=CARTESIAN_POINT('',(0.056496062992126,-0.197244094488189,0.086220472440945));
#1162=DIRECTION('',(-1.0,0.0,0.0));
#1163=DIRECTION('',(0.0,1.0,0.0));
#1164=AXIS2_PLACEMENT_3D('',#1161,#1162,#1163);
#1165=CYLINDRICAL_SURFACE('',#1164,0.003937007874016);
#1166=CARTESIAN_POINT('',(0.044094488188976,-0.197244094488189,0.090157480314961));
#1167=VERTEX_POINT('',#1166);
#1168=CARTESIAN_POINT('',(0.044094488188976,-0.197244094488189,0.086220472440945));
#1169=DIRECTION('',(-1.0,0.0,0.0));
#1170=DIRECTION('',(0.0,1.0,0.0));
#1171=AXIS2_PLACEMENT_3D('',#1168,#1169,#1170);
#1172=CIRCLE('',#1171,0.003937007874016);
#1173=EDGE_CURVE('',#1136,#1167,#1172,.T.);
#1174=ORIENTED_EDGE('',*,*,#1173,.T.);
#1175=CARTESIAN_POINT('',(0.055905511811024,-0.197244094488189,0.090157480314961));
#1176=VERTEX_POINT('',#1175);
#1177=CARTESIAN_POINT('',(0.055905511811024,-0.197244094488189,0.090157480314961));
#1178=DIRECTION('',(-1.0,0.0,0.0));
#1179=VECTOR('',#1178,0.011811023622048);
#1180=LINE('',#1177,#1179);
#1181=EDGE_CURVE('',#1176,#1167,#1180,.T.);
#1182=ORIENTED_EDGE('',*,*,#1181,.F.);
#1183=CARTESIAN_POINT('',(0.055905511811024,-0.197244094488189,0.086220472440945));
#1184=DIRECTION('',(1.0,0.0,0.0));
#1185=DIRECTION('',(0.0,1.0,0.0));
#1186=AXIS2_PLACEMENT_3D('',#1183,#1184,#1185);
#1187=CIRCLE('',#1186,0.003937007874016);
#1188=EDGE_CURVE('',#1176,#1144,#1187,.T.);
#1189=ORIENTED_EDGE('',*,*,#1188,.T.);
#1190=ORIENTED_EDGE('',*,*,#1149,.T.);
#1191=EDGE_LOOP('',(#1174,#1182,#1189,#1190));
#1192=FACE_OUTER_BOUND('',#1191,.T.);
#1193=ADVANCED_FACE('',(#1192),#1165,.F.);
#1194=CARTESIAN_POINT('',(0.056496062992126,0.010688976377953,0.090157480314961));
#1195=DIRECTION('',(0.0,0.0,-1.0));
#1196=DIRECTION('',(-1.0,0.0,0.0));
#1197=AXIS2_PLACEMENT_3D('',#1194,#1195,#1196);
#1198=PLANE('',#1197);
#1199=ORIENTED_EDGE('',*,*,#1004,.T.);
#1200=CARTESIAN_POINT('',(0.055905511811024,0.000787401574803,0.090157480314961));
#1201=DIRECTION('',(0.0,-1.0,0.0));
#1202=VECTOR('',#1201,0.198031496062992);
#1203=LINE('',#1200,#1202);
#1204=EDGE_CURVE('',#993,#1176,#1203,.T.);
#1205=ORIENTED_EDGE('',*,*,#1204,.T.);
#1206=ORIENTED_EDGE('',*,*,#1181,.T.);
#1207=CARTESIAN_POINT('',(0.044094488188976,-0.197244094488189,0.090157480314961));
#1208=DIRECTION('',(0.0,1.0,0.0));
#1209=VECTOR('',#1208,0.198031496062992);
#1210=LINE('',#1207,#1209);
#1211=EDGE_CURVE('',#1167,#977,#1210,.T.);
#1212=ORIENTED_EDGE('',*,*,#1211,.T.);
#1213=EDGE_LOOP('',(#1199,#1205,#1206,#1212));
#1214=FACE_OUTER_BOUND('',#1213,.T.);
#1215=ADVANCED_FACE('',(#1214),#1198,.T.);
#1216=CARTESIAN_POINT('',(0.055905511811024,-0.231948818897638,0.128523622047244));
#1217=DIRECTION('',(-1.0,0.0,0.0));
#1218=DIRECTION('',(0.0,0.0,1.0));
#1219=AXIS2_PLACEMENT_3D('',#1216,#1217,#1218);
#1220=PLANE('',#1219);
#1221=ORIENTED_EDGE('',*,*,#998,.T.);
#1222=CARTESIAN_POINT('',(0.055905511811024,-0.197244094488189,0.109842519685039));
#1223=DIRECTION('',(0.0,1.0,0.0));
#1224=VECTOR('',#1223,0.198031496062992);
#1225=LINE('',#1222,#1224);
#1226=EDGE_CURVE('',#1051,#985,#1225,.T.);
#1227=ORIENTED_EDGE('',*,*,#1226,.F.);
#1228=ORIENTED_EDGE('',*,*,#1057,.F.);
#1229=ORIENTED_EDGE('',*,*,#1093,.F.);
#1230=ORIENTED_EDGE('',*,*,#1124,.F.);
#1231=ORIENTED_EDGE('',*,*,#1155,.F.);
#1232=ORIENTED_EDGE('',*,*,#1188,.F.);
#1233=ORIENTED_EDGE('',*,*,#1204,.F.);
#1234=EDGE_LOOP('',(#1221,#1227,#1228,#1229,#1230,#1231,#1232,#1233));
#1235=FACE_OUTER_BOUND('',#1234,.T.);
#1236=ADVANCED_FACE('',(#1235),#1220,.F.);
#1237=CARTESIAN_POINT('',(0.056496062992126,-0.207145669291339,0.109842519685039));
#1238=DIRECTION('',(0.0,0.0,1.0));
#1239=DIRECTION('',(1.0,0.0,0.0));
#1240=AXIS2_PLACEMENT_3D('',#1237,#1238,#1239);
#1241=PLANE('',#1240);
#1242=ORIENTED_EDGE('',*,*,#990,.T.);
#1243=CARTESIAN_POINT('',(0.044094488188976,0.000787401574803,0.109842519685039));
#1244=DIRECTION('',(0.0,-1.0,0.0));
#1245=VECTOR('',#1244,0.198031496062992);
#1246=LINE('',#1243,#1245);
#1247=EDGE_CURVE('',#975,#1032,#1246,.T.);
#1248=ORIENTED_EDGE('',*,*,#1247,.T.);
#1249=ORIENTED_EDGE('',*,*,#1063,.F.);
#1250=ORIENTED_EDGE('',*,*,#1226,.T.);
#1251=EDGE_LOOP('',(#1242,#1248,#1249,#1250));
#1252=FACE_OUTER_BOUND('',#1251,.T.);
#1253=ADVANCED_FACE('',(#1252),#1241,.T.);
#1254=CARTESIAN_POINT('',(0.044094488188976,-0.231948818897638,0.128523622047244));
#1255=DIRECTION('',(-1.0,0.0,0.0));
#1256=DIRECTION('',(0.0,0.0,1.0));
#1257=AXIS2_PLACEMENT_3D('',#1254,#1255,#1256);
#1258=PLANE('',#1257);
#1259=ORIENTED_EDGE('',*,*,#982,.T.);
#1260=ORIENTED_EDGE('',*,*,#1211,.F.);
#1261=ORIENTED_EDGE('',*,*,#1173,.F.);
#1262=ORIENTED_EDGE('',*,*,#1141,.F.);
#1263=ORIENTED_EDGE('',*,*,#1110,.F.);
#1264=ORIENTED_EDGE('',*,*,#1079,.F.);
#1265=ORIENTED_EDGE('',*,*,#1040,.F.);
#1266=ORIENTED_EDGE('',*,*,#1247,.F.);
#1267=EDGE_LOOP('',(#1259,#1260,#1261,#1262,#1263,#1264,#1265,#1266));
#1268=FACE_OUTER_BOUND('',#1267,.T.);
#1269=ADVANCED_FACE('',(#1268),#1258,.T.);
#1270=CARTESIAN_POINT('',(0.063850357388793,0.019260240185694,0.079496909044177));
#1271=DIRECTION('',(0.0,-0.342020143325669,-0.939692620785908));
#1272=DIRECTION('',(-1.0,0.0,0.0));
#1273=AXIS2_PLACEMENT_3D('',#1270,#1271,#1272);
#1274=PLANE('',#1273);
#1275=ORIENTED_EDGE('',*,*,#809,.F.);
#1276=CARTESIAN_POINT('',(0.062591233989811,0.018503937007874,0.079772180888985));
#1277=DIRECTION('',(-1.0,0.0,0.0));
#1278=VECTOR('',#1277,0.025182467979622);
#1279=LINE('',#1276,#1278);
#1280=EDGE_CURVE('',#905,#795,#1279,.T.);
#1281=ORIENTED_EDGE('',*,*,#1280,.F.);
#1282=ORIENTED_EDGE('',*,*,#924,.F.);
#1283=ORIENTED_EDGE('',*,*,#831,.F.);
#1284=EDGE_LOOP('',(#1275,#1281,#1282,#1283));
#1285=FACE_OUTER_BOUND('',#1284,.T.);
#1286=ADVANCED_FACE('',(#1285),#1274,.T.);
#1287=CARTESIAN_POINT('',(0.042914202906337,0.004724409448819,-0.111022804967678));
#1288=DIRECTION('',(0.0,0.0,1.0));
#1289=DIRECTION('',(1.0,0.0,0.0));
#1290=AXIS2_PLACEMENT_3D('',#1287,#1288,#1289);
#1291=SPHERICAL_SURFACE('',#1290,0.003937007874016);
#1292=CARTESIAN_POINT('',(0.039214625659149,0.003377873451474,-0.111022804967678));
#1293=VERTEX_POINT('',#1292);
#1294=CARTESIAN_POINT('',(0.042914202906337,0.003377873451474,-0.114722382214867));
#1295=VERTEX_POINT('',#1294);
#1296=CARTESIAN_POINT('',(0.042914202906337,0.004724409448819,-0.111022804967678));
#1297=DIRECTION('',(0.323615577118184,-0.889126490715989,0.323615577118184));
#1298=DIRECTION('',(-0.628707370917873,-0.457661538155732,-0.628707370917874));
#1299=AXIS2_PLACEMENT_3D('',#1296,#1297,#1298);
#1300=CIRCLE('',#1299,0.003937007874016);
#1301=EDGE_CURVE('',#1293,#1295,#1300,.T.);
#1302=ORIENTED_EDGE('',*,*,#1301,.T.);
#1303=CARTESIAN_POINT('',(0.042914202906337,0.000787401574803,-0.111022804967678));
#1304=VERTEX_POINT('',#1303);
#1305=CARTESIAN_POINT('',(0.042914202906337,0.004724409448819,-0.111022804967678));
#1306=DIRECTION('',(1.0,0.0,0.0));
#1307=DIRECTION('',(0.0,-1.0,0.0));
#1308=AXIS2_PLACEMENT_3D('',#1305,#1306,#1307);
#1309=CIRCLE('',#1308,0.003937007874016);
#1310=EDGE_CURVE('',#1304,#1295,#1309,.T.);
#1311=ORIENTED_EDGE('',*,*,#1310,.F.);
#1312=CARTESIAN_POINT('',(0.042914202906337,0.004724409448819,-0.111022804967678));
#1313=DIRECTION('',(0.0,0.0,-1.0));
#1314=DIRECTION('',(-0.573576436351046,-0.819152044288992,0.0));
#1315=AXIS2_PLACEMENT_3D('',#1312,#1313,#1314);
#1316=CIRCLE('',#1315,0.003937007874016);
#1317=EDGE_CURVE('',#1304,#1293,#1316,.T.);
#1318=ORIENTED_EDGE('',*,*,#1317,.T.);
#1319=EDGE_LOOP('',(#1302,#1311,#1318));
#1320=FACE_OUTER_BOUND('',#1319,.T.);
#1321=ADVANCED_FACE('',(#1320),#1291,.T.);
#1322=CARTESIAN_POINT('',(0.042914202906337,0.004724409448819,-0.088977195032322));
#1323=DIRECTION('',(0.0,0.0,1.0));
#1324=DIRECTION('',(1.0,0.0,0.0));
#1325=AXIS2_PLACEMENT_3D('',#1322,#1323,#1324);
#1326=SPHERICAL_SURFACE('',#1325,0.003937007874016);
#1327=CARTESIAN_POINT('',(0.039214625659148,0.003377873451474,-0.088977195032322));
#1328=VERTEX_POINT('',#1327);
#1329=CARTESIAN_POINT('',(0.042914202906337,0.000787401574803,-0.088977195032322));
#1330=VERTEX_POINT('',#1329);
#1331=CARTESIAN_POINT('',(0.042914202906337,0.004724409448819,-0.088977195032322));
#1332=DIRECTION('',(0.0,0.0,1.0));
#1333=DIRECTION('',(-0.573576436351046,-0.819152044288992,0.0));
#1334=AXIS2_PLACEMENT_3D('',#1331,#1332,#1333);
#1335=CIRCLE('',#1334,0.003937007874016);
#1336=EDGE_CURVE('',#1328,#1330,#1335,.T.);
#1337=ORIENTED_EDGE('',*,*,#1336,.T.);
#1338=CARTESIAN_POINT('',(0.042914202906337,0.003377873451474,-0.085277617785133));
#1339=VERTEX_POINT('',#1338);
#1340=CARTESIAN_POINT('',(0.042914202906337,0.004724409448819,-0.088977195032322));
#1341=DIRECTION('',(1.0,0.0,0.0));
#1342=DIRECTION('',(0.0,-0.342020143325669,0.939692620785908));
#1343=AXIS2_PLACEMENT_3D('',#1340,#1341,#1342);
#1344=CIRCLE('',#1343,0.003937007874016);
#1345=EDGE_CURVE('',#1339,#1330,#1344,.T.);
#1346=ORIENTED_EDGE('',*,*,#1345,.F.);
#1347=CARTESIAN_POINT('',(0.042914202906337,0.004724409448819,-0.088977195032322));
#1348=DIRECTION('',(0.323615577118184,-0.889126490715989,-0.323615577118184));
#1349=DIRECTION('',(-0.628707370917871,-0.457661538155732,0.628707370917876));
#1350=AXIS2_PLACEMENT_3D('',#1347,#1348,#1349);
#1351=CIRCLE('',#1350,0.003937007874016);
#1352=EDGE_CURVE('',#1339,#1328,#1351,.T.);
#1353=ORIENTED_EDGE('',*,*,#1352,.T.);
#1354=EDGE_LOOP('',(#1337,#1346,#1353));
#1355=FACE_OUTER_BOUND('',#1354,.T.);
#1356=ADVANCED_FACE('',(#1355),#1326,.T.);
#1357=CARTESIAN_POINT('',(0.057085797093663,0.004724409448819,-0.111022804967678));
#1358=DIRECTION('',(0.0,0.0,1.0));
#1359=DIRECTION('',(1.0,0.0,0.0));
#1360=AXIS2_PLACEMENT_3D('',#1357,#1358,#1359);
#1361=SPHERICAL_SURFACE('',#1360,0.003937007874016);
#1362=CARTESIAN_POINT('',(0.057085797093663,0.003377873451474,-0.114722382214867));
#1363=VERTEX_POINT('',#1362);
#1364=CARTESIAN_POINT('',(0.060785374340852,0.003377873451474,-0.111022804967678));
#1365=VERTEX_POINT('',#1364);
#1366=CARTESIAN_POINT('',(0.057085797093663,0.004724409448819,-0.111022804967678));
#1367=DIRECTION('',(-0.323615577118183,-0.889126490715989,0.323615577118184));
#1368=DIRECTION('',(0.628707370917874,-0.457661538155731,-0.628707370917874));
#1369=AXIS2_PLACEMENT_3D('',#1366,#1367,#1368);
#1370=CIRCLE('',#1369,0.003937007874016);
#1371=EDGE_CURVE('',#1363,#1365,#1370,.T.);
#1372=ORIENTED_EDGE('',*,*,#1371,.T.);
#1373=CARTESIAN_POINT('',(0.057085797093663,0.000787401574803,-0.111022804967678));
#1374=VERTEX_POINT('',#1373);
#1375=CARTESIAN_POINT('',(0.057085797093663,0.004724409448819,-0.111022804967678));
#1376=DIRECTION('',(0.0,0.0,1.0));
#1377=DIRECTION('',(0.0,-1.0,0.0));
#1378=AXIS2_PLACEMENT_3D('',#1375,#1376,#1377);
#1379=CIRCLE('',#1378,0.003937007874016);
#1380=EDGE_CURVE('',#1374,#1365,#1379,.T.);
#1381=ORIENTED_EDGE('',*,*,#1380,.F.);
#1382=CARTESIAN_POINT('',(0.057085797093663,0.004724409448819,-0.111022804967678));
#1383=DIRECTION('',(1.0,0.0,0.0));
#1384=DIRECTION('',(0.0,-0.819152044288992,-0.573576436351046));
#1385=AXIS2_PLACEMENT_3D('',#1382,#1383,#1384);
#1386=CIRCLE('',#1385,0.003937007874016);
#1387=EDGE_CURVE('',#1374,#1363,#1386,.T.);
#1388=ORIENTED_EDGE('',*,*,#1387,.T.);
#1389=EDGE_LOOP('',(#1372,#1381,#1388));
#1390=FACE_OUTER_BOUND('',#1389,.T.);
#1391=ADVANCED_FACE('',(#1390),#1361,.T.);
#1392=CARTESIAN_POINT('',(0.057085797093663,0.004724409448819,-0.088977195032322));
#1393=DIRECTION('',(0.0,0.0,1.0));
#1394=DIRECTION('',(1.0,0.0,0.0));
#1395=AXIS2_PLACEMENT_3D('',#1392,#1393,#1394);
#1396=SPHERICAL_SURFACE('',#1395,0.003937007874016);
#1397=CARTESIAN_POINT('',(0.057085797093663,0.003377873451474,-0.085277617785133));
#1398=VERTEX_POINT('',#1397);
#1399=CARTESIAN_POINT('',(0.057085797093663,0.000787401574803,-0.088977195032322));
#1400=VERTEX_POINT('',#1399);
#1401=CARTESIAN_POINT('',(0.057085797093663,0.004724409448819,-0.088977195032322));
#1402=DIRECTION('',(1.0,0.0,0.0));
#1403=DIRECTION('',(0.0,-0.819152044288992,0.573576436351046));
#1404=AXIS2_PLACEMENT_3D('',#1401,#1402,#1403);
#1405=CIRCLE('',#1404,0.003937007874016);
#1406=EDGE_CURVE('',#1398,#1400,#1405,.T.);
#1407=ORIENTED_EDGE('',*,*,#1406,.T.);
#1408=CARTESIAN_POINT('',(0.060785374340851,0.003377873451474,-0.088977195032322));
#1409=VERTEX_POINT('',#1408);
#1410=CARTESIAN_POINT('',(0.057085797093663,0.004724409448819,-0.088977195032322));
#1411=DIRECTION('',(0.0,0.0,-1.0));
#1412=DIRECTION('',(0.939692620785909,-0.342020143325668,0.0));
#1413=AXIS2_PLACEMENT_3D('',#1410,#1411,#1412);
#1414=CIRCLE('',#1413,0.003937007874016);
#1415=EDGE_CURVE('',#1409,#1400,#1414,.T.);
#1416=ORIENTED_EDGE('',*,*,#1415,.F.);
#1417=CARTESIAN_POINT('',(0.057085797093663,0.004724409448819,-0.088977195032322));
#1418=DIRECTION('',(-0.323615577118185,-0.889126490715988,-0.323615577118185));
#1419=DIRECTION('',(0.628707370917873,-0.457661538155733,0.628707370917873));
#1420=AXIS2_PLACEMENT_3D('',#1417,#1418,#1419);
#1421=CIRCLE('',#1420,0.003937007874016);
#1422=EDGE_CURVE('',#1409,#1398,#1421,.T.);
#1423=ORIENTED_EDGE('',*,*,#1422,.T.);
#1424=EDGE_LOOP('',(#1407,#1416,#1423));
#1425=FACE_OUTER_BOUND('',#1424,.T.);
#1426=ADVANCED_FACE('',(#1425),#1396,.T.);
#1427=CARTESIAN_POINT('',(0.057085797093663,0.004724409448819,-0.087874914535554));
#1428=DIRECTION('',(0.0,0.0,-1.0));
#1429=DIRECTION('',(-0.573576436351047,0.819152044288991,0.0));
#1430=AXIS2_PLACEMENT_3D('',#1427,#1428,#1429);
#1431=CYLINDRICAL_SURFACE('',#1430,0.003937007874016);
#1432=ORIENTED_EDGE('',*,*,#1380,.T.);
#1433=CARTESIAN_POINT('',(0.060785374340851,0.003377873451474,-0.111022804967678));
#1434=DIRECTION('',(0.0,0.0,1.0));
#1435=VECTOR('',#1434,0.022045609935356);
#1436=LINE('',#1433,#1435);
#1437=EDGE_CURVE('',#1365,#1409,#1436,.T.);
#1438=ORIENTED_EDGE('',*,*,#1437,.T.);
#1439=ORIENTED_EDGE('',*,*,#1415,.T.);
#1440=CARTESIAN_POINT('',(0.057085797093663,0.000787401574803,-0.088977195032322));
#1441=DIRECTION('',(0.0,0.0,-1.0));
#1442=VECTOR('',#1441,0.022045609935356);
#1443=LINE('',#1440,#1442);
#1444=EDGE_CURVE('',#1400,#1374,#1443,.T.);
#1445=ORIENTED_EDGE('',*,*,#1444,.T.);
#1446=EDGE_LOOP('',(#1432,#1438,#1439,#1445));
#1447=FACE_OUTER_BOUND('',#1446,.T.);
#1448=ADVANCED_FACE('',(#1447),#1431,.T.);
#1449=CARTESIAN_POINT('',(0.063038256076093,0.021078656093276,-0.083024736049891));
#1450=DIRECTION('',(-0.323615577118185,-0.889126490715988,-0.323615577118185));
#1451=DIRECTION('',(-0.628707370917909,0.457661538155734,-0.628707370917837));
#1452=AXIS2_PLACEMENT_3D('',#1449,#1450,#1451);
#1453=CYLINDRICAL_SURFACE('',#1452,0.003937007874016);
#1454=CARTESIAN_POINT('',(0.062591233989811,0.018503937007874,-0.079772180888985));
#1455=VERTEX_POINT('',#1454);
#1456=CARTESIAN_POINT('',(0.066290811237,0.018503937007874,-0.083471758136173));
#1457=VERTEX_POINT('',#1456);
#1458=CARTESIAN_POINT('',(0.062101134967409,0.018503937007874,-0.083961857158575));
#1459=DIRECTION('',(0.0,1.0,0.0));
#1460=DIRECTION('',(0.707106781186547,0.0,0.707106781186548));
#1461=AXIS2_PLACEMENT_3D('',#1458,#1459,#1460);
#1462=ELLIPSE('',#1461,0.004427950258062,0.003937007874016);
#1463=EDGE_CURVE('',#1455,#1457,#1462,.T.);
#1464=ORIENTED_EDGE('',*,*,#1463,.F.);
#1465=CARTESIAN_POINT('',(0.062591233989811,0.018503937007874,-0.079772180888985));
#1466=DIRECTION('',(-0.323615577118185,-0.889126490715988,-0.323615577118184));
#1467=VECTOR('',#1466,0.017012274085118);
#1468=LINE('',#1465,#1467);
#1469=EDGE_CURVE('',#1455,#1398,#1468,.T.);
#1470=ORIENTED_EDGE('',*,*,#1469,.T.);
#1471=ORIENTED_EDGE('',*,*,#1422,.F.);
#1472=CARTESIAN_POINT('',(0.060785374340851,0.003377873451474,-0.088977195032322));
#1473=DIRECTION('',(0.323615577118185,0.889126490715988,0.323615577118186));
#1474=VECTOR('',#1473,0.017012274085119);
#1475=LINE('',#1472,#1474);
#1476=EDGE_CURVE('',#1409,#1457,#1475,.T.);
#1477=ORIENTED_EDGE('',*,*,#1476,.T.);
#1478=EDGE_LOOP('',(#1464,#1470,#1471,#1477));
#1479=FACE_OUTER_BOUND('',#1478,.T.);
#1480=ADVANCED_FACE('',(#1479),#1453,.T.);
#1481=CARTESIAN_POINT('',(0.042205623196971,0.004724409448819,-0.088977195032322));
#1482=DIRECTION('',(1.0,0.0,0.0));
#1483=DIRECTION('',(0.0,0.819152044288993,-0.573576436351044));
#1484=AXIS2_PLACEMENT_3D('',#1481,#1482,#1483);
#1485=CYLINDRICAL_SURFACE('',#1484,0.003937007874016);
#1486=ORIENTED_EDGE('',*,*,#1406,.F.);
#1487=CARTESIAN_POINT('',(0.057085797093663,0.003377873451474,-0.085277617785133));
#1488=DIRECTION('',(-1.0,0.0,0.0));
#1489=VECTOR('',#1488,0.014171594187326);
#1490=LINE('',#1487,#1489);
#1491=EDGE_CURVE('',#1398,#1339,#1490,.T.);
#1492=ORIENTED_EDGE('',*,*,#1491,.T.);
#1493=ORIENTED_EDGE('',*,*,#1345,.T.);
#1494=CARTESIAN_POINT('',(0.042914202906337,0.000787401574803,-0.088977195032322));
#1495=DIRECTION('',(1.0,0.0,0.0));
#1496=VECTOR('',#1495,0.014171594187326);
#1497=LINE('',#1494,#1496);
#1498=EDGE_CURVE('',#1330,#1400,#1497,.T.);
#1499=ORIENTED_EDGE('',*,*,#1498,.T.);
#1500=EDGE_LOOP('',(#1486,#1492,#1493,#1499));
#1501=FACE_OUTER_BOUND('',#1500,.T.);
#1502=ADVANCED_FACE('',(#1501),#1485,.T.);
#1503=CARTESIAN_POINT('',(0.063038256076093,0.021078656093276,-0.116975263950109));
#1504=DIRECTION('',(-0.323615577118185,-0.889126490715988,0.323615577118185));
#1505=DIRECTION('',(-0.628707370917928,0.457661538155734,0.628707370917818));
#1506=AXIS2_PLACEMENT_3D('',#1503,#1504,#1505);
#1507=CYLINDRICAL_SURFACE('',#1506,0.003937007874016);
#1508=CARTESIAN_POINT('',(0.066290811237,0.018503937007874,-0.116528241863827));
#1509=VERTEX_POINT('',#1508);
#1510=CARTESIAN_POINT('',(0.062591233989811,0.018503937007874,-0.120227819111015));
#1511=VERTEX_POINT('',#1510);
#1512=CARTESIAN_POINT('',(0.062101134967409,0.018503937007874,-0.116038142841425));
#1513=DIRECTION('',(0.0,1.0,0.0));
#1514=DIRECTION('',(0.707106781186548,0.0,-0.707106781186547));
#1515=AXIS2_PLACEMENT_3D('',#1512,#1513,#1514);
#1516=ELLIPSE('',#1515,0.004427950258062,0.003937007874016);
#1517=EDGE_CURVE('',#1509,#1511,#1516,.T.);
#1518=ORIENTED_EDGE('',*,*,#1517,.F.);
#1519=CARTESIAN_POINT('',(0.066290811237,0.018503937007874,-0.116528241863827));
#1520=DIRECTION('',(-0.323615577118185,-0.889126490715988,0.323615577118185));
#1521=VECTOR('',#1520,0.017012274085119);
#1522=LINE('',#1519,#1521);
#1523=EDGE_CURVE('',#1509,#1365,#1522,.T.);
#1524=ORIENTED_EDGE('',*,*,#1523,.T.);
#1525=ORIENTED_EDGE('',*,*,#1371,.F.);
#1526=CARTESIAN_POINT('',(0.057085797093663,0.003377873451474,-0.114722382214867));
#1527=DIRECTION('',(0.323615577118186,0.889126490715988,-0.323615577118185));
#1528=VECTOR('',#1527,0.017012274085118);
#1529=LINE('',#1526,#1528);
#1530=EDGE_CURVE('',#1363,#1511,#1529,.T.);
#1531=ORIENTED_EDGE('',*,*,#1530,.T.);
#1532=EDGE_LOOP('',(#1518,#1524,#1525,#1531));
#1533=FACE_OUTER_BOUND('',#1532,.T.);
#1534=ADVANCED_FACE('',(#1533),#1507,.T.);
#1535=CARTESIAN_POINT('',(0.057794376803029,0.004724409448819,-0.111022804967678));
#1536=DIRECTION('',(-1.0,0.0,0.0));
#1537=DIRECTION('',(0.0,0.819152044288973,0.573576436351073));
#1538=AXIS2_PLACEMENT_3D('',#1535,#1536,#1537);
#1539=CYLINDRICAL_SURFACE('',#1538,0.003937007874016);
#1540=ORIENTED_EDGE('',*,*,#1310,.T.);
#1541=CARTESIAN_POINT('',(0.042914202906337,0.003377873451474,-0.114722382214867));
#1542=DIRECTION('',(1.0,0.0,0.0));
#1543=VECTOR('',#1542,0.014171594187326);
#1544=LINE('',#1541,#1543);
#1545=EDGE_CURVE('',#1295,#1363,#1544,.T.);
#1546=ORIENTED_EDGE('',*,*,#1545,.T.);
#1547=ORIENTED_EDGE('',*,*,#1387,.F.);
#1548=CARTESIAN_POINT('',(0.057085797093663,0.000787401574803,-0.111022804967678));
#1549=DIRECTION('',(-1.0,0.0,0.0));
#1550=VECTOR('',#1549,0.014171594187326);
#1551=LINE('',#1548,#1550);
#1552=EDGE_CURVE('',#1374,#1304,#1551,.T.);
#1553=ORIENTED_EDGE('',*,*,#1552,.T.);
#1554=EDGE_LOOP('',(#1540,#1546,#1547,#1553));
#1555=FACE_OUTER_BOUND('',#1554,.T.);
#1556=ADVANCED_FACE('',(#1555),#1539,.T.);
#1557=CARTESIAN_POINT('',(0.036961743923907,0.021078656093276,-0.083024736049892));
#1558=DIRECTION('',(0.323615577118185,-0.889126490715988,-0.323615577118185));
#1559=DIRECTION('',(0.628707370917834,0.457661538155733,-0.628707370917912));
#1560=AXIS2_PLACEMENT_3D('',#1557,#1558,#1559);
#1561=CYLINDRICAL_SURFACE('',#1560,0.003937007874016);
#1562=CARTESIAN_POINT('',(0.033709188763,0.018503937007874,-0.083471758136173));
#1563=VERTEX_POINT('',#1562);
#1564=CARTESIAN_POINT('',(0.037408766010189,0.018503937007874,-0.079772180888985));
#1565=VERTEX_POINT('',#1564);
#1566=CARTESIAN_POINT('',(0.037898865032591,0.018503937007874,-0.083961857158575));
#1567=DIRECTION('',(0.0,1.0,0.0));
#1568=DIRECTION('',(-0.707106781186546,0.0,0.707106781186549));
#1569=AXIS2_PLACEMENT_3D('',#1566,#1567,#1568);
#1570=ELLIPSE('',#1569,0.004427950258062,0.003937007874016);
#1571=EDGE_CURVE('',#1563,#1565,#1570,.T.);
#1572=ORIENTED_EDGE('',*,*,#1571,.F.);
#1573=CARTESIAN_POINT('',(0.033709188763,0.018503937007874,-0.083471758136173));
#1574=DIRECTION('',(0.323615577118185,-0.889126490715988,-0.323615577118186));
#1575=VECTOR('',#1574,0.017012274085119);
#1576=LINE('',#1573,#1575);
#1577=EDGE_CURVE('',#1563,#1328,#1576,.T.);
#1578=ORIENTED_EDGE('',*,*,#1577,.T.);
#1579=ORIENTED_EDGE('',*,*,#1352,.F.);
#1580=CARTESIAN_POINT('',(0.042914202906337,0.003377873451474,-0.085277617785133));
#1581=DIRECTION('',(-0.323615577118185,0.889126490715988,0.323615577118184));
#1582=VECTOR('',#1581,0.017012274085118);
#1583=LINE('',#1580,#1582);
#1584=EDGE_CURVE('',#1339,#1565,#1583,.T.);
#1585=ORIENTED_EDGE('',*,*,#1584,.T.);
#1586=EDGE_LOOP('',(#1572,#1578,#1579,#1585));
#1587=FACE_OUTER_BOUND('',#1586,.T.);
#1588=ADVANCED_FACE('',(#1587),#1561,.T.);
#1589=CARTESIAN_POINT('',(0.042914202906337,0.004724409448819,-0.112125085464446));
#1590=DIRECTION('',(0.0,0.0,1.0));
#1591=DIRECTION('',(0.573576436351039,0.819152044288997,0.0));
#1592=AXIS2_PLACEMENT_3D('',#1589,#1590,#1591);
#1593=CYLINDRICAL_SURFACE('',#1592,0.003937007874016);
#1594=ORIENTED_EDGE('',*,*,#1336,.F.);
#1595=CARTESIAN_POINT('',(0.039214625659149,0.003377873451474,-0.088977195032322));
#1596=DIRECTION('',(0.0,0.0,-1.0));
#1597=VECTOR('',#1596,0.022045609935356);
#1598=LINE('',#1595,#1597);
#1599=EDGE_CURVE('',#1328,#1293,#1598,.T.);
#1600=ORIENTED_EDGE('',*,*,#1599,.T.);
#1601=ORIENTED_EDGE('',*,*,#1317,.F.);
#1602=CARTESIAN_POINT('',(0.042914202906337,0.000787401574803,-0.111022804967678));
#1603=DIRECTION('',(0.0,0.0,1.0));
#1604=VECTOR('',#1603,0.022045609935356);
#1605=LINE('',#1602,#1604);
#1606=EDGE_CURVE('',#1304,#1330,#1605,.T.);
#1607=ORIENTED_EDGE('',*,*,#1606,.T.);
#1608=EDGE_LOOP('',(#1594,#1600,#1601,#1607));
#1609=FACE_OUTER_BOUND('',#1608,.T.);
#1610=ADVANCED_FACE('',(#1609),#1593,.T.);
#1611=CARTESIAN_POINT('',(0.036961743923907,0.021078656093276,-0.116975263950109));
#1612=DIRECTION('',(0.323615577118185,-0.889126490715988,0.323615577118185));
#1613=DIRECTION('',(0.628707370917915,0.457661538155734,0.628707370917831));
#1614=AXIS2_PLACEMENT_3D('',#1611,#1612,#1613);
#1615=CYLINDRICAL_SURFACE('',#1614,0.003937007874016);
#1616=CARTESIAN_POINT('',(0.037408766010189,0.018503937007874,-0.120227819111015));
#1617=VERTEX_POINT('',#1616);
#1618=CARTESIAN_POINT('',(0.033709188763,0.018503937007874,-0.116528241863827));
#1619=VERTEX_POINT('',#1618);
#1620=CARTESIAN_POINT('',(0.037898865032591,0.018503937007874,-0.116038142841425));
#1621=DIRECTION('',(0.0,1.0,0.0));
#1622=DIRECTION('',(-0.707106781186547,0.0,-0.707106781186548));
#1623=AXIS2_PLACEMENT_3D('',#1620,#1621,#1622);
#1624=ELLIPSE('',#1623,0.004427950258062,0.003937007874016);
#1625=EDGE_CURVE('',#1617,#1619,#1624,.T.);
#1626=ORIENTED_EDGE('',*,*,#1625,.F.);
#1627=CARTESIAN_POINT('',(0.037408766010189,0.018503937007874,-0.120227819111015));
#1628=DIRECTION('',(0.323615577118185,-0.889126490715988,0.323615577118185));
#1629=VECTOR('',#1628,0.017012274085118);
#1630=LINE('',#1627,#1629);
#1631=EDGE_CURVE('',#1617,#1295,#1630,.T.);
#1632=ORIENTED_EDGE('',*,*,#1631,.T.);
#1633=ORIENTED_EDGE('',*,*,#1301,.F.);
#1634=CARTESIAN_POINT('',(0.039214625659149,0.003377873451474,-0.111022804967678));
#1635=DIRECTION('',(-0.323615577118185,0.889126490715988,-0.323615577118186));
#1636=VECTOR('',#1635,0.017012274085119);
#1637=LINE('',#1634,#1636);
#1638=EDGE_CURVE('',#1293,#1619,#1637,.T.);
#1639=ORIENTED_EDGE('',*,*,#1638,.T.);
#1640=EDGE_LOOP('',(#1626,#1632,#1633,#1639));
#1641=FACE_OUTER_BOUND('',#1640,.T.);
#1642=ADVANCED_FACE('',(#1641),#1615,.T.);
#1643=CARTESIAN_POINT('',(0.063850357388792,0.019260240185694,-0.120503090955822));
#1644=DIRECTION('',(0.0,-0.342020143325669,-0.939692620785908));
#1645=DIRECTION('',(-1.0,0.0,0.0));
#1646=AXIS2_PLACEMENT_3D('',#1643,#1644,#1645);
#1647=PLANE('',#1646);
#1648=ORIENTED_EDGE('',*,*,#1530,.F.);
#1649=ORIENTED_EDGE('',*,*,#1545,.F.);
#1650=ORIENTED_EDGE('',*,*,#1631,.F.);
#1651=CARTESIAN_POINT('',(0.062591233989811,0.018503937007874,-0.120227819111015));
#1652=DIRECTION('',(-1.0,0.0,0.0));
#1653=VECTOR('',#1652,0.025182467979622);
#1654=LINE('',#1651,#1653);
#1655=EDGE_CURVE('',#1511,#1617,#1654,.T.);
#1656=ORIENTED_EDGE('',*,*,#1655,.F.);
#1657=EDGE_LOOP('',(#1648,#1649,#1650,#1656));
#1658=FACE_OUTER_BOUND('',#1657,.T.);
#1659=ADVANCED_FACE('',(#1658),#1647,.T.);
#1660=CARTESIAN_POINT('',(0.039489897503956,0.002621570273654,-0.08181893394979));
#1661=DIRECTION('',(-0.939692620785908,-0.342020143325669,-9.314896E-017));
#1662=DIRECTION('',(0.0,0.0,1.0));
#1663=AXIS2_PLACEMENT_3D('',#1660,#1661,#1662);
#1664=PLANE('',#1663);
#1665=ORIENTED_EDGE('',*,*,#1638,.F.);
#1666=ORIENTED_EDGE('',*,*,#1599,.F.);
#1667=ORIENTED_EDGE('',*,*,#1577,.F.);
#1668=CARTESIAN_POINT('',(0.033709188763,0.018503937007874,-0.116528241863827));
#1669=DIRECTION('',(0.0,0.0,1.0));
#1670=VECTOR('',#1669,0.033056483727654);
#1671=LINE('',#1668,#1670);
#1672=EDGE_CURVE('',#1619,#1563,#1671,.T.);
#1673=ORIENTED_EDGE('',*,*,#1672,.F.);
#1674=EDGE_LOOP('',(#1665,#1666,#1667,#1673));
#1675=FACE_OUTER_BOUND('',#1674,.T.);
#1676=ADVANCED_FACE('',(#1675),#1664,.T.);
#1677=CARTESIAN_POINT('',(0.057794376803029,0.000787401574803,-0.087874914535554));
#1678=DIRECTION('',(0.0,-1.0,0.0));
#1679=DIRECTION('',(0.0,0.0,-1.0));
#1680=AXIS2_PLACEMENT_3D('',#1677,#1678,#1679);
#1681=PLANE('',#1680);
#1682=ORIENTED_EDGE('',*,*,#1444,.F.);
#1683=ORIENTED_EDGE('',*,*,#1498,.F.);
#1684=ORIENTED_EDGE('',*,*,#1606,.F.);
#1685=ORIENTED_EDGE('',*,*,#1552,.F.);
#1686=EDGE_LOOP('',(#1682,#1683,#1684,#1685));
#1687=FACE_OUTER_BOUND('',#1686,.T.);
#1688=CARTESIAN_POINT('',(0.044094488188976,0.000787401574803,-0.090239644206493));
#1689=VERTEX_POINT('',#1688);
#1690=CARTESIAN_POINT('',(0.044094488188976,0.000787401574803,-0.110369978725258));
#1691=VERTEX_POINT('',#1690);
#1692=CARTESIAN_POINT('',(0.044094488188976,0.000787401574803,-0.090239644206493));
#1693=DIRECTION('',(0.0,0.0,-1.0));
#1694=VECTOR('',#1693,0.020130334518765);
#1695=LINE('',#1692,#1694);
#1696=EDGE_CURVE('',#1689,#1691,#1695,.T.);
#1697=ORIENTED_EDGE('',*,*,#1696,.F.);
#1698=CARTESIAN_POINT('',(0.044094488188976,0.000787401574803,-0.090157480314961));
#1699=VERTEX_POINT('',#1698);
#1700=CARTESIAN_POINT('',(0.044094488188976,0.000787401574803,-0.090239644206493));
#1701=DIRECTION('',(0.0,0.0,1.0));
#1702=VECTOR('',#1701,0.000082163891532);
#1703=LINE('',#1700,#1702);
#1704=EDGE_CURVE('',#1689,#1699,#1703,.T.);
#1705=ORIENTED_EDGE('',*,*,#1704,.T.);
#1706=CARTESIAN_POINT('',(0.055905511811024,0.000787401574803,-0.090157480314961));
#1707=VERTEX_POINT('',#1706);
#1708=CARTESIAN_POINT('',(0.044094488188976,0.000787401574803,-0.090157480314961));
#1709=DIRECTION('',(1.0,0.0,0.0));
#1710=VECTOR('',#1709,0.011811023622048);
#1711=LINE('',#1708,#1710);
#1712=EDGE_CURVE('',#1699,#1707,#1711,.T.);
#1713=ORIENTED_EDGE('',*,*,#1712,.T.);
#1714=CARTESIAN_POINT('',(0.055905511811024,0.000787401574803,-0.090239644206493));
#1715=VERTEX_POINT('',#1714);
#1716=CARTESIAN_POINT('',(0.055905511811024,0.000787401574803,-0.090157480314961));
#1717=DIRECTION('',(0.0,0.0,-1.0));
#1718=VECTOR('',#1717,0.000082163891532);
#1719=LINE('',#1716,#1718);
#1720=EDGE_CURVE('',#1707,#1715,#1719,.T.);
#1721=ORIENTED_EDGE('',*,*,#1720,.T.);
#1722=CARTESIAN_POINT('',(0.055905511811024,0.000787401574803,-0.110369978725258));
#1723=VERTEX_POINT('',#1722);
#1724=CARTESIAN_POINT('',(0.055905511811024,0.000787401574803,-0.110369978725258));
#1725=DIRECTION('',(0.0,0.0,1.0));
#1726=VECTOR('',#1725,0.020130334518765);
#1727=LINE('',#1724,#1726);
#1728=EDGE_CURVE('',#1723,#1715,#1727,.T.);
#1729=ORIENTED_EDGE('',*,*,#1728,.F.);
#1730=CARTESIAN_POINT('',(0.044094488188976,0.000787401574803,-0.110369978725258));
#1731=DIRECTION('',(1.0,0.0,0.0));
#1732=VECTOR('',#1731,0.011811023622048);
#1733=LINE('',#1730,#1732);
#1734=EDGE_CURVE('',#1691,#1723,#1733,.T.);
#1735=ORIENTED_EDGE('',*,*,#1734,.F.);
#1736=EDGE_LOOP('',(#1697,#1705,#1713,#1721,#1729,#1735));
#1737=FACE_BOUND('',#1736,.T.);
#1738=ADVANCED_FACE('',(#1687,#1737),#1681,.T.);
#1739=CARTESIAN_POINT('',(0.044094488188976,0.000688976377953,-0.090153372120384));
#1740=DIRECTION('',(-1.0,0.0,0.0));
#1741=DIRECTION('',(0.0,0.0,1.0));
#1742=AXIS2_PLACEMENT_3D('',#1739,#1740,#1741);
#1743=PLANE('',#1742);
#1744=CARTESIAN_POINT('',(0.044094488188976,0.002755905511811,-0.090157480314961));
#1745=VERTEX_POINT('',#1744);
#1746=CARTESIAN_POINT('',(0.044094488188976,0.002755905511811,-0.113779527559055));
#1747=DIRECTION('',(1.0,0.0,0.0));
#1748=DIRECTION('',(0.0,-1.0,0.0));
#1749=AXIS2_PLACEMENT_3D('',#1746,#1747,#1748);
#1750=CIRCLE('',#1749,0.023622047244094);
#1751=EDGE_CURVE('',#1745,#1689,#1750,.T.);
#1752=ORIENTED_EDGE('',*,*,#1751,.F.);
#1753=CARTESIAN_POINT('',(0.044094488188976,0.002755905511811,-0.090157480314961));
#1754=DIRECTION('',(0.0,-1.0,0.0));
#1755=VECTOR('',#1754,0.001968503937008);
#1756=LINE('',#1753,#1755);
#1757=EDGE_CURVE('',#1745,#1699,#1756,.T.);
#1758=ORIENTED_EDGE('',*,*,#1757,.T.);
#1759=ORIENTED_EDGE('',*,*,#1704,.F.);
#1760=EDGE_LOOP('',(#1752,#1758,#1759));
#1761=FACE_OUTER_BOUND('',#1760,.T.);
#1762=ADVANCED_FACE('',(#1761),#1743,.F.);
#1763=CARTESIAN_POINT('',(0.056496062992126,0.000688976377953,-0.090157480314961));
#1764=DIRECTION('',(0.0,0.0,1.0));
#1765=DIRECTION('',(1.0,0.0,0.0));
#1766=AXIS2_PLACEMENT_3D('',#1763,#1764,#1765);
#1767=PLANE('',#1766);
#1768=CARTESIAN_POINT('',(0.055905511811024,0.002755905511811,-0.090157480314961));
#1769=VERTEX_POINT('',#1768);
#1770=CARTESIAN_POINT('',(0.055905511811024,0.002755905511811,-0.090157480314961));
#1771=DIRECTION('',(-1.0,0.0,0.0));
#1772=VECTOR('',#1771,0.011811023622048);
#1773=LINE('',#1770,#1772);
#1774=EDGE_CURVE('',#1769,#1745,#1773,.T.);
#1775=ORIENTED_EDGE('',*,*,#1774,.F.);
#1776=CARTESIAN_POINT('',(0.055905511811024,0.002755905511811,-0.090157480314961));
#1777=DIRECTION('',(0.0,-1.0,0.0));
#1778=VECTOR('',#1777,0.001968503937008);
#1779=LINE('',#1776,#1778);
#1780=EDGE_CURVE('',#1769,#1707,#1779,.T.);
#1781=ORIENTED_EDGE('',*,*,#1780,.T.);
#1782=ORIENTED_EDGE('',*,*,#1712,.F.);
#1783=ORIENTED_EDGE('',*,*,#1757,.F.);
#1784=EDGE_LOOP('',(#1775,#1781,#1782,#1783));
#1785=FACE_OUTER_BOUND('',#1784,.T.);
#1786=ADVANCED_FACE('',(#1785),#1767,.F.);
#1787=CARTESIAN_POINT('',(0.055905511811024,0.002854330708661,-0.090153372120384));
#1788=DIRECTION('',(1.0,0.0,0.0));
#1789=DIRECTION('',(0.0,0.0,-1.0));
#1790=AXIS2_PLACEMENT_3D('',#1787,#1788,#1789);
#1791=PLANE('',#1790);
#1792=CARTESIAN_POINT('',(0.055905511811024,0.002755905511811,-0.113779527559055));
#1793=DIRECTION('',(-1.0,0.0,0.0));
#1794=DIRECTION('',(0.0,-1.0,0.0));
#1795=AXIS2_PLACEMENT_3D('',#1792,#1793,#1794);
#1796=CIRCLE('',#1795,0.023622047244094);
#1797=EDGE_CURVE('',#1715,#1769,#1796,.T.);
#1798=ORIENTED_EDGE('',*,*,#1797,.F.);
#1799=ORIENTED_EDGE('',*,*,#1720,.F.);
#1800=ORIENTED_EDGE('',*,*,#1780,.F.);
#1801=EDGE_LOOP('',(#1798,#1799,#1800));
#1802=FACE_OUTER_BOUND('',#1801,.T.);
#1803=ADVANCED_FACE('',(#1802),#1791,.F.);
#1804=CARTESIAN_POINT('',(0.066566083081808,0.019260240185694,-0.08181893394979));
#1805=DIRECTION('',(0.939692620785908,-0.342020143325669,9.314896E-017));
#1806=DIRECTION('',(0.0,0.0,-1.0));
#1807=AXIS2_PLACEMENT_3D('',#1804,#1805,#1806);
#1808=PLANE('',#1807);
#1809=ORIENTED_EDGE('',*,*,#1523,.F.);
#1810=CARTESIAN_POINT('',(0.066290811237,0.018503937007874,-0.083471758136173));
#1811=DIRECTION('',(0.0,0.0,-1.0));
#1812=VECTOR('',#1811,0.033056483727654);
#1813=LINE('',#1810,#1812);
#1814=EDGE_CURVE('',#1457,#1509,#1813,.T.);
#1815=ORIENTED_EDGE('',*,*,#1814,.F.);
#1816=ORIENTED_EDGE('',*,*,#1476,.F.);
#1817=ORIENTED_EDGE('',*,*,#1437,.F.);
#1818=EDGE_LOOP('',(#1809,#1815,#1816,#1817));
#1819=FACE_OUTER_BOUND('',#1818,.T.);
#1820=ADVANCED_FACE('',(#1819),#1808,.T.);
#1821=CARTESIAN_POINT('',(0.063850357388792,0.002621570273654,-0.085552889629941));
#1822=DIRECTION('',(0.0,-0.342020143325669,0.939692620785908));
#1823=DIRECTION('',(1.0,0.0,0.0));
#1824=AXIS2_PLACEMENT_3D('',#1821,#1822,#1823);
#1825=PLANE('',#1824);
#1826=ORIENTED_EDGE('',*,*,#1469,.F.);
#1827=CARTESIAN_POINT('',(0.037408766010189,0.018503937007874,-0.079772180888985));
#1828=DIRECTION('',(1.0,0.0,0.0));
#1829=VECTOR('',#1828,0.025182467979622);
#1830=LINE('',#1827,#1829);
#1831=EDGE_CURVE('',#1565,#1455,#1830,.T.);
#1832=ORIENTED_EDGE('',*,*,#1831,.F.);
#1833=ORIENTED_EDGE('',*,*,#1584,.F.);
#1834=ORIENTED_EDGE('',*,*,#1491,.F.);
#1835=EDGE_LOOP('',(#1826,#1832,#1833,#1834));
#1836=FACE_OUTER_BOUND('',#1835,.T.);
#1837=ADVANCED_FACE('',(#1836),#1825,.T.);
#1838=CARTESIAN_POINT('',(0.056496062992126,0.002755905511811,-0.113779527559055));
#1839=DIRECTION('',(-1.0,0.0,0.0));
#1840=DIRECTION('',(0.0,1.0,0.0));
#1841=AXIS2_PLACEMENT_3D('',#1838,#1839,#1840);
#1842=CYLINDRICAL_SURFACE('',#1841,0.003937007874016);
#1843=ORIENTED_EDGE('',*,*,#1734,.T.);
#1844=CARTESIAN_POINT('',(0.055905511811024,-0.001181102362205,-0.113779527559055));
#1845=VERTEX_POINT('',#1844);
#1846=CARTESIAN_POINT('',(0.055905511811024,0.002755905511811,-0.113779527559055));
#1847=DIRECTION('',(1.0,0.0,0.0));
#1848=DIRECTION('',(0.0,1.0,0.0));
#1849=AXIS2_PLACEMENT_3D('',#1846,#1847,#1848);
#1850=CIRCLE('',#1849,0.003937007874016);
#1851=EDGE_CURVE('',#1723,#1845,#1850,.T.);
#1852=ORIENTED_EDGE('',*,*,#1851,.T.);
#1853=CARTESIAN_POINT('',(0.044094488188976,-0.001181102362205,-0.113779527559055));
#1854=VERTEX_POINT('',#1853);
#1855=CARTESIAN_POINT('',(0.055905511811024,-0.001181102362205,-0.113779527559055));
#1856=DIRECTION('',(-1.0,0.0,0.0));
#1857=VECTOR('',#1856,0.011811023622048);
#1858=LINE('',#1855,#1857);
#1859=EDGE_CURVE('',#1845,#1854,#1858,.T.);
#1860=ORIENTED_EDGE('',*,*,#1859,.T.);
#1861=CARTESIAN_POINT('',(0.044094488188976,0.002755905511811,-0.113779527559055));
#1862=DIRECTION('',(-1.0,0.0,0.0));
#1863=DIRECTION('',(0.0,1.0,0.0));
#1864=AXIS2_PLACEMENT_3D('',#1861,#1862,#1863);
#1865=CIRCLE('',#1864,0.003937007874016);
#1866=EDGE_CURVE('',#1854,#1691,#1865,.T.);
#1867=ORIENTED_EDGE('',*,*,#1866,.T.);
#1868=EDGE_LOOP('',(#1843,#1852,#1860,#1867));
#1869=FACE_OUTER_BOUND('',#1868,.T.);
#1870=ADVANCED_FACE('',(#1869),#1842,.F.);
#1871=CARTESIAN_POINT('',(0.055905511811024,-0.021948818897637,-0.081562650038865));
#1872=DIRECTION('',(-1.0,0.0,0.0));
#1873=DIRECTION('',(0.0,0.0,1.0));
#1874=AXIS2_PLACEMENT_3D('',#1871,#1872,#1873);
#1875=PLANE('',#1874);
#1876=ORIENTED_EDGE('',*,*,#1728,.T.);
#1877=CARTESIAN_POINT('',(0.055905511811024,-0.020866141732283,-0.113779527559055));
#1878=VERTEX_POINT('',#1877);
#1879=CARTESIAN_POINT('',(0.055905511811024,0.002755905511811,-0.113779527559055));
#1880=DIRECTION('',(-1.0,0.0,0.0));
#1881=DIRECTION('',(0.0,-1.0,0.0));
#1882=AXIS2_PLACEMENT_3D('',#1879,#1880,#1881);
#1883=CIRCLE('',#1882,0.023622047244094);
#1884=EDGE_CURVE('',#1878,#1715,#1883,.T.);
#1885=ORIENTED_EDGE('',*,*,#1884,.F.);
#1886=CARTESIAN_POINT('',(0.055905511811024,-0.020866141732283,-0.263779527559055));
#1887=VERTEX_POINT('',#1886);
#1888=CARTESIAN_POINT('',(0.055905511811024,-0.020866141732283,-0.263779527559055));
#1889=DIRECTION('',(0.0,0.0,1.0));
#1890=VECTOR('',#1889,0.15);
#1891=LINE('',#1888,#1890);
#1892=EDGE_CURVE('',#1887,#1878,#1891,.T.);
#1893=ORIENTED_EDGE('',*,*,#1892,.F.);
#1894=CARTESIAN_POINT('',(0.055905511811024,-0.001181102362205,-0.263779527559055));
#1895=VERTEX_POINT('',#1894);
#1896=CARTESIAN_POINT('',(0.055905511811024,-0.001181102362205,-0.263779527559055));
#1897=DIRECTION('',(0.0,-1.0,0.0));
#1898=VECTOR('',#1897,0.019685039370078);
#1899=LINE('',#1896,#1898);
#1900=EDGE_CURVE('',#1895,#1887,#1899,.T.);
#1901=ORIENTED_EDGE('',*,*,#1900,.F.);
#1902=CARTESIAN_POINT('',(0.055905511811024,-0.001181102362205,-0.113779527559055));
#1903=DIRECTION('',(0.0,0.0,-1.0));
#1904=VECTOR('',#1903,0.15);
#1905=LINE('',#1902,#1904);
#1906=EDGE_CURVE('',#1845,#1895,#1905,.T.);
#1907=ORIENTED_EDGE('',*,*,#1906,.F.);
#1908=ORIENTED_EDGE('',*,*,#1851,.F.);
#1909=EDGE_LOOP('',(#1876,#1885,#1893,#1901,#1907,#1908));
#1910=FACE_OUTER_BOUND('',#1909,.T.);
#1911=ADVANCED_FACE('',(#1910),#1875,.F.);
#1912=CARTESIAN_POINT('',(0.056496062992126,0.002755905511811,-0.113779527559055));
#1913=DIRECTION('',(-1.0,0.0,0.0));
#1914=DIRECTION('',(0.0,0.707106781186547,-0.707106781186548));
#1915=AXIS2_PLACEMENT_3D('',#1912,#1913,#1914);
#1916=CYLINDRICAL_SURFACE('',#1915,0.023622047244094);
#1917=ORIENTED_EDGE('',*,*,#1751,.T.);
#1918=CARTESIAN_POINT('',(0.044094488188976,-0.020866141732283,-0.113779527559055));
#1919=VERTEX_POINT('',#1918);
#1920=CARTESIAN_POINT('',(0.044094488188976,0.002755905511811,-0.113779527559055));
#1921=DIRECTION('',(1.0,0.0,0.0));
#1922=DIRECTION('',(0.0,-1.0,0.0));
#1923=AXIS2_PLACEMENT_3D('',#1920,#1921,#1922);
#1924=CIRCLE('',#1923,0.023622047244094);
#1925=EDGE_CURVE('',#1689,#1919,#1924,.T.);
#1926=ORIENTED_EDGE('',*,*,#1925,.T.);
#1927=CARTESIAN_POINT('',(0.055905511811024,-0.020866141732283,-0.113779527559055));
#1928=DIRECTION('',(-1.0,0.0,0.0));
#1929=VECTOR('',#1928,0.011811023622048);
#1930=LINE('',#1927,#1929);
#1931=EDGE_CURVE('',#1878,#1919,#1930,.T.);
#1932=ORIENTED_EDGE('',*,*,#1931,.F.);
#1933=ORIENTED_EDGE('',*,*,#1884,.T.);
#1934=ORIENTED_EDGE('',*,*,#1797,.T.);
#1935=ORIENTED_EDGE('',*,*,#1774,.T.);
#1936=EDGE_LOOP('',(#1917,#1926,#1932,#1933,#1934,#1935));
#1937=FACE_OUTER_BOUND('',#1936,.T.);
#1938=ADVANCED_FACE('',(#1937),#1916,.T.);
#1939=CARTESIAN_POINT('',(0.056496062992126,-0.020866141732283,-0.106279527559055));
#1940=DIRECTION('',(0.0,-1.0,0.0));
#1941=DIRECTION('',(0.0,0.0,-1.0));
#1942=AXIS2_PLACEMENT_3D('',#1939,#1940,#1941);
#1943=PLANE('',#1942);
#1944=CARTESIAN_POINT('',(0.044094488188976,-0.020866141732283,-0.263779527559055));
#1945=VERTEX_POINT('',#1944);
#1946=CARTESIAN_POINT('',(0.044094488188976,-0.020866141732283,-0.113779527559055));
#1947=DIRECTION('',(0.0,0.0,-1.0));
#1948=VECTOR('',#1947,0.15);
#1949=LINE('',#1946,#1948);
#1950=EDGE_CURVE('',#1919,#1945,#1949,.T.);
#1951=ORIENTED_EDGE('',*,*,#1950,.T.);
#1952=CARTESIAN_POINT('',(0.055905511811024,-0.020866141732283,-0.263779527559055));
#1953=DIRECTION('',(-1.0,0.0,0.0));
#1954=VECTOR('',#1953,0.011811023622048);
#1955=LINE('',#1952,#1954);
#1956=EDGE_CURVE('',#1887,#1945,#1955,.T.);
#1957=ORIENTED_EDGE('',*,*,#1956,.F.);
#1958=ORIENTED_EDGE('',*,*,#1892,.T.);
#1959=ORIENTED_EDGE('',*,*,#1931,.T.);
#1960=EDGE_LOOP('',(#1951,#1957,#1958,#1959));
#1961=FACE_OUTER_BOUND('',#1960,.T.);
#1962=ADVANCED_FACE('',(#1961),#1943,.T.);
#1963=CARTESIAN_POINT('',(0.056496062992126,-0.000196850393701,-0.263779527559055));
#1964=DIRECTION('',(0.0,0.0,-1.0));
#1965=DIRECTION('',(-1.0,0.0,0.0));
#1966=AXIS2_PLACEMENT_3D('',#1963,#1964,#1965);
#1967=PLANE('',#1966);
#1968=CARTESIAN_POINT('',(0.044094488188976,-0.001181102362205,-0.263779527559055));
#1969=VERTEX_POINT('',#1968);
#1970=CARTESIAN_POINT('',(0.044094488188976,-0.020866141732283,-0.263779527559055));
#1971=DIRECTION('',(0.0,1.0,0.0));
#1972=VECTOR('',#1971,0.019685039370078);
#1973=LINE('',#1970,#1972);
#1974=EDGE_CURVE('',#1945,#1969,#1973,.T.);
#1975=ORIENTED_EDGE('',*,*,#1974,.T.);
#1976=CARTESIAN_POINT('',(0.055905511811024,-0.001181102362205,-0.263779527559055));
#1977=DIRECTION('',(-1.0,0.0,0.0));
#1978=VECTOR('',#1977,0.011811023622048);
#1979=LINE('',#1976,#1978);
#1980=EDGE_CURVE('',#1895,#1969,#1979,.T.);
#1981=ORIENTED_EDGE('',*,*,#1980,.F.);
#1982=ORIENTED_EDGE('',*,*,#1900,.T.);
#1983=ORIENTED_EDGE('',*,*,#1956,.T.);
#1984=EDGE_LOOP('',(#1975,#1981,#1982,#1983));
#1985=FACE_OUTER_BOUND('',#1984,.T.);
#1986=ADVANCED_FACE('',(#1985),#1967,.T.);
#1987=CARTESIAN_POINT('',(0.043503937007874,-0.001181102362205,-0.106279527559055));
#1988=DIRECTION('',(0.0,1.0,0.0));
#1989=DIRECTION('',(0.0,0.0,1.0));
#1990=AXIS2_PLACEMENT_3D('',#1987,#1988,#1989);
#1991=PLANE('',#1990);
#1992=CARTESIAN_POINT('',(0.044094488188976,-0.001181102362205,-0.263779527559055));
#1993=DIRECTION('',(0.0,0.0,1.0));
#1994=VECTOR('',#1993,0.15);
#1995=LINE('',#1992,#1994);
#1996=EDGE_CURVE('',#1969,#1854,#1995,.T.);
#1997=ORIENTED_EDGE('',*,*,#1996,.T.);
#1998=ORIENTED_EDGE('',*,*,#1859,.F.);
#1999=ORIENTED_EDGE('',*,*,#1906,.T.);
#2000=ORIENTED_EDGE('',*,*,#1980,.T.);
#2001=EDGE_LOOP('',(#1997,#1998,#1999,#2000));
#2002=FACE_OUTER_BOUND('',#2001,.T.);
#2003=ADVANCED_FACE('',(#2002),#1991,.T.);
#2004=CARTESIAN_POINT('',(0.044094488188976,-0.021948818897637,-0.081562650038865));
#2005=DIRECTION('',(-1.0,0.0,0.0));
#2006=DIRECTION('',(0.0,0.0,1.0));
#2007=AXIS2_PLACEMENT_3D('',#2004,#2005,#2006);
#2008=PLANE('',#2007);
#2009=ORIENTED_EDGE('',*,*,#1696,.T.);
#2010=ORIENTED_EDGE('',*,*,#1866,.F.);
#2011=ORIENTED_EDGE('',*,*,#1996,.F.);
#2012=ORIENTED_EDGE('',*,*,#1974,.F.);
#2013=ORIENTED_EDGE('',*,*,#1950,.F.);
#2014=ORIENTED_EDGE('',*,*,#1925,.F.);
#2015=EDGE_LOOP('',(#2009,#2010,#2011,#2012,#2013,#2014));
#2016=FACE_OUTER_BOUND('',#2015,.T.);
#2017=ADVANCED_FACE('',(#2016),#2008,.T.);
#2018=CARTESIAN_POINT('',(0.057085797093663,0.004724409448819,-0.011022804967678));
#2019=DIRECTION('',(0.0,0.0,1.0));
#2020=DIRECTION('',(1.0,0.0,0.0));
#2021=AXIS2_PLACEMENT_3D('',#2018,#2019,#2020);
#2022=SPHERICAL_SURFACE('',#2021,0.003937007874016);
#2023=CARTESIAN_POINT('',(0.057085797093663,0.003377873451474,-0.014722382214867));
#2024=VERTEX_POINT('',#2023);
#2025=CARTESIAN_POINT('',(0.060785374340852,0.003377873451474,-0.011022804967678));
#2026=VERTEX_POINT('',#2025);
#2027=CARTESIAN_POINT('',(0.057085797093663,0.004724409448819,-0.011022804967678));
#2028=DIRECTION('',(-0.323615577118188,-0.889126490715987,0.323615577118184));
#2029=DIRECTION('',(0.62870737091787,-0.457661538155735,-0.628707370917875));
#2030=AXIS2_PLACEMENT_3D('',#2027,#2028,#2029);
#2031=CIRCLE('',#2030,0.003937007874016);
#2032=EDGE_CURVE('',#2024,#2026,#2031,.T.);
#2033=ORIENTED_EDGE('',*,*,#2032,.T.);
#2034=CARTESIAN_POINT('',(0.057085797093663,0.000787401574803,-0.011022804967678));
#2035=VERTEX_POINT('',#2034);
#2036=CARTESIAN_POINT('',(0.057085797093663,0.004724409448819,-0.011022804967678));
#2037=DIRECTION('',(0.0,0.0,1.0));
#2038=DIRECTION('',(0.0,-1.0,0.0));
#2039=AXIS2_PLACEMENT_3D('',#2036,#2037,#2038);
#2040=CIRCLE('',#2039,0.003937007874016);
#2041=EDGE_CURVE('',#2035,#2026,#2040,.T.);
#2042=ORIENTED_EDGE('',*,*,#2041,.F.);
#2043=CARTESIAN_POINT('',(0.057085797093663,0.004724409448819,-0.011022804967678));
#2044=DIRECTION('',(1.0,0.0,0.0));
#2045=DIRECTION('',(0.0,-0.819152044288993,-0.573576436351044));
#2046=AXIS2_PLACEMENT_3D('',#2043,#2044,#2045);
#2047=CIRCLE('',#2046,0.003937007874016);
#2048=EDGE_CURVE('',#2035,#2024,#2047,.T.);
#2049=ORIENTED_EDGE('',*,*,#2048,.T.);
#2050=EDGE_LOOP('',(#2033,#2042,#2049));
#2051=FACE_OUTER_BOUND('',#2050,.T.);
#2052=ADVANCED_FACE('',(#2051),#2022,.T.);
#2053=CARTESIAN_POINT('',(0.042914202906337,0.004724409448819,-0.011022804967678));
#2054=DIRECTION('',(0.0,0.0,1.0));
#2055=DIRECTION('',(1.0,0.0,0.0));
#2056=AXIS2_PLACEMENT_3D('',#2053,#2054,#2055);
#2057=SPHERICAL_SURFACE('',#2056,0.003937007874016);
#2058=CARTESIAN_POINT('',(0.042914202906337,0.003377873451474,-0.014722382214867));
#2059=VERTEX_POINT('',#2058);
#2060=CARTESIAN_POINT('',(0.042914202906337,0.000787401574803,-0.011022804967678));
#2061=VERTEX_POINT('',#2060);
#2062=CARTESIAN_POINT('',(0.042914202906337,0.004724409448819,-0.011022804967678));
#2063=DIRECTION('',(-1.0,0.0,0.0));
#2064=DIRECTION('',(0.0,-0.81915204428899,-0.573576436351049));
#2065=AXIS2_PLACEMENT_3D('',#2062,#2063,#2064);
#2066=CIRCLE('',#2065,0.003937007874016);
#2067=EDGE_CURVE('',#2059,#2061,#2066,.T.);
#2068=ORIENTED_EDGE('',*,*,#2067,.T.);
#2069=CARTESIAN_POINT('',(0.039214625659149,0.003377873451474,-0.011022804967678));
#2070=VERTEX_POINT('',#2069);
#2071=CARTESIAN_POINT('',(0.042914202906337,0.004724409448819,-0.011022804967678));
#2072=DIRECTION('',(0.0,0.0,1.0));
#2073=DIRECTION('',(-0.939692620785909,-0.342020143325668,0.0));
#2074=AXIS2_PLACEMENT_3D('',#2071,#2072,#2073);
#2075=CIRCLE('',#2074,0.003937007874016);
#2076=EDGE_CURVE('',#2070,#2061,#2075,.T.);
#2077=ORIENTED_EDGE('',*,*,#2076,.F.);
#2078=CARTESIAN_POINT('',(0.042914202906337,0.004724409448819,-0.011022804967678));
#2079=DIRECTION('',(0.323615577118184,-0.889126490715989,0.323615577118183));
#2080=DIRECTION('',(-0.628707370917871,-0.457661538155731,-0.628707370917876));
#2081=AXIS2_PLACEMENT_3D('',#2078,#2079,#2080);
#2082=CIRCLE('',#2081,0.003937007874016);
#2083=EDGE_CURVE('',#2070,#2059,#2082,.T.);
#2084=ORIENTED_EDGE('',*,*,#2083,.T.);
#2085=EDGE_LOOP('',(#2068,#2077,#2084));
#2086=FACE_OUTER_BOUND('',#2085,.T.);
#2087=ADVANCED_FACE('',(#2086),#2057,.T.);
#2088=CARTESIAN_POINT('',(0.057085797093663,0.004724409448819,0.011022804967678));
#2089=DIRECTION('',(0.0,0.0,1.0));
#2090=DIRECTION('',(1.0,0.0,0.0));
#2091=AXIS2_PLACEMENT_3D('',#2088,#2089,#2090);
#2092=SPHERICAL_SURFACE('',#2091,0.003937007874016);
#2093=CARTESIAN_POINT('',(0.060785374340851,0.003377873451474,0.011022804967678));
#2094=VERTEX_POINT('',#2093);
#2095=CARTESIAN_POINT('',(0.057085797093663,0.003377873451474,0.014722382214867));
#2096=VERTEX_POINT('',#2095);
#2097=CARTESIAN_POINT('',(0.057085797093663,0.004724409448819,0.011022804967678));
#2098=DIRECTION('',(-0.323615577118185,-0.889126490715987,-0.323615577118188));
#2099=DIRECTION('',(0.628707370917873,-0.457661538155736,0.628707370917871));
#2100=AXIS2_PLACEMENT_3D('',#2097,#2098,#2099);
#2101=CIRCLE('',#2100,0.003937007874016);
#2102=EDGE_CURVE('',#2094,#2096,#2101,.T.);
#2103=ORIENTED_EDGE('',*,*,#2102,.T.);
#2104=CARTESIAN_POINT('',(0.057085797093663,0.000787401574803,0.011022804967678));
#2105=VERTEX_POINT('',#2104);
#2106=CARTESIAN_POINT('',(0.057085797093663,0.004724409448819,0.011022804967678));
#2107=DIRECTION('',(-1.0,0.0,0.0));
#2108=DIRECTION('',(0.0,-1.0,0.0));
#2109=AXIS2_PLACEMENT_3D('',#2106,#2107,#2108);
#2110=CIRCLE('',#2109,0.003937007874016);
#2111=EDGE_CURVE('',#2105,#2096,#2110,.T.);
#2112=ORIENTED_EDGE('',*,*,#2111,.F.);
#2113=CARTESIAN_POINT('',(0.057085797093663,0.004724409448819,0.011022804967678));
#2114=DIRECTION('',(0.0,0.0,1.0));
#2115=DIRECTION('',(0.573576436351046,-0.819152044288992,0.0));
#2116=AXIS2_PLACEMENT_3D('',#2113,#2114,#2115);
#2117=CIRCLE('',#2116,0.003937007874016);
#2118=EDGE_CURVE('',#2105,#2094,#2117,.T.);
#2119=ORIENTED_EDGE('',*,*,#2118,.T.);
#2120=EDGE_LOOP('',(#2103,#2112,#2119));
#2121=FACE_OUTER_BOUND('',#2120,.T.);
#2122=ADVANCED_FACE('',(#2121),#2092,.T.);
#2123=CARTESIAN_POINT('',(0.042914202906337,0.004724409448819,0.011022804967678));
#2124=DIRECTION('',(0.0,0.0,1.0));
#2125=DIRECTION('',(1.0,0.0,0.0));
#2126=AXIS2_PLACEMENT_3D('',#2123,#2124,#2125);
#2127=SPHERICAL_SURFACE('',#2126,0.003937007874016);
#2128=CARTESIAN_POINT('',(0.039214625659148,0.003377873451474,0.011022804967678));
#2129=VERTEX_POINT('',#2128);
#2130=CARTESIAN_POINT('',(0.042914202906337,0.000787401574803,0.011022804967678));
#2131=VERTEX_POINT('',#2130);
#2132=CARTESIAN_POINT('',(0.042914202906337,0.004724409448819,0.011022804967678));
#2133=DIRECTION('',(0.0,0.0,1.0));
#2134=DIRECTION('',(-0.573576436351046,-0.819152044288992,0.0));
#2135=AXIS2_PLACEMENT_3D('',#2132,#2133,#2134);
#2136=CIRCLE('',#2135,0.003937007874016);
#2137=EDGE_CURVE('',#2129,#2131,#2136,.T.);
#2138=ORIENTED_EDGE('',*,*,#2137,.T.);
#2139=CARTESIAN_POINT('',(0.042914202906337,0.003377873451474,0.014722382214867));
#2140=VERTEX_POINT('',#2139);
#2141=CARTESIAN_POINT('',(0.042914202906337,0.004724409448819,0.011022804967678));
#2142=DIRECTION('',(1.0,0.0,0.0));
#2143=DIRECTION('',(0.0,-0.342020143325669,0.939692620785908));
#2144=AXIS2_PLACEMENT_3D('',#2141,#2142,#2143);
#2145=CIRCLE('',#2144,0.003937007874016);
#2146=EDGE_CURVE('',#2140,#2131,#2145,.T.);
#2147=ORIENTED_EDGE('',*,*,#2146,.F.);
#2148=CARTESIAN_POINT('',(0.042914202906337,0.004724409448819,0.011022804967678));
#2149=DIRECTION('',(0.323615577118183,-0.889126490715989,-0.323615577118184));
#2150=DIRECTION('',(-0.628707370917872,-0.457661538155731,0.628707370917876));
#2151=AXIS2_PLACEMENT_3D('',#2148,#2149,#2150);
#2152=CIRCLE('',#2151,0.003937007874016);
#2153=EDGE_CURVE('',#2140,#2129,#2152,.T.);
#2154=ORIENTED_EDGE('',*,*,#2153,.T.);
#2155=EDGE_LOOP('',(#2138,#2147,#2154));
#2156=FACE_OUTER_BOUND('',#2155,.T.);
#2157=ADVANCED_FACE('',(#2156),#2127,.T.);
#2158=CARTESIAN_POINT('',(0.042205623196971,0.004724409448819,0.011022804967678));
#2159=DIRECTION('',(1.0,0.0,0.0));
#2160=DIRECTION('',(0.0,0.819152044288991,-0.573576436351046));
#2161=AXIS2_PLACEMENT_3D('',#2158,#2159,#2160);
#2162=CYLINDRICAL_SURFACE('',#2161,0.003937007874016);
#2163=ORIENTED_EDGE('',*,*,#2111,.T.);
#2164=CARTESIAN_POINT('',(0.057085797093663,0.003377873451474,0.014722382214867));
#2165=DIRECTION('',(-1.0,0.0,0.0));
#2166=VECTOR('',#2165,0.014171594187326);
#2167=LINE('',#2164,#2166);
#2168=EDGE_CURVE('',#2096,#2140,#2167,.T.);
#2169=ORIENTED_EDGE('',*,*,#2168,.T.);
#2170=ORIENTED_EDGE('',*,*,#2146,.T.);
#2171=CARTESIAN_POINT('',(0.042914202906337,0.000787401574803,0.011022804967678));
#2172=DIRECTION('',(1.0,0.0,0.0));
#2173=VECTOR('',#2172,0.014171594187326);
#2174=LINE('',#2171,#2173);
#2175=EDGE_CURVE('',#2131,#2105,#2174,.T.);
#2176=ORIENTED_EDGE('',*,*,#2175,.T.);
#2177=EDGE_LOOP('',(#2163,#2169,#2170,#2176));
#2178=FACE_OUTER_BOUND('',#2177,.T.);
#2179=ADVANCED_FACE('',(#2178),#2162,.T.);
#2180=CARTESIAN_POINT('',(0.036961743923907,0.021078656093276,0.016975263950108));
#2181=DIRECTION('',(0.323615577118185,-0.889126490715988,-0.323615577118185));
#2182=DIRECTION('',(0.628707370917834,0.457661538155734,-0.628707370917912));
#2183=AXIS2_PLACEMENT_3D('',#2180,#2181,#2182);
#2184=CYLINDRICAL_SURFACE('',#2183,0.003937007874016);
#2185=CARTESIAN_POINT('',(0.033709188763,0.018503937007874,0.016528241863827));
#2186=VERTEX_POINT('',#2185);
#2187=CARTESIAN_POINT('',(0.037408766010189,0.018503937007874,0.020227819111015));
#2188=VERTEX_POINT('',#2187);
#2189=CARTESIAN_POINT('',(0.037898865032591,0.018503937007874,0.016038142841425));
#2190=DIRECTION('',(0.0,1.0,0.0));
#2191=DIRECTION('',(-0.707106781186549,0.0,0.707106781186546));
#2192=AXIS2_PLACEMENT_3D('',#2189,#2190,#2191);
#2193=ELLIPSE('',#2192,0.004427950258062,0.003937007874016);
#2194=EDGE_CURVE('',#2186,#2188,#2193,.T.);
#2195=ORIENTED_EDGE('',*,*,#2194,.F.);
#2196=CARTESIAN_POINT('',(0.033709188763,0.018503937007874,0.016528241863827));
#2197=DIRECTION('',(0.323615577118185,-0.889126490715988,-0.323615577118185));
#2198=VECTOR('',#2197,0.017012274085119);
#2199=LINE('',#2196,#2198);
#2200=EDGE_CURVE('',#2186,#2129,#2199,.T.);
#2201=ORIENTED_EDGE('',*,*,#2200,.T.);
#2202=ORIENTED_EDGE('',*,*,#2153,.F.);
#2203=CARTESIAN_POINT('',(0.042914202906337,0.003377873451474,0.014722382214867));
#2204=DIRECTION('',(-0.323615577118185,0.889126490715988,0.323615577118186));
#2205=VECTOR('',#2204,0.017012274085118);
#2206=LINE('',#2203,#2205);
#2207=EDGE_CURVE('',#2140,#2188,#2206,.T.);
#2208=ORIENTED_EDGE('',*,*,#2207,.T.);
#2209=EDGE_LOOP('',(#2195,#2201,#2202,#2208));
#2210=FACE_OUTER_BOUND('',#2209,.T.);
#2211=ADVANCED_FACE('',(#2210),#2184,.T.);
#2212=CARTESIAN_POINT('',(0.042914202906337,0.004724409448819,-0.012125085464446));
#2213=DIRECTION('',(0.0,0.0,1.0));
#2214=DIRECTION('',(0.573576436351046,0.819152044288992,0.0));
#2215=AXIS2_PLACEMENT_3D('',#2212,#2213,#2214);
#2216=CYLINDRICAL_SURFACE('',#2215,0.003937007874016);
#2217=ORIENTED_EDGE('',*,*,#2137,.F.);
#2218=CARTESIAN_POINT('',(0.039214625659149,0.003377873451474,0.011022804967678));
#2219=DIRECTION('',(0.0,0.0,-1.0));
#2220=VECTOR('',#2219,0.022045609935356);
#2221=LINE('',#2218,#2220);
#2222=EDGE_CURVE('',#2129,#2070,#2221,.T.);
#2223=ORIENTED_EDGE('',*,*,#2222,.T.);
#2224=ORIENTED_EDGE('',*,*,#2076,.T.);
#2225=CARTESIAN_POINT('',(0.042914202906337,0.000787401574803,-0.011022804967678));
#2226=DIRECTION('',(0.0,0.0,1.0));
#2227=VECTOR('',#2226,0.022045609935356);
#2228=LINE('',#2225,#2227);
#2229=EDGE_CURVE('',#2061,#2131,#2228,.T.);
#2230=ORIENTED_EDGE('',*,*,#2229,.T.);
#2231=EDGE_LOOP('',(#2217,#2223,#2224,#2230));
#2232=FACE_OUTER_BOUND('',#2231,.T.);
#2233=ADVANCED_FACE('',(#2232),#2216,.T.);
#2234=CARTESIAN_POINT('',(0.063038256076093,0.021078656093276,0.016975263950109));
#2235=DIRECTION('',(-0.323615577118185,-0.889126490715988,-0.323615577118185));
#2236=DIRECTION('',(-0.628707370917911,0.457661538155734,-0.628707370917835));
#2237=AXIS2_PLACEMENT_3D('',#2234,#2235,#2236);
#2238=CYLINDRICAL_SURFACE('',#2237,0.003937007874016);
#2239=CARTESIAN_POINT('',(0.062591233989811,0.018503937007874,0.020227819111015));
#2240=VERTEX_POINT('',#2239);
#2241=CARTESIAN_POINT('',(0.066290811237,0.018503937007874,0.016528241863827));
#2242=VERTEX_POINT('',#2241);
#2243=CARTESIAN_POINT('',(0.062101134967409,0.018503937007874,0.016038142841425));
#2244=DIRECTION('',(0.0,1.0,0.0));
#2245=DIRECTION('',(0.707106781186549,0.0,0.707106781186546));
#2246=AXIS2_PLACEMENT_3D('',#2243,#2244,#2245);
#2247=ELLIPSE('',#2246,0.004427950258062,0.003937007874016);
#2248=EDGE_CURVE('',#2240,#2242,#2247,.T.);
#2249=ORIENTED_EDGE('',*,*,#2248,.F.);
#2250=CARTESIAN_POINT('',(0.062591233989811,0.018503937007874,0.020227819111015));
#2251=DIRECTION('',(-0.323615577118185,-0.889126490715987,-0.323615577118187));
#2252=VECTOR('',#2251,0.017012274085118);
#2253=LINE('',#2250,#2252);
#2254=EDGE_CURVE('',#2240,#2096,#2253,.T.);
#2255=ORIENTED_EDGE('',*,*,#2254,.T.);
#2256=ORIENTED_EDGE('',*,*,#2102,.F.);
#2257=CARTESIAN_POINT('',(0.060785374340851,0.003377873451474,0.011022804967678));
#2258=DIRECTION('',(0.323615577118185,0.889126490715988,0.323615577118185));
#2259=VECTOR('',#2258,0.017012274085119);
#2260=LINE('',#2257,#2259);
#2261=EDGE_CURVE('',#2094,#2242,#2260,.T.);
#2262=ORIENTED_EDGE('',*,*,#2261,.T.);
#2263=EDGE_LOOP('',(#2249,#2255,#2256,#2262));
#2264=FACE_OUTER_BOUND('',#2263,.T.);
#2265=ADVANCED_FACE('',(#2264),#2238,.T.);
#2266=CARTESIAN_POINT('',(0.057085797093663,0.004724409448819,0.012125085464446));
#2267=DIRECTION('',(0.0,0.0,-1.0));
#2268=DIRECTION('',(-0.57357643635104,0.819152044288996,0.0));
#2269=AXIS2_PLACEMENT_3D('',#2266,#2267,#2268);
#2270=CYLINDRICAL_SURFACE('',#2269,0.003937007874016);
#2271=ORIENTED_EDGE('',*,*,#2041,.T.);
#2272=CARTESIAN_POINT('',(0.060785374340851,0.003377873451474,-0.011022804967678));
#2273=DIRECTION('',(0.0,0.0,1.0));
#2274=VECTOR('',#2273,0.022045609935356);
#2275=LINE('',#2272,#2274);
#2276=EDGE_CURVE('',#2026,#2094,#2275,.T.);
#2277=ORIENTED_EDGE('',*,*,#2276,.T.);
#2278=ORIENTED_EDGE('',*,*,#2118,.F.);
#2279=CARTESIAN_POINT('',(0.057085797093663,0.000787401574803,0.011022804967678));
#2280=DIRECTION('',(0.0,0.0,-1.0));
#2281=VECTOR('',#2280,0.022045609935356);
#2282=LINE('',#2279,#2281);
#2283=EDGE_CURVE('',#2105,#2035,#2282,.T.);
#2284=ORIENTED_EDGE('',*,*,#2283,.T.);
#2285=EDGE_LOOP('',(#2271,#2277,#2278,#2284));
#2286=FACE_OUTER_BOUND('',#2285,.T.);
#2287=ADVANCED_FACE('',(#2286),#2270,.T.);
#2288=CARTESIAN_POINT('',(0.036961743923907,0.021078656093276,-0.016975263950109));
#2289=DIRECTION('',(0.323615577118185,-0.889126490715988,0.323615577118185));
#2290=DIRECTION('',(0.628707370917912,0.457661538155733,0.628707370917834));
#2291=AXIS2_PLACEMENT_3D('',#2288,#2289,#2290);
#2292=CYLINDRICAL_SURFACE('',#2291,0.003937007874016);
#2293=CARTESIAN_POINT('',(0.037408766010189,0.018503937007874,-0.020227819111015));
#2294=VERTEX_POINT('',#2293);
#2295=CARTESIAN_POINT('',(0.033709188763,0.018503937007874,-0.016528241863827));
#2296=VERTEX_POINT('',#2295);
#2297=CARTESIAN_POINT('',(0.037898865032591,0.018503937007874,-0.016038142841425));
#2298=DIRECTION('',(0.0,1.0,0.0));
#2299=DIRECTION('',(-0.707106781186545,0.0,-0.70710678118655));
#2300=AXIS2_PLACEMENT_3D('',#2297,#2298,#2299);
#2301=ELLIPSE('',#2300,0.004427950258062,0.003937007874016);
#2302=EDGE_CURVE('',#2294,#2296,#2301,.T.);
#2303=ORIENTED_EDGE('',*,*,#2302,.F.);
#2304=CARTESIAN_POINT('',(0.037408766010189,0.018503937007874,-0.020227819111015));
#2305=DIRECTION('',(0.323615577118185,-0.889126490715989,0.323615577118183));
#2306=VECTOR('',#2305,0.017012274085118);
#2307=LINE('',#2304,#2306);
#2308=EDGE_CURVE('',#2294,#2059,#2307,.T.);
#2309=ORIENTED_EDGE('',*,*,#2308,.T.);
#2310=ORIENTED_EDGE('',*,*,#2083,.F.);
#2311=CARTESIAN_POINT('',(0.039214625659149,0.003377873451474,-0.011022804967678));
#2312=DIRECTION('',(-0.323615577118186,0.889126490715988,-0.323615577118184));
#2313=VECTOR('',#2312,0.017012274085119);
#2314=LINE('',#2311,#2313);
#2315=EDGE_CURVE('',#2070,#2296,#2314,.T.);
#2316=ORIENTED_EDGE('',*,*,#2315,.T.);
#2317=EDGE_LOOP('',(#2303,#2309,#2310,#2316));
#2318=FACE_OUTER_BOUND('',#2317,.T.);
#2319=ADVANCED_FACE('',(#2318),#2292,.T.);
#2320=CARTESIAN_POINT('',(0.057794376803029,0.004724409448819,-0.011022804967678));
#2321=DIRECTION('',(-1.0,0.0,0.0));
#2322=DIRECTION('',(0.0,0.819152044288972,0.573576436351075));
#2323=AXIS2_PLACEMENT_3D('',#2320,#2321,#2322);
#2324=CYLINDRICAL_SURFACE('',#2323,0.003937007874016);
#2325=ORIENTED_EDGE('',*,*,#2067,.F.);
#2326=CARTESIAN_POINT('',(0.042914202906337,0.003377873451474,-0.014722382214867));
#2327=DIRECTION('',(1.0,0.0,0.0));
#2328=VECTOR('',#2327,0.014171594187326);
#2329=LINE('',#2326,#2328);
#2330=EDGE_CURVE('',#2059,#2024,#2329,.T.);
#2331=ORIENTED_EDGE('',*,*,#2330,.T.);
#2332=ORIENTED_EDGE('',*,*,#2048,.F.);
#2333=CARTESIAN_POINT('',(0.057085797093663,0.000787401574803,-0.011022804967678));
#2334=DIRECTION('',(-1.0,0.0,0.0));
#2335=VECTOR('',#2334,0.014171594187326);
#2336=LINE('',#2333,#2335);
#2337=EDGE_CURVE('',#2035,#2061,#2336,.T.);
#2338=ORIENTED_EDGE('',*,*,#2337,.T.);
#2339=EDGE_LOOP('',(#2325,#2331,#2332,#2338));
#2340=FACE_OUTER_BOUND('',#2339,.T.);
#2341=ADVANCED_FACE('',(#2340),#2324,.T.);
#2342=CARTESIAN_POINT('',(0.063038256076093,0.021078656093276,-0.016975263950109));
#2343=DIRECTION('',(-0.323615577118185,-0.889126490715988,0.323615577118185));
#2344=DIRECTION('',(-0.628707370917929,0.457661538155734,0.628707370917817));
#2345=AXIS2_PLACEMENT_3D('',#2342,#2343,#2344);
#2346=CYLINDRICAL_SURFACE('',#2345,0.003937007874016);
#2347=CARTESIAN_POINT('',(0.066290811237,0.018503937007874,-0.016528241863827));
#2348=VERTEX_POINT('',#2347);
#2349=CARTESIAN_POINT('',(0.062591233989811,0.018503937007874,-0.020227819111015));
#2350=VERTEX_POINT('',#2349);
#2351=CARTESIAN_POINT('',(0.062101134967409,0.018503937007874,-0.016038142841425));
#2352=DIRECTION('',(0.0,1.0,0.0));
#2353=DIRECTION('',(0.707106781186546,0.0,-0.707106781186549));
#2354=AXIS2_PLACEMENT_3D('',#2351,#2352,#2353);
#2355=ELLIPSE('',#2354,0.004427950258062,0.003937007874016);
#2356=EDGE_CURVE('',#2348,#2350,#2355,.T.);
#2357=ORIENTED_EDGE('',*,*,#2356,.F.);
#2358=CARTESIAN_POINT('',(0.066290811237,0.018503937007874,-0.016528241863827));
#2359=DIRECTION('',(-0.323615577118185,-0.889126490715988,0.323615577118184));
#2360=VECTOR('',#2359,0.017012274085119);
#2361=LINE('',#2358,#2360);
#2362=EDGE_CURVE('',#2348,#2026,#2361,.T.);
#2363=ORIENTED_EDGE('',*,*,#2362,.T.);
#2364=ORIENTED_EDGE('',*,*,#2032,.F.);
#2365=CARTESIAN_POINT('',(0.057085797093663,0.003377873451474,-0.014722382214867));
#2366=DIRECTION('',(0.323615577118186,0.889126490715988,-0.323615577118184));
#2367=VECTOR('',#2366,0.017012274085118);
#2368=LINE('',#2365,#2367);
#2369=EDGE_CURVE('',#2024,#2350,#2368,.T.);
#2370=ORIENTED_EDGE('',*,*,#2369,.T.);
#2371=EDGE_LOOP('',(#2357,#2363,#2364,#2370));
#2372=FACE_OUTER_BOUND('',#2371,.T.);
#2373=ADVANCED_FACE('',(#2372),#2346,.T.);
#2374=CARTESIAN_POINT('',(0.066566083081808,0.019260240185694,0.01818106605021));
#2375=DIRECTION('',(0.939692620785908,-0.342020143325669,9.314896E-017));
#2376=DIRECTION('',(0.0,0.0,-1.0));
#2377=AXIS2_PLACEMENT_3D('',#2374,#2375,#2376);
#2378=PLANE('',#2377);
#2379=ORIENTED_EDGE('',*,*,#2261,.F.);
#2380=ORIENTED_EDGE('',*,*,#2276,.F.);
#2381=ORIENTED_EDGE('',*,*,#2362,.F.);
#2382=CARTESIAN_POINT('',(0.066290811237,0.018503937007874,0.016528241863827));
#2383=DIRECTION('',(0.0,0.0,-1.0));
#2384=VECTOR('',#2383,0.033056483727654);
#2385=LINE('',#2382,#2384);
#2386=EDGE_CURVE('',#2242,#2348,#2385,.T.);
#2387=ORIENTED_EDGE('',*,*,#2386,.F.);
#2388=EDGE_LOOP('',(#2379,#2380,#2381,#2387));
#2389=FACE_OUTER_BOUND('',#2388,.T.);
#2390=ADVANCED_FACE('',(#2389),#2378,.T.);
#2391=CARTESIAN_POINT('',(0.063850357388792,0.019260240185694,-0.020503090955822));
#2392=DIRECTION('',(0.0,-0.342020143325669,-0.939692620785908));
#2393=DIRECTION('',(-1.0,0.0,0.0));
#2394=AXIS2_PLACEMENT_3D('',#2391,#2392,#2393);
#2395=PLANE('',#2394);
#2396=ORIENTED_EDGE('',*,*,#2369,.F.);
#2397=ORIENTED_EDGE('',*,*,#2330,.F.);
#2398=ORIENTED_EDGE('',*,*,#2308,.F.);
#2399=CARTESIAN_POINT('',(0.062591233989811,0.018503937007874,-0.020227819111015));
#2400=DIRECTION('',(-1.0,0.0,0.0));
#2401=VECTOR('',#2400,0.025182467979622);
#2402=LINE('',#2399,#2401);
#2403=EDGE_CURVE('',#2350,#2294,#2402,.T.);
#2404=ORIENTED_EDGE('',*,*,#2403,.F.);
#2405=EDGE_LOOP('',(#2396,#2397,#2398,#2404));
#2406=FACE_OUTER_BOUND('',#2405,.T.);
#2407=ADVANCED_FACE('',(#2406),#2395,.T.);
#2408=CARTESIAN_POINT('',(0.057794376803029,0.000787401574803,0.012125085464446));
#2409=DIRECTION('',(0.0,-1.0,0.0));
#2410=DIRECTION('',(0.0,0.0,-1.0));
#2411=AXIS2_PLACEMENT_3D('',#2408,#2409,#2410);
#2412=PLANE('',#2411);
#2413=ORIENTED_EDGE('',*,*,#2175,.F.);
#2414=ORIENTED_EDGE('',*,*,#2229,.F.);
#2415=ORIENTED_EDGE('',*,*,#2337,.F.);
#2416=ORIENTED_EDGE('',*,*,#2283,.F.);
#2417=EDGE_LOOP('',(#2413,#2414,#2415,#2416));
#2418=FACE_OUTER_BOUND('',#2417,.T.);
#2419=CARTESIAN_POINT('',(0.044094488188976,0.000787401574803,0.009842519685039));
#2420=VERTEX_POINT('',#2419);
#2421=CARTESIAN_POINT('',(0.044094488188976,0.000787401574803,-0.009842519685039));
#2422=VERTEX_POINT('',#2421);
#2423=CARTESIAN_POINT('',(0.044094488188976,0.000787401574803,0.009842519685039));
#2424=DIRECTION('',(0.0,0.0,-1.0));
#2425=VECTOR('',#2424,0.019685039370078);
#2426=LINE('',#2423,#2425);
#2427=EDGE_CURVE('',#2420,#2422,#2426,.T.);
#2428=ORIENTED_EDGE('',*,*,#2427,.F.);
#2429=CARTESIAN_POINT('',(0.055905511811024,0.000787401574803,0.009842519685039));
#2430=VERTEX_POINT('',#2429);
#2431=CARTESIAN_POINT('',(0.055905511811024,0.000787401574803,0.009842519685039));
#2432=DIRECTION('',(-1.0,0.0,0.0));
#2433=VECTOR('',#2432,0.011811023622048);
#2434=LINE('',#2431,#2433);
#2435=EDGE_CURVE('',#2430,#2420,#2434,.T.);
#2436=ORIENTED_EDGE('',*,*,#2435,.F.);
#2437=CARTESIAN_POINT('',(0.055905511811024,0.000787401574803,-0.009842519685039));
#2438=VERTEX_POINT('',#2437);
#2439=CARTESIAN_POINT('',(0.055905511811024,0.000787401574803,-0.009842519685039));
#2440=DIRECTION('',(0.0,0.0,1.0));
#2441=VECTOR('',#2440,0.019685039370078);
#2442=LINE('',#2439,#2441);
#2443=EDGE_CURVE('',#2438,#2430,#2442,.T.);
#2444=ORIENTED_EDGE('',*,*,#2443,.F.);
#2445=CARTESIAN_POINT('',(0.044094488188976,0.000787401574803,-0.009842519685039));
#2446=DIRECTION('',(1.0,0.0,0.0));
#2447=VECTOR('',#2446,0.011811023622048);
#2448=LINE('',#2445,#2447);
#2449=EDGE_CURVE('',#2422,#2438,#2448,.T.);
#2450=ORIENTED_EDGE('',*,*,#2449,.F.);
#2451=EDGE_LOOP('',(#2428,#2436,#2444,#2450));
#2452=FACE_BOUND('',#2451,.T.);
#2453=ADVANCED_FACE('',(#2418,#2452),#2412,.T.);
#2454=CARTESIAN_POINT('',(0.063850357388792,0.002621570273654,0.014447110370059));
#2455=DIRECTION('',(0.0,-0.342020143325669,0.939692620785908));
#2456=DIRECTION('',(1.0,0.0,0.0));
#2457=AXIS2_PLACEMENT_3D('',#2454,#2455,#2456);
#2458=PLANE('',#2457);
#2459=ORIENTED_EDGE('',*,*,#2254,.F.);
#2460=CARTESIAN_POINT('',(0.037408766010189,0.018503937007874,0.020227819111015));
#2461=DIRECTION('',(1.0,0.0,0.0));
#2462=VECTOR('',#2461,0.025182467979622);
#2463=LINE('',#2460,#2462);
#2464=EDGE_CURVE('',#2188,#2240,#2463,.T.);
#2465=ORIENTED_EDGE('',*,*,#2464,.F.);
#2466=ORIENTED_EDGE('',*,*,#2207,.F.);
#2467=ORIENTED_EDGE('',*,*,#2168,.F.);
#2468=EDGE_LOOP('',(#2459,#2465,#2466,#2467));
#2469=FACE_OUTER_BOUND('',#2468,.T.);
#2470=ADVANCED_FACE('',(#2469),#2458,.T.);
#2471=CARTESIAN_POINT('',(0.056496062992126,-0.097244094488189,-0.013779527559055));
#2472=DIRECTION('',(-1.0,0.0,0.0));
#2473=DIRECTION('',(0.0,0.707106781186547,-0.707106781186548));
#2474=AXIS2_PLACEMENT_3D('',#2471,#2472,#2473);
#2475=CYLINDRICAL_SURFACE('',#2474,0.023622047244094);
#2476=CARTESIAN_POINT('',(0.044094488188976,-0.097244094488189,0.009842519685039));
#2477=VERTEX_POINT('',#2476);
#2478=CARTESIAN_POINT('',(0.044094488188976,-0.120866141732283,-0.013779527559055));
#2479=VERTEX_POINT('',#2478);
#2480=CARTESIAN_POINT('',(0.044094488188976,-0.097244094488189,-0.013779527559055));
#2481=DIRECTION('',(1.0,0.0,0.0));
#2482=DIRECTION('',(0.0,-1.0,0.0));
#2483=AXIS2_PLACEMENT_3D('',#2480,#2481,#2482);
#2484=CIRCLE('',#2483,0.023622047244094);
#2485=EDGE_CURVE('',#2477,#2479,#2484,.T.);
#2486=ORIENTED_EDGE('',*,*,#2485,.T.);
#2487=CARTESIAN_POINT('',(0.055905511811024,-0.120866141732283,-0.013779527559055));
#2488=VERTEX_POINT('',#2487);
#2489=CARTESIAN_POINT('',(0.055905511811024,-0.120866141732283,-0.013779527559055));
#2490=DIRECTION('',(-1.0,0.0,0.0));
#2491=VECTOR('',#2490,0.011811023622048);
#2492=LINE('',#2489,#2491);
#2493=EDGE_CURVE('',#2488,#2479,#2492,.T.);
#2494=ORIENTED_EDGE('',*,*,#2493,.F.);
#2495=CARTESIAN_POINT('',(0.055905511811024,-0.097244094488189,0.009842519685039));
#2496=VERTEX_POINT('',#2495);
#2497=CARTESIAN_POINT('',(0.055905511811024,-0.097244094488189,-0.013779527559055));
#2498=DIRECTION('',(-1.0,0.0,0.0));
#2499=DIRECTION('',(0.0,-1.0,0.0));
#2500=AXIS2_PLACEMENT_3D('',#2497,#2498,#2499);
#2501=CIRCLE('',#2500,0.023622047244094);
#2502=EDGE_CURVE('',#2488,#2496,#2501,.T.);
#2503=ORIENTED_EDGE('',*,*,#2502,.T.);
#2504=CARTESIAN_POINT('',(0.055905511811024,-0.097244094488189,0.009842519685039));
#2505=DIRECTION('',(-1.0,0.0,0.0));
#2506=VECTOR('',#2505,0.011811023622048);
#2507=LINE('',#2504,#2506);
#2508=EDGE_CURVE('',#2496,#2477,#2507,.T.);
#2509=ORIENTED_EDGE('',*,*,#2508,.T.);
#2510=EDGE_LOOP('',(#2486,#2494,#2503,#2509));
#2511=FACE_OUTER_BOUND('',#2510,.T.);
#2512=ADVANCED_FACE('',(#2511),#2475,.T.);
#2513=CARTESIAN_POINT('',(0.056496062992126,-0.120866141732283,-0.001279527559055));
#2514=DIRECTION('',(0.0,-1.0,0.0));
#2515=DIRECTION('',(0.0,0.0,-1.0));
#2516=AXIS2_PLACEMENT_3D('',#2513,#2514,#2515);
#2517=PLANE('',#2516);
#2518=CARTESIAN_POINT('',(0.044094488188976,-0.120866141732283,-0.263779527559055));
#2519=VERTEX_POINT('',#2518);
#2520=CARTESIAN_POINT('',(0.044094488188976,-0.120866141732283,-0.013779527559055));
#2521=DIRECTION('',(0.0,0.0,-1.0));
#2522=VECTOR('',#2521,0.25);
#2523=LINE('',#2520,#2522);
#2524=EDGE_CURVE('',#2479,#2519,#2523,.T.);
#2525=ORIENTED_EDGE('',*,*,#2524,.T.);
#2526=CARTESIAN_POINT('',(0.055905511811024,-0.120866141732283,-0.263779527559055));
#2527=VERTEX_POINT('',#2526);
#2528=CARTESIAN_POINT('',(0.055905511811024,-0.120866141732283,-0.263779527559055));
#2529=DIRECTION('',(-1.0,0.0,0.0));
#2530=VECTOR('',#2529,0.011811023622048);
#2531=LINE('',#2528,#2530);
#2532=EDGE_CURVE('',#2527,#2519,#2531,.T.);
#2533=ORIENTED_EDGE('',*,*,#2532,.F.);
#2534=CARTESIAN_POINT('',(0.055905511811024,-0.120866141732283,-0.263779527559055));
#2535=DIRECTION('',(0.0,0.0,1.0));
#2536=VECTOR('',#2535,0.25);
#2537=LINE('',#2534,#2536);
#2538=EDGE_CURVE('',#2527,#2488,#2537,.T.);
#2539=ORIENTED_EDGE('',*,*,#2538,.T.);
#2540=ORIENTED_EDGE('',*,*,#2493,.T.);
#2541=EDGE_LOOP('',(#2525,#2533,#2539,#2540));
#2542=FACE_OUTER_BOUND('',#2541,.T.);
#2543=ADVANCED_FACE('',(#2542),#2517,.T.);
#2544=CARTESIAN_POINT('',(0.056496062992126,-0.100196850393701,-0.263779527559055));
#2545=DIRECTION('',(0.0,0.0,-1.0));
#2546=DIRECTION('',(-1.0,0.0,0.0));
#2547=AXIS2_PLACEMENT_3D('',#2544,#2545,#2546);
#2548=PLANE('',#2547);
#2549=CARTESIAN_POINT('',(0.044094488188976,-0.101181102362205,-0.263779527559055));
#2550=VERTEX_POINT('',#2549);
#2551=CARTESIAN_POINT('',(0.044094488188976,-0.120866141732283,-0.263779527559055));
#2552=DIRECTION('',(0.0,1.0,0.0));
#2553=VECTOR('',#2552,0.019685039370078);
#2554=LINE('',#2551,#2553);
#2555=EDGE_CURVE('',#2519,#2550,#2554,.T.);
#2556=ORIENTED_EDGE('',*,*,#2555,.T.);
#2557=CARTESIAN_POINT('',(0.055905511811024,-0.101181102362205,-0.263779527559055));
#2558=VERTEX_POINT('',#2557);
#2559=CARTESIAN_POINT('',(0.055905511811024,-0.101181102362205,-0.263779527559055));
#2560=DIRECTION('',(-1.0,0.0,0.0));
#2561=VECTOR('',#2560,0.011811023622048);
#2562=LINE('',#2559,#2561);
#2563=EDGE_CURVE('',#2558,#2550,#2562,.T.);
#2564=ORIENTED_EDGE('',*,*,#2563,.F.);
#2565=CARTESIAN_POINT('',(0.055905511811024,-0.101181102362205,-0.263779527559055));
#2566=DIRECTION('',(0.0,-1.0,0.0));
#2567=VECTOR('',#2566,0.019685039370078);
#2568=LINE('',#2565,#2567);
#2569=EDGE_CURVE('',#2558,#2527,#2568,.T.);
#2570=ORIENTED_EDGE('',*,*,#2569,.T.);
#2571=ORIENTED_EDGE('',*,*,#2532,.T.);
#2572=EDGE_LOOP('',(#2556,#2564,#2570,#2571));
#2573=FACE_OUTER_BOUND('',#2572,.T.);
#2574=ADVANCED_FACE('',(#2573),#2548,.T.);
#2575=CARTESIAN_POINT('',(0.043503937007874,-0.101181102362205,-0.001279527559055));
#2576=DIRECTION('',(0.0,1.0,0.0));
#2577=DIRECTION('',(0.0,0.0,1.0));
#2578=AXIS2_PLACEMENT_3D('',#2575,#2576,#2577);
#2579=PLANE('',#2578);
#2580=CARTESIAN_POINT('',(0.044094488188976,-0.101181102362205,-0.013779527559055));
#2581=VERTEX_POINT('',#2580);
#2582=CARTESIAN_POINT('',(0.044094488188976,-0.101181102362205,-0.263779527559055));
#2583=DIRECTION('',(0.0,0.0,1.0));
#2584=VECTOR('',#2583,0.25);
#2585=LINE('',#2582,#2584);
#2586=EDGE_CURVE('',#2550,#2581,#2585,.T.);
#2587=ORIENTED_EDGE('',*,*,#2586,.T.);
#2588=CARTESIAN_POINT('',(0.055905511811024,-0.101181102362205,-0.013779527559055));
#2589=VERTEX_POINT('',#2588);
#2590=CARTESIAN_POINT('',(0.055905511811024,-0.101181102362205,-0.013779527559055));
#2591=DIRECTION('',(-1.0,0.0,0.0));
#2592=VECTOR('',#2591,0.011811023622048);
#2593=LINE('',#2590,#2592);
#2594=EDGE_CURVE('',#2589,#2581,#2593,.T.);
#2595=ORIENTED_EDGE('',*,*,#2594,.F.);
#2596=CARTESIAN_POINT('',(0.055905511811024,-0.101181102362205,-0.013779527559055));
#2597=DIRECTION('',(0.0,0.0,-1.0));
#2598=VECTOR('',#2597,0.25);
#2599=LINE('',#2596,#2598);
#2600=EDGE_CURVE('',#2589,#2558,#2599,.T.);
#2601=ORIENTED_EDGE('',*,*,#2600,.T.);
#2602=ORIENTED_EDGE('',*,*,#2563,.T.);
#2603=EDGE_LOOP('',(#2587,#2595,#2601,#2602));
#2604=FACE_OUTER_BOUND('',#2603,.T.);
#2605=ADVANCED_FACE('',(#2604),#2579,.T.);
#2606=CARTESIAN_POINT('',(0.056496062992126,-0.097244094488189,-0.013779527559055));
#2607=DIRECTION('',(-1.0,0.0,0.0));
#2608=DIRECTION('',(0.0,1.0,0.0));
#2609=AXIS2_PLACEMENT_3D('',#2606,#2607,#2608);
#2610=CYLINDRICAL_SURFACE('',#2609,0.003937007874016);
#2611=CARTESIAN_POINT('',(0.044094488188976,-0.097244094488189,-0.009842519685039));
#2612=VERTEX_POINT('',#2611);
#2613=CARTESIAN_POINT('',(0.044094488188976,-0.097244094488189,-0.013779527559055));
#2614=DIRECTION('',(-1.0,0.0,0.0));
#2615=DIRECTION('',(0.0,1.0,0.0));
#2616=AXIS2_PLACEMENT_3D('',#2613,#2614,#2615);
#2617=CIRCLE('',#2616,0.003937007874016);
#2618=EDGE_CURVE('',#2581,#2612,#2617,.T.);
#2619=ORIENTED_EDGE('',*,*,#2618,.T.);
#2620=CARTESIAN_POINT('',(0.055905511811024,-0.097244094488189,-0.009842519685039));
#2621=VERTEX_POINT('',#2620);
#2622=CARTESIAN_POINT('',(0.055905511811024,-0.097244094488189,-0.009842519685039));
#2623=DIRECTION('',(-1.0,0.0,0.0));
#2624=VECTOR('',#2623,0.011811023622048);
#2625=LINE('',#2622,#2624);
#2626=EDGE_CURVE('',#2621,#2612,#2625,.T.);
#2627=ORIENTED_EDGE('',*,*,#2626,.F.);
#2628=CARTESIAN_POINT('',(0.055905511811024,-0.097244094488189,-0.013779527559055));
#2629=DIRECTION('',(1.0,0.0,0.0));
#2630=DIRECTION('',(0.0,1.0,0.0));
#2631=AXIS2_PLACEMENT_3D('',#2628,#2629,#2630);
#2632=CIRCLE('',#2631,0.003937007874016);
#2633=EDGE_CURVE('',#2621,#2589,#2632,.T.);
#2634=ORIENTED_EDGE('',*,*,#2633,.T.);
#2635=ORIENTED_EDGE('',*,*,#2594,.T.);
#2636=EDGE_LOOP('',(#2619,#2627,#2634,#2635));
#2637=FACE_OUTER_BOUND('',#2636,.T.);
#2638=ADVANCED_FACE('',(#2637),#2610,.F.);
#2639=CARTESIAN_POINT('',(0.056496062992126,0.005688976377953,-0.009842519685039));
#2640=DIRECTION('',(0.0,0.0,-1.0));
#2641=DIRECTION('',(-1.0,0.0,0.0));
#2642=AXIS2_PLACEMENT_3D('',#2639,#2640,#2641);
#2643=PLANE('',#2642);
#2644=ORIENTED_EDGE('',*,*,#2449,.T.);
#2645=CARTESIAN_POINT('',(0.055905511811024,0.000787401574803,-0.009842519685039));
#2646=DIRECTION('',(0.0,-1.0,0.0));
#2647=VECTOR('',#2646,0.098031496062992);
#2648=LINE('',#2645,#2647);
#2649=EDGE_CURVE('',#2438,#2621,#2648,.T.);
#2650=ORIENTED_EDGE('',*,*,#2649,.T.);
#2651=ORIENTED_EDGE('',*,*,#2626,.T.);
#2652=CARTESIAN_POINT('',(0.044094488188976,-0.097244094488189,-0.009842519685039));
#2653=DIRECTION('',(0.0,1.0,0.0));
#2654=VECTOR('',#2653,0.098031496062992);
#2655=LINE('',#2652,#2654);
#2656=EDGE_CURVE('',#2612,#2422,#2655,.T.);
#2657=ORIENTED_EDGE('',*,*,#2656,.T.);
#2658=EDGE_LOOP('',(#2644,#2650,#2651,#2657));
#2659=FACE_OUTER_BOUND('',#2658,.T.);
#2660=ADVANCED_FACE('',(#2659),#2643,.T.);
#2661=CARTESIAN_POINT('',(0.055905511811024,-0.126948818897637,0.023523622047244));
#2662=DIRECTION('',(-1.0,0.0,0.0));
#2663=DIRECTION('',(0.0,0.0,1.0));
#2664=AXIS2_PLACEMENT_3D('',#2661,#2662,#2663);
#2665=PLANE('',#2664);
#2666=ORIENTED_EDGE('',*,*,#2443,.T.);
#2667=CARTESIAN_POINT('',(0.055905511811024,-0.097244094488189,0.009842519685039));
#2668=DIRECTION('',(0.0,1.0,0.0));
#2669=VECTOR('',#2668,0.098031496062992);
#2670=LINE('',#2667,#2669);
#2671=EDGE_CURVE('',#2496,#2430,#2670,.T.);
#2672=ORIENTED_EDGE('',*,*,#2671,.F.);
#2673=ORIENTED_EDGE('',*,*,#2502,.F.);
#2674=ORIENTED_EDGE('',*,*,#2538,.F.);
#2675=ORIENTED_EDGE('',*,*,#2569,.F.);
#2676=ORIENTED_EDGE('',*,*,#2600,.F.);
#2677=ORIENTED_EDGE('',*,*,#2633,.F.);
#2678=ORIENTED_EDGE('',*,*,#2649,.F.);
#2679=EDGE_LOOP('',(#2666,#2672,#2673,#2674,#2675,#2676,#2677,#2678));
#2680=FACE_OUTER_BOUND('',#2679,.T.);
#2681=ADVANCED_FACE('',(#2680),#2665,.F.);
#2682=CARTESIAN_POINT('',(0.056496062992126,-0.102145669291339,0.009842519685039));
#2683=DIRECTION('',(0.0,0.0,1.0));
#2684=DIRECTION('',(1.0,0.0,0.0));
#2685=AXIS2_PLACEMENT_3D('',#2682,#2683,#2684);
#2686=PLANE('',#2685);
#2687=ORIENTED_EDGE('',*,*,#2435,.T.);
#2688=CARTESIAN_POINT('',(0.044094488188976,0.000787401574803,0.009842519685039));
#2689=DIRECTION('',(0.0,-1.0,0.0));
#2690=VECTOR('',#2689,0.098031496062992);
#2691=LINE('',#2688,#2690);
#2692=EDGE_CURVE('',#2420,#2477,#2691,.T.);
#2693=ORIENTED_EDGE('',*,*,#2692,.T.);
#2694=ORIENTED_EDGE('',*,*,#2508,.F.);
#2695=ORIENTED_EDGE('',*,*,#2671,.T.);
#2696=EDGE_LOOP('',(#2687,#2693,#2694,#2695));
#2697=FACE_OUTER_BOUND('',#2696,.T.);
#2698=ADVANCED_FACE('',(#2697),#2686,.T.);
#2699=CARTESIAN_POINT('',(0.044094488188976,-0.126948818897637,0.023523622047244));
#2700=DIRECTION('',(-1.0,0.0,0.0));
#2701=DIRECTION('',(0.0,0.0,1.0));
#2702=AXIS2_PLACEMENT_3D('',#2699,#2700,#2701);
#2703=PLANE('',#2702);
#2704=ORIENTED_EDGE('',*,*,#2427,.T.);
#2705=ORIENTED_EDGE('',*,*,#2656,.F.);
#2706=ORIENTED_EDGE('',*,*,#2618,.F.);
#2707=ORIENTED_EDGE('',*,*,#2586,.F.);
#2708=ORIENTED_EDGE('',*,*,#2555,.F.);
#2709=ORIENTED_EDGE('',*,*,#2524,.F.);
#2710=ORIENTED_EDGE('',*,*,#2485,.F.);
#2711=ORIENTED_EDGE('',*,*,#2692,.F.);
#2712=EDGE_LOOP('',(#2704,#2705,#2706,#2707,#2708,#2709,#2710,#2711));
#2713=FACE_OUTER_BOUND('',#2712,.T.);
#2714=ADVANCED_FACE('',(#2713),#2703,.T.);
#2715=CARTESIAN_POINT('',(0.039489897503956,0.002621570273654,0.01818106605021));
#2716=DIRECTION('',(-0.939692620785908,-0.342020143325669,-9.314896E-017));
#2717=DIRECTION('',(0.0,0.0,1.0));
#2718=AXIS2_PLACEMENT_3D('',#2715,#2716,#2717);
#2719=PLANE('',#2718);
#2720=ORIENTED_EDGE('',*,*,#2200,.F.);
#2721=CARTESIAN_POINT('',(0.033709188763,0.018503937007874,-0.016528241863827));
#2722=DIRECTION('',(0.0,0.0,1.0));
#2723=VECTOR('',#2722,0.033056483727654);
#2724=LINE('',#2721,#2723);
#2725=EDGE_CURVE('',#2296,#2186,#2724,.T.);
#2726=ORIENTED_EDGE('',*,*,#2725,.F.);
#2727=ORIENTED_EDGE('',*,*,#2315,.F.);
#2728=ORIENTED_EDGE('',*,*,#2222,.F.);
#2729=EDGE_LOOP('',(#2720,#2726,#2727,#2728));
#2730=FACE_OUTER_BOUND('',#2729,.T.);
#2731=ADVANCED_FACE('',(#2730),#2719,.T.);
#2732=CARTESIAN_POINT('',(-6.430161E-032,0.128023284051932,0.027477993708626));
#2733=DIRECTION('',(0.0,0.976296007119933,-0.216439613938103));
#2734=DIRECTION('',(0.0,0.216439613938103,0.976296007119933));
#2735=AXIS2_PLACEMENT_3D('',#2732,#2733,#2734);
#2736=CYLINDRICAL_SURFACE('',#2735,0.033464566929134);
#2737=CARTESIAN_POINT('',(-8.196455E-018,0.436405443490957,-0.006611614732391));
#2738=VERTEX_POINT('',#2737);
#2739=CARTESIAN_POINT('',(-6.430161E-032,0.429162385544209,-0.039282937805301));
#2740=DIRECTION('',(0.0,0.976296007119934,-0.216439613938103));
#2741=DIRECTION('',(0.0,0.216439613938103,0.976296007119933));
#2742=AXIS2_PLACEMENT_3D('',#2739,#2740,#2741);
#2743=CIRCLE('',#2742,0.033464566929134);
#2744=EDGE_CURVE('',#2738,#2738,#2743,.T.);
#2745=ORIENTED_EDGE('',*,*,#2744,.F.);
#2746=EDGE_LOOP('',(#2745));
#2747=FACE_OUTER_BOUND('',#2746,.T.);
#2748=CARTESIAN_POINT('',(-6.430161E-032,0.149606299212598,-0.011583915917153));
#2749=VERTEX_POINT('',#2748);
#2750=CARTESIAN_POINT('',(-6.430161E-032,0.149606299212598,0.022693154443766));
#2751=DIRECTION('',(0.0,-1.0,0.0));
#2752=DIRECTION('',(0.0,0.0,1.0));
#2753=AXIS2_PLACEMENT_3D('',#2750,#2751,#2752);
#2754=ELLIPSE('',#2753,0.034277070360919,0.033464566929134);
#2755=EDGE_CURVE('',#2749,#2749,#2754,.T.);
#2756=ORIENTED_EDGE('',*,*,#2755,.F.);
#2757=EDGE_LOOP('',(#2756));
#2758=FACE_BOUND('',#2757,.T.);
#2759=ADVANCED_FACE('',(#2747,#2758),#2736,.T.);
#2760=CARTESIAN_POINT('',(-6.430161E-032,0.429162385544209,-0.039282937805301));
#2761=DIRECTION('',(0.0,0.976296007119933,-0.216439613938103));
#2762=DIRECTION('',(0.0,0.216439613938103,0.976296007119933));
#2763=AXIS2_PLACEMENT_3D('',#2760,#2761,#2762);
#2764=TOROIDAL_SURFACE('',#2763,0.031496062992126,0.001968503937008);
#2765=CARTESIAN_POINT('',(-6.430161E-032,0.437901223792496,-0.008959519498253));
#2766=VERTEX_POINT('',#2765);
#2767=CARTESIAN_POINT('',(-6.430161E-032,0.431084228077909,-0.039709000037463));
#2768=DIRECTION('',(0.0,0.976296007119933,-0.216439613938103));
#2769=DIRECTION('',(0.0,0.216439613938103,0.976296007119933));
#2770=AXIS2_PLACEMENT_3D('',#2767,#2768,#2769);
#2771=CIRCLE('',#2770,0.031496062992126);
#2772=EDGE_CURVE('',#2766,#2766,#2771,.T.);
#2773=ORIENTED_EDGE('',*,*,#2772,.F.);
#2774=EDGE_LOOP('',(#2773));
#2775=FACE_OUTER_BOUND('',#2774,.T.);
#2776=ORIENTED_EDGE('',*,*,#2744,.T.);
#2777=EDGE_LOOP('',(#2776));
#2778=FACE_BOUND('',#2777,.T.);
#2779=ADVANCED_FACE('',(#2775,#2778),#2764,.T.);
#2780=CARTESIAN_POINT('',(-0.034645669291339,0.423585532791865,-0.073533428630595));
#2781=DIRECTION('',(0.0,0.976296007119933,-0.216439613938103));
#2782=DIRECTION('',(0.0,0.216439613938103,0.976296007119933));
#2783=AXIS2_PLACEMENT_3D('',#2780,#2781,#2782);
#2784=PLANE('',#2783);
#2785=ORIENTED_EDGE('',*,*,#2772,.T.);
#2786=EDGE_LOOP('',(#2785));
#2787=FACE_OUTER_BOUND('',#2786,.T.);
#2788=ADVANCED_FACE('',(#2787),#2784,.T.);
#2789=CARTESIAN_POINT('',(0.0,0.283464566929134,0.0));
#2790=DIRECTION('',(0.0,-1.0,0.0));
#2791=DIRECTION('',(0.0,0.0,-1.0));
#2792=AXIS2_PLACEMENT_3D('',#2789,#2790,#2791);
#2793=TOROIDAL_SURFACE('',#2792,0.076771653543307,0.007874015748031);
#2794=CARTESIAN_POINT('',(-0.060015434201846,0.291338582677166,-0.047875196556646));
#2795=VERTEX_POINT('',#2794);
#2796=CARTESIAN_POINT('',(0.060015434201846,0.291338582677166,-0.047875196556646));
#2797=VERTEX_POINT('',#2796);
#2798=CARTESIAN_POINT('',(-1.889624E-033,0.291338582677166,2.877312E-033));
#2799=DIRECTION('',(0.0,-1.0,0.0));
#2800=DIRECTION('',(0.0,0.0,-1.0));
#2801=AXIS2_PLACEMENT_3D('',#2798,#2799,#2800);
#2802=CIRCLE('',#2801,0.076771653543307);
#2803=EDGE_CURVE('',#2795,#2797,#2802,.T.);
#2804=ORIENTED_EDGE('',*,*,#2803,.T.);
#2805=CARTESIAN_POINT('',(0.067889449949877,0.283464566929134,-0.050556027487153));
#2806=VERTEX_POINT('',#2805);
#2807=CARTESIAN_POINT('',(0.060015434201846,0.291338582677165,-0.047875196556646));
#2808=CARTESIAN_POINT('',(0.060604235543404,0.291338582677165,-0.048081275803048));
#2809=CARTESIAN_POINT('',(0.061192500019418,0.291272517734531,-0.048285820481923));
#2810=CARTESIAN_POINT('',(0.061768805289744,0.291140882049578,-0.048484989289749));
#2811=CARTESIAN_POINT('',(0.06231602210029,0.291015890550484,-0.048674105241642));
#2812=CARTESIAN_POINT('',(0.062850503380105,0.290832242429726,-0.048857703157368));
#2813=CARTESIAN_POINT('',(0.063362641170422,0.290591721305865,-0.049032718807251));
#2814=CARTESIAN_POINT('',(0.064277177687329,0.290162217068886,-0.049345248376197));
#2815=CARTESIAN_POINT('',(0.065109691296112,0.28955639090524,-0.049626710965883));
#2816=CARTESIAN_POINT('',(0.065807662245873,0.288798441532669,-0.049861268862073));
#2817=CARTESIAN_POINT('',(0.066469853347121,0.288079346662194,-0.050083802696236));
#2818=CARTESIAN_POINT('',(0.066998265450657,0.287236779791546,-0.050259928721065));
#2819=CARTESIAN_POINT('',(0.067357623517733,0.286309277819525,-0.050379451312859));
#2820=CARTESIAN_POINT('',(0.067707913982746,0.285405179298174,-0.050495958017716));
#2821=CARTESIAN_POINT('',(0.067889449949877,0.284440853755086,-0.050556027487153));
#2822=CARTESIAN_POINT('',(0.067889449949877,0.283464566929134,-0.050556027487153));
#2823=B_SPLINE_CURVE_WITH_KNOTS('',3,(#2807,#2808,#2809,#2810,#2811,#2812,#2813,#2814,#2815,#2816,#2817,#2818,#2819,#2820,#2821,#2822),.UNSPECIFIED.,.F.,.U.,(4,3,3,3,3,4),(-0.00021345109947,0.004540083460349,0.009053687889421,0.0171137376481,0.024760607804577,0.032214526189651),.UNSPECIFIED.);
#2824=EDGE_CURVE('',#2797,#2806,#2823,.T.);
#2825=ORIENTED_EDGE('',*,*,#2824,.T.);
#2826=CARTESIAN_POINT('',(-0.067889449949877,0.283464566929134,-0.050556027487153));
#2827=VERTEX_POINT('',#2826);
#2828=CARTESIAN_POINT('',(0.0,0.283464566929134,0.0));
#2829=DIRECTION('',(0.0,1.0,0.0));
#2830=DIRECTION('',(0.0,0.0,-1.0));
#2831=AXIS2_PLACEMENT_3D('',#2828,#2829,#2830);
#2832=CIRCLE('',#2831,0.084645669291339);
#2833=EDGE_CURVE('',#2806,#2827,#2832,.T.);
#2834=ORIENTED_EDGE('',*,*,#2833,.T.);
#2835=CARTESIAN_POINT('',(-0.060015434201846,0.291338582677165,-0.047875196556646));
#2836=CARTESIAN_POINT('',(-0.060604235543404,0.291338582677165,-0.048081275803047));
#2837=CARTESIAN_POINT('',(-0.061192500019418,0.291272517734531,-0.048285820481923));
#2838=CARTESIAN_POINT('',(-0.061768805289744,0.291140882049578,-0.048484989289749));
#2839=CARTESIAN_POINT('',(-0.06231602210029,0.291015890550484,-0.048674105241642));
#2840=CARTESIAN_POINT('',(-0.062850503380105,0.290832242429726,-0.048857703157368));
#2841=CARTESIAN_POINT('',(-0.063362641170422,0.290591721305865,-0.049032718807251));
#2842=CARTESIAN_POINT('',(-0.064277177687329,0.290162217068886,-0.049345248376197));
#2843=CARTESIAN_POINT('',(-0.065109691296112,0.28955639090524,-0.049626710965883));
#2844=CARTESIAN_POINT('',(-0.065807662245873,0.288798441532669,-0.049861268862073));
#2845=CARTESIAN_POINT('',(-0.066469853347121,0.288079346662194,-0.050083802696236));
#2846=CARTESIAN_POINT('',(-0.066998265450657,0.287236779791546,-0.050259928721065));
#2847=CARTESIAN_POINT('',(-0.067357623517733,0.286309277819525,-0.050379451312859));
#2848=CARTESIAN_POINT('',(-0.067707913982746,0.285405179298174,-0.050495958017716));
#2849=CARTESIAN_POINT('',(-0.067889449949877,0.284440853755086,-0.050556027487153));
#2850=CARTESIAN_POINT('',(-0.067889449949877,0.283464566929134,-0.050556027487153));
#2851=B_SPLINE_CURVE_WITH_KNOTS('',3,(#2835,#2836,#2837,#2838,#2839,#2840,#2841,#2842,#2843,#2844,#2845,#2846,#2847,#2848,#2849,#2850),.UNSPECIFIED.,.F.,.U.,(4,3,3,3,3,4),(-0.032364405005139,-0.027620189344438,-0.023115433451924,-0.015071184733427,-0.007439305613758,0.0),.UNSPECIFIED.);
#2852=EDGE_CURVE('',#2795,#2827,#2851,.T.);
#2853=ORIENTED_EDGE('',*,*,#2852,.F.);
#2854=EDGE_LOOP('',(#2804,#2825,#2834,#2853));
#2855=FACE_OUTER_BOUND('',#2854,.T.);
#2856=ADVANCED_FACE('',(#2855),#2793,.T.);
#2857=CARTESIAN_POINT('',(0.060015434201846,0.283464566929134,-0.055611630235868));
#2858=DIRECTION('',(0.0,0.0,1.0));
#2859=DIRECTION('',(-0.707106781186548,-0.707106781186547,0.0));
#2860=AXIS2_PLACEMENT_3D('',#2857,#2858,#2859);
#2861=CYLINDRICAL_SURFACE('',#2860,0.007874015748031);
#2862=CARTESIAN_POINT('',(0.060015434201846,0.291338582677166,0.047875196556646));
#2863=VERTEX_POINT('',#2862);
#2864=CARTESIAN_POINT('',(0.060015434201846,0.291338582677166,-0.047875196556646));
#2865=DIRECTION('',(0.0,0.0,1.0));
#2866=VECTOR('',#2865,0.095750393113292);
#2867=LINE('',#2864,#2866);
#2868=EDGE_CURVE('',#2797,#2863,#2867,.T.);
#2869=ORIENTED_EDGE('',*,*,#2868,.T.);
#2870=CARTESIAN_POINT('',(0.067889449949877,0.283464566929134,0.050556027487153));
#2871=VERTEX_POINT('',#2870);
#2872=CARTESIAN_POINT('',(0.060015434201846,0.291338582677165,0.047875196556646));
#2873=CARTESIAN_POINT('',(0.060604235543403,0.291338582677165,0.048081275803046));
#2874=CARTESIAN_POINT('',(0.061192500019417,0.291272517734531,0.048285820481923));
#2875=CARTESIAN_POINT('',(0.061768805289744,0.291140882049578,0.048484989289749));
#2876=CARTESIAN_POINT('',(0.06231602210029,0.291015890550484,0.048674105241642));
#2877=CARTESIAN_POINT('',(0.062850503380105,0.290832242429726,0.048857703157368));
#2878=CARTESIAN_POINT('',(0.063362641170422,0.290591721305865,0.049032718807252));
#2879=CARTESIAN_POINT('',(0.064277177687329,0.290162217068886,0.049345248376197));
#2880=CARTESIAN_POINT('',(0.065109691296112,0.28955639090524,0.049626710965882));
#2881=CARTESIAN_POINT('',(0.065807662245873,0.288798441532669,0.049861268862073));
#2882=CARTESIAN_POINT('',(0.066469853347121,0.288079346662194,0.050083802696236));
#2883=CARTESIAN_POINT('',(0.066998265450657,0.287236779791546,0.050259928721065));
#2884=CARTESIAN_POINT('',(0.067357623517733,0.286309277819525,0.050379451312859));
#2885=CARTESIAN_POINT('',(0.067707913982746,0.285405179298173,0.050495958017716));
#2886=CARTESIAN_POINT('',(0.067889449949877,0.284440853755086,0.050556027487153));
#2887=CARTESIAN_POINT('',(0.067889449949877,0.283464566929134,0.050556027487153));
#2888=B_SPLINE_CURVE_WITH_KNOTS('',3,(#2872,#2873,#2874,#2875,#2876,#2877,#2878,#2879,#2880,#2881,#2882,#2883,#2884,#2885,#2886,#2887),.UNSPECIFIED.,.F.,.U.,(4,3,3,3,3,4),(-0.032364405005134,-0.027620189344433,-0.023115433451919,-0.015071184733424,-0.007439305613757,0.0),.UNSPECIFIED.);
#2889=EDGE_CURVE('',#2863,#2871,#2888,.T.);
#2890=ORIENTED_EDGE('',*,*,#2889,.T.);
#2891=CARTESIAN_POINT('',(0.067889449949877,0.283464566929134,0.050556027487153));
#2892=DIRECTION('',(0.0,0.0,-1.0));
#2893=VECTOR('',#2892,0.101112054974306);
#2894=LINE('',#2891,#2893);
#2895=EDGE_CURVE('',#2871,#2806,#2894,.T.);
#2896=ORIENTED_EDGE('',*,*,#2895,.T.);
#2897=ORIENTED_EDGE('',*,*,#2824,.F.);
#2898=EDGE_LOOP('',(#2869,#2890,#2896,#2897));
#2899=FACE_OUTER_BOUND('',#2898,.T.);
#2900=ADVANCED_FACE('',(#2899),#2861,.T.);
#2901=CARTESIAN_POINT('',(0.0,0.283464566929134,0.0));
#2902=DIRECTION('',(0.0,-1.0,0.0));
#2903=DIRECTION('',(0.0,0.0,-1.0));
#2904=AXIS2_PLACEMENT_3D('',#2901,#2902,#2903);
#2905=TOROIDAL_SURFACE('',#2904,0.076771653543307,0.007874015748031);
#2906=CARTESIAN_POINT('',(-0.060015434201846,0.291338582677166,0.047875196556646));
#2907=VERTEX_POINT('',#2906);
#2908=CARTESIAN_POINT('',(-1.889624E-033,0.291338582677166,2.877312E-033));
#2909=DIRECTION('',(0.0,-1.0,0.0));
#2910=DIRECTION('',(0.0,0.0,1.0));
#2911=AXIS2_PLACEMENT_3D('',#2908,#2909,#2910);
#2912=CIRCLE('',#2911,0.076771653543307);
#2913=EDGE_CURVE('',#2863,#2907,#2912,.T.);
#2914=ORIENTED_EDGE('',*,*,#2913,.T.);
#2915=CARTESIAN_POINT('',(-0.067889449949877,0.283464566929134,0.050556027487153));
#2916=VERTEX_POINT('',#2915);
#2917=CARTESIAN_POINT('',(-0.060015434201846,0.291338582677165,0.047875196556646));
#2918=CARTESIAN_POINT('',(-0.060604235543405,0.291338582677165,0.048081275803048));
#2919=CARTESIAN_POINT('',(-0.061192500019418,0.291272517734531,0.048285820481923));
#2920=CARTESIAN_POINT('',(-0.061768805289744,0.291140882049578,0.048484989289749));
#2921=CARTESIAN_POINT('',(-0.06231602210029,0.291015890550484,0.048674105241642));
#2922=CARTESIAN_POINT('',(-0.062850503380105,0.290832242429726,0.048857703157368));
#2923=CARTESIAN_POINT('',(-0.063362641170422,0.290591721305865,0.049032718807251));
#2924=CARTESIAN_POINT('',(-0.064277177687329,0.290162217068886,0.049345248376197));
#2925=CARTESIAN_POINT('',(-0.065109691296112,0.28955639090524,0.049626710965882));
#2926=CARTESIAN_POINT('',(-0.065807662245873,0.288798441532669,0.049861268862073));
#2927=CARTESIAN_POINT('',(-0.066469853347121,0.288079346662194,0.050083802696236));
#2928=CARTESIAN_POINT('',(-0.066998265450657,0.287236779791546,0.050259928721065));
#2929=CARTESIAN_POINT('',(-0.067357623517733,0.286309277819525,0.050379451312859));
#2930=CARTESIAN_POINT('',(-0.067707913982746,0.285405179298173,0.050495958017716));
#2931=CARTESIAN_POINT('',(-0.067889449949877,0.284440853755086,0.050556027487153));
#2932=CARTESIAN_POINT('',(-0.067889449949877,0.283464566929134,0.050556027487153));
#2933=B_SPLINE_CURVE_WITH_KNOTS('',3,(#2917,#2918,#2919,#2920,#2921,#2922,#2923,#2924,#2925,#2926,#2927,#2928,#2929,#2930,#2931,#2932),.UNSPECIFIED.,.F.,.U.,(4,3,3,3,3,4),(-0.00021345109947,0.004540083460351,0.009053687889424,0.017113737648105,0.024760607804584,0.032214526189661),.UNSPECIFIED.);
#2934=EDGE_CURVE('',#2907,#2916,#2933,.T.);
#2935=ORIENTED_EDGE('',*,*,#2934,.T.);
#2936=CARTESIAN_POINT('',(0.0,0.283464566929134,0.0));
#2937=DIRECTION('',(0.0,1.0,0.0));
#2938=DIRECTION('',(0.0,0.0,1.0));
#2939=AXIS2_PLACEMENT_3D('',#2936,#2937,#2938);
#2940=CIRCLE('',#2939,0.084645669291339);
#2941=EDGE_CURVE('',#2916,#2871,#2940,.T.);
#2942=ORIENTED_EDGE('',*,*,#2941,.T.);
#2943=ORIENTED_EDGE('',*,*,#2889,.F.);
#2944=EDGE_LOOP('',(#2914,#2935,#2942,#2943));
#2945=FACE_OUTER_BOUND('',#2944,.T.);
#2946=ADVANCED_FACE('',(#2945),#2905,.T.);
#2947=CARTESIAN_POINT('',(-0.060015434201846,0.283464566929134,0.055611630235868));
#2948=DIRECTION('',(0.0,0.0,-1.0));
#2949=DIRECTION('',(0.707106781186548,-0.707106781186547,0.0));
#2950=AXIS2_PLACEMENT_3D('',#2947,#2948,#2949);
#2951=CYLINDRICAL_SURFACE('',#2950,0.007874015748031);
#2952=CARTESIAN_POINT('',(-0.060015434201846,0.291338582677166,0.047875196556646));
#2953=DIRECTION('',(0.0,0.0,-1.0));
#2954=VECTOR('',#2953,0.095750393113292);
#2955=LINE('',#2952,#2954);
#2956=EDGE_CURVE('',#2907,#2795,#2955,.T.);
#2957=ORIENTED_EDGE('',*,*,#2956,.T.);
#2958=ORIENTED_EDGE('',*,*,#2852,.T.);
#2959=CARTESIAN_POINT('',(-0.067889449949877,0.283464566929134,-0.050556027487153));
#2960=DIRECTION('',(0.0,0.0,1.0));
#2961=VECTOR('',#2960,0.101112054974306);
#2962=LINE('',#2959,#2961);
#2963=EDGE_CURVE('',#2827,#2916,#2962,.T.);
#2964=ORIENTED_EDGE('',*,*,#2963,.T.);
#2965=ORIENTED_EDGE('',*,*,#2934,.F.);
#2966=EDGE_LOOP('',(#2957,#2958,#2964,#2965));
#2967=FACE_OUTER_BOUND('',#2966,.T.);
#2968=ADVANCED_FACE('',(#2967),#2951,.T.);
#2969=CARTESIAN_POINT('',(-0.067889449949877,0.225590551181103,-0.055611630235868));
#2970=DIRECTION('',(-1.0,0.0,0.0));
#2971=DIRECTION('',(0.0,0.0,1.0));
#2972=AXIS2_PLACEMENT_3D('',#2969,#2970,#2971);
#2973=PLANE('',#2972);
#2974=ORIENTED_EDGE('',*,*,#2963,.F.);
#2975=CARTESIAN_POINT('',(-0.067889449949877,0.228346456692914,-0.050556027487153));
#2976=VERTEX_POINT('',#2975);
#2977=CARTESIAN_POINT('',(-0.067889449949877,0.228346456692914,-0.050556027487153));
#2978=DIRECTION('',(0.0,1.0,0.0));
#2979=VECTOR('',#2978,0.05511811023622);
#2980=LINE('',#2977,#2979);
#2981=EDGE_CURVE('',#2976,#2827,#2980,.T.);
#2982=ORIENTED_EDGE('',*,*,#2981,.F.);
#2983=CARTESIAN_POINT('',(-0.067889449949877,0.228346456692914,0.050556027487153));
#2984=VERTEX_POINT('',#2983);
#2985=CARTESIAN_POINT('',(-0.067889449949877,0.228346456692914,0.050556027487153));
#2986=DIRECTION('',(0.0,0.0,-1.0));
#2987=VECTOR('',#2986,0.101112054974306);
#2988=LINE('',#2985,#2987);
#2989=EDGE_CURVE('',#2984,#2976,#2988,.T.);
#2990=ORIENTED_EDGE('',*,*,#2989,.F.);
#2991=CARTESIAN_POINT('',(-0.067889449949877,0.228346456692914,0.050556027487153));
#2992=DIRECTION('',(0.0,1.0,0.0));
#2993=VECTOR('',#2992,0.05511811023622);
#2994=LINE('',#2991,#2993);
#2995=EDGE_CURVE('',#2984,#2916,#2994,.T.);
#2996=ORIENTED_EDGE('',*,*,#2995,.T.);
#2997=EDGE_LOOP('',(#2974,#2982,#2990,#2996));
#2998=FACE_OUTER_BOUND('',#2997,.T.);
#2999=ADVANCED_FACE('',(#2998),#2973,.T.);
#3000=CARTESIAN_POINT('',(0.0,0.225590551181103,0.0));
#3001=DIRECTION('',(0.0,1.0,0.0));
#3002=DIRECTION('',(0.0,0.0,1.0));
#3003=AXIS2_PLACEMENT_3D('',#3000,#3001,#3002);
#3004=CYLINDRICAL_SURFACE('',#3003,0.084645669291339);
#3005=ORIENTED_EDGE('',*,*,#2833,.F.);
#3006=CARTESIAN_POINT('',(0.067889449949877,0.228346456692914,-0.050556027487153));
#3007=VERTEX_POINT('',#3006);
#3008=CARTESIAN_POINT('',(0.067889449949877,0.228346456692914,-0.050556027487153));
#3009=DIRECTION('',(0.0,1.0,0.0));
#3010=VECTOR('',#3009,0.05511811023622);
#3011=LINE('',#3008,#3010);
#3012=EDGE_CURVE('',#3007,#2806,#3011,.T.);
#3013=ORIENTED_EDGE('',*,*,#3012,.F.);
#3014=CARTESIAN_POINT('',(0.0,0.228346456692914,0.0));
#3015=DIRECTION('',(0.0,-1.0,0.0));
#3016=DIRECTION('',(0.802042804059013,0.0,-0.597266557290089));
#3017=AXIS2_PLACEMENT_3D('',#3014,#3015,#3016);
#3018=CIRCLE('',#3017,0.084645669291339);
#3019=EDGE_CURVE('',#2976,#3007,#3018,.T.);
#3020=ORIENTED_EDGE('',*,*,#3019,.F.);
#3021=ORIENTED_EDGE('',*,*,#2981,.T.);
#3022=EDGE_LOOP('',(#3005,#3013,#3020,#3021));
#3023=FACE_OUTER_BOUND('',#3022,.T.);
#3024=ADVANCED_FACE('',(#3023),#3004,.T.);
#3025=CARTESIAN_POINT('',(-0.066016977622031,0.291338582677166,-0.084448818897638));
#3026=DIRECTION('',(0.0,1.0,0.0));
#3027=DIRECTION('',(0.0,0.0,1.0));
#3028=AXIS2_PLACEMENT_3D('',#3025,#3026,#3027);
#3029=PLANE('',#3028);
#3030=ORIENTED_EDGE('',*,*,#2803,.F.);
#3031=ORIENTED_EDGE('',*,*,#2956,.F.);
#3032=ORIENTED_EDGE('',*,*,#2913,.F.);
#3033=ORIENTED_EDGE('',*,*,#2868,.F.);
#3034=EDGE_LOOP('',(#3030,#3031,#3032,#3033));
#3035=FACE_OUTER_BOUND('',#3034,.T.);
#3036=CARTESIAN_POINT('',(-0.03740157480315,0.291338582677166,-0.040486149214967));
#3037=VERTEX_POINT('',#3036);
#3038=CARTESIAN_POINT('',(0.03740157480315,0.291338582677166,-0.040486149214967));
#3039=VERTEX_POINT('',#3038);
#3040=CARTESIAN_POINT('',(0.0,0.291338582677166,0.0));
#3041=DIRECTION('',(0.0,-1.0,0.0));
#3042=DIRECTION('',(0.678571428571429,0.0,-0.73453442147154));
#3043=AXIS2_PLACEMENT_3D('',#3040,#3041,#3042);
#3044=CIRCLE('',#3043,0.05511811023622);
#3045=EDGE_CURVE('',#3037,#3039,#3044,.T.);
#3046=ORIENTED_EDGE('',*,*,#3045,.T.);
#3047=CARTESIAN_POINT('',(0.03740157480315,0.291338582677166,0.040486149214967));
#3048=VERTEX_POINT('',#3047);
#3049=CARTESIAN_POINT('',(0.03740157480315,0.291338582677166,-0.040486149214967));
#3050=DIRECTION('',(0.0,0.0,1.0));
#3051=VECTOR('',#3050,0.080972298429934);
#3052=LINE('',#3049,#3051);
#3053=EDGE_CURVE('',#3039,#3048,#3052,.T.);
#3054=ORIENTED_EDGE('',*,*,#3053,.T.);
#3055=CARTESIAN_POINT('',(-0.03740157480315,0.291338582677166,0.040486149214967));
#3056=VERTEX_POINT('',#3055);
#3057=CARTESIAN_POINT('',(0.0,0.291338582677166,0.0));
#3058=DIRECTION('',(0.0,-1.0,0.0));
#3059=DIRECTION('',(-0.678571428571429,0.0,0.73453442147154));
#3060=AXIS2_PLACEMENT_3D('',#3057,#3058,#3059);
#3061=CIRCLE('',#3060,0.05511811023622);
#3062=EDGE_CURVE('',#3048,#3056,#3061,.T.);
#3063=ORIENTED_EDGE('',*,*,#3062,.T.);
#3064=CARTESIAN_POINT('',(-0.03740157480315,0.291338582677166,0.040486149214967));
#3065=DIRECTION('',(0.0,0.0,-1.0));
#3066=VECTOR('',#3065,0.080972298429934);
#3067=LINE('',#3064,#3066);
#3068=EDGE_CURVE('',#3056,#3037,#3067,.T.);
#3069=ORIENTED_EDGE('',*,*,#3068,.T.);
#3070=EDGE_LOOP('',(#3046,#3054,#3063,#3069));
#3071=FACE_BOUND('',#3070,.T.);
#3072=ADVANCED_FACE('',(#3035,#3071),#3029,.T.);
#3073=CARTESIAN_POINT('',(-0.06496062992126,0.228346456692914,-0.06496062992126));
#3074=DIRECTION('',(0.0,1.0,0.0));
#3075=DIRECTION('',(0.0,0.0,1.0));
#3076=AXIS2_PLACEMENT_3D('',#3073,#3074,#3075);
#3077=PLANE('',#3076);
#3078=CARTESIAN_POINT('',(0.059055118110236,0.228346456692914,-2.169650E-017));
#3079=VERTEX_POINT('',#3078);
#3080=CARTESIAN_POINT('',(0.0,0.228346456692914,0.0));
#3081=DIRECTION('',(0.0,-1.0,0.0));
#3082=DIRECTION('',(-1.0,0.0,0.0));
#3083=AXIS2_PLACEMENT_3D('',#3080,#3081,#3082);
#3084=CIRCLE('',#3083,0.059055118110236);
#3085=EDGE_CURVE('',#3079,#3079,#3084,.T.);
#3086=ORIENTED_EDGE('',*,*,#3085,.T.);
#3087=EDGE_LOOP('',(#3086));
#3088=FACE_OUTER_BOUND('',#3087,.T.);
#3089=CARTESIAN_POINT('',(0.03740157480315,0.228346456692914,-0.040486149214967));
#3090=VERTEX_POINT('',#3089);
#3091=CARTESIAN_POINT('',(-0.03740157480315,0.228346456692914,-0.040486149214967));
#3092=VERTEX_POINT('',#3091);
#3093=CARTESIAN_POINT('',(0.0,0.228346456692914,0.0));
#3094=DIRECTION('',(0.0,1.0,0.0));
#3095=DIRECTION('',(0.678571428571429,0.0,-0.73453442147154));
#3096=AXIS2_PLACEMENT_3D('',#3093,#3094,#3095);
#3097=CIRCLE('',#3096,0.05511811023622);
#3098=EDGE_CURVE('',#3090,#3092,#3097,.T.);
#3099=ORIENTED_EDGE('',*,*,#3098,.T.);
#3100=CARTESIAN_POINT('',(-0.03740157480315,0.228346456692914,0.040486149214967));
#3101=VERTEX_POINT('',#3100);
#3102=CARTESIAN_POINT('',(-0.03740157480315,0.228346456692914,-0.040486149214967));
#3103=DIRECTION('',(0.0,0.0,1.0));
#3104=VECTOR('',#3103,0.080972298429934);
#3105=LINE('',#3102,#3104);
#3106=EDGE_CURVE('',#3092,#3101,#3105,.T.);
#3107=ORIENTED_EDGE('',*,*,#3106,.T.);
#3108=CARTESIAN_POINT('',(0.03740157480315,0.228346456692914,0.040486149214967));
#3109=VERTEX_POINT('',#3108);
#3110=CARTESIAN_POINT('',(0.0,0.228346456692914,0.0));
#3111=DIRECTION('',(0.0,1.0,0.0));
#3112=DIRECTION('',(-0.678571428571429,0.0,0.73453442147154));
#3113=AXIS2_PLACEMENT_3D('',#3110,#3111,#3112);
#3114=CIRCLE('',#3113,0.05511811023622);
#3115=EDGE_CURVE('',#3101,#3109,#3114,.T.);
#3116=ORIENTED_EDGE('',*,*,#3115,.T.);
#3117=CARTESIAN_POINT('',(0.03740157480315,0.228346456692914,0.040486149214967));
#3118=DIRECTION('',(0.0,0.0,-1.0));
#3119=VECTOR('',#3118,0.080972298429934);
#3120=LINE('',#3117,#3119);
#3121=EDGE_CURVE('',#3109,#3090,#3120,.T.);
#3122=ORIENTED_EDGE('',*,*,#3121,.T.);
#3123=EDGE_LOOP('',(#3099,#3107,#3116,#3122));
#3124=FACE_BOUND('',#3123,.T.);
#3125=ADVANCED_FACE('',(#3088,#3124),#3077,.F.);
#3126=CARTESIAN_POINT('',(0.0,0.225196850393701,0.0));
#3127=DIRECTION('',(0.0,1.0,0.0));
#3128=DIRECTION('',(0.0,0.0,1.0));
#3129=AXIS2_PLACEMENT_3D('',#3126,#3127,#3128);
#3130=CYLINDRICAL_SURFACE('',#3129,0.05511811023622);
#3131=ORIENTED_EDGE('',*,*,#3045,.F.);
#3132=CARTESIAN_POINT('',(-0.03740157480315,0.228346456692914,-0.040486149214967));
#3133=DIRECTION('',(0.0,1.0,0.0));
#3134=VECTOR('',#3133,0.062992125984252);
#3135=LINE('',#3132,#3134);
#3136=EDGE_CURVE('',#3092,#3037,#3135,.T.);
#3137=ORIENTED_EDGE('',*,*,#3136,.F.);
#3138=ORIENTED_EDGE('',*,*,#3098,.F.);
#3139=CARTESIAN_POINT('',(0.03740157480315,0.228346456692914,-0.040486149214967));
#3140=DIRECTION('',(0.0,1.0,0.0));
#3141=VECTOR('',#3140,0.062992125984252);
#3142=LINE('',#3139,#3141);
#3143=EDGE_CURVE('',#3090,#3039,#3142,.T.);
#3144=ORIENTED_EDGE('',*,*,#3143,.T.);
#3145=EDGE_LOOP('',(#3131,#3137,#3138,#3144));
#3146=FACE_OUTER_BOUND('',#3145,.T.);
#3147=ADVANCED_FACE('',(#3146),#3130,.F.);
#3148=CARTESIAN_POINT('',(0.03740157480315,0.225196850393701,0.044534764136464));
#3149=DIRECTION('',(1.0,0.0,0.0));
#3150=DIRECTION('',(0.0,0.0,-1.0));
#3151=AXIS2_PLACEMENT_3D('',#3148,#3149,#3150);
#3152=PLANE('',#3151);
#3153=ORIENTED_EDGE('',*,*,#3053,.F.);
#3154=ORIENTED_EDGE('',*,*,#3143,.F.);
#3155=ORIENTED_EDGE('',*,*,#3121,.F.);
#3156=CARTESIAN_POINT('',(0.03740157480315,0.228346456692914,0.040486149214967));
#3157=DIRECTION('',(0.0,1.0,0.0));
#3158=VECTOR('',#3157,0.062992125984252);
#3159=LINE('',#3156,#3158);
#3160=EDGE_CURVE('',#3109,#3048,#3159,.T.);
#3161=ORIENTED_EDGE('',*,*,#3160,.T.);
#3162=EDGE_LOOP('',(#3153,#3154,#3155,#3161));
#3163=FACE_OUTER_BOUND('',#3162,.T.);
#3164=ADVANCED_FACE('',(#3163),#3152,.F.);
#3165=CARTESIAN_POINT('',(0.0,0.225196850393701,0.0));
#3166=DIRECTION('',(0.0,1.0,0.0));
#3167=DIRECTION('',(0.0,0.0,-1.0));
#3168=AXIS2_PLACEMENT_3D('',#3165,#3166,#3167);
#3169=CYLINDRICAL_SURFACE('',#3168,0.05511811023622);
#3170=ORIENTED_EDGE('',*,*,#3062,.F.);
#3171=ORIENTED_EDGE('',*,*,#3160,.F.);
#3172=ORIENTED_EDGE('',*,*,#3115,.F.);
#3173=CARTESIAN_POINT('',(-0.03740157480315,0.228346456692914,0.040486149214967));
#3174=DIRECTION('',(0.0,1.0,0.0));
#3175=VECTOR('',#3174,0.062992125984252);
#3176=LINE('',#3173,#3175);
#3177=EDGE_CURVE('',#3101,#3056,#3176,.T.);
#3178=ORIENTED_EDGE('',*,*,#3177,.T.);
#3179=EDGE_LOOP('',(#3170,#3171,#3172,#3178));
#3180=FACE_OUTER_BOUND('',#3179,.T.);
#3181=ADVANCED_FACE('',(#3180),#3169,.F.);
#3182=CARTESIAN_POINT('',(-0.03740157480315,0.225196850393701,-0.044534764136464));
#3183=DIRECTION('',(-1.0,0.0,0.0));
#3184=DIRECTION('',(0.0,0.0,1.0));
#3185=AXIS2_PLACEMENT_3D('',#3182,#3183,#3184);
#3186=PLANE('',#3185);
#3187=ORIENTED_EDGE('',*,*,#3068,.F.);
#3188=ORIENTED_EDGE('',*,*,#3177,.F.);
#3189=ORIENTED_EDGE('',*,*,#3106,.F.);
#3190=ORIENTED_EDGE('',*,*,#3136,.T.);
#3191=EDGE_LOOP('',(#3187,#3188,#3189,#3190));
#3192=FACE_OUTER_BOUND('',#3191,.T.);
#3193=ADVANCED_FACE('',(#3192),#3186,.F.);
#3194=CARTESIAN_POINT('',(0.0,0.225590551181103,0.0));
#3195=DIRECTION('',(0.0,1.0,0.0));
#3196=DIRECTION('',(0.0,0.0,-1.0));
#3197=AXIS2_PLACEMENT_3D('',#3194,#3195,#3196);
#3198=CYLINDRICAL_SURFACE('',#3197,0.084645669291339);
#3199=ORIENTED_EDGE('',*,*,#2941,.F.);
#3200=ORIENTED_EDGE('',*,*,#2995,.F.);
#3201=CARTESIAN_POINT('',(0.067889449949877,0.228346456692914,0.050556027487153));
#3202=VERTEX_POINT('',#3201);
#3203=CARTESIAN_POINT('',(0.0,0.228346456692914,0.0));
#3204=DIRECTION('',(0.0,-1.0,0.0));
#3205=DIRECTION('',(-0.802042804059013,0.0,0.597266557290089));
#3206=AXIS2_PLACEMENT_3D('',#3203,#3204,#3205);
#3207=CIRCLE('',#3206,0.084645669291339);
#3208=EDGE_CURVE('',#3202,#2984,#3207,.T.);
#3209=ORIENTED_EDGE('',*,*,#3208,.F.);
#3210=CARTESIAN_POINT('',(0.067889449949877,0.228346456692914,0.050556027487153));
#3211=DIRECTION('',(0.0,1.0,0.0));
#3212=VECTOR('',#3211,0.05511811023622);
#3213=LINE('',#3210,#3212);
#3214=EDGE_CURVE('',#3202,#2871,#3213,.T.);
#3215=ORIENTED_EDGE('',*,*,#3214,.T.);
#3216=EDGE_LOOP('',(#3199,#3200,#3209,#3215));
#3217=FACE_OUTER_BOUND('',#3216,.T.);
#3218=ADVANCED_FACE('',(#3217),#3198,.T.);
#3219=CARTESIAN_POINT('',(0.067889449949877,0.225590551181103,0.055611630235868));
#3220=DIRECTION('',(1.0,0.0,0.0));
#3221=DIRECTION('',(0.0,0.0,-1.0));
#3222=AXIS2_PLACEMENT_3D('',#3219,#3220,#3221);
#3223=PLANE('',#3222);
#3224=ORIENTED_EDGE('',*,*,#2895,.F.);
#3225=ORIENTED_EDGE('',*,*,#3214,.F.);
#3226=CARTESIAN_POINT('',(0.067889449949877,0.228346456692914,-0.050556027487153));
#3227=DIRECTION('',(0.0,0.0,1.0));
#3228=VECTOR('',#3227,0.101112054974306);
#3229=LINE('',#3226,#3228);
#3230=EDGE_CURVE('',#3007,#3202,#3229,.T.);
#3231=ORIENTED_EDGE('',*,*,#3230,.F.);
#3232=ORIENTED_EDGE('',*,*,#3012,.T.);
#3233=EDGE_LOOP('',(#3224,#3225,#3231,#3232));
#3234=FACE_OUTER_BOUND('',#3233,.T.);
#3235=ADVANCED_FACE('',(#3234),#3223,.T.);
#3236=CARTESIAN_POINT('',(0.0,0.23228346456693,0.0));
#3237=DIRECTION('',(0.0,-1.0,0.0));
#3238=DIRECTION('',(1.0,0.0,0.0));
#3239=AXIS2_PLACEMENT_3D('',#3236,#3237,#3238);
#3240=CYLINDRICAL_SURFACE('',#3239,0.059055118110236);
#3241=CARTESIAN_POINT('',(0.059055118110236,0.149606299212598,-2.169650E-017));
#3242=VERTEX_POINT('',#3241);
#3243=CARTESIAN_POINT('',(0.0,0.149606299212598,0.0));
#3244=DIRECTION('',(0.0,1.0,0.0));
#3245=DIRECTION('',(-1.0,0.0,0.0));
#3246=AXIS2_PLACEMENT_3D('',#3243,#3244,#3245);
#3247=CIRCLE('',#3246,0.059055118110236);
#3248=EDGE_CURVE('',#3242,#3242,#3247,.T.);
#3249=ORIENTED_EDGE('',*,*,#3248,.F.);
#3250=EDGE_LOOP('',(#3249));
#3251=FACE_OUTER_BOUND('',#3250,.T.);
#3252=ORIENTED_EDGE('',*,*,#3085,.F.);
#3253=EDGE_LOOP('',(#3252));
#3254=FACE_BOUND('',#3253,.T.);
#3255=ADVANCED_FACE('',(#3251,#3254),#3240,.F.);
#3256=CARTESIAN_POINT('',(-0.06496062992126,0.149606299212598,0.06496062992126));
#3257=DIRECTION('',(0.0,-1.0,0.0));
#3258=DIRECTION('',(0.0,0.0,-1.0));
#3259=AXIS2_PLACEMENT_3D('',#3256,#3257,#3258);
#3260=PLANE('',#3259);
#3261=ORIENTED_EDGE('',*,*,#3248,.T.);
#3262=EDGE_LOOP('',(#3261));
#3263=FACE_OUTER_BOUND('',#3262,.T.);
#3264=ORIENTED_EDGE('',*,*,#2755,.T.);
#3265=EDGE_LOOP('',(#3264));
#3266=FACE_BOUND('',#3265,.T.);
#3267=ADVANCED_FACE('',(#3263,#3266),#3260,.F.);
#3268=CARTESIAN_POINT('',(-0.097440944881889,0.195275590551181,-0.139222440944882));
#3269=DIRECTION('',(0.0,-0.671519424738859,0.740986951435983));
#3270=DIRECTION('',(1.0,0.0,0.0));
#3271=AXIS2_PLACEMENT_3D('',#3268,#3269,#3270);
#3272=PLANE('',#3271);
#3273=CARTESIAN_POINT('',(0.088582677165354,0.196850393700787,-0.137795275590551));
#3274=VERTEX_POINT('',#3273);
#3275=CARTESIAN_POINT('',(0.088582677165354,0.228346456692914,-0.109251968503937));
#3276=VERTEX_POINT('',#3275);
#3277=CARTESIAN_POINT('',(0.088582677165354,0.196850393700787,-0.137795275590551));
#3278=DIRECTION('',(-3.264935E-016,0.740986951435983,0.671519424738859));
#3279=VECTOR('',#3278,0.04250555685372);
#3280=LINE('',#3277,#3279);
#3281=EDGE_CURVE('',#3274,#3276,#3280,.T.);
#3282=ORIENTED_EDGE('',*,*,#3281,.F.);
#3283=CARTESIAN_POINT('',(-0.088582677165354,0.196850393700787,-0.137795275590551));
#3284=VERTEX_POINT('',#3283);
#3285=CARTESIAN_POINT('',(0.088582677165354,0.196850393700787,-0.137795275590551));
#3286=DIRECTION('',(-1.0,0.0,0.0));
#3287=VECTOR('',#3286,0.177165354330708);
#3288=LINE('',#3285,#3287);
#3289=EDGE_CURVE('',#3274,#3284,#3288,.T.);
#3290=ORIENTED_EDGE('',*,*,#3289,.T.);
#3291=CARTESIAN_POINT('',(-0.088582677165354,0.228346456692914,-0.109251968503937));
#3292=VERTEX_POINT('',#3291);
#3293=CARTESIAN_POINT('',(-0.088582677165354,0.228346456692914,-0.109251968503937));
#3294=DIRECTION('',(0.0,-0.740986951435983,-0.671519424738859));
#3295=VECTOR('',#3294,0.042505556853719);
#3296=LINE('',#3293,#3295);
#3297=EDGE_CURVE('',#3292,#3284,#3296,.T.);
#3298=ORIENTED_EDGE('',*,*,#3297,.F.);
#3299=CARTESIAN_POINT('',(0.088582677165354,0.228346456692914,-0.109251968503937));
#3300=DIRECTION('',(-1.0,0.0,0.0));
#3301=VECTOR('',#3300,0.177165354330708);
#3302=LINE('',#3299,#3301);
#3303=EDGE_CURVE('',#3276,#3292,#3302,.T.);
#3304=ORIENTED_EDGE('',*,*,#3303,.F.);
#3305=EDGE_LOOP('',(#3282,#3290,#3298,#3304));
#3306=FACE_OUTER_BOUND('',#3305,.T.);
#3307=ADVANCED_FACE('',(#3306),#3272,.F.);
#3308=CARTESIAN_POINT('',(0.088582677165354,-0.011417322834646,0.151574803149606));
#3309=DIRECTION('',(1.0,0.0,0.0));
#3310=DIRECTION('',(0.0,0.0,-1.0));
#3311=AXIS2_PLACEMENT_3D('',#3308,#3309,#3310);
#3312=PLANE('',#3311);
#3313=ORIENTED_EDGE('',*,*,#3281,.T.);
#3314=CARTESIAN_POINT('',(0.088582677165354,0.228346456692914,0.137795275590551));
#3315=VERTEX_POINT('',#3314);
#3316=CARTESIAN_POINT('',(0.088582677165354,0.228346456692914,0.137795275590551));
#3317=DIRECTION('',(0.0,0.0,-1.0));
#3318=VECTOR('',#3317,0.247047244094488);
#3319=LINE('',#3316,#3318);
#3320=EDGE_CURVE('',#3315,#3276,#3319,.T.);
#3321=ORIENTED_EDGE('',*,*,#3320,.F.);
#3322=CARTESIAN_POINT('',(0.088582677165354,0.196850393700787,0.137795275590551));
#3323=VERTEX_POINT('',#3322);
#3324=CARTESIAN_POINT('',(0.088582677165354,0.196850393700787,0.137795275590551));
#3325=DIRECTION('',(0.0,1.0,0.0));
#3326=VECTOR('',#3325,0.031496062992127);
#3327=LINE('',#3324,#3326);
#3328=EDGE_CURVE('',#3323,#3315,#3327,.T.);
#3329=ORIENTED_EDGE('',*,*,#3328,.F.);
#3330=CARTESIAN_POINT('',(0.088582677165354,0.196850393700787,0.088582677165354));
#3331=VERTEX_POINT('',#3330);
#3332=CARTESIAN_POINT('',(0.088582677165354,0.196850393700787,0.137795275590551));
#3333=DIRECTION('',(0.0,0.0,-1.0));
#3334=VECTOR('',#3333,0.049212598425197);
#3335=LINE('',#3332,#3334);
#3336=EDGE_CURVE('',#3323,#3331,#3335,.T.);
#3337=ORIENTED_EDGE('',*,*,#3336,.T.);
#3338=CARTESIAN_POINT('',(0.088582677165354,0.181102362204724,0.088582677165354));
#3339=VERTEX_POINT('',#3338);
#3340=CARTESIAN_POINT('',(0.088582677165354,0.196850393700787,0.088582677165354));
#3341=DIRECTION('',(0.0,-1.0,0.0));
#3342=VECTOR('',#3341,0.015748031496063);
#3343=LINE('',#3340,#3342);
#3344=EDGE_CURVE('',#3331,#3339,#3343,.T.);
#3345=ORIENTED_EDGE('',*,*,#3344,.T.);
#3346=CARTESIAN_POINT('',(0.088582677165354,0.181102362204724,0.137795275590551));
#3347=VERTEX_POINT('',#3346);
#3348=CARTESIAN_POINT('',(0.088582677165354,0.181102362204724,0.088582677165354));
#3349=DIRECTION('',(0.0,0.0,1.0));
#3350=VECTOR('',#3349,0.049212598425197);
#3351=LINE('',#3348,#3350);
#3352=EDGE_CURVE('',#3339,#3347,#3351,.T.);
#3353=ORIENTED_EDGE('',*,*,#3352,.T.);
#3354=CARTESIAN_POINT('',(0.088582677165354,0.0,0.137795275590551));
#3355=VERTEX_POINT('',#3354);
#3356=CARTESIAN_POINT('',(0.088582677165354,0.0,0.137795275590551));
#3357=DIRECTION('',(0.0,1.0,0.0));
#3358=VECTOR('',#3357,0.181102362204724);
#3359=LINE('',#3356,#3358);
#3360=EDGE_CURVE('',#3355,#3347,#3359,.T.);
#3361=ORIENTED_EDGE('',*,*,#3360,.F.);
#3362=CARTESIAN_POINT('',(0.088582677165354,0.0,0.122047244094488));
#3363=VERTEX_POINT('',#3362);
#3364=CARTESIAN_POINT('',(0.088582677165354,0.0,0.122047244094488));
#3365=DIRECTION('',(0.0,0.0,1.0));
#3366=VECTOR('',#3365,0.015748031496063);
#3367=LINE('',#3364,#3366);
#3368=EDGE_CURVE('',#3363,#3355,#3367,.T.);
#3369=ORIENTED_EDGE('',*,*,#3368,.F.);
#3370=CARTESIAN_POINT('',(0.088582677165354,0.018503937007874,0.122047244094488));
#3371=VERTEX_POINT('',#3370);
#3372=CARTESIAN_POINT('',(0.088582677165354,0.0,0.122047244094488));
#3373=DIRECTION('',(0.0,1.0,0.0));
#3374=VECTOR('',#3373,0.018503937007874);
#3375=LINE('',#3372,#3374);
#3376=EDGE_CURVE('',#3363,#3371,#3375,.T.);
#3377=ORIENTED_EDGE('',*,*,#3376,.T.);
#3378=CARTESIAN_POINT('',(0.088582677165354,0.018503937007874,-0.122047244094488));
#3379=VERTEX_POINT('',#3378);
#3380=CARTESIAN_POINT('',(0.088582677165354,0.018503937007874,0.122047244094488));
#3381=DIRECTION('',(0.0,0.0,-1.0));
#3382=VECTOR('',#3381,0.244094488188976);
#3383=LINE('',#3380,#3382);
#3384=EDGE_CURVE('',#3371,#3379,#3383,.T.);
#3385=ORIENTED_EDGE('',*,*,#3384,.T.);
#3386=CARTESIAN_POINT('',(0.088582677165354,0.0,-0.122047244094488));
#3387=VERTEX_POINT('',#3386);
#3388=CARTESIAN_POINT('',(0.088582677165354,0.018503937007874,-0.122047244094488));
#3389=DIRECTION('',(0.0,-1.0,0.0));
#3390=VECTOR('',#3389,0.018503937007874);
#3391=LINE('',#3388,#3390);
#3392=EDGE_CURVE('',#3379,#3387,#3391,.T.);
#3393=ORIENTED_EDGE('',*,*,#3392,.T.);
#3394=CARTESIAN_POINT('',(0.088582677165354,0.0,-0.137795275590551));
#3395=VERTEX_POINT('',#3394);
#3396=CARTESIAN_POINT('',(0.088582677165354,0.0,-0.137795275590551));
#3397=DIRECTION('',(0.0,0.0,1.0));
#3398=VECTOR('',#3397,0.015748031496063);
#3399=LINE('',#3396,#3398);
#3400=EDGE_CURVE('',#3395,#3387,#3399,.T.);
#3401=ORIENTED_EDGE('',*,*,#3400,.F.);
#3402=CARTESIAN_POINT('',(0.088582677165354,0.181102362204724,-0.137795275590551));
#3403=VERTEX_POINT('',#3402);
#3404=CARTESIAN_POINT('',(0.088582677165354,0.181102362204724,-0.137795275590551));
#3405=DIRECTION('',(0.0,-1.0,0.0));
#3406=VECTOR('',#3405,0.181102362204724);
#3407=LINE('',#3404,#3406);
#3408=EDGE_CURVE('',#3403,#3395,#3407,.T.);
#3409=ORIENTED_EDGE('',*,*,#3408,.F.);
#3410=CARTESIAN_POINT('',(0.088582677165354,0.181102362204724,-0.088582677165354));
#3411=VERTEX_POINT('',#3410);
#3412=CARTESIAN_POINT('',(0.088582677165354,0.181102362204724,-0.137795275590551));
#3413=DIRECTION('',(0.0,0.0,1.0));
#3414=VECTOR('',#3413,0.049212598425197);
#3415=LINE('',#3412,#3414);
#3416=EDGE_CURVE('',#3403,#3411,#3415,.T.);
#3417=ORIENTED_EDGE('',*,*,#3416,.T.);
#3418=CARTESIAN_POINT('',(0.088582677165354,0.196850393700787,-0.088582677165354));
#3419=VERTEX_POINT('',#3418);
#3420=CARTESIAN_POINT('',(0.088582677165354,0.181102362204724,-0.088582677165354));
#3421=DIRECTION('',(0.0,1.0,0.0));
#3422=VECTOR('',#3421,0.015748031496063);
#3423=LINE('',#3420,#3422);
#3424=EDGE_CURVE('',#3411,#3419,#3423,.T.);
#3425=ORIENTED_EDGE('',*,*,#3424,.T.);
#3426=CARTESIAN_POINT('',(0.088582677165354,0.196850393700787,-0.088582677165354));
#3427=DIRECTION('',(0.0,0.0,-1.0));
#3428=VECTOR('',#3427,0.049212598425197);
#3429=LINE('',#3426,#3428);
#3430=EDGE_CURVE('',#3419,#3274,#3429,.T.);
#3431=ORIENTED_EDGE('',*,*,#3430,.T.);
#3432=EDGE_LOOP('',(#3313,#3321,#3329,#3337,#3345,#3353,#3361,#3369,#3377,#3385,#3393,#3401,#3409,#3417,#3425,#3431));
#3433=FACE_OUTER_BOUND('',#3432,.T.);
#3434=ADVANCED_FACE('',(#3433),#3312,.T.);
#3435=CARTESIAN_POINT('',(-0.097440944881889,0.228346456692914,-0.121604330708661));
#3436=DIRECTION('',(0.0,1.0,0.0));
#3437=DIRECTION('',(0.0,0.0,1.0));
#3438=AXIS2_PLACEMENT_3D('',#3435,#3436,#3437);
#3439=PLANE('',#3438);
#3440=ORIENTED_EDGE('',*,*,#3303,.T.);
#3441=CARTESIAN_POINT('',(-0.088582677165354,0.228346456692914,0.137795275590551));
#3442=VERTEX_POINT('',#3441);
#3443=CARTESIAN_POINT('',(-0.088582677165354,0.228346456692914,-0.109251968503937));
#3444=DIRECTION('',(0.0,0.0,1.0));
#3445=VECTOR('',#3444,0.247047244094488);
#3446=LINE('',#3443,#3445);
#3447=EDGE_CURVE('',#3292,#3442,#3446,.T.);
#3448=ORIENTED_EDGE('',*,*,#3447,.T.);
#3449=CARTESIAN_POINT('',(-0.088582677165354,0.228346456692914,0.137795275590551));
#3450=DIRECTION('',(1.0,0.0,0.0));
#3451=VECTOR('',#3450,0.177165354330708);
#3452=LINE('',#3449,#3451);
#3453=EDGE_CURVE('',#3442,#3315,#3452,.T.);
#3454=ORIENTED_EDGE('',*,*,#3453,.T.);
#3455=ORIENTED_EDGE('',*,*,#3320,.T.);
#3456=EDGE_LOOP('',(#3440,#3448,#3454,#3455));
#3457=FACE_OUTER_BOUND('',#3456,.T.);
#3458=ORIENTED_EDGE('',*,*,#3208,.T.);
#3459=ORIENTED_EDGE('',*,*,#2989,.T.);
#3460=ORIENTED_EDGE('',*,*,#3019,.T.);
#3461=ORIENTED_EDGE('',*,*,#3230,.T.);
#3462=EDGE_LOOP('',(#3458,#3459,#3460,#3461));
#3463=FACE_BOUND('',#3462,.T.);
#3464=ADVANCED_FACE('',(#3457,#3463),#3439,.T.);
#3465=CARTESIAN_POINT('',(-0.089370078740157,-0.000925196850394,0.122047244094488));
#3466=DIRECTION('',(0.0,0.0,1.0));
#3467=DIRECTION('',(1.0,0.0,0.0));
#3468=AXIS2_PLACEMENT_3D('',#3465,#3466,#3467);
#3469=PLANE('',#3468);
#3470=CARTESIAN_POINT('',(-0.072834645669291,0.018503937007874,0.122047244094488));
#3471=VERTEX_POINT('',#3470);
#3472=CARTESIAN_POINT('',(-0.088582677165354,0.018503937007874,0.122047244094488));
#3473=VERTEX_POINT('',#3472);
#3474=CARTESIAN_POINT('',(-0.072834645669291,0.018503937007874,0.122047244094488));
#3475=DIRECTION('',(-1.0,0.0,0.0));
#3476=VECTOR('',#3475,0.015748031496063);
#3477=LINE('',#3474,#3476);
#3478=EDGE_CURVE('',#3471,#3473,#3477,.T.);
#3479=ORIENTED_EDGE('',*,*,#3478,.F.);
#3480=CARTESIAN_POINT('',(-0.072834645669291,0.0,0.122047244094488));
#3481=VERTEX_POINT('',#3480);
#3482=CARTESIAN_POINT('',(-0.072834645669291,0.0,0.122047244094488));
#3483=DIRECTION('',(0.0,1.0,0.0));
#3484=VECTOR('',#3483,0.018503937007874);
#3485=LINE('',#3482,#3484);
#3486=EDGE_CURVE('',#3481,#3471,#3485,.T.);
#3487=ORIENTED_EDGE('',*,*,#3486,.F.);
#3488=CARTESIAN_POINT('',(-0.088582677165354,0.0,0.122047244094488));
#3489=VERTEX_POINT('',#3488);
#3490=CARTESIAN_POINT('',(-0.088582677165354,0.0,0.122047244094488));
#3491=DIRECTION('',(1.0,0.0,0.0));
#3492=VECTOR('',#3491,0.015748031496063);
#3493=LINE('',#3490,#3492);
#3494=EDGE_CURVE('',#3489,#3481,#3493,.T.);
#3495=ORIENTED_EDGE('',*,*,#3494,.F.);
#3496=CARTESIAN_POINT('',(-0.088582677165354,0.018503937007874,0.122047244094488));
#3497=DIRECTION('',(0.0,-1.0,0.0));
#3498=VECTOR('',#3497,0.018503937007874);
#3499=LINE('',#3496,#3498);
#3500=EDGE_CURVE('',#3473,#3489,#3499,.T.);
#3501=ORIENTED_EDGE('',*,*,#3500,.F.);
#3502=EDGE_LOOP('',(#3479,#3487,#3495,#3501));
#3503=FACE_OUTER_BOUND('',#3502,.T.);
#3504=ADVANCED_FACE('',(#3503),#3469,.F.);
#3505=CARTESIAN_POINT('',(-0.072047244094488,-0.000925196850394,-0.122047244094488));
#3506=DIRECTION('',(0.0,0.0,-1.0));
#3507=DIRECTION('',(-1.0,0.0,0.0));
#3508=AXIS2_PLACEMENT_3D('',#3505,#3506,#3507);
#3509=PLANE('',#3508);
#3510=CARTESIAN_POINT('',(-0.088582677165354,0.018503937007874,-0.122047244094488));
#3511=VERTEX_POINT('',#3510);
#3512=CARTESIAN_POINT('',(-0.072834645669291,0.018503937007874,-0.122047244094488));
#3513=VERTEX_POINT('',#3512);
#3514=CARTESIAN_POINT('',(-0.088582677165354,0.018503937007874,-0.122047244094488));
#3515=DIRECTION('',(1.0,0.0,0.0));
#3516=VECTOR('',#3515,0.015748031496063);
#3517=LINE('',#3514,#3516);
#3518=EDGE_CURVE('',#3511,#3513,#3517,.T.);
#3519=ORIENTED_EDGE('',*,*,#3518,.F.);
#3520=CARTESIAN_POINT('',(-0.088582677165354,0.0,-0.122047244094488));
#3521=VERTEX_POINT('',#3520);
#3522=CARTESIAN_POINT('',(-0.088582677165354,0.0,-0.122047244094488));
#3523=DIRECTION('',(0.0,1.0,0.0));
#3524=VECTOR('',#3523,0.018503937007874);
#3525=LINE('',#3522,#3524);
#3526=EDGE_CURVE('',#3521,#3511,#3525,.T.);
#3527=ORIENTED_EDGE('',*,*,#3526,.F.);
#3528=CARTESIAN_POINT('',(-0.072834645669291,0.0,-0.122047244094488));
#3529=VERTEX_POINT('',#3528);
#3530=CARTESIAN_POINT('',(-0.072834645669291,0.0,-0.122047244094488));
#3531=DIRECTION('',(-1.0,0.0,0.0));
#3532=VECTOR('',#3531,0.015748031496063);
#3533=LINE('',#3530,#3532);
#3534=EDGE_CURVE('',#3529,#3521,#3533,.T.);
#3535=ORIENTED_EDGE('',*,*,#3534,.F.);
#3536=CARTESIAN_POINT('',(-0.072834645669291,0.0,-0.122047244094488));
#3537=DIRECTION('',(0.0,1.0,0.0));
#3538=VECTOR('',#3537,0.018503937007874);
#3539=LINE('',#3536,#3538);
#3540=EDGE_CURVE('',#3529,#3513,#3539,.T.);
#3541=ORIENTED_EDGE('',*,*,#3540,.T.);
#3542=EDGE_LOOP('',(#3519,#3527,#3535,#3541));
#3543=FACE_OUTER_BOUND('',#3542,.T.);
#3544=ADVANCED_FACE('',(#3543),#3509,.F.);
#3545=CARTESIAN_POINT('',(-0.072834645669291,-0.000925196850394,-0.138582677165354));
#3546=DIRECTION('',(-1.0,0.0,0.0));
#3547=DIRECTION('',(0.0,0.0,1.0));
#3548=AXIS2_PLACEMENT_3D('',#3545,#3546,#3547);
#3549=PLANE('',#3548);
#3550=CARTESIAN_POINT('',(-0.072834645669291,0.018503937007874,-0.137795275590551));
#3551=VERTEX_POINT('',#3550);
#3552=CARTESIAN_POINT('',(-0.072834645669291,0.018503937007874,-0.122047244094488));
#3553=DIRECTION('',(0.0,0.0,-1.0));
#3554=VECTOR('',#3553,0.015748031496063);
#3555=LINE('',#3552,#3554);
#3556=EDGE_CURVE('',#3513,#3551,#3555,.T.);
#3557=ORIENTED_EDGE('',*,*,#3556,.F.);
#3558=ORIENTED_EDGE('',*,*,#3540,.F.);
#3559=CARTESIAN_POINT('',(-0.072834645669291,0.0,-0.137795275590551));
#3560=VERTEX_POINT('',#3559);
#3561=CARTESIAN_POINT('',(-0.072834645669291,0.0,-0.137795275590551));
#3562=DIRECTION('',(0.0,0.0,1.0));
#3563=VECTOR('',#3562,0.015748031496063);
#3564=LINE('',#3561,#3563);
#3565=EDGE_CURVE('',#3560,#3529,#3564,.T.);
#3566=ORIENTED_EDGE('',*,*,#3565,.F.);
#3567=CARTESIAN_POINT('',(-0.072834645669291,0.018503937007874,-0.137795275590551));
#3568=DIRECTION('',(0.0,-1.0,0.0));
#3569=VECTOR('',#3568,0.018503937007874);
#3570=LINE('',#3567,#3569);
#3571=EDGE_CURVE('',#3551,#3560,#3570,.T.);
#3572=ORIENTED_EDGE('',*,*,#3571,.F.);
#3573=EDGE_LOOP('',(#3557,#3558,#3566,#3572));
#3574=FACE_OUTER_BOUND('',#3573,.T.);
#3575=ADVANCED_FACE('',(#3574),#3549,.F.);
#3576=CARTESIAN_POINT('',(0.072834645669291,-0.000925196850394,-0.121259842519685));
#3577=DIRECTION('',(1.0,0.0,0.0));
#3578=DIRECTION('',(0.0,0.0,-1.0));
#3579=AXIS2_PLACEMENT_3D('',#3576,#3577,#3578);
#3580=PLANE('',#3579);
#3581=CARTESIAN_POINT('',(0.072834645669291,0.018503937007874,-0.137795275590551));
#3582=VERTEX_POINT('',#3581);
#3583=CARTESIAN_POINT('',(0.072834645669291,0.018503937007874,-0.122047244094488));
#3584=VERTEX_POINT('',#3583);
#3585=CARTESIAN_POINT('',(0.072834645669291,0.018503937007874,-0.137795275590551));
#3586=DIRECTION('',(0.0,0.0,1.0));
#3587=VECTOR('',#3586,0.015748031496063);
#3588=LINE('',#3585,#3587);
#3589=EDGE_CURVE('',#3582,#3584,#3588,.T.);
#3590=ORIENTED_EDGE('',*,*,#3589,.F.);
#3591=CARTESIAN_POINT('',(0.072834645669291,0.0,-0.137795275590551));
#3592=VERTEX_POINT('',#3591);
#3593=CARTESIAN_POINT('',(0.072834645669291,0.0,-0.137795275590551));
#3594=DIRECTION('',(0.0,1.0,0.0));
#3595=VECTOR('',#3594,0.018503937007874);
#3596=LINE('',#3593,#3595);
#3597=EDGE_CURVE('',#3592,#3582,#3596,.T.);
#3598=ORIENTED_EDGE('',*,*,#3597,.F.);
#3599=CARTESIAN_POINT('',(0.072834645669291,0.0,-0.122047244094488));
#3600=VERTEX_POINT('',#3599);
#3601=CARTESIAN_POINT('',(0.072834645669291,0.0,-0.122047244094488));
#3602=DIRECTION('',(0.0,0.0,-1.0));
#3603=VECTOR('',#3602,0.015748031496063);
#3604=LINE('',#3601,#3603);
#3605=EDGE_CURVE('',#3600,#3592,#3604,.T.);
#3606=ORIENTED_EDGE('',*,*,#3605,.F.);
#3607=CARTESIAN_POINT('',(0.072834645669291,0.0,-0.122047244094488));
#3608=DIRECTION('',(0.0,1.0,0.0));
#3609=VECTOR('',#3608,0.018503937007874);
#3610=LINE('',#3607,#3609);
#3611=EDGE_CURVE('',#3600,#3584,#3610,.T.);
#3612=ORIENTED_EDGE('',*,*,#3611,.T.);
#3613=EDGE_LOOP('',(#3590,#3598,#3606,#3612));
#3614=FACE_OUTER_BOUND('',#3613,.T.);
#3615=ADVANCED_FACE('',(#3614),#3580,.F.);
#3616=CARTESIAN_POINT('',(0.089370078740157,-0.000925196850394,-0.122047244094488));
#3617=DIRECTION('',(0.0,0.0,-1.0));
#3618=DIRECTION('',(-1.0,0.0,0.0));
#3619=AXIS2_PLACEMENT_3D('',#3616,#3617,#3618);
#3620=PLANE('',#3619);
#3621=CARTESIAN_POINT('',(0.072834645669291,0.018503937007874,-0.122047244094488));
#3622=DIRECTION('',(1.0,0.0,0.0));
#3623=VECTOR('',#3622,0.015748031496063);
#3624=LINE('',#3621,#3623);
#3625=EDGE_CURVE('',#3584,#3379,#3624,.T.);
#3626=ORIENTED_EDGE('',*,*,#3625,.F.);
#3627=ORIENTED_EDGE('',*,*,#3611,.F.);
#3628=CARTESIAN_POINT('',(0.088582677165354,0.0,-0.122047244094488));
#3629=DIRECTION('',(-1.0,0.0,0.0));
#3630=VECTOR('',#3629,0.015748031496063);
#3631=LINE('',#3628,#3630);
#3632=EDGE_CURVE('',#3387,#3600,#3631,.T.);
#3633=ORIENTED_EDGE('',*,*,#3632,.F.);
#3634=ORIENTED_EDGE('',*,*,#3392,.F.);
#3635=EDGE_LOOP('',(#3626,#3627,#3633,#3634));
#3636=FACE_OUTER_BOUND('',#3635,.T.);
#3637=ADVANCED_FACE('',(#3636),#3620,.F.);
#3638=CARTESIAN_POINT('',(0.072047244094488,-0.000925196850394,0.122047244094488));
#3639=DIRECTION('',(0.0,0.0,1.0));
#3640=DIRECTION('',(1.0,0.0,0.0));
#3641=AXIS2_PLACEMENT_3D('',#3638,#3639,#3640);
#3642=PLANE('',#3641);
#3643=CARTESIAN_POINT('',(0.072834645669291,0.018503937007874,0.122047244094488));
#3644=VERTEX_POINT('',#3643);
#3645=CARTESIAN_POINT('',(0.088582677165354,0.018503937007874,0.122047244094488));
#3646=DIRECTION('',(-1.0,0.0,0.0));
#3647=VECTOR('',#3646,0.015748031496063);
#3648=LINE('',#3645,#3647);
#3649=EDGE_CURVE('',#3371,#3644,#3648,.T.);
#3650=ORIENTED_EDGE('',*,*,#3649,.F.);
#3651=ORIENTED_EDGE('',*,*,#3376,.F.);
#3652=CARTESIAN_POINT('',(0.072834645669291,0.0,0.122047244094488));
#3653=VERTEX_POINT('',#3652);
#3654=CARTESIAN_POINT('',(0.072834645669291,0.0,0.122047244094488));
#3655=DIRECTION('',(1.0,0.0,0.0));
#3656=VECTOR('',#3655,0.015748031496063);
#3657=LINE('',#3654,#3656);
#3658=EDGE_CURVE('',#3653,#3363,#3657,.T.);
#3659=ORIENTED_EDGE('',*,*,#3658,.F.);
#3660=CARTESIAN_POINT('',(0.072834645669291,0.0,0.122047244094488));
#3661=DIRECTION('',(0.0,1.0,0.0));
#3662=VECTOR('',#3661,0.018503937007874);
#3663=LINE('',#3660,#3662);
#3664=EDGE_CURVE('',#3653,#3644,#3663,.T.);
#3665=ORIENTED_EDGE('',*,*,#3664,.T.);
#3666=EDGE_LOOP('',(#3650,#3651,#3659,#3665));
#3667=FACE_OUTER_BOUND('',#3666,.T.);
#3668=ADVANCED_FACE('',(#3667),#3642,.F.);
#3669=CARTESIAN_POINT('',(0.072834645669291,-0.000925196850394,0.138582677165354));
#3670=DIRECTION('',(1.0,0.0,0.0));
#3671=DIRECTION('',(0.0,0.0,-1.0));
#3672=AXIS2_PLACEMENT_3D('',#3669,#3670,#3671);
#3673=PLANE('',#3672);
#3674=CARTESIAN_POINT('',(0.072834645669291,0.018503937007874,0.137795275590551));
#3675=VERTEX_POINT('',#3674);
#3676=CARTESIAN_POINT('',(0.072834645669291,0.018503937007874,0.122047244094488));
#3677=DIRECTION('',(0.0,0.0,1.0));
#3678=VECTOR('',#3677,0.015748031496063);
#3679=LINE('',#3676,#3678);
#3680=EDGE_CURVE('',#3644,#3675,#3679,.T.);
#3681=ORIENTED_EDGE('',*,*,#3680,.F.);
#3682=ORIENTED_EDGE('',*,*,#3664,.F.);
#3683=CARTESIAN_POINT('',(0.072834645669291,0.0,0.137795275590551));
#3684=VERTEX_POINT('',#3683);
#3685=CARTESIAN_POINT('',(0.072834645669291,0.0,0.137795275590551));
#3686=DIRECTION('',(0.0,0.0,-1.0));
#3687=VECTOR('',#3686,0.015748031496063);
#3688=LINE('',#3685,#3687);
#3689=EDGE_CURVE('',#3684,#3653,#3688,.T.);
#3690=ORIENTED_EDGE('',*,*,#3689,.F.);
#3691=CARTESIAN_POINT('',(0.072834645669291,0.018503937007874,0.137795275590551));
#3692=DIRECTION('',(0.0,-1.0,0.0));
#3693=VECTOR('',#3692,0.018503937007874);
#3694=LINE('',#3691,#3693);
#3695=EDGE_CURVE('',#3675,#3684,#3694,.T.);
#3696=ORIENTED_EDGE('',*,*,#3695,.F.);
#3697=EDGE_LOOP('',(#3681,#3682,#3690,#3696));
#3698=FACE_OUTER_BOUND('',#3697,.T.);
#3699=ADVANCED_FACE('',(#3698),#3673,.F.);
#3700=CARTESIAN_POINT('',(-0.072834645669291,-0.000925196850394,0.121259842519685));
#3701=DIRECTION('',(-1.0,0.0,0.0));
#3702=DIRECTION('',(0.0,0.0,1.0));
#3703=AXIS2_PLACEMENT_3D('',#3700,#3701,#3702);
#3704=PLANE('',#3703);
#3705=CARTESIAN_POINT('',(-0.072834645669291,0.018503937007874,0.137795275590551));
#3706=VERTEX_POINT('',#3705);
#3707=CARTESIAN_POINT('',(-0.072834645669291,0.018503937007874,0.137795275590551));
#3708=DIRECTION('',(0.0,0.0,-1.0));
#3709=VECTOR('',#3708,0.015748031496063);
#3710=LINE('',#3707,#3709);
#3711=EDGE_CURVE('',#3706,#3471,#3710,.T.);
#3712=ORIENTED_EDGE('',*,*,#3711,.F.);
#3713=CARTESIAN_POINT('',(-0.072834645669291,0.0,0.137795275590551));
#3714=VERTEX_POINT('',#3713);
#3715=CARTESIAN_POINT('',(-0.072834645669291,0.0,0.137795275590551));
#3716=DIRECTION('',(0.0,1.0,0.0));
#3717=VECTOR('',#3716,0.018503937007874);
#3718=LINE('',#3715,#3717);
#3719=EDGE_CURVE('',#3714,#3706,#3718,.T.);
#3720=ORIENTED_EDGE('',*,*,#3719,.F.);
#3721=CARTESIAN_POINT('',(-0.072834645669291,0.0,0.122047244094488));
#3722=DIRECTION('',(0.0,0.0,1.0));
#3723=VECTOR('',#3722,0.015748031496063);
#3724=LINE('',#3721,#3723);
#3725=EDGE_CURVE('',#3481,#3714,#3724,.T.);
#3726=ORIENTED_EDGE('',*,*,#3725,.F.);
#3727=ORIENTED_EDGE('',*,*,#3486,.T.);
#3728=EDGE_LOOP('',(#3712,#3720,#3726,#3727));
#3729=FACE_OUTER_BOUND('',#3728,.T.);
#3730=ADVANCED_FACE('',(#3729),#3704,.F.);
#3731=CARTESIAN_POINT('',(-0.097440944881889,0.018503937007874,-0.151574803149606));
#3732=DIRECTION('',(0.0,1.0,0.0));
#3733=DIRECTION('',(0.0,0.0,1.0));
#3734=AXIS2_PLACEMENT_3D('',#3731,#3732,#3733);
#3735=PLANE('',#3734);
#3736=ORIENTED_EDGE('',*,*,#3478,.T.);
#3737=CARTESIAN_POINT('',(-0.088582677165354,0.018503937007874,-0.122047244094488));
#3738=DIRECTION('',(0.0,0.0,1.0));
#3739=VECTOR('',#3738,0.244094488188976);
#3740=LINE('',#3737,#3739);
#3741=EDGE_CURVE('',#3511,#3473,#3740,.T.);
#3742=ORIENTED_EDGE('',*,*,#3741,.F.);
#3743=ORIENTED_EDGE('',*,*,#3518,.T.);
#3744=ORIENTED_EDGE('',*,*,#3556,.T.);
#3745=CARTESIAN_POINT('',(0.072834645669291,0.018503937007874,-0.137795275590551));
#3746=DIRECTION('',(-1.0,0.0,0.0));
#3747=VECTOR('',#3746,0.145669291338582);
#3748=LINE('',#3745,#3747);
#3749=EDGE_CURVE('',#3582,#3551,#3748,.T.);
#3750=ORIENTED_EDGE('',*,*,#3749,.F.);
#3751=ORIENTED_EDGE('',*,*,#3589,.T.);
#3752=ORIENTED_EDGE('',*,*,#3625,.T.);
#3753=ORIENTED_EDGE('',*,*,#3384,.F.);
#3754=ORIENTED_EDGE('',*,*,#3649,.T.);
#3755=ORIENTED_EDGE('',*,*,#3680,.T.);
#3756=CARTESIAN_POINT('',(-0.072834645669291,0.018503937007874,0.137795275590551));
#3757=DIRECTION('',(1.0,0.0,0.0));
#3758=VECTOR('',#3757,0.145669291338582);
#3759=LINE('',#3756,#3758);
#3760=EDGE_CURVE('',#3706,#3675,#3759,.T.);
#3761=ORIENTED_EDGE('',*,*,#3760,.F.);
#3762=ORIENTED_EDGE('',*,*,#3711,.T.);
#3763=EDGE_LOOP('',(#3736,#3742,#3743,#3744,#3750,#3751,#3752,#3753,#3754,#3755,#3761,#3762));
#3764=FACE_OUTER_BOUND('',#3763,.T.);
#3765=ORIENTED_EDGE('',*,*,#911,.T.);
#3766=ORIENTED_EDGE('',*,*,#1280,.T.);
#3767=ORIENTED_EDGE('',*,*,#803,.T.);
#3768=ORIENTED_EDGE('',*,*,#941,.T.);
#3769=ORIENTED_EDGE('',*,*,#727,.T.);
#3770=ORIENTED_EDGE('',*,*,#958,.T.);
#3771=ORIENTED_EDGE('',*,*,#857,.T.);
#3772=ORIENTED_EDGE('',*,*,#1019,.T.);
#3773=EDGE_LOOP('',(#3765,#3766,#3767,#3768,#3769,#3770,#3771,#3772));
#3774=FACE_BOUND('',#3773,.T.);
#3775=ORIENTED_EDGE('',*,*,#1625,.T.);
#3776=ORIENTED_EDGE('',*,*,#1672,.T.);
#3777=ORIENTED_EDGE('',*,*,#1571,.T.);
#3778=ORIENTED_EDGE('',*,*,#1831,.T.);
#3779=ORIENTED_EDGE('',*,*,#1463,.T.);
#3780=ORIENTED_EDGE('',*,*,#1814,.T.);
#3781=ORIENTED_EDGE('',*,*,#1517,.T.);
#3782=ORIENTED_EDGE('',*,*,#1655,.T.);
#3783=EDGE_LOOP('',(#3775,#3776,#3777,#3778,#3779,#3780,#3781,#3782));
#3784=FACE_BOUND('',#3783,.T.);
#3785=ORIENTED_EDGE('',*,*,#2356,.T.);
#3786=ORIENTED_EDGE('',*,*,#2403,.T.);
#3787=ORIENTED_EDGE('',*,*,#2302,.T.);
#3788=ORIENTED_EDGE('',*,*,#2725,.T.);
#3789=ORIENTED_EDGE('',*,*,#2194,.T.);
#3790=ORIENTED_EDGE('',*,*,#2464,.T.);
#3791=ORIENTED_EDGE('',*,*,#2248,.T.);
#3792=ORIENTED_EDGE('',*,*,#2386,.T.);
#3793=EDGE_LOOP('',(#3785,#3786,#3787,#3788,#3789,#3790,#3791,#3792));
#3794=FACE_BOUND('',#3793,.T.);
#3795=ADVANCED_FACE('',(#3764,#3774,#3784,#3794),#3735,.F.);
#3796=CARTESIAN_POINT('',(-0.088582677165354,-0.011417322834646,0.151574803149606));
#3797=DIRECTION('',(1.0,0.0,0.0));
#3798=DIRECTION('',(0.0,0.0,-1.0));
#3799=AXIS2_PLACEMENT_3D('',#3796,#3797,#3798);
#3800=PLANE('',#3799);
#3801=ORIENTED_EDGE('',*,*,#3297,.T.);
#3802=CARTESIAN_POINT('',(-0.088582677165354,0.196850393700787,-0.090551181102362));
#3803=VERTEX_POINT('',#3802);
#3804=CARTESIAN_POINT('',(-0.088582677165354,0.196850393700787,-0.137795275590551));
#3805=DIRECTION('',(0.0,0.0,1.0));
#3806=VECTOR('',#3805,0.047244094488189);
#3807=LINE('',#3804,#3806);
#3808=EDGE_CURVE('',#3284,#3803,#3807,.T.);
#3809=ORIENTED_EDGE('',*,*,#3808,.T.);
#3810=CARTESIAN_POINT('',(-0.088582677165354,0.181102362204724,-0.090551181102362));
#3811=VERTEX_POINT('',#3810);
#3812=CARTESIAN_POINT('',(-0.088582677165354,0.196850393700787,-0.090551181102362));
#3813=DIRECTION('',(0.0,-1.0,0.0));
#3814=VECTOR('',#3813,0.015748031496063);
#3815=LINE('',#3812,#3814);
#3816=EDGE_CURVE('',#3803,#3811,#3815,.T.);
#3817=ORIENTED_EDGE('',*,*,#3816,.T.);
#3818=CARTESIAN_POINT('',(-0.088582677165354,0.181102362204724,-0.137795275590551));
#3819=VERTEX_POINT('',#3818);
#3820=CARTESIAN_POINT('',(-0.088582677165354,0.181102362204724,-0.090551181102362));
#3821=DIRECTION('',(0.0,0.0,-1.0));
#3822=VECTOR('',#3821,0.047244094488189);
#3823=LINE('',#3820,#3822);
#3824=EDGE_CURVE('',#3811,#3819,#3823,.T.);
#3825=ORIENTED_EDGE('',*,*,#3824,.T.);
#3826=CARTESIAN_POINT('',(-0.088582677165354,0.0,-0.137795275590551));
#3827=VERTEX_POINT('',#3826);
#3828=CARTESIAN_POINT('',(-0.088582677165354,0.0,-0.137795275590551));
#3829=DIRECTION('',(0.0,1.0,0.0));
#3830=VECTOR('',#3829,0.181102362204724);
#3831=LINE('',#3828,#3830);
#3832=EDGE_CURVE('',#3827,#3819,#3831,.T.);
#3833=ORIENTED_EDGE('',*,*,#3832,.F.);
#3834=CARTESIAN_POINT('',(-0.088582677165354,0.0,-0.122047244094488));
#3835=DIRECTION('',(0.0,0.0,-1.0));
#3836=VECTOR('',#3835,0.015748031496063);
#3837=LINE('',#3834,#3836);
#3838=EDGE_CURVE('',#3521,#3827,#3837,.T.);
#3839=ORIENTED_EDGE('',*,*,#3838,.F.);
#3840=ORIENTED_EDGE('',*,*,#3526,.T.);
#3841=ORIENTED_EDGE('',*,*,#3741,.T.);
#3842=ORIENTED_EDGE('',*,*,#3500,.T.);
#3843=CARTESIAN_POINT('',(-0.088582677165354,0.0,0.137795275590551));
#3844=VERTEX_POINT('',#3843);
#3845=CARTESIAN_POINT('',(-0.088582677165354,0.0,0.137795275590551));
#3846=DIRECTION('',(0.0,0.0,-1.0));
#3847=VECTOR('',#3846,0.015748031496063);
#3848=LINE('',#3845,#3847);
#3849=EDGE_CURVE('',#3844,#3489,#3848,.T.);
#3850=ORIENTED_EDGE('',*,*,#3849,.F.);
#3851=CARTESIAN_POINT('',(-0.088582677165354,0.181102362204724,0.137795275590551));
#3852=VERTEX_POINT('',#3851);
#3853=CARTESIAN_POINT('',(-0.088582677165354,0.181102362204724,0.137795275590551));
#3854=DIRECTION('',(0.0,-1.0,0.0));
#3855=VECTOR('',#3854,0.181102362204724);
#3856=LINE('',#3853,#3855);
#3857=EDGE_CURVE('',#3852,#3844,#3856,.T.);
#3858=ORIENTED_EDGE('',*,*,#3857,.F.);
#3859=CARTESIAN_POINT('',(-0.088582677165354,0.181102362204724,0.090551181102362));
#3860=VERTEX_POINT('',#3859);
#3861=CARTESIAN_POINT('',(-0.088582677165354,0.181102362204724,0.137795275590551));
#3862=DIRECTION('',(0.0,0.0,-1.0));
#3863=VECTOR('',#3862,0.047244094488189);
#3864=LINE('',#3861,#3863);
#3865=EDGE_CURVE('',#3852,#3860,#3864,.T.);
#3866=ORIENTED_EDGE('',*,*,#3865,.T.);
#3867=CARTESIAN_POINT('',(-0.088582677165354,0.196850393700787,0.090551181102362));
#3868=VERTEX_POINT('',#3867);
#3869=CARTESIAN_POINT('',(-0.088582677165354,0.181102362204724,0.090551181102362));
#3870=DIRECTION('',(0.0,1.0,0.0));
#3871=VECTOR('',#3870,0.015748031496063);
#3872=LINE('',#3869,#3871);
#3873=EDGE_CURVE('',#3860,#3868,#3872,.T.);
#3874=ORIENTED_EDGE('',*,*,#3873,.T.);
#3875=CARTESIAN_POINT('',(-0.088582677165354,0.196850393700787,0.137795275590551));
#3876=VERTEX_POINT('',#3875);
#3877=CARTESIAN_POINT('',(-0.088582677165354,0.196850393700787,0.090551181102362));
#3878=DIRECTION('',(0.0,0.0,1.0));
#3879=VECTOR('',#3878,0.047244094488189);
#3880=LINE('',#3877,#3879);
#3881=EDGE_CURVE('',#3868,#3876,#3880,.T.);
#3882=ORIENTED_EDGE('',*,*,#3881,.T.);
#3883=CARTESIAN_POINT('',(-0.088582677165354,0.228346456692914,0.137795275590551));
#3884=DIRECTION('',(0.0,-1.0,0.0));
#3885=VECTOR('',#3884,0.031496062992127);
#3886=LINE('',#3883,#3885);
#3887=EDGE_CURVE('',#3442,#3876,#3886,.T.);
#3888=ORIENTED_EDGE('',*,*,#3887,.F.);
#3889=ORIENTED_EDGE('',*,*,#3447,.F.);
#3890=EDGE_LOOP('',(#3801,#3809,#3817,#3825,#3833,#3839,#3840,#3841,#3842,#3850,#3858,#3866,#3874,#3882,#3888,#3889));
#3891=FACE_OUTER_BOUND('',#3890,.T.);
#3892=ADVANCED_FACE('',(#3891),#3800,.F.);
#3893=CARTESIAN_POINT('',(-0.089370078740157,0.0,0.138582677165354));
#3894=DIRECTION('',(0.0,-1.0,0.0));
#3895=DIRECTION('',(0.0,0.0,-1.0));
#3896=AXIS2_PLACEMENT_3D('',#3893,#3894,#3895);
#3897=PLANE('',#3896);
#3898=ORIENTED_EDGE('',*,*,#3494,.T.);
#3899=ORIENTED_EDGE('',*,*,#3725,.T.);
#3900=CARTESIAN_POINT('',(-0.088582677165354,0.0,0.137795275590551));
#3901=DIRECTION('',(1.0,0.0,0.0));
#3902=VECTOR('',#3901,0.015748031496063);
#3903=LINE('',#3900,#3902);
#3904=EDGE_CURVE('',#3844,#3714,#3903,.T.);
#3905=ORIENTED_EDGE('',*,*,#3904,.F.);
#3906=ORIENTED_EDGE('',*,*,#3849,.T.);
#3907=EDGE_LOOP('',(#3898,#3899,#3905,#3906));
#3908=FACE_OUTER_BOUND('',#3907,.T.);
#3909=ADVANCED_FACE('',(#3908),#3897,.T.);
#3910=CARTESIAN_POINT('',(0.072047244094488,0.0,0.138582677165354));
#3911=DIRECTION('',(0.0,-1.0,0.0));
#3912=DIRECTION('',(0.0,0.0,-1.0));
#3913=AXIS2_PLACEMENT_3D('',#3910,#3911,#3912);
#3914=PLANE('',#3913);
#3915=ORIENTED_EDGE('',*,*,#3658,.T.);
#3916=ORIENTED_EDGE('',*,*,#3368,.T.);
#3917=CARTESIAN_POINT('',(0.072834645669291,0.0,0.137795275590551));
#3918=DIRECTION('',(1.0,0.0,0.0));
#3919=VECTOR('',#3918,0.015748031496063);
#3920=LINE('',#3917,#3919);
#3921=EDGE_CURVE('',#3684,#3355,#3920,.T.);
#3922=ORIENTED_EDGE('',*,*,#3921,.F.);
#3923=ORIENTED_EDGE('',*,*,#3689,.T.);
#3924=EDGE_LOOP('',(#3915,#3916,#3922,#3923));
#3925=FACE_OUTER_BOUND('',#3924,.T.);
#3926=ADVANCED_FACE('',(#3925),#3914,.T.);
#3927=CARTESIAN_POINT('',(0.072047244094488,0.0,-0.121259842519685));
#3928=DIRECTION('',(0.0,-1.0,0.0));
#3929=DIRECTION('',(0.0,0.0,-1.0));
#3930=AXIS2_PLACEMENT_3D('',#3927,#3928,#3929);
#3931=PLANE('',#3930);
#3932=ORIENTED_EDGE('',*,*,#3605,.T.);
#3933=CARTESIAN_POINT('',(0.072834645669291,0.0,-0.137795275590551));
#3934=DIRECTION('',(1.0,0.0,0.0));
#3935=VECTOR('',#3934,0.015748031496063);
#3936=LINE('',#3933,#3935);
#3937=EDGE_CURVE('',#3592,#3395,#3936,.T.);
#3938=ORIENTED_EDGE('',*,*,#3937,.T.);
#3939=ORIENTED_EDGE('',*,*,#3400,.T.);
#3940=ORIENTED_EDGE('',*,*,#3632,.T.);
#3941=EDGE_LOOP('',(#3932,#3938,#3939,#3940));
#3942=FACE_OUTER_BOUND('',#3941,.T.);
#3943=ADVANCED_FACE('',(#3942),#3931,.T.);
#3944=CARTESIAN_POINT('',(-0.089370078740157,0.0,-0.121259842519685));
#3945=DIRECTION('',(0.0,-1.0,0.0));
#3946=DIRECTION('',(0.0,0.0,-1.0));
#3947=AXIS2_PLACEMENT_3D('',#3944,#3945,#3946);
#3948=PLANE('',#3947);
#3949=ORIENTED_EDGE('',*,*,#3565,.T.);
#3950=ORIENTED_EDGE('',*,*,#3534,.T.);
#3951=ORIENTED_EDGE('',*,*,#3838,.T.);
#3952=CARTESIAN_POINT('',(-0.088582677165354,0.0,-0.137795275590551));
#3953=DIRECTION('',(1.0,0.0,0.0));
#3954=VECTOR('',#3953,0.015748031496063);
#3955=LINE('',#3952,#3954);
#3956=EDGE_CURVE('',#3827,#3560,#3955,.T.);
#3957=ORIENTED_EDGE('',*,*,#3956,.T.);
#3958=EDGE_LOOP('',(#3949,#3950,#3951,#3957));
#3959=FACE_OUTER_BOUND('',#3958,.T.);
#3960=ADVANCED_FACE('',(#3959),#3948,.T.);
#3961=CARTESIAN_POINT('',(-0.097440944881889,-0.009055118110236,0.137795275590551));
#3962=DIRECTION('',(0.0,0.0,1.0));
#3963=DIRECTION('',(1.0,0.0,0.0));
#3964=AXIS2_PLACEMENT_3D('',#3961,#3962,#3963);
#3965=PLANE('',#3964);
#3966=ORIENTED_EDGE('',*,*,#3719,.T.);
#3967=ORIENTED_EDGE('',*,*,#3760,.T.);
#3968=ORIENTED_EDGE('',*,*,#3695,.T.);
#3969=ORIENTED_EDGE('',*,*,#3921,.T.);
#3970=ORIENTED_EDGE('',*,*,#3360,.T.);
#3971=CARTESIAN_POINT('',(0.088582677165354,0.181102362204724,0.137795275590551));
#3972=DIRECTION('',(-1.0,0.0,0.0));
#3973=VECTOR('',#3972,0.177165354330708);
#3974=LINE('',#3971,#3973);
#3975=EDGE_CURVE('',#3347,#3852,#3974,.T.);
#3976=ORIENTED_EDGE('',*,*,#3975,.T.);
#3977=ORIENTED_EDGE('',*,*,#3857,.T.);
#3978=ORIENTED_EDGE('',*,*,#3904,.T.);
#3979=EDGE_LOOP('',(#3966,#3967,#3968,#3969,#3970,#3976,#3977,#3978));
#3980=FACE_OUTER_BOUND('',#3979,.T.);
#3981=ADVANCED_FACE('',(#3980),#3965,.T.);
#3982=CARTESIAN_POINT('',(0.091043307086614,0.180314960629921,0.088582677165354));
#3983=DIRECTION('',(0.0,0.0,-1.0));
#3984=DIRECTION('',(-1.0,0.0,0.0));
#3985=AXIS2_PLACEMENT_3D('',#3982,#3983,#3984);
#3986=PLANE('',#3985);
#3987=CARTESIAN_POINT('',(0.039370078740157,0.181102362204724,0.088582677165354));
#3988=VERTEX_POINT('',#3987);
#3989=CARTESIAN_POINT('',(0.088582677165354,0.181102362204724,0.088582677165354));
#3990=DIRECTION('',(-1.0,0.0,0.0));
#3991=VECTOR('',#3990,0.049212598425197);
#3992=LINE('',#3989,#3991);
#3993=EDGE_CURVE('',#3339,#3988,#3992,.T.);
#3994=ORIENTED_EDGE('',*,*,#3993,.F.);
#3995=ORIENTED_EDGE('',*,*,#3344,.F.);
#3996=CARTESIAN_POINT('',(0.039370078740157,0.196850393700787,0.088582677165354));
#3997=VERTEX_POINT('',#3996);
#3998=CARTESIAN_POINT('',(0.039370078740157,0.196850393700787,0.088582677165354));
#3999=DIRECTION('',(1.0,0.0,0.0));
#4000=VECTOR('',#3999,0.049212598425197);
#4001=LINE('',#3998,#4000);
#4002=EDGE_CURVE('',#3997,#3331,#4001,.T.);
#4003=ORIENTED_EDGE('',*,*,#4002,.F.);
#4004=CARTESIAN_POINT('',(0.039370078740157,0.196850393700787,0.088582677165354));
#4005=DIRECTION('',(0.0,-1.0,0.0));
#4006=VECTOR('',#4005,0.015748031496063);
#4007=LINE('',#4004,#4006);
#4008=EDGE_CURVE('',#3997,#3988,#4007,.T.);
#4009=ORIENTED_EDGE('',*,*,#4008,.T.);
#4010=EDGE_LOOP('',(#3994,#3995,#4003,#4009));
#4011=FACE_OUTER_BOUND('',#4010,.T.);
#4012=ADVANCED_FACE('',(#4011),#3986,.F.);
#4013=CARTESIAN_POINT('',(0.039370078740157,0.180314960629921,0.086909448818897));
#4014=DIRECTION('',(-1.0,0.0,0.0));
#4015=DIRECTION('',(0.0,0.0,1.0));
#4016=AXIS2_PLACEMENT_3D('',#4013,#4014,#4015);
#4017=PLANE('',#4016);
#4018=CARTESIAN_POINT('',(0.039370078740157,0.181102362204724,0.122047244094488));
#4019=VERTEX_POINT('',#4018);
#4020=CARTESIAN_POINT('',(0.039370078740157,0.181102362204724,0.088582677165354));
#4021=DIRECTION('',(0.0,0.0,1.0));
#4022=VECTOR('',#4021,0.033464566929134);
#4023=LINE('',#4020,#4022);
#4024=EDGE_CURVE('',#3988,#4019,#4023,.T.);
#4025=ORIENTED_EDGE('',*,*,#4024,.F.);
#4026=ORIENTED_EDGE('',*,*,#4008,.F.);
#4027=CARTESIAN_POINT('',(0.039370078740157,0.196850393700787,0.122047244094488));
#4028=DIRECTION('',(0.0,0.0,-1.0));
#4029=VECTOR('',#4028,0.033464566929134);
#4030=LINE('',#4027,#4029);
#4031=EDGE_CURVE('',#549,#3997,#4030,.T.);
#4032=ORIENTED_EDGE('',*,*,#4031,.F.);
#4033=ORIENTED_EDGE('',*,*,#554,.T.);
#4034=CARTESIAN_POINT('',(0.039370078740157,0.188976377952756,0.122047244094488));
#4035=DIRECTION('',(0.0,-1.0,0.0));
#4036=VECTOR('',#4035,0.007874015748032);
#4037=LINE('',#4034,#4036);
#4038=EDGE_CURVE('',#539,#4019,#4037,.T.);
#4039=ORIENTED_EDGE('',*,*,#4038,.T.);
#4040=EDGE_LOOP('',(#4025,#4026,#4032,#4033,#4039));
#4041=FACE_OUTER_BOUND('',#4040,.T.);
#4042=ADVANCED_FACE('',(#4041),#4017,.F.);
#4043=CARTESIAN_POINT('',(0.044291338582677,0.180708661417322,0.122047244094488));
#4044=DIRECTION('',(0.0,0.0,-1.0));
#4045=DIRECTION('',(-1.0,0.0,0.0));
#4046=AXIS2_PLACEMENT_3D('',#4043,#4044,#4045);
#4047=PLANE('',#4046);
#4048=CARTESIAN_POINT('',(0.039370078740157,0.188976377952756,0.122047244094488));
#4049=DIRECTION('',(-1.0,0.0,0.0));
#4050=VECTOR('',#4049,0.098425196850393);
#4051=LINE('',#4048,#4050);
#4052=EDGE_CURVE('',#539,#541,#4051,.T.);
#4053=ORIENTED_EDGE('',*,*,#4052,.T.);
#4054=CARTESIAN_POINT('',(-0.059055118110236,0.181102362204724,0.122047244094488));
#4055=VERTEX_POINT('',#4054);
#4056=CARTESIAN_POINT('',(-0.059055118110236,0.188976377952756,0.122047244094488));
#4057=DIRECTION('',(0.0,-1.0,0.0));
#4058=VECTOR('',#4057,0.007874015748032);
#4059=LINE('',#4056,#4058);
#4060=EDGE_CURVE('',#541,#4055,#4059,.T.);
#4061=ORIENTED_EDGE('',*,*,#4060,.T.);
#4062=CARTESIAN_POINT('',(0.039370078740157,0.181102362204724,0.122047244094488));
#4063=DIRECTION('',(-1.0,0.0,0.0));
#4064=VECTOR('',#4063,0.098425196850393);
#4065=LINE('',#4062,#4064);
#4066=EDGE_CURVE('',#4019,#4055,#4065,.T.);
#4067=ORIENTED_EDGE('',*,*,#4066,.F.);
#4068=ORIENTED_EDGE('',*,*,#4038,.F.);
#4069=EDGE_LOOP('',(#4053,#4061,#4067,#4068));
#4070=FACE_OUTER_BOUND('',#4069,.T.);
#4071=ADVANCED_FACE('',(#4070),#4047,.F.);
#4072=CARTESIAN_POINT('',(-0.059055118110236,0.180314960629921,0.123622047244094));
#4073=DIRECTION('',(1.0,0.0,0.0));
#4074=DIRECTION('',(0.0,0.0,-1.0));
#4075=AXIS2_PLACEMENT_3D('',#4072,#4073,#4074);
#4076=PLANE('',#4075);
#4077=CARTESIAN_POINT('',(-0.059055118110236,0.181102362204724,0.090551181102362));
#4078=VERTEX_POINT('',#4077);
#4079=CARTESIAN_POINT('',(-0.059055118110236,0.181102362204724,0.122047244094488));
#4080=DIRECTION('',(0.0,0.0,-1.0));
#4081=VECTOR('',#4080,0.031496062992126);
#4082=LINE('',#4079,#4081);
#4083=EDGE_CURVE('',#4055,#4078,#4082,.T.);
#4084=ORIENTED_EDGE('',*,*,#4083,.F.);
#4085=ORIENTED_EDGE('',*,*,#4060,.F.);
#4086=ORIENTED_EDGE('',*,*,#568,.F.);
#4087=CARTESIAN_POINT('',(-0.059055118110236,0.196850393700787,0.090551181102362));
#4088=VERTEX_POINT('',#4087);
#4089=CARTESIAN_POINT('',(-0.059055118110236,0.196850393700787,0.090551181102362));
#4090=DIRECTION('',(0.0,0.0,1.0));
#4091=VECTOR('',#4090,0.031496062992126);
#4092=LINE('',#4089,#4091);
#4093=EDGE_CURVE('',#4088,#557,#4092,.T.);
#4094=ORIENTED_EDGE('',*,*,#4093,.F.);
#4095=CARTESIAN_POINT('',(-0.059055118110236,0.196850393700787,0.090551181102362));
#4096=DIRECTION('',(0.0,-1.0,0.0));
#4097=VECTOR('',#4096,0.015748031496063);
#4098=LINE('',#4095,#4097);
#4099=EDGE_CURVE('',#4088,#4078,#4098,.T.);
#4100=ORIENTED_EDGE('',*,*,#4099,.T.);
#4101=EDGE_LOOP('',(#4084,#4085,#4086,#4094,#4100));
#4102=FACE_OUTER_BOUND('',#4101,.T.);
#4103=ADVANCED_FACE('',(#4102),#4076,.F.);
#4104=CARTESIAN_POINT('',(-0.05757874015748,0.180314960629921,0.090551181102362));
#4105=DIRECTION('',(0.0,0.0,-1.0));
#4106=DIRECTION('',(-1.0,0.0,0.0));
#4107=AXIS2_PLACEMENT_3D('',#4104,#4105,#4106);
#4108=PLANE('',#4107);
#4109=CARTESIAN_POINT('',(-0.059055118110236,0.181102362204724,0.090551181102362));
#4110=DIRECTION('',(-1.0,0.0,0.0));
#4111=VECTOR('',#4110,0.029527559055118);
#4112=LINE('',#4109,#4111);
#4113=EDGE_CURVE('',#4078,#3860,#4112,.T.);
#4114=ORIENTED_EDGE('',*,*,#4113,.F.);
#4115=ORIENTED_EDGE('',*,*,#4099,.F.);
#4116=CARTESIAN_POINT('',(-0.088582677165354,0.196850393700787,0.090551181102362));
#4117=DIRECTION('',(1.0,0.0,0.0));
#4118=VECTOR('',#4117,0.029527559055118);
#4119=LINE('',#4116,#4118);
#4120=EDGE_CURVE('',#3868,#4088,#4119,.T.);
#4121=ORIENTED_EDGE('',*,*,#4120,.F.);
#4122=ORIENTED_EDGE('',*,*,#3873,.F.);
#4123=EDGE_LOOP('',(#4114,#4115,#4121,#4122));
#4124=FACE_OUTER_BOUND('',#4123,.T.);
#4125=ADVANCED_FACE('',(#4124),#4108,.F.);
#4126=CARTESIAN_POINT('',(-0.097440944881889,0.196850393700788,0.086122047244094));
#4127=DIRECTION('',(0.0,1.0,0.0));
#4128=DIRECTION('',(0.0,0.0,1.0));
#4129=AXIS2_PLACEMENT_3D('',#4126,#4127,#4128);
#4130=PLANE('',#4129);
#4131=CARTESIAN_POINT('',(-0.088582677165354,0.196850393700787,0.137795275590551));
#4132=DIRECTION('',(1.0,0.0,0.0));
#4133=VECTOR('',#4132,0.177165354330708);
#4134=LINE('',#4131,#4133);
#4135=EDGE_CURVE('',#3876,#3323,#4134,.T.);
#4136=ORIENTED_EDGE('',*,*,#4135,.F.);
#4137=ORIENTED_EDGE('',*,*,#3881,.F.);
#4138=ORIENTED_EDGE('',*,*,#4120,.T.);
#4139=ORIENTED_EDGE('',*,*,#4093,.T.);
#4140=ORIENTED_EDGE('',*,*,#562,.T.);
#4141=ORIENTED_EDGE('',*,*,#4031,.T.);
#4142=ORIENTED_EDGE('',*,*,#4002,.T.);
#4143=ORIENTED_EDGE('',*,*,#3336,.F.);
#4144=EDGE_LOOP('',(#4136,#4137,#4138,#4139,#4140,#4141,#4142,#4143));
#4145=FACE_OUTER_BOUND('',#4144,.T.);
#4146=ADVANCED_FACE('',(#4145),#4130,.F.);
#4147=CARTESIAN_POINT('',(-0.097440944881889,0.181102362204724,0.086122047244094));
#4148=DIRECTION('',(0.0,1.0,0.0));
#4149=DIRECTION('',(0.0,0.0,1.0));
#4150=AXIS2_PLACEMENT_3D('',#4147,#4148,#4149);
#4151=PLANE('',#4150);
#4152=ORIENTED_EDGE('',*,*,#3352,.F.);
#4153=ORIENTED_EDGE('',*,*,#3993,.T.);
#4154=ORIENTED_EDGE('',*,*,#4024,.T.);
#4155=ORIENTED_EDGE('',*,*,#4066,.T.);
#4156=ORIENTED_EDGE('',*,*,#4083,.T.);
#4157=ORIENTED_EDGE('',*,*,#4113,.T.);
#4158=ORIENTED_EDGE('',*,*,#3865,.F.);
#4159=ORIENTED_EDGE('',*,*,#3975,.F.);
#4160=EDGE_LOOP('',(#4152,#4153,#4154,#4155,#4156,#4157,#4158,#4159));
#4161=FACE_OUTER_BOUND('',#4160,.T.);
#4162=ADVANCED_FACE('',(#4161),#4151,.T.);
#4163=CARTESIAN_POINT('',(-0.09005905511811,0.180314960629921,-0.090551181102362));
#4164=DIRECTION('',(0.0,0.0,1.0));
#4165=DIRECTION('',(1.0,0.0,0.0));
#4166=AXIS2_PLACEMENT_3D('',#4163,#4164,#4165);
#4167=PLANE('',#4166);
#4168=CARTESIAN_POINT('',(-0.059055118110236,0.181102362204724,-0.090551181102362));
#4169=VERTEX_POINT('',#4168);
#4170=CARTESIAN_POINT('',(-0.088582677165354,0.181102362204724,-0.090551181102362));
#4171=DIRECTION('',(1.0,0.0,0.0));
#4172=VECTOR('',#4171,0.029527559055118);
#4173=LINE('',#4170,#4172);
#4174=EDGE_CURVE('',#3811,#4169,#4173,.T.);
#4175=ORIENTED_EDGE('',*,*,#4174,.F.);
#4176=ORIENTED_EDGE('',*,*,#3816,.F.);
#4177=CARTESIAN_POINT('',(-0.059055118110236,0.196850393700787,-0.090551181102362));
#4178=VERTEX_POINT('',#4177);
#4179=CARTESIAN_POINT('',(-0.059055118110236,0.196850393700787,-0.090551181102362));
#4180=DIRECTION('',(-1.0,0.0,0.0));
#4181=VECTOR('',#4180,0.029527559055118);
#4182=LINE('',#4179,#4181);
#4183=EDGE_CURVE('',#4178,#3803,#4182,.T.);
#4184=ORIENTED_EDGE('',*,*,#4183,.F.);
#4185=CARTESIAN_POINT('',(-0.059055118110236,0.196850393700787,-0.090551181102362));
#4186=DIRECTION('',(0.0,-1.0,0.0));
#4187=VECTOR('',#4186,0.015748031496063);
#4188=LINE('',#4185,#4187);
#4189=EDGE_CURVE('',#4178,#4169,#4188,.T.);
#4190=ORIENTED_EDGE('',*,*,#4189,.T.);
#4191=EDGE_LOOP('',(#4175,#4176,#4184,#4190));
#4192=FACE_OUTER_BOUND('',#4191,.T.);
#4193=ADVANCED_FACE('',(#4192),#4167,.F.);
#4194=CARTESIAN_POINT('',(-0.059055118110236,0.180314960629921,-0.088976377952756));
#4195=DIRECTION('',(1.0,0.0,0.0));
#4196=DIRECTION('',(0.0,0.0,-1.0));
#4197=AXIS2_PLACEMENT_3D('',#4194,#4195,#4196);
#4198=PLANE('',#4197);
#4199=CARTESIAN_POINT('',(-0.059055118110236,0.181102362204724,-0.122047244094488));
#4200=VERTEX_POINT('',#4199);
#4201=CARTESIAN_POINT('',(-0.059055118110236,0.181102362204724,-0.090551181102362));
#4202=DIRECTION('',(0.0,0.0,-1.0));
#4203=VECTOR('',#4202,0.031496062992126);
#4204=LINE('',#4201,#4203);
#4205=EDGE_CURVE('',#4169,#4200,#4204,.T.);
#4206=ORIENTED_EDGE('',*,*,#4205,.F.);
#4207=ORIENTED_EDGE('',*,*,#4189,.F.);
#4208=CARTESIAN_POINT('',(-0.059055118110236,0.196850393700787,-0.122047244094488));
#4209=VERTEX_POINT('',#4208);
#4210=CARTESIAN_POINT('',(-0.059055118110236,0.196850393700787,-0.122047244094488));
#4211=DIRECTION('',(0.0,0.0,1.0));
#4212=VECTOR('',#4211,0.031496062992126);
#4213=LINE('',#4210,#4212);
#4214=EDGE_CURVE('',#4209,#4178,#4213,.T.);
#4215=ORIENTED_EDGE('',*,*,#4214,.F.);
#4216=CARTESIAN_POINT('',(-0.059055118110236,0.196850393700787,-0.122047244094488));
#4217=DIRECTION('',(0.0,-1.0,0.0));
#4218=VECTOR('',#4217,0.015748031496063);
#4219=LINE('',#4216,#4218);
#4220=EDGE_CURVE('',#4209,#4200,#4219,.T.);
#4221=ORIENTED_EDGE('',*,*,#4220,.T.);
#4222=EDGE_LOOP('',(#4206,#4207,#4215,#4221));
#4223=FACE_OUTER_BOUND('',#4222,.T.);
#4224=ORIENTED_EDGE('',*,*,#290,.T.);
#4225=EDGE_LOOP('',(#4224));
#4226=FACE_BOUND('',#4225,.T.);
#4227=ADVANCED_FACE('',(#4223,#4226),#4198,.F.);
#4228=CARTESIAN_POINT('',(-0.063976377952756,0.180314960629921,-0.122047244094488));
#4229=DIRECTION('',(0.0,0.0,1.0));
#4230=DIRECTION('',(1.0,0.0,0.0));
#4231=AXIS2_PLACEMENT_3D('',#4228,#4229,#4230);
#4232=PLANE('',#4231);
#4233=CARTESIAN_POINT('',(0.039370078740157,0.181102362204724,-0.122047244094488));
#4234=VERTEX_POINT('',#4233);
#4235=CARTESIAN_POINT('',(-0.059055118110236,0.181102362204724,-0.122047244094488));
#4236=DIRECTION('',(1.0,0.0,0.0));
#4237=VECTOR('',#4236,0.098425196850393);
#4238=LINE('',#4235,#4237);
#4239=EDGE_CURVE('',#4200,#4234,#4238,.T.);
#4240=ORIENTED_EDGE('',*,*,#4239,.F.);
#4241=ORIENTED_EDGE('',*,*,#4220,.F.);
#4242=CARTESIAN_POINT('',(0.039370078740157,0.196850393700787,-0.122047244094488));
#4243=VERTEX_POINT('',#4242);
#4244=CARTESIAN_POINT('',(0.039370078740157,0.196850393700787,-0.122047244094488));
#4245=DIRECTION('',(-1.0,0.0,0.0));
#4246=VECTOR('',#4245,0.098425196850393);
#4247=LINE('',#4244,#4246);
#4248=EDGE_CURVE('',#4243,#4209,#4247,.T.);
#4249=ORIENTED_EDGE('',*,*,#4248,.F.);
#4250=CARTESIAN_POINT('',(0.039370078740157,0.196850393700787,-0.122047244094488));
#4251=DIRECTION('',(0.0,-1.0,0.0));
#4252=VECTOR('',#4251,0.015748031496063);
#4253=LINE('',#4250,#4252);
#4254=EDGE_CURVE('',#4243,#4234,#4253,.T.);
#4255=ORIENTED_EDGE('',*,*,#4254,.T.);
#4256=EDGE_LOOP('',(#4240,#4241,#4249,#4255));
#4257=FACE_OUTER_BOUND('',#4256,.T.);
#4258=ORIENTED_EDGE('',*,*,#225,.T.);
#4259=EDGE_LOOP('',(#4258));
#4260=FACE_BOUND('',#4259,.T.);
#4261=ADVANCED_FACE('',(#4257,#4260),#4232,.F.);
#4262=CARTESIAN_POINT('',(0.039370078740157,0.180314960629921,-0.123720472440945));
#4263=DIRECTION('',(-1.0,0.0,0.0));
#4264=DIRECTION('',(0.0,0.0,1.0));
#4265=AXIS2_PLACEMENT_3D('',#4262,#4263,#4264);
#4266=PLANE('',#4265);
#4267=CARTESIAN_POINT('',(0.039370078740157,0.181102362204724,-0.088582677165354));
#4268=VERTEX_POINT('',#4267);
#4269=CARTESIAN_POINT('',(0.039370078740157,0.181102362204724,-0.122047244094488));
#4270=DIRECTION('',(0.0,0.0,1.0));
#4271=VECTOR('',#4270,0.033464566929134);
#4272=LINE('',#4269,#4271);
#4273=EDGE_CURVE('',#4234,#4268,#4272,.T.);
#4274=ORIENTED_EDGE('',*,*,#4273,.F.);
#4275=ORIENTED_EDGE('',*,*,#4254,.F.);
#4276=CARTESIAN_POINT('',(0.039370078740157,0.196850393700787,-0.088582677165354));
#4277=VERTEX_POINT('',#4276);
#4278=CARTESIAN_POINT('',(0.039370078740157,0.196850393700787,-0.088582677165354));
#4279=DIRECTION('',(0.0,0.0,-1.0));
#4280=VECTOR('',#4279,0.033464566929134);
#4281=LINE('',#4278,#4280);
#4282=EDGE_CURVE('',#4277,#4243,#4281,.T.);
#4283=ORIENTED_EDGE('',*,*,#4282,.F.);
#4284=CARTESIAN_POINT('',(0.039370078740157,0.196850393700787,-0.088582677165354));
#4285=DIRECTION('',(0.0,-1.0,0.0));
#4286=VECTOR('',#4285,0.015748031496063);
#4287=LINE('',#4284,#4286);
#4288=EDGE_CURVE('',#4277,#4268,#4287,.T.);
#4289=ORIENTED_EDGE('',*,*,#4288,.T.);
#4290=EDGE_LOOP('',(#4274,#4275,#4283,#4289));
#4291=FACE_OUTER_BOUND('',#4290,.T.);
#4292=ADVANCED_FACE('',(#4291),#4266,.F.);
#4293=CARTESIAN_POINT('',(0.036909448818897,0.180314960629921,-0.088582677165354));
#4294=DIRECTION('',(0.0,0.0,1.0));
#4295=DIRECTION('',(1.0,0.0,0.0));
#4296=AXIS2_PLACEMENT_3D('',#4293,#4294,#4295);
#4297=PLANE('',#4296);
#4298=CARTESIAN_POINT('',(0.039370078740157,0.181102362204724,-0.088582677165354));
#4299=DIRECTION('',(1.0,0.0,0.0));
#4300=VECTOR('',#4299,0.049212598425197);
#4301=LINE('',#4298,#4300);
#4302=EDGE_CURVE('',#4268,#3411,#4301,.T.);
#4303=ORIENTED_EDGE('',*,*,#4302,.F.);
#4304=ORIENTED_EDGE('',*,*,#4288,.F.);
#4305=CARTESIAN_POINT('',(0.088582677165354,0.196850393700787,-0.088582677165354));
#4306=DIRECTION('',(-1.0,0.0,0.0));
#4307=VECTOR('',#4306,0.049212598425197);
#4308=LINE('',#4305,#4307);
#4309=EDGE_CURVE('',#3419,#4277,#4308,.T.);
#4310=ORIENTED_EDGE('',*,*,#4309,.F.);
#4311=ORIENTED_EDGE('',*,*,#3424,.F.);
#4312=EDGE_LOOP('',(#4303,#4304,#4310,#4311));
#4313=FACE_OUTER_BOUND('',#4312,.T.);
#4314=ADVANCED_FACE('',(#4313),#4297,.F.);
#4315=CARTESIAN_POINT('',(-0.097440944881889,0.196850393700787,-0.140255905511811));
#4316=DIRECTION('',(0.0,1.0,0.0));
#4317=DIRECTION('',(0.0,0.0,1.0));
#4318=AXIS2_PLACEMENT_3D('',#4315,#4316,#4317);
#4319=PLANE('',#4318);
#4320=ORIENTED_EDGE('',*,*,#3430,.F.);
#4321=ORIENTED_EDGE('',*,*,#4309,.T.);
#4322=ORIENTED_EDGE('',*,*,#4282,.T.);
#4323=ORIENTED_EDGE('',*,*,#4248,.T.);
#4324=ORIENTED_EDGE('',*,*,#4214,.T.);
#4325=ORIENTED_EDGE('',*,*,#4183,.T.);
#4326=ORIENTED_EDGE('',*,*,#3808,.F.);
#4327=ORIENTED_EDGE('',*,*,#3289,.F.);
#4328=EDGE_LOOP('',(#4320,#4321,#4322,#4323,#4324,#4325,#4326,#4327));
#4329=FACE_OUTER_BOUND('',#4328,.T.);
#4330=ADVANCED_FACE('',(#4329),#4319,.F.);
#4331=CARTESIAN_POINT('',(-0.097440944881889,0.181102362204724,-0.140255905511811));
#4332=DIRECTION('',(0.0,1.0,0.0));
#4333=DIRECTION('',(0.0,0.0,1.0));
#4334=AXIS2_PLACEMENT_3D('',#4331,#4332,#4333);
#4335=PLANE('',#4334);
#4336=CARTESIAN_POINT('',(-0.088582677165354,0.181102362204724,-0.137795275590551));
#4337=DIRECTION('',(1.0,0.0,0.0));
#4338=VECTOR('',#4337,0.177165354330708);
#4339=LINE('',#4336,#4338);
#4340=EDGE_CURVE('',#3819,#3403,#4339,.T.);
#4341=ORIENTED_EDGE('',*,*,#4340,.F.);
#4342=ORIENTED_EDGE('',*,*,#3824,.F.);
#4343=ORIENTED_EDGE('',*,*,#4174,.T.);
#4344=ORIENTED_EDGE('',*,*,#4205,.T.);
#4345=ORIENTED_EDGE('',*,*,#4239,.T.);
#4346=ORIENTED_EDGE('',*,*,#4273,.T.);
#4347=ORIENTED_EDGE('',*,*,#4302,.T.);
#4348=ORIENTED_EDGE('',*,*,#3416,.F.);
#4349=EDGE_LOOP('',(#4341,#4342,#4343,#4344,#4345,#4346,#4347,#4348));
#4350=FACE_OUTER_BOUND('',#4349,.T.);
#4351=ADVANCED_FACE('',(#4350),#4335,.T.);
#4352=CARTESIAN_POINT('',(0.097440944881889,-0.009055118110236,-0.137795275590551));
#4353=DIRECTION('',(0.0,0.0,-1.0));
#4354=DIRECTION('',(-1.0,0.0,0.0));
#4355=AXIS2_PLACEMENT_3D('',#4352,#4353,#4354);
#4356=PLANE('',#4355);
#4357=ORIENTED_EDGE('',*,*,#3571,.T.);
#4358=ORIENTED_EDGE('',*,*,#3956,.F.);
#4359=ORIENTED_EDGE('',*,*,#3832,.T.);
#4360=ORIENTED_EDGE('',*,*,#4340,.T.);
#4361=ORIENTED_EDGE('',*,*,#3408,.T.);
#4362=ORIENTED_EDGE('',*,*,#3937,.F.);
#4363=ORIENTED_EDGE('',*,*,#3597,.T.);
#4364=ORIENTED_EDGE('',*,*,#3749,.T.);
#4365=EDGE_LOOP('',(#4357,#4358,#4359,#4360,#4361,#4362,#4363,#4364));
#4366=FACE_OUTER_BOUND('',#4365,.T.);
#4367=ADVANCED_FACE('',(#4366),#4356,.T.);
#4368=CARTESIAN_POINT('',(-0.097440944881889,0.195275590551181,0.137795275590551));
#4369=DIRECTION('',(0.0,0.0,1.0));
#4370=DIRECTION('',(1.0,0.0,0.0));
#4371=AXIS2_PLACEMENT_3D('',#4368,#4369,#4370);
#4372=PLANE('',#4371);
#4373=ORIENTED_EDGE('',*,*,#4135,.T.);
#4374=ORIENTED_EDGE('',*,*,#3328,.T.);
#4375=ORIENTED_EDGE('',*,*,#3453,.F.);
#4376=ORIENTED_EDGE('',*,*,#3887,.T.);
#4377=EDGE_LOOP('',(#4373,#4374,#4375,#4376));
#4378=FACE_OUTER_BOUND('',#4377,.T.);
#4379=ADVANCED_FACE('',(#4378),#4372,.T.);
#4380=CLOSED_SHELL('',(#182,#232,#294,#314,#334,#354,#374,#394,#414,#434,#454,#474,#494,#514,#523,#532,#572,#607,#642,#677,#712,#744,#766,#788,#820,#842,#874,#896,#928,#945,#962,#1008,#1025,#1067,#1098,#1129,#1160,#1193,#1215,#1236,#1253,#1269,#1286,#1321,#1356,#1391,#1426,#1448,#1480,#1502,#1534,#1556,#1588,#1610,#1642,#1659,#1676,#1738,#1762,#1786,#1803,#1820,#1837,#1870,#1911,#1938,#1962,#1986,#2003,#2017,#2052,#2087,#2122,#2157,#2179,#2211,#2233,#2265,#2287,#2319,#2341,#2373,#2390,#2407,#2453,#2470,#2512,#2543,#2574,#2605,#2638,#2660,#2681,#2698,#2714,#2731,#2759,#2779,#2788,#2856,#2900,#2946,#2968,#2999,#3024,#3072,#3125,#3147,#3164,#3181,#3193,#3218,#3235,#3255,#3267,#3307,#3434,#3464,#3504,#3544,#3575,#3615,#3637,#3668,#3699,#3730,#3795,#3892,#3909,#3926,#3943,#3960,#3981,#4012,#4042,#4071,#4103,#4125,#4146,#4162,#4193,#4227,#4261,#4292,#4314,#4330,#4351,#4367,#4379));
#4381=MANIFOLD_SOLID_BREP('',#4380);
#4382=COLOUR_RGB('',0.75,0.75,0.75);
#4383=FILL_AREA_STYLE_COLOUR('',#4382);
#4384=FILL_AREA_STYLE('',(#4383));
#4385=SURFACE_STYLE_FILL_AREA(#4384);
#4386=SURFACE_SIDE_STYLE('',(#4385));
#4387=SURFACE_STYLE_USAGE(.BOTH.,#4386);
#4388=PRESENTATION_STYLE_ASSIGNMENT((#4387));
#4389=STYLED_ITEM('',(#4388),#4381);
#4390=MECHANICAL_DESIGN_GEOMETRIC_PRESENTATION_REPRESENTATION('',(#4389),#123);
#4391=ADVANCED_BREP_SHAPE_REPRESENTATION('ABSR',(#4381),#123);
#4392=SHAPE_REPRESENTATION_RELATIONSHIP('SRR','None',#4391,#128);
ENDSEC;
END-ISO-10303-21;

