ISO-10303-21;
HEADER;
FILE_DESCRIPTION((''),'2;1');
FILE_NAME('395100006','2015-01-28T',('me'),(''),
'PRO/ENGINEER BY PARAMETRIC TECHNOLOGY CORPORATION, 2011490',
'PRO/ENGINEER BY PARAMETRIC TECHNOLOGY CORPORATION, 2011490','');
FILE_SCHEMA(('CONFIG_CONTROL_DESIGN'));
ENDSEC;
DATA;
#1=DIRECTION('',(0.E0,0.E0,-1.E0));
#2=VECTOR('',#1,1.E-1);
#3=CARTESIAN_POINT('',(-4.65E-1,2.E-2,0.E0));
#4=LINE('',#3,#2);
#5=DIRECTION('',(0.E0,-1.E0,0.E0));
#6=VECTOR('',#5,2.E-2);
#7=CARTESIAN_POINT('',(-4.65E-1,2.E-2,0.E0));
#8=LINE('',#7,#6);
#9=DIRECTION('',(0.E0,0.E0,-1.E0));
#10=VECTOR('',#9,3.2E-1);
#11=CARTESIAN_POINT('',(-4.65E-1,0.E0,0.E0));
#12=LINE('',#11,#10);
#13=DIRECTION('',(0.E0,1.E0,0.E0));
#14=VECTOR('',#13,4.E-2);
#15=CARTESIAN_POINT('',(-4.65E-1,0.E0,-3.2E-1));
#16=LINE('',#15,#14);
#17=DIRECTION('',(0.E0,0.E0,-1.E0));
#18=VECTOR('',#17,3.E-2);
#19=CARTESIAN_POINT('',(-4.65E-1,4.E-2,-3.2E-1));
#20=LINE('',#19,#18);
#21=DIRECTION('',(0.E0,1.E0,0.E0));
#22=VECTOR('',#21,3.3E-1);
#23=CARTESIAN_POINT('',(-4.65E-1,4.E-2,-3.5E-1));
#24=LINE('',#23,#22);
#25=DIRECTION('',(0.E0,0.E0,1.E0));
#26=VECTOR('',#25,6.E-2);
#27=CARTESIAN_POINT('',(-4.65E-1,3.7E-1,-3.5E-1));
#28=LINE('',#27,#26);
#29=DIRECTION('',(0.E0,1.E0,0.E0));
#30=VECTOR('',#29,7.E-2);
#31=CARTESIAN_POINT('',(-4.65E-1,3.7E-1,-2.9E-1));
#32=LINE('',#31,#30);
#33=DIRECTION('',(0.E0,0.E0,1.E0));
#34=VECTOR('',#33,2.2E-1);
#35=CARTESIAN_POINT('',(-4.65E-1,4.4E-1,-2.9E-1));
#36=LINE('',#35,#34);
#37=DIRECTION('',(0.E0,-1.E0,0.E0));
#38=VECTOR('',#37,2.E-2);
#39=CARTESIAN_POINT('',(-4.65E-1,4.4E-1,-7.E-2));
#40=LINE('',#39,#38);
#41=DIRECTION('',(0.E0,0.E0,1.E0));
#42=VECTOR('',#41,3.E-2);
#43=CARTESIAN_POINT('',(-4.65E-1,4.2E-1,-1.E-1));
#44=LINE('',#43,#42);
#45=DIRECTION('',(0.E0,1.E0,0.E0));
#46=VECTOR('',#45,4.E-1);
#47=CARTESIAN_POINT('',(-4.65E-1,2.E-2,-1.E-1));
#48=LINE('',#47,#46);
#49=DIRECTION('',(0.E0,0.E0,-1.E0));
#50=VECTOR('',#49,1.E-1);
#51=CARTESIAN_POINT('',(-4.6E-1,2.E-2,0.E0));
#52=LINE('',#51,#50);
#53=DIRECTION('',(0.E0,1.E0,0.E0));
#54=VECTOR('',#53,4.E-1);
#55=CARTESIAN_POINT('',(-4.6E-1,2.E-2,-1.E-1));
#56=LINE('',#55,#54);
#57=DIRECTION('',(0.E0,0.E0,1.E0));
#58=VECTOR('',#57,3.E-2);
#59=CARTESIAN_POINT('',(-4.6E-1,4.2E-1,-1.E-1));
#60=LINE('',#59,#58);
#61=DIRECTION('',(1.E0,0.E0,0.E0));
#62=VECTOR('',#61,5.E-3);
#63=CARTESIAN_POINT('',(-4.65E-1,2.E-2,-1.E-1));
#64=LINE('',#63,#62);
#65=DIRECTION('',(1.E0,0.E0,0.E0));
#66=VECTOR('',#65,5.E-3);
#67=CARTESIAN_POINT('',(-4.65E-1,4.2E-1,-1.E-1));
#68=LINE('',#67,#66);
#69=DIRECTION('',(1.E0,0.E0,0.E0));
#70=VECTOR('',#69,5.E-3);
#71=CARTESIAN_POINT('',(-4.65E-1,4.2E-1,-7.E-2));
#72=LINE('',#71,#70);
#73=DIRECTION('',(1.E0,0.E0,0.E0));
#74=VECTOR('',#73,9.3E-1);
#75=CARTESIAN_POINT('',(-4.65E-1,4.4E-1,-7.E-2));
#76=LINE('',#75,#74);
#77=DIRECTION('',(-1.E0,0.E0,0.E0));
#78=VECTOR('',#77,5.E-3);
#79=CARTESIAN_POINT('',(4.65E-1,4.2E-1,-7.E-2));
#80=LINE('',#79,#78);
#81=CARTESIAN_POINT('',(3.75E-1,4.4E-1,-2.E-1));
#82=DIRECTION('',(0.E0,-1.E0,0.E0));
#83=DIRECTION('',(0.E0,0.E0,1.E0));
#84=AXIS2_PLACEMENT_3D('',#81,#82,#83);
#86=CARTESIAN_POINT('',(3.75E-1,4.4E-1,-2.E-1));
#87=DIRECTION('',(0.E0,-1.E0,0.E0));
#88=DIRECTION('',(0.E0,0.E0,-1.E0));
#89=AXIS2_PLACEMENT_3D('',#86,#87,#88);
#91=DIRECTION('',(0.E0,0.E0,-1.E0));
#92=VECTOR('',#91,2.5E-2);
#93=CARTESIAN_POINT('',(3.4E-1,4.4E-1,-1.05E-1));
#94=LINE('',#93,#92);
#95=DIRECTION('',(1.E0,0.E0,0.E0));
#96=VECTOR('',#95,7.E-2);
#97=CARTESIAN_POINT('',(3.4E-1,4.4E-1,-1.05E-1));
#98=LINE('',#97,#96);
#99=DIRECTION('',(0.E0,0.E0,-1.E0));
#100=VECTOR('',#99,2.5E-2);
#101=CARTESIAN_POINT('',(4.1E-1,4.4E-1,-1.05E-1));
#102=LINE('',#101,#100);
#103=DIRECTION('',(1.E0,0.E0,0.E0));
#104=VECTOR('',#103,7.E-2);
#105=CARTESIAN_POINT('',(3.4E-1,4.4E-1,-1.3E-1));
#106=LINE('',#105,#104);
#107=CARTESIAN_POINT('',(2.25E-1,4.4E-1,-2.E-1));
#108=DIRECTION('',(0.E0,1.E0,0.E0));
#109=DIRECTION('',(0.E0,0.E0,-1.E0));
#110=AXIS2_PLACEMENT_3D('',#107,#108,#109);
#112=CARTESIAN_POINT('',(2.25E-1,4.4E-1,-2.E-1));
#113=DIRECTION('',(0.E0,1.E0,0.E0));
#114=DIRECTION('',(0.E0,0.E0,1.E0));
#115=AXIS2_PLACEMENT_3D('',#112,#113,#114);
#117=DIRECTION('',(0.E0,0.E0,-1.E0));
#118=VECTOR('',#117,2.5E-2);
#119=CARTESIAN_POINT('',(1.9E-1,4.4E-1,-1.05E-1));
#120=LINE('',#119,#118);
#121=DIRECTION('',(1.E0,0.E0,0.E0));
#122=VECTOR('',#121,7.E-2);
#123=CARTESIAN_POINT('',(1.9E-1,4.4E-1,-1.05E-1));
#124=LINE('',#123,#122);
#125=DIRECTION('',(0.E0,0.E0,-1.E0));
#126=VECTOR('',#125,2.5E-2);
#127=CARTESIAN_POINT('',(2.6E-1,4.4E-1,-1.05E-1));
#128=LINE('',#127,#126);
#129=DIRECTION('',(1.E0,0.E0,0.E0));
#130=VECTOR('',#129,7.E-2);
#131=CARTESIAN_POINT('',(1.9E-1,4.4E-1,-1.3E-1));
#132=LINE('',#131,#130);
#133=CARTESIAN_POINT('',(7.5E-2,4.4E-1,-2.E-1));
#134=DIRECTION('',(0.E0,1.E0,0.E0));
#135=DIRECTION('',(0.E0,0.E0,-1.E0));
#136=AXIS2_PLACEMENT_3D('',#133,#134,#135);
#138=CARTESIAN_POINT('',(7.5E-2,4.4E-1,-2.E-1));
#139=DIRECTION('',(0.E0,1.E0,0.E0));
#140=DIRECTION('',(0.E0,0.E0,1.E0));
#141=AXIS2_PLACEMENT_3D('',#138,#139,#140);
#143=DIRECTION('',(0.E0,0.E0,-1.E0));
#144=VECTOR('',#143,2.5E-2);
#145=CARTESIAN_POINT('',(4.E-2,4.4E-1,-1.05E-1));
#146=LINE('',#145,#144);
#147=DIRECTION('',(1.E0,0.E0,0.E0));
#148=VECTOR('',#147,7.E-2);
#149=CARTESIAN_POINT('',(4.E-2,4.4E-1,-1.05E-1));
#150=LINE('',#149,#148);
#151=DIRECTION('',(0.E0,0.E0,-1.E0));
#152=VECTOR('',#151,2.5E-2);
#153=CARTESIAN_POINT('',(1.1E-1,4.4E-1,-1.05E-1));
#154=LINE('',#153,#152);
#155=DIRECTION('',(1.E0,0.E0,0.E0));
#156=VECTOR('',#155,7.E-2);
#157=CARTESIAN_POINT('',(4.E-2,4.4E-1,-1.3E-1));
#158=LINE('',#157,#156);
#159=CARTESIAN_POINT('',(-7.5E-2,4.4E-1,-2.E-1));
#160=DIRECTION('',(0.E0,1.E0,0.E0));
#161=DIRECTION('',(0.E0,0.E0,-1.E0));
#162=AXIS2_PLACEMENT_3D('',#159,#160,#161);
#164=CARTESIAN_POINT('',(-7.5E-2,4.4E-1,-2.E-1));
#165=DIRECTION('',(0.E0,1.E0,0.E0));
#166=DIRECTION('',(0.E0,0.E0,1.E0));
#167=AXIS2_PLACEMENT_3D('',#164,#165,#166);
#169=DIRECTION('',(0.E0,0.E0,-1.E0));
#170=VECTOR('',#169,2.5E-2);
#171=CARTESIAN_POINT('',(-1.1E-1,4.4E-1,-1.05E-1));
#172=LINE('',#171,#170);
#173=DIRECTION('',(1.E0,0.E0,0.E0));
#174=VECTOR('',#173,7.E-2);
#175=CARTESIAN_POINT('',(-1.1E-1,4.4E-1,-1.05E-1));
#176=LINE('',#175,#174);
#177=DIRECTION('',(0.E0,0.E0,-1.E0));
#178=VECTOR('',#177,2.5E-2);
#179=CARTESIAN_POINT('',(-4.E-2,4.4E-1,-1.05E-1));
#180=LINE('',#179,#178);
#181=DIRECTION('',(1.E0,0.E0,0.E0));
#182=VECTOR('',#181,7.E-2);
#183=CARTESIAN_POINT('',(-1.1E-1,4.4E-1,-1.3E-1));
#184=LINE('',#183,#182);
#185=CARTESIAN_POINT('',(-2.25E-1,4.4E-1,-2.E-1));
#186=DIRECTION('',(0.E0,1.E0,0.E0));
#187=DIRECTION('',(0.E0,0.E0,-1.E0));
#188=AXIS2_PLACEMENT_3D('',#185,#186,#187);
#190=CARTESIAN_POINT('',(-2.25E-1,4.4E-1,-2.E-1));
#191=DIRECTION('',(0.E0,1.E0,0.E0));
#192=DIRECTION('',(0.E0,0.E0,1.E0));
#193=AXIS2_PLACEMENT_3D('',#190,#191,#192);
#195=DIRECTION('',(0.E0,0.E0,-1.E0));
#196=VECTOR('',#195,2.5E-2);
#197=CARTESIAN_POINT('',(-2.6E-1,4.4E-1,-1.05E-1));
#198=LINE('',#197,#196);
#199=DIRECTION('',(1.E0,0.E0,0.E0));
#200=VECTOR('',#199,7.E-2);
#201=CARTESIAN_POINT('',(-2.6E-1,4.4E-1,-1.05E-1));
#202=LINE('',#201,#200);
#203=DIRECTION('',(0.E0,0.E0,-1.E0));
#204=VECTOR('',#203,2.5E-2);
#205=CARTESIAN_POINT('',(-1.9E-1,4.4E-1,-1.05E-1));
#206=LINE('',#205,#204);
#207=DIRECTION('',(1.E0,0.E0,0.E0));
#208=VECTOR('',#207,7.E-2);
#209=CARTESIAN_POINT('',(-2.6E-1,4.4E-1,-1.3E-1));
#210=LINE('',#209,#208);
#211=CARTESIAN_POINT('',(-3.75E-1,4.4E-1,-2.E-1));
#212=DIRECTION('',(0.E0,1.E0,0.E0));
#213=DIRECTION('',(0.E0,0.E0,-1.E0));
#214=AXIS2_PLACEMENT_3D('',#211,#212,#213);
#216=CARTESIAN_POINT('',(-3.75E-1,4.4E-1,-2.E-1));
#217=DIRECTION('',(0.E0,1.E0,0.E0));
#218=DIRECTION('',(0.E0,0.E0,1.E0));
#219=AXIS2_PLACEMENT_3D('',#216,#217,#218);
#221=DIRECTION('',(0.E0,0.E0,-1.E0));
#222=VECTOR('',#221,2.5E-2);
#223=CARTESIAN_POINT('',(-4.1E-1,4.4E-1,-1.05E-1));
#224=LINE('',#223,#222);
#225=DIRECTION('',(1.E0,0.E0,0.E0));
#226=VECTOR('',#225,7.E-2);
#227=CARTESIAN_POINT('',(-4.1E-1,4.4E-1,-1.05E-1));
#228=LINE('',#227,#226);
#229=DIRECTION('',(0.E0,0.E0,-1.E0));
#230=VECTOR('',#229,2.5E-2);
#231=CARTESIAN_POINT('',(-3.4E-1,4.4E-1,-1.05E-1));
#232=LINE('',#231,#230);
#233=DIRECTION('',(1.E0,0.E0,0.E0));
#234=VECTOR('',#233,7.E-2);
#235=CARTESIAN_POINT('',(-4.1E-1,4.4E-1,-1.3E-1));
#236=LINE('',#235,#234);
#237=DIRECTION('',(1.E0,0.E0,0.E0));
#238=VECTOR('',#237,1.5E-2);
#239=CARTESIAN_POINT('',(-4.45E-1,4.4E-1,-2.5E-1));
#240=LINE('',#239,#238);
#241=CARTESIAN_POINT('',(-3.75E-1,4.4E-1,-1.664835345575E-1));
#242=DIRECTION('',(0.E0,1.E0,0.E0));
#243=DIRECTION('',(5.5E-1,0.E0,-8.351646544245E-1));
#244=AXIS2_PLACEMENT_3D('',#241,#242,#243);
#246=DIRECTION('',(1.E0,0.E0,0.E0));
#247=VECTOR('',#246,4.E-2);
#248=CARTESIAN_POINT('',(-3.2E-1,4.4E-1,-2.5E-1));
#249=LINE('',#248,#247);
#250=CARTESIAN_POINT('',(-2.25E-1,4.4E-1,-1.664835345575E-1));
#251=DIRECTION('',(0.E0,1.E0,0.E0));
#252=DIRECTION('',(5.5E-1,0.E0,-8.351646544245E-1));
#253=AXIS2_PLACEMENT_3D('',#250,#251,#252);
#255=DIRECTION('',(1.E0,0.E0,0.E0));
#256=VECTOR('',#255,4.E-2);
#257=CARTESIAN_POINT('',(-1.7E-1,4.4E-1,-2.5E-1));
#258=LINE('',#257,#256);
#259=CARTESIAN_POINT('',(-7.5E-2,4.4E-1,-1.664835345575E-1));
#260=DIRECTION('',(0.E0,1.E0,0.E0));
#261=DIRECTION('',(5.5E-1,0.E0,-8.351646544245E-1));
#262=AXIS2_PLACEMENT_3D('',#259,#260,#261);
#264=DIRECTION('',(1.E0,0.E0,0.E0));
#265=VECTOR('',#264,4.E-2);
#266=CARTESIAN_POINT('',(-2.E-2,4.4E-1,-2.5E-1));
#267=LINE('',#266,#265);
#268=CARTESIAN_POINT('',(7.5E-2,4.4E-1,-1.664835345575E-1));
#269=DIRECTION('',(0.E0,1.E0,0.E0));
#270=DIRECTION('',(5.5E-1,0.E0,-8.351646544245E-1));
#271=AXIS2_PLACEMENT_3D('',#268,#269,#270);
#273=DIRECTION('',(1.E0,0.E0,0.E0));
#274=VECTOR('',#273,4.E-2);
#275=CARTESIAN_POINT('',(1.3E-1,4.4E-1,-2.5E-1));
#276=LINE('',#275,#274);
#277=CARTESIAN_POINT('',(2.25E-1,4.4E-1,-1.664835345575E-1));
#278=DIRECTION('',(0.E0,1.E0,0.E0));
#279=DIRECTION('',(5.5E-1,0.E0,-8.351646544245E-1));
#280=AXIS2_PLACEMENT_3D('',#277,#278,#279);
#282=DIRECTION('',(1.E0,0.E0,0.E0));
#283=VECTOR('',#282,4.E-2);
#284=CARTESIAN_POINT('',(2.8E-1,4.4E-1,-2.5E-1));
#285=LINE('',#284,#283);
#286=CARTESIAN_POINT('',(3.75E-1,4.4E-1,-1.664835345575E-1));
#287=DIRECTION('',(0.E0,1.E0,0.E0));
#288=DIRECTION('',(5.5E-1,0.E0,-8.351646544245E-1));
#289=AXIS2_PLACEMENT_3D('',#286,#287,#288);
#291=DIRECTION('',(1.E0,0.E0,0.E0));
#292=VECTOR('',#291,1.5E-2);
#293=CARTESIAN_POINT('',(4.3E-1,4.4E-1,-2.5E-1));
#294=LINE('',#293,#292);
#295=DIRECTION('',(0.E0,0.E0,1.E0));
#296=VECTOR('',#295,4.E-2);
#297=CARTESIAN_POINT('',(4.45E-1,4.4E-1,-2.9E-1));
#298=LINE('',#297,#296);
#299=DIRECTION('',(1.E0,0.E0,0.E0));
#300=VECTOR('',#299,2.E-2);
#301=CARTESIAN_POINT('',(4.45E-1,4.4E-1,-2.9E-1));
#302=LINE('',#301,#300);
#303=DIRECTION('',(1.E0,0.E0,0.E0));
#304=VECTOR('',#303,2.E-2);
#305=CARTESIAN_POINT('',(-4.65E-1,4.4E-1,-2.9E-1));
#306=LINE('',#305,#304);
#307=DIRECTION('',(0.E0,0.E0,1.E0));
#308=VECTOR('',#307,4.E-2);
#309=CARTESIAN_POINT('',(-4.45E-1,4.4E-1,-2.9E-1));
#310=LINE('',#309,#308);
#311=CARTESIAN_POINT('',(3.75E-1,3.7E-1,-2.E-1));
#312=DIRECTION('',(0.E0,1.E0,0.E0));
#313=DIRECTION('',(0.E0,0.E0,-1.E0));
#314=AXIS2_PLACEMENT_3D('',#311,#312,#313);
#316=DIRECTION('',(0.E0,-1.E0,0.E0));
#317=VECTOR('',#316,7.E-2);
#318=CARTESIAN_POINT('',(3.75E-1,4.4E-1,-1.6E-1));
#319=LINE('',#318,#317);
#320=CARTESIAN_POINT('',(3.75E-1,3.7E-1,-2.E-1));
#321=DIRECTION('',(0.E0,-1.E0,0.E0));
#322=DIRECTION('',(0.E0,0.E0,-1.E0));
#323=AXIS2_PLACEMENT_3D('',#320,#321,#322);
#325=DIRECTION('',(0.E0,-1.E0,0.E0));
#326=VECTOR('',#325,7.E-2);
#327=CARTESIAN_POINT('',(3.75E-1,4.4E-1,-2.4E-1));
#328=LINE('',#327,#326);
#329=CARTESIAN_POINT('',(3.75E-1,3.7E-1,-2.E-1));
#330=DIRECTION('',(0.E0,1.E0,0.E0));
#331=DIRECTION('',(0.E0,0.E0,-1.E0));
#332=AXIS2_PLACEMENT_3D('',#329,#330,#331);
#334=CARTESIAN_POINT('',(3.75E-1,3.7E-1,-2.E-1));
#335=DIRECTION('',(0.E0,-1.E0,0.E0));
#336=DIRECTION('',(0.E0,0.E0,-1.E0));
#337=AXIS2_PLACEMENT_3D('',#334,#335,#336);
#339=DIRECTION('',(0.E0,1.E0,0.E0));
#340=VECTOR('',#339,1.2E-2);
#341=CARTESIAN_POINT('',(3.433772233983E-1,3.83E-1,-1.925E-1));
#342=LINE('',#341,#340);
#343=CARTESIAN_POINT('',(3.75E-1,3.95E-1,-2.E-1));
#344=DIRECTION('',(0.E0,1.E0,0.E0));
#345=DIRECTION('',(-9.730085108210E-1,0.E0,2.307692307692E-1));
#346=AXIS2_PLACEMENT_3D('',#343,#344,#345);
#348=CARTESIAN_POINT('',(3.75E-1,3.95E-1,-2.E-1));
#349=DIRECTION('',(0.E0,1.E0,0.E0));
#350=DIRECTION('',(0.E0,0.E0,-1.E0));
#351=AXIS2_PLACEMENT_3D('',#348,#349,#350);
#353=DIRECTION('',(0.E0,1.E0,0.E0));
#354=VECTOR('',#353,1.2E-2);
#355=CARTESIAN_POINT('',(3.433772233983E-1,3.83E-1,-2.075E-1));
#356=LINE('',#355,#354);
#357=CARTESIAN_POINT('',(3.75E-1,3.83E-1,-2.E-1));
#358=DIRECTION('',(0.E0,1.E0,0.E0));
#359=DIRECTION('',(-9.730085108210E-1,0.E0,-2.307692307692E-1));
#360=AXIS2_PLACEMENT_3D('',#357,#358,#359);
#362=DIRECTION('',(-1.E0,0.E0,0.E0));
#363=VECTOR('',#362,6.324555320337E-2);
#364=CARTESIAN_POINT('',(4.066227766017E-1,3.95E-1,-1.925E-1));
#365=LINE('',#364,#363);
#366=DIRECTION('',(-1.E0,0.E0,0.E0));
#367=VECTOR('',#366,6.324555320337E-2);
#368=CARTESIAN_POINT('',(4.066227766017E-1,3.95E-1,-2.075E-1));
#369=LINE('',#368,#367);
#370=DIRECTION('',(0.E0,1.E0,0.E0));
#371=VECTOR('',#370,1.2E-2);
#372=CARTESIAN_POINT('',(4.066227766017E-1,3.83E-1,-1.925E-1));
#373=LINE('',#372,#371);
#374=CARTESIAN_POINT('',(3.75E-1,3.83E-1,-2.E-1));
#375=DIRECTION('',(0.E0,1.E0,0.E0));
#376=DIRECTION('',(9.730085108210E-1,0.E0,2.307692307692E-1));
#377=AXIS2_PLACEMENT_3D('',#374,#375,#376);
#379=DIRECTION('',(0.E0,1.E0,0.E0));
#380=VECTOR('',#379,1.2E-2);
#381=CARTESIAN_POINT('',(4.066227766017E-1,3.83E-1,-2.075E-1));
#382=LINE('',#381,#380);
#383=CARTESIAN_POINT('',(3.75E-1,3.95E-1,-2.E-1));
#384=DIRECTION('',(0.E0,-1.E0,0.E0));
#385=DIRECTION('',(0.E0,0.E0,-1.E0));
#386=AXIS2_PLACEMENT_3D('',#383,#384,#385);
#388=DIRECTION('',(0.E0,-1.E0,0.E0));
#389=VECTOR('',#388,2.5E-2);
#390=CARTESIAN_POINT('',(3.75E-1,3.95E-1,-2.325E-1));
#391=LINE('',#390,#389);
#392=DIRECTION('',(0.E0,-1.E0,0.E0));
#393=VECTOR('',#392,2.5E-2);
#394=CARTESIAN_POINT('',(3.75E-1,3.95E-1,-1.675E-1));
#395=LINE('',#394,#393);
#396=CARTESIAN_POINT('',(3.75E-1,3.95E-1,-2.E-1));
#397=DIRECTION('',(0.E0,-1.E0,0.E0));
#398=DIRECTION('',(9.730085108210E-1,0.E0,2.307692307692E-1));
#399=AXIS2_PLACEMENT_3D('',#396,#397,#398);
#401=DIRECTION('',(1.E0,0.E0,0.E0));
#402=VECTOR('',#401,6.324555320337E-2);
#403=CARTESIAN_POINT('',(3.433772233983E-1,3.83E-1,-1.925E-1));
#404=LINE('',#403,#402);
#405=DIRECTION('',(1.E0,0.E0,0.E0));
#406=VECTOR('',#405,6.324555320337E-2);
#407=CARTESIAN_POINT('',(3.433772233983E-1,3.83E-1,-2.075E-1));
#408=LINE('',#407,#406);
#409=DIRECTION('',(0.E0,1.E0,0.E0));
#410=VECTOR('',#409,5.E-2);
#411=CARTESIAN_POINT('',(3.4E-1,3.9E-1,-1.3E-1));
#412=LINE('',#411,#410);
#413=DIRECTION('',(0.E0,0.E0,-1.E0));
#414=VECTOR('',#413,2.5E-2);
#415=CARTESIAN_POINT('',(3.4E-1,3.9E-1,-1.05E-1));
#416=LINE('',#415,#414);
#417=DIRECTION('',(0.E0,-1.E0,0.E0));
#418=VECTOR('',#417,5.E-2);
#419=CARTESIAN_POINT('',(3.4E-1,4.4E-1,-1.05E-1));
#420=LINE('',#419,#418);
#421=DIRECTION('',(1.E0,0.E0,0.E0));
#422=VECTOR('',#421,7.E-2);
#423=CARTESIAN_POINT('',(3.4E-1,3.9E-1,-1.3E-1));
#424=LINE('',#423,#422);
#425=DIRECTION('',(0.E0,-1.E0,0.E0));
#426=VECTOR('',#425,5.E-2);
#427=CARTESIAN_POINT('',(4.1E-1,4.4E-1,-1.05E-1));
#428=LINE('',#427,#426);
#429=DIRECTION('',(0.E0,0.E0,-1.E0));
#430=VECTOR('',#429,2.5E-2);
#431=CARTESIAN_POINT('',(4.1E-1,3.9E-1,-1.05E-1));
#432=LINE('',#431,#430);
#433=DIRECTION('',(0.E0,1.E0,0.E0));
#434=VECTOR('',#433,5.E-2);
#435=CARTESIAN_POINT('',(4.1E-1,3.9E-1,-1.3E-1));
#436=LINE('',#435,#434);
#437=DIRECTION('',(1.E0,0.E0,0.E0));
#438=VECTOR('',#437,7.E-2);
#439=CARTESIAN_POINT('',(3.4E-1,3.9E-1,-1.05E-1));
#440=LINE('',#439,#438);
#441=CARTESIAN_POINT('',(2.25E-1,3.7E-1,-2.E-1));
#442=DIRECTION('',(0.E0,1.E0,0.E0));
#443=DIRECTION('',(0.E0,0.E0,-1.E0));
#444=AXIS2_PLACEMENT_3D('',#441,#442,#443);
#446=DIRECTION('',(0.E0,-1.E0,0.E0));
#447=VECTOR('',#446,7.E-2);
#448=CARTESIAN_POINT('',(2.25E-1,4.4E-1,-2.4E-1));
#449=LINE('',#448,#447);
#450=DIRECTION('',(0.E0,-1.E0,0.E0));
#451=VECTOR('',#450,7.E-2);
#452=CARTESIAN_POINT('',(2.25E-1,4.4E-1,-1.6E-1));
#453=LINE('',#452,#451);
#454=CARTESIAN_POINT('',(2.25E-1,3.7E-1,-2.E-1));
#455=DIRECTION('',(0.E0,-1.E0,0.E0));
#456=DIRECTION('',(0.E0,0.E0,-1.E0));
#457=AXIS2_PLACEMENT_3D('',#454,#455,#456);
#459=CARTESIAN_POINT('',(2.25E-1,3.7E-1,-2.E-1));
#460=DIRECTION('',(0.E0,1.E0,0.E0));
#461=DIRECTION('',(0.E0,0.E0,-1.E0));
#462=AXIS2_PLACEMENT_3D('',#459,#460,#461);
#464=CARTESIAN_POINT('',(2.25E-1,3.7E-1,-2.E-1));
#465=DIRECTION('',(0.E0,-1.E0,0.E0));
#466=DIRECTION('',(0.E0,0.E0,-1.E0));
#467=AXIS2_PLACEMENT_3D('',#464,#465,#466);
#469=DIRECTION('',(0.E0,1.E0,0.E0));
#470=VECTOR('',#469,1.2E-2);
#471=CARTESIAN_POINT('',(1.933772233983E-1,3.83E-1,-1.925E-1));
#472=LINE('',#471,#470);
#473=CARTESIAN_POINT('',(2.25E-1,3.95E-1,-2.E-1));
#474=DIRECTION('',(0.E0,1.E0,0.E0));
#475=DIRECTION('',(-9.730085108210E-1,0.E0,2.307692307692E-1));
#476=AXIS2_PLACEMENT_3D('',#473,#474,#475);
#478=CARTESIAN_POINT('',(2.25E-1,3.95E-1,-2.E-1));
#479=DIRECTION('',(0.E0,1.E0,0.E0));
#480=DIRECTION('',(0.E0,0.E0,-1.E0));
#481=AXIS2_PLACEMENT_3D('',#478,#479,#480);
#483=DIRECTION('',(0.E0,1.E0,0.E0));
#484=VECTOR('',#483,1.2E-2);
#485=CARTESIAN_POINT('',(1.933772233983E-1,3.83E-1,-2.075E-1));
#486=LINE('',#485,#484);
#487=CARTESIAN_POINT('',(2.25E-1,3.83E-1,-2.E-1));
#488=DIRECTION('',(0.E0,1.E0,0.E0));
#489=DIRECTION('',(-9.730085108210E-1,0.E0,-2.307692307692E-1));
#490=AXIS2_PLACEMENT_3D('',#487,#488,#489);
#492=DIRECTION('',(1.E0,0.E0,0.E0));
#493=VECTOR('',#492,6.324555320337E-2);
#494=CARTESIAN_POINT('',(1.933772233983E-1,3.83E-1,-1.925E-1));
#495=LINE('',#494,#493);
#496=DIRECTION('',(1.E0,0.E0,0.E0));
#497=VECTOR('',#496,6.324555320337E-2);
#498=CARTESIAN_POINT('',(1.933772233983E-1,3.83E-1,-2.075E-1));
#499=LINE('',#498,#497);
#500=DIRECTION('',(-1.E0,0.E0,0.E0));
#501=VECTOR('',#500,6.324555320337E-2);
#502=CARTESIAN_POINT('',(2.566227766017E-1,3.95E-1,-1.925E-1));
#503=LINE('',#502,#501);
#504=DIRECTION('',(-1.E0,0.E0,0.E0));
#505=VECTOR('',#504,6.324555320337E-2);
#506=CARTESIAN_POINT('',(2.566227766017E-1,3.95E-1,-2.075E-1));
#507=LINE('',#506,#505);
#508=DIRECTION('',(0.E0,1.E0,0.E0));
#509=VECTOR('',#508,1.2E-2);
#510=CARTESIAN_POINT('',(2.566227766017E-1,3.83E-1,-1.925E-1));
#511=LINE('',#510,#509);
#512=CARTESIAN_POINT('',(2.25E-1,3.83E-1,-2.E-1));
#513=DIRECTION('',(0.E0,1.E0,0.E0));
#514=DIRECTION('',(9.730085108210E-1,0.E0,2.307692307692E-1));
#515=AXIS2_PLACEMENT_3D('',#512,#513,#514);
#517=DIRECTION('',(0.E0,1.E0,0.E0));
#518=VECTOR('',#517,1.2E-2);
#519=CARTESIAN_POINT('',(2.566227766017E-1,3.83E-1,-2.075E-1));
#520=LINE('',#519,#518);
#521=CARTESIAN_POINT('',(2.25E-1,3.95E-1,-2.E-1));
#522=DIRECTION('',(0.E0,-1.E0,0.E0));
#523=DIRECTION('',(0.E0,0.E0,-1.E0));
#524=AXIS2_PLACEMENT_3D('',#521,#522,#523);
#526=DIRECTION('',(0.E0,-1.E0,0.E0));
#527=VECTOR('',#526,2.5E-2);
#528=CARTESIAN_POINT('',(2.25E-1,3.95E-1,-2.325E-1));
#529=LINE('',#528,#527);
#530=DIRECTION('',(0.E0,-1.E0,0.E0));
#531=VECTOR('',#530,2.5E-2);
#532=CARTESIAN_POINT('',(2.25E-1,3.95E-1,-1.675E-1));
#533=LINE('',#532,#531);
#534=CARTESIAN_POINT('',(2.25E-1,3.95E-1,-2.E-1));
#535=DIRECTION('',(0.E0,-1.E0,0.E0));
#536=DIRECTION('',(9.730085108210E-1,0.E0,2.307692307692E-1));
#537=AXIS2_PLACEMENT_3D('',#534,#535,#536);
#539=DIRECTION('',(0.E0,-1.E0,0.E0));
#540=VECTOR('',#539,5.E-2);
#541=CARTESIAN_POINT('',(1.9E-1,4.4E-1,-1.05E-1));
#542=LINE('',#541,#540);
#543=DIRECTION('',(0.E0,1.E0,0.E0));
#544=VECTOR('',#543,5.E-2);
#545=CARTESIAN_POINT('',(1.9E-1,3.9E-1,-1.3E-1));
#546=LINE('',#545,#544);
#547=DIRECTION('',(0.E0,0.E0,-1.E0));
#548=VECTOR('',#547,2.5E-2);
#549=CARTESIAN_POINT('',(1.9E-1,3.9E-1,-1.05E-1));
#550=LINE('',#549,#548);
#551=DIRECTION('',(1.E0,0.E0,0.E0));
#552=VECTOR('',#551,7.E-2);
#553=CARTESIAN_POINT('',(1.9E-1,3.9E-1,-1.05E-1));
#554=LINE('',#553,#552);
#555=DIRECTION('',(1.E0,0.E0,0.E0));
#556=VECTOR('',#555,7.E-2);
#557=CARTESIAN_POINT('',(1.9E-1,3.9E-1,-1.3E-1));
#558=LINE('',#557,#556);
#559=DIRECTION('',(0.E0,-1.E0,0.E0));
#560=VECTOR('',#559,5.E-2);
#561=CARTESIAN_POINT('',(2.6E-1,4.4E-1,-1.05E-1));
#562=LINE('',#561,#560);
#563=DIRECTION('',(0.E0,0.E0,-1.E0));
#564=VECTOR('',#563,2.5E-2);
#565=CARTESIAN_POINT('',(2.6E-1,3.9E-1,-1.05E-1));
#566=LINE('',#565,#564);
#567=DIRECTION('',(0.E0,1.E0,0.E0));
#568=VECTOR('',#567,5.E-2);
#569=CARTESIAN_POINT('',(2.6E-1,3.9E-1,-1.3E-1));
#570=LINE('',#569,#568);
#571=CARTESIAN_POINT('',(7.5E-2,3.7E-1,-2.E-1));
#572=DIRECTION('',(0.E0,1.E0,0.E0));
#573=DIRECTION('',(0.E0,0.E0,-1.E0));
#574=AXIS2_PLACEMENT_3D('',#571,#572,#573);
#576=DIRECTION('',(0.E0,-1.E0,0.E0));
#577=VECTOR('',#576,7.E-2);
#578=CARTESIAN_POINT('',(7.5E-2,4.4E-1,-2.4E-1));
#579=LINE('',#578,#577);
#580=DIRECTION('',(0.E0,-1.E0,0.E0));
#581=VECTOR('',#580,7.E-2);
#582=CARTESIAN_POINT('',(7.5E-2,4.4E-1,-1.6E-1));
#583=LINE('',#582,#581);
#584=CARTESIAN_POINT('',(7.5E-2,3.7E-1,-2.E-1));
#585=DIRECTION('',(0.E0,-1.E0,0.E0));
#586=DIRECTION('',(0.E0,0.E0,-1.E0));
#587=AXIS2_PLACEMENT_3D('',#584,#585,#586);
#589=CARTESIAN_POINT('',(7.5E-2,3.7E-1,-2.E-1));
#590=DIRECTION('',(0.E0,1.E0,0.E0));
#591=DIRECTION('',(0.E0,0.E0,-1.E0));
#592=AXIS2_PLACEMENT_3D('',#589,#590,#591);
#594=CARTESIAN_POINT('',(7.5E-2,3.7E-1,-2.E-1));
#595=DIRECTION('',(0.E0,-1.E0,0.E0));
#596=DIRECTION('',(0.E0,0.E0,-1.E0));
#597=AXIS2_PLACEMENT_3D('',#594,#595,#596);
#599=DIRECTION('',(0.E0,1.E0,0.E0));
#600=VECTOR('',#599,1.2E-2);
#601=CARTESIAN_POINT('',(4.337722339832E-2,3.83E-1,-1.925E-1));
#602=LINE('',#601,#600);
#603=CARTESIAN_POINT('',(7.5E-2,3.95E-1,-2.E-1));
#604=DIRECTION('',(0.E0,1.E0,0.E0));
#605=DIRECTION('',(-9.730085108210E-1,0.E0,2.307692307692E-1));
#606=AXIS2_PLACEMENT_3D('',#603,#604,#605);
#608=CARTESIAN_POINT('',(7.5E-2,3.95E-1,-2.E-1));
#609=DIRECTION('',(0.E0,1.E0,0.E0));
#610=DIRECTION('',(0.E0,0.E0,-1.E0));
#611=AXIS2_PLACEMENT_3D('',#608,#609,#610);
#613=DIRECTION('',(0.E0,1.E0,0.E0));
#614=VECTOR('',#613,1.2E-2);
#615=CARTESIAN_POINT('',(4.337722339832E-2,3.83E-1,-2.075E-1));
#616=LINE('',#615,#614);
#617=CARTESIAN_POINT('',(7.5E-2,3.83E-1,-2.E-1));
#618=DIRECTION('',(0.E0,1.E0,0.E0));
#619=DIRECTION('',(-9.730085108210E-1,0.E0,-2.307692307692E-1));
#620=AXIS2_PLACEMENT_3D('',#617,#618,#619);
#622=DIRECTION('',(1.E0,0.E0,0.E0));
#623=VECTOR('',#622,6.324555320337E-2);
#624=CARTESIAN_POINT('',(4.337722339832E-2,3.83E-1,-1.925E-1));
#625=LINE('',#624,#623);
#626=DIRECTION('',(1.E0,0.E0,0.E0));
#627=VECTOR('',#626,6.324555320337E-2);
#628=CARTESIAN_POINT('',(4.337722339832E-2,3.83E-1,-2.075E-1));
#629=LINE('',#628,#627);
#630=DIRECTION('',(-1.E0,0.E0,0.E0));
#631=VECTOR('',#630,6.324555320337E-2);
#632=CARTESIAN_POINT('',(1.066227766017E-1,3.95E-1,-1.925E-1));
#633=LINE('',#632,#631);
#634=DIRECTION('',(-1.E0,0.E0,0.E0));
#635=VECTOR('',#634,6.324555320337E-2);
#636=CARTESIAN_POINT('',(1.066227766017E-1,3.95E-1,-2.075E-1));
#637=LINE('',#636,#635);
#638=DIRECTION('',(0.E0,1.E0,0.E0));
#639=VECTOR('',#638,1.2E-2);
#640=CARTESIAN_POINT('',(1.066227766017E-1,3.83E-1,-1.925E-1));
#641=LINE('',#640,#639);
#642=CARTESIAN_POINT('',(7.5E-2,3.83E-1,-2.E-1));
#643=DIRECTION('',(0.E0,1.E0,0.E0));
#644=DIRECTION('',(9.730085108210E-1,0.E0,2.307692307692E-1));
#645=AXIS2_PLACEMENT_3D('',#642,#643,#644);
#647=DIRECTION('',(0.E0,1.E0,0.E0));
#648=VECTOR('',#647,1.2E-2);
#649=CARTESIAN_POINT('',(1.066227766017E-1,3.83E-1,-2.075E-1));
#650=LINE('',#649,#648);
#651=CARTESIAN_POINT('',(7.5E-2,3.95E-1,-2.E-1));
#652=DIRECTION('',(0.E0,-1.E0,0.E0));
#653=DIRECTION('',(0.E0,0.E0,-1.E0));
#654=AXIS2_PLACEMENT_3D('',#651,#652,#653);
#656=DIRECTION('',(0.E0,-1.E0,0.E0));
#657=VECTOR('',#656,2.5E-2);
#658=CARTESIAN_POINT('',(7.5E-2,3.95E-1,-2.325E-1));
#659=LINE('',#658,#657);
#660=DIRECTION('',(0.E0,-1.E0,0.E0));
#661=VECTOR('',#660,2.5E-2);
#662=CARTESIAN_POINT('',(7.5E-2,3.95E-1,-1.675E-1));
#663=LINE('',#662,#661);
#664=CARTESIAN_POINT('',(7.5E-2,3.95E-1,-2.E-1));
#665=DIRECTION('',(0.E0,-1.E0,0.E0));
#666=DIRECTION('',(9.730085108210E-1,0.E0,2.307692307692E-1));
#667=AXIS2_PLACEMENT_3D('',#664,#665,#666);
#669=DIRECTION('',(0.E0,-1.E0,0.E0));
#670=VECTOR('',#669,5.E-2);
#671=CARTESIAN_POINT('',(4.E-2,4.4E-1,-1.05E-1));
#672=LINE('',#671,#670);
#673=DIRECTION('',(0.E0,1.E0,0.E0));
#674=VECTOR('',#673,5.E-2);
#675=CARTESIAN_POINT('',(4.E-2,3.9E-1,-1.3E-1));
#676=LINE('',#675,#674);
#677=DIRECTION('',(0.E0,0.E0,-1.E0));
#678=VECTOR('',#677,2.5E-2);
#679=CARTESIAN_POINT('',(4.E-2,3.9E-1,-1.05E-1));
#680=LINE('',#679,#678);
#681=DIRECTION('',(1.E0,0.E0,0.E0));
#682=VECTOR('',#681,7.E-2);
#683=CARTESIAN_POINT('',(4.E-2,3.9E-1,-1.05E-1));
#684=LINE('',#683,#682);
#685=DIRECTION('',(1.E0,0.E0,0.E0));
#686=VECTOR('',#685,7.E-2);
#687=CARTESIAN_POINT('',(4.E-2,3.9E-1,-1.3E-1));
#688=LINE('',#687,#686);
#689=DIRECTION('',(0.E0,-1.E0,0.E0));
#690=VECTOR('',#689,5.E-2);
#691=CARTESIAN_POINT('',(1.1E-1,4.4E-1,-1.05E-1));
#692=LINE('',#691,#690);
#693=DIRECTION('',(0.E0,0.E0,-1.E0));
#694=VECTOR('',#693,2.5E-2);
#695=CARTESIAN_POINT('',(1.1E-1,3.9E-1,-1.05E-1));
#696=LINE('',#695,#694);
#697=DIRECTION('',(0.E0,1.E0,0.E0));
#698=VECTOR('',#697,5.E-2);
#699=CARTESIAN_POINT('',(1.1E-1,3.9E-1,-1.3E-1));
#700=LINE('',#699,#698);
#701=CARTESIAN_POINT('',(-7.5E-2,3.7E-1,-2.E-1));
#702=DIRECTION('',(0.E0,1.E0,0.E0));
#703=DIRECTION('',(0.E0,0.E0,-1.E0));
#704=AXIS2_PLACEMENT_3D('',#701,#702,#703);
#706=DIRECTION('',(0.E0,-1.E0,0.E0));
#707=VECTOR('',#706,7.E-2);
#708=CARTESIAN_POINT('',(-7.5E-2,4.4E-1,-2.4E-1));
#709=LINE('',#708,#707);
#710=DIRECTION('',(0.E0,-1.E0,0.E0));
#711=VECTOR('',#710,7.E-2);
#712=CARTESIAN_POINT('',(-7.5E-2,4.4E-1,-1.6E-1));
#713=LINE('',#712,#711);
#714=CARTESIAN_POINT('',(-7.5E-2,3.7E-1,-2.E-1));
#715=DIRECTION('',(0.E0,-1.E0,0.E0));
#716=DIRECTION('',(0.E0,0.E0,-1.E0));
#717=AXIS2_PLACEMENT_3D('',#714,#715,#716);
#719=CARTESIAN_POINT('',(-7.5E-2,3.7E-1,-2.E-1));
#720=DIRECTION('',(0.E0,1.E0,0.E0));
#721=DIRECTION('',(0.E0,0.E0,-1.E0));
#722=AXIS2_PLACEMENT_3D('',#719,#720,#721);
#724=CARTESIAN_POINT('',(-7.5E-2,3.7E-1,-2.E-1));
#725=DIRECTION('',(0.E0,-1.E0,0.E0));
#726=DIRECTION('',(0.E0,0.E0,-1.E0));
#727=AXIS2_PLACEMENT_3D('',#724,#725,#726);
#729=DIRECTION('',(0.E0,1.E0,0.E0));
#730=VECTOR('',#729,1.2E-2);
#731=CARTESIAN_POINT('',(-1.066227766017E-1,3.83E-1,-1.925E-1));
#732=LINE('',#731,#730);
#733=CARTESIAN_POINT('',(-7.5E-2,3.95E-1,-2.E-1));
#734=DIRECTION('',(0.E0,1.E0,0.E0));
#735=DIRECTION('',(-9.730085108210E-1,0.E0,2.307692307692E-1));
#736=AXIS2_PLACEMENT_3D('',#733,#734,#735);
#738=CARTESIAN_POINT('',(-7.5E-2,3.95E-1,-2.E-1));
#739=DIRECTION('',(0.E0,1.E0,0.E0));
#740=DIRECTION('',(0.E0,0.E0,-1.E0));
#741=AXIS2_PLACEMENT_3D('',#738,#739,#740);
#743=DIRECTION('',(0.E0,1.E0,0.E0));
#744=VECTOR('',#743,1.2E-2);
#745=CARTESIAN_POINT('',(-1.066227766017E-1,3.83E-1,-2.075E-1));
#746=LINE('',#745,#744);
#747=CARTESIAN_POINT('',(-7.5E-2,3.83E-1,-2.E-1));
#748=DIRECTION('',(0.E0,1.E0,0.E0));
#749=DIRECTION('',(-9.730085108210E-1,0.E0,-2.307692307692E-1));
#750=AXIS2_PLACEMENT_3D('',#747,#748,#749);
#752=DIRECTION('',(1.E0,0.E0,0.E0));
#753=VECTOR('',#752,6.324555320337E-2);
#754=CARTESIAN_POINT('',(-1.066227766017E-1,3.83E-1,-1.925E-1));
#755=LINE('',#754,#753);
#756=DIRECTION('',(1.E0,0.E0,0.E0));
#757=VECTOR('',#756,6.324555320337E-2);
#758=CARTESIAN_POINT('',(-1.066227766017E-1,3.83E-1,-2.075E-1));
#759=LINE('',#758,#757);
#760=DIRECTION('',(-1.E0,0.E0,0.E0));
#761=VECTOR('',#760,6.324555320337E-2);
#762=CARTESIAN_POINT('',(-4.337722339832E-2,3.95E-1,-1.925E-1));
#763=LINE('',#762,#761);
#764=DIRECTION('',(-1.E0,0.E0,0.E0));
#765=VECTOR('',#764,6.324555320337E-2);
#766=CARTESIAN_POINT('',(-4.337722339832E-2,3.95E-1,-2.075E-1));
#767=LINE('',#766,#765);
#768=DIRECTION('',(0.E0,1.E0,0.E0));
#769=VECTOR('',#768,1.2E-2);
#770=CARTESIAN_POINT('',(-4.337722339832E-2,3.83E-1,-1.925E-1));
#771=LINE('',#770,#769);
#772=CARTESIAN_POINT('',(-7.5E-2,3.83E-1,-2.E-1));
#773=DIRECTION('',(0.E0,1.E0,0.E0));
#774=DIRECTION('',(9.730085108210E-1,0.E0,2.307692307692E-1));
#775=AXIS2_PLACEMENT_3D('',#772,#773,#774);
#777=DIRECTION('',(0.E0,1.E0,0.E0));
#778=VECTOR('',#777,1.2E-2);
#779=CARTESIAN_POINT('',(-4.337722339832E-2,3.83E-1,-2.075E-1));
#780=LINE('',#779,#778);
#781=CARTESIAN_POINT('',(-7.5E-2,3.95E-1,-2.E-1));
#782=DIRECTION('',(0.E0,-1.E0,0.E0));
#783=DIRECTION('',(0.E0,0.E0,-1.E0));
#784=AXIS2_PLACEMENT_3D('',#781,#782,#783);
#786=DIRECTION('',(0.E0,-1.E0,0.E0));
#787=VECTOR('',#786,2.5E-2);
#788=CARTESIAN_POINT('',(-7.5E-2,3.95E-1,-2.325E-1));
#789=LINE('',#788,#787);
#790=DIRECTION('',(0.E0,-1.E0,0.E0));
#791=VECTOR('',#790,2.5E-2);
#792=CARTESIAN_POINT('',(-7.5E-2,3.95E-1,-1.675E-1));
#793=LINE('',#792,#791);
#794=CARTESIAN_POINT('',(-7.5E-2,3.95E-1,-2.E-1));
#795=DIRECTION('',(0.E0,-1.E0,0.E0));
#796=DIRECTION('',(9.730085108210E-1,0.E0,2.307692307692E-1));
#797=AXIS2_PLACEMENT_3D('',#794,#795,#796);
#799=DIRECTION('',(0.E0,-1.E0,0.E0));
#800=VECTOR('',#799,5.E-2);
#801=CARTESIAN_POINT('',(-1.1E-1,4.4E-1,-1.05E-1));
#802=LINE('',#801,#800);
#803=DIRECTION('',(0.E0,1.E0,0.E0));
#804=VECTOR('',#803,5.E-2);
#805=CARTESIAN_POINT('',(-1.1E-1,3.9E-1,-1.3E-1));
#806=LINE('',#805,#804);
#807=DIRECTION('',(0.E0,0.E0,-1.E0));
#808=VECTOR('',#807,2.5E-2);
#809=CARTESIAN_POINT('',(-1.1E-1,3.9E-1,-1.05E-1));
#810=LINE('',#809,#808);
#811=DIRECTION('',(1.E0,0.E0,0.E0));
#812=VECTOR('',#811,7.E-2);
#813=CARTESIAN_POINT('',(-1.1E-1,3.9E-1,-1.05E-1));
#814=LINE('',#813,#812);
#815=DIRECTION('',(1.E0,0.E0,0.E0));
#816=VECTOR('',#815,7.E-2);
#817=CARTESIAN_POINT('',(-1.1E-1,3.9E-1,-1.3E-1));
#818=LINE('',#817,#816);
#819=DIRECTION('',(0.E0,-1.E0,0.E0));
#820=VECTOR('',#819,5.E-2);
#821=CARTESIAN_POINT('',(-4.E-2,4.4E-1,-1.05E-1));
#822=LINE('',#821,#820);
#823=DIRECTION('',(0.E0,0.E0,-1.E0));
#824=VECTOR('',#823,2.5E-2);
#825=CARTESIAN_POINT('',(-4.E-2,3.9E-1,-1.05E-1));
#826=LINE('',#825,#824);
#827=DIRECTION('',(0.E0,1.E0,0.E0));
#828=VECTOR('',#827,5.E-2);
#829=CARTESIAN_POINT('',(-4.E-2,3.9E-1,-1.3E-1));
#830=LINE('',#829,#828);
#831=CARTESIAN_POINT('',(-2.25E-1,3.7E-1,-2.E-1));
#832=DIRECTION('',(0.E0,1.E0,0.E0));
#833=DIRECTION('',(0.E0,0.E0,-1.E0));
#834=AXIS2_PLACEMENT_3D('',#831,#832,#833);
#836=DIRECTION('',(0.E0,-1.E0,0.E0));
#837=VECTOR('',#836,7.E-2);
#838=CARTESIAN_POINT('',(-2.25E-1,4.4E-1,-2.4E-1));
#839=LINE('',#838,#837);
#840=DIRECTION('',(0.E0,-1.E0,0.E0));
#841=VECTOR('',#840,7.E-2);
#842=CARTESIAN_POINT('',(-2.25E-1,4.4E-1,-1.6E-1));
#843=LINE('',#842,#841);
#844=CARTESIAN_POINT('',(-2.25E-1,3.7E-1,-2.E-1));
#845=DIRECTION('',(0.E0,-1.E0,0.E0));
#846=DIRECTION('',(0.E0,0.E0,-1.E0));
#847=AXIS2_PLACEMENT_3D('',#844,#845,#846);
#849=CARTESIAN_POINT('',(-2.25E-1,3.7E-1,-2.E-1));
#850=DIRECTION('',(0.E0,1.E0,0.E0));
#851=DIRECTION('',(0.E0,0.E0,-1.E0));
#852=AXIS2_PLACEMENT_3D('',#849,#850,#851);
#854=CARTESIAN_POINT('',(-2.25E-1,3.7E-1,-2.E-1));
#855=DIRECTION('',(0.E0,-1.E0,0.E0));
#856=DIRECTION('',(0.E0,0.E0,-1.E0));
#857=AXIS2_PLACEMENT_3D('',#854,#855,#856);
#859=DIRECTION('',(0.E0,1.E0,0.E0));
#860=VECTOR('',#859,1.2E-2);
#861=CARTESIAN_POINT('',(-2.566227766017E-1,3.83E-1,-1.925E-1));
#862=LINE('',#861,#860);
#863=CARTESIAN_POINT('',(-2.25E-1,3.95E-1,-2.E-1));
#864=DIRECTION('',(0.E0,1.E0,0.E0));
#865=DIRECTION('',(-9.730085108210E-1,0.E0,2.307692307692E-1));
#866=AXIS2_PLACEMENT_3D('',#863,#864,#865);
#868=CARTESIAN_POINT('',(-2.25E-1,3.95E-1,-2.E-1));
#869=DIRECTION('',(0.E0,1.E0,0.E0));
#870=DIRECTION('',(0.E0,0.E0,-1.E0));
#871=AXIS2_PLACEMENT_3D('',#868,#869,#870);
#873=DIRECTION('',(0.E0,1.E0,0.E0));
#874=VECTOR('',#873,1.2E-2);
#875=CARTESIAN_POINT('',(-2.566227766017E-1,3.83E-1,-2.075E-1));
#876=LINE('',#875,#874);
#877=CARTESIAN_POINT('',(-2.25E-1,3.83E-1,-2.E-1));
#878=DIRECTION('',(0.E0,1.E0,0.E0));
#879=DIRECTION('',(-9.730085108210E-1,0.E0,-2.307692307692E-1));
#880=AXIS2_PLACEMENT_3D('',#877,#878,#879);
#882=DIRECTION('',(1.E0,0.E0,0.E0));
#883=VECTOR('',#882,6.324555320337E-2);
#884=CARTESIAN_POINT('',(-2.566227766017E-1,3.83E-1,-1.925E-1));
#885=LINE('',#884,#883);
#886=DIRECTION('',(1.E0,0.E0,0.E0));
#887=VECTOR('',#886,6.324555320337E-2);
#888=CARTESIAN_POINT('',(-2.566227766017E-1,3.83E-1,-2.075E-1));
#889=LINE('',#888,#887);
#890=DIRECTION('',(-1.E0,0.E0,0.E0));
#891=VECTOR('',#890,6.324555320337E-2);
#892=CARTESIAN_POINT('',(-1.933772233983E-1,3.95E-1,-1.925E-1));
#893=LINE('',#892,#891);
#894=DIRECTION('',(-1.E0,0.E0,0.E0));
#895=VECTOR('',#894,6.324555320337E-2);
#896=CARTESIAN_POINT('',(-1.933772233983E-1,3.95E-1,-2.075E-1));
#897=LINE('',#896,#895);
#898=DIRECTION('',(0.E0,1.E0,0.E0));
#899=VECTOR('',#898,1.2E-2);
#900=CARTESIAN_POINT('',(-1.933772233983E-1,3.83E-1,-1.925E-1));
#901=LINE('',#900,#899);
#902=CARTESIAN_POINT('',(-2.25E-1,3.83E-1,-2.E-1));
#903=DIRECTION('',(0.E0,1.E0,0.E0));
#904=DIRECTION('',(9.730085108210E-1,0.E0,2.307692307692E-1));
#905=AXIS2_PLACEMENT_3D('',#902,#903,#904);
#907=DIRECTION('',(0.E0,1.E0,0.E0));
#908=VECTOR('',#907,1.2E-2);
#909=CARTESIAN_POINT('',(-1.933772233983E-1,3.83E-1,-2.075E-1));
#910=LINE('',#909,#908);
#911=CARTESIAN_POINT('',(-2.25E-1,3.95E-1,-2.E-1));
#912=DIRECTION('',(0.E0,-1.E0,0.E0));
#913=DIRECTION('',(0.E0,0.E0,-1.E0));
#914=AXIS2_PLACEMENT_3D('',#911,#912,#913);
#916=DIRECTION('',(0.E0,-1.E0,0.E0));
#917=VECTOR('',#916,2.5E-2);
#918=CARTESIAN_POINT('',(-2.25E-1,3.95E-1,-2.325E-1));
#919=LINE('',#918,#917);
#920=DIRECTION('',(0.E0,-1.E0,0.E0));
#921=VECTOR('',#920,2.5E-2);
#922=CARTESIAN_POINT('',(-2.25E-1,3.95E-1,-1.675E-1));
#923=LINE('',#922,#921);
#924=CARTESIAN_POINT('',(-2.25E-1,3.95E-1,-2.E-1));
#925=DIRECTION('',(0.E0,-1.E0,0.E0));
#926=DIRECTION('',(9.730085108210E-1,0.E0,2.307692307692E-1));
#927=AXIS2_PLACEMENT_3D('',#924,#925,#926);
#929=DIRECTION('',(0.E0,-1.E0,0.E0));
#930=VECTOR('',#929,5.E-2);
#931=CARTESIAN_POINT('',(-2.6E-1,4.4E-1,-1.05E-1));
#932=LINE('',#931,#930);
#933=DIRECTION('',(0.E0,1.E0,0.E0));
#934=VECTOR('',#933,5.E-2);
#935=CARTESIAN_POINT('',(-2.6E-1,3.9E-1,-1.3E-1));
#936=LINE('',#935,#934);
#937=DIRECTION('',(0.E0,0.E0,-1.E0));
#938=VECTOR('',#937,2.5E-2);
#939=CARTESIAN_POINT('',(-2.6E-1,3.9E-1,-1.05E-1));
#940=LINE('',#939,#938);
#941=DIRECTION('',(1.E0,0.E0,0.E0));
#942=VECTOR('',#941,7.E-2);
#943=CARTESIAN_POINT('',(-2.6E-1,3.9E-1,-1.05E-1));
#944=LINE('',#943,#942);
#945=DIRECTION('',(1.E0,0.E0,0.E0));
#946=VECTOR('',#945,7.E-2);
#947=CARTESIAN_POINT('',(-2.6E-1,3.9E-1,-1.3E-1));
#948=LINE('',#947,#946);
#949=DIRECTION('',(0.E0,-1.E0,0.E0));
#950=VECTOR('',#949,5.E-2);
#951=CARTESIAN_POINT('',(-1.9E-1,4.4E-1,-1.05E-1));
#952=LINE('',#951,#950);
#953=DIRECTION('',(0.E0,0.E0,-1.E0));
#954=VECTOR('',#953,2.5E-2);
#955=CARTESIAN_POINT('',(-1.9E-1,3.9E-1,-1.05E-1));
#956=LINE('',#955,#954);
#957=DIRECTION('',(0.E0,1.E0,0.E0));
#958=VECTOR('',#957,5.E-2);
#959=CARTESIAN_POINT('',(-1.9E-1,3.9E-1,-1.3E-1));
#960=LINE('',#959,#958);
#961=CARTESIAN_POINT('',(-3.75E-1,3.7E-1,-2.E-1));
#962=DIRECTION('',(0.E0,1.E0,0.E0));
#963=DIRECTION('',(0.E0,0.E0,-1.E0));
#964=AXIS2_PLACEMENT_3D('',#961,#962,#963);
#966=DIRECTION('',(0.E0,-1.E0,0.E0));
#967=VECTOR('',#966,7.E-2);
#968=CARTESIAN_POINT('',(-3.75E-1,4.4E-1,-2.4E-1));
#969=LINE('',#968,#967);
#970=DIRECTION('',(0.E0,-1.E0,0.E0));
#971=VECTOR('',#970,7.E-2);
#972=CARTESIAN_POINT('',(-3.75E-1,4.4E-1,-1.6E-1));
#973=LINE('',#972,#971);
#974=CARTESIAN_POINT('',(-3.75E-1,3.7E-1,-2.E-1));
#975=DIRECTION('',(0.E0,-1.E0,0.E0));
#976=DIRECTION('',(0.E0,0.E0,-1.E0));
#977=AXIS2_PLACEMENT_3D('',#974,#975,#976);
#979=CARTESIAN_POINT('',(-3.75E-1,3.7E-1,-2.E-1));
#980=DIRECTION('',(0.E0,1.E0,0.E0));
#981=DIRECTION('',(0.E0,0.E0,-1.E0));
#982=AXIS2_PLACEMENT_3D('',#979,#980,#981);
#984=CARTESIAN_POINT('',(-3.75E-1,3.7E-1,-2.E-1));
#985=DIRECTION('',(0.E0,-1.E0,0.E0));
#986=DIRECTION('',(0.E0,0.E0,-1.E0));
#987=AXIS2_PLACEMENT_3D('',#984,#985,#986);
#989=DIRECTION('',(0.E0,1.E0,0.E0));
#990=VECTOR('',#989,1.2E-2);
#991=CARTESIAN_POINT('',(-4.066227766017E-1,3.83E-1,-1.925E-1));
#992=LINE('',#991,#990);
#993=CARTESIAN_POINT('',(-3.75E-1,3.95E-1,-2.E-1));
#994=DIRECTION('',(0.E0,1.E0,0.E0));
#995=DIRECTION('',(-9.730085108210E-1,0.E0,2.307692307692E-1));
#996=AXIS2_PLACEMENT_3D('',#993,#994,#995);
#998=CARTESIAN_POINT('',(-3.75E-1,3.95E-1,-2.E-1));
#999=DIRECTION('',(0.E0,1.E0,0.E0));
#1000=DIRECTION('',(0.E0,0.E0,-1.E0));
#1001=AXIS2_PLACEMENT_3D('',#998,#999,#1000);
#1003=DIRECTION('',(0.E0,1.E0,0.E0));
#1004=VECTOR('',#1003,1.2E-2);
#1005=CARTESIAN_POINT('',(-4.066227766017E-1,3.83E-1,-2.075E-1));
#1006=LINE('',#1005,#1004);
#1007=CARTESIAN_POINT('',(-3.75E-1,3.83E-1,-2.E-1));
#1008=DIRECTION('',(0.E0,1.E0,0.E0));
#1009=DIRECTION('',(-9.730085108210E-1,0.E0,-2.307692307692E-1));
#1010=AXIS2_PLACEMENT_3D('',#1007,#1008,#1009);
#1012=DIRECTION('',(1.E0,0.E0,0.E0));
#1013=VECTOR('',#1012,6.324555320337E-2);
#1014=CARTESIAN_POINT('',(-4.066227766017E-1,3.83E-1,-1.925E-1));
#1015=LINE('',#1014,#1013);
#1016=DIRECTION('',(1.E0,0.E0,0.E0));
#1017=VECTOR('',#1016,6.324555320337E-2);
#1018=CARTESIAN_POINT('',(-4.066227766017E-1,3.83E-1,-2.075E-1));
#1019=LINE('',#1018,#1017);
#1020=DIRECTION('',(-1.E0,0.E0,0.E0));
#1021=VECTOR('',#1020,6.324555320337E-2);
#1022=CARTESIAN_POINT('',(-3.433772233983E-1,3.95E-1,-1.925E-1));
#1023=LINE('',#1022,#1021);
#1024=DIRECTION('',(-1.E0,0.E0,0.E0));
#1025=VECTOR('',#1024,6.324555320337E-2);
#1026=CARTESIAN_POINT('',(-3.433772233983E-1,3.95E-1,-2.075E-1));
#1027=LINE('',#1026,#1025);
#1028=DIRECTION('',(0.E0,1.E0,0.E0));
#1029=VECTOR('',#1028,1.2E-2);
#1030=CARTESIAN_POINT('',(-3.433772233983E-1,3.83E-1,-1.925E-1));
#1031=LINE('',#1030,#1029);
#1032=CARTESIAN_POINT('',(-3.75E-1,3.83E-1,-2.E-1));
#1033=DIRECTION('',(0.E0,1.E0,0.E0));
#1034=DIRECTION('',(9.730085108210E-1,0.E0,2.307692307692E-1));
#1035=AXIS2_PLACEMENT_3D('',#1032,#1033,#1034);
#1037=DIRECTION('',(0.E0,1.E0,0.E0));
#1038=VECTOR('',#1037,1.2E-2);
#1039=CARTESIAN_POINT('',(-3.433772233983E-1,3.83E-1,-2.075E-1));
#1040=LINE('',#1039,#1038);
#1041=CARTESIAN_POINT('',(-3.75E-1,3.95E-1,-2.E-1));
#1042=DIRECTION('',(0.E0,-1.E0,0.E0));
#1043=DIRECTION('',(0.E0,0.E0,-1.E0));
#1044=AXIS2_PLACEMENT_3D('',#1041,#1042,#1043);
#1046=DIRECTION('',(0.E0,-1.E0,0.E0));
#1047=VECTOR('',#1046,2.5E-2);
#1048=CARTESIAN_POINT('',(-3.75E-1,3.95E-1,-2.325E-1));
#1049=LINE('',#1048,#1047);
#1050=DIRECTION('',(0.E0,-1.E0,0.E0));
#1051=VECTOR('',#1050,2.5E-2);
#1052=CARTESIAN_POINT('',(-3.75E-1,3.95E-1,-1.675E-1));
#1053=LINE('',#1052,#1051);
#1054=CARTESIAN_POINT('',(-3.75E-1,3.95E-1,-2.E-1));
#1055=DIRECTION('',(0.E0,-1.E0,0.E0));
#1056=DIRECTION('',(9.730085108210E-1,0.E0,2.307692307692E-1));
#1057=AXIS2_PLACEMENT_3D('',#1054,#1055,#1056);
#1059=DIRECTION('',(0.E0,-1.E0,0.E0));
#1060=VECTOR('',#1059,5.E-2);
#1061=CARTESIAN_POINT('',(-4.1E-1,4.4E-1,-1.05E-1));
#1062=LINE('',#1061,#1060);
#1063=DIRECTION('',(0.E0,1.E0,0.E0));
#1064=VECTOR('',#1063,5.E-2);
#1065=CARTESIAN_POINT('',(-4.1E-1,3.9E-1,-1.3E-1));
#1066=LINE('',#1065,#1064);
#1067=DIRECTION('',(0.E0,0.E0,-1.E0));
#1068=VECTOR('',#1067,2.5E-2);
#1069=CARTESIAN_POINT('',(-4.1E-1,3.9E-1,-1.05E-1));
#1070=LINE('',#1069,#1068);
#1071=DIRECTION('',(1.E0,0.E0,0.E0));
#1072=VECTOR('',#1071,7.E-2);
#1073=CARTESIAN_POINT('',(-4.1E-1,3.9E-1,-1.05E-1));
#1074=LINE('',#1073,#1072);
#1075=DIRECTION('',(1.E0,0.E0,0.E0));
#1076=VECTOR('',#1075,7.E-2);
#1077=CARTESIAN_POINT('',(-4.1E-1,3.9E-1,-1.3E-1));
#1078=LINE('',#1077,#1076);
#1079=DIRECTION('',(0.E0,-1.E0,0.E0));
#1080=VECTOR('',#1079,5.E-2);
#1081=CARTESIAN_POINT('',(-3.4E-1,4.4E-1,-1.05E-1));
#1082=LINE('',#1081,#1080);
#1083=DIRECTION('',(0.E0,0.E0,-1.E0));
#1084=VECTOR('',#1083,2.5E-2);
#1085=CARTESIAN_POINT('',(-3.4E-1,3.9E-1,-1.05E-1));
#1086=LINE('',#1085,#1084);
#1087=DIRECTION('',(0.E0,1.E0,0.E0));
#1088=VECTOR('',#1087,5.E-2);
#1089=CARTESIAN_POINT('',(-3.4E-1,3.9E-1,-1.3E-1));
#1090=LINE('',#1089,#1088);
#1091=DIRECTION('',(0.E0,-1.E0,0.E0));
#1092=VECTOR('',#1091,7.E-2);
#1093=CARTESIAN_POINT('',(4.3E-1,4.4E-1,-2.5E-1));
#1094=LINE('',#1093,#1092);
#1095=DIRECTION('',(0.E0,1.E0,0.E0));
#1096=VECTOR('',#1095,7.E-2);
#1097=CARTESIAN_POINT('',(2.8E-1,3.7E-1,-2.5E-1));
#1098=LINE('',#1097,#1096);
#1099=DIRECTION('',(0.E0,1.E0,0.E0));
#1100=VECTOR('',#1099,7.E-2);
#1101=CARTESIAN_POINT('',(3.2E-1,3.7E-1,-2.5E-1));
#1102=LINE('',#1101,#1100);
#1103=DIRECTION('',(0.E0,1.E0,0.E0));
#1104=VECTOR('',#1103,7.E-2);
#1105=CARTESIAN_POINT('',(1.3E-1,3.7E-1,-2.5E-1));
#1106=LINE('',#1105,#1104);
#1107=DIRECTION('',(0.E0,1.E0,0.E0));
#1108=VECTOR('',#1107,7.E-2);
#1109=CARTESIAN_POINT('',(1.7E-1,3.7E-1,-2.5E-1));
#1110=LINE('',#1109,#1108);
#1111=DIRECTION('',(0.E0,1.E0,0.E0));
#1112=VECTOR('',#1111,7.E-2);
#1113=CARTESIAN_POINT('',(-2.E-2,3.7E-1,-2.5E-1));
#1114=LINE('',#1113,#1112);
#1115=DIRECTION('',(0.E0,1.E0,0.E0));
#1116=VECTOR('',#1115,7.E-2);
#1117=CARTESIAN_POINT('',(2.E-2,3.7E-1,-2.5E-1));
#1118=LINE('',#1117,#1116);
#1119=DIRECTION('',(0.E0,1.E0,0.E0));
#1120=VECTOR('',#1119,7.E-2);
#1121=CARTESIAN_POINT('',(-1.7E-1,3.7E-1,-2.5E-1));
#1122=LINE('',#1121,#1120);
#1123=DIRECTION('',(0.E0,1.E0,0.E0));
#1124=VECTOR('',#1123,7.E-2);
#1125=CARTESIAN_POINT('',(-1.3E-1,3.7E-1,-2.5E-1));
#1126=LINE('',#1125,#1124);
#1127=DIRECTION('',(0.E0,1.E0,0.E0));
#1128=VECTOR('',#1127,7.E-2);
#1129=CARTESIAN_POINT('',(-3.2E-1,3.7E-1,-2.5E-1));
#1130=LINE('',#1129,#1128);
#1131=DIRECTION('',(0.E0,1.E0,0.E0));
#1132=VECTOR('',#1131,7.E-2);
#1133=CARTESIAN_POINT('',(-2.8E-1,3.7E-1,-2.5E-1));
#1134=LINE('',#1133,#1132);
#1135=DIRECTION('',(0.E0,1.E0,0.E0));
#1136=VECTOR('',#1135,7.E-2);
#1137=CARTESIAN_POINT('',(-4.3E-1,3.7E-1,-2.5E-1));
#1138=LINE('',#1137,#1136);
#1139=DIRECTION('',(0.E0,-1.E0,0.E0));
#1140=VECTOR('',#1139,7.E-2);
#1141=CARTESIAN_POINT('',(-4.45E-1,4.4E-1,-2.5E-1));
#1142=LINE('',#1141,#1140);
#1143=CARTESIAN_POINT('',(-3.75E-1,3.7E-1,-1.664835345575E-1));
#1144=DIRECTION('',(0.E0,1.E0,0.E0));
#1145=DIRECTION('',(5.5E-1,0.E0,-8.351646544245E-1));
#1146=AXIS2_PLACEMENT_3D('',#1143,#1144,#1145);
#1148=DIRECTION('',(1.E0,0.E0,0.E0));
#1149=VECTOR('',#1148,1.5E-2);
#1150=CARTESIAN_POINT('',(-4.45E-1,3.7E-1,-2.5E-1));
#1151=LINE('',#1150,#1149);
#1152=DIRECTION('',(0.E0,0.E0,1.E0));
#1153=VECTOR('',#1152,4.E-2);
#1154=CARTESIAN_POINT('',(-4.45E-1,3.7E-1,-2.9E-1));
#1155=LINE('',#1154,#1153);
#1156=DIRECTION('',(1.E0,0.E0,0.E0));
#1157=VECTOR('',#1156,9.3E-1);
#1158=CARTESIAN_POINT('',(-4.65E-1,3.7E-1,-3.5E-1));
#1159=LINE('',#1158,#1157);
#1160=DIRECTION('',(0.E0,0.E0,-1.E0));
#1161=VECTOR('',#1160,4.E-2);
#1162=CARTESIAN_POINT('',(4.45E-1,3.7E-1,-2.5E-1));
#1163=LINE('',#1162,#1161);
#1164=DIRECTION('',(1.E0,0.E0,0.E0));
#1165=VECTOR('',#1164,1.5E-2);
#1166=CARTESIAN_POINT('',(4.3E-1,3.7E-1,-2.5E-1));
#1167=LINE('',#1166,#1165);
#1168=CARTESIAN_POINT('',(3.75E-1,3.7E-1,-1.664835345575E-1));
#1169=DIRECTION('',(0.E0,1.E0,0.E0));
#1170=DIRECTION('',(5.5E-1,0.E0,-8.351646544245E-1));
#1171=AXIS2_PLACEMENT_3D('',#1168,#1169,#1170);
#1173=DIRECTION('',(1.E0,0.E0,0.E0));
#1174=VECTOR('',#1173,4.E-2);
#1175=CARTESIAN_POINT('',(2.8E-1,3.7E-1,-2.5E-1));
#1176=LINE('',#1175,#1174);
#1177=CARTESIAN_POINT('',(2.25E-1,3.7E-1,-1.664835345575E-1));
#1178=DIRECTION('',(0.E0,1.E0,0.E0));
#1179=DIRECTION('',(5.5E-1,0.E0,-8.351646544245E-1));
#1180=AXIS2_PLACEMENT_3D('',#1177,#1178,#1179);
#1182=DIRECTION('',(1.E0,0.E0,0.E0));
#1183=VECTOR('',#1182,4.E-2);
#1184=CARTESIAN_POINT('',(1.3E-1,3.7E-1,-2.5E-1));
#1185=LINE('',#1184,#1183);
#1186=CARTESIAN_POINT('',(7.5E-2,3.7E-1,-1.664835345575E-1));
#1187=DIRECTION('',(0.E0,1.E0,0.E0));
#1188=DIRECTION('',(5.5E-1,0.E0,-8.351646544245E-1));
#1189=AXIS2_PLACEMENT_3D('',#1186,#1187,#1188);
#1191=DIRECTION('',(1.E0,0.E0,0.E0));
#1192=VECTOR('',#1191,4.E-2);
#1193=CARTESIAN_POINT('',(-2.E-2,3.7E-1,-2.5E-1));
#1194=LINE('',#1193,#1192);
#1195=CARTESIAN_POINT('',(-7.5E-2,3.7E-1,-1.664835345575E-1));
#1196=DIRECTION('',(0.E0,1.E0,0.E0));
#1197=DIRECTION('',(5.5E-1,0.E0,-8.351646544245E-1));
#1198=AXIS2_PLACEMENT_3D('',#1195,#1196,#1197);
#1200=DIRECTION('',(1.E0,0.E0,0.E0));
#1201=VECTOR('',#1200,4.E-2);
#1202=CARTESIAN_POINT('',(-1.7E-1,3.7E-1,-2.5E-1));
#1203=LINE('',#1202,#1201);
#1204=CARTESIAN_POINT('',(-2.25E-1,3.7E-1,-1.664835345575E-1));
#1205=DIRECTION('',(0.E0,1.E0,0.E0));
#1206=DIRECTION('',(5.5E-1,0.E0,-8.351646544245E-1));
#1207=AXIS2_PLACEMENT_3D('',#1204,#1205,#1206);
#1209=DIRECTION('',(1.E0,0.E0,0.E0));
#1210=VECTOR('',#1209,4.E-2);
#1211=CARTESIAN_POINT('',(-3.2E-1,3.7E-1,-2.5E-1));
#1212=LINE('',#1211,#1210);
#1213=DIRECTION('',(0.E0,-1.E0,0.E0));
#1214=VECTOR('',#1213,7.E-2);
#1215=CARTESIAN_POINT('',(-4.45E-1,4.4E-1,-2.9E-1));
#1216=LINE('',#1215,#1214);
#1217=DIRECTION('',(1.E0,0.E0,0.E0));
#1218=VECTOR('',#1217,2.E-2);
#1219=CARTESIAN_POINT('',(-4.65E-1,3.7E-1,-2.9E-1));
#1220=LINE('',#1219,#1218);
#1221=DIRECTION('',(0.E0,-1.E0,0.E0));
#1222=VECTOR('',#1221,7.E-2);
#1223=CARTESIAN_POINT('',(4.45E-1,4.4E-1,-2.9E-1));
#1224=LINE('',#1223,#1222);
#1225=DIRECTION('',(1.E0,0.E0,0.E0));
#1226=VECTOR('',#1225,2.E-2);
#1227=CARTESIAN_POINT('',(4.45E-1,3.7E-1,-2.9E-1));
#1228=LINE('',#1227,#1226);
#1229=DIRECTION('',(0.E0,-1.E0,0.E0));
#1230=VECTOR('',#1229,7.E-2);
#1231=CARTESIAN_POINT('',(4.45E-1,4.4E-1,-2.5E-1));
#1232=LINE('',#1231,#1230);
#1233=DIRECTION('',(0.E0,0.E0,-1.E0));
#1234=VECTOR('',#1233,1.E-1);
#1235=CARTESIAN_POINT('',(4.65E-1,2.E-2,0.E0));
#1236=LINE('',#1235,#1234);
#1237=DIRECTION('',(0.E0,1.E0,0.E0));
#1238=VECTOR('',#1237,4.E-1);
#1239=CARTESIAN_POINT('',(4.65E-1,2.E-2,-1.E-1));
#1240=LINE('',#1239,#1238);
#1241=DIRECTION('',(0.E0,0.E0,1.E0));
#1242=VECTOR('',#1241,3.E-2);
#1243=CARTESIAN_POINT('',(4.65E-1,4.2E-1,-1.E-1));
#1244=LINE('',#1243,#1242);
#1245=DIRECTION('',(0.E0,-1.E0,0.E0));
#1246=VECTOR('',#1245,2.E-2);
#1247=CARTESIAN_POINT('',(4.65E-1,4.4E-1,-7.E-2));
#1248=LINE('',#1247,#1246);
#1249=DIRECTION('',(0.E0,0.E0,1.E0));
#1250=VECTOR('',#1249,2.2E-1);
#1251=CARTESIAN_POINT('',(4.65E-1,4.4E-1,-2.9E-1));
#1252=LINE('',#1251,#1250);
#1253=DIRECTION('',(0.E0,1.E0,0.E0));
#1254=VECTOR('',#1253,7.E-2);
#1255=CARTESIAN_POINT('',(4.65E-1,3.7E-1,-2.9E-1));
#1256=LINE('',#1255,#1254);
#1257=DIRECTION('',(0.E0,0.E0,1.E0));
#1258=VECTOR('',#1257,6.E-2);
#1259=CARTESIAN_POINT('',(4.65E-1,3.7E-1,-3.5E-1));
#1260=LINE('',#1259,#1258);
#1261=DIRECTION('',(0.E0,1.E0,0.E0));
#1262=VECTOR('',#1261,3.3E-1);
#1263=CARTESIAN_POINT('',(4.65E-1,4.E-2,-3.5E-1));
#1264=LINE('',#1263,#1262);
#1265=DIRECTION('',(0.E0,0.E0,-1.E0));
#1266=VECTOR('',#1265,3.E-2);
#1267=CARTESIAN_POINT('',(4.65E-1,4.E-2,-3.2E-1));
#1268=LINE('',#1267,#1266);
#1269=DIRECTION('',(0.E0,1.E0,0.E0));
#1270=VECTOR('',#1269,4.E-2);
#1271=CARTESIAN_POINT('',(4.65E-1,0.E0,-3.2E-1));
#1272=LINE('',#1271,#1270);
#1273=DIRECTION('',(0.E0,0.E0,-1.E0));
#1274=VECTOR('',#1273,3.2E-1);
#1275=CARTESIAN_POINT('',(4.65E-1,0.E0,0.E0));
#1276=LINE('',#1275,#1274);
#1277=DIRECTION('',(0.E0,-1.E0,0.E0));
#1278=VECTOR('',#1277,2.E-2);
#1279=CARTESIAN_POINT('',(4.65E-1,2.E-2,0.E0));
#1280=LINE('',#1279,#1278);
#1281=DIRECTION('',(0.E0,-1.E0,0.E0));
#1282=VECTOR('',#1281,1.9E-1);
#1283=CARTESIAN_POINT('',(4.35E-1,2.2E-1,0.E0));
#1284=LINE('',#1283,#1282);
#1285=DIRECTION('',(1.E0,0.E0,0.E0));
#1286=VECTOR('',#1285,1.2E-1);
#1287=CARTESIAN_POINT('',(3.15E-1,2.2E-1,0.E0));
#1288=LINE('',#1287,#1286);
#1289=DIRECTION('',(0.E0,1.E0,0.E0));
#1290=VECTOR('',#1289,1.9E-1);
#1291=CARTESIAN_POINT('',(3.15E-1,3.E-2,0.E0));
#1292=LINE('',#1291,#1290);
#1293=DIRECTION('',(-1.E0,0.E0,0.E0));
#1294=VECTOR('',#1293,1.2E-1);
#1295=CARTESIAN_POINT('',(4.35E-1,3.E-2,0.E0));
#1296=LINE('',#1295,#1294);
#1297=DIRECTION('',(0.E0,-1.E0,0.E0));
#1298=VECTOR('',#1297,1.9E-1);
#1299=CARTESIAN_POINT('',(2.85E-1,2.2E-1,0.E0));
#1300=LINE('',#1299,#1298);
#1301=DIRECTION('',(1.E0,0.E0,0.E0));
#1302=VECTOR('',#1301,1.2E-1);
#1303=CARTESIAN_POINT('',(1.65E-1,2.2E-1,0.E0));
#1304=LINE('',#1303,#1302);
#1305=DIRECTION('',(0.E0,1.E0,0.E0));
#1306=VECTOR('',#1305,1.9E-1);
#1307=CARTESIAN_POINT('',(1.65E-1,3.E-2,0.E0));
#1308=LINE('',#1307,#1306);
#1309=DIRECTION('',(-1.E0,0.E0,0.E0));
#1310=VECTOR('',#1309,1.2E-1);
#1311=CARTESIAN_POINT('',(2.85E-1,3.E-2,0.E0));
#1312=LINE('',#1311,#1310);
#1313=DIRECTION('',(0.E0,-1.E0,0.E0));
#1314=VECTOR('',#1313,1.9E-1);
#1315=CARTESIAN_POINT('',(1.35E-1,2.2E-1,0.E0));
#1316=LINE('',#1315,#1314);
#1317=DIRECTION('',(1.E0,0.E0,0.E0));
#1318=VECTOR('',#1317,1.2E-1);
#1319=CARTESIAN_POINT('',(1.5E-2,2.2E-1,0.E0));
#1320=LINE('',#1319,#1318);
#1321=DIRECTION('',(0.E0,1.E0,0.E0));
#1322=VECTOR('',#1321,1.9E-1);
#1323=CARTESIAN_POINT('',(1.5E-2,3.E-2,0.E0));
#1324=LINE('',#1323,#1322);
#1325=DIRECTION('',(-1.E0,0.E0,0.E0));
#1326=VECTOR('',#1325,1.2E-1);
#1327=CARTESIAN_POINT('',(1.35E-1,3.E-2,0.E0));
#1328=LINE('',#1327,#1326);
#1329=DIRECTION('',(0.E0,-1.E0,0.E0));
#1330=VECTOR('',#1329,1.9E-1);
#1331=CARTESIAN_POINT('',(-1.5E-2,2.2E-1,0.E0));
#1332=LINE('',#1331,#1330);
#1333=DIRECTION('',(1.E0,0.E0,0.E0));
#1334=VECTOR('',#1333,1.2E-1);
#1335=CARTESIAN_POINT('',(-1.35E-1,2.2E-1,0.E0));
#1336=LINE('',#1335,#1334);
#1337=DIRECTION('',(0.E0,1.E0,0.E0));
#1338=VECTOR('',#1337,1.9E-1);
#1339=CARTESIAN_POINT('',(-1.35E-1,3.E-2,0.E0));
#1340=LINE('',#1339,#1338);
#1341=DIRECTION('',(-1.E0,0.E0,0.E0));
#1342=VECTOR('',#1341,1.2E-1);
#1343=CARTESIAN_POINT('',(-1.5E-2,3.E-2,0.E0));
#1344=LINE('',#1343,#1342);
#1345=DIRECTION('',(0.E0,-1.E0,0.E0));
#1346=VECTOR('',#1345,1.9E-1);
#1347=CARTESIAN_POINT('',(-1.65E-1,2.2E-1,0.E0));
#1348=LINE('',#1347,#1346);
#1349=DIRECTION('',(1.E0,0.E0,0.E0));
#1350=VECTOR('',#1349,1.2E-1);
#1351=CARTESIAN_POINT('',(-2.85E-1,2.2E-1,0.E0));
#1352=LINE('',#1351,#1350);
#1353=DIRECTION('',(0.E0,1.E0,0.E0));
#1354=VECTOR('',#1353,1.9E-1);
#1355=CARTESIAN_POINT('',(-2.85E-1,3.E-2,0.E0));
#1356=LINE('',#1355,#1354);
#1357=DIRECTION('',(-1.E0,0.E0,0.E0));
#1358=VECTOR('',#1357,1.2E-1);
#1359=CARTESIAN_POINT('',(-1.65E-1,3.E-2,0.E0));
#1360=LINE('',#1359,#1358);
#1361=DIRECTION('',(0.E0,-1.E0,0.E0));
#1362=VECTOR('',#1361,1.9E-1);
#1363=CARTESIAN_POINT('',(-3.15E-1,2.2E-1,0.E0));
#1364=LINE('',#1363,#1362);
#1365=DIRECTION('',(1.E0,0.E0,0.E0));
#1366=VECTOR('',#1365,1.2E-1);
#1367=CARTESIAN_POINT('',(-4.35E-1,2.2E-1,0.E0));
#1368=LINE('',#1367,#1366);
#1369=DIRECTION('',(0.E0,1.E0,0.E0));
#1370=VECTOR('',#1369,1.9E-1);
#1371=CARTESIAN_POINT('',(-4.35E-1,3.E-2,0.E0));
#1372=LINE('',#1371,#1370);
#1373=DIRECTION('',(-1.E0,0.E0,0.E0));
#1374=VECTOR('',#1373,1.2E-1);
#1375=CARTESIAN_POINT('',(-3.15E-1,3.E-2,0.E0));
#1376=LINE('',#1375,#1374);
#1377=DIRECTION('',(0.E0,-1.E0,0.E0));
#1378=VECTOR('',#1377,2.6E-1);
#1379=CARTESIAN_POINT('',(-4.6E-1,2.8E-1,0.E0));
#1380=LINE('',#1379,#1378);
#1381=DIRECTION('',(1.E0,0.E0,0.E0));
#1382=VECTOR('',#1381,3.E-2);
#1383=CARTESIAN_POINT('',(-4.6E-1,2.8E-1,0.E0));
#1384=LINE('',#1383,#1382);
#1385=DIRECTION('',(0.E0,-1.E0,0.E0));
#1386=VECTOR('',#1385,2.E-2);
#1387=CARTESIAN_POINT('',(-4.3E-1,2.8E-1,0.E0));
#1388=LINE('',#1387,#1386);
#1389=DIRECTION('',(1.E0,0.E0,0.E0));
#1390=VECTOR('',#1389,8.6E-1);
#1391=CARTESIAN_POINT('',(-4.3E-1,2.6E-1,0.E0));
#1392=LINE('',#1391,#1390);
#1393=DIRECTION('',(0.E0,-1.E0,0.E0));
#1394=VECTOR('',#1393,2.E-2);
#1395=CARTESIAN_POINT('',(4.3E-1,2.8E-1,0.E0));
#1396=LINE('',#1395,#1394);
#1397=DIRECTION('',(1.E0,0.E0,0.E0));
#1398=VECTOR('',#1397,3.E-2);
#1399=CARTESIAN_POINT('',(4.3E-1,2.8E-1,0.E0));
#1400=LINE('',#1399,#1398);
#1401=DIRECTION('',(0.E0,-1.E0,0.E0));
#1402=VECTOR('',#1401,2.6E-1);
#1403=CARTESIAN_POINT('',(4.6E-1,2.8E-1,0.E0));
#1404=LINE('',#1403,#1402);
#1405=DIRECTION('',(-1.E0,0.E0,0.E0));
#1406=VECTOR('',#1405,5.E-3);
#1407=CARTESIAN_POINT('',(4.65E-1,2.E-2,0.E0));
#1408=LINE('',#1407,#1406);
#1409=DIRECTION('',(1.E0,0.E0,0.E0));
#1410=VECTOR('',#1409,5.E-3);
#1411=CARTESIAN_POINT('',(-4.65E-1,2.E-2,0.E0));
#1412=LINE('',#1411,#1410);
#1413=DIRECTION('',(5.773502691896E-1,-5.773502691896E-1,5.773502691896E-1));
#1414=VECTOR('',#1413,3.464101615138E-2);
#1415=CARTESIAN_POINT('',(4.15E-1,5.E-2,-2.E-2));
#1416=LINE('',#1415,#1414);
#1417=DIRECTION('',(-5.773502691896E-1,-5.773502691896E-1,5.773502691896E-1));
#1418=VECTOR('',#1417,3.464101615138E-2);
#1419=CARTESIAN_POINT('',(3.35E-1,5.E-2,-2.E-2));
#1420=LINE('',#1419,#1418);
#1421=DIRECTION('',(-2.649064714130E-1,9.271726499455E-1,2.649064714130E-1));
#1422=VECTOR('',#1421,7.549834435271E-2);
#1423=CARTESIAN_POINT('',(3.35E-1,1.5E-1,-2.E-2));
#1424=LINE('',#1423,#1422);
#1425=DIRECTION('',(0.E0,1.E0,0.E0));
#1426=VECTOR('',#1425,1.E-1);
#1427=CARTESIAN_POINT('',(3.35E-1,5.E-2,-2.E-2));
#1428=LINE('',#1427,#1426);
#1429=DIRECTION('',(0.E0,0.E0,-1.E0));
#1430=VECTOR('',#1429,2.8E-1);
#1431=CARTESIAN_POINT('',(3.35E-1,1.5E-1,-2.E-2));
#1432=LINE('',#1431,#1430);
#1433=DIRECTION('',(1.E0,0.E0,0.E0));
#1434=VECTOR('',#1433,8.E-2);
#1435=CARTESIAN_POINT('',(3.35E-1,1.5E-1,-2.E-2));
#1436=LINE('',#1435,#1434);
#1437=DIRECTION('',(0.E0,0.E0,-1.E0));
#1438=VECTOR('',#1437,2.8E-1);
#1439=CARTESIAN_POINT('',(4.15E-1,1.5E-1,-2.E-2));
#1440=LINE('',#1439,#1438);
#1441=DIRECTION('',(2.649064714130E-1,9.271726499455E-1,2.649064714130E-1));
#1442=VECTOR('',#1441,7.549834435271E-2);
#1443=CARTESIAN_POINT('',(4.15E-1,1.5E-1,-2.E-2));
#1444=LINE('',#1443,#1442);
#1445=DIRECTION('',(0.E0,-1.E0,0.E0));
#1446=VECTOR('',#1445,1.E-1);
#1447=CARTESIAN_POINT('',(4.15E-1,1.5E-1,-2.E-2));
#1448=LINE('',#1447,#1446);
#1449=DIRECTION('',(0.E0,0.E0,-1.E0));
#1450=VECTOR('',#1449,2.8E-1);
#1451=CARTESIAN_POINT('',(4.15E-1,5.E-2,-2.E-2));
#1452=LINE('',#1451,#1450);
#1453=DIRECTION('',(-1.E0,0.E0,0.E0));
#1454=VECTOR('',#1453,8.E-2);
#1455=CARTESIAN_POINT('',(4.15E-1,5.E-2,-2.E-2));
#1456=LINE('',#1455,#1454);
#1457=DIRECTION('',(0.E0,0.E0,-1.E0));
#1458=VECTOR('',#1457,2.8E-1);
#1459=CARTESIAN_POINT('',(3.35E-1,5.E-2,-2.E-2));
#1460=LINE('',#1459,#1458);
#1461=DIRECTION('',(0.E0,-1.E0,0.E0));
#1462=VECTOR('',#1461,1.E-1);
#1463=CARTESIAN_POINT('',(3.35E-1,1.5E-1,-3.E-1));
#1464=LINE('',#1463,#1462);
#1465=DIRECTION('',(-1.E0,0.E0,0.E0));
#1466=VECTOR('',#1465,8.E-2);
#1467=CARTESIAN_POINT('',(4.15E-1,1.5E-1,-3.E-1));
#1468=LINE('',#1467,#1466);
#1469=DIRECTION('',(0.E0,1.E0,0.E0));
#1470=VECTOR('',#1469,1.E-1);
#1471=CARTESIAN_POINT('',(4.15E-1,5.E-2,-3.E-1));
#1472=LINE('',#1471,#1470);
#1473=DIRECTION('',(1.E0,0.E0,0.E0));
#1474=VECTOR('',#1473,8.E-2);
#1475=CARTESIAN_POINT('',(3.35E-1,5.E-2,-3.E-1));
#1476=LINE('',#1475,#1474);
#1477=DIRECTION('',(5.773502691896E-1,-5.773502691896E-1,5.773502691896E-1));
#1478=VECTOR('',#1477,3.464101615138E-2);
#1479=CARTESIAN_POINT('',(2.65E-1,5.E-2,-2.E-2));
#1480=LINE('',#1479,#1478);
#1481=DIRECTION('',(-5.773502691896E-1,-5.773502691896E-1,5.773502691896E-1));
#1482=VECTOR('',#1481,3.464101615138E-2);
#1483=CARTESIAN_POINT('',(1.85E-1,5.E-2,-2.E-2));
#1484=LINE('',#1483,#1482);
#1485=DIRECTION('',(-2.649064714130E-1,9.271726499455E-1,2.649064714130E-1));
#1486=VECTOR('',#1485,7.549834435271E-2);
#1487=CARTESIAN_POINT('',(1.85E-1,1.5E-1,-2.E-2));
#1488=LINE('',#1487,#1486);
#1489=DIRECTION('',(0.E0,1.E0,0.E0));
#1490=VECTOR('',#1489,1.E-1);
#1491=CARTESIAN_POINT('',(1.85E-1,5.E-2,-2.E-2));
#1492=LINE('',#1491,#1490);
#1493=DIRECTION('',(0.E0,0.E0,-1.E0));
#1494=VECTOR('',#1493,2.8E-1);
#1495=CARTESIAN_POINT('',(1.85E-1,1.5E-1,-2.E-2));
#1496=LINE('',#1495,#1494);
#1497=DIRECTION('',(1.E0,0.E0,0.E0));
#1498=VECTOR('',#1497,8.E-2);
#1499=CARTESIAN_POINT('',(1.85E-1,1.5E-1,-2.E-2));
#1500=LINE('',#1499,#1498);
#1501=DIRECTION('',(0.E0,0.E0,-1.E0));
#1502=VECTOR('',#1501,2.8E-1);
#1503=CARTESIAN_POINT('',(2.65E-1,1.5E-1,-2.E-2));
#1504=LINE('',#1503,#1502);
#1505=DIRECTION('',(2.649064714130E-1,9.271726499455E-1,2.649064714130E-1));
#1506=VECTOR('',#1505,7.549834435271E-2);
#1507=CARTESIAN_POINT('',(2.65E-1,1.5E-1,-2.E-2));
#1508=LINE('',#1507,#1506);
#1509=DIRECTION('',(0.E0,-1.E0,0.E0));
#1510=VECTOR('',#1509,1.E-1);
#1511=CARTESIAN_POINT('',(2.65E-1,1.5E-1,-2.E-2));
#1512=LINE('',#1511,#1510);
#1513=DIRECTION('',(0.E0,0.E0,-1.E0));
#1514=VECTOR('',#1513,2.8E-1);
#1515=CARTESIAN_POINT('',(2.65E-1,5.E-2,-2.E-2));
#1516=LINE('',#1515,#1514);
#1517=DIRECTION('',(-1.E0,0.E0,0.E0));
#1518=VECTOR('',#1517,8.E-2);
#1519=CARTESIAN_POINT('',(2.65E-1,5.E-2,-2.E-2));
#1520=LINE('',#1519,#1518);
#1521=DIRECTION('',(0.E0,0.E0,-1.E0));
#1522=VECTOR('',#1521,2.8E-1);
#1523=CARTESIAN_POINT('',(1.85E-1,5.E-2,-2.E-2));
#1524=LINE('',#1523,#1522);
#1525=DIRECTION('',(0.E0,-1.E0,0.E0));
#1526=VECTOR('',#1525,1.E-1);
#1527=CARTESIAN_POINT('',(1.85E-1,1.5E-1,-3.E-1));
#1528=LINE('',#1527,#1526);
#1529=DIRECTION('',(-1.E0,0.E0,0.E0));
#1530=VECTOR('',#1529,8.E-2);
#1531=CARTESIAN_POINT('',(2.65E-1,1.5E-1,-3.E-1));
#1532=LINE('',#1531,#1530);
#1533=DIRECTION('',(0.E0,1.E0,0.E0));
#1534=VECTOR('',#1533,1.E-1);
#1535=CARTESIAN_POINT('',(2.65E-1,5.E-2,-3.E-1));
#1536=LINE('',#1535,#1534);
#1537=DIRECTION('',(1.E0,0.E0,0.E0));
#1538=VECTOR('',#1537,8.E-2);
#1539=CARTESIAN_POINT('',(1.85E-1,5.E-2,-3.E-1));
#1540=LINE('',#1539,#1538);
#1541=DIRECTION('',(5.773502691896E-1,-5.773502691896E-1,5.773502691896E-1));
#1542=VECTOR('',#1541,3.464101615138E-2);
#1543=CARTESIAN_POINT('',(1.15E-1,5.E-2,-2.E-2));
#1544=LINE('',#1543,#1542);
#1545=DIRECTION('',(-5.773502691896E-1,-5.773502691896E-1,5.773502691896E-1));
#1546=VECTOR('',#1545,3.464101615138E-2);
#1547=CARTESIAN_POINT('',(3.5E-2,5.E-2,-2.E-2));
#1548=LINE('',#1547,#1546);
#1549=DIRECTION('',(-2.649064714130E-1,9.271726499455E-1,2.649064714130E-1));
#1550=VECTOR('',#1549,7.549834435271E-2);
#1551=CARTESIAN_POINT('',(3.5E-2,1.5E-1,-2.E-2));
#1552=LINE('',#1551,#1550);
#1553=DIRECTION('',(0.E0,1.E0,0.E0));
#1554=VECTOR('',#1553,1.E-1);
#1555=CARTESIAN_POINT('',(3.5E-2,5.E-2,-2.E-2));
#1556=LINE('',#1555,#1554);
#1557=DIRECTION('',(0.E0,0.E0,-1.E0));
#1558=VECTOR('',#1557,2.8E-1);
#1559=CARTESIAN_POINT('',(3.5E-2,1.5E-1,-2.E-2));
#1560=LINE('',#1559,#1558);
#1561=DIRECTION('',(1.E0,0.E0,0.E0));
#1562=VECTOR('',#1561,8.E-2);
#1563=CARTESIAN_POINT('',(3.5E-2,1.5E-1,-2.E-2));
#1564=LINE('',#1563,#1562);
#1565=DIRECTION('',(0.E0,0.E0,-1.E0));
#1566=VECTOR('',#1565,2.8E-1);
#1567=CARTESIAN_POINT('',(1.15E-1,1.5E-1,-2.E-2));
#1568=LINE('',#1567,#1566);
#1569=DIRECTION('',(2.649064714130E-1,9.271726499455E-1,2.649064714130E-1));
#1570=VECTOR('',#1569,7.549834435271E-2);
#1571=CARTESIAN_POINT('',(1.15E-1,1.5E-1,-2.E-2));
#1572=LINE('',#1571,#1570);
#1573=DIRECTION('',(0.E0,-1.E0,0.E0));
#1574=VECTOR('',#1573,1.E-1);
#1575=CARTESIAN_POINT('',(1.15E-1,1.5E-1,-2.E-2));
#1576=LINE('',#1575,#1574);
#1577=DIRECTION('',(0.E0,0.E0,-1.E0));
#1578=VECTOR('',#1577,2.8E-1);
#1579=CARTESIAN_POINT('',(1.15E-1,5.E-2,-2.E-2));
#1580=LINE('',#1579,#1578);
#1581=DIRECTION('',(-1.E0,0.E0,0.E0));
#1582=VECTOR('',#1581,8.E-2);
#1583=CARTESIAN_POINT('',(1.15E-1,5.E-2,-2.E-2));
#1584=LINE('',#1583,#1582);
#1585=DIRECTION('',(0.E0,0.E0,-1.E0));
#1586=VECTOR('',#1585,2.8E-1);
#1587=CARTESIAN_POINT('',(3.5E-2,5.E-2,-2.E-2));
#1588=LINE('',#1587,#1586);
#1589=DIRECTION('',(0.E0,-1.E0,0.E0));
#1590=VECTOR('',#1589,1.E-1);
#1591=CARTESIAN_POINT('',(3.5E-2,1.5E-1,-3.E-1));
#1592=LINE('',#1591,#1590);
#1593=DIRECTION('',(-1.E0,0.E0,0.E0));
#1594=VECTOR('',#1593,8.E-2);
#1595=CARTESIAN_POINT('',(1.15E-1,1.5E-1,-3.E-1));
#1596=LINE('',#1595,#1594);
#1597=DIRECTION('',(0.E0,1.E0,0.E0));
#1598=VECTOR('',#1597,1.E-1);
#1599=CARTESIAN_POINT('',(1.15E-1,5.E-2,-3.E-1));
#1600=LINE('',#1599,#1598);
#1601=DIRECTION('',(1.E0,0.E0,0.E0));
#1602=VECTOR('',#1601,8.E-2);
#1603=CARTESIAN_POINT('',(3.5E-2,5.E-2,-3.E-1));
#1604=LINE('',#1603,#1602);
#1605=DIRECTION('',(5.773502691896E-1,-5.773502691896E-1,5.773502691896E-1));
#1606=VECTOR('',#1605,3.464101615138E-2);
#1607=CARTESIAN_POINT('',(-3.5E-2,5.E-2,-2.E-2));
#1608=LINE('',#1607,#1606);
#1609=DIRECTION('',(-5.773502691896E-1,-5.773502691896E-1,5.773502691896E-1));
#1610=VECTOR('',#1609,3.464101615138E-2);
#1611=CARTESIAN_POINT('',(-1.15E-1,5.E-2,-2.E-2));
#1612=LINE('',#1611,#1610);
#1613=DIRECTION('',(-2.649064714130E-1,9.271726499455E-1,2.649064714130E-1));
#1614=VECTOR('',#1613,7.549834435271E-2);
#1615=CARTESIAN_POINT('',(-1.15E-1,1.5E-1,-2.E-2));
#1616=LINE('',#1615,#1614);
#1617=DIRECTION('',(0.E0,1.E0,0.E0));
#1618=VECTOR('',#1617,1.E-1);
#1619=CARTESIAN_POINT('',(-1.15E-1,5.E-2,-2.E-2));
#1620=LINE('',#1619,#1618);
#1621=DIRECTION('',(0.E0,0.E0,-1.E0));
#1622=VECTOR('',#1621,2.8E-1);
#1623=CARTESIAN_POINT('',(-1.15E-1,1.5E-1,-2.E-2));
#1624=LINE('',#1623,#1622);
#1625=DIRECTION('',(1.E0,0.E0,0.E0));
#1626=VECTOR('',#1625,8.E-2);
#1627=CARTESIAN_POINT('',(-1.15E-1,1.5E-1,-2.E-2));
#1628=LINE('',#1627,#1626);
#1629=DIRECTION('',(0.E0,0.E0,-1.E0));
#1630=VECTOR('',#1629,2.8E-1);
#1631=CARTESIAN_POINT('',(-3.5E-2,1.5E-1,-2.E-2));
#1632=LINE('',#1631,#1630);
#1633=DIRECTION('',(2.649064714130E-1,9.271726499455E-1,2.649064714130E-1));
#1634=VECTOR('',#1633,7.549834435271E-2);
#1635=CARTESIAN_POINT('',(-3.5E-2,1.5E-1,-2.E-2));
#1636=LINE('',#1635,#1634);
#1637=DIRECTION('',(0.E0,-1.E0,0.E0));
#1638=VECTOR('',#1637,1.E-1);
#1639=CARTESIAN_POINT('',(-3.5E-2,1.5E-1,-2.E-2));
#1640=LINE('',#1639,#1638);
#1641=DIRECTION('',(0.E0,0.E0,-1.E0));
#1642=VECTOR('',#1641,2.8E-1);
#1643=CARTESIAN_POINT('',(-3.5E-2,5.E-2,-2.E-2));
#1644=LINE('',#1643,#1642);
#1645=DIRECTION('',(-1.E0,0.E0,0.E0));
#1646=VECTOR('',#1645,8.E-2);
#1647=CARTESIAN_POINT('',(-3.5E-2,5.E-2,-2.E-2));
#1648=LINE('',#1647,#1646);
#1649=DIRECTION('',(0.E0,0.E0,-1.E0));
#1650=VECTOR('',#1649,2.8E-1);
#1651=CARTESIAN_POINT('',(-1.15E-1,5.E-2,-2.E-2));
#1652=LINE('',#1651,#1650);
#1653=DIRECTION('',(0.E0,-1.E0,0.E0));
#1654=VECTOR('',#1653,1.E-1);
#1655=CARTESIAN_POINT('',(-1.15E-1,1.5E-1,-3.E-1));
#1656=LINE('',#1655,#1654);
#1657=DIRECTION('',(-1.E0,0.E0,0.E0));
#1658=VECTOR('',#1657,8.E-2);
#1659=CARTESIAN_POINT('',(-3.5E-2,1.5E-1,-3.E-1));
#1660=LINE('',#1659,#1658);
#1661=DIRECTION('',(0.E0,1.E0,0.E0));
#1662=VECTOR('',#1661,1.E-1);
#1663=CARTESIAN_POINT('',(-3.5E-2,5.E-2,-3.E-1));
#1664=LINE('',#1663,#1662);
#1665=DIRECTION('',(1.E0,0.E0,0.E0));
#1666=VECTOR('',#1665,8.E-2);
#1667=CARTESIAN_POINT('',(-1.15E-1,5.E-2,-3.E-1));
#1668=LINE('',#1667,#1666);
#1669=DIRECTION('',(5.773502691896E-1,-5.773502691896E-1,5.773502691896E-1));
#1670=VECTOR('',#1669,3.464101615138E-2);
#1671=CARTESIAN_POINT('',(-1.85E-1,5.E-2,-2.E-2));
#1672=LINE('',#1671,#1670);
#1673=DIRECTION('',(-5.773502691896E-1,-5.773502691896E-1,5.773502691896E-1));
#1674=VECTOR('',#1673,3.464101615138E-2);
#1675=CARTESIAN_POINT('',(-2.65E-1,5.E-2,-2.E-2));
#1676=LINE('',#1675,#1674);
#1677=DIRECTION('',(-2.649064714130E-1,9.271726499455E-1,2.649064714130E-1));
#1678=VECTOR('',#1677,7.549834435271E-2);
#1679=CARTESIAN_POINT('',(-2.65E-1,1.5E-1,-2.E-2));
#1680=LINE('',#1679,#1678);
#1681=DIRECTION('',(0.E0,1.E0,0.E0));
#1682=VECTOR('',#1681,1.E-1);
#1683=CARTESIAN_POINT('',(-2.65E-1,5.E-2,-2.E-2));
#1684=LINE('',#1683,#1682);
#1685=DIRECTION('',(0.E0,0.E0,-1.E0));
#1686=VECTOR('',#1685,2.8E-1);
#1687=CARTESIAN_POINT('',(-2.65E-1,1.5E-1,-2.E-2));
#1688=LINE('',#1687,#1686);
#1689=DIRECTION('',(1.E0,0.E0,0.E0));
#1690=VECTOR('',#1689,8.E-2);
#1691=CARTESIAN_POINT('',(-2.65E-1,1.5E-1,-2.E-2));
#1692=LINE('',#1691,#1690);
#1693=DIRECTION('',(0.E0,0.E0,-1.E0));
#1694=VECTOR('',#1693,2.8E-1);
#1695=CARTESIAN_POINT('',(-1.85E-1,1.5E-1,-2.E-2));
#1696=LINE('',#1695,#1694);
#1697=DIRECTION('',(2.649064714130E-1,9.271726499455E-1,2.649064714130E-1));
#1698=VECTOR('',#1697,7.549834435271E-2);
#1699=CARTESIAN_POINT('',(-1.85E-1,1.5E-1,-2.E-2));
#1700=LINE('',#1699,#1698);
#1701=DIRECTION('',(0.E0,-1.E0,0.E0));
#1702=VECTOR('',#1701,1.E-1);
#1703=CARTESIAN_POINT('',(-1.85E-1,1.5E-1,-2.E-2));
#1704=LINE('',#1703,#1702);
#1705=DIRECTION('',(0.E0,0.E0,-1.E0));
#1706=VECTOR('',#1705,2.8E-1);
#1707=CARTESIAN_POINT('',(-1.85E-1,5.E-2,-2.E-2));
#1708=LINE('',#1707,#1706);
#1709=DIRECTION('',(-1.E0,0.E0,0.E0));
#1710=VECTOR('',#1709,8.E-2);
#1711=CARTESIAN_POINT('',(-1.85E-1,5.E-2,-2.E-2));
#1712=LINE('',#1711,#1710);
#1713=DIRECTION('',(0.E0,0.E0,-1.E0));
#1714=VECTOR('',#1713,2.8E-1);
#1715=CARTESIAN_POINT('',(-2.65E-1,5.E-2,-2.E-2));
#1716=LINE('',#1715,#1714);
#1717=DIRECTION('',(0.E0,-1.E0,0.E0));
#1718=VECTOR('',#1717,1.E-1);
#1719=CARTESIAN_POINT('',(-2.65E-1,1.5E-1,-3.E-1));
#1720=LINE('',#1719,#1718);
#1721=DIRECTION('',(-1.E0,0.E0,0.E0));
#1722=VECTOR('',#1721,8.E-2);
#1723=CARTESIAN_POINT('',(-1.85E-1,1.5E-1,-3.E-1));
#1724=LINE('',#1723,#1722);
#1725=DIRECTION('',(0.E0,1.E0,0.E0));
#1726=VECTOR('',#1725,1.E-1);
#1727=CARTESIAN_POINT('',(-1.85E-1,5.E-2,-3.E-1));
#1728=LINE('',#1727,#1726);
#1729=DIRECTION('',(1.E0,0.E0,0.E0));
#1730=VECTOR('',#1729,8.E-2);
#1731=CARTESIAN_POINT('',(-2.65E-1,5.E-2,-3.E-1));
#1732=LINE('',#1731,#1730);
#1733=DIRECTION('',(5.773502691896E-1,-5.773502691896E-1,5.773502691896E-1));
#1734=VECTOR('',#1733,3.464101615138E-2);
#1735=CARTESIAN_POINT('',(-3.35E-1,5.E-2,-2.E-2));
#1736=LINE('',#1735,#1734);
#1737=DIRECTION('',(-5.773502691896E-1,-5.773502691896E-1,5.773502691896E-1));
#1738=VECTOR('',#1737,3.464101615138E-2);
#1739=CARTESIAN_POINT('',(-4.15E-1,5.E-2,-2.E-2));
#1740=LINE('',#1739,#1738);
#1741=DIRECTION('',(-2.649064714130E-1,9.271726499455E-1,2.649064714130E-1));
#1742=VECTOR('',#1741,7.549834435271E-2);
#1743=CARTESIAN_POINT('',(-4.15E-1,1.5E-1,-2.E-2));
#1744=LINE('',#1743,#1742);
#1745=DIRECTION('',(0.E0,1.E0,0.E0));
#1746=VECTOR('',#1745,1.E-1);
#1747=CARTESIAN_POINT('',(-4.15E-1,5.E-2,-2.E-2));
#1748=LINE('',#1747,#1746);
#1749=DIRECTION('',(0.E0,0.E0,-1.E0));
#1750=VECTOR('',#1749,2.8E-1);
#1751=CARTESIAN_POINT('',(-4.15E-1,1.5E-1,-2.E-2));
#1752=LINE('',#1751,#1750);
#1753=DIRECTION('',(1.E0,0.E0,0.E0));
#1754=VECTOR('',#1753,8.E-2);
#1755=CARTESIAN_POINT('',(-4.15E-1,1.5E-1,-2.E-2));
#1756=LINE('',#1755,#1754);
#1757=DIRECTION('',(0.E0,0.E0,-1.E0));
#1758=VECTOR('',#1757,2.8E-1);
#1759=CARTESIAN_POINT('',(-3.35E-1,1.5E-1,-2.E-2));
#1760=LINE('',#1759,#1758);
#1761=DIRECTION('',(2.649064714130E-1,9.271726499455E-1,2.649064714130E-1));
#1762=VECTOR('',#1761,7.549834435271E-2);
#1763=CARTESIAN_POINT('',(-3.35E-1,1.5E-1,-2.E-2));
#1764=LINE('',#1763,#1762);
#1765=DIRECTION('',(0.E0,-1.E0,0.E0));
#1766=VECTOR('',#1765,1.E-1);
#1767=CARTESIAN_POINT('',(-3.35E-1,1.5E-1,-2.E-2));
#1768=LINE('',#1767,#1766);
#1769=DIRECTION('',(0.E0,0.E0,-1.E0));
#1770=VECTOR('',#1769,2.8E-1);
#1771=CARTESIAN_POINT('',(-3.35E-1,5.E-2,-2.E-2));
#1772=LINE('',#1771,#1770);
#1773=DIRECTION('',(-1.E0,0.E0,0.E0));
#1774=VECTOR('',#1773,8.E-2);
#1775=CARTESIAN_POINT('',(-3.35E-1,5.E-2,-2.E-2));
#1776=LINE('',#1775,#1774);
#1777=DIRECTION('',(0.E0,0.E0,-1.E0));
#1778=VECTOR('',#1777,2.8E-1);
#1779=CARTESIAN_POINT('',(-4.15E-1,5.E-2,-2.E-2));
#1780=LINE('',#1779,#1778);
#1781=DIRECTION('',(0.E0,-1.E0,0.E0));
#1782=VECTOR('',#1781,1.E-1);
#1783=CARTESIAN_POINT('',(-4.15E-1,1.5E-1,-3.E-1));
#1784=LINE('',#1783,#1782);
#1785=DIRECTION('',(-1.E0,0.E0,0.E0));
#1786=VECTOR('',#1785,8.E-2);
#1787=CARTESIAN_POINT('',(-3.35E-1,1.5E-1,-3.E-1));
#1788=LINE('',#1787,#1786);
#1789=DIRECTION('',(0.E0,1.E0,0.E0));
#1790=VECTOR('',#1789,1.E-1);
#1791=CARTESIAN_POINT('',(-3.35E-1,5.E-2,-3.E-1));
#1792=LINE('',#1791,#1790);
#1793=DIRECTION('',(1.E0,0.E0,0.E0));
#1794=VECTOR('',#1793,8.E-2);
#1795=CARTESIAN_POINT('',(-4.15E-1,5.E-2,-3.E-1));
#1796=LINE('',#1795,#1794);
#1797=DIRECTION('',(0.E0,0.E0,1.E0));
#1798=VECTOR('',#1797,2.E-2);
#1799=CARTESIAN_POINT('',(-4.6E-1,2.8E-1,-2.E-2));
#1800=LINE('',#1799,#1798);
#1801=DIRECTION('',(1.E0,0.E0,0.E0));
#1802=VECTOR('',#1801,9.2E-1);
#1803=CARTESIAN_POINT('',(-4.6E-1,2.8E-1,-2.E-2));
#1804=LINE('',#1803,#1802);
#1805=DIRECTION('',(0.E0,0.E0,1.E0));
#1806=VECTOR('',#1805,2.E-2);
#1807=CARTESIAN_POINT('',(4.6E-1,2.8E-1,-2.E-2));
#1808=LINE('',#1807,#1806);
#1809=DIRECTION('',(0.E0,0.E0,1.E0));
#1810=VECTOR('',#1809,2.E-2);
#1811=CARTESIAN_POINT('',(4.3E-1,2.8E-1,0.E0));
#1812=LINE('',#1811,#1810);
#1813=DIRECTION('',(0.E0,-9.417419115948E-1,3.363363969982E-1));
#1814=VECTOR('',#1813,1.486606874732E-1);
#1815=CARTESIAN_POINT('',(-4.6E-1,4.2E-1,-7.E-2));
#1816=LINE('',#1815,#1814);
#1817=DIRECTION('',(1.E0,0.E0,0.E0));
#1818=VECTOR('',#1817,9.2E-1);
#1819=CARTESIAN_POINT('',(-4.6E-1,4.2E-1,-7.E-2));
#1820=LINE('',#1819,#1818);
#1821=DIRECTION('',(0.E0,-9.417419115948E-1,3.363363969982E-1));
#1822=VECTOR('',#1821,1.486606874732E-1);
#1823=CARTESIAN_POINT('',(4.6E-1,4.2E-1,-7.E-2));
#1824=LINE('',#1823,#1822);
#1825=DIRECTION('',(0.E0,0.E0,1.E0));
#1826=VECTOR('',#1825,3.E-2);
#1827=CARTESIAN_POINT('',(4.6E-1,4.2E-1,-1.E-1));
#1828=LINE('',#1827,#1826);
#1829=DIRECTION('',(0.E0,-1.E0,0.E0));
#1830=VECTOR('',#1829,4.E-1);
#1831=CARTESIAN_POINT('',(4.6E-1,4.2E-1,-1.E-1));
#1832=LINE('',#1831,#1830);
#1833=DIRECTION('',(0.E0,0.E0,-1.E0));
#1834=VECTOR('',#1833,1.E-1);
#1835=CARTESIAN_POINT('',(4.6E-1,2.E-2,0.E0));
#1836=LINE('',#1835,#1834);
#1837=DIRECTION('',(-1.E0,0.E0,0.E0));
#1838=VECTOR('',#1837,5.E-3);
#1839=CARTESIAN_POINT('',(4.65E-1,4.2E-1,-1.E-1));
#1840=LINE('',#1839,#1838);
#1841=DIRECTION('',(-1.E0,0.E0,0.E0));
#1842=VECTOR('',#1841,5.E-3);
#1843=CARTESIAN_POINT('',(4.65E-1,2.E-2,-1.E-1));
#1844=LINE('',#1843,#1842);
#1845=DIRECTION('',(0.E0,0.E0,1.E0));
#1846=VECTOR('',#1845,2.E-2);
#1847=CARTESIAN_POINT('',(4.3E-1,2.6E-1,0.E0));
#1848=LINE('',#1847,#1846);
#1849=DIRECTION('',(0.E0,0.E0,1.E0));
#1850=VECTOR('',#1849,2.E-2);
#1851=CARTESIAN_POINT('',(-4.3E-1,2.6E-1,0.E0));
#1852=LINE('',#1851,#1850);
#1853=DIRECTION('',(0.E0,0.E0,1.E0));
#1854=VECTOR('',#1853,2.E-2);
#1855=CARTESIAN_POINT('',(-4.3E-1,2.8E-1,0.E0));
#1856=LINE('',#1855,#1854);
#1857=DIRECTION('',(0.E0,-1.E0,0.E0));
#1858=VECTOR('',#1857,2.E-2);
#1859=CARTESIAN_POINT('',(-4.3E-1,2.8E-1,2.E-2));
#1860=LINE('',#1859,#1858);
#1861=DIRECTION('',(-1.E0,0.E0,0.E0));
#1862=VECTOR('',#1861,8.6E-1);
#1863=CARTESIAN_POINT('',(4.3E-1,2.8E-1,2.E-2));
#1864=LINE('',#1863,#1862);
#1865=DIRECTION('',(0.E0,1.E0,0.E0));
#1866=VECTOR('',#1865,2.E-2);
#1867=CARTESIAN_POINT('',(4.3E-1,2.6E-1,2.E-2));
#1868=LINE('',#1867,#1866);
#1869=DIRECTION('',(1.E0,0.E0,0.E0));
#1870=VECTOR('',#1869,8.6E-1);
#1871=CARTESIAN_POINT('',(-4.3E-1,2.6E-1,2.E-2));
#1872=LINE('',#1871,#1870);
#1873=DIRECTION('',(1.E0,0.E0,0.E0));
#1874=VECTOR('',#1873,9.3E-1);
#1875=CARTESIAN_POINT('',(-4.65E-1,0.E0,0.E0));
#1876=LINE('',#1875,#1874);
#1877=DIRECTION('',(1.E0,0.E0,0.E0));
#1878=VECTOR('',#1877,9.3E-1);
#1879=CARTESIAN_POINT('',(-4.65E-1,0.E0,-3.2E-1));
#1880=LINE('',#1879,#1878);
#1881=DIRECTION('',(1.E0,0.E0,0.E0));
#1882=VECTOR('',#1881,9.3E-1);
#1883=CARTESIAN_POINT('',(-4.65E-1,4.E-2,-3.2E-1));
#1884=LINE('',#1883,#1882);
#1885=DIRECTION('',(1.E0,0.E0,0.E0));
#1886=VECTOR('',#1885,9.3E-1);
#1887=CARTESIAN_POINT('',(-4.65E-1,4.E-2,-3.5E-1));
#1888=LINE('',#1887,#1886);
#1889=DIRECTION('',(0.E0,1.E0,0.E0));
#1890=VECTOR('',#1889,1.6E-1);
#1891=CARTESIAN_POINT('',(3.15E-1,1.7E-1,-3.5E-1));
#1892=LINE('',#1891,#1890);
#1893=DIRECTION('',(1.E0,0.E0,0.E0));
#1894=VECTOR('',#1893,1.2E-1);
#1895=CARTESIAN_POINT('',(3.15E-1,3.3E-1,-3.5E-1));
#1896=LINE('',#1895,#1894);
#1897=DIRECTION('',(0.E0,1.E0,0.E0));
#1898=VECTOR('',#1897,1.6E-1);
#1899=CARTESIAN_POINT('',(4.35E-1,1.7E-1,-3.5E-1));
#1900=LINE('',#1899,#1898);
#1901=DIRECTION('',(1.E0,0.E0,0.E0));
#1902=VECTOR('',#1901,1.2E-1);
#1903=CARTESIAN_POINT('',(3.15E-1,1.7E-1,-3.5E-1));
#1904=LINE('',#1903,#1902);
#1905=DIRECTION('',(0.E0,1.E0,0.E0));
#1906=VECTOR('',#1905,1.6E-1);
#1907=CARTESIAN_POINT('',(1.65E-1,1.7E-1,-3.5E-1));
#1908=LINE('',#1907,#1906);
#1909=DIRECTION('',(1.E0,0.E0,0.E0));
#1910=VECTOR('',#1909,1.2E-1);
#1911=CARTESIAN_POINT('',(1.65E-1,3.3E-1,-3.5E-1));
#1912=LINE('',#1911,#1910);
#1913=DIRECTION('',(0.E0,1.E0,0.E0));
#1914=VECTOR('',#1913,1.6E-1);
#1915=CARTESIAN_POINT('',(2.85E-1,1.7E-1,-3.5E-1));
#1916=LINE('',#1915,#1914);
#1917=DIRECTION('',(1.E0,0.E0,0.E0));
#1918=VECTOR('',#1917,1.2E-1);
#1919=CARTESIAN_POINT('',(1.65E-1,1.7E-1,-3.5E-1));
#1920=LINE('',#1919,#1918);
#1921=DIRECTION('',(0.E0,1.E0,0.E0));
#1922=VECTOR('',#1921,1.6E-1);
#1923=CARTESIAN_POINT('',(1.5E-2,1.7E-1,-3.5E-1));
#1924=LINE('',#1923,#1922);
#1925=DIRECTION('',(1.E0,0.E0,0.E0));
#1926=VECTOR('',#1925,1.2E-1);
#1927=CARTESIAN_POINT('',(1.5E-2,3.3E-1,-3.5E-1));
#1928=LINE('',#1927,#1926);
#1929=DIRECTION('',(0.E0,1.E0,0.E0));
#1930=VECTOR('',#1929,1.6E-1);
#1931=CARTESIAN_POINT('',(1.35E-1,1.7E-1,-3.5E-1));
#1932=LINE('',#1931,#1930);
#1933=DIRECTION('',(1.E0,0.E0,0.E0));
#1934=VECTOR('',#1933,1.2E-1);
#1935=CARTESIAN_POINT('',(1.5E-2,1.7E-1,-3.5E-1));
#1936=LINE('',#1935,#1934);
#1937=DIRECTION('',(0.E0,1.E0,0.E0));
#1938=VECTOR('',#1937,1.6E-1);
#1939=CARTESIAN_POINT('',(-1.35E-1,1.7E-1,-3.5E-1));
#1940=LINE('',#1939,#1938);
#1941=DIRECTION('',(1.E0,0.E0,0.E0));
#1942=VECTOR('',#1941,1.2E-1);
#1943=CARTESIAN_POINT('',(-1.35E-1,3.3E-1,-3.5E-1));
#1944=LINE('',#1943,#1942);
#1945=DIRECTION('',(0.E0,1.E0,0.E0));
#1946=VECTOR('',#1945,1.6E-1);
#1947=CARTESIAN_POINT('',(-1.5E-2,1.7E-1,-3.5E-1));
#1948=LINE('',#1947,#1946);
#1949=DIRECTION('',(1.E0,0.E0,0.E0));
#1950=VECTOR('',#1949,1.2E-1);
#1951=CARTESIAN_POINT('',(-1.35E-1,1.7E-1,-3.5E-1));
#1952=LINE('',#1951,#1950);
#1953=DIRECTION('',(0.E0,1.E0,0.E0));
#1954=VECTOR('',#1953,1.6E-1);
#1955=CARTESIAN_POINT('',(-2.85E-1,1.7E-1,-3.5E-1));
#1956=LINE('',#1955,#1954);
#1957=DIRECTION('',(1.E0,0.E0,0.E0));
#1958=VECTOR('',#1957,1.2E-1);
#1959=CARTESIAN_POINT('',(-2.85E-1,3.3E-1,-3.5E-1));
#1960=LINE('',#1959,#1958);
#1961=DIRECTION('',(0.E0,1.E0,0.E0));
#1962=VECTOR('',#1961,1.6E-1);
#1963=CARTESIAN_POINT('',(-1.65E-1,1.7E-1,-3.5E-1));
#1964=LINE('',#1963,#1962);
#1965=DIRECTION('',(1.E0,0.E0,0.E0));
#1966=VECTOR('',#1965,1.2E-1);
#1967=CARTESIAN_POINT('',(-2.85E-1,1.7E-1,-3.5E-1));
#1968=LINE('',#1967,#1966);
#1969=DIRECTION('',(0.E0,1.E0,0.E0));
#1970=VECTOR('',#1969,1.6E-1);
#1971=CARTESIAN_POINT('',(-4.35E-1,1.7E-1,-3.5E-1));
#1972=LINE('',#1971,#1970);
#1973=DIRECTION('',(1.E0,0.E0,0.E0));
#1974=VECTOR('',#1973,1.2E-1);
#1975=CARTESIAN_POINT('',(-4.35E-1,3.3E-1,-3.5E-1));
#1976=LINE('',#1975,#1974);
#1977=DIRECTION('',(0.E0,1.E0,0.E0));
#1978=VECTOR('',#1977,1.6E-1);
#1979=CARTESIAN_POINT('',(-3.15E-1,1.7E-1,-3.5E-1));
#1980=LINE('',#1979,#1978);
#1981=DIRECTION('',(1.E0,0.E0,0.E0));
#1982=VECTOR('',#1981,1.2E-1);
#1983=CARTESIAN_POINT('',(-4.35E-1,1.7E-1,-3.5E-1));
#1984=LINE('',#1983,#1982);
#1985=DIRECTION('',(0.E0,0.E0,-1.E0));
#1986=VECTOR('',#1985,2.6E-1);
#1987=CARTESIAN_POINT('',(3.15E-1,1.7E-1,-3.5E-1));
#1988=LINE('',#1987,#1986);
#1989=DIRECTION('',(0.E0,1.E0,0.E0));
#1990=VECTOR('',#1989,1.6E-1);
#1991=CARTESIAN_POINT('',(3.15E-1,1.7E-1,-6.1E-1));
#1992=LINE('',#1991,#1990);
#1993=DIRECTION('',(0.E0,0.E0,1.E0));
#1994=VECTOR('',#1993,2.6E-1);
#1995=CARTESIAN_POINT('',(3.15E-1,3.3E-1,-6.1E-1));
#1996=LINE('',#1995,#1994);
#1997=DIRECTION('',(0.E0,0.E0,1.E0));
#1998=VECTOR('',#1997,2.6E-1);
#1999=CARTESIAN_POINT('',(4.35E-1,3.3E-1,-6.1E-1));
#2000=LINE('',#1999,#1998);
#2001=DIRECTION('',(0.E0,1.E0,0.E0));
#2002=VECTOR('',#2001,1.6E-1);
#2003=CARTESIAN_POINT('',(4.35E-1,1.7E-1,-6.1E-1));
#2004=LINE('',#2003,#2002);
#2005=DIRECTION('',(0.E0,0.E0,-1.E0));
#2006=VECTOR('',#2005,2.6E-1);
#2007=CARTESIAN_POINT('',(4.35E-1,1.7E-1,-3.5E-1));
#2008=LINE('',#2007,#2006);
#2009=DIRECTION('',(1.E0,0.E0,0.E0));
#2010=VECTOR('',#2009,1.2E-1);
#2011=CARTESIAN_POINT('',(3.15E-1,3.3E-1,-6.1E-1));
#2012=LINE('',#2011,#2010);
#2013=DIRECTION('',(0.E0,0.E0,-1.E0));
#2014=VECTOR('',#2013,1.E-1);
#2015=CARTESIAN_POINT('',(3.64E-1,3.3E-1,-5.02E-1));
#2016=LINE('',#2015,#2014);
#2017=DIRECTION('',(1.E0,0.E0,0.E0));
#2018=VECTOR('',#2017,2.2E-2);
#2019=CARTESIAN_POINT('',(3.64E-1,3.3E-1,-5.02E-1));
#2020=LINE('',#2019,#2018);
#2021=DIRECTION('',(0.E0,0.E0,-1.E0));
#2022=VECTOR('',#2021,1.E-1);
#2023=CARTESIAN_POINT('',(3.86E-1,3.3E-1,-5.02E-1));
#2024=LINE('',#2023,#2022);
#2025=DIRECTION('',(1.E0,0.E0,0.E0));
#2026=VECTOR('',#2025,2.2E-2);
#2027=CARTESIAN_POINT('',(3.64E-1,3.3E-1,-6.02E-1));
#2028=LINE('',#2027,#2026);
#2029=DIRECTION('',(1.E0,0.E0,0.E0));
#2030=VECTOR('',#2029,1.2E-1);
#2031=CARTESIAN_POINT('',(3.15E-1,1.7E-1,-6.1E-1));
#2032=LINE('',#2031,#2030);
#2033=CARTESIAN_POINT('',(3.75E-1,2.5E-1,-6.1E-1));
#2034=DIRECTION('',(0.E0,0.E0,1.E0));
#2035=DIRECTION('',(0.E0,-1.E0,0.E0));
#2036=AXIS2_PLACEMENT_3D('',#2033,#2034,#2035);
#2038=CARTESIAN_POINT('',(3.75E-1,2.5E-1,-6.1E-1));
#2039=DIRECTION('',(0.E0,0.E0,1.E0));
#2040=DIRECTION('',(0.E0,1.E0,0.E0));
#2041=AXIS2_PLACEMENT_3D('',#2038,#2039,#2040);
#2043=DIRECTION('',(0.E0,0.E0,-1.E0));
#2044=VECTOR('',#2043,3.25E-2);
#2045=CARTESIAN_POINT('',(3.75E-1,2.2E-1,-5.775E-1));
#2046=LINE('',#2045,#2044);
#2047=DIRECTION('',(0.E0,0.E0,-1.E0));
#2048=VECTOR('',#2047,3.25E-2);
#2049=CARTESIAN_POINT('',(3.75E-1,2.8E-1,-5.775E-1));
#2050=LINE('',#2049,#2048);
#2051=DIRECTION('',(0.E0,7.071067811865E-1,-7.071067811866E-1));
#2052=VECTOR('',#2051,1.060660171780E-2);
#2053=CARTESIAN_POINT('',(3.75E-1,2.725E-1,-5.7E-1));
#2054=LINE('',#2053,#2052);
#2055=CARTESIAN_POINT('',(3.75E-1,2.5E-1,-5.775E-1));
#2056=DIRECTION('',(0.E0,0.E0,-1.E0));
#2057=DIRECTION('',(0.E0,-1.E0,0.E0));
#2058=AXIS2_PLACEMENT_3D('',#2055,#2056,#2057);
#2060=DIRECTION('',(0.E0,-7.071067811865E-1,-7.071067811866E-1));
#2061=VECTOR('',#2060,1.060660171780E-2);
#2062=CARTESIAN_POINT('',(3.75E-1,2.275E-1,-5.7E-1));
#2063=LINE('',#2062,#2061);
#2064=CARTESIAN_POINT('',(3.75E-1,2.5E-1,-5.775E-1));
#2065=DIRECTION('',(0.E0,0.E0,1.E0));
#2066=DIRECTION('',(0.E0,-1.E0,0.E0));
#2067=AXIS2_PLACEMENT_3D('',#2064,#2065,#2066);
#2069=CARTESIAN_POINT('',(3.75E-1,2.5E-1,-5.7E-1));
#2070=DIRECTION('',(0.E0,0.E0,1.E0));
#2071=DIRECTION('',(0.E0,-1.E0,0.E0));
#2072=AXIS2_PLACEMENT_3D('',#2069,#2070,#2071);
#2074=DIRECTION('',(0.E0,0.E0,-1.E0));
#2075=VECTOR('',#2074,1.E-2);
#2076=CARTESIAN_POINT('',(3.75E-1,2.725E-1,-5.6E-1));
#2077=LINE('',#2076,#2075);
#2078=CARTESIAN_POINT('',(3.75E-1,2.5E-1,-5.7E-1));
#2079=DIRECTION('',(0.E0,0.E0,-1.E0));
#2080=DIRECTION('',(0.E0,-1.E0,0.E0));
#2081=AXIS2_PLACEMENT_3D('',#2078,#2079,#2080);
#2083=DIRECTION('',(0.E0,0.E0,-1.E0));
#2084=VECTOR('',#2083,1.E-2);
#2085=CARTESIAN_POINT('',(3.75E-1,2.275E-1,-5.6E-1));
#2086=LINE('',#2085,#2084);
#2087=CARTESIAN_POINT('',(3.75E-1,2.5E-1,-5.6E-1));
#2088=DIRECTION('',(0.E0,0.E0,-1.E0));
#2089=DIRECTION('',(0.E0,-1.E0,0.E0));
#2090=AXIS2_PLACEMENT_3D('',#2087,#2088,#2089);
#2092=CARTESIAN_POINT('',(3.75E-1,2.5E-1,-5.6E-1));
#2093=DIRECTION('',(0.E0,0.E0,1.E0));
#2094=DIRECTION('',(0.E0,-1.E0,0.E0));
#2095=AXIS2_PLACEMENT_3D('',#2092,#2093,#2094);
#2097=DIRECTION('',(0.E0,1.E0,0.E0));
#2098=VECTOR('',#2097,2.E-2);
#2099=CARTESIAN_POINT('',(3.64E-1,3.3E-1,-6.02E-1));
#2100=LINE('',#2099,#2098);
#2101=DIRECTION('',(0.E0,0.E0,-1.E0));
#2102=VECTOR('',#2101,1.E-1);
#2103=CARTESIAN_POINT('',(3.64E-1,3.5E-1,-5.02E-1));
#2104=LINE('',#2103,#2102);
#2105=DIRECTION('',(0.E0,-1.E0,0.E0));
#2106=VECTOR('',#2105,2.E-2);
#2107=CARTESIAN_POINT('',(3.64E-1,3.5E-1,-5.02E-1));
#2108=LINE('',#2107,#2106);
#2109=DIRECTION('',(1.E0,0.E0,0.E0));
#2110=VECTOR('',#2109,4.E-3);
#2111=CARTESIAN_POINT('',(3.86E-1,3.5E-1,-6.02E-1));
#2112=LINE('',#2111,#2110);
#2113=DIRECTION('',(1.E0,0.E0,0.E0));
#2114=VECTOR('',#2113,4.E-3);
#2115=CARTESIAN_POINT('',(3.6E-1,3.5E-1,-6.02E-1));
#2116=LINE('',#2115,#2114);
#2117=DIRECTION('',(0.E0,1.E0,0.E0));
#2118=VECTOR('',#2117,2.E-2);
#2119=CARTESIAN_POINT('',(3.86E-1,3.3E-1,-6.02E-1));
#2120=LINE('',#2119,#2118);
#2121=DIRECTION('',(0.E0,-1.E0,0.E0));
#2122=VECTOR('',#2121,2.E-2);
#2123=CARTESIAN_POINT('',(3.86E-1,3.5E-1,-5.02E-1));
#2124=LINE('',#2123,#2122);
#2125=DIRECTION('',(0.E0,0.E0,-1.E0));
#2126=VECTOR('',#2125,1.E-1);
#2127=CARTESIAN_POINT('',(3.86E-1,3.5E-1,-5.02E-1));
#2128=LINE('',#2127,#2126);
#2129=DIRECTION('',(1.E0,0.E0,0.E0));
#2130=VECTOR('',#2129,3.E-2);
#2131=CARTESIAN_POINT('',(3.6E-1,3.8E-1,-6.02E-1));
#2132=LINE('',#2131,#2130);
#2133=DIRECTION('',(-1.E0,0.E0,0.E0));
#2134=VECTOR('',#2133,3.E-2);
#2135=CARTESIAN_POINT('',(3.9E-1,3.8E-1,-5.02E-1));
#2136=LINE('',#2135,#2134);
#2137=DIRECTION('',(0.E0,-1.E0,0.E0));
#2138=VECTOR('',#2137,3.E-2);
#2139=CARTESIAN_POINT('',(3.9E-1,3.8E-1,-5.02E-1));
#2140=LINE('',#2139,#2138);
#2141=DIRECTION('',(0.E0,0.E0,1.E0));
#2142=VECTOR('',#2141,1.E-1);
#2143=CARTESIAN_POINT('',(3.9E-1,3.8E-1,-6.02E-1));
#2144=LINE('',#2143,#2142);
#2145=DIRECTION('',(0.E0,1.E0,0.E0));
#2146=VECTOR('',#2145,3.E-2);
#2147=CARTESIAN_POINT('',(3.9E-1,3.5E-1,-6.02E-1));
#2148=LINE('',#2147,#2146);
#2149=DIRECTION('',(0.E0,0.E0,-1.E0));
#2150=VECTOR('',#2149,1.E-1);
#2151=CARTESIAN_POINT('',(3.9E-1,3.5E-1,-5.02E-1));
#2152=LINE('',#2151,#2150);
#2153=DIRECTION('',(1.E0,0.E0,0.E0));
#2154=VECTOR('',#2153,4.E-3);
#2155=CARTESIAN_POINT('',(3.6E-1,3.5E-1,-5.02E-1));
#2156=LINE('',#2155,#2154);
#2157=DIRECTION('',(1.E0,0.E0,0.E0));
#2158=VECTOR('',#2157,4.E-3);
#2159=CARTESIAN_POINT('',(3.86E-1,3.5E-1,-5.02E-1));
#2160=LINE('',#2159,#2158);
#2161=DIRECTION('',(0.E0,-1.E0,0.E0));
#2162=VECTOR('',#2161,3.E-2);
#2163=CARTESIAN_POINT('',(3.6E-1,3.8E-1,-5.02E-1));
#2164=LINE('',#2163,#2162);
#2165=DIRECTION('',(0.E0,0.E0,-1.E0));
#2166=VECTOR('',#2165,1.E-1);
#2167=CARTESIAN_POINT('',(3.6E-1,3.5E-1,-5.02E-1));
#2168=LINE('',#2167,#2166);
#2169=DIRECTION('',(0.E0,1.E0,0.E0));
#2170=VECTOR('',#2169,3.E-2);
#2171=CARTESIAN_POINT('',(3.6E-1,3.5E-1,-6.02E-1));
#2172=LINE('',#2171,#2170);
#2173=DIRECTION('',(0.E0,0.E0,1.E0));
#2174=VECTOR('',#2173,1.E-1);
#2175=CARTESIAN_POINT('',(3.6E-1,3.8E-1,-6.02E-1));
#2176=LINE('',#2175,#2174);
#2177=DIRECTION('',(0.E0,0.E0,-1.E0));
#2178=VECTOR('',#2177,2.6E-1);
#2179=CARTESIAN_POINT('',(1.65E-1,1.7E-1,-3.5E-1));
#2180=LINE('',#2179,#2178);
#2181=DIRECTION('',(0.E0,1.E0,0.E0));
#2182=VECTOR('',#2181,1.6E-1);
#2183=CARTESIAN_POINT('',(1.65E-1,1.7E-1,-6.1E-1));
#2184=LINE('',#2183,#2182);
#2185=DIRECTION('',(0.E0,0.E0,1.E0));
#2186=VECTOR('',#2185,2.6E-1);
#2187=CARTESIAN_POINT('',(1.65E-1,3.3E-1,-6.1E-1));
#2188=LINE('',#2187,#2186);
#2189=DIRECTION('',(0.E0,0.E0,-1.E0));
#2190=VECTOR('',#2189,2.6E-1);
#2191=CARTESIAN_POINT('',(2.85E-1,1.7E-1,-3.5E-1));
#2192=LINE('',#2191,#2190);
#2193=DIRECTION('',(0.E0,0.E0,1.E0));
#2194=VECTOR('',#2193,2.6E-1);
#2195=CARTESIAN_POINT('',(2.85E-1,3.3E-1,-6.1E-1));
#2196=LINE('',#2195,#2194);
#2197=DIRECTION('',(0.E0,1.E0,0.E0));
#2198=VECTOR('',#2197,1.6E-1);
#2199=CARTESIAN_POINT('',(2.85E-1,1.7E-1,-6.1E-1));
#2200=LINE('',#2199,#2198);
#2201=DIRECTION('',(1.E0,0.E0,0.E0));
#2202=VECTOR('',#2201,1.2E-1);
#2203=CARTESIAN_POINT('',(1.65E-1,3.3E-1,-6.1E-1));
#2204=LINE('',#2203,#2202);
#2205=DIRECTION('',(0.E0,0.E0,-1.E0));
#2206=VECTOR('',#2205,1.E-1);
#2207=CARTESIAN_POINT('',(2.14E-1,3.3E-1,-5.02E-1));
#2208=LINE('',#2207,#2206);
#2209=DIRECTION('',(1.E0,0.E0,0.E0));
#2210=VECTOR('',#2209,2.2E-2);
#2211=CARTESIAN_POINT('',(2.14E-1,3.3E-1,-5.02E-1));
#2212=LINE('',#2211,#2210);
#2213=DIRECTION('',(0.E0,0.E0,-1.E0));
#2214=VECTOR('',#2213,1.E-1);
#2215=CARTESIAN_POINT('',(2.36E-1,3.3E-1,-5.02E-1));
#2216=LINE('',#2215,#2214);
#2217=DIRECTION('',(1.E0,0.E0,0.E0));
#2218=VECTOR('',#2217,2.2E-2);
#2219=CARTESIAN_POINT('',(2.14E-1,3.3E-1,-6.02E-1));
#2220=LINE('',#2219,#2218);
#2221=DIRECTION('',(1.E0,0.E0,0.E0));
#2222=VECTOR('',#2221,1.2E-1);
#2223=CARTESIAN_POINT('',(1.65E-1,1.7E-1,-6.1E-1));
#2224=LINE('',#2223,#2222);
#2225=CARTESIAN_POINT('',(2.25E-1,2.5E-1,-6.1E-1));
#2226=DIRECTION('',(0.E0,0.E0,-1.E0));
#2227=DIRECTION('',(0.E0,1.E0,0.E0));
#2228=AXIS2_PLACEMENT_3D('',#2225,#2226,#2227);
#2230=CARTESIAN_POINT('',(2.25E-1,2.5E-1,-6.1E-1));
#2231=DIRECTION('',(0.E0,0.E0,-1.E0));
#2232=DIRECTION('',(0.E0,-1.E0,0.E0));
#2233=AXIS2_PLACEMENT_3D('',#2230,#2231,#2232);
#2235=DIRECTION('',(0.E0,0.E0,-1.E0));
#2236=VECTOR('',#2235,3.25E-2);
#2237=CARTESIAN_POINT('',(2.25E-1,2.8E-1,-5.775E-1));
#2238=LINE('',#2237,#2236);
#2239=DIRECTION('',(0.E0,0.E0,-1.E0));
#2240=VECTOR('',#2239,3.25E-2);
#2241=CARTESIAN_POINT('',(2.25E-1,2.2E-1,-5.775E-1));
#2242=LINE('',#2241,#2240);
#2243=DIRECTION('',(0.E0,7.071067811865E-1,-7.071067811866E-1));
#2244=VECTOR('',#2243,1.060660171780E-2);
#2245=CARTESIAN_POINT('',(2.25E-1,2.725E-1,-5.7E-1));
#2246=LINE('',#2245,#2244);
#2247=CARTESIAN_POINT('',(2.25E-1,2.5E-1,-5.775E-1));
#2248=DIRECTION('',(0.E0,0.E0,-1.E0));
#2249=DIRECTION('',(0.E0,-1.E0,0.E0));
#2250=AXIS2_PLACEMENT_3D('',#2247,#2248,#2249);
#2252=DIRECTION('',(0.E0,-7.071067811865E-1,-7.071067811866E-1));
#2253=VECTOR('',#2252,1.060660171780E-2);
#2254=CARTESIAN_POINT('',(2.25E-1,2.275E-1,-5.7E-1));
#2255=LINE('',#2254,#2253);
#2256=CARTESIAN_POINT('',(2.25E-1,2.5E-1,-5.775E-1));
#2257=DIRECTION('',(0.E0,0.E0,1.E0));
#2258=DIRECTION('',(0.E0,-1.E0,0.E0));
#2259=AXIS2_PLACEMENT_3D('',#2256,#2257,#2258);
#2261=CARTESIAN_POINT('',(2.25E-1,2.5E-1,-5.7E-1));
#2262=DIRECTION('',(0.E0,0.E0,1.E0));
#2263=DIRECTION('',(0.E0,-1.E0,0.E0));
#2264=AXIS2_PLACEMENT_3D('',#2261,#2262,#2263);
#2266=DIRECTION('',(0.E0,0.E0,-1.E0));
#2267=VECTOR('',#2266,1.E-2);
#2268=CARTESIAN_POINT('',(2.25E-1,2.725E-1,-5.6E-1));
#2269=LINE('',#2268,#2267);
#2270=CARTESIAN_POINT('',(2.25E-1,2.5E-1,-5.7E-1));
#2271=DIRECTION('',(0.E0,0.E0,-1.E0));
#2272=DIRECTION('',(0.E0,-1.E0,0.E0));
#2273=AXIS2_PLACEMENT_3D('',#2270,#2271,#2272);
#2275=DIRECTION('',(0.E0,0.E0,-1.E0));
#2276=VECTOR('',#2275,1.E-2);
#2277=CARTESIAN_POINT('',(2.25E-1,2.275E-1,-5.6E-1));
#2278=LINE('',#2277,#2276);
#2279=CARTESIAN_POINT('',(2.25E-1,2.5E-1,-5.6E-1));
#2280=DIRECTION('',(0.E0,0.E0,-1.E0));
#2281=DIRECTION('',(0.E0,-1.E0,0.E0));
#2282=AXIS2_PLACEMENT_3D('',#2279,#2280,#2281);
#2284=CARTESIAN_POINT('',(2.25E-1,2.5E-1,-5.6E-1));
#2285=DIRECTION('',(0.E0,0.E0,1.E0));
#2286=DIRECTION('',(0.E0,-1.E0,0.E0));
#2287=AXIS2_PLACEMENT_3D('',#2284,#2285,#2286);
#2289=DIRECTION('',(0.E0,0.E0,-1.E0));
#2290=VECTOR('',#2289,1.E-1);
#2291=CARTESIAN_POINT('',(2.14E-1,3.5E-1,-5.02E-1));
#2292=LINE('',#2291,#2290);
#2293=DIRECTION('',(0.E0,-1.E0,0.E0));
#2294=VECTOR('',#2293,2.E-2);
#2295=CARTESIAN_POINT('',(2.14E-1,3.5E-1,-5.02E-1));
#2296=LINE('',#2295,#2294);
#2297=DIRECTION('',(0.E0,1.E0,0.E0));
#2298=VECTOR('',#2297,2.E-2);
#2299=CARTESIAN_POINT('',(2.14E-1,3.3E-1,-6.02E-1));
#2300=LINE('',#2299,#2298);
#2301=DIRECTION('',(1.E0,0.E0,0.E0));
#2302=VECTOR('',#2301,4.E-3);
#2303=CARTESIAN_POINT('',(2.1E-1,3.5E-1,-5.02E-1));
#2304=LINE('',#2303,#2302);
#2305=DIRECTION('',(1.E0,0.E0,0.E0));
#2306=VECTOR('',#2305,4.E-3);
#2307=CARTESIAN_POINT('',(2.36E-1,3.5E-1,-5.02E-1));
#2308=LINE('',#2307,#2306);
#2309=DIRECTION('',(1.E0,0.E0,0.E0));
#2310=VECTOR('',#2309,3.E-2);
#2311=CARTESIAN_POINT('',(2.1E-1,3.8E-1,-6.02E-1));
#2312=LINE('',#2311,#2310);
#2313=DIRECTION('',(-1.E0,0.E0,0.E0));
#2314=VECTOR('',#2313,3.E-2);
#2315=CARTESIAN_POINT('',(2.4E-1,3.8E-1,-5.02E-1));
#2316=LINE('',#2315,#2314);
#2317=DIRECTION('',(1.E0,0.E0,0.E0));
#2318=VECTOR('',#2317,4.E-3);
#2319=CARTESIAN_POINT('',(2.36E-1,3.5E-1,-6.02E-1));
#2320=LINE('',#2319,#2318);
#2321=DIRECTION('',(1.E0,0.E0,0.E0));
#2322=VECTOR('',#2321,4.E-3);
#2323=CARTESIAN_POINT('',(2.1E-1,3.5E-1,-6.02E-1));
#2324=LINE('',#2323,#2322);
#2325=DIRECTION('',(0.E0,0.E0,-1.E0));
#2326=VECTOR('',#2325,1.E-1);
#2327=CARTESIAN_POINT('',(2.36E-1,3.5E-1,-5.02E-1));
#2328=LINE('',#2327,#2326);
#2329=DIRECTION('',(0.E0,1.E0,0.E0));
#2330=VECTOR('',#2329,2.E-2);
#2331=CARTESIAN_POINT('',(2.36E-1,3.3E-1,-6.02E-1));
#2332=LINE('',#2331,#2330);
#2333=DIRECTION('',(0.E0,-1.E0,0.E0));
#2334=VECTOR('',#2333,2.E-2);
#2335=CARTESIAN_POINT('',(2.36E-1,3.5E-1,-5.02E-1));
#2336=LINE('',#2335,#2334);
#2337=DIRECTION('',(0.E0,-1.E0,0.E0));
#2338=VECTOR('',#2337,3.E-2);
#2339=CARTESIAN_POINT('',(2.4E-1,3.8E-1,-5.02E-1));
#2340=LINE('',#2339,#2338);
#2341=DIRECTION('',(0.E0,0.E0,1.E0));
#2342=VECTOR('',#2341,1.E-1);
#2343=CARTESIAN_POINT('',(2.4E-1,3.8E-1,-6.02E-1));
#2344=LINE('',#2343,#2342);
#2345=DIRECTION('',(0.E0,1.E0,0.E0));
#2346=VECTOR('',#2345,3.E-2);
#2347=CARTESIAN_POINT('',(2.4E-1,3.5E-1,-6.02E-1));
#2348=LINE('',#2347,#2346);
#2349=DIRECTION('',(0.E0,0.E0,-1.E0));
#2350=VECTOR('',#2349,1.E-1);
#2351=CARTESIAN_POINT('',(2.4E-1,3.5E-1,-5.02E-1));
#2352=LINE('',#2351,#2350);
#2353=DIRECTION('',(0.E0,-1.E0,0.E0));
#2354=VECTOR('',#2353,3.E-2);
#2355=CARTESIAN_POINT('',(2.1E-1,3.8E-1,-5.02E-1));
#2356=LINE('',#2355,#2354);
#2357=DIRECTION('',(0.E0,0.E0,-1.E0));
#2358=VECTOR('',#2357,1.E-1);
#2359=CARTESIAN_POINT('',(2.1E-1,3.5E-1,-5.02E-1));
#2360=LINE('',#2359,#2358);
#2361=DIRECTION('',(0.E0,1.E0,0.E0));
#2362=VECTOR('',#2361,3.E-2);
#2363=CARTESIAN_POINT('',(2.1E-1,3.5E-1,-6.02E-1));
#2364=LINE('',#2363,#2362);
#2365=DIRECTION('',(0.E0,0.E0,1.E0));
#2366=VECTOR('',#2365,1.E-1);
#2367=CARTESIAN_POINT('',(2.1E-1,3.8E-1,-6.02E-1));
#2368=LINE('',#2367,#2366);
#2369=DIRECTION('',(0.E0,0.E0,-1.E0));
#2370=VECTOR('',#2369,2.6E-1);
#2371=CARTESIAN_POINT('',(1.5E-2,1.7E-1,-3.5E-1));
#2372=LINE('',#2371,#2370);
#2373=DIRECTION('',(0.E0,1.E0,0.E0));
#2374=VECTOR('',#2373,1.6E-1);
#2375=CARTESIAN_POINT('',(1.5E-2,1.7E-1,-6.1E-1));
#2376=LINE('',#2375,#2374);
#2377=DIRECTION('',(0.E0,0.E0,1.E0));
#2378=VECTOR('',#2377,2.6E-1);
#2379=CARTESIAN_POINT('',(1.5E-2,3.3E-1,-6.1E-1));
#2380=LINE('',#2379,#2378);
#2381=DIRECTION('',(0.E0,0.E0,-1.E0));
#2382=VECTOR('',#2381,2.6E-1);
#2383=CARTESIAN_POINT('',(1.35E-1,1.7E-1,-3.5E-1));
#2384=LINE('',#2383,#2382);
#2385=DIRECTION('',(0.E0,0.E0,1.E0));
#2386=VECTOR('',#2385,2.6E-1);
#2387=CARTESIAN_POINT('',(1.35E-1,3.3E-1,-6.1E-1));
#2388=LINE('',#2387,#2386);
#2389=DIRECTION('',(0.E0,1.E0,0.E0));
#2390=VECTOR('',#2389,1.6E-1);
#2391=CARTESIAN_POINT('',(1.35E-1,1.7E-1,-6.1E-1));
#2392=LINE('',#2391,#2390);
#2393=DIRECTION('',(1.E0,0.E0,0.E0));
#2394=VECTOR('',#2393,1.2E-1);
#2395=CARTESIAN_POINT('',(1.5E-2,3.3E-1,-6.1E-1));
#2396=LINE('',#2395,#2394);
#2397=DIRECTION('',(0.E0,0.E0,-1.E0));
#2398=VECTOR('',#2397,1.E-1);
#2399=CARTESIAN_POINT('',(6.4E-2,3.3E-1,-5.02E-1));
#2400=LINE('',#2399,#2398);
#2401=DIRECTION('',(1.E0,0.E0,0.E0));
#2402=VECTOR('',#2401,2.2E-2);
#2403=CARTESIAN_POINT('',(6.4E-2,3.3E-1,-5.02E-1));
#2404=LINE('',#2403,#2402);
#2405=DIRECTION('',(0.E0,0.E0,-1.E0));
#2406=VECTOR('',#2405,1.E-1);
#2407=CARTESIAN_POINT('',(8.6E-2,3.3E-1,-5.02E-1));
#2408=LINE('',#2407,#2406);
#2409=DIRECTION('',(1.E0,0.E0,0.E0));
#2410=VECTOR('',#2409,2.2E-2);
#2411=CARTESIAN_POINT('',(6.4E-2,3.3E-1,-6.02E-1));
#2412=LINE('',#2411,#2410);
#2413=DIRECTION('',(1.E0,0.E0,0.E0));
#2414=VECTOR('',#2413,1.2E-1);
#2415=CARTESIAN_POINT('',(1.5E-2,1.7E-1,-6.1E-1));
#2416=LINE('',#2415,#2414);
#2417=CARTESIAN_POINT('',(7.5E-2,2.5E-1,-6.1E-1));
#2418=DIRECTION('',(0.E0,0.E0,-1.E0));
#2419=DIRECTION('',(0.E0,1.E0,0.E0));
#2420=AXIS2_PLACEMENT_3D('',#2417,#2418,#2419);
#2422=CARTESIAN_POINT('',(7.5E-2,2.5E-1,-6.1E-1));
#2423=DIRECTION('',(0.E0,0.E0,-1.E0));
#2424=DIRECTION('',(0.E0,-1.E0,0.E0));
#2425=AXIS2_PLACEMENT_3D('',#2422,#2423,#2424);
#2427=DIRECTION('',(0.E0,0.E0,-1.E0));
#2428=VECTOR('',#2427,3.25E-2);
#2429=CARTESIAN_POINT('',(7.5E-2,2.8E-1,-5.775E-1));
#2430=LINE('',#2429,#2428);
#2431=DIRECTION('',(0.E0,0.E0,-1.E0));
#2432=VECTOR('',#2431,3.25E-2);
#2433=CARTESIAN_POINT('',(7.5E-2,2.2E-1,-5.775E-1));
#2434=LINE('',#2433,#2432);
#2435=DIRECTION('',(0.E0,7.071067811865E-1,-7.071067811866E-1));
#2436=VECTOR('',#2435,1.060660171780E-2);
#2437=CARTESIAN_POINT('',(7.5E-2,2.725E-1,-5.7E-1));
#2438=LINE('',#2437,#2436);
#2439=CARTESIAN_POINT('',(7.5E-2,2.5E-1,-5.775E-1));
#2440=DIRECTION('',(0.E0,0.E0,-1.E0));
#2441=DIRECTION('',(0.E0,-1.E0,0.E0));
#2442=AXIS2_PLACEMENT_3D('',#2439,#2440,#2441);
#2444=DIRECTION('',(0.E0,-7.071067811865E-1,-7.071067811866E-1));
#2445=VECTOR('',#2444,1.060660171780E-2);
#2446=CARTESIAN_POINT('',(7.5E-2,2.275E-1,-5.7E-1));
#2447=LINE('',#2446,#2445);
#2448=CARTESIAN_POINT('',(7.5E-2,2.5E-1,-5.775E-1));
#2449=DIRECTION('',(0.E0,0.E0,1.E0));
#2450=DIRECTION('',(0.E0,-1.E0,0.E0));
#2451=AXIS2_PLACEMENT_3D('',#2448,#2449,#2450);
#2453=CARTESIAN_POINT('',(7.5E-2,2.5E-1,-5.7E-1));
#2454=DIRECTION('',(0.E0,0.E0,1.E0));
#2455=DIRECTION('',(0.E0,-1.E0,0.E0));
#2456=AXIS2_PLACEMENT_3D('',#2453,#2454,#2455);
#2458=DIRECTION('',(0.E0,0.E0,-1.E0));
#2459=VECTOR('',#2458,1.E-2);
#2460=CARTESIAN_POINT('',(7.5E-2,2.725E-1,-5.6E-1));
#2461=LINE('',#2460,#2459);
#2462=CARTESIAN_POINT('',(7.5E-2,2.5E-1,-5.7E-1));
#2463=DIRECTION('',(0.E0,0.E0,-1.E0));
#2464=DIRECTION('',(0.E0,-1.E0,0.E0));
#2465=AXIS2_PLACEMENT_3D('',#2462,#2463,#2464);
#2467=DIRECTION('',(0.E0,0.E0,-1.E0));
#2468=VECTOR('',#2467,1.E-2);
#2469=CARTESIAN_POINT('',(7.5E-2,2.275E-1,-5.6E-1));
#2470=LINE('',#2469,#2468);
#2471=CARTESIAN_POINT('',(7.5E-2,2.5E-1,-5.6E-1));
#2472=DIRECTION('',(0.E0,0.E0,-1.E0));
#2473=DIRECTION('',(0.E0,-1.E0,0.E0));
#2474=AXIS2_PLACEMENT_3D('',#2471,#2472,#2473);
#2476=CARTESIAN_POINT('',(7.5E-2,2.5E-1,-5.6E-1));
#2477=DIRECTION('',(0.E0,0.E0,1.E0));
#2478=DIRECTION('',(0.E0,-1.E0,0.E0));
#2479=AXIS2_PLACEMENT_3D('',#2476,#2477,#2478);
#2481=DIRECTION('',(0.E0,0.E0,-1.E0));
#2482=VECTOR('',#2481,1.E-1);
#2483=CARTESIAN_POINT('',(6.4E-2,3.5E-1,-5.02E-1));
#2484=LINE('',#2483,#2482);
#2485=DIRECTION('',(0.E0,-1.E0,0.E0));
#2486=VECTOR('',#2485,2.E-2);
#2487=CARTESIAN_POINT('',(6.4E-2,3.5E-1,-5.02E-1));
#2488=LINE('',#2487,#2486);
#2489=DIRECTION('',(0.E0,1.E0,0.E0));
#2490=VECTOR('',#2489,2.E-2);
#2491=CARTESIAN_POINT('',(6.4E-2,3.3E-1,-6.02E-1));
#2492=LINE('',#2491,#2490);
#2493=DIRECTION('',(1.E0,0.E0,0.E0));
#2494=VECTOR('',#2493,4.E-3);
#2495=CARTESIAN_POINT('',(6.E-2,3.5E-1,-5.02E-1));
#2496=LINE('',#2495,#2494);
#2497=DIRECTION('',(1.E0,0.E0,0.E0));
#2498=VECTOR('',#2497,4.E-3);
#2499=CARTESIAN_POINT('',(8.6E-2,3.5E-1,-5.02E-1));
#2500=LINE('',#2499,#2498);
#2501=DIRECTION('',(1.E0,0.E0,0.E0));
#2502=VECTOR('',#2501,3.E-2);
#2503=CARTESIAN_POINT('',(6.E-2,3.8E-1,-6.02E-1));
#2504=LINE('',#2503,#2502);
#2505=DIRECTION('',(-1.E0,0.E0,0.E0));
#2506=VECTOR('',#2505,3.E-2);
#2507=CARTESIAN_POINT('',(9.E-2,3.8E-1,-5.02E-1));
#2508=LINE('',#2507,#2506);
#2509=DIRECTION('',(1.E0,0.E0,0.E0));
#2510=VECTOR('',#2509,4.E-3);
#2511=CARTESIAN_POINT('',(8.6E-2,3.5E-1,-6.02E-1));
#2512=LINE('',#2511,#2510);
#2513=DIRECTION('',(1.E0,0.E0,0.E0));
#2514=VECTOR('',#2513,4.E-3);
#2515=CARTESIAN_POINT('',(6.E-2,3.5E-1,-6.02E-1));
#2516=LINE('',#2515,#2514);
#2517=DIRECTION('',(0.E0,0.E0,-1.E0));
#2518=VECTOR('',#2517,1.E-1);
#2519=CARTESIAN_POINT('',(8.6E-2,3.5E-1,-5.02E-1));
#2520=LINE('',#2519,#2518);
#2521=DIRECTION('',(0.E0,1.E0,0.E0));
#2522=VECTOR('',#2521,2.E-2);
#2523=CARTESIAN_POINT('',(8.6E-2,3.3E-1,-6.02E-1));
#2524=LINE('',#2523,#2522);
#2525=DIRECTION('',(0.E0,-1.E0,0.E0));
#2526=VECTOR('',#2525,2.E-2);
#2527=CARTESIAN_POINT('',(8.6E-2,3.5E-1,-5.02E-1));
#2528=LINE('',#2527,#2526);
#2529=DIRECTION('',(0.E0,-1.E0,0.E0));
#2530=VECTOR('',#2529,3.E-2);
#2531=CARTESIAN_POINT('',(9.E-2,3.8E-1,-5.02E-1));
#2532=LINE('',#2531,#2530);
#2533=DIRECTION('',(0.E0,0.E0,1.E0));
#2534=VECTOR('',#2533,1.E-1);
#2535=CARTESIAN_POINT('',(9.E-2,3.8E-1,-6.02E-1));
#2536=LINE('',#2535,#2534);
#2537=DIRECTION('',(0.E0,1.E0,0.E0));
#2538=VECTOR('',#2537,3.E-2);
#2539=CARTESIAN_POINT('',(9.E-2,3.5E-1,-6.02E-1));
#2540=LINE('',#2539,#2538);
#2541=DIRECTION('',(0.E0,0.E0,-1.E0));
#2542=VECTOR('',#2541,1.E-1);
#2543=CARTESIAN_POINT('',(9.E-2,3.5E-1,-5.02E-1));
#2544=LINE('',#2543,#2542);
#2545=DIRECTION('',(0.E0,-1.E0,0.E0));
#2546=VECTOR('',#2545,3.E-2);
#2547=CARTESIAN_POINT('',(6.E-2,3.8E-1,-5.02E-1));
#2548=LINE('',#2547,#2546);
#2549=DIRECTION('',(0.E0,0.E0,-1.E0));
#2550=VECTOR('',#2549,1.E-1);
#2551=CARTESIAN_POINT('',(6.E-2,3.5E-1,-5.02E-1));
#2552=LINE('',#2551,#2550);
#2553=DIRECTION('',(0.E0,1.E0,0.E0));
#2554=VECTOR('',#2553,3.E-2);
#2555=CARTESIAN_POINT('',(6.E-2,3.5E-1,-6.02E-1));
#2556=LINE('',#2555,#2554);
#2557=DIRECTION('',(0.E0,0.E0,1.E0));
#2558=VECTOR('',#2557,1.E-1);
#2559=CARTESIAN_POINT('',(6.E-2,3.8E-1,-6.02E-1));
#2560=LINE('',#2559,#2558);
#2561=DIRECTION('',(0.E0,0.E0,-1.E0));
#2562=VECTOR('',#2561,2.6E-1);
#2563=CARTESIAN_POINT('',(-1.35E-1,1.7E-1,-3.5E-1));
#2564=LINE('',#2563,#2562);
#2565=DIRECTION('',(0.E0,1.E0,0.E0));
#2566=VECTOR('',#2565,1.6E-1);
#2567=CARTESIAN_POINT('',(-1.35E-1,1.7E-1,-6.1E-1));
#2568=LINE('',#2567,#2566);
#2569=DIRECTION('',(0.E0,0.E0,1.E0));
#2570=VECTOR('',#2569,2.6E-1);
#2571=CARTESIAN_POINT('',(-1.35E-1,3.3E-1,-6.1E-1));
#2572=LINE('',#2571,#2570);
#2573=DIRECTION('',(0.E0,0.E0,-1.E0));
#2574=VECTOR('',#2573,2.6E-1);
#2575=CARTESIAN_POINT('',(-1.5E-2,1.7E-1,-3.5E-1));
#2576=LINE('',#2575,#2574);
#2577=DIRECTION('',(0.E0,0.E0,1.E0));
#2578=VECTOR('',#2577,2.6E-1);
#2579=CARTESIAN_POINT('',(-1.5E-2,3.3E-1,-6.1E-1));
#2580=LINE('',#2579,#2578);
#2581=DIRECTION('',(0.E0,1.E0,0.E0));
#2582=VECTOR('',#2581,1.6E-1);
#2583=CARTESIAN_POINT('',(-1.5E-2,1.7E-1,-6.1E-1));
#2584=LINE('',#2583,#2582);
#2585=DIRECTION('',(1.E0,0.E0,0.E0));
#2586=VECTOR('',#2585,1.2E-1);
#2587=CARTESIAN_POINT('',(-1.35E-1,3.3E-1,-6.1E-1));
#2588=LINE('',#2587,#2586);
#2589=DIRECTION('',(0.E0,0.E0,-1.E0));
#2590=VECTOR('',#2589,1.E-1);
#2591=CARTESIAN_POINT('',(-8.6E-2,3.3E-1,-5.02E-1));
#2592=LINE('',#2591,#2590);
#2593=DIRECTION('',(1.E0,0.E0,0.E0));
#2594=VECTOR('',#2593,2.2E-2);
#2595=CARTESIAN_POINT('',(-8.6E-2,3.3E-1,-5.02E-1));
#2596=LINE('',#2595,#2594);
#2597=DIRECTION('',(0.E0,0.E0,-1.E0));
#2598=VECTOR('',#2597,1.E-1);
#2599=CARTESIAN_POINT('',(-6.4E-2,3.3E-1,-5.02E-1));
#2600=LINE('',#2599,#2598);
#2601=DIRECTION('',(1.E0,0.E0,0.E0));
#2602=VECTOR('',#2601,2.2E-2);
#2603=CARTESIAN_POINT('',(-8.6E-2,3.3E-1,-6.02E-1));
#2604=LINE('',#2603,#2602);
#2605=DIRECTION('',(1.E0,0.E0,0.E0));
#2606=VECTOR('',#2605,1.2E-1);
#2607=CARTESIAN_POINT('',(-1.35E-1,1.7E-1,-6.1E-1));
#2608=LINE('',#2607,#2606);
#2609=CARTESIAN_POINT('',(-7.5E-2,2.5E-1,-6.1E-1));
#2610=DIRECTION('',(0.E0,0.E0,-1.E0));
#2611=DIRECTION('',(0.E0,1.E0,0.E0));
#2612=AXIS2_PLACEMENT_3D('',#2609,#2610,#2611);
#2614=CARTESIAN_POINT('',(-7.5E-2,2.5E-1,-6.1E-1));
#2615=DIRECTION('',(0.E0,0.E0,-1.E0));
#2616=DIRECTION('',(0.E0,-1.E0,0.E0));
#2617=AXIS2_PLACEMENT_3D('',#2614,#2615,#2616);
#2619=DIRECTION('',(0.E0,0.E0,-1.E0));
#2620=VECTOR('',#2619,3.25E-2);
#2621=CARTESIAN_POINT('',(-7.5E-2,2.8E-1,-5.775E-1));
#2622=LINE('',#2621,#2620);
#2623=DIRECTION('',(0.E0,0.E0,-1.E0));
#2624=VECTOR('',#2623,3.25E-2);
#2625=CARTESIAN_POINT('',(-7.5E-2,2.2E-1,-5.775E-1));
#2626=LINE('',#2625,#2624);
#2627=DIRECTION('',(0.E0,7.071067811865E-1,-7.071067811866E-1));
#2628=VECTOR('',#2627,1.060660171780E-2);
#2629=CARTESIAN_POINT('',(-7.5E-2,2.725E-1,-5.7E-1));
#2630=LINE('',#2629,#2628);
#2631=CARTESIAN_POINT('',(-7.5E-2,2.5E-1,-5.775E-1));
#2632=DIRECTION('',(0.E0,0.E0,-1.E0));
#2633=DIRECTION('',(0.E0,-1.E0,0.E0));
#2634=AXIS2_PLACEMENT_3D('',#2631,#2632,#2633);
#2636=DIRECTION('',(0.E0,-7.071067811865E-1,-7.071067811866E-1));
#2637=VECTOR('',#2636,1.060660171780E-2);
#2638=CARTESIAN_POINT('',(-7.5E-2,2.275E-1,-5.7E-1));
#2639=LINE('',#2638,#2637);
#2640=CARTESIAN_POINT('',(-7.5E-2,2.5E-1,-5.775E-1));
#2641=DIRECTION('',(0.E0,0.E0,1.E0));
#2642=DIRECTION('',(0.E0,-1.E0,0.E0));
#2643=AXIS2_PLACEMENT_3D('',#2640,#2641,#2642);
#2645=CARTESIAN_POINT('',(-7.5E-2,2.5E-1,-5.7E-1));
#2646=DIRECTION('',(0.E0,0.E0,1.E0));
#2647=DIRECTION('',(0.E0,-1.E0,0.E0));
#2648=AXIS2_PLACEMENT_3D('',#2645,#2646,#2647);
#2650=DIRECTION('',(0.E0,0.E0,-1.E0));
#2651=VECTOR('',#2650,1.E-2);
#2652=CARTESIAN_POINT('',(-7.5E-2,2.725E-1,-5.6E-1));
#2653=LINE('',#2652,#2651);
#2654=CARTESIAN_POINT('',(-7.5E-2,2.5E-1,-5.7E-1));
#2655=DIRECTION('',(0.E0,0.E0,-1.E0));
#2656=DIRECTION('',(0.E0,-1.E0,0.E0));
#2657=AXIS2_PLACEMENT_3D('',#2654,#2655,#2656);
#2659=DIRECTION('',(0.E0,0.E0,-1.E0));
#2660=VECTOR('',#2659,1.E-2);
#2661=CARTESIAN_POINT('',(-7.5E-2,2.275E-1,-5.6E-1));
#2662=LINE('',#2661,#2660);
#2663=CARTESIAN_POINT('',(-7.5E-2,2.5E-1,-5.6E-1));
#2664=DIRECTION('',(0.E0,0.E0,-1.E0));
#2665=DIRECTION('',(0.E0,-1.E0,0.E0));
#2666=AXIS2_PLACEMENT_3D('',#2663,#2664,#2665);
#2668=CARTESIAN_POINT('',(-7.5E-2,2.5E-1,-5.6E-1));
#2669=DIRECTION('',(0.E0,0.E0,1.E0));
#2670=DIRECTION('',(0.E0,-1.E0,0.E0));
#2671=AXIS2_PLACEMENT_3D('',#2668,#2669,#2670);
#2673=DIRECTION('',(0.E0,0.E0,-1.E0));
#2674=VECTOR('',#2673,1.E-1);
#2675=CARTESIAN_POINT('',(-8.6E-2,3.5E-1,-5.02E-1));
#2676=LINE('',#2675,#2674);
#2677=DIRECTION('',(0.E0,-1.E0,0.E0));
#2678=VECTOR('',#2677,2.E-2);
#2679=CARTESIAN_POINT('',(-8.6E-2,3.5E-1,-5.02E-1));
#2680=LINE('',#2679,#2678);
#2681=DIRECTION('',(0.E0,1.E0,0.E0));
#2682=VECTOR('',#2681,2.E-2);
#2683=CARTESIAN_POINT('',(-8.6E-2,3.3E-1,-6.02E-1));
#2684=LINE('',#2683,#2682);
#2685=DIRECTION('',(1.E0,0.E0,0.E0));
#2686=VECTOR('',#2685,4.E-3);
#2687=CARTESIAN_POINT('',(-9.E-2,3.5E-1,-5.02E-1));
#2688=LINE('',#2687,#2686);
#2689=DIRECTION('',(1.E0,0.E0,0.E0));
#2690=VECTOR('',#2689,4.E-3);
#2691=CARTESIAN_POINT('',(-6.4E-2,3.5E-1,-5.02E-1));
#2692=LINE('',#2691,#2690);
#2693=DIRECTION('',(1.E0,0.E0,0.E0));
#2694=VECTOR('',#2693,3.E-2);
#2695=CARTESIAN_POINT('',(-9.E-2,3.8E-1,-6.02E-1));
#2696=LINE('',#2695,#2694);
#2697=DIRECTION('',(-1.E0,0.E0,0.E0));
#2698=VECTOR('',#2697,3.E-2);
#2699=CARTESIAN_POINT('',(-6.E-2,3.8E-1,-5.02E-1));
#2700=LINE('',#2699,#2698);
#2701=DIRECTION('',(1.E0,0.E0,0.E0));
#2702=VECTOR('',#2701,4.E-3);
#2703=CARTESIAN_POINT('',(-6.4E-2,3.5E-1,-6.02E-1));
#2704=LINE('',#2703,#2702);
#2705=DIRECTION('',(1.E0,0.E0,0.E0));
#2706=VECTOR('',#2705,4.E-3);
#2707=CARTESIAN_POINT('',(-9.E-2,3.5E-1,-6.02E-1));
#2708=LINE('',#2707,#2706);
#2709=DIRECTION('',(0.E0,0.E0,-1.E0));
#2710=VECTOR('',#2709,1.E-1);
#2711=CARTESIAN_POINT('',(-6.4E-2,3.5E-1,-5.02E-1));
#2712=LINE('',#2711,#2710);
#2713=DIRECTION('',(0.E0,1.E0,0.E0));
#2714=VECTOR('',#2713,2.E-2);
#2715=CARTESIAN_POINT('',(-6.4E-2,3.3E-1,-6.02E-1));
#2716=LINE('',#2715,#2714);
#2717=DIRECTION('',(0.E0,-1.E0,0.E0));
#2718=VECTOR('',#2717,2.E-2);
#2719=CARTESIAN_POINT('',(-6.4E-2,3.5E-1,-5.02E-1));
#2720=LINE('',#2719,#2718);
#2721=DIRECTION('',(0.E0,-1.E0,0.E0));
#2722=VECTOR('',#2721,3.E-2);
#2723=CARTESIAN_POINT('',(-6.E-2,3.8E-1,-5.02E-1));
#2724=LINE('',#2723,#2722);
#2725=DIRECTION('',(0.E0,0.E0,1.E0));
#2726=VECTOR('',#2725,1.E-1);
#2727=CARTESIAN_POINT('',(-6.E-2,3.8E-1,-6.02E-1));
#2728=LINE('',#2727,#2726);
#2729=DIRECTION('',(0.E0,1.E0,0.E0));
#2730=VECTOR('',#2729,3.E-2);
#2731=CARTESIAN_POINT('',(-6.E-2,3.5E-1,-6.02E-1));
#2732=LINE('',#2731,#2730);
#2733=DIRECTION('',(0.E0,0.E0,-1.E0));
#2734=VECTOR('',#2733,1.E-1);
#2735=CARTESIAN_POINT('',(-6.E-2,3.5E-1,-5.02E-1));
#2736=LINE('',#2735,#2734);
#2737=DIRECTION('',(0.E0,-1.E0,0.E0));
#2738=VECTOR('',#2737,3.E-2);
#2739=CARTESIAN_POINT('',(-9.E-2,3.8E-1,-5.02E-1));
#2740=LINE('',#2739,#2738);
#2741=DIRECTION('',(0.E0,0.E0,-1.E0));
#2742=VECTOR('',#2741,1.E-1);
#2743=CARTESIAN_POINT('',(-9.E-2,3.5E-1,-5.02E-1));
#2744=LINE('',#2743,#2742);
#2745=DIRECTION('',(0.E0,1.E0,0.E0));
#2746=VECTOR('',#2745,3.E-2);
#2747=CARTESIAN_POINT('',(-9.E-2,3.5E-1,-6.02E-1));
#2748=LINE('',#2747,#2746);
#2749=DIRECTION('',(0.E0,0.E0,1.E0));
#2750=VECTOR('',#2749,1.E-1);
#2751=CARTESIAN_POINT('',(-9.E-2,3.8E-1,-6.02E-1));
#2752=LINE('',#2751,#2750);
#2753=DIRECTION('',(0.E0,0.E0,-1.E0));
#2754=VECTOR('',#2753,2.6E-1);
#2755=CARTESIAN_POINT('',(-2.85E-1,1.7E-1,-3.5E-1));
#2756=LINE('',#2755,#2754);
#2757=DIRECTION('',(0.E0,1.E0,0.E0));
#2758=VECTOR('',#2757,1.6E-1);
#2759=CARTESIAN_POINT('',(-2.85E-1,1.7E-1,-6.1E-1));
#2760=LINE('',#2759,#2758);
#2761=DIRECTION('',(0.E0,0.E0,1.E0));
#2762=VECTOR('',#2761,2.6E-1);
#2763=CARTESIAN_POINT('',(-2.85E-1,3.3E-1,-6.1E-1));
#2764=LINE('',#2763,#2762);
#2765=DIRECTION('',(0.E0,0.E0,-1.E0));
#2766=VECTOR('',#2765,2.6E-1);
#2767=CARTESIAN_POINT('',(-1.65E-1,1.7E-1,-3.5E-1));
#2768=LINE('',#2767,#2766);
#2769=DIRECTION('',(0.E0,0.E0,1.E0));
#2770=VECTOR('',#2769,2.6E-1);
#2771=CARTESIAN_POINT('',(-1.65E-1,3.3E-1,-6.1E-1));
#2772=LINE('',#2771,#2770);
#2773=DIRECTION('',(0.E0,1.E0,0.E0));
#2774=VECTOR('',#2773,1.6E-1);
#2775=CARTESIAN_POINT('',(-1.65E-1,1.7E-1,-6.1E-1));
#2776=LINE('',#2775,#2774);
#2777=DIRECTION('',(1.E0,0.E0,0.E0));
#2778=VECTOR('',#2777,1.2E-1);
#2779=CARTESIAN_POINT('',(-2.85E-1,3.3E-1,-6.1E-1));
#2780=LINE('',#2779,#2778);
#2781=DIRECTION('',(0.E0,0.E0,-1.E0));
#2782=VECTOR('',#2781,1.E-1);
#2783=CARTESIAN_POINT('',(-2.36E-1,3.3E-1,-5.02E-1));
#2784=LINE('',#2783,#2782);
#2785=DIRECTION('',(1.E0,0.E0,0.E0));
#2786=VECTOR('',#2785,2.2E-2);
#2787=CARTESIAN_POINT('',(-2.36E-1,3.3E-1,-5.02E-1));
#2788=LINE('',#2787,#2786);
#2789=DIRECTION('',(0.E0,0.E0,-1.E0));
#2790=VECTOR('',#2789,1.E-1);
#2791=CARTESIAN_POINT('',(-2.14E-1,3.3E-1,-5.02E-1));
#2792=LINE('',#2791,#2790);
#2793=DIRECTION('',(1.E0,0.E0,0.E0));
#2794=VECTOR('',#2793,2.2E-2);
#2795=CARTESIAN_POINT('',(-2.36E-1,3.3E-1,-6.02E-1));
#2796=LINE('',#2795,#2794);
#2797=DIRECTION('',(1.E0,0.E0,0.E0));
#2798=VECTOR('',#2797,1.2E-1);
#2799=CARTESIAN_POINT('',(-2.85E-1,1.7E-1,-6.1E-1));
#2800=LINE('',#2799,#2798);
#2801=CARTESIAN_POINT('',(-2.25E-1,2.5E-1,-6.1E-1));
#2802=DIRECTION('',(0.E0,0.E0,-1.E0));
#2803=DIRECTION('',(0.E0,1.E0,0.E0));
#2804=AXIS2_PLACEMENT_3D('',#2801,#2802,#2803);
#2806=CARTESIAN_POINT('',(-2.25E-1,2.5E-1,-6.1E-1));
#2807=DIRECTION('',(0.E0,0.E0,-1.E0));
#2808=DIRECTION('',(0.E0,-1.E0,0.E0));
#2809=AXIS2_PLACEMENT_3D('',#2806,#2807,#2808);
#2811=DIRECTION('',(0.E0,0.E0,-1.E0));
#2812=VECTOR('',#2811,3.25E-2);
#2813=CARTESIAN_POINT('',(-2.25E-1,2.8E-1,-5.775E-1));
#2814=LINE('',#2813,#2812);
#2815=DIRECTION('',(0.E0,0.E0,-1.E0));
#2816=VECTOR('',#2815,3.25E-2);
#2817=CARTESIAN_POINT('',(-2.25E-1,2.2E-1,-5.775E-1));
#2818=LINE('',#2817,#2816);
#2819=DIRECTION('',(0.E0,7.071067811865E-1,-7.071067811866E-1));
#2820=VECTOR('',#2819,1.060660171780E-2);
#2821=CARTESIAN_POINT('',(-2.25E-1,2.725E-1,-5.7E-1));
#2822=LINE('',#2821,#2820);
#2823=CARTESIAN_POINT('',(-2.25E-1,2.5E-1,-5.775E-1));
#2824=DIRECTION('',(0.E0,0.E0,-1.E0));
#2825=DIRECTION('',(0.E0,-1.E0,0.E0));
#2826=AXIS2_PLACEMENT_3D('',#2823,#2824,#2825);
#2828=DIRECTION('',(0.E0,-7.071067811865E-1,-7.071067811866E-1));
#2829=VECTOR('',#2828,1.060660171780E-2);
#2830=CARTESIAN_POINT('',(-2.25E-1,2.275E-1,-5.7E-1));
#2831=LINE('',#2830,#2829);
#2832=CARTESIAN_POINT('',(-2.25E-1,2.5E-1,-5.775E-1));
#2833=DIRECTION('',(0.E0,0.E0,1.E0));
#2834=DIRECTION('',(0.E0,-1.E0,0.E0));
#2835=AXIS2_PLACEMENT_3D('',#2832,#2833,#2834);
#2837=CARTESIAN_POINT('',(-2.25E-1,2.5E-1,-5.7E-1));
#2838=DIRECTION('',(0.E0,0.E0,1.E0));
#2839=DIRECTION('',(0.E0,-1.E0,0.E0));
#2840=AXIS2_PLACEMENT_3D('',#2837,#2838,#2839);
#2842=DIRECTION('',(0.E0,0.E0,-1.E0));
#2843=VECTOR('',#2842,1.E-2);
#2844=CARTESIAN_POINT('',(-2.25E-1,2.725E-1,-5.6E-1));
#2845=LINE('',#2844,#2843);
#2846=CARTESIAN_POINT('',(-2.25E-1,2.5E-1,-5.7E-1));
#2847=DIRECTION('',(0.E0,0.E0,-1.E0));
#2848=DIRECTION('',(0.E0,-1.E0,0.E0));
#2849=AXIS2_PLACEMENT_3D('',#2846,#2847,#2848);
#2851=DIRECTION('',(0.E0,0.E0,-1.E0));
#2852=VECTOR('',#2851,1.E-2);
#2853=CARTESIAN_POINT('',(-2.25E-1,2.275E-1,-5.6E-1));
#2854=LINE('',#2853,#2852);
#2855=CARTESIAN_POINT('',(-2.25E-1,2.5E-1,-5.6E-1));
#2856=DIRECTION('',(0.E0,0.E0,-1.E0));
#2857=DIRECTION('',(0.E0,-1.E0,0.E0));
#2858=AXIS2_PLACEMENT_3D('',#2855,#2856,#2857);
#2860=CARTESIAN_POINT('',(-2.25E-1,2.5E-1,-5.6E-1));
#2861=DIRECTION('',(0.E0,0.E0,1.E0));
#2862=DIRECTION('',(0.E0,-1.E0,0.E0));
#2863=AXIS2_PLACEMENT_3D('',#2860,#2861,#2862);
#2865=DIRECTION('',(0.E0,0.E0,-1.E0));
#2866=VECTOR('',#2865,1.E-1);
#2867=CARTESIAN_POINT('',(-2.36E-1,3.5E-1,-5.02E-1));
#2868=LINE('',#2867,#2866);
#2869=DIRECTION('',(0.E0,-1.E0,0.E0));
#2870=VECTOR('',#2869,2.E-2);
#2871=CARTESIAN_POINT('',(-2.36E-1,3.5E-1,-5.02E-1));
#2872=LINE('',#2871,#2870);
#2873=DIRECTION('',(0.E0,1.E0,0.E0));
#2874=VECTOR('',#2873,2.E-2);
#2875=CARTESIAN_POINT('',(-2.36E-1,3.3E-1,-6.02E-1));
#2876=LINE('',#2875,#2874);
#2877=DIRECTION('',(1.E0,0.E0,0.E0));
#2878=VECTOR('',#2877,4.E-3);
#2879=CARTESIAN_POINT('',(-2.4E-1,3.5E-1,-5.02E-1));
#2880=LINE('',#2879,#2878);
#2881=DIRECTION('',(1.E0,0.E0,0.E0));
#2882=VECTOR('',#2881,4.E-3);
#2883=CARTESIAN_POINT('',(-2.14E-1,3.5E-1,-5.02E-1));
#2884=LINE('',#2883,#2882);
#2885=DIRECTION('',(1.E0,0.E0,0.E0));
#2886=VECTOR('',#2885,3.E-2);
#2887=CARTESIAN_POINT('',(-2.4E-1,3.8E-1,-6.02E-1));
#2888=LINE('',#2887,#2886);
#2889=DIRECTION('',(-1.E0,0.E0,0.E0));
#2890=VECTOR('',#2889,3.E-2);
#2891=CARTESIAN_POINT('',(-2.1E-1,3.8E-1,-5.02E-1));
#2892=LINE('',#2891,#2890);
#2893=DIRECTION('',(1.E0,0.E0,0.E0));
#2894=VECTOR('',#2893,4.E-3);
#2895=CARTESIAN_POINT('',(-2.14E-1,3.5E-1,-6.02E-1));
#2896=LINE('',#2895,#2894);
#2897=DIRECTION('',(1.E0,0.E0,0.E0));
#2898=VECTOR('',#2897,4.E-3);
#2899=CARTESIAN_POINT('',(-2.4E-1,3.5E-1,-6.02E-1));
#2900=LINE('',#2899,#2898);
#2901=DIRECTION('',(0.E0,0.E0,-1.E0));
#2902=VECTOR('',#2901,1.E-1);
#2903=CARTESIAN_POINT('',(-2.14E-1,3.5E-1,-5.02E-1));
#2904=LINE('',#2903,#2902);
#2905=DIRECTION('',(0.E0,1.E0,0.E0));
#2906=VECTOR('',#2905,2.E-2);
#2907=CARTESIAN_POINT('',(-2.14E-1,3.3E-1,-6.02E-1));
#2908=LINE('',#2907,#2906);
#2909=DIRECTION('',(0.E0,-1.E0,0.E0));
#2910=VECTOR('',#2909,2.E-2);
#2911=CARTESIAN_POINT('',(-2.14E-1,3.5E-1,-5.02E-1));
#2912=LINE('',#2911,#2910);
#2913=DIRECTION('',(0.E0,-1.E0,0.E0));
#2914=VECTOR('',#2913,3.E-2);
#2915=CARTESIAN_POINT('',(-2.1E-1,3.8E-1,-5.02E-1));
#2916=LINE('',#2915,#2914);
#2917=DIRECTION('',(0.E0,0.E0,1.E0));
#2918=VECTOR('',#2917,1.E-1);
#2919=CARTESIAN_POINT('',(-2.1E-1,3.8E-1,-6.02E-1));
#2920=LINE('',#2919,#2918);
#2921=DIRECTION('',(0.E0,1.E0,0.E0));
#2922=VECTOR('',#2921,3.E-2);
#2923=CARTESIAN_POINT('',(-2.1E-1,3.5E-1,-6.02E-1));
#2924=LINE('',#2923,#2922);
#2925=DIRECTION('',(0.E0,0.E0,-1.E0));
#2926=VECTOR('',#2925,1.E-1);
#2927=CARTESIAN_POINT('',(-2.1E-1,3.5E-1,-5.02E-1));
#2928=LINE('',#2927,#2926);
#2929=DIRECTION('',(0.E0,-1.E0,0.E0));
#2930=VECTOR('',#2929,3.E-2);
#2931=CARTESIAN_POINT('',(-2.4E-1,3.8E-1,-5.02E-1));
#2932=LINE('',#2931,#2930);
#2933=DIRECTION('',(0.E0,0.E0,-1.E0));
#2934=VECTOR('',#2933,1.E-1);
#2935=CARTESIAN_POINT('',(-2.4E-1,3.5E-1,-5.02E-1));
#2936=LINE('',#2935,#2934);
#2937=DIRECTION('',(0.E0,1.E0,0.E0));
#2938=VECTOR('',#2937,3.E-2);
#2939=CARTESIAN_POINT('',(-2.4E-1,3.5E-1,-6.02E-1));
#2940=LINE('',#2939,#2938);
#2941=DIRECTION('',(0.E0,0.E0,1.E0));
#2942=VECTOR('',#2941,1.E-1);
#2943=CARTESIAN_POINT('',(-2.4E-1,3.8E-1,-6.02E-1));
#2944=LINE('',#2943,#2942);
#2945=DIRECTION('',(0.E0,0.E0,-1.E0));
#2946=VECTOR('',#2945,2.6E-1);
#2947=CARTESIAN_POINT('',(-4.35E-1,1.7E-1,-3.5E-1));
#2948=LINE('',#2947,#2946);
#2949=DIRECTION('',(0.E0,1.E0,0.E0));
#2950=VECTOR('',#2949,1.6E-1);
#2951=CARTESIAN_POINT('',(-4.35E-1,1.7E-1,-6.1E-1));
#2952=LINE('',#2951,#2950);
#2953=DIRECTION('',(0.E0,0.E0,1.E0));
#2954=VECTOR('',#2953,2.6E-1);
#2955=CARTESIAN_POINT('',(-4.35E-1,3.3E-1,-6.1E-1));
#2956=LINE('',#2955,#2954);
#2957=DIRECTION('',(0.E0,0.E0,-1.E0));
#2958=VECTOR('',#2957,2.6E-1);
#2959=CARTESIAN_POINT('',(-3.15E-1,1.7E-1,-3.5E-1));
#2960=LINE('',#2959,#2958);
#2961=DIRECTION('',(0.E0,0.E0,1.E0));
#2962=VECTOR('',#2961,2.6E-1);
#2963=CARTESIAN_POINT('',(-3.15E-1,3.3E-1,-6.1E-1));
#2964=LINE('',#2963,#2962);
#2965=DIRECTION('',(0.E0,1.E0,0.E0));
#2966=VECTOR('',#2965,1.6E-1);
#2967=CARTESIAN_POINT('',(-3.15E-1,1.7E-1,-6.1E-1));
#2968=LINE('',#2967,#2966);
#2969=DIRECTION('',(1.E0,0.E0,0.E0));
#2970=VECTOR('',#2969,1.2E-1);
#2971=CARTESIAN_POINT('',(-4.35E-1,3.3E-1,-6.1E-1));
#2972=LINE('',#2971,#2970);
#2973=DIRECTION('',(0.E0,0.E0,-1.E0));
#2974=VECTOR('',#2973,1.E-1);
#2975=CARTESIAN_POINT('',(-3.86E-1,3.3E-1,-5.02E-1));
#2976=LINE('',#2975,#2974);
#2977=DIRECTION('',(1.E0,0.E0,0.E0));
#2978=VECTOR('',#2977,2.2E-2);
#2979=CARTESIAN_POINT('',(-3.86E-1,3.3E-1,-5.02E-1));
#2980=LINE('',#2979,#2978);
#2981=DIRECTION('',(0.E0,0.E0,-1.E0));
#2982=VECTOR('',#2981,1.E-1);
#2983=CARTESIAN_POINT('',(-3.64E-1,3.3E-1,-5.02E-1));
#2984=LINE('',#2983,#2982);
#2985=DIRECTION('',(1.E0,0.E0,0.E0));
#2986=VECTOR('',#2985,2.2E-2);
#2987=CARTESIAN_POINT('',(-3.86E-1,3.3E-1,-6.02E-1));
#2988=LINE('',#2987,#2986);
#2989=DIRECTION('',(1.E0,0.E0,0.E0));
#2990=VECTOR('',#2989,1.2E-1);
#2991=CARTESIAN_POINT('',(-4.35E-1,1.7E-1,-6.1E-1));
#2992=LINE('',#2991,#2990);
#2993=CARTESIAN_POINT('',(-3.75E-1,2.5E-1,-6.1E-1));
#2994=DIRECTION('',(0.E0,0.E0,-1.E0));
#2995=DIRECTION('',(0.E0,1.E0,0.E0));
#2996=AXIS2_PLACEMENT_3D('',#2993,#2994,#2995);
#2998=CARTESIAN_POINT('',(-3.75E-1,2.5E-1,-6.1E-1));
#2999=DIRECTION('',(0.E0,0.E0,-1.E0));
#3000=DIRECTION('',(0.E0,-1.E0,0.E0));
#3001=AXIS2_PLACEMENT_3D('',#2998,#2999,#3000);
#3003=DIRECTION('',(0.E0,0.E0,-1.E0));
#3004=VECTOR('',#3003,3.25E-2);
#3005=CARTESIAN_POINT('',(-3.75E-1,2.8E-1,-5.775E-1));
#3006=LINE('',#3005,#3004);
#3007=DIRECTION('',(0.E0,0.E0,-1.E0));
#3008=VECTOR('',#3007,3.25E-2);
#3009=CARTESIAN_POINT('',(-3.75E-1,2.2E-1,-5.775E-1));
#3010=LINE('',#3009,#3008);
#3011=DIRECTION('',(0.E0,7.071067811865E-1,-7.071067811866E-1));
#3012=VECTOR('',#3011,1.060660171780E-2);
#3013=CARTESIAN_POINT('',(-3.75E-1,2.725E-1,-5.7E-1));
#3014=LINE('',#3013,#3012);
#3015=CARTESIAN_POINT('',(-3.75E-1,2.5E-1,-5.775E-1));
#3016=DIRECTION('',(0.E0,0.E0,-1.E0));
#3017=DIRECTION('',(0.E0,-1.E0,0.E0));
#3018=AXIS2_PLACEMENT_3D('',#3015,#3016,#3017);
#3020=DIRECTION('',(0.E0,-7.071067811865E-1,-7.071067811866E-1));
#3021=VECTOR('',#3020,1.060660171780E-2);
#3022=CARTESIAN_POINT('',(-3.75E-1,2.275E-1,-5.7E-1));
#3023=LINE('',#3022,#3021);
#3024=CARTESIAN_POINT('',(-3.75E-1,2.5E-1,-5.775E-1));
#3025=DIRECTION('',(0.E0,0.E0,1.E0));
#3026=DIRECTION('',(0.E0,-1.E0,0.E0));
#3027=AXIS2_PLACEMENT_3D('',#3024,#3025,#3026);
#3029=CARTESIAN_POINT('',(-3.75E-1,2.5E-1,-5.7E-1));
#3030=DIRECTION('',(0.E0,0.E0,1.E0));
#3031=DIRECTION('',(0.E0,-1.E0,0.E0));
#3032=AXIS2_PLACEMENT_3D('',#3029,#3030,#3031);
#3034=DIRECTION('',(0.E0,0.E0,-1.E0));
#3035=VECTOR('',#3034,1.E-2);
#3036=CARTESIAN_POINT('',(-3.75E-1,2.725E-1,-5.6E-1));
#3037=LINE('',#3036,#3035);
#3038=CARTESIAN_POINT('',(-3.75E-1,2.5E-1,-5.7E-1));
#3039=DIRECTION('',(0.E0,0.E0,-1.E0));
#3040=DIRECTION('',(0.E0,-1.E0,0.E0));
#3041=AXIS2_PLACEMENT_3D('',#3038,#3039,#3040);
#3043=DIRECTION('',(0.E0,0.E0,-1.E0));
#3044=VECTOR('',#3043,1.E-2);
#3045=CARTESIAN_POINT('',(-3.75E-1,2.275E-1,-5.6E-1));
#3046=LINE('',#3045,#3044);
#3047=CARTESIAN_POINT('',(-3.75E-1,2.5E-1,-5.6E-1));
#3048=DIRECTION('',(0.E0,0.E0,-1.E0));
#3049=DIRECTION('',(0.E0,-1.E0,0.E0));
#3050=AXIS2_PLACEMENT_3D('',#3047,#3048,#3049);
#3052=CARTESIAN_POINT('',(-3.75E-1,2.5E-1,-5.6E-1));
#3053=DIRECTION('',(0.E0,0.E0,1.E0));
#3054=DIRECTION('',(0.E0,-1.E0,0.E0));
#3055=AXIS2_PLACEMENT_3D('',#3052,#3053,#3054);
#3057=DIRECTION('',(0.E0,0.E0,-1.E0));
#3058=VECTOR('',#3057,1.E-1);
#3059=CARTESIAN_POINT('',(-3.86E-1,3.5E-1,-5.02E-1));
#3060=LINE('',#3059,#3058);
#3061=DIRECTION('',(0.E0,-1.E0,0.E0));
#3062=VECTOR('',#3061,2.E-2);
#3063=CARTESIAN_POINT('',(-3.86E-1,3.5E-1,-5.02E-1));
#3064=LINE('',#3063,#3062);
#3065=DIRECTION('',(0.E0,1.E0,0.E0));
#3066=VECTOR('',#3065,2.E-2);
#3067=CARTESIAN_POINT('',(-3.86E-1,3.3E-1,-6.02E-1));
#3068=LINE('',#3067,#3066);
#3069=DIRECTION('',(1.E0,0.E0,0.E0));
#3070=VECTOR('',#3069,4.E-3);
#3071=CARTESIAN_POINT('',(-3.9E-1,3.5E-1,-5.02E-1));
#3072=LINE('',#3071,#3070);
#3073=DIRECTION('',(1.E0,0.E0,0.E0));
#3074=VECTOR('',#3073,4.E-3);
#3075=CARTESIAN_POINT('',(-3.64E-1,3.5E-1,-5.02E-1));
#3076=LINE('',#3075,#3074);
#3077=DIRECTION('',(1.E0,0.E0,0.E0));
#3078=VECTOR('',#3077,3.E-2);
#3079=CARTESIAN_POINT('',(-3.9E-1,3.8E-1,-6.02E-1));
#3080=LINE('',#3079,#3078);
#3081=DIRECTION('',(-1.E0,0.E0,0.E0));
#3082=VECTOR('',#3081,3.E-2);
#3083=CARTESIAN_POINT('',(-3.6E-1,3.8E-1,-5.02E-1));
#3084=LINE('',#3083,#3082);
#3085=DIRECTION('',(1.E0,0.E0,0.E0));
#3086=VECTOR('',#3085,4.E-3);
#3087=CARTESIAN_POINT('',(-3.64E-1,3.5E-1,-6.02E-1));
#3088=LINE('',#3087,#3086);
#3089=DIRECTION('',(1.E0,0.E0,0.E0));
#3090=VECTOR('',#3089,4.E-3);
#3091=CARTESIAN_POINT('',(-3.9E-1,3.5E-1,-6.02E-1));
#3092=LINE('',#3091,#3090);
#3093=DIRECTION('',(0.E0,0.E0,-1.E0));
#3094=VECTOR('',#3093,1.E-1);
#3095=CARTESIAN_POINT('',(-3.64E-1,3.5E-1,-5.02E-1));
#3096=LINE('',#3095,#3094);
#3097=DIRECTION('',(0.E0,1.E0,0.E0));
#3098=VECTOR('',#3097,2.E-2);
#3099=CARTESIAN_POINT('',(-3.64E-1,3.3E-1,-6.02E-1));
#3100=LINE('',#3099,#3098);
#3101=DIRECTION('',(0.E0,-1.E0,0.E0));
#3102=VECTOR('',#3101,2.E-2);
#3103=CARTESIAN_POINT('',(-3.64E-1,3.5E-1,-5.02E-1));
#3104=LINE('',#3103,#3102);
#3105=DIRECTION('',(0.E0,-1.E0,0.E0));
#3106=VECTOR('',#3105,3.E-2);
#3107=CARTESIAN_POINT('',(-3.6E-1,3.8E-1,-5.02E-1));
#3108=LINE('',#3107,#3106);
#3109=DIRECTION('',(0.E0,0.E0,1.E0));
#3110=VECTOR('',#3109,1.E-1);
#3111=CARTESIAN_POINT('',(-3.6E-1,3.8E-1,-6.02E-1));
#3112=LINE('',#3111,#3110);
#3113=DIRECTION('',(0.E0,1.E0,0.E0));
#3114=VECTOR('',#3113,3.E-2);
#3115=CARTESIAN_POINT('',(-3.6E-1,3.5E-1,-6.02E-1));
#3116=LINE('',#3115,#3114);
#3117=DIRECTION('',(0.E0,0.E0,-1.E0));
#3118=VECTOR('',#3117,1.E-1);
#3119=CARTESIAN_POINT('',(-3.6E-1,3.5E-1,-5.02E-1));
#3120=LINE('',#3119,#3118);
#3121=DIRECTION('',(0.E0,-1.E0,0.E0));
#3122=VECTOR('',#3121,3.E-2);
#3123=CARTESIAN_POINT('',(-3.9E-1,3.8E-1,-5.02E-1));
#3124=LINE('',#3123,#3122);
#3125=DIRECTION('',(0.E0,0.E0,-1.E0));
#3126=VECTOR('',#3125,1.E-1);
#3127=CARTESIAN_POINT('',(-3.9E-1,3.5E-1,-5.02E-1));
#3128=LINE('',#3127,#3126);
#3129=DIRECTION('',(0.E0,1.E0,0.E0));
#3130=VECTOR('',#3129,3.E-2);
#3131=CARTESIAN_POINT('',(-3.9E-1,3.5E-1,-6.02E-1));
#3132=LINE('',#3131,#3130);
#3133=DIRECTION('',(0.E0,0.E0,1.E0));
#3134=VECTOR('',#3133,1.E-1);
#3135=CARTESIAN_POINT('',(-3.9E-1,3.8E-1,-6.02E-1));
#3136=LINE('',#3135,#3134);
#3137=CARTESIAN_POINT('',(-4.65E-1,0.E0,0.E0));
#3138=CARTESIAN_POINT('',(-4.65E-1,0.E0,-3.2E-1));
#3139=VERTEX_POINT('',#3137);
#3140=VERTEX_POINT('',#3138);
#3141=CARTESIAN_POINT('',(-4.65E-1,4.E-2,-3.2E-1));
#3142=VERTEX_POINT('',#3141);
#3143=CARTESIAN_POINT('',(-4.65E-1,4.E-2,-3.5E-1));
#3144=VERTEX_POINT('',#3143);
#3145=CARTESIAN_POINT('',(-4.65E-1,3.7E-1,-3.5E-1));
#3146=VERTEX_POINT('',#3145);
#3147=CARTESIAN_POINT('',(-4.65E-1,3.7E-1,-2.9E-1));
#3148=VERTEX_POINT('',#3147);
#3149=CARTESIAN_POINT('',(-4.65E-1,4.4E-1,-2.9E-1));
#3150=VERTEX_POINT('',#3149);
#3151=CARTESIAN_POINT('',(-4.65E-1,4.4E-1,-7.E-2));
#3152=VERTEX_POINT('',#3151);
#3153=CARTESIAN_POINT('',(4.65E-1,0.E0,0.E0));
#3154=CARTESIAN_POINT('',(4.65E-1,0.E0,-3.2E-1));
#3155=VERTEX_POINT('',#3153);
#3156=VERTEX_POINT('',#3154);
#3157=CARTESIAN_POINT('',(4.65E-1,4.E-2,-3.2E-1));
#3158=VERTEX_POINT('',#3157);
#3159=CARTESIAN_POINT('',(4.65E-1,4.E-2,-3.5E-1));
#3160=VERTEX_POINT('',#3159);
#3161=CARTESIAN_POINT('',(4.65E-1,3.7E-1,-3.5E-1));
#3162=VERTEX_POINT('',#3161);
#3163=CARTESIAN_POINT('',(4.65E-1,3.7E-1,-2.9E-1));
#3164=VERTEX_POINT('',#3163);
#3165=CARTESIAN_POINT('',(4.65E-1,4.4E-1,-2.9E-1));
#3166=VERTEX_POINT('',#3165);
#3167=CARTESIAN_POINT('',(4.65E-1,4.4E-1,-7.E-2));
#3168=VERTEX_POINT('',#3167);
#3169=CARTESIAN_POINT('',(3.35E-1,1.5E-1,-3.E-1));
#3170=CARTESIAN_POINT('',(3.35E-1,5.E-2,-3.E-1));
#3171=VERTEX_POINT('',#3169);
#3172=VERTEX_POINT('',#3170);
#3173=CARTESIAN_POINT('',(4.15E-1,5.E-2,-3.E-1));
#3174=VERTEX_POINT('',#3173);
#3175=CARTESIAN_POINT('',(4.15E-1,1.5E-1,-3.E-1));
#3176=VERTEX_POINT('',#3175);
#3177=CARTESIAN_POINT('',(3.15E-1,1.7E-1,-6.1E-1));
#3178=CARTESIAN_POINT('',(3.15E-1,3.3E-1,-6.1E-1));
#3179=VERTEX_POINT('',#3177);
#3180=VERTEX_POINT('',#3178);
#3181=CARTESIAN_POINT('',(4.35E-1,1.7E-1,-6.1E-1));
#3182=CARTESIAN_POINT('',(4.35E-1,3.3E-1,-6.1E-1));
#3183=VERTEX_POINT('',#3181);
#3184=VERTEX_POINT('',#3182);
#3185=CARTESIAN_POINT('',(3.15E-1,1.7E-1,-3.5E-1));
#3186=CARTESIAN_POINT('',(3.15E-1,3.3E-1,-3.5E-1));
#3187=VERTEX_POINT('',#3185);
#3188=VERTEX_POINT('',#3186);
#3189=CARTESIAN_POINT('',(4.35E-1,1.7E-1,-3.5E-1));
#3190=CARTESIAN_POINT('',(4.35E-1,3.3E-1,-3.5E-1));
#3191=VERTEX_POINT('',#3189);
#3192=VERTEX_POINT('',#3190);
#3193=CARTESIAN_POINT('',(3.64E-1,3.3E-1,-5.02E-1));
#3194=CARTESIAN_POINT('',(3.64E-1,3.3E-1,-6.02E-1));
#3195=VERTEX_POINT('',#3193);
#3196=VERTEX_POINT('',#3194);
#3197=CARTESIAN_POINT('',(3.86E-1,3.3E-1,-5.02E-1));
#3198=CARTESIAN_POINT('',(3.86E-1,3.3E-1,-6.02E-1));
#3199=VERTEX_POINT('',#3197);
#3200=VERTEX_POINT('',#3198);
#3201=CARTESIAN_POINT('',(3.75E-1,2.725E-1,-5.7E-1));
#3202=CARTESIAN_POINT('',(3.75E-1,2.8E-1,-5.775E-1));
#3203=VERTEX_POINT('',#3201);
#3204=VERTEX_POINT('',#3202);
#3205=CARTESIAN_POINT('',(3.75E-1,2.725E-1,-5.6E-1));
#3206=VERTEX_POINT('',#3205);
#3207=CARTESIAN_POINT('',(3.75E-1,2.275E-1,-5.7E-1));
#3208=CARTESIAN_POINT('',(3.75E-1,2.2E-1,-5.775E-1));
#3209=VERTEX_POINT('',#3207);
#3210=VERTEX_POINT('',#3208);
#3211=CARTESIAN_POINT('',(3.75E-1,2.275E-1,-5.6E-1));
#3212=VERTEX_POINT('',#3211);
#3213=CARTESIAN_POINT('',(3.75E-1,2.2E-1,-6.1E-1));
#3214=CARTESIAN_POINT('',(3.75E-1,2.8E-1,-6.1E-1));
#3215=VERTEX_POINT('',#3213);
#3216=VERTEX_POINT('',#3214);
#3217=CARTESIAN_POINT('',(3.64E-1,3.5E-1,-6.02E-1));
#3218=VERTEX_POINT('',#3217);
#3219=CARTESIAN_POINT('',(3.64E-1,3.5E-1,-5.02E-1));
#3220=VERTEX_POINT('',#3219);
#3221=CARTESIAN_POINT('',(3.86E-1,3.5E-1,-6.02E-1));
#3222=VERTEX_POINT('',#3221);
#3223=CARTESIAN_POINT('',(3.86E-1,3.5E-1,-5.02E-1));
#3224=VERTEX_POINT('',#3223);
#3225=CARTESIAN_POINT('',(3.75E-1,3.95E-1,-2.325E-1));
#3226=CARTESIAN_POINT('',(3.75E-1,3.7E-1,-2.325E-1));
#3227=VERTEX_POINT('',#3225);
#3228=VERTEX_POINT('',#3226);
#3229=CARTESIAN_POINT('',(3.75E-1,3.95E-1,-1.675E-1));
#3230=CARTESIAN_POINT('',(3.75E-1,3.7E-1,-1.675E-1));
#3231=VERTEX_POINT('',#3229);
#3232=VERTEX_POINT('',#3230);
#3233=CARTESIAN_POINT('',(3.75E-1,3.7E-1,-2.4E-1));
#3234=CARTESIAN_POINT('',(3.75E-1,3.7E-1,-1.6E-1));
#3235=VERTEX_POINT('',#3233);
#3236=VERTEX_POINT('',#3234);
#3237=CARTESIAN_POINT('',(3.75E-1,4.4E-1,-1.6E-1));
#3238=CARTESIAN_POINT('',(3.75E-1,4.4E-1,-2.4E-1));
#3239=VERTEX_POINT('',#3237);
#3240=VERTEX_POINT('',#3238);
#3241=CARTESIAN_POINT('',(3.4E-1,3.9E-1,-1.05E-1));
#3242=CARTESIAN_POINT('',(3.4E-1,3.9E-1,-1.3E-1));
#3243=VERTEX_POINT('',#3241);
#3244=VERTEX_POINT('',#3242);
#3245=CARTESIAN_POINT('',(4.1E-1,3.9E-1,-1.05E-1));
#3246=CARTESIAN_POINT('',(4.1E-1,3.9E-1,-1.3E-1));
#3247=VERTEX_POINT('',#3245);
#3248=VERTEX_POINT('',#3246);
#3249=CARTESIAN_POINT('',(3.4E-1,4.4E-1,-1.05E-1));
#3250=CARTESIAN_POINT('',(3.4E-1,4.4E-1,-1.3E-1));
#3251=VERTEX_POINT('',#3249);
#3252=VERTEX_POINT('',#3250);
#3253=CARTESIAN_POINT('',(4.1E-1,4.4E-1,-1.05E-1));
#3254=CARTESIAN_POINT('',(4.1E-1,4.4E-1,-1.3E-1));
#3255=VERTEX_POINT('',#3253);
#3256=VERTEX_POINT('',#3254);
#3257=CARTESIAN_POINT('',(-4.45E-1,4.4E-1,-2.9E-1));
#3258=CARTESIAN_POINT('',(-4.45E-1,3.7E-1,-2.9E-1));
#3259=VERTEX_POINT('',#3257);
#3260=VERTEX_POINT('',#3258);
#3261=CARTESIAN_POINT('',(4.45E-1,4.4E-1,-2.9E-1));
#3262=CARTESIAN_POINT('',(4.45E-1,3.7E-1,-2.9E-1));
#3263=VERTEX_POINT('',#3261);
#3264=VERTEX_POINT('',#3262);
#3265=CARTESIAN_POINT('',(-4.45E-1,4.4E-1,-2.5E-1));
#3266=VERTEX_POINT('',#3265);
#3267=CARTESIAN_POINT('',(4.45E-1,4.4E-1,-2.5E-1));
#3268=VERTEX_POINT('',#3267);
#3269=CARTESIAN_POINT('',(-4.45E-1,3.7E-1,-2.5E-1));
#3270=VERTEX_POINT('',#3269);
#3271=CARTESIAN_POINT('',(4.45E-1,3.7E-1,-2.5E-1));
#3272=VERTEX_POINT('',#3271);
#3273=CARTESIAN_POINT('',(4.3E-1,3.7E-1,-2.5E-1));
#3274=CARTESIAN_POINT('',(3.2E-1,3.7E-1,-2.5E-1));
#3275=VERTEX_POINT('',#3273);
#3276=VERTEX_POINT('',#3274);
#3277=CARTESIAN_POINT('',(4.3E-1,4.4E-1,-2.5E-1));
#3278=VERTEX_POINT('',#3277);
#3279=CARTESIAN_POINT('',(3.2E-1,4.4E-1,-2.5E-1));
#3280=VERTEX_POINT('',#3279);
#3281=CARTESIAN_POINT('',(-4.3E-1,2.8E-1,2.E-2));
#3282=CARTESIAN_POINT('',(-4.3E-1,2.6E-1,2.E-2));
#3283=VERTEX_POINT('',#3281);
#3284=VERTEX_POINT('',#3282);
#3285=CARTESIAN_POINT('',(4.3E-1,2.6E-1,2.E-2));
#3286=VERTEX_POINT('',#3285);
#3287=CARTESIAN_POINT('',(4.3E-1,2.8E-1,2.E-2));
#3288=VERTEX_POINT('',#3287);
#3289=CARTESIAN_POINT('',(-4.3E-1,2.8E-1,0.E0));
#3290=CARTESIAN_POINT('',(-4.3E-1,2.6E-1,0.E0));
#3291=VERTEX_POINT('',#3289);
#3292=VERTEX_POINT('',#3290);
#3293=CARTESIAN_POINT('',(4.3E-1,2.6E-1,0.E0));
#3294=VERTEX_POINT('',#3293);
#3295=CARTESIAN_POINT('',(4.3E-1,2.8E-1,0.E0));
#3296=VERTEX_POINT('',#3295);
#3297=CARTESIAN_POINT('',(4.6E-1,4.2E-1,-1.E-1));
#3298=CARTESIAN_POINT('',(4.6E-1,2.E-2,-1.E-1));
#3299=VERTEX_POINT('',#3297);
#3300=VERTEX_POINT('',#3298);
#3301=CARTESIAN_POINT('',(4.65E-1,2.E-2,0.E0));
#3302=CARTESIAN_POINT('',(4.65E-1,2.E-2,-1.E-1));
#3303=VERTEX_POINT('',#3301);
#3304=VERTEX_POINT('',#3302);
#3305=CARTESIAN_POINT('',(4.65E-1,4.2E-1,-1.E-1));
#3306=VERTEX_POINT('',#3305);
#3307=CARTESIAN_POINT('',(4.65E-1,4.2E-1,-7.E-2));
#3308=VERTEX_POINT('',#3307);
#3309=CARTESIAN_POINT('',(4.6E-1,4.2E-1,-7.E-2));
#3310=VERTEX_POINT('',#3309);
#3311=CARTESIAN_POINT('',(4.6E-1,2.8E-1,-2.E-2));
#3312=VERTEX_POINT('',#3311);
#3313=CARTESIAN_POINT('',(4.6E-1,2.8E-1,0.E0));
#3314=VERTEX_POINT('',#3313);
#3315=CARTESIAN_POINT('',(4.6E-1,2.E-2,0.E0));
#3316=VERTEX_POINT('',#3315);
#3317=CARTESIAN_POINT('',(4.066227766017E-1,3.95E-1,-1.925E-1));
#3318=CARTESIAN_POINT('',(3.433772233983E-1,3.95E-1,-1.925E-1));
#3319=VERTEX_POINT('',#3317);
#3320=VERTEX_POINT('',#3318);
#3321=CARTESIAN_POINT('',(4.066227766017E-1,3.95E-1,-2.075E-1));
#3322=CARTESIAN_POINT('',(3.433772233983E-1,3.95E-1,-2.075E-1));
#3323=VERTEX_POINT('',#3321);
#3324=VERTEX_POINT('',#3322);
#3325=CARTESIAN_POINT('',(3.433772233983E-1,3.83E-1,-1.925E-1));
#3326=VERTEX_POINT('',#3325);
#3327=CARTESIAN_POINT('',(3.433772233983E-1,3.83E-1,-2.075E-1));
#3328=VERTEX_POINT('',#3327);
#3329=CARTESIAN_POINT('',(4.066227766017E-1,3.83E-1,-1.925E-1));
#3330=VERTEX_POINT('',#3329);
#3331=CARTESIAN_POINT('',(4.066227766017E-1,3.83E-1,-2.075E-1));
#3332=VERTEX_POINT('',#3331);
#3333=CARTESIAN_POINT('',(3.6E-1,3.8E-1,-5.02E-1));
#3334=CARTESIAN_POINT('',(3.6E-1,3.5E-1,-5.02E-1));
#3335=VERTEX_POINT('',#3333);
#3336=VERTEX_POINT('',#3334);
#3337=CARTESIAN_POINT('',(3.6E-1,3.5E-1,-6.02E-1));
#3338=VERTEX_POINT('',#3337);
#3339=CARTESIAN_POINT('',(3.6E-1,3.8E-1,-6.02E-1));
#3340=VERTEX_POINT('',#3339);
#3341=CARTESIAN_POINT('',(3.9E-1,3.8E-1,-5.02E-1));
#3342=CARTESIAN_POINT('',(3.9E-1,3.5E-1,-5.02E-1));
#3343=VERTEX_POINT('',#3341);
#3344=VERTEX_POINT('',#3342);
#3345=CARTESIAN_POINT('',(3.9E-1,3.5E-1,-6.02E-1));
#3346=VERTEX_POINT('',#3345);
#3347=CARTESIAN_POINT('',(3.9E-1,3.8E-1,-6.02E-1));
#3348=VERTEX_POINT('',#3347);
#3349=CARTESIAN_POINT('',(-4.6E-1,2.E-2,-1.E-1));
#3350=CARTESIAN_POINT('',(-4.6E-1,4.2E-1,-1.E-1));
#3351=VERTEX_POINT('',#3349);
#3352=VERTEX_POINT('',#3350);
#3353=CARTESIAN_POINT('',(-4.6E-1,2.E-2,0.E0));
#3354=VERTEX_POINT('',#3353);
#3355=CARTESIAN_POINT('',(-4.6E-1,4.2E-1,-7.E-2));
#3356=VERTEX_POINT('',#3355);
#3357=CARTESIAN_POINT('',(-4.65E-1,2.E-2,-1.E-1));
#3358=VERTEX_POINT('',#3357);
#3359=CARTESIAN_POINT('',(-4.65E-1,4.2E-1,-1.E-1));
#3360=VERTEX_POINT('',#3359);
#3361=CARTESIAN_POINT('',(-4.65E-1,2.E-2,0.E0));
#3362=VERTEX_POINT('',#3361);
#3363=CARTESIAN_POINT('',(-4.65E-1,4.2E-1,-7.E-2));
#3364=VERTEX_POINT('',#3363);
#3365=CARTESIAN_POINT('',(-4.6E-1,2.8E-1,-2.E-2));
#3366=VERTEX_POINT('',#3365);
#3367=CARTESIAN_POINT('',(-4.6E-1,2.8E-1,0.E0));
#3368=VERTEX_POINT('',#3367);
#3369=CARTESIAN_POINT('',(4.35E-1,2.2E-1,0.E0));
#3370=CARTESIAN_POINT('',(4.35E-1,3.E-2,0.E0));
#3371=VERTEX_POINT('',#3369);
#3372=VERTEX_POINT('',#3370);
#3373=CARTESIAN_POINT('',(4.15E-1,1.5E-1,-2.E-2));
#3374=CARTESIAN_POINT('',(4.15E-1,5.E-2,-2.E-2));
#3375=VERTEX_POINT('',#3373);
#3376=VERTEX_POINT('',#3374);
#3377=CARTESIAN_POINT('',(3.15E-1,3.E-2,0.E0));
#3378=VERTEX_POINT('',#3377);
#3379=CARTESIAN_POINT('',(3.35E-1,5.E-2,-2.E-2));
#3380=VERTEX_POINT('',#3379);
#3381=CARTESIAN_POINT('',(3.35E-1,1.5E-1,-2.E-2));
#3382=VERTEX_POINT('',#3381);
#3383=CARTESIAN_POINT('',(3.15E-1,2.2E-1,0.E0));
#3384=VERTEX_POINT('',#3383);
#3385=CARTESIAN_POINT('',(1.85E-1,1.5E-1,-3.E-1));
#3386=CARTESIAN_POINT('',(1.85E-1,5.E-2,-3.E-1));
#3387=VERTEX_POINT('',#3385);
#3388=VERTEX_POINT('',#3386);
#3389=CARTESIAN_POINT('',(2.65E-1,5.E-2,-3.E-1));
#3390=VERTEX_POINT('',#3389);
#3391=CARTESIAN_POINT('',(2.65E-1,1.5E-1,-3.E-1));
#3392=VERTEX_POINT('',#3391);
#3393=CARTESIAN_POINT('',(1.65E-1,1.7E-1,-6.1E-1));
#3394=CARTESIAN_POINT('',(1.65E-1,3.3E-1,-6.1E-1));
#3395=VERTEX_POINT('',#3393);
#3396=VERTEX_POINT('',#3394);
#3397=CARTESIAN_POINT('',(2.85E-1,1.7E-1,-6.1E-1));
#3398=CARTESIAN_POINT('',(2.85E-1,3.3E-1,-6.1E-1));
#3399=VERTEX_POINT('',#3397);
#3400=VERTEX_POINT('',#3398);
#3401=CARTESIAN_POINT('',(1.65E-1,1.7E-1,-3.5E-1));
#3402=VERTEX_POINT('',#3401);
#3403=CARTESIAN_POINT('',(1.65E-1,3.3E-1,-3.5E-1));
#3404=VERTEX_POINT('',#3403);
#3405=CARTESIAN_POINT('',(2.85E-1,1.7E-1,-3.5E-1));
#3406=VERTEX_POINT('',#3405);
#3407=CARTESIAN_POINT('',(2.85E-1,3.3E-1,-3.5E-1));
#3408=VERTEX_POINT('',#3407);
#3409=CARTESIAN_POINT('',(2.25E-1,2.725E-1,-5.7E-1));
#3410=CARTESIAN_POINT('',(2.25E-1,2.8E-1,-5.775E-1));
#3411=VERTEX_POINT('',#3409);
#3412=VERTEX_POINT('',#3410);
#3413=CARTESIAN_POINT('',(2.25E-1,2.725E-1,-5.6E-1));
#3414=VERTEX_POINT('',#3413);
#3415=CARTESIAN_POINT('',(2.25E-1,2.275E-1,-5.7E-1));
#3416=CARTESIAN_POINT('',(2.25E-1,2.2E-1,-5.775E-1));
#3417=VERTEX_POINT('',#3415);
#3418=VERTEX_POINT('',#3416);
#3419=CARTESIAN_POINT('',(2.25E-1,2.275E-1,-5.6E-1));
#3420=VERTEX_POINT('',#3419);
#3421=CARTESIAN_POINT('',(2.25E-1,2.8E-1,-6.1E-1));
#3422=VERTEX_POINT('',#3421);
#3423=CARTESIAN_POINT('',(2.25E-1,2.2E-1,-6.1E-1));
#3424=VERTEX_POINT('',#3423);
#3425=CARTESIAN_POINT('',(2.25E-1,3.95E-1,-2.325E-1));
#3426=CARTESIAN_POINT('',(2.25E-1,3.7E-1,-2.325E-1));
#3427=VERTEX_POINT('',#3425);
#3428=VERTEX_POINT('',#3426);
#3429=CARTESIAN_POINT('',(2.25E-1,3.95E-1,-1.675E-1));
#3430=CARTESIAN_POINT('',(2.25E-1,3.7E-1,-1.675E-1));
#3431=VERTEX_POINT('',#3429);
#3432=VERTEX_POINT('',#3430);
#3433=CARTESIAN_POINT('',(2.25E-1,3.7E-1,-2.4E-1));
#3434=CARTESIAN_POINT('',(2.25E-1,3.7E-1,-1.6E-1));
#3435=VERTEX_POINT('',#3433);
#3436=VERTEX_POINT('',#3434);
#3437=CARTESIAN_POINT('',(2.25E-1,4.4E-1,-2.4E-1));
#3438=VERTEX_POINT('',#3437);
#3439=CARTESIAN_POINT('',(2.25E-1,4.4E-1,-1.6E-1));
#3440=VERTEX_POINT('',#3439);
#3441=CARTESIAN_POINT('',(1.9E-1,3.9E-1,-1.05E-1));
#3442=CARTESIAN_POINT('',(1.9E-1,3.9E-1,-1.3E-1));
#3443=VERTEX_POINT('',#3441);
#3444=VERTEX_POINT('',#3442);
#3445=CARTESIAN_POINT('',(2.6E-1,3.9E-1,-1.05E-1));
#3446=CARTESIAN_POINT('',(2.6E-1,3.9E-1,-1.3E-1));
#3447=VERTEX_POINT('',#3445);
#3448=VERTEX_POINT('',#3446);
#3449=CARTESIAN_POINT('',(1.9E-1,4.4E-1,-1.05E-1));
#3450=VERTEX_POINT('',#3449);
#3451=CARTESIAN_POINT('',(1.9E-1,4.4E-1,-1.3E-1));
#3452=VERTEX_POINT('',#3451);
#3453=CARTESIAN_POINT('',(2.6E-1,4.4E-1,-1.05E-1));
#3454=VERTEX_POINT('',#3453);
#3455=CARTESIAN_POINT('',(2.6E-1,4.4E-1,-1.3E-1));
#3456=VERTEX_POINT('',#3455);
#3457=CARTESIAN_POINT('',(1.933772233983E-1,3.83E-1,-1.925E-1));
#3458=CARTESIAN_POINT('',(2.566227766017E-1,3.83E-1,-1.925E-1));
#3459=VERTEX_POINT('',#3457);
#3460=VERTEX_POINT('',#3458);
#3461=CARTESIAN_POINT('',(1.933772233983E-1,3.83E-1,-2.075E-1));
#3462=CARTESIAN_POINT('',(2.566227766017E-1,3.83E-1,-2.075E-1));
#3463=VERTEX_POINT('',#3461);
#3464=VERTEX_POINT('',#3462);
#3465=CARTESIAN_POINT('',(2.1E-1,3.8E-1,-5.02E-1));
#3466=CARTESIAN_POINT('',(2.1E-1,3.5E-1,-5.02E-1));
#3467=VERTEX_POINT('',#3465);
#3468=VERTEX_POINT('',#3466);
#3469=CARTESIAN_POINT('',(2.1E-1,3.5E-1,-6.02E-1));
#3470=VERTEX_POINT('',#3469);
#3471=CARTESIAN_POINT('',(2.1E-1,3.8E-1,-6.02E-1));
#3472=VERTEX_POINT('',#3471);
#3473=CARTESIAN_POINT('',(2.4E-1,3.8E-1,-5.02E-1));
#3474=CARTESIAN_POINT('',(2.4E-1,3.5E-1,-5.02E-1));
#3475=VERTEX_POINT('',#3473);
#3476=VERTEX_POINT('',#3474);
#3477=CARTESIAN_POINT('',(2.4E-1,3.5E-1,-6.02E-1));
#3478=VERTEX_POINT('',#3477);
#3479=CARTESIAN_POINT('',(2.4E-1,3.8E-1,-6.02E-1));
#3480=VERTEX_POINT('',#3479);
#3481=CARTESIAN_POINT('',(2.14E-1,3.5E-1,-5.02E-1));
#3482=VERTEX_POINT('',#3481);
#3483=CARTESIAN_POINT('',(2.36E-1,3.5E-1,-5.02E-1));
#3484=VERTEX_POINT('',#3483);
#3485=CARTESIAN_POINT('',(2.14E-1,3.5E-1,-6.02E-1));
#3486=VERTEX_POINT('',#3485);
#3487=CARTESIAN_POINT('',(2.36E-1,3.5E-1,-6.02E-1));
#3488=VERTEX_POINT('',#3487);
#3489=CARTESIAN_POINT('',(2.8E-1,4.4E-1,-2.5E-1));
#3490=CARTESIAN_POINT('',(1.7E-1,4.4E-1,-2.5E-1));
#3491=VERTEX_POINT('',#3489);
#3492=VERTEX_POINT('',#3490);
#3493=CARTESIAN_POINT('',(3.5E-2,1.5E-1,-3.E-1));
#3494=CARTESIAN_POINT('',(3.5E-2,5.E-2,-3.E-1));
#3495=VERTEX_POINT('',#3493);
#3496=VERTEX_POINT('',#3494);
#3497=CARTESIAN_POINT('',(1.15E-1,5.E-2,-3.E-1));
#3498=VERTEX_POINT('',#3497);
#3499=CARTESIAN_POINT('',(1.15E-1,1.5E-1,-3.E-1));
#3500=VERTEX_POINT('',#3499);
#3501=CARTESIAN_POINT('',(1.5E-2,1.7E-1,-6.1E-1));
#3502=CARTESIAN_POINT('',(1.5E-2,3.3E-1,-6.1E-1));
#3503=VERTEX_POINT('',#3501);
#3504=VERTEX_POINT('',#3502);
#3505=CARTESIAN_POINT('',(1.35E-1,1.7E-1,-6.1E-1));
#3506=CARTESIAN_POINT('',(1.35E-1,3.3E-1,-6.1E-1));
#3507=VERTEX_POINT('',#3505);
#3508=VERTEX_POINT('',#3506);
#3509=CARTESIAN_POINT('',(1.5E-2,1.7E-1,-3.5E-1));
#3510=VERTEX_POINT('',#3509);
#3511=CARTESIAN_POINT('',(1.5E-2,3.3E-1,-3.5E-1));
#3512=VERTEX_POINT('',#3511);
#3513=CARTESIAN_POINT('',(1.35E-1,1.7E-1,-3.5E-1));
#3514=VERTEX_POINT('',#3513);
#3515=CARTESIAN_POINT('',(1.35E-1,3.3E-1,-3.5E-1));
#3516=VERTEX_POINT('',#3515);
#3517=CARTESIAN_POINT('',(7.5E-2,2.725E-1,-5.7E-1));
#3518=CARTESIAN_POINT('',(7.5E-2,2.8E-1,-5.775E-1));
#3519=VERTEX_POINT('',#3517);
#3520=VERTEX_POINT('',#3518);
#3521=CARTESIAN_POINT('',(7.5E-2,2.725E-1,-5.6E-1));
#3522=VERTEX_POINT('',#3521);
#3523=CARTESIAN_POINT('',(7.5E-2,2.275E-1,-5.7E-1));
#3524=CARTESIAN_POINT('',(7.5E-2,2.2E-1,-5.775E-1));
#3525=VERTEX_POINT('',#3523);
#3526=VERTEX_POINT('',#3524);
#3527=CARTESIAN_POINT('',(7.5E-2,2.275E-1,-5.6E-1));
#3528=VERTEX_POINT('',#3527);
#3529=CARTESIAN_POINT('',(7.5E-2,2.8E-1,-6.1E-1));
#3530=VERTEX_POINT('',#3529);
#3531=CARTESIAN_POINT('',(7.5E-2,2.2E-1,-6.1E-1));
#3532=VERTEX_POINT('',#3531);
#3533=CARTESIAN_POINT('',(7.5E-2,3.95E-1,-2.325E-1));
#3534=CARTESIAN_POINT('',(7.5E-2,3.7E-1,-2.325E-1));
#3535=VERTEX_POINT('',#3533);
#3536=VERTEX_POINT('',#3534);
#3537=CARTESIAN_POINT('',(7.5E-2,3.95E-1,-1.675E-1));
#3538=CARTESIAN_POINT('',(7.5E-2,3.7E-1,-1.675E-1));
#3539=VERTEX_POINT('',#3537);
#3540=VERTEX_POINT('',#3538);
#3541=CARTESIAN_POINT('',(7.5E-2,3.7E-1,-2.4E-1));
#3542=CARTESIAN_POINT('',(7.5E-2,3.7E-1,-1.6E-1));
#3543=VERTEX_POINT('',#3541);
#3544=VERTEX_POINT('',#3542);
#3545=CARTESIAN_POINT('',(7.5E-2,4.4E-1,-2.4E-1));
#3546=VERTEX_POINT('',#3545);
#3547=CARTESIAN_POINT('',(7.5E-2,4.4E-1,-1.6E-1));
#3548=VERTEX_POINT('',#3547);
#3549=CARTESIAN_POINT('',(4.E-2,3.9E-1,-1.05E-1));
#3550=CARTESIAN_POINT('',(4.E-2,3.9E-1,-1.3E-1));
#3551=VERTEX_POINT('',#3549);
#3552=VERTEX_POINT('',#3550);
#3553=CARTESIAN_POINT('',(1.1E-1,3.9E-1,-1.05E-1));
#3554=CARTESIAN_POINT('',(1.1E-1,3.9E-1,-1.3E-1));
#3555=VERTEX_POINT('',#3553);
#3556=VERTEX_POINT('',#3554);
#3557=CARTESIAN_POINT('',(4.E-2,4.4E-1,-1.05E-1));
#3558=VERTEX_POINT('',#3557);
#3559=CARTESIAN_POINT('',(4.E-2,4.4E-1,-1.3E-1));
#3560=VERTEX_POINT('',#3559);
#3561=CARTESIAN_POINT('',(1.1E-1,4.4E-1,-1.05E-1));
#3562=VERTEX_POINT('',#3561);
#3563=CARTESIAN_POINT('',(1.1E-1,4.4E-1,-1.3E-1));
#3564=VERTEX_POINT('',#3563);
#3565=CARTESIAN_POINT('',(4.337722339832E-2,3.83E-1,-1.925E-1));
#3566=CARTESIAN_POINT('',(1.066227766017E-1,3.83E-1,-1.925E-1));
#3567=VERTEX_POINT('',#3565);
#3568=VERTEX_POINT('',#3566);
#3569=CARTESIAN_POINT('',(4.337722339832E-2,3.83E-1,-2.075E-1));
#3570=CARTESIAN_POINT('',(1.066227766017E-1,3.83E-1,-2.075E-1));
#3571=VERTEX_POINT('',#3569);
#3572=VERTEX_POINT('',#3570);
#3573=CARTESIAN_POINT('',(6.E-2,3.8E-1,-5.02E-1));
#3574=CARTESIAN_POINT('',(6.E-2,3.5E-1,-5.02E-1));
#3575=VERTEX_POINT('',#3573);
#3576=VERTEX_POINT('',#3574);
#3577=CARTESIAN_POINT('',(6.E-2,3.5E-1,-6.02E-1));
#3578=VERTEX_POINT('',#3577);
#3579=CARTESIAN_POINT('',(6.E-2,3.8E-1,-6.02E-1));
#3580=VERTEX_POINT('',#3579);
#3581=CARTESIAN_POINT('',(9.E-2,3.8E-1,-5.02E-1));
#3582=CARTESIAN_POINT('',(9.E-2,3.5E-1,-5.02E-1));
#3583=VERTEX_POINT('',#3581);
#3584=VERTEX_POINT('',#3582);
#3585=CARTESIAN_POINT('',(9.E-2,3.5E-1,-6.02E-1));
#3586=VERTEX_POINT('',#3585);
#3587=CARTESIAN_POINT('',(9.E-2,3.8E-1,-6.02E-1));
#3588=VERTEX_POINT('',#3587);
#3589=CARTESIAN_POINT('',(6.4E-2,3.5E-1,-5.02E-1));
#3590=VERTEX_POINT('',#3589);
#3591=CARTESIAN_POINT('',(8.6E-2,3.5E-1,-5.02E-1));
#3592=VERTEX_POINT('',#3591);
#3593=CARTESIAN_POINT('',(6.4E-2,3.5E-1,-6.02E-1));
#3594=VERTEX_POINT('',#3593);
#3595=CARTESIAN_POINT('',(8.6E-2,3.5E-1,-6.02E-1));
#3596=VERTEX_POINT('',#3595);
#3597=CARTESIAN_POINT('',(1.3E-1,4.4E-1,-2.5E-1));
#3598=CARTESIAN_POINT('',(2.E-2,4.4E-1,-2.5E-1));
#3599=VERTEX_POINT('',#3597);
#3600=VERTEX_POINT('',#3598);
#3601=CARTESIAN_POINT('',(2.14E-1,3.3E-1,-5.02E-1));
#3602=CARTESIAN_POINT('',(2.14E-1,3.3E-1,-6.02E-1));
#3603=VERTEX_POINT('',#3601);
#3604=VERTEX_POINT('',#3602);
#3605=CARTESIAN_POINT('',(2.36E-1,3.3E-1,-5.02E-1));
#3606=CARTESIAN_POINT('',(2.36E-1,3.3E-1,-6.02E-1));
#3607=VERTEX_POINT('',#3605);
#3608=VERTEX_POINT('',#3606);
#3609=CARTESIAN_POINT('',(2.566227766017E-1,3.95E-1,-1.925E-1));
#3610=CARTESIAN_POINT('',(1.933772233983E-1,3.95E-1,-1.925E-1));
#3611=VERTEX_POINT('',#3609);
#3612=VERTEX_POINT('',#3610);
#3613=CARTESIAN_POINT('',(2.566227766017E-1,3.95E-1,-2.075E-1));
#3614=CARTESIAN_POINT('',(1.933772233983E-1,3.95E-1,-2.075E-1));
#3615=VERTEX_POINT('',#3613);
#3616=VERTEX_POINT('',#3614);
#3617=CARTESIAN_POINT('',(2.8E-1,3.7E-1,-2.5E-1));
#3618=CARTESIAN_POINT('',(1.7E-1,3.7E-1,-2.5E-1));
#3619=VERTEX_POINT('',#3617);
#3620=VERTEX_POINT('',#3618);
#3621=CARTESIAN_POINT('',(6.4E-2,3.3E-1,-5.02E-1));
#3622=CARTESIAN_POINT('',(6.4E-2,3.3E-1,-6.02E-1));
#3623=VERTEX_POINT('',#3621);
#3624=VERTEX_POINT('',#3622);
#3625=CARTESIAN_POINT('',(8.6E-2,3.3E-1,-5.02E-1));
#3626=CARTESIAN_POINT('',(8.6E-2,3.3E-1,-6.02E-1));
#3627=VERTEX_POINT('',#3625);
#3628=VERTEX_POINT('',#3626);
#3629=CARTESIAN_POINT('',(1.066227766017E-1,3.95E-1,-1.925E-1));
#3630=CARTESIAN_POINT('',(4.337722339832E-2,3.95E-1,-1.925E-1));
#3631=VERTEX_POINT('',#3629);
#3632=VERTEX_POINT('',#3630);
#3633=CARTESIAN_POINT('',(1.066227766017E-1,3.95E-1,-2.075E-1));
#3634=CARTESIAN_POINT('',(4.337722339832E-2,3.95E-1,-2.075E-1));
#3635=VERTEX_POINT('',#3633);
#3636=VERTEX_POINT('',#3634);
#3637=CARTESIAN_POINT('',(1.3E-1,3.7E-1,-2.5E-1));
#3638=CARTESIAN_POINT('',(2.E-2,3.7E-1,-2.5E-1));
#3639=VERTEX_POINT('',#3637);
#3640=VERTEX_POINT('',#3638);
#3641=CARTESIAN_POINT('',(-1.15E-1,1.5E-1,-3.E-1));
#3642=CARTESIAN_POINT('',(-1.15E-1,5.E-2,-3.E-1));
#3643=VERTEX_POINT('',#3641);
#3644=VERTEX_POINT('',#3642);
#3645=CARTESIAN_POINT('',(-3.5E-2,5.E-2,-3.E-1));
#3646=VERTEX_POINT('',#3645);
#3647=CARTESIAN_POINT('',(-3.5E-2,1.5E-1,-3.E-1));
#3648=VERTEX_POINT('',#3647);
#3649=CARTESIAN_POINT('',(-1.35E-1,1.7E-1,-6.1E-1));
#3650=CARTESIAN_POINT('',(-1.35E-1,3.3E-1,-6.1E-1));
#3651=VERTEX_POINT('',#3649);
#3652=VERTEX_POINT('',#3650);
#3653=CARTESIAN_POINT('',(-1.5E-2,1.7E-1,-6.1E-1));
#3654=CARTESIAN_POINT('',(-1.5E-2,3.3E-1,-6.1E-1));
#3655=VERTEX_POINT('',#3653);
#3656=VERTEX_POINT('',#3654);
#3657=CARTESIAN_POINT('',(-1.35E-1,1.7E-1,-3.5E-1));
#3658=VERTEX_POINT('',#3657);
#3659=CARTESIAN_POINT('',(-1.35E-1,3.3E-1,-3.5E-1));
#3660=VERTEX_POINT('',#3659);
#3661=CARTESIAN_POINT('',(-1.5E-2,1.7E-1,-3.5E-1));
#3662=VERTEX_POINT('',#3661);
#3663=CARTESIAN_POINT('',(-1.5E-2,3.3E-1,-3.5E-1));
#3664=VERTEX_POINT('',#3663);
#3665=CARTESIAN_POINT('',(-7.5E-2,2.725E-1,-5.7E-1));
#3666=CARTESIAN_POINT('',(-7.5E-2,2.8E-1,-5.775E-1));
#3667=VERTEX_POINT('',#3665);
#3668=VERTEX_POINT('',#3666);
#3669=CARTESIAN_POINT('',(-7.5E-2,2.725E-1,-5.6E-1));
#3670=VERTEX_POINT('',#3669);
#3671=CARTESIAN_POINT('',(-7.5E-2,2.275E-1,-5.7E-1));
#3672=CARTESIAN_POINT('',(-7.5E-2,2.2E-1,-5.775E-1));
#3673=VERTEX_POINT('',#3671);
#3674=VERTEX_POINT('',#3672);
#3675=CARTESIAN_POINT('',(-7.5E-2,2.275E-1,-5.6E-1));
#3676=VERTEX_POINT('',#3675);
#3677=CARTESIAN_POINT('',(-7.5E-2,2.8E-1,-6.1E-1));
#3678=VERTEX_POINT('',#3677);
#3679=CARTESIAN_POINT('',(-7.5E-2,2.2E-1,-6.1E-1));
#3680=VERTEX_POINT('',#3679);
#3681=CARTESIAN_POINT('',(-7.5E-2,3.95E-1,-2.325E-1));
#3682=CARTESIAN_POINT('',(-7.5E-2,3.7E-1,-2.325E-1));
#3683=VERTEX_POINT('',#3681);
#3684=VERTEX_POINT('',#3682);
#3685=CARTESIAN_POINT('',(-7.5E-2,3.95E-1,-1.675E-1));
#3686=CARTESIAN_POINT('',(-7.5E-2,3.7E-1,-1.675E-1));
#3687=VERTEX_POINT('',#3685);
#3688=VERTEX_POINT('',#3686);
#3689=CARTESIAN_POINT('',(-7.5E-2,3.7E-1,-2.4E-1));
#3690=CARTESIAN_POINT('',(-7.5E-2,3.7E-1,-1.6E-1));
#3691=VERTEX_POINT('',#3689);
#3692=VERTEX_POINT('',#3690);
#3693=CARTESIAN_POINT('',(-7.5E-2,4.4E-1,-2.4E-1));
#3694=VERTEX_POINT('',#3693);
#3695=CARTESIAN_POINT('',(-7.5E-2,4.4E-1,-1.6E-1));
#3696=VERTEX_POINT('',#3695);
#3697=CARTESIAN_POINT('',(-1.1E-1,3.9E-1,-1.05E-1));
#3698=CARTESIAN_POINT('',(-1.1E-1,3.9E-1,-1.3E-1));
#3699=VERTEX_POINT('',#3697);
#3700=VERTEX_POINT('',#3698);
#3701=CARTESIAN_POINT('',(-4.E-2,3.9E-1,-1.05E-1));
#3702=CARTESIAN_POINT('',(-4.E-2,3.9E-1,-1.3E-1));
#3703=VERTEX_POINT('',#3701);
#3704=VERTEX_POINT('',#3702);
#3705=CARTESIAN_POINT('',(-1.1E-1,4.4E-1,-1.05E-1));
#3706=VERTEX_POINT('',#3705);
#3707=CARTESIAN_POINT('',(-1.1E-1,4.4E-1,-1.3E-1));
#3708=VERTEX_POINT('',#3707);
#3709=CARTESIAN_POINT('',(-4.E-2,4.4E-1,-1.05E-1));
#3710=VERTEX_POINT('',#3709);
#3711=CARTESIAN_POINT('',(-4.E-2,4.4E-1,-1.3E-1));
#3712=VERTEX_POINT('',#3711);
#3713=CARTESIAN_POINT('',(-1.066227766017E-1,3.83E-1,-1.925E-1));
#3714=CARTESIAN_POINT('',(-4.337722339832E-2,3.83E-1,-1.925E-1));
#3715=VERTEX_POINT('',#3713);
#3716=VERTEX_POINT('',#3714);
#3717=CARTESIAN_POINT('',(-1.066227766017E-1,3.83E-1,-2.075E-1));
#3718=CARTESIAN_POINT('',(-4.337722339832E-2,3.83E-1,-2.075E-1));
#3719=VERTEX_POINT('',#3717);
#3720=VERTEX_POINT('',#3718);
#3721=CARTESIAN_POINT('',(-9.E-2,3.8E-1,-5.02E-1));
#3722=CARTESIAN_POINT('',(-9.E-2,3.5E-1,-5.02E-1));
#3723=VERTEX_POINT('',#3721);
#3724=VERTEX_POINT('',#3722);
#3725=CARTESIAN_POINT('',(-9.E-2,3.5E-1,-6.02E-1));
#3726=VERTEX_POINT('',#3725);
#3727=CARTESIAN_POINT('',(-9.E-2,3.8E-1,-6.02E-1));
#3728=VERTEX_POINT('',#3727);
#3729=CARTESIAN_POINT('',(-6.E-2,3.8E-1,-5.02E-1));
#3730=CARTESIAN_POINT('',(-6.E-2,3.5E-1,-5.02E-1));
#3731=VERTEX_POINT('',#3729);
#3732=VERTEX_POINT('',#3730);
#3733=CARTESIAN_POINT('',(-6.E-2,3.5E-1,-6.02E-1));
#3734=VERTEX_POINT('',#3733);
#3735=CARTESIAN_POINT('',(-6.E-2,3.8E-1,-6.02E-1));
#3736=VERTEX_POINT('',#3735);
#3737=CARTESIAN_POINT('',(-8.6E-2,3.5E-1,-5.02E-1));
#3738=VERTEX_POINT('',#3737);
#3739=CARTESIAN_POINT('',(-6.4E-2,3.5E-1,-5.02E-1));
#3740=VERTEX_POINT('',#3739);
#3741=CARTESIAN_POINT('',(-8.6E-2,3.5E-1,-6.02E-1));
#3742=VERTEX_POINT('',#3741);
#3743=CARTESIAN_POINT('',(-6.4E-2,3.5E-1,-6.02E-1));
#3744=VERTEX_POINT('',#3743);
#3745=CARTESIAN_POINT('',(-2.E-2,4.4E-1,-2.5E-1));
#3746=CARTESIAN_POINT('',(-1.3E-1,4.4E-1,-2.5E-1));
#3747=VERTEX_POINT('',#3745);
#3748=VERTEX_POINT('',#3746);
#3749=CARTESIAN_POINT('',(-8.6E-2,3.3E-1,-5.02E-1));
#3750=CARTESIAN_POINT('',(-8.6E-2,3.3E-1,-6.02E-1));
#3751=VERTEX_POINT('',#3749);
#3752=VERTEX_POINT('',#3750);
#3753=CARTESIAN_POINT('',(-6.4E-2,3.3E-1,-5.02E-1));
#3754=CARTESIAN_POINT('',(-6.4E-2,3.3E-1,-6.02E-1));
#3755=VERTEX_POINT('',#3753);
#3756=VERTEX_POINT('',#3754);
#3757=CARTESIAN_POINT('',(-4.337722339832E-2,3.95E-1,-1.925E-1));
#3758=CARTESIAN_POINT('',(-1.066227766017E-1,3.95E-1,-1.925E-1));
#3759=VERTEX_POINT('',#3757);
#3760=VERTEX_POINT('',#3758);
#3761=CARTESIAN_POINT('',(-4.337722339832E-2,3.95E-1,-2.075E-1));
#3762=CARTESIAN_POINT('',(-1.066227766017E-1,3.95E-1,-2.075E-1));
#3763=VERTEX_POINT('',#3761);
#3764=VERTEX_POINT('',#3762);
#3765=CARTESIAN_POINT('',(-2.E-2,3.7E-1,-2.5E-1));
#3766=CARTESIAN_POINT('',(-1.3E-1,3.7E-1,-2.5E-1));
#3767=VERTEX_POINT('',#3765);
#3768=VERTEX_POINT('',#3766);
#3769=CARTESIAN_POINT('',(2.85E-1,2.2E-1,0.E0));
#3770=CARTESIAN_POINT('',(2.85E-1,3.E-2,0.E0));
#3771=VERTEX_POINT('',#3769);
#3772=VERTEX_POINT('',#3770);
#3773=CARTESIAN_POINT('',(2.65E-1,1.5E-1,-2.E-2));
#3774=CARTESIAN_POINT('',(2.65E-1,5.E-2,-2.E-2));
#3775=VERTEX_POINT('',#3773);
#3776=VERTEX_POINT('',#3774);
#3777=CARTESIAN_POINT('',(1.65E-1,3.E-2,0.E0));
#3778=VERTEX_POINT('',#3777);
#3779=CARTESIAN_POINT('',(1.85E-1,5.E-2,-2.E-2));
#3780=VERTEX_POINT('',#3779);
#3781=CARTESIAN_POINT('',(1.85E-1,1.5E-1,-2.E-2));
#3782=VERTEX_POINT('',#3781);
#3783=CARTESIAN_POINT('',(1.65E-1,2.2E-1,0.E0));
#3784=VERTEX_POINT('',#3783);
#3785=CARTESIAN_POINT('',(1.35E-1,2.2E-1,0.E0));
#3786=CARTESIAN_POINT('',(1.35E-1,3.E-2,0.E0));
#3787=VERTEX_POINT('',#3785);
#3788=VERTEX_POINT('',#3786);
#3789=CARTESIAN_POINT('',(1.15E-1,1.5E-1,-2.E-2));
#3790=CARTESIAN_POINT('',(1.15E-1,5.E-2,-2.E-2));
#3791=VERTEX_POINT('',#3789);
#3792=VERTEX_POINT('',#3790);
#3793=CARTESIAN_POINT('',(1.5E-2,3.E-2,0.E0));
#3794=VERTEX_POINT('',#3793);
#3795=CARTESIAN_POINT('',(3.5E-2,5.E-2,-2.E-2));
#3796=VERTEX_POINT('',#3795);
#3797=CARTESIAN_POINT('',(3.5E-2,1.5E-1,-2.E-2));
#3798=VERTEX_POINT('',#3797);
#3799=CARTESIAN_POINT('',(1.5E-2,2.2E-1,0.E0));
#3800=VERTEX_POINT('',#3799);
#3801=CARTESIAN_POINT('',(-1.5E-2,2.2E-1,0.E0));
#3802=CARTESIAN_POINT('',(-1.5E-2,3.E-2,0.E0));
#3803=VERTEX_POINT('',#3801);
#3804=VERTEX_POINT('',#3802);
#3805=CARTESIAN_POINT('',(-3.5E-2,1.5E-1,-2.E-2));
#3806=CARTESIAN_POINT('',(-3.5E-2,5.E-2,-2.E-2));
#3807=VERTEX_POINT('',#3805);
#3808=VERTEX_POINT('',#3806);
#3809=CARTESIAN_POINT('',(-1.35E-1,3.E-2,0.E0));
#3810=VERTEX_POINT('',#3809);
#3811=CARTESIAN_POINT('',(-1.15E-1,5.E-2,-2.E-2));
#3812=VERTEX_POINT('',#3811);
#3813=CARTESIAN_POINT('',(-1.15E-1,1.5E-1,-2.E-2));
#3814=VERTEX_POINT('',#3813);
#3815=CARTESIAN_POINT('',(-1.35E-1,2.2E-1,0.E0));
#3816=VERTEX_POINT('',#3815);
#3817=CARTESIAN_POINT('',(-2.65E-1,1.5E-1,-3.E-1));
#3818=CARTESIAN_POINT('',(-2.65E-1,5.E-2,-3.E-1));
#3819=VERTEX_POINT('',#3817);
#3820=VERTEX_POINT('',#3818);
#3821=CARTESIAN_POINT('',(-1.85E-1,5.E-2,-3.E-1));
#3822=VERTEX_POINT('',#3821);
#3823=CARTESIAN_POINT('',(-1.85E-1,1.5E-1,-3.E-1));
#3824=VERTEX_POINT('',#3823);
#3825=CARTESIAN_POINT('',(-2.85E-1,1.7E-1,-6.1E-1));
#3826=CARTESIAN_POINT('',(-2.85E-1,3.3E-1,-6.1E-1));
#3827=VERTEX_POINT('',#3825);
#3828=VERTEX_POINT('',#3826);
#3829=CARTESIAN_POINT('',(-1.65E-1,1.7E-1,-6.1E-1));
#3830=CARTESIAN_POINT('',(-1.65E-1,3.3E-1,-6.1E-1));
#3831=VERTEX_POINT('',#3829);
#3832=VERTEX_POINT('',#3830);
#3833=CARTESIAN_POINT('',(-2.85E-1,1.7E-1,-3.5E-1));
#3834=VERTEX_POINT('',#3833);
#3835=CARTESIAN_POINT('',(-2.85E-1,3.3E-1,-3.5E-1));
#3836=VERTEX_POINT('',#3835);
#3837=CARTESIAN_POINT('',(-1.65E-1,1.7E-1,-3.5E-1));
#3838=VERTEX_POINT('',#3837);
#3839=CARTESIAN_POINT('',(-1.65E-1,3.3E-1,-3.5E-1));
#3840=VERTEX_POINT('',#3839);
#3841=CARTESIAN_POINT('',(-2.25E-1,2.725E-1,-5.7E-1));
#3842=CARTESIAN_POINT('',(-2.25E-1,2.8E-1,-5.775E-1));
#3843=VERTEX_POINT('',#3841);
#3844=VERTEX_POINT('',#3842);
#3845=CARTESIAN_POINT('',(-2.25E-1,2.725E-1,-5.6E-1));
#3846=VERTEX_POINT('',#3845);
#3847=CARTESIAN_POINT('',(-2.25E-1,2.275E-1,-5.7E-1));
#3848=CARTESIAN_POINT('',(-2.25E-1,2.2E-1,-5.775E-1));
#3849=VERTEX_POINT('',#3847);
#3850=VERTEX_POINT('',#3848);
#3851=CARTESIAN_POINT('',(-2.25E-1,2.275E-1,-5.6E-1));
#3852=VERTEX_POINT('',#3851);
#3853=CARTESIAN_POINT('',(-2.25E-1,2.8E-1,-6.1E-1));
#3854=VERTEX_POINT('',#3853);
#3855=CARTESIAN_POINT('',(-2.25E-1,2.2E-1,-6.1E-1));
#3856=VERTEX_POINT('',#3855);
#3857=CARTESIAN_POINT('',(-2.25E-1,3.95E-1,-2.325E-1));
#3858=CARTESIAN_POINT('',(-2.25E-1,3.7E-1,-2.325E-1));
#3859=VERTEX_POINT('',#3857);
#3860=VERTEX_POINT('',#3858);
#3861=CARTESIAN_POINT('',(-2.25E-1,3.95E-1,-1.675E-1));
#3862=CARTESIAN_POINT('',(-2.25E-1,3.7E-1,-1.675E-1));
#3863=VERTEX_POINT('',#3861);
#3864=VERTEX_POINT('',#3862);
#3865=CARTESIAN_POINT('',(-2.25E-1,3.7E-1,-2.4E-1));
#3866=CARTESIAN_POINT('',(-2.25E-1,3.7E-1,-1.6E-1));
#3867=VERTEX_POINT('',#3865);
#3868=VERTEX_POINT('',#3866);
#3869=CARTESIAN_POINT('',(-2.25E-1,4.4E-1,-2.4E-1));
#3870=VERTEX_POINT('',#3869);
#3871=CARTESIAN_POINT('',(-2.25E-1,4.4E-1,-1.6E-1));
#3872=VERTEX_POINT('',#3871);
#3873=CARTESIAN_POINT('',(-2.6E-1,3.9E-1,-1.05E-1));
#3874=CARTESIAN_POINT('',(-2.6E-1,3.9E-1,-1.3E-1));
#3875=VERTEX_POINT('',#3873);
#3876=VERTEX_POINT('',#3874);
#3877=CARTESIAN_POINT('',(-1.9E-1,3.9E-1,-1.05E-1));
#3878=CARTESIAN_POINT('',(-1.9E-1,3.9E-1,-1.3E-1));
#3879=VERTEX_POINT('',#3877);
#3880=VERTEX_POINT('',#3878);
#3881=CARTESIAN_POINT('',(-2.6E-1,4.4E-1,-1.05E-1));
#3882=VERTEX_POINT('',#3881);
#3883=CARTESIAN_POINT('',(-2.6E-1,4.4E-1,-1.3E-1));
#3884=VERTEX_POINT('',#3883);
#3885=CARTESIAN_POINT('',(-1.9E-1,4.4E-1,-1.05E-1));
#3886=VERTEX_POINT('',#3885);
#3887=CARTESIAN_POINT('',(-1.9E-1,4.4E-1,-1.3E-1));
#3888=VERTEX_POINT('',#3887);
#3889=CARTESIAN_POINT('',(-2.566227766017E-1,3.83E-1,-1.925E-1));
#3890=CARTESIAN_POINT('',(-1.933772233983E-1,3.83E-1,-1.925E-1));
#3891=VERTEX_POINT('',#3889);
#3892=VERTEX_POINT('',#3890);
#3893=CARTESIAN_POINT('',(-2.566227766017E-1,3.83E-1,-2.075E-1));
#3894=CARTESIAN_POINT('',(-1.933772233983E-1,3.83E-1,-2.075E-1));
#3895=VERTEX_POINT('',#3893);
#3896=VERTEX_POINT('',#3894);
#3897=CARTESIAN_POINT('',(-2.4E-1,3.8E-1,-5.02E-1));
#3898=CARTESIAN_POINT('',(-2.4E-1,3.5E-1,-5.02E-1));
#3899=VERTEX_POINT('',#3897);
#3900=VERTEX_POINT('',#3898);
#3901=CARTESIAN_POINT('',(-2.4E-1,3.5E-1,-6.02E-1));
#3902=VERTEX_POINT('',#3901);
#3903=CARTESIAN_POINT('',(-2.4E-1,3.8E-1,-6.02E-1));
#3904=VERTEX_POINT('',#3903);
#3905=CARTESIAN_POINT('',(-2.1E-1,3.8E-1,-5.02E-1));
#3906=CARTESIAN_POINT('',(-2.1E-1,3.5E-1,-5.02E-1));
#3907=VERTEX_POINT('',#3905);
#3908=VERTEX_POINT('',#3906);
#3909=CARTESIAN_POINT('',(-2.1E-1,3.5E-1,-6.02E-1));
#3910=VERTEX_POINT('',#3909);
#3911=CARTESIAN_POINT('',(-2.1E-1,3.8E-1,-6.02E-1));
#3912=VERTEX_POINT('',#3911);
#3913=CARTESIAN_POINT('',(-2.36E-1,3.5E-1,-5.02E-1));
#3914=VERTEX_POINT('',#3913);
#3915=CARTESIAN_POINT('',(-2.14E-1,3.5E-1,-5.02E-1));
#3916=VERTEX_POINT('',#3915);
#3917=CARTESIAN_POINT('',(-2.36E-1,3.5E-1,-6.02E-1));
#3918=VERTEX_POINT('',#3917);
#3919=CARTESIAN_POINT('',(-2.14E-1,3.5E-1,-6.02E-1));
#3920=VERTEX_POINT('',#3919);
#3921=CARTESIAN_POINT('',(-1.7E-1,4.4E-1,-2.5E-1));
#3922=CARTESIAN_POINT('',(-2.8E-1,4.4E-1,-2.5E-1));
#3923=VERTEX_POINT('',#3921);
#3924=VERTEX_POINT('',#3922);
#3925=CARTESIAN_POINT('',(-2.36E-1,3.3E-1,-5.02E-1));
#3926=CARTESIAN_POINT('',(-2.36E-1,3.3E-1,-6.02E-1));
#3927=VERTEX_POINT('',#3925);
#3928=VERTEX_POINT('',#3926);
#3929=CARTESIAN_POINT('',(-2.14E-1,3.3E-1,-5.02E-1));
#3930=CARTESIAN_POINT('',(-2.14E-1,3.3E-1,-6.02E-1));
#3931=VERTEX_POINT('',#3929);
#3932=VERTEX_POINT('',#3930);
#3933=CARTESIAN_POINT('',(-1.933772233983E-1,3.95E-1,-1.925E-1));
#3934=CARTESIAN_POINT('',(-2.566227766017E-1,3.95E-1,-1.925E-1));
#3935=VERTEX_POINT('',#3933);
#3936=VERTEX_POINT('',#3934);
#3937=CARTESIAN_POINT('',(-1.933772233983E-1,3.95E-1,-2.075E-1));
#3938=CARTESIAN_POINT('',(-2.566227766017E-1,3.95E-1,-2.075E-1));
#3939=VERTEX_POINT('',#3937);
#3940=VERTEX_POINT('',#3938);
#3941=CARTESIAN_POINT('',(-1.7E-1,3.7E-1,-2.5E-1));
#3942=CARTESIAN_POINT('',(-2.8E-1,3.7E-1,-2.5E-1));
#3943=VERTEX_POINT('',#3941);
#3944=VERTEX_POINT('',#3942);
#3945=CARTESIAN_POINT('',(-1.65E-1,2.2E-1,0.E0));
#3946=CARTESIAN_POINT('',(-1.65E-1,3.E-2,0.E0));
#3947=VERTEX_POINT('',#3945);
#3948=VERTEX_POINT('',#3946);
#3949=CARTESIAN_POINT('',(-1.85E-1,1.5E-1,-2.E-2));
#3950=CARTESIAN_POINT('',(-1.85E-1,5.E-2,-2.E-2));
#3951=VERTEX_POINT('',#3949);
#3952=VERTEX_POINT('',#3950);
#3953=CARTESIAN_POINT('',(-2.85E-1,3.E-2,0.E0));
#3954=VERTEX_POINT('',#3953);
#3955=CARTESIAN_POINT('',(-2.65E-1,5.E-2,-2.E-2));
#3956=VERTEX_POINT('',#3955);
#3957=CARTESIAN_POINT('',(-2.65E-1,1.5E-1,-2.E-2));
#3958=VERTEX_POINT('',#3957);
#3959=CARTESIAN_POINT('',(-2.85E-1,2.2E-1,0.E0));
#3960=VERTEX_POINT('',#3959);
#3961=CARTESIAN_POINT('',(-4.15E-1,1.5E-1,-3.E-1));
#3962=CARTESIAN_POINT('',(-4.15E-1,5.E-2,-3.E-1));
#3963=VERTEX_POINT('',#3961);
#3964=VERTEX_POINT('',#3962);
#3965=CARTESIAN_POINT('',(-3.35E-1,5.E-2,-3.E-1));
#3966=VERTEX_POINT('',#3965);
#3967=CARTESIAN_POINT('',(-3.35E-1,1.5E-1,-3.E-1));
#3968=VERTEX_POINT('',#3967);
#3969=CARTESIAN_POINT('',(-4.35E-1,1.7E-1,-6.1E-1));
#3970=CARTESIAN_POINT('',(-4.35E-1,3.3E-1,-6.1E-1));
#3971=VERTEX_POINT('',#3969);
#3972=VERTEX_POINT('',#3970);
#3973=CARTESIAN_POINT('',(-3.15E-1,1.7E-1,-6.1E-1));
#3974=CARTESIAN_POINT('',(-3.15E-1,3.3E-1,-6.1E-1));
#3975=VERTEX_POINT('',#3973);
#3976=VERTEX_POINT('',#3974);
#3977=CARTESIAN_POINT('',(-4.35E-1,1.7E-1,-3.5E-1));
#3978=VERTEX_POINT('',#3977);
#3979=CARTESIAN_POINT('',(-4.35E-1,3.3E-1,-3.5E-1));
#3980=VERTEX_POINT('',#3979);
#3981=CARTESIAN_POINT('',(-3.15E-1,1.7E-1,-3.5E-1));
#3982=VERTEX_POINT('',#3981);
#3983=CARTESIAN_POINT('',(-3.15E-1,3.3E-1,-3.5E-1));
#3984=VERTEX_POINT('',#3983);
#3985=CARTESIAN_POINT('',(-3.75E-1,2.725E-1,-5.7E-1));
#3986=CARTESIAN_POINT('',(-3.75E-1,2.8E-1,-5.775E-1));
#3987=VERTEX_POINT('',#3985);
#3988=VERTEX_POINT('',#3986);
#3989=CARTESIAN_POINT('',(-3.75E-1,2.725E-1,-5.6E-1));
#3990=VERTEX_POINT('',#3989);
#3991=CARTESIAN_POINT('',(-3.75E-1,2.275E-1,-5.7E-1));
#3992=CARTESIAN_POINT('',(-3.75E-1,2.2E-1,-5.775E-1));
#3993=VERTEX_POINT('',#3991);
#3994=VERTEX_POINT('',#3992);
#3995=CARTESIAN_POINT('',(-3.75E-1,2.275E-1,-5.6E-1));
#3996=VERTEX_POINT('',#3995);
#3997=CARTESIAN_POINT('',(-3.75E-1,2.8E-1,-6.1E-1));
#3998=VERTEX_POINT('',#3997);
#3999=CARTESIAN_POINT('',(-3.75E-1,2.2E-1,-6.1E-1));
#4000=VERTEX_POINT('',#3999);
#4001=CARTESIAN_POINT('',(-3.75E-1,3.95E-1,-2.325E-1));
#4002=CARTESIAN_POINT('',(-3.75E-1,3.7E-1,-2.325E-1));
#4003=VERTEX_POINT('',#4001);
#4004=VERTEX_POINT('',#4002);
#4005=CARTESIAN_POINT('',(-3.75E-1,3.95E-1,-1.675E-1));
#4006=CARTESIAN_POINT('',(-3.75E-1,3.7E-1,-1.675E-1));
#4007=VERTEX_POINT('',#4005);
#4008=VERTEX_POINT('',#4006);
#4009=CARTESIAN_POINT('',(-3.75E-1,3.7E-1,-2.4E-1));
#4010=CARTESIAN_POINT('',(-3.75E-1,3.7E-1,-1.6E-1));
#4011=VERTEX_POINT('',#4009);
#4012=VERTEX_POINT('',#4010);
#4013=CARTESIAN_POINT('',(-3.75E-1,4.4E-1,-2.4E-1));
#4014=VERTEX_POINT('',#4013);
#4015=CARTESIAN_POINT('',(-3.75E-1,4.4E-1,-1.6E-1));
#4016=VERTEX_POINT('',#4015);
#4017=CARTESIAN_POINT('',(-4.1E-1,3.9E-1,-1.05E-1));
#4018=CARTESIAN_POINT('',(-4.1E-1,3.9E-1,-1.3E-1));
#4019=VERTEX_POINT('',#4017);
#4020=VERTEX_POINT('',#4018);
#4021=CARTESIAN_POINT('',(-3.4E-1,3.9E-1,-1.05E-1));
#4022=CARTESIAN_POINT('',(-3.4E-1,3.9E-1,-1.3E-1));
#4023=VERTEX_POINT('',#4021);
#4024=VERTEX_POINT('',#4022);
#4025=CARTESIAN_POINT('',(-4.1E-1,4.4E-1,-1.05E-1));
#4026=VERTEX_POINT('',#4025);
#4027=CARTESIAN_POINT('',(-4.1E-1,4.4E-1,-1.3E-1));
#4028=VERTEX_POINT('',#4027);
#4029=CARTESIAN_POINT('',(-3.4E-1,4.4E-1,-1.05E-1));
#4030=VERTEX_POINT('',#4029);
#4031=CARTESIAN_POINT('',(-3.4E-1,4.4E-1,-1.3E-1));
#4032=VERTEX_POINT('',#4031);
#4033=CARTESIAN_POINT('',(-4.066227766017E-1,3.83E-1,-1.925E-1));
#4034=CARTESIAN_POINT('',(-3.433772233983E-1,3.83E-1,-1.925E-1));
#4035=VERTEX_POINT('',#4033);
#4036=VERTEX_POINT('',#4034);
#4037=CARTESIAN_POINT('',(-4.066227766017E-1,3.83E-1,-2.075E-1));
#4038=CARTESIAN_POINT('',(-3.433772233983E-1,3.83E-1,-2.075E-1));
#4039=VERTEX_POINT('',#4037);
#4040=VERTEX_POINT('',#4038);
#4041=CARTESIAN_POINT('',(-3.9E-1,3.8E-1,-5.02E-1));
#4042=CARTESIAN_POINT('',(-3.9E-1,3.5E-1,-5.02E-1));
#4043=VERTEX_POINT('',#4041);
#4044=VERTEX_POINT('',#4042);
#4045=CARTESIAN_POINT('',(-3.9E-1,3.5E-1,-6.02E-1));
#4046=VERTEX_POINT('',#4045);
#4047=CARTESIAN_POINT('',(-3.9E-1,3.8E-1,-6.02E-1));
#4048=VERTEX_POINT('',#4047);
#4049=CARTESIAN_POINT('',(-3.6E-1,3.8E-1,-5.02E-1));
#4050=CARTESIAN_POINT('',(-3.6E-1,3.5E-1,-5.02E-1));
#4051=VERTEX_POINT('',#4049);
#4052=VERTEX_POINT('',#4050);
#4053=CARTESIAN_POINT('',(-3.6E-1,3.5E-1,-6.02E-1));
#4054=VERTEX_POINT('',#4053);
#4055=CARTESIAN_POINT('',(-3.6E-1,3.8E-1,-6.02E-1));
#4056=VERTEX_POINT('',#4055);
#4057=CARTESIAN_POINT('',(-3.86E-1,3.5E-1,-5.02E-1));
#4058=VERTEX_POINT('',#4057);
#4059=CARTESIAN_POINT('',(-3.64E-1,3.5E-1,-5.02E-1));
#4060=VERTEX_POINT('',#4059);
#4061=CARTESIAN_POINT('',(-3.86E-1,3.5E-1,-6.02E-1));
#4062=VERTEX_POINT('',#4061);
#4063=CARTESIAN_POINT('',(-3.64E-1,3.5E-1,-6.02E-1));
#4064=VERTEX_POINT('',#4063);
#4065=CARTESIAN_POINT('',(-3.2E-1,4.4E-1,-2.5E-1));
#4066=CARTESIAN_POINT('',(-4.3E-1,4.4E-1,-2.5E-1));
#4067=VERTEX_POINT('',#4065);
#4068=VERTEX_POINT('',#4066);
#4069=CARTESIAN_POINT('',(-3.86E-1,3.3E-1,-5.02E-1));
#4070=CARTESIAN_POINT('',(-3.86E-1,3.3E-1,-6.02E-1));
#4071=VERTEX_POINT('',#4069);
#4072=VERTEX_POINT('',#4070);
#4073=CARTESIAN_POINT('',(-3.64E-1,3.3E-1,-5.02E-1));
#4074=CARTESIAN_POINT('',(-3.64E-1,3.3E-1,-6.02E-1));
#4075=VERTEX_POINT('',#4073);
#4076=VERTEX_POINT('',#4074);
#4077=CARTESIAN_POINT('',(-3.433772233983E-1,3.95E-1,-1.925E-1));
#4078=CARTESIAN_POINT('',(-4.066227766017E-1,3.95E-1,-1.925E-1));
#4079=VERTEX_POINT('',#4077);
#4080=VERTEX_POINT('',#4078);
#4081=CARTESIAN_POINT('',(-3.433772233983E-1,3.95E-1,-2.075E-1));
#4082=CARTESIAN_POINT('',(-4.066227766017E-1,3.95E-1,-2.075E-1));
#4083=VERTEX_POINT('',#4081);
#4084=VERTEX_POINT('',#4082);
#4085=CARTESIAN_POINT('',(-3.2E-1,3.7E-1,-2.5E-1));
#4086=CARTESIAN_POINT('',(-4.3E-1,3.7E-1,-2.5E-1));
#4087=VERTEX_POINT('',#4085);
#4088=VERTEX_POINT('',#4086);
#4089=CARTESIAN_POINT('',(-3.15E-1,2.2E-1,0.E0));
#4090=CARTESIAN_POINT('',(-3.15E-1,3.E-2,0.E0));
#4091=VERTEX_POINT('',#4089);
#4092=VERTEX_POINT('',#4090);
#4093=CARTESIAN_POINT('',(-3.35E-1,1.5E-1,-2.E-2));
#4094=CARTESIAN_POINT('',(-3.35E-1,5.E-2,-2.E-2));
#4095=VERTEX_POINT('',#4093);
#4096=VERTEX_POINT('',#4094);
#4097=CARTESIAN_POINT('',(-4.35E-1,3.E-2,0.E0));
#4098=VERTEX_POINT('',#4097);
#4099=CARTESIAN_POINT('',(-4.15E-1,5.E-2,-2.E-2));
#4100=VERTEX_POINT('',#4099);
#4101=CARTESIAN_POINT('',(-4.15E-1,1.5E-1,-2.E-2));
#4102=VERTEX_POINT('',#4101);
#4103=CARTESIAN_POINT('',(-4.35E-1,2.2E-1,0.E0));
#4104=VERTEX_POINT('',#4103);
#4105=CARTESIAN_POINT('',(-4.65E-1,0.E0,0.E0));
#4106=DIRECTION('',(1.E0,0.E0,0.E0));
#4107=DIRECTION('',(0.E0,0.E0,-1.E0));
#4108=AXIS2_PLACEMENT_3D('',#4105,#4106,#4107);
#4109=PLANE('',#4108);
#4111=ORIENTED_EDGE('',*,*,#4110,.F.);
#4113=ORIENTED_EDGE('',*,*,#4112,.T.);
#4115=ORIENTED_EDGE('',*,*,#4114,.T.);
#4117=ORIENTED_EDGE('',*,*,#4116,.T.);
#4119=ORIENTED_EDGE('',*,*,#4118,.T.);
#4121=ORIENTED_EDGE('',*,*,#4120,.T.);
#4123=ORIENTED_EDGE('',*,*,#4122,.T.);
#4125=ORIENTED_EDGE('',*,*,#4124,.T.);
#4127=ORIENTED_EDGE('',*,*,#4126,.T.);
#4129=ORIENTED_EDGE('',*,*,#4128,.T.);
#4131=ORIENTED_EDGE('',*,*,#4130,.F.);
#4133=ORIENTED_EDGE('',*,*,#4132,.F.);
#4134=EDGE_LOOP('',(#4111,#4113,#4115,#4117,#4119,#4121,#4123,#4125,#4127,#4129,
#4131,#4133));
#4135=FACE_OUTER_BOUND('',#4134,.F.);
#4136=ADVANCED_FACE('',(#4135),#4109,.F.);
#4137=CARTESIAN_POINT('',(-4.65E-1,2.E-2,0.E0));
#4138=DIRECTION('',(0.E0,1.E0,0.E0));
#4139=DIRECTION('',(0.E0,0.E0,-1.E0));
#4140=AXIS2_PLACEMENT_3D('',#4137,#4138,#4139);
#4141=PLANE('',#4140);
#4143=ORIENTED_EDGE('',*,*,#4142,.F.);
#4145=ORIENTED_EDGE('',*,*,#4144,.F.);
#4146=ORIENTED_EDGE('',*,*,#4110,.T.);
#4148=ORIENTED_EDGE('',*,*,#4147,.T.);
#4149=EDGE_LOOP('',(#4143,#4145,#4146,#4148));
#4150=FACE_OUTER_BOUND('',#4149,.F.);
#4151=ADVANCED_FACE('',(#4150),#4141,.T.);
#4152=CARTESIAN_POINT('',(-4.6E-1,0.E0,0.E0));
#4153=DIRECTION('',(1.E0,0.E0,0.E0));
#4154=DIRECTION('',(0.E0,0.E0,-1.E0));
#4155=AXIS2_PLACEMENT_3D('',#4152,#4153,#4154);
#4156=PLANE('',#4155);
#4157=ORIENTED_EDGE('',*,*,#4142,.T.);
#4159=ORIENTED_EDGE('',*,*,#4158,.T.);
#4161=ORIENTED_EDGE('',*,*,#4160,.T.);
#4163=ORIENTED_EDGE('',*,*,#4162,.T.);
#4165=ORIENTED_EDGE('',*,*,#4164,.T.);
#4167=ORIENTED_EDGE('',*,*,#4166,.T.);
#4168=EDGE_LOOP('',(#4157,#4159,#4161,#4163,#4165,#4167));
#4169=FACE_OUTER_BOUND('',#4168,.F.);
#4170=ADVANCED_FACE('',(#4169),#4156,.F.);
#4171=CARTESIAN_POINT('',(-4.65E-1,2.E-2,-1.E-1));
#4172=DIRECTION('',(0.E0,0.E0,1.E0));
#4173=DIRECTION('',(0.E0,1.E0,0.E0));
#4174=AXIS2_PLACEMENT_3D('',#4171,#4172,#4173);
#4175=PLANE('',#4174);
#4176=ORIENTED_EDGE('',*,*,#4147,.F.);
#4177=ORIENTED_EDGE('',*,*,#4132,.T.);
#4179=ORIENTED_EDGE('',*,*,#4178,.T.);
#4180=ORIENTED_EDGE('',*,*,#4158,.F.);
#4181=EDGE_LOOP('',(#4176,#4177,#4179,#4180));
#4182=FACE_OUTER_BOUND('',#4181,.F.);
#4183=ADVANCED_FACE('',(#4182),#4175,.T.);
#4184=CARTESIAN_POINT('',(-4.65E-1,4.2E-1,-1.E-1));
#4185=DIRECTION('',(0.E0,-1.E0,0.E0));
#4186=DIRECTION('',(0.E0,0.E0,1.E0));
#4187=AXIS2_PLACEMENT_3D('',#4184,#4185,#4186);
#4188=PLANE('',#4187);
#4189=ORIENTED_EDGE('',*,*,#4160,.F.);
#4190=ORIENTED_EDGE('',*,*,#4178,.F.);
#4191=ORIENTED_EDGE('',*,*,#4130,.T.);
#4193=ORIENTED_EDGE('',*,*,#4192,.T.);
#4194=EDGE_LOOP('',(#4189,#4190,#4191,#4193));
#4195=FACE_OUTER_BOUND('',#4194,.F.);
#4196=ADVANCED_FACE('',(#4195),#4188,.T.);
#4197=CARTESIAN_POINT('',(-4.65E-1,4.4E-1,-7.E-2));
#4198=DIRECTION('',(0.E0,0.E0,1.E0));
#4199=DIRECTION('',(0.E0,-1.E0,0.E0));
#4200=AXIS2_PLACEMENT_3D('',#4197,#4198,#4199);
#4201=PLANE('',#4200);
#4202=ORIENTED_EDGE('',*,*,#4192,.F.);
#4203=ORIENTED_EDGE('',*,*,#4128,.F.);
#4205=ORIENTED_EDGE('',*,*,#4204,.T.);
#4207=ORIENTED_EDGE('',*,*,#4206,.T.);
#4209=ORIENTED_EDGE('',*,*,#4208,.T.);
#4211=ORIENTED_EDGE('',*,*,#4210,.F.);
#4212=EDGE_LOOP('',(#4202,#4203,#4205,#4207,#4209,#4211));
#4213=FACE_OUTER_BOUND('',#4212,.F.);
#4214=ADVANCED_FACE('',(#4213),#4201,.T.);
#4215=CARTESIAN_POINT('',(-4.65E-1,4.4E-1,-2.9E-1));
#4216=DIRECTION('',(0.E0,1.E0,0.E0));
#4217=DIRECTION('',(0.E0,0.E0,1.E0));
#4218=AXIS2_PLACEMENT_3D('',#4215,#4216,#4217);
#4219=PLANE('',#4218);
#4221=ORIENTED_EDGE('',*,*,#4220,.T.);
#4223=ORIENTED_EDGE('',*,*,#4222,.F.);
#4225=ORIENTED_EDGE('',*,*,#4224,.T.);
#4227=ORIENTED_EDGE('',*,*,#4226,.F.);
#4229=ORIENTED_EDGE('',*,*,#4228,.T.);
#4231=ORIENTED_EDGE('',*,*,#4230,.F.);
#4233=ORIENTED_EDGE('',*,*,#4232,.T.);
#4235=ORIENTED_EDGE('',*,*,#4234,.F.);
#4237=ORIENTED_EDGE('',*,*,#4236,.T.);
#4239=ORIENTED_EDGE('',*,*,#4238,.F.);
#4241=ORIENTED_EDGE('',*,*,#4240,.T.);
#4243=ORIENTED_EDGE('',*,*,#4242,.F.);
#4245=ORIENTED_EDGE('',*,*,#4244,.T.);
#4247=ORIENTED_EDGE('',*,*,#4246,.F.);
#4249=ORIENTED_EDGE('',*,*,#4248,.T.);
#4251=ORIENTED_EDGE('',*,*,#4250,.T.);
#4252=ORIENTED_EDGE('',*,*,#4204,.F.);
#4253=ORIENTED_EDGE('',*,*,#4126,.F.);
#4255=ORIENTED_EDGE('',*,*,#4254,.T.);
#4257=ORIENTED_EDGE('',*,*,#4256,.T.);
#4258=EDGE_LOOP('',(#4221,#4223,#4225,#4227,#4229,#4231,#4233,#4235,#4237,#4239,
#4241,#4243,#4245,#4247,#4249,#4251,#4252,#4253,#4255,#4257));
#4259=FACE_OUTER_BOUND('',#4258,.F.);
#4261=ORIENTED_EDGE('',*,*,#4260,.F.);
#4263=ORIENTED_EDGE('',*,*,#4262,.T.);
#4265=ORIENTED_EDGE('',*,*,#4264,.T.);
#4267=ORIENTED_EDGE('',*,*,#4266,.F.);
#4268=EDGE_LOOP('',(#4261,#4263,#4265,#4267));
#4269=FACE_BOUND('',#4268,.F.);
#4271=ORIENTED_EDGE('',*,*,#4270,.T.);
#4273=ORIENTED_EDGE('',*,*,#4272,.T.);
#4274=EDGE_LOOP('',(#4271,#4273));
#4275=FACE_BOUND('',#4274,.F.);
#4277=ORIENTED_EDGE('',*,*,#4276,.F.);
#4279=ORIENTED_EDGE('',*,*,#4278,.T.);
#4281=ORIENTED_EDGE('',*,*,#4280,.T.);
#4283=ORIENTED_EDGE('',*,*,#4282,.F.);
#4284=EDGE_LOOP('',(#4277,#4279,#4281,#4283));
#4285=FACE_BOUND('',#4284,.F.);
#4287=ORIENTED_EDGE('',*,*,#4286,.T.);
#4289=ORIENTED_EDGE('',*,*,#4288,.T.);
#4290=EDGE_LOOP('',(#4287,#4289));
#4291=FACE_BOUND('',#4290,.F.);
#4293=ORIENTED_EDGE('',*,*,#4292,.F.);
#4295=ORIENTED_EDGE('',*,*,#4294,.T.);
#4297=ORIENTED_EDGE('',*,*,#4296,.T.);
#4299=ORIENTED_EDGE('',*,*,#4298,.F.);
#4300=EDGE_LOOP('',(#4293,#4295,#4297,#4299));
#4301=FACE_BOUND('',#4300,.F.);
#4303=ORIENTED_EDGE('',*,*,#4302,.T.);
#4305=ORIENTED_EDGE('',*,*,#4304,.T.);
#4306=EDGE_LOOP('',(#4303,#4305));
#4307=FACE_BOUND('',#4306,.F.);
#4309=ORIENTED_EDGE('',*,*,#4308,.F.);
#4311=ORIENTED_EDGE('',*,*,#4310,.T.);
#4313=ORIENTED_EDGE('',*,*,#4312,.T.);
#4315=ORIENTED_EDGE('',*,*,#4314,.F.);
#4316=EDGE_LOOP('',(#4309,#4311,#4313,#4315));
#4317=FACE_BOUND('',#4316,.F.);
#4319=ORIENTED_EDGE('',*,*,#4318,.T.);
#4321=ORIENTED_EDGE('',*,*,#4320,.T.);
#4322=EDGE_LOOP('',(#4319,#4321));
#4323=FACE_BOUND('',#4322,.F.);
#4325=ORIENTED_EDGE('',*,*,#4324,.F.);
#4327=ORIENTED_EDGE('',*,*,#4326,.T.);
#4329=ORIENTED_EDGE('',*,*,#4328,.T.);
#4331=ORIENTED_EDGE('',*,*,#4330,.F.);
#4332=EDGE_LOOP('',(#4325,#4327,#4329,#4331));
#4333=FACE_BOUND('',#4332,.F.);
#4335=ORIENTED_EDGE('',*,*,#4334,.T.);
#4337=ORIENTED_EDGE('',*,*,#4336,.T.);
#4338=EDGE_LOOP('',(#4335,#4337));
#4339=FACE_BOUND('',#4338,.F.);
#4341=ORIENTED_EDGE('',*,*,#4340,.F.);
#4343=ORIENTED_EDGE('',*,*,#4342,.T.);
#4345=ORIENTED_EDGE('',*,*,#4344,.T.);
#4347=ORIENTED_EDGE('',*,*,#4346,.F.);
#4348=EDGE_LOOP('',(#4341,#4343,#4345,#4347));
#4349=FACE_BOUND('',#4348,.F.);
#4351=ORIENTED_EDGE('',*,*,#4350,.F.);
#4353=ORIENTED_EDGE('',*,*,#4352,.F.);
#4354=EDGE_LOOP('',(#4351,#4353));
#4355=FACE_BOUND('',#4354,.F.);
#4356=ADVANCED_FACE('',(#4259,#4269,#4275,#4285,#4291,#4301,#4307,#4317,#4323,
#4333,#4339,#4349,#4355),#4219,.T.);
#4357=CARTESIAN_POINT('',(3.75E-1,3.665E-1,-2.E-1));
#4358=DIRECTION('',(0.E0,1.E0,0.E0));
#4359=DIRECTION('',(0.E0,0.E0,-1.E0));
#4360=AXIS2_PLACEMENT_3D('',#4357,#4358,#4359);
#4361=CYLINDRICAL_SURFACE('',#4360,4.E-2);
#4362=ORIENTED_EDGE('',*,*,#4350,.T.);
#4364=ORIENTED_EDGE('',*,*,#4363,.T.);
#4366=ORIENTED_EDGE('',*,*,#4365,.T.);
#4368=ORIENTED_EDGE('',*,*,#4367,.F.);
#4369=EDGE_LOOP('',(#4362,#4364,#4366,#4368));
#4370=FACE_OUTER_BOUND('',#4369,.F.);
#4371=ADVANCED_FACE('',(#4370),#4361,.F.);
#4372=CARTESIAN_POINT('',(3.75E-1,3.665E-1,-2.E-1));
#4373=DIRECTION('',(0.E0,1.E0,0.E0));
#4374=DIRECTION('',(0.E0,0.E0,-1.E0));
#4375=AXIS2_PLACEMENT_3D('',#4372,#4373,#4374);
#4376=CYLINDRICAL_SURFACE('',#4375,4.E-2);
#4377=ORIENTED_EDGE('',*,*,#4352,.T.);
#4378=ORIENTED_EDGE('',*,*,#4367,.T.);
#4380=ORIENTED_EDGE('',*,*,#4379,.F.);
#4381=ORIENTED_EDGE('',*,*,#4363,.F.);
#4382=EDGE_LOOP('',(#4377,#4378,#4380,#4381));
#4383=FACE_OUTER_BOUND('',#4382,.F.);
#4384=ADVANCED_FACE('',(#4383),#4376,.F.);
#4385=CARTESIAN_POINT('',(3.75E-1,3.7E-1,-2.E-1));
#4386=DIRECTION('',(0.E0,1.E0,0.E0));
#4387=DIRECTION('',(0.E0,0.E0,-1.E0));
#4388=AXIS2_PLACEMENT_3D('',#4385,#4386,#4387);
#4389=PLANE('',#4388);
#4390=ORIENTED_EDGE('',*,*,#4379,.T.);
#4391=ORIENTED_EDGE('',*,*,#4365,.F.);
#4392=EDGE_LOOP('',(#4390,#4391));
#4393=FACE_OUTER_BOUND('',#4392,.F.);
#4395=ORIENTED_EDGE('',*,*,#4394,.T.);
#4397=ORIENTED_EDGE('',*,*,#4396,.F.);
#4398=EDGE_LOOP('',(#4395,#4397));
#4399=FACE_BOUND('',#4398,.F.);
#4400=ADVANCED_FACE('',(#4393,#4399),#4389,.T.);
#4401=CARTESIAN_POINT('',(3.75E-1,3.665E-1,-2.E-1));
#4402=DIRECTION('',(0.E0,1.E0,0.E0));
#4403=DIRECTION('',(0.E0,0.E0,-1.E0));
#4404=AXIS2_PLACEMENT_3D('',#4401,#4402,#4403);
#4405=CYLINDRICAL_SURFACE('',#4404,3.25E-2);
#4407=ORIENTED_EDGE('',*,*,#4406,.T.);
#4409=ORIENTED_EDGE('',*,*,#4408,.T.);
#4411=ORIENTED_EDGE('',*,*,#4410,.T.);
#4412=ORIENTED_EDGE('',*,*,#4394,.F.);
#4414=ORIENTED_EDGE('',*,*,#4413,.F.);
#4416=ORIENTED_EDGE('',*,*,#4415,.T.);
#4418=ORIENTED_EDGE('',*,*,#4417,.F.);
#4420=ORIENTED_EDGE('',*,*,#4419,.T.);
#4421=EDGE_LOOP('',(#4407,#4409,#4411,#4412,#4414,#4416,#4418,#4420));
#4422=FACE_OUTER_BOUND('',#4421,.F.);
#4423=ADVANCED_FACE('',(#4422),#4405,.T.);
#4424=CARTESIAN_POINT('',(3.4E-1,4.4E-1,-1.925E-1));
#4425=DIRECTION('',(0.E0,0.E0,1.E0));
#4426=DIRECTION('',(0.E0,-1.E0,0.E0));
#4427=AXIS2_PLACEMENT_3D('',#4424,#4425,#4426);
#4428=PLANE('',#4427);
#4430=ORIENTED_EDGE('',*,*,#4429,.T.);
#4431=ORIENTED_EDGE('',*,*,#4406,.F.);
#4433=ORIENTED_EDGE('',*,*,#4432,.T.);
#4435=ORIENTED_EDGE('',*,*,#4434,.T.);
#4436=EDGE_LOOP('',(#4430,#4431,#4433,#4435));
#4437=FACE_OUTER_BOUND('',#4436,.F.);
#4438=ADVANCED_FACE('',(#4437),#4428,.F.);
#4439=CARTESIAN_POINT('',(3.75E-1,3.95E-1,-2.E-1));
#4440=DIRECTION('',(0.E0,1.E0,0.E0));
#4441=DIRECTION('',(0.E0,0.E0,-1.E0));
#4442=AXIS2_PLACEMENT_3D('',#4439,#4440,#4441);
#4443=PLANE('',#4442);
#4444=ORIENTED_EDGE('',*,*,#4429,.F.);
#4446=ORIENTED_EDGE('',*,*,#4445,.T.);
#4447=ORIENTED_EDGE('',*,*,#4408,.F.);
#4448=EDGE_LOOP('',(#4444,#4446,#4447));
#4449=FACE_OUTER_BOUND('',#4448,.F.);
#4450=ADVANCED_FACE('',(#4449),#4443,.T.);
#4451=CARTESIAN_POINT('',(3.75E-1,3.95E-1,-2.E-1));
#4452=DIRECTION('',(0.E0,1.E0,0.E0));
#4453=DIRECTION('',(0.E0,0.E0,-1.E0));
#4454=AXIS2_PLACEMENT_3D('',#4451,#4452,#4453);
#4455=PLANE('',#4454);
#4457=ORIENTED_EDGE('',*,*,#4456,.T.);
#4458=ORIENTED_EDGE('',*,*,#4415,.F.);
#4460=ORIENTED_EDGE('',*,*,#4459,.T.);
#4461=EDGE_LOOP('',(#4457,#4458,#4460));
#4462=FACE_OUTER_BOUND('',#4461,.F.);
#4463=ADVANCED_FACE('',(#4462),#4455,.T.);
#4464=CARTESIAN_POINT('',(3.75E-1,3.665E-1,-2.E-1));
#4465=DIRECTION('',(0.E0,1.E0,0.E0));
#4466=DIRECTION('',(0.E0,0.E0,-1.E0));
#4467=AXIS2_PLACEMENT_3D('',#4464,#4465,#4466);
#4468=CYLINDRICAL_SURFACE('',#4467,3.25E-2);
#4469=ORIENTED_EDGE('',*,*,#4434,.F.);
#4471=ORIENTED_EDGE('',*,*,#4470,.T.);
#4473=ORIENTED_EDGE('',*,*,#4472,.T.);
#4474=ORIENTED_EDGE('',*,*,#4459,.F.);
#4475=ORIENTED_EDGE('',*,*,#4413,.T.);
#4476=ORIENTED_EDGE('',*,*,#4396,.T.);
#4477=ORIENTED_EDGE('',*,*,#4410,.F.);
#4478=ORIENTED_EDGE('',*,*,#4445,.F.);
#4479=EDGE_LOOP('',(#4469,#4471,#4473,#4474,#4475,#4476,#4477,#4478));
#4480=FACE_OUTER_BOUND('',#4479,.F.);
#4481=ADVANCED_FACE('',(#4480),#4468,.T.);
#4482=CARTESIAN_POINT('',(3.4E-1,3.83E-1,-1.925E-1));
#4483=DIRECTION('',(0.E0,-1.E0,0.E0));
#4484=DIRECTION('',(0.E0,0.E0,-1.E0));
#4485=AXIS2_PLACEMENT_3D('',#4482,#4483,#4484);
#4486=PLANE('',#4485);
#4487=ORIENTED_EDGE('',*,*,#4419,.F.);
#4489=ORIENTED_EDGE('',*,*,#4488,.T.);
#4490=ORIENTED_EDGE('',*,*,#4470,.F.);
#4491=ORIENTED_EDGE('',*,*,#4432,.F.);
#4492=EDGE_LOOP('',(#4487,#4489,#4490,#4491));
#4493=FACE_OUTER_BOUND('',#4492,.F.);
#4494=ADVANCED_FACE('',(#4493),#4486,.F.);
#4495=CARTESIAN_POINT('',(3.4E-1,3.83E-1,-2.075E-1));
#4496=DIRECTION('',(0.E0,0.E0,-1.E0));
#4497=DIRECTION('',(0.E0,1.E0,0.E0));
#4498=AXIS2_PLACEMENT_3D('',#4495,#4496,#4497);
#4499=PLANE('',#4498);
#4500=ORIENTED_EDGE('',*,*,#4456,.F.);
#4501=ORIENTED_EDGE('',*,*,#4472,.F.);
#4502=ORIENTED_EDGE('',*,*,#4488,.F.);
#4503=ORIENTED_EDGE('',*,*,#4417,.T.);
#4504=EDGE_LOOP('',(#4500,#4501,#4502,#4503));
#4505=FACE_OUTER_BOUND('',#4504,.F.);
#4506=ADVANCED_FACE('',(#4505),#4499,.F.);
#4507=CARTESIAN_POINT('',(3.4E-1,0.E0,0.E0));
#4508=DIRECTION('',(1.E0,0.E0,0.E0));
#4509=DIRECTION('',(0.E0,0.E0,-1.E0));
#4510=AXIS2_PLACEMENT_3D('',#4507,#4508,#4509);
#4511=PLANE('',#4510);
#4513=ORIENTED_EDGE('',*,*,#4512,.F.);
#4515=ORIENTED_EDGE('',*,*,#4514,.F.);
#4517=ORIENTED_EDGE('',*,*,#4516,.F.);
#4518=ORIENTED_EDGE('',*,*,#4260,.T.);
#4519=EDGE_LOOP('',(#4513,#4515,#4517,#4518));
#4520=FACE_OUTER_BOUND('',#4519,.F.);
#4521=ADVANCED_FACE('',(#4520),#4511,.T.);
#4522=CARTESIAN_POINT('',(3.4E-1,3.9E-1,-1.3E-1));
#4523=DIRECTION('',(0.E0,0.E0,-1.E0));
#4524=DIRECTION('',(0.E0,1.E0,0.E0));
#4525=AXIS2_PLACEMENT_3D('',#4522,#4523,#4524);
#4526=PLANE('',#4525);
#4527=ORIENTED_EDGE('',*,*,#4266,.T.);
#4529=ORIENTED_EDGE('',*,*,#4528,.F.);
#4531=ORIENTED_EDGE('',*,*,#4530,.F.);
#4532=ORIENTED_EDGE('',*,*,#4512,.T.);
#4533=EDGE_LOOP('',(#4527,#4529,#4531,#4532));
#4534=FACE_OUTER_BOUND('',#4533,.F.);
#4535=ADVANCED_FACE('',(#4534),#4526,.F.);
#4536=CARTESIAN_POINT('',(4.1E-1,0.E0,0.E0));
#4537=DIRECTION('',(1.E0,0.E0,0.E0));
#4538=DIRECTION('',(0.E0,0.E0,-1.E0));
#4539=AXIS2_PLACEMENT_3D('',#4536,#4537,#4538);
#4540=PLANE('',#4539);
#4542=ORIENTED_EDGE('',*,*,#4541,.T.);
#4544=ORIENTED_EDGE('',*,*,#4543,.T.);
#4545=ORIENTED_EDGE('',*,*,#4528,.T.);
#4546=ORIENTED_EDGE('',*,*,#4264,.F.);
#4547=EDGE_LOOP('',(#4542,#4544,#4545,#4546));
#4548=FACE_OUTER_BOUND('',#4547,.F.);
#4549=ADVANCED_FACE('',(#4548),#4540,.F.);
#4550=CARTESIAN_POINT('',(3.4E-1,4.4E-1,-1.05E-1));
#4551=DIRECTION('',(0.E0,0.E0,1.E0));
#4552=DIRECTION('',(0.E0,-1.E0,0.E0));
#4553=AXIS2_PLACEMENT_3D('',#4550,#4551,#4552);
#4554=PLANE('',#4553);
#4555=ORIENTED_EDGE('',*,*,#4262,.F.);
#4556=ORIENTED_EDGE('',*,*,#4516,.T.);
#4558=ORIENTED_EDGE('',*,*,#4557,.T.);
#4559=ORIENTED_EDGE('',*,*,#4541,.F.);
#4560=EDGE_LOOP('',(#4555,#4556,#4558,#4559));
#4561=FACE_OUTER_BOUND('',#4560,.F.);
#4562=ADVANCED_FACE('',(#4561),#4554,.F.);
#4563=CARTESIAN_POINT('',(3.4E-1,3.9E-1,-1.05E-1));
#4564=DIRECTION('',(0.E0,-1.E0,0.E0));
#4565=DIRECTION('',(0.E0,0.E0,-1.E0));
#4566=AXIS2_PLACEMENT_3D('',#4563,#4564,#4565);
#4567=PLANE('',#4566);
#4568=ORIENTED_EDGE('',*,*,#4514,.T.);
#4569=ORIENTED_EDGE('',*,*,#4530,.T.);
#4570=ORIENTED_EDGE('',*,*,#4543,.F.);
#4571=ORIENTED_EDGE('',*,*,#4557,.F.);
#4572=EDGE_LOOP('',(#4568,#4569,#4570,#4571));
#4573=FACE_OUTER_BOUND('',#4572,.F.);
#4574=ADVANCED_FACE('',(#4573),#4567,.F.);
#4575=CARTESIAN_POINT('',(2.25E-1,3.665E-1,-2.E-1));
#4576=DIRECTION('',(0.E0,1.E0,0.E0));
#4577=DIRECTION('',(0.E0,0.E0,-1.E0));
#4578=AXIS2_PLACEMENT_3D('',#4575,#4576,#4577);
#4579=CYLINDRICAL_SURFACE('',#4578,4.E-2);
#4581=ORIENTED_EDGE('',*,*,#4580,.T.);
#4583=ORIENTED_EDGE('',*,*,#4582,.T.);
#4585=ORIENTED_EDGE('',*,*,#4584,.F.);
#4586=ORIENTED_EDGE('',*,*,#4270,.F.);
#4587=EDGE_LOOP('',(#4581,#4583,#4585,#4586));
#4588=FACE_OUTER_BOUND('',#4587,.F.);
#4589=ADVANCED_FACE('',(#4588),#4579,.F.);
#4590=CARTESIAN_POINT('',(2.25E-1,3.665E-1,-2.E-1));
#4591=DIRECTION('',(0.E0,1.E0,0.E0));
#4592=DIRECTION('',(0.E0,0.E0,-1.E0));
#4593=AXIS2_PLACEMENT_3D('',#4590,#4591,#4592);
#4594=CYLINDRICAL_SURFACE('',#4593,4.E-2);
#4595=ORIENTED_EDGE('',*,*,#4580,.F.);
#4596=ORIENTED_EDGE('',*,*,#4272,.F.);
#4597=ORIENTED_EDGE('',*,*,#4584,.T.);
#4599=ORIENTED_EDGE('',*,*,#4598,.F.);
#4600=EDGE_LOOP('',(#4595,#4596,#4597,#4599));
#4601=FACE_OUTER_BOUND('',#4600,.F.);
#4602=ADVANCED_FACE('',(#4601),#4594,.F.);
#4603=CARTESIAN_POINT('',(2.25E-1,3.7E-1,-2.E-1));
#4604=DIRECTION('',(0.E0,1.E0,0.E0));
#4605=DIRECTION('',(0.E0,0.E0,-1.E0));
#4606=AXIS2_PLACEMENT_3D('',#4603,#4604,#4605);
#4607=PLANE('',#4606);
#4608=ORIENTED_EDGE('',*,*,#4598,.T.);
#4609=ORIENTED_EDGE('',*,*,#4582,.F.);
#4610=EDGE_LOOP('',(#4608,#4609));
#4611=FACE_OUTER_BOUND('',#4610,.F.);
#4613=ORIENTED_EDGE('',*,*,#4612,.T.);
#4615=ORIENTED_EDGE('',*,*,#4614,.F.);
#4616=EDGE_LOOP('',(#4613,#4615));
#4617=FACE_BOUND('',#4616,.F.);
#4618=ADVANCED_FACE('',(#4611,#4617),#4607,.T.);
#4619=CARTESIAN_POINT('',(2.25E-1,3.665E-1,-2.E-1));
#4620=DIRECTION('',(0.E0,1.E0,0.E0));
#4621=DIRECTION('',(0.E0,0.E0,-1.E0));
#4622=AXIS2_PLACEMENT_3D('',#4619,#4620,#4621);
#4623=CYLINDRICAL_SURFACE('',#4622,3.25E-2);
#4625=ORIENTED_EDGE('',*,*,#4624,.T.);
#4627=ORIENTED_EDGE('',*,*,#4626,.T.);
#4629=ORIENTED_EDGE('',*,*,#4628,.T.);
#4630=ORIENTED_EDGE('',*,*,#4612,.F.);
#4632=ORIENTED_EDGE('',*,*,#4631,.F.);
#4634=ORIENTED_EDGE('',*,*,#4633,.T.);
#4636=ORIENTED_EDGE('',*,*,#4635,.F.);
#4638=ORIENTED_EDGE('',*,*,#4637,.T.);
#4639=EDGE_LOOP('',(#4625,#4627,#4629,#4630,#4632,#4634,#4636,#4638));
#4640=FACE_OUTER_BOUND('',#4639,.F.);
#4641=ADVANCED_FACE('',(#4640),#4623,.T.);
#4642=CARTESIAN_POINT('',(1.9E-1,4.4E-1,-1.925E-1));
#4643=DIRECTION('',(0.E0,0.E0,1.E0));
#4644=DIRECTION('',(0.E0,-1.E0,0.E0));
#4645=AXIS2_PLACEMENT_3D('',#4642,#4643,#4644);
#4646=PLANE('',#4645);
#4648=ORIENTED_EDGE('',*,*,#4647,.T.);
#4650=ORIENTED_EDGE('',*,*,#4649,.T.);
#4652=ORIENTED_EDGE('',*,*,#4651,.T.);
#4653=ORIENTED_EDGE('',*,*,#4624,.F.);
#4654=EDGE_LOOP('',(#4648,#4650,#4652,#4653));
#4655=FACE_OUTER_BOUND('',#4654,.F.);
#4656=ADVANCED_FACE('',(#4655),#4646,.F.);
#4657=CARTESIAN_POINT('',(1.9E-1,3.83E-1,-1.925E-1));
#4658=DIRECTION('',(0.E0,-1.E0,0.E0));
#4659=DIRECTION('',(0.E0,0.E0,-1.E0));
#4660=AXIS2_PLACEMENT_3D('',#4657,#4658,#4659);
#4661=PLANE('',#4660);
#4662=ORIENTED_EDGE('',*,*,#4647,.F.);
#4663=ORIENTED_EDGE('',*,*,#4637,.F.);
#4665=ORIENTED_EDGE('',*,*,#4664,.T.);
#4667=ORIENTED_EDGE('',*,*,#4666,.F.);
#4668=EDGE_LOOP('',(#4662,#4663,#4665,#4667));
#4669=FACE_OUTER_BOUND('',#4668,.F.);
#4670=ADVANCED_FACE('',(#4669),#4661,.F.);
#4671=CARTESIAN_POINT('',(1.9E-1,3.83E-1,-2.075E-1));
#4672=DIRECTION('',(0.E0,0.E0,-1.E0));
#4673=DIRECTION('',(0.E0,1.E0,0.E0));
#4674=AXIS2_PLACEMENT_3D('',#4671,#4672,#4673);
#4675=PLANE('',#4674);
#4676=ORIENTED_EDGE('',*,*,#4664,.F.);
#4677=ORIENTED_EDGE('',*,*,#4635,.T.);
#4679=ORIENTED_EDGE('',*,*,#4678,.F.);
#4681=ORIENTED_EDGE('',*,*,#4680,.F.);
#4682=EDGE_LOOP('',(#4676,#4677,#4679,#4681));
#4683=FACE_OUTER_BOUND('',#4682,.F.);
#4684=ADVANCED_FACE('',(#4683),#4675,.F.);
#4685=CARTESIAN_POINT('',(2.25E-1,3.95E-1,-2.E-1));
#4686=DIRECTION('',(0.E0,1.E0,0.E0));
#4687=DIRECTION('',(0.E0,0.E0,-1.E0));
#4688=AXIS2_PLACEMENT_3D('',#4685,#4686,#4687);
#4689=PLANE('',#4688);
#4690=ORIENTED_EDGE('',*,*,#4651,.F.);
#4692=ORIENTED_EDGE('',*,*,#4691,.T.);
#4693=ORIENTED_EDGE('',*,*,#4626,.F.);
#4694=EDGE_LOOP('',(#4690,#4692,#4693));
#4695=FACE_OUTER_BOUND('',#4694,.F.);
#4696=ADVANCED_FACE('',(#4695),#4689,.T.);
#4697=CARTESIAN_POINT('',(2.25E-1,3.95E-1,-2.E-1));
#4698=DIRECTION('',(0.E0,1.E0,0.E0));
#4699=DIRECTION('',(0.E0,0.E0,-1.E0));
#4700=AXIS2_PLACEMENT_3D('',#4697,#4698,#4699);
#4701=PLANE('',#4700);
#4702=ORIENTED_EDGE('',*,*,#4678,.T.);
#4703=ORIENTED_EDGE('',*,*,#4633,.F.);
#4705=ORIENTED_EDGE('',*,*,#4704,.T.);
#4706=EDGE_LOOP('',(#4702,#4703,#4705));
#4707=FACE_OUTER_BOUND('',#4706,.F.);
#4708=ADVANCED_FACE('',(#4707),#4701,.T.);
#4709=CARTESIAN_POINT('',(2.25E-1,3.665E-1,-2.E-1));
#4710=DIRECTION('',(0.E0,1.E0,0.E0));
#4711=DIRECTION('',(0.E0,0.E0,-1.E0));
#4712=AXIS2_PLACEMENT_3D('',#4709,#4710,#4711);
#4713=CYLINDRICAL_SURFACE('',#4712,3.25E-2);
#4714=ORIENTED_EDGE('',*,*,#4649,.F.);
#4715=ORIENTED_EDGE('',*,*,#4666,.T.);
#4716=ORIENTED_EDGE('',*,*,#4680,.T.);
#4717=ORIENTED_EDGE('',*,*,#4704,.F.);
#4718=ORIENTED_EDGE('',*,*,#4631,.T.);
#4719=ORIENTED_EDGE('',*,*,#4614,.T.);
#4720=ORIENTED_EDGE('',*,*,#4628,.F.);
#4721=ORIENTED_EDGE('',*,*,#4691,.F.);
#4722=EDGE_LOOP('',(#4714,#4715,#4716,#4717,#4718,#4719,#4720,#4721));
#4723=FACE_OUTER_BOUND('',#4722,.F.);
#4724=ADVANCED_FACE('',(#4723),#4713,.T.);
#4725=CARTESIAN_POINT('',(1.9E-1,0.E0,0.E0));
#4726=DIRECTION('',(1.E0,0.E0,0.E0));
#4727=DIRECTION('',(0.E0,0.E0,-1.E0));
#4728=AXIS2_PLACEMENT_3D('',#4725,#4726,#4727);
#4729=PLANE('',#4728);
#4731=ORIENTED_EDGE('',*,*,#4730,.F.);
#4732=ORIENTED_EDGE('',*,*,#4276,.T.);
#4734=ORIENTED_EDGE('',*,*,#4733,.F.);
#4736=ORIENTED_EDGE('',*,*,#4735,.F.);
#4737=EDGE_LOOP('',(#4731,#4732,#4734,#4736));
#4738=FACE_OUTER_BOUND('',#4737,.F.);
#4739=ADVANCED_FACE('',(#4738),#4729,.T.);
#4740=CARTESIAN_POINT('',(1.9E-1,4.4E-1,-1.05E-1));
#4741=DIRECTION('',(0.E0,0.E0,1.E0));
#4742=DIRECTION('',(0.E0,-1.E0,0.E0));
#4743=AXIS2_PLACEMENT_3D('',#4740,#4741,#4742);
#4744=PLANE('',#4743);
#4745=ORIENTED_EDGE('',*,*,#4730,.T.);
#4747=ORIENTED_EDGE('',*,*,#4746,.T.);
#4749=ORIENTED_EDGE('',*,*,#4748,.F.);
#4750=ORIENTED_EDGE('',*,*,#4278,.F.);
#4751=EDGE_LOOP('',(#4745,#4747,#4749,#4750));
#4752=FACE_OUTER_BOUND('',#4751,.F.);
#4753=ADVANCED_FACE('',(#4752),#4744,.F.);
#4754=CARTESIAN_POINT('',(1.9E-1,3.9E-1,-1.05E-1));
#4755=DIRECTION('',(0.E0,-1.E0,0.E0));
#4756=DIRECTION('',(0.E0,0.E0,-1.E0));
#4757=AXIS2_PLACEMENT_3D('',#4754,#4755,#4756);
#4758=PLANE('',#4757);
#4759=ORIENTED_EDGE('',*,*,#4735,.T.);
#4761=ORIENTED_EDGE('',*,*,#4760,.T.);
#4763=ORIENTED_EDGE('',*,*,#4762,.F.);
#4764=ORIENTED_EDGE('',*,*,#4746,.F.);
#4765=EDGE_LOOP('',(#4759,#4761,#4763,#4764));
#4766=FACE_OUTER_BOUND('',#4765,.F.);
#4767=ADVANCED_FACE('',(#4766),#4758,.F.);
#4768=CARTESIAN_POINT('',(1.9E-1,3.9E-1,-1.3E-1));
#4769=DIRECTION('',(0.E0,0.E0,-1.E0));
#4770=DIRECTION('',(0.E0,1.E0,0.E0));
#4771=AXIS2_PLACEMENT_3D('',#4768,#4769,#4770);
#4772=PLANE('',#4771);
#4773=ORIENTED_EDGE('',*,*,#4733,.T.);
#4774=ORIENTED_EDGE('',*,*,#4282,.T.);
#4776=ORIENTED_EDGE('',*,*,#4775,.F.);
#4777=ORIENTED_EDGE('',*,*,#4760,.F.);
#4778=EDGE_LOOP('',(#4773,#4774,#4776,#4777));
#4779=FACE_OUTER_BOUND('',#4778,.F.);
#4780=ADVANCED_FACE('',(#4779),#4772,.F.);
#4781=CARTESIAN_POINT('',(2.6E-1,0.E0,0.E0));
#4782=DIRECTION('',(1.E0,0.E0,0.E0));
#4783=DIRECTION('',(0.E0,0.E0,-1.E0));
#4784=AXIS2_PLACEMENT_3D('',#4781,#4782,#4783);
#4785=PLANE('',#4784);
#4786=ORIENTED_EDGE('',*,*,#4748,.T.);
#4787=ORIENTED_EDGE('',*,*,#4762,.T.);
#4788=ORIENTED_EDGE('',*,*,#4775,.T.);
#4789=ORIENTED_EDGE('',*,*,#4280,.F.);
#4790=EDGE_LOOP('',(#4786,#4787,#4788,#4789));
#4791=FACE_OUTER_BOUND('',#4790,.F.);
#4792=ADVANCED_FACE('',(#4791),#4785,.F.);
#4793=CARTESIAN_POINT('',(7.5E-2,3.665E-1,-2.E-1));
#4794=DIRECTION('',(0.E0,1.E0,0.E0));
#4795=DIRECTION('',(0.E0,0.E0,-1.E0));
#4796=AXIS2_PLACEMENT_3D('',#4793,#4794,#4795);
#4797=CYLINDRICAL_SURFACE('',#4796,4.E-2);
#4799=ORIENTED_EDGE('',*,*,#4798,.T.);
#4801=ORIENTED_EDGE('',*,*,#4800,.T.);
#4803=ORIENTED_EDGE('',*,*,#4802,.F.);
#4804=ORIENTED_EDGE('',*,*,#4286,.F.);
#4805=EDGE_LOOP('',(#4799,#4801,#4803,#4804));
#4806=FACE_OUTER_BOUND('',#4805,.F.);
#4807=ADVANCED_FACE('',(#4806),#4797,.F.);
#4808=CARTESIAN_POINT('',(7.5E-2,3.665E-1,-2.E-1));
#4809=DIRECTION('',(0.E0,1.E0,0.E0));
#4810=DIRECTION('',(0.E0,0.E0,-1.E0));
#4811=AXIS2_PLACEMENT_3D('',#4808,#4809,#4810);
#4812=CYLINDRICAL_SURFACE('',#4811,4.E-2);
#4813=ORIENTED_EDGE('',*,*,#4798,.F.);
#4814=ORIENTED_EDGE('',*,*,#4288,.F.);
#4815=ORIENTED_EDGE('',*,*,#4802,.T.);
#4817=ORIENTED_EDGE('',*,*,#4816,.F.);
#4818=EDGE_LOOP('',(#4813,#4814,#4815,#4817));
#4819=FACE_OUTER_BOUND('',#4818,.F.);
#4820=ADVANCED_FACE('',(#4819),#4812,.F.);
#4821=CARTESIAN_POINT('',(7.5E-2,3.7E-1,-2.E-1));
#4822=DIRECTION('',(0.E0,1.E0,0.E0));
#4823=DIRECTION('',(0.E0,0.E0,-1.E0));
#4824=AXIS2_PLACEMENT_3D('',#4821,#4822,#4823);
#4825=PLANE('',#4824);
#4826=ORIENTED_EDGE('',*,*,#4816,.T.);
#4827=ORIENTED_EDGE('',*,*,#4800,.F.);
#4828=EDGE_LOOP('',(#4826,#4827));
#4829=FACE_OUTER_BOUND('',#4828,.F.);
#4831=ORIENTED_EDGE('',*,*,#4830,.T.);
#4833=ORIENTED_EDGE('',*,*,#4832,.F.);
#4834=EDGE_LOOP('',(#4831,#4833));
#4835=FACE_BOUND('',#4834,.F.);
#4836=ADVANCED_FACE('',(#4829,#4835),#4825,.T.);
#4837=CARTESIAN_POINT('',(7.5E-2,3.665E-1,-2.E-1));
#4838=DIRECTION('',(0.E0,1.E0,0.E0));
#4839=DIRECTION('',(0.E0,0.E0,-1.E0));
#4840=AXIS2_PLACEMENT_3D('',#4837,#4838,#4839);
#4841=CYLINDRICAL_SURFACE('',#4840,3.25E-2);
#4843=ORIENTED_EDGE('',*,*,#4842,.T.);
#4845=ORIENTED_EDGE('',*,*,#4844,.T.);
#4847=ORIENTED_EDGE('',*,*,#4846,.T.);
#4848=ORIENTED_EDGE('',*,*,#4830,.F.);
#4850=ORIENTED_EDGE('',*,*,#4849,.F.);
#4852=ORIENTED_EDGE('',*,*,#4851,.T.);
#4854=ORIENTED_EDGE('',*,*,#4853,.F.);
#4856=ORIENTED_EDGE('',*,*,#4855,.T.);
#4857=EDGE_LOOP('',(#4843,#4845,#4847,#4848,#4850,#4852,#4854,#4856));
#4858=FACE_OUTER_BOUND('',#4857,.F.);
#4859=ADVANCED_FACE('',(#4858),#4841,.T.);
#4860=CARTESIAN_POINT('',(4.E-2,4.4E-1,-1.925E-1));
#4861=DIRECTION('',(0.E0,0.E0,1.E0));
#4862=DIRECTION('',(0.E0,-1.E0,0.E0));
#4863=AXIS2_PLACEMENT_3D('',#4860,#4861,#4862);
#4864=PLANE('',#4863);
#4866=ORIENTED_EDGE('',*,*,#4865,.T.);
#4868=ORIENTED_EDGE('',*,*,#4867,.T.);
#4870=ORIENTED_EDGE('',*,*,#4869,.T.);
#4871=ORIENTED_EDGE('',*,*,#4842,.F.);
#4872=EDGE_LOOP('',(#4866,#4868,#4870,#4871));
#4873=FACE_OUTER_BOUND('',#4872,.F.);
#4874=ADVANCED_FACE('',(#4873),#4864,.F.);
#4875=CARTESIAN_POINT('',(4.E-2,3.83E-1,-1.925E-1));
#4876=DIRECTION('',(0.E0,-1.E0,0.E0));
#4877=DIRECTION('',(0.E0,0.E0,-1.E0));
#4878=AXIS2_PLACEMENT_3D('',#4875,#4876,#4877);
#4879=PLANE('',#4878);
#4880=ORIENTED_EDGE('',*,*,#4865,.F.);
#4881=ORIENTED_EDGE('',*,*,#4855,.F.);
#4883=ORIENTED_EDGE('',*,*,#4882,.T.);
#4885=ORIENTED_EDGE('',*,*,#4884,.F.);
#4886=EDGE_LOOP('',(#4880,#4881,#4883,#4885));
#4887=FACE_OUTER_BOUND('',#4886,.F.);
#4888=ADVANCED_FACE('',(#4887),#4879,.F.);
#4889=CARTESIAN_POINT('',(4.E-2,3.83E-1,-2.075E-1));
#4890=DIRECTION('',(0.E0,0.E0,-1.E0));
#4891=DIRECTION('',(0.E0,1.E0,0.E0));
#4892=AXIS2_PLACEMENT_3D('',#4889,#4890,#4891);
#4893=PLANE('',#4892);
#4894=ORIENTED_EDGE('',*,*,#4882,.F.);
#4895=ORIENTED_EDGE('',*,*,#4853,.T.);
#4897=ORIENTED_EDGE('',*,*,#4896,.F.);
#4899=ORIENTED_EDGE('',*,*,#4898,.F.);
#4900=EDGE_LOOP('',(#4894,#4895,#4897,#4899));
#4901=FACE_OUTER_BOUND('',#4900,.F.);
#4902=ADVANCED_FACE('',(#4901),#4893,.F.);
#4903=CARTESIAN_POINT('',(7.5E-2,3.95E-1,-2.E-1));
#4904=DIRECTION('',(0.E0,1.E0,0.E0));
#4905=DIRECTION('',(0.E0,0.E0,-1.E0));
#4906=AXIS2_PLACEMENT_3D('',#4903,#4904,#4905);
#4907=PLANE('',#4906);
#4908=ORIENTED_EDGE('',*,*,#4869,.F.);
#4910=ORIENTED_EDGE('',*,*,#4909,.T.);
#4911=ORIENTED_EDGE('',*,*,#4844,.F.);
#4912=EDGE_LOOP('',(#4908,#4910,#4911));
#4913=FACE_OUTER_BOUND('',#4912,.F.);
#4914=ADVANCED_FACE('',(#4913),#4907,.T.);
#4915=CARTESIAN_POINT('',(7.5E-2,3.95E-1,-2.E-1));
#4916=DIRECTION('',(0.E0,1.E0,0.E0));
#4917=DIRECTION('',(0.E0,0.E0,-1.E0));
#4918=AXIS2_PLACEMENT_3D('',#4915,#4916,#4917);
#4919=PLANE('',#4918);
#4920=ORIENTED_EDGE('',*,*,#4896,.T.);
#4921=ORIENTED_EDGE('',*,*,#4851,.F.);
#4923=ORIENTED_EDGE('',*,*,#4922,.T.);
#4924=EDGE_LOOP('',(#4920,#4921,#4923));
#4925=FACE_OUTER_BOUND('',#4924,.F.);
#4926=ADVANCED_FACE('',(#4925),#4919,.T.);
#4927=CARTESIAN_POINT('',(7.5E-2,3.665E-1,-2.E-1));
#4928=DIRECTION('',(0.E0,1.E0,0.E0));
#4929=DIRECTION('',(0.E0,0.E0,-1.E0));
#4930=AXIS2_PLACEMENT_3D('',#4927,#4928,#4929);
#4931=CYLINDRICAL_SURFACE('',#4930,3.25E-2);
#4932=ORIENTED_EDGE('',*,*,#4867,.F.);
#4933=ORIENTED_EDGE('',*,*,#4884,.T.);
#4934=ORIENTED_EDGE('',*,*,#4898,.T.);
#4935=ORIENTED_EDGE('',*,*,#4922,.F.);
#4936=ORIENTED_EDGE('',*,*,#4849,.T.);
#4937=ORIENTED_EDGE('',*,*,#4832,.T.);
#4938=ORIENTED_EDGE('',*,*,#4846,.F.);
#4939=ORIENTED_EDGE('',*,*,#4909,.F.);
#4940=EDGE_LOOP('',(#4932,#4933,#4934,#4935,#4936,#4937,#4938,#4939));
#4941=FACE_OUTER_BOUND('',#4940,.F.);
#4942=ADVANCED_FACE('',(#4941),#4931,.T.);
#4943=CARTESIAN_POINT('',(4.E-2,0.E0,0.E0));
#4944=DIRECTION('',(1.E0,0.E0,0.E0));
#4945=DIRECTION('',(0.E0,0.E0,-1.E0));
#4946=AXIS2_PLACEMENT_3D('',#4943,#4944,#4945);
#4947=PLANE('',#4946);
#4949=ORIENTED_EDGE('',*,*,#4948,.F.);
#4950=ORIENTED_EDGE('',*,*,#4292,.T.);
#4952=ORIENTED_EDGE('',*,*,#4951,.F.);
#4954=ORIENTED_EDGE('',*,*,#4953,.F.);
#4955=EDGE_LOOP('',(#4949,#4950,#4952,#4954));
#4956=FACE_OUTER_BOUND('',#4955,.F.);
#4957=ADVANCED_FACE('',(#4956),#4947,.T.);
#4958=CARTESIAN_POINT('',(4.E-2,4.4E-1,-1.05E-1));
#4959=DIRECTION('',(0.E0,0.E0,1.E0));
#4960=DIRECTION('',(0.E0,-1.E0,0.E0));
#4961=AXIS2_PLACEMENT_3D('',#4958,#4959,#4960);
#4962=PLANE('',#4961);
#4963=ORIENTED_EDGE('',*,*,#4948,.T.);
#4965=ORIENTED_EDGE('',*,*,#4964,.T.);
#4967=ORIENTED_EDGE('',*,*,#4966,.F.);
#4968=ORIENTED_EDGE('',*,*,#4294,.F.);
#4969=EDGE_LOOP('',(#4963,#4965,#4967,#4968));
#4970=FACE_OUTER_BOUND('',#4969,.F.);
#4971=ADVANCED_FACE('',(#4970),#4962,.F.);
#4972=CARTESIAN_POINT('',(4.E-2,3.9E-1,-1.05E-1));
#4973=DIRECTION('',(0.E0,-1.E0,0.E0));
#4974=DIRECTION('',(0.E0,0.E0,-1.E0));
#4975=AXIS2_PLACEMENT_3D('',#4972,#4973,#4974);
#4976=PLANE('',#4975);
#4977=ORIENTED_EDGE('',*,*,#4953,.T.);
#4979=ORIENTED_EDGE('',*,*,#4978,.T.);
#4981=ORIENTED_EDGE('',*,*,#4980,.F.);
#4982=ORIENTED_EDGE('',*,*,#4964,.F.);
#4983=EDGE_LOOP('',(#4977,#4979,#4981,#4982));
#4984=FACE_OUTER_BOUND('',#4983,.F.);
#4985=ADVANCED_FACE('',(#4984),#4976,.F.);
#4986=CARTESIAN_POINT('',(4.E-2,3.9E-1,-1.3E-1));
#4987=DIRECTION('',(0.E0,0.E0,-1.E0));
#4988=DIRECTION('',(0.E0,1.E0,0.E0));
#4989=AXIS2_PLACEMENT_3D('',#4986,#4987,#4988);
#4990=PLANE('',#4989);
#4991=ORIENTED_EDGE('',*,*,#4951,.T.);
#4992=ORIENTED_EDGE('',*,*,#4298,.T.);
#4994=ORIENTED_EDGE('',*,*,#4993,.F.);
#4995=ORIENTED_EDGE('',*,*,#4978,.F.);
#4996=EDGE_LOOP('',(#4991,#4992,#4994,#4995));
#4997=FACE_OUTER_BOUND('',#4996,.F.);
#4998=ADVANCED_FACE('',(#4997),#4990,.F.);
#4999=CARTESIAN_POINT('',(1.1E-1,0.E0,0.E0));
#5000=DIRECTION('',(1.E0,0.E0,0.E0));
#5001=DIRECTION('',(0.E0,0.E0,-1.E0));
#5002=AXIS2_PLACEMENT_3D('',#4999,#5000,#5001);
#5003=PLANE('',#5002);
#5004=ORIENTED_EDGE('',*,*,#4966,.T.);
#5005=ORIENTED_EDGE('',*,*,#4980,.T.);
#5006=ORIENTED_EDGE('',*,*,#4993,.T.);
#5007=ORIENTED_EDGE('',*,*,#4296,.F.);
#5008=EDGE_LOOP('',(#5004,#5005,#5006,#5007));
#5009=FACE_OUTER_BOUND('',#5008,.F.);
#5010=ADVANCED_FACE('',(#5009),#5003,.F.);
#5011=CARTESIAN_POINT('',(-7.5E-2,3.665E-1,-2.E-1));
#5012=DIRECTION('',(0.E0,1.E0,0.E0));
#5013=DIRECTION('',(0.E0,0.E0,-1.E0));
#5014=AXIS2_PLACEMENT_3D('',#5011,#5012,#5013);
#5015=CYLINDRICAL_SURFACE('',#5014,4.E-2);
#5017=ORIENTED_EDGE('',*,*,#5016,.T.);
#5019=ORIENTED_EDGE('',*,*,#5018,.T.);
#5021=ORIENTED_EDGE('',*,*,#5020,.F.);
#5022=ORIENTED_EDGE('',*,*,#4302,.F.);
#5023=EDGE_LOOP('',(#5017,#5019,#5021,#5022));
#5024=FACE_OUTER_BOUND('',#5023,.F.);
#5025=ADVANCED_FACE('',(#5024),#5015,.F.);
#5026=CARTESIAN_POINT('',(-7.5E-2,3.665E-1,-2.E-1));
#5027=DIRECTION('',(0.E0,1.E0,0.E0));
#5028=DIRECTION('',(0.E0,0.E0,-1.E0));
#5029=AXIS2_PLACEMENT_3D('',#5026,#5027,#5028);
#5030=CYLINDRICAL_SURFACE('',#5029,4.E-2);
#5031=ORIENTED_EDGE('',*,*,#5016,.F.);
#5032=ORIENTED_EDGE('',*,*,#4304,.F.);
#5033=ORIENTED_EDGE('',*,*,#5020,.T.);
#5035=ORIENTED_EDGE('',*,*,#5034,.F.);
#5036=EDGE_LOOP('',(#5031,#5032,#5033,#5035));
#5037=FACE_OUTER_BOUND('',#5036,.F.);
#5038=ADVANCED_FACE('',(#5037),#5030,.F.);
#5039=CARTESIAN_POINT('',(-7.5E-2,3.7E-1,-2.E-1));
#5040=DIRECTION('',(0.E0,1.E0,0.E0));
#5041=DIRECTION('',(0.E0,0.E0,-1.E0));
#5042=AXIS2_PLACEMENT_3D('',#5039,#5040,#5041);
#5043=PLANE('',#5042);
#5044=ORIENTED_EDGE('',*,*,#5034,.T.);
#5045=ORIENTED_EDGE('',*,*,#5018,.F.);
#5046=EDGE_LOOP('',(#5044,#5045));
#5047=FACE_OUTER_BOUND('',#5046,.F.);
#5049=ORIENTED_EDGE('',*,*,#5048,.T.);
#5051=ORIENTED_EDGE('',*,*,#5050,.F.);
#5052=EDGE_LOOP('',(#5049,#5051));
#5053=FACE_BOUND('',#5052,.F.);
#5054=ADVANCED_FACE('',(#5047,#5053),#5043,.T.);
#5055=CARTESIAN_POINT('',(-7.5E-2,3.665E-1,-2.E-1));
#5056=DIRECTION('',(0.E0,1.E0,0.E0));
#5057=DIRECTION('',(0.E0,0.E0,-1.E0));
#5058=AXIS2_PLACEMENT_3D('',#5055,#5056,#5057);
#5059=CYLINDRICAL_SURFACE('',#5058,3.25E-2);
#5061=ORIENTED_EDGE('',*,*,#5060,.T.);
#5063=ORIENTED_EDGE('',*,*,#5062,.T.);
#5065=ORIENTED_EDGE('',*,*,#5064,.T.);
#5066=ORIENTED_EDGE('',*,*,#5048,.F.);
#5068=ORIENTED_EDGE('',*,*,#5067,.F.);
#5070=ORIENTED_EDGE('',*,*,#5069,.T.);
#5072=ORIENTED_EDGE('',*,*,#5071,.F.);
#5074=ORIENTED_EDGE('',*,*,#5073,.T.);
#5075=EDGE_LOOP('',(#5061,#5063,#5065,#5066,#5068,#5070,#5072,#5074));
#5076=FACE_OUTER_BOUND('',#5075,.F.);
#5077=ADVANCED_FACE('',(#5076),#5059,.T.);
#5078=CARTESIAN_POINT('',(-1.1E-1,4.4E-1,-1.925E-1));
#5079=DIRECTION('',(0.E0,0.E0,1.E0));
#5080=DIRECTION('',(0.E0,-1.E0,0.E0));
#5081=AXIS2_PLACEMENT_3D('',#5078,#5079,#5080);
#5082=PLANE('',#5081);
#5084=ORIENTED_EDGE('',*,*,#5083,.T.);
#5086=ORIENTED_EDGE('',*,*,#5085,.T.);
#5088=ORIENTED_EDGE('',*,*,#5087,.T.);
#5089=ORIENTED_EDGE('',*,*,#5060,.F.);
#5090=EDGE_LOOP('',(#5084,#5086,#5088,#5089));
#5091=FACE_OUTER_BOUND('',#5090,.F.);
#5092=ADVANCED_FACE('',(#5091),#5082,.F.);
#5093=CARTESIAN_POINT('',(-1.1E-1,3.83E-1,-1.925E-1));
#5094=DIRECTION('',(0.E0,-1.E0,0.E0));
#5095=DIRECTION('',(0.E0,0.E0,-1.E0));
#5096=AXIS2_PLACEMENT_3D('',#5093,#5094,#5095);
#5097=PLANE('',#5096);
#5098=ORIENTED_EDGE('',*,*,#5083,.F.);
#5099=ORIENTED_EDGE('',*,*,#5073,.F.);
#5101=ORIENTED_EDGE('',*,*,#5100,.T.);
#5103=ORIENTED_EDGE('',*,*,#5102,.F.);
#5104=EDGE_LOOP('',(#5098,#5099,#5101,#5103));
#5105=FACE_OUTER_BOUND('',#5104,.F.);
#5106=ADVANCED_FACE('',(#5105),#5097,.F.);
#5107=CARTESIAN_POINT('',(-1.1E-1,3.83E-1,-2.075E-1));
#5108=DIRECTION('',(0.E0,0.E0,-1.E0));
#5109=DIRECTION('',(0.E0,1.E0,0.E0));
#5110=AXIS2_PLACEMENT_3D('',#5107,#5108,#5109);
#5111=PLANE('',#5110);
#5112=ORIENTED_EDGE('',*,*,#5100,.F.);
#5113=ORIENTED_EDGE('',*,*,#5071,.T.);
#5115=ORIENTED_EDGE('',*,*,#5114,.F.);
#5117=ORIENTED_EDGE('',*,*,#5116,.F.);
#5118=EDGE_LOOP('',(#5112,#5113,#5115,#5117));
#5119=FACE_OUTER_BOUND('',#5118,.F.);
#5120=ADVANCED_FACE('',(#5119),#5111,.F.);
#5121=CARTESIAN_POINT('',(-7.5E-2,3.95E-1,-2.E-1));
#5122=DIRECTION('',(0.E0,1.E0,0.E0));
#5123=DIRECTION('',(0.E0,0.E0,-1.E0));
#5124=AXIS2_PLACEMENT_3D('',#5121,#5122,#5123);
#5125=PLANE('',#5124);
#5126=ORIENTED_EDGE('',*,*,#5087,.F.);
#5128=ORIENTED_EDGE('',*,*,#5127,.T.);
#5129=ORIENTED_EDGE('',*,*,#5062,.F.);
#5130=EDGE_LOOP('',(#5126,#5128,#5129));
#5131=FACE_OUTER_BOUND('',#5130,.F.);
#5132=ADVANCED_FACE('',(#5131),#5125,.T.);
#5133=CARTESIAN_POINT('',(-7.5E-2,3.95E-1,-2.E-1));
#5134=DIRECTION('',(0.E0,1.E0,0.E0));
#5135=DIRECTION('',(0.E0,0.E0,-1.E0));
#5136=AXIS2_PLACEMENT_3D('',#5133,#5134,#5135);
#5137=PLANE('',#5136);
#5138=ORIENTED_EDGE('',*,*,#5114,.T.);
#5139=ORIENTED_EDGE('',*,*,#5069,.F.);
#5141=ORIENTED_EDGE('',*,*,#5140,.T.);
#5142=EDGE_LOOP('',(#5138,#5139,#5141));
#5143=FACE_OUTER_BOUND('',#5142,.F.);
#5144=ADVANCED_FACE('',(#5143),#5137,.T.);
#5145=CARTESIAN_POINT('',(-7.5E-2,3.665E-1,-2.E-1));
#5146=DIRECTION('',(0.E0,1.E0,0.E0));
#5147=DIRECTION('',(0.E0,0.E0,-1.E0));
#5148=AXIS2_PLACEMENT_3D('',#5145,#5146,#5147);
#5149=CYLINDRICAL_SURFACE('',#5148,3.25E-2);
#5150=ORIENTED_EDGE('',*,*,#5085,.F.);
#5151=ORIENTED_EDGE('',*,*,#5102,.T.);
#5152=ORIENTED_EDGE('',*,*,#5116,.T.);
#5153=ORIENTED_EDGE('',*,*,#5140,.F.);
#5154=ORIENTED_EDGE('',*,*,#5067,.T.);
#5155=ORIENTED_EDGE('',*,*,#5050,.T.);
#5156=ORIENTED_EDGE('',*,*,#5064,.F.);
#5157=ORIENTED_EDGE('',*,*,#5127,.F.);
#5158=EDGE_LOOP('',(#5150,#5151,#5152,#5153,#5154,#5155,#5156,#5157));
#5159=FACE_OUTER_BOUND('',#5158,.F.);
#5160=ADVANCED_FACE('',(#5159),#5149,.T.);
#5161=CARTESIAN_POINT('',(-1.1E-1,0.E0,0.E0));
#5162=DIRECTION('',(1.E0,0.E0,0.E0));
#5163=DIRECTION('',(0.E0,0.E0,-1.E0));
#5164=AXIS2_PLACEMENT_3D('',#5161,#5162,#5163);
#5165=PLANE('',#5164);
#5167=ORIENTED_EDGE('',*,*,#5166,.F.);
#5168=ORIENTED_EDGE('',*,*,#4308,.T.);
#5170=ORIENTED_EDGE('',*,*,#5169,.F.);
#5172=ORIENTED_EDGE('',*,*,#5171,.F.);
#5173=EDGE_LOOP('',(#5167,#5168,#5170,#5172));
#5174=FACE_OUTER_BOUND('',#5173,.F.);
#5175=ADVANCED_FACE('',(#5174),#5165,.T.);
#5176=CARTESIAN_POINT('',(-1.1E-1,4.4E-1,-1.05E-1));
#5177=DIRECTION('',(0.E0,0.E0,1.E0));
#5178=DIRECTION('',(0.E0,-1.E0,0.E0));
#5179=AXIS2_PLACEMENT_3D('',#5176,#5177,#5178);
#5180=PLANE('',#5179);
#5181=ORIENTED_EDGE('',*,*,#5166,.T.);
#5183=ORIENTED_EDGE('',*,*,#5182,.T.);
#5185=ORIENTED_EDGE('',*,*,#5184,.F.);
#5186=ORIENTED_EDGE('',*,*,#4310,.F.);
#5187=EDGE_LOOP('',(#5181,#5183,#5185,#5186));
#5188=FACE_OUTER_BOUND('',#5187,.F.);
#5189=ADVANCED_FACE('',(#5188),#5180,.F.);
#5190=CARTESIAN_POINT('',(-1.1E-1,3.9E-1,-1.05E-1));
#5191=DIRECTION('',(0.E0,-1.E0,0.E0));
#5192=DIRECTION('',(0.E0,0.E0,-1.E0));
#5193=AXIS2_PLACEMENT_3D('',#5190,#5191,#5192);
#5194=PLANE('',#5193);
#5195=ORIENTED_EDGE('',*,*,#5171,.T.);
#5197=ORIENTED_EDGE('',*,*,#5196,.T.);
#5199=ORIENTED_EDGE('',*,*,#5198,.F.);
#5200=ORIENTED_EDGE('',*,*,#5182,.F.);
#5201=EDGE_LOOP('',(#5195,#5197,#5199,#5200));
#5202=FACE_OUTER_BOUND('',#5201,.F.);
#5203=ADVANCED_FACE('',(#5202),#5194,.F.);
#5204=CARTESIAN_POINT('',(-1.1E-1,3.9E-1,-1.3E-1));
#5205=DIRECTION('',(0.E0,0.E0,-1.E0));
#5206=DIRECTION('',(0.E0,1.E0,0.E0));
#5207=AXIS2_PLACEMENT_3D('',#5204,#5205,#5206);
#5208=PLANE('',#5207);
#5209=ORIENTED_EDGE('',*,*,#5169,.T.);
#5210=ORIENTED_EDGE('',*,*,#4314,.T.);
#5212=ORIENTED_EDGE('',*,*,#5211,.F.);
#5213=ORIENTED_EDGE('',*,*,#5196,.F.);
#5214=EDGE_LOOP('',(#5209,#5210,#5212,#5213));
#5215=FACE_OUTER_BOUND('',#5214,.F.);
#5216=ADVANCED_FACE('',(#5215),#5208,.F.);
#5217=CARTESIAN_POINT('',(-4.E-2,0.E0,0.E0));
#5218=DIRECTION('',(1.E0,0.E0,0.E0));
#5219=DIRECTION('',(0.E0,0.E0,-1.E0));
#5220=AXIS2_PLACEMENT_3D('',#5217,#5218,#5219);
#5221=PLANE('',#5220);
#5222=ORIENTED_EDGE('',*,*,#5184,.T.);
#5223=ORIENTED_EDGE('',*,*,#5198,.T.);
#5224=ORIENTED_EDGE('',*,*,#5211,.T.);
#5225=ORIENTED_EDGE('',*,*,#4312,.F.);
#5226=EDGE_LOOP('',(#5222,#5223,#5224,#5225));
#5227=FACE_OUTER_BOUND('',#5226,.F.);
#5228=ADVANCED_FACE('',(#5227),#5221,.F.);
#5229=CARTESIAN_POINT('',(-2.25E-1,3.665E-1,-2.E-1));
#5230=DIRECTION('',(0.E0,1.E0,0.E0));
#5231=DIRECTION('',(0.E0,0.E0,-1.E0));
#5232=AXIS2_PLACEMENT_3D('',#5229,#5230,#5231);
#5233=CYLINDRICAL_SURFACE('',#5232,4.E-2);
#5235=ORIENTED_EDGE('',*,*,#5234,.T.);
#5237=ORIENTED_EDGE('',*,*,#5236,.T.);
#5239=ORIENTED_EDGE('',*,*,#5238,.F.);
#5240=ORIENTED_EDGE('',*,*,#4318,.F.);
#5241=EDGE_LOOP('',(#5235,#5237,#5239,#5240));
#5242=FACE_OUTER_BOUND('',#5241,.F.);
#5243=ADVANCED_FACE('',(#5242),#5233,.F.);
#5244=CARTESIAN_POINT('',(-2.25E-1,3.665E-1,-2.E-1));
#5245=DIRECTION('',(0.E0,1.E0,0.E0));
#5246=DIRECTION('',(0.E0,0.E0,-1.E0));
#5247=AXIS2_PLACEMENT_3D('',#5244,#5245,#5246);
#5248=CYLINDRICAL_SURFACE('',#5247,4.E-2);
#5249=ORIENTED_EDGE('',*,*,#5234,.F.);
#5250=ORIENTED_EDGE('',*,*,#4320,.F.);
#5251=ORIENTED_EDGE('',*,*,#5238,.T.);
#5253=ORIENTED_EDGE('',*,*,#5252,.F.);
#5254=EDGE_LOOP('',(#5249,#5250,#5251,#5253));
#5255=FACE_OUTER_BOUND('',#5254,.F.);
#5256=ADVANCED_FACE('',(#5255),#5248,.F.);
#5257=CARTESIAN_POINT('',(-2.25E-1,3.7E-1,-2.E-1));
#5258=DIRECTION('',(0.E0,1.E0,0.E0));
#5259=DIRECTION('',(0.E0,0.E0,-1.E0));
#5260=AXIS2_PLACEMENT_3D('',#5257,#5258,#5259);
#5261=PLANE('',#5260);
#5262=ORIENTED_EDGE('',*,*,#5252,.T.);
#5263=ORIENTED_EDGE('',*,*,#5236,.F.);
#5264=EDGE_LOOP('',(#5262,#5263));
#5265=FACE_OUTER_BOUND('',#5264,.F.);
#5267=ORIENTED_EDGE('',*,*,#5266,.T.);
#5269=ORIENTED_EDGE('',*,*,#5268,.F.);
#5270=EDGE_LOOP('',(#5267,#5269));
#5271=FACE_BOUND('',#5270,.F.);
#5272=ADVANCED_FACE('',(#5265,#5271),#5261,.T.);
#5273=CARTESIAN_POINT('',(-2.25E-1,3.665E-1,-2.E-1));
#5274=DIRECTION('',(0.E0,1.E0,0.E0));
#5275=DIRECTION('',(0.E0,0.E0,-1.E0));
#5276=AXIS2_PLACEMENT_3D('',#5273,#5274,#5275);
#5277=CYLINDRICAL_SURFACE('',#5276,3.25E-2);
#5279=ORIENTED_EDGE('',*,*,#5278,.T.);
#5281=ORIENTED_EDGE('',*,*,#5280,.T.);
#5283=ORIENTED_EDGE('',*,*,#5282,.T.);
#5284=ORIENTED_EDGE('',*,*,#5266,.F.);
#5286=ORIENTED_EDGE('',*,*,#5285,.F.);
#5288=ORIENTED_EDGE('',*,*,#5287,.T.);
#5290=ORIENTED_EDGE('',*,*,#5289,.F.);
#5292=ORIENTED_EDGE('',*,*,#5291,.T.);
#5293=EDGE_LOOP('',(#5279,#5281,#5283,#5284,#5286,#5288,#5290,#5292));
#5294=FACE_OUTER_BOUND('',#5293,.F.);
#5295=ADVANCED_FACE('',(#5294),#5277,.T.);
#5296=CARTESIAN_POINT('',(-2.6E-1,4.4E-1,-1.925E-1));
#5297=DIRECTION('',(0.E0,0.E0,1.E0));
#5298=DIRECTION('',(0.E0,-1.E0,0.E0));
#5299=AXIS2_PLACEMENT_3D('',#5296,#5297,#5298);
#5300=PLANE('',#5299);
#5302=ORIENTED_EDGE('',*,*,#5301,.T.);
#5304=ORIENTED_EDGE('',*,*,#5303,.T.);
#5306=ORIENTED_EDGE('',*,*,#5305,.T.);
#5307=ORIENTED_EDGE('',*,*,#5278,.F.);
#5308=EDGE_LOOP('',(#5302,#5304,#5306,#5307));
#5309=FACE_OUTER_BOUND('',#5308,.F.);
#5310=ADVANCED_FACE('',(#5309),#5300,.F.);
#5311=CARTESIAN_POINT('',(-2.6E-1,3.83E-1,-1.925E-1));
#5312=DIRECTION('',(0.E0,-1.E0,0.E0));
#5313=DIRECTION('',(0.E0,0.E0,-1.E0));
#5314=AXIS2_PLACEMENT_3D('',#5311,#5312,#5313);
#5315=PLANE('',#5314);
#5316=ORIENTED_EDGE('',*,*,#5301,.F.);
#5317=ORIENTED_EDGE('',*,*,#5291,.F.);
#5319=ORIENTED_EDGE('',*,*,#5318,.T.);
#5321=ORIENTED_EDGE('',*,*,#5320,.F.);
#5322=EDGE_LOOP('',(#5316,#5317,#5319,#5321));
#5323=FACE_OUTER_BOUND('',#5322,.F.);
#5324=ADVANCED_FACE('',(#5323),#5315,.F.);
#5325=CARTESIAN_POINT('',(-2.6E-1,3.83E-1,-2.075E-1));
#5326=DIRECTION('',(0.E0,0.E0,-1.E0));
#5327=DIRECTION('',(0.E0,1.E0,0.E0));
#5328=AXIS2_PLACEMENT_3D('',#5325,#5326,#5327);
#5329=PLANE('',#5328);
#5330=ORIENTED_EDGE('',*,*,#5318,.F.);
#5331=ORIENTED_EDGE('',*,*,#5289,.T.);
#5333=ORIENTED_EDGE('',*,*,#5332,.F.);
#5335=ORIENTED_EDGE('',*,*,#5334,.F.);
#5336=EDGE_LOOP('',(#5330,#5331,#5333,#5335));
#5337=FACE_OUTER_BOUND('',#5336,.F.);
#5338=ADVANCED_FACE('',(#5337),#5329,.F.);
#5339=CARTESIAN_POINT('',(-2.25E-1,3.95E-1,-2.E-1));
#5340=DIRECTION('',(0.E0,1.E0,0.E0));
#5341=DIRECTION('',(0.E0,0.E0,-1.E0));
#5342=AXIS2_PLACEMENT_3D('',#5339,#5340,#5341);
#5343=PLANE('',#5342);
#5344=ORIENTED_EDGE('',*,*,#5305,.F.);
#5346=ORIENTED_EDGE('',*,*,#5345,.T.);
#5347=ORIENTED_EDGE('',*,*,#5280,.F.);
#5348=EDGE_LOOP('',(#5344,#5346,#5347));
#5349=FACE_OUTER_BOUND('',#5348,.F.);
#5350=ADVANCED_FACE('',(#5349),#5343,.T.);
#5351=CARTESIAN_POINT('',(-2.25E-1,3.95E-1,-2.E-1));
#5352=DIRECTION('',(0.E0,1.E0,0.E0));
#5353=DIRECTION('',(0.E0,0.E0,-1.E0));
#5354=AXIS2_PLACEMENT_3D('',#5351,#5352,#5353);
#5355=PLANE('',#5354);
#5356=ORIENTED_EDGE('',*,*,#5332,.T.);
#5357=ORIENTED_EDGE('',*,*,#5287,.F.);
#5359=ORIENTED_EDGE('',*,*,#5358,.T.);
#5360=EDGE_LOOP('',(#5356,#5357,#5359));
#5361=FACE_OUTER_BOUND('',#5360,.F.);
#5362=ADVANCED_FACE('',(#5361),#5355,.T.);
#5363=CARTESIAN_POINT('',(-2.25E-1,3.665E-1,-2.E-1));
#5364=DIRECTION('',(0.E0,1.E0,0.E0));
#5365=DIRECTION('',(0.E0,0.E0,-1.E0));
#5366=AXIS2_PLACEMENT_3D('',#5363,#5364,#5365);
#5367=CYLINDRICAL_SURFACE('',#5366,3.25E-2);
#5368=ORIENTED_EDGE('',*,*,#5303,.F.);
#5369=ORIENTED_EDGE('',*,*,#5320,.T.);
#5370=ORIENTED_EDGE('',*,*,#5334,.T.);
#5371=ORIENTED_EDGE('',*,*,#5358,.F.);
#5372=ORIENTED_EDGE('',*,*,#5285,.T.);
#5373=ORIENTED_EDGE('',*,*,#5268,.T.);
#5374=ORIENTED_EDGE('',*,*,#5282,.F.);
#5375=ORIENTED_EDGE('',*,*,#5345,.F.);
#5376=EDGE_LOOP('',(#5368,#5369,#5370,#5371,#5372,#5373,#5374,#5375));
#5377=FACE_OUTER_BOUND('',#5376,.F.);
#5378=ADVANCED_FACE('',(#5377),#5367,.T.);
#5379=CARTESIAN_POINT('',(-2.6E-1,0.E0,0.E0));
#5380=DIRECTION('',(1.E0,0.E0,0.E0));
#5381=DIRECTION('',(0.E0,0.E0,-1.E0));
#5382=AXIS2_PLACEMENT_3D('',#5379,#5380,#5381);
#5383=PLANE('',#5382);
#5385=ORIENTED_EDGE('',*,*,#5384,.F.);
#5386=ORIENTED_EDGE('',*,*,#4324,.T.);
#5388=ORIENTED_EDGE('',*,*,#5387,.F.);
#5390=ORIENTED_EDGE('',*,*,#5389,.F.);
#5391=EDGE_LOOP('',(#5385,#5386,#5388,#5390));
#5392=FACE_OUTER_BOUND('',#5391,.F.);
#5393=ADVANCED_FACE('',(#5392),#5383,.T.);
#5394=CARTESIAN_POINT('',(-2.6E-1,4.4E-1,-1.05E-1));
#5395=DIRECTION('',(0.E0,0.E0,1.E0));
#5396=DIRECTION('',(0.E0,-1.E0,0.E0));
#5397=AXIS2_PLACEMENT_3D('',#5394,#5395,#5396);
#5398=PLANE('',#5397);
#5399=ORIENTED_EDGE('',*,*,#5384,.T.);
#5401=ORIENTED_EDGE('',*,*,#5400,.T.);
#5403=ORIENTED_EDGE('',*,*,#5402,.F.);
#5404=ORIENTED_EDGE('',*,*,#4326,.F.);
#5405=EDGE_LOOP('',(#5399,#5401,#5403,#5404));
#5406=FACE_OUTER_BOUND('',#5405,.F.);
#5407=ADVANCED_FACE('',(#5406),#5398,.F.);
#5408=CARTESIAN_POINT('',(-2.6E-1,3.9E-1,-1.05E-1));
#5409=DIRECTION('',(0.E0,-1.E0,0.E0));
#5410=DIRECTION('',(0.E0,0.E0,-1.E0));
#5411=AXIS2_PLACEMENT_3D('',#5408,#5409,#5410);
#5412=PLANE('',#5411);
#5413=ORIENTED_EDGE('',*,*,#5389,.T.);
#5415=ORIENTED_EDGE('',*,*,#5414,.T.);
#5417=ORIENTED_EDGE('',*,*,#5416,.F.);
#5418=ORIENTED_EDGE('',*,*,#5400,.F.);
#5419=EDGE_LOOP('',(#5413,#5415,#5417,#5418));
#5420=FACE_OUTER_BOUND('',#5419,.F.);
#5421=ADVANCED_FACE('',(#5420),#5412,.F.);
#5422=CARTESIAN_POINT('',(-2.6E-1,3.9E-1,-1.3E-1));
#5423=DIRECTION('',(0.E0,0.E0,-1.E0));
#5424=DIRECTION('',(0.E0,1.E0,0.E0));
#5425=AXIS2_PLACEMENT_3D('',#5422,#5423,#5424);
#5426=PLANE('',#5425);
#5427=ORIENTED_EDGE('',*,*,#5387,.T.);
#5428=ORIENTED_EDGE('',*,*,#4330,.T.);
#5430=ORIENTED_EDGE('',*,*,#5429,.F.);
#5431=ORIENTED_EDGE('',*,*,#5414,.F.);
#5432=EDGE_LOOP('',(#5427,#5428,#5430,#5431));
#5433=FACE_OUTER_BOUND('',#5432,.F.);
#5434=ADVANCED_FACE('',(#5433),#5426,.F.);
#5435=CARTESIAN_POINT('',(-1.9E-1,0.E0,0.E0));
#5436=DIRECTION('',(1.E0,0.E0,0.E0));
#5437=DIRECTION('',(0.E0,0.E0,-1.E0));
#5438=AXIS2_PLACEMENT_3D('',#5435,#5436,#5437);
#5439=PLANE('',#5438);
#5440=ORIENTED_EDGE('',*,*,#5402,.T.);
#5441=ORIENTED_EDGE('',*,*,#5416,.T.);
#5442=ORIENTED_EDGE('',*,*,#5429,.T.);
#5443=ORIENTED_EDGE('',*,*,#4328,.F.);
#5444=EDGE_LOOP('',(#5440,#5441,#5442,#5443));
#5445=FACE_OUTER_BOUND('',#5444,.F.);
#5446=ADVANCED_FACE('',(#5445),#5439,.F.);
#5447=CARTESIAN_POINT('',(-3.75E-1,3.665E-1,-2.E-1));
#5448=DIRECTION('',(0.E0,1.E0,0.E0));
#5449=DIRECTION('',(0.E0,0.E0,-1.E0));
#5450=AXIS2_PLACEMENT_3D('',#5447,#5448,#5449);
#5451=CYLINDRICAL_SURFACE('',#5450,4.E-2);
#5453=ORIENTED_EDGE('',*,*,#5452,.T.);
#5455=ORIENTED_EDGE('',*,*,#5454,.T.);
#5457=ORIENTED_EDGE('',*,*,#5456,.F.);
#5458=ORIENTED_EDGE('',*,*,#4334,.F.);
#5459=EDGE_LOOP('',(#5453,#5455,#5457,#5458));
#5460=FACE_OUTER_BOUND('',#5459,.F.);
#5461=ADVANCED_FACE('',(#5460),#5451,.F.);
#5462=CARTESIAN_POINT('',(-3.75E-1,3.665E-1,-2.E-1));
#5463=DIRECTION('',(0.E0,1.E0,0.E0));
#5464=DIRECTION('',(0.E0,0.E0,-1.E0));
#5465=AXIS2_PLACEMENT_3D('',#5462,#5463,#5464);
#5466=CYLINDRICAL_SURFACE('',#5465,4.E-2);
#5467=ORIENTED_EDGE('',*,*,#5452,.F.);
#5468=ORIENTED_EDGE('',*,*,#4336,.F.);
#5469=ORIENTED_EDGE('',*,*,#5456,.T.);
#5471=ORIENTED_EDGE('',*,*,#5470,.F.);
#5472=EDGE_LOOP('',(#5467,#5468,#5469,#5471));
#5473=FACE_OUTER_BOUND('',#5472,.F.);
#5474=ADVANCED_FACE('',(#5473),#5466,.F.);
#5475=CARTESIAN_POINT('',(-3.75E-1,3.7E-1,-2.E-1));
#5476=DIRECTION('',(0.E0,1.E0,0.E0));
#5477=DIRECTION('',(0.E0,0.E0,-1.E0));
#5478=AXIS2_PLACEMENT_3D('',#5475,#5476,#5477);
#5479=PLANE('',#5478);
#5480=ORIENTED_EDGE('',*,*,#5470,.T.);
#5481=ORIENTED_EDGE('',*,*,#5454,.F.);
#5482=EDGE_LOOP('',(#5480,#5481));
#5483=FACE_OUTER_BOUND('',#5482,.F.);
#5485=ORIENTED_EDGE('',*,*,#5484,.T.);
#5487=ORIENTED_EDGE('',*,*,#5486,.F.);
#5488=EDGE_LOOP('',(#5485,#5487));
#5489=FACE_BOUND('',#5488,.F.);
#5490=ADVANCED_FACE('',(#5483,#5489),#5479,.T.);
#5491=CARTESIAN_POINT('',(-3.75E-1,3.665E-1,-2.E-1));
#5492=DIRECTION('',(0.E0,1.E0,0.E0));
#5493=DIRECTION('',(0.E0,0.E0,-1.E0));
#5494=AXIS2_PLACEMENT_3D('',#5491,#5492,#5493);
#5495=CYLINDRICAL_SURFACE('',#5494,3.25E-2);
#5497=ORIENTED_EDGE('',*,*,#5496,.T.);
#5499=ORIENTED_EDGE('',*,*,#5498,.T.);
#5501=ORIENTED_EDGE('',*,*,#5500,.T.);
#5502=ORIENTED_EDGE('',*,*,#5484,.F.);
#5504=ORIENTED_EDGE('',*,*,#5503,.F.);
#5506=ORIENTED_EDGE('',*,*,#5505,.T.);
#5508=ORIENTED_EDGE('',*,*,#5507,.F.);
#5510=ORIENTED_EDGE('',*,*,#5509,.T.);
#5511=EDGE_LOOP('',(#5497,#5499,#5501,#5502,#5504,#5506,#5508,#5510));
#5512=FACE_OUTER_BOUND('',#5511,.F.);
#5513=ADVANCED_FACE('',(#5512),#5495,.T.);
#5514=CARTESIAN_POINT('',(-4.1E-1,4.4E-1,-1.925E-1));
#5515=DIRECTION('',(0.E0,0.E0,1.E0));
#5516=DIRECTION('',(0.E0,-1.E0,0.E0));
#5517=AXIS2_PLACEMENT_3D('',#5514,#5515,#5516);
#5518=PLANE('',#5517);
#5520=ORIENTED_EDGE('',*,*,#5519,.T.);
#5522=ORIENTED_EDGE('',*,*,#5521,.T.);
#5524=ORIENTED_EDGE('',*,*,#5523,.T.);
#5525=ORIENTED_EDGE('',*,*,#5496,.F.);
#5526=EDGE_LOOP('',(#5520,#5522,#5524,#5525));
#5527=FACE_OUTER_BOUND('',#5526,.F.);
#5528=ADVANCED_FACE('',(#5527),#5518,.F.);
#5529=CARTESIAN_POINT('',(-4.1E-1,3.83E-1,-1.925E-1));
#5530=DIRECTION('',(0.E0,-1.E0,0.E0));
#5531=DIRECTION('',(0.E0,0.E0,-1.E0));
#5532=AXIS2_PLACEMENT_3D('',#5529,#5530,#5531);
#5533=PLANE('',#5532);
#5534=ORIENTED_EDGE('',*,*,#5519,.F.);
#5535=ORIENTED_EDGE('',*,*,#5509,.F.);
#5537=ORIENTED_EDGE('',*,*,#5536,.T.);
#5539=ORIENTED_EDGE('',*,*,#5538,.F.);
#5540=EDGE_LOOP('',(#5534,#5535,#5537,#5539));
#5541=FACE_OUTER_BOUND('',#5540,.F.);
#5542=ADVANCED_FACE('',(#5541),#5533,.F.);
#5543=CARTESIAN_POINT('',(-4.1E-1,3.83E-1,-2.075E-1));
#5544=DIRECTION('',(0.E0,0.E0,-1.E0));
#5545=DIRECTION('',(0.E0,1.E0,0.E0));
#5546=AXIS2_PLACEMENT_3D('',#5543,#5544,#5545);
#5547=PLANE('',#5546);
#5548=ORIENTED_EDGE('',*,*,#5536,.F.);
#5549=ORIENTED_EDGE('',*,*,#5507,.T.);
#5551=ORIENTED_EDGE('',*,*,#5550,.F.);
#5553=ORIENTED_EDGE('',*,*,#5552,.F.);
#5554=EDGE_LOOP('',(#5548,#5549,#5551,#5553));
#5555=FACE_OUTER_BOUND('',#5554,.F.);
#5556=ADVANCED_FACE('',(#5555),#5547,.F.);
#5557=CARTESIAN_POINT('',(-3.75E-1,3.95E-1,-2.E-1));
#5558=DIRECTION('',(0.E0,1.E0,0.E0));
#5559=DIRECTION('',(0.E0,0.E0,-1.E0));
#5560=AXIS2_PLACEMENT_3D('',#5557,#5558,#5559);
#5561=PLANE('',#5560);
#5562=ORIENTED_EDGE('',*,*,#5523,.F.);
#5564=ORIENTED_EDGE('',*,*,#5563,.T.);
#5565=ORIENTED_EDGE('',*,*,#5498,.F.);
#5566=EDGE_LOOP('',(#5562,#5564,#5565));
#5567=FACE_OUTER_BOUND('',#5566,.F.);
#5568=ADVANCED_FACE('',(#5567),#5561,.T.);
#5569=CARTESIAN_POINT('',(-3.75E-1,3.95E-1,-2.E-1));
#5570=DIRECTION('',(0.E0,1.E0,0.E0));
#5571=DIRECTION('',(0.E0,0.E0,-1.E0));
#5572=AXIS2_PLACEMENT_3D('',#5569,#5570,#5571);
#5573=PLANE('',#5572);
#5574=ORIENTED_EDGE('',*,*,#5550,.T.);
#5575=ORIENTED_EDGE('',*,*,#5505,.F.);
#5577=ORIENTED_EDGE('',*,*,#5576,.T.);
#5578=EDGE_LOOP('',(#5574,#5575,#5577));
#5579=FACE_OUTER_BOUND('',#5578,.F.);
#5580=ADVANCED_FACE('',(#5579),#5573,.T.);
#5581=CARTESIAN_POINT('',(-3.75E-1,3.665E-1,-2.E-1));
#5582=DIRECTION('',(0.E0,1.E0,0.E0));
#5583=DIRECTION('',(0.E0,0.E0,-1.E0));
#5584=AXIS2_PLACEMENT_3D('',#5581,#5582,#5583);
#5585=CYLINDRICAL_SURFACE('',#5584,3.25E-2);
#5586=ORIENTED_EDGE('',*,*,#5521,.F.);
#5587=ORIENTED_EDGE('',*,*,#5538,.T.);
#5588=ORIENTED_EDGE('',*,*,#5552,.T.);
#5589=ORIENTED_EDGE('',*,*,#5576,.F.);
#5590=ORIENTED_EDGE('',*,*,#5503,.T.);
#5591=ORIENTED_EDGE('',*,*,#5486,.T.);
#5592=ORIENTED_EDGE('',*,*,#5500,.F.);
#5593=ORIENTED_EDGE('',*,*,#5563,.F.);
#5594=EDGE_LOOP('',(#5586,#5587,#5588,#5589,#5590,#5591,#5592,#5593));
#5595=FACE_OUTER_BOUND('',#5594,.F.);
#5596=ADVANCED_FACE('',(#5595),#5585,.T.);
#5597=CARTESIAN_POINT('',(-4.1E-1,0.E0,0.E0));
#5598=DIRECTION('',(1.E0,0.E0,0.E0));
#5599=DIRECTION('',(0.E0,0.E0,-1.E0));
#5600=AXIS2_PLACEMENT_3D('',#5597,#5598,#5599);
#5601=PLANE('',#5600);
#5603=ORIENTED_EDGE('',*,*,#5602,.F.);
#5604=ORIENTED_EDGE('',*,*,#4340,.T.);
#5606=ORIENTED_EDGE('',*,*,#5605,.F.);
#5608=ORIENTED_EDGE('',*,*,#5607,.F.);
#5609=EDGE_LOOP('',(#5603,#5604,#5606,#5608));
#5610=FACE_OUTER_BOUND('',#5609,.F.);
#5611=ADVANCED_FACE('',(#5610),#5601,.T.);
#5612=CARTESIAN_POINT('',(-4.1E-1,4.4E-1,-1.05E-1));
#5613=DIRECTION('',(0.E0,0.E0,1.E0));
#5614=DIRECTION('',(0.E0,-1.E0,0.E0));
#5615=AXIS2_PLACEMENT_3D('',#5612,#5613,#5614);
#5616=PLANE('',#5615);
#5617=ORIENTED_EDGE('',*,*,#5602,.T.);
#5619=ORIENTED_EDGE('',*,*,#5618,.T.);
#5621=ORIENTED_EDGE('',*,*,#5620,.F.);
#5622=ORIENTED_EDGE('',*,*,#4342,.F.);
#5623=EDGE_LOOP('',(#5617,#5619,#5621,#5622));
#5624=FACE_OUTER_BOUND('',#5623,.F.);
#5625=ADVANCED_FACE('',(#5624),#5616,.F.);
#5626=CARTESIAN_POINT('',(-4.1E-1,3.9E-1,-1.05E-1));
#5627=DIRECTION('',(0.E0,-1.E0,0.E0));
#5628=DIRECTION('',(0.E0,0.E0,-1.E0));
#5629=AXIS2_PLACEMENT_3D('',#5626,#5627,#5628);
#5630=PLANE('',#5629);
#5631=ORIENTED_EDGE('',*,*,#5607,.T.);
#5633=ORIENTED_EDGE('',*,*,#5632,.T.);
#5635=ORIENTED_EDGE('',*,*,#5634,.F.);
#5636=ORIENTED_EDGE('',*,*,#5618,.F.);
#5637=EDGE_LOOP('',(#5631,#5633,#5635,#5636));
#5638=FACE_OUTER_BOUND('',#5637,.F.);
#5639=ADVANCED_FACE('',(#5638),#5630,.F.);
#5640=CARTESIAN_POINT('',(-4.1E-1,3.9E-1,-1.3E-1));
#5641=DIRECTION('',(0.E0,0.E0,-1.E0));
#5642=DIRECTION('',(0.E0,1.E0,0.E0));
#5643=AXIS2_PLACEMENT_3D('',#5640,#5641,#5642);
#5644=PLANE('',#5643);
#5645=ORIENTED_EDGE('',*,*,#5605,.T.);
#5646=ORIENTED_EDGE('',*,*,#4346,.T.);
#5648=ORIENTED_EDGE('',*,*,#5647,.F.);
#5649=ORIENTED_EDGE('',*,*,#5632,.F.);
#5650=EDGE_LOOP('',(#5645,#5646,#5648,#5649));
#5651=FACE_OUTER_BOUND('',#5650,.F.);
#5652=ADVANCED_FACE('',(#5651),#5644,.F.);
#5653=CARTESIAN_POINT('',(-3.4E-1,0.E0,0.E0));
#5654=DIRECTION('',(1.E0,0.E0,0.E0));
#5655=DIRECTION('',(0.E0,0.E0,-1.E0));
#5656=AXIS2_PLACEMENT_3D('',#5653,#5654,#5655);
#5657=PLANE('',#5656);
#5658=ORIENTED_EDGE('',*,*,#5620,.T.);
#5659=ORIENTED_EDGE('',*,*,#5634,.T.);
#5660=ORIENTED_EDGE('',*,*,#5647,.T.);
#5661=ORIENTED_EDGE('',*,*,#4344,.F.);
#5662=EDGE_LOOP('',(#5658,#5659,#5660,#5661));
#5663=FACE_OUTER_BOUND('',#5662,.F.);
#5664=ADVANCED_FACE('',(#5663),#5657,.F.);
#5665=CARTESIAN_POINT('',(-4.45E-1,4.4E-1,-2.5E-1));
#5666=DIRECTION('',(0.E0,0.E0,1.E0));
#5667=DIRECTION('',(1.E0,0.E0,0.E0));
#5668=AXIS2_PLACEMENT_3D('',#5665,#5666,#5667);
#5669=PLANE('',#5668);
#5671=ORIENTED_EDGE('',*,*,#5670,.T.);
#5673=ORIENTED_EDGE('',*,*,#5672,.T.);
#5675=ORIENTED_EDGE('',*,*,#5674,.F.);
#5676=ORIENTED_EDGE('',*,*,#4244,.F.);
#5677=EDGE_LOOP('',(#5671,#5673,#5675,#5676));
#5678=FACE_OUTER_BOUND('',#5677,.F.);
#5679=ADVANCED_FACE('',(#5678),#5669,.F.);
#5680=CARTESIAN_POINT('',(-4.45E-1,4.4E-1,-2.5E-1));
#5681=DIRECTION('',(0.E0,0.E0,1.E0));
#5682=DIRECTION('',(1.E0,0.E0,0.E0));
#5683=AXIS2_PLACEMENT_3D('',#5680,#5681,#5682);
#5684=PLANE('',#5683);
#5686=ORIENTED_EDGE('',*,*,#5685,.F.);
#5688=ORIENTED_EDGE('',*,*,#5687,.T.);
#5690=ORIENTED_EDGE('',*,*,#5689,.T.);
#5691=ORIENTED_EDGE('',*,*,#4240,.F.);
#5692=EDGE_LOOP('',(#5686,#5688,#5690,#5691));
#5693=FACE_OUTER_BOUND('',#5692,.F.);
#5694=ADVANCED_FACE('',(#5693),#5684,.F.);
#5695=CARTESIAN_POINT('',(-4.45E-1,4.4E-1,-2.5E-1));
#5696=DIRECTION('',(0.E0,0.E0,1.E0));
#5697=DIRECTION('',(1.E0,0.E0,0.E0));
#5698=AXIS2_PLACEMENT_3D('',#5695,#5696,#5697);
#5699=PLANE('',#5698);
#5701=ORIENTED_EDGE('',*,*,#5700,.F.);
#5703=ORIENTED_EDGE('',*,*,#5702,.T.);
#5705=ORIENTED_EDGE('',*,*,#5704,.T.);
#5706=ORIENTED_EDGE('',*,*,#4236,.F.);
#5707=EDGE_LOOP('',(#5701,#5703,#5705,#5706));
#5708=FACE_OUTER_BOUND('',#5707,.F.);
#5709=ADVANCED_FACE('',(#5708),#5699,.F.);
#5710=CARTESIAN_POINT('',(-4.45E-1,4.4E-1,-2.5E-1));
#5711=DIRECTION('',(0.E0,0.E0,1.E0));
#5712=DIRECTION('',(1.E0,0.E0,0.E0));
#5713=AXIS2_PLACEMENT_3D('',#5710,#5711,#5712);
#5714=PLANE('',#5713);
#5716=ORIENTED_EDGE('',*,*,#5715,.F.);
#5718=ORIENTED_EDGE('',*,*,#5717,.T.);
#5720=ORIENTED_EDGE('',*,*,#5719,.T.);
#5721=ORIENTED_EDGE('',*,*,#4232,.F.);
#5722=EDGE_LOOP('',(#5716,#5718,#5720,#5721));
#5723=FACE_OUTER_BOUND('',#5722,.F.);
#5724=ADVANCED_FACE('',(#5723),#5714,.F.);
#5725=CARTESIAN_POINT('',(-4.45E-1,4.4E-1,-2.5E-1));
#5726=DIRECTION('',(0.E0,0.E0,1.E0));
#5727=DIRECTION('',(1.E0,0.E0,0.E0));
#5728=AXIS2_PLACEMENT_3D('',#5725,#5726,#5727);
#5729=PLANE('',#5728);
#5731=ORIENTED_EDGE('',*,*,#5730,.F.);
#5733=ORIENTED_EDGE('',*,*,#5732,.T.);
#5735=ORIENTED_EDGE('',*,*,#5734,.T.);
#5736=ORIENTED_EDGE('',*,*,#4228,.F.);
#5737=EDGE_LOOP('',(#5731,#5733,#5735,#5736));
#5738=FACE_OUTER_BOUND('',#5737,.F.);
#5739=ADVANCED_FACE('',(#5738),#5729,.F.);
#5740=CARTESIAN_POINT('',(-4.45E-1,4.4E-1,-2.5E-1));
#5741=DIRECTION('',(0.E0,0.E0,1.E0));
#5742=DIRECTION('',(1.E0,0.E0,0.E0));
#5743=AXIS2_PLACEMENT_3D('',#5740,#5741,#5742);
#5744=PLANE('',#5743);
#5746=ORIENTED_EDGE('',*,*,#5745,.F.);
#5748=ORIENTED_EDGE('',*,*,#5747,.T.);
#5750=ORIENTED_EDGE('',*,*,#5749,.T.);
#5751=ORIENTED_EDGE('',*,*,#4224,.F.);
#5752=EDGE_LOOP('',(#5746,#5748,#5750,#5751));
#5753=FACE_OUTER_BOUND('',#5752,.F.);
#5754=ADVANCED_FACE('',(#5753),#5744,.F.);
#5755=CARTESIAN_POINT('',(-4.45E-1,4.4E-1,-2.5E-1));
#5756=DIRECTION('',(0.E0,0.E0,1.E0));
#5757=DIRECTION('',(1.E0,0.E0,0.E0));
#5758=AXIS2_PLACEMENT_3D('',#5755,#5756,#5757);
#5759=PLANE('',#5758);
#5761=ORIENTED_EDGE('',*,*,#5760,.T.);
#5762=ORIENTED_EDGE('',*,*,#4220,.F.);
#5764=ORIENTED_EDGE('',*,*,#5763,.T.);
#5766=ORIENTED_EDGE('',*,*,#5765,.T.);
#5767=EDGE_LOOP('',(#5761,#5762,#5764,#5766));
#5768=FACE_OUTER_BOUND('',#5767,.F.);
#5769=ADVANCED_FACE('',(#5768),#5759,.F.);
#5770=CARTESIAN_POINT('',(3.75E-1,4.4E-1,-1.664835345575E-1));
#5771=DIRECTION('',(0.E0,1.E0,0.E0));
#5772=DIRECTION('',(1.E0,0.E0,0.E0));
#5773=AXIS2_PLACEMENT_3D('',#5770,#5771,#5772);
#5774=CYLINDRICAL_SURFACE('',#5773,1.E-1);
#5776=ORIENTED_EDGE('',*,*,#5775,.F.);
#5777=ORIENTED_EDGE('',*,*,#5670,.F.);
#5778=ORIENTED_EDGE('',*,*,#4242,.T.);
#5779=ORIENTED_EDGE('',*,*,#5689,.F.);
#5780=EDGE_LOOP('',(#5776,#5777,#5778,#5779));
#5781=FACE_OUTER_BOUND('',#5780,.F.);
#5782=ADVANCED_FACE('',(#5781),#5774,.T.);
#5783=CARTESIAN_POINT('',(-4.65E-1,3.7E-1,-3.5E-1));
#5784=DIRECTION('',(0.E0,1.E0,0.E0));
#5785=DIRECTION('',(0.E0,0.E0,1.E0));
#5786=AXIS2_PLACEMENT_3D('',#5783,#5784,#5785);
#5787=PLANE('',#5786);
#5789=ORIENTED_EDGE('',*,*,#5788,.T.);
#5790=ORIENTED_EDGE('',*,*,#5765,.F.);
#5792=ORIENTED_EDGE('',*,*,#5791,.F.);
#5794=ORIENTED_EDGE('',*,*,#5793,.F.);
#5795=ORIENTED_EDGE('',*,*,#4122,.F.);
#5797=ORIENTED_EDGE('',*,*,#5796,.T.);
#5799=ORIENTED_EDGE('',*,*,#5798,.T.);
#5801=ORIENTED_EDGE('',*,*,#5800,.F.);
#5803=ORIENTED_EDGE('',*,*,#5802,.F.);
#5804=ORIENTED_EDGE('',*,*,#5672,.F.);
#5805=ORIENTED_EDGE('',*,*,#5775,.T.);
#5806=ORIENTED_EDGE('',*,*,#5687,.F.);
#5808=ORIENTED_EDGE('',*,*,#5807,.T.);
#5809=ORIENTED_EDGE('',*,*,#5702,.F.);
#5811=ORIENTED_EDGE('',*,*,#5810,.T.);
#5812=ORIENTED_EDGE('',*,*,#5717,.F.);
#5814=ORIENTED_EDGE('',*,*,#5813,.T.);
#5815=ORIENTED_EDGE('',*,*,#5732,.F.);
#5817=ORIENTED_EDGE('',*,*,#5816,.T.);
#5818=ORIENTED_EDGE('',*,*,#5747,.F.);
#5819=EDGE_LOOP('',(#5789,#5790,#5792,#5794,#5795,#5797,#5799,#5801,#5803,#5804,
#5805,#5806,#5808,#5809,#5811,#5812,#5814,#5815,#5817,#5818));
#5820=FACE_OUTER_BOUND('',#5819,.F.);
#5821=ADVANCED_FACE('',(#5820),#5787,.T.);
#5822=CARTESIAN_POINT('',(-3.75E-1,4.4E-1,-1.664835345575E-1));
#5823=DIRECTION('',(0.E0,1.E0,0.E0));
#5824=DIRECTION('',(1.E0,0.E0,0.E0));
#5825=AXIS2_PLACEMENT_3D('',#5822,#5823,#5824);
#5826=CYLINDRICAL_SURFACE('',#5825,1.E-1);
#5827=ORIENTED_EDGE('',*,*,#4222,.T.);
#5828=ORIENTED_EDGE('',*,*,#5760,.F.);
#5829=ORIENTED_EDGE('',*,*,#5788,.F.);
#5830=ORIENTED_EDGE('',*,*,#5745,.T.);
#5831=EDGE_LOOP('',(#5827,#5828,#5829,#5830));
#5832=FACE_OUTER_BOUND('',#5831,.F.);
#5833=ADVANCED_FACE('',(#5832),#5826,.T.);
#5834=CARTESIAN_POINT('',(-4.45E-1,4.4E-1,-2.9E-1));
#5835=DIRECTION('',(-1.E0,0.E0,0.E0));
#5836=DIRECTION('',(0.E0,0.E0,1.E0));
#5837=AXIS2_PLACEMENT_3D('',#5834,#5835,#5836);
#5838=PLANE('',#5837);
#5840=ORIENTED_EDGE('',*,*,#5839,.T.);
#5841=ORIENTED_EDGE('',*,*,#5791,.T.);
#5842=ORIENTED_EDGE('',*,*,#5763,.F.);
#5843=ORIENTED_EDGE('',*,*,#4256,.F.);
#5844=EDGE_LOOP('',(#5840,#5841,#5842,#5843));
#5845=FACE_OUTER_BOUND('',#5844,.F.);
#5846=ADVANCED_FACE('',(#5845),#5838,.F.);
#5847=CARTESIAN_POINT('',(-4.65E-1,3.7E-1,-2.9E-1));
#5848=DIRECTION('',(0.E0,0.E0,-1.E0));
#5849=DIRECTION('',(0.E0,1.E0,0.E0));
#5850=AXIS2_PLACEMENT_3D('',#5847,#5848,#5849);
#5851=PLANE('',#5850);
#5852=ORIENTED_EDGE('',*,*,#5839,.F.);
#5853=ORIENTED_EDGE('',*,*,#4254,.F.);
#5854=ORIENTED_EDGE('',*,*,#4124,.F.);
#5855=ORIENTED_EDGE('',*,*,#5793,.T.);
#5856=EDGE_LOOP('',(#5852,#5853,#5854,#5855));
#5857=FACE_OUTER_BOUND('',#5856,.F.);
#5858=ADVANCED_FACE('',(#5857),#5851,.T.);
#5859=CARTESIAN_POINT('',(-4.65E-1,3.7E-1,-2.9E-1));
#5860=DIRECTION('',(0.E0,0.E0,-1.E0));
#5861=DIRECTION('',(0.E0,1.E0,0.E0));
#5862=AXIS2_PLACEMENT_3D('',#5859,#5860,#5861);
#5863=PLANE('',#5862);
#5865=ORIENTED_EDGE('',*,*,#5864,.T.);
#5866=ORIENTED_EDGE('',*,*,#5800,.T.);
#5868=ORIENTED_EDGE('',*,*,#5867,.T.);
#5869=ORIENTED_EDGE('',*,*,#4248,.F.);
#5870=EDGE_LOOP('',(#5865,#5866,#5868,#5869));
#5871=FACE_OUTER_BOUND('',#5870,.F.);
#5872=ADVANCED_FACE('',(#5871),#5863,.T.);
#5873=CARTESIAN_POINT('',(4.45E-1,4.4E-1,-2.5E-1));
#5874=DIRECTION('',(1.E0,0.E0,0.E0));
#5875=DIRECTION('',(0.E0,0.E0,-1.E0));
#5876=AXIS2_PLACEMENT_3D('',#5873,#5874,#5875);
#5877=PLANE('',#5876);
#5878=ORIENTED_EDGE('',*,*,#5864,.F.);
#5879=ORIENTED_EDGE('',*,*,#4246,.T.);
#5880=ORIENTED_EDGE('',*,*,#5674,.T.);
#5881=ORIENTED_EDGE('',*,*,#5802,.T.);
#5882=EDGE_LOOP('',(#5878,#5879,#5880,#5881));
#5883=FACE_OUTER_BOUND('',#5882,.F.);
#5884=ADVANCED_FACE('',(#5883),#5877,.F.);
#5885=CARTESIAN_POINT('',(4.65E-1,0.E0,0.E0));
#5886=DIRECTION('',(1.E0,0.E0,0.E0));
#5887=DIRECTION('',(0.E0,0.E0,-1.E0));
#5888=AXIS2_PLACEMENT_3D('',#5885,#5886,#5887);
#5889=PLANE('',#5888);
#5891=ORIENTED_EDGE('',*,*,#5890,.T.);
#5893=ORIENTED_EDGE('',*,*,#5892,.T.);
#5895=ORIENTED_EDGE('',*,*,#5894,.T.);
#5896=ORIENTED_EDGE('',*,*,#4206,.F.);
#5897=ORIENTED_EDGE('',*,*,#4250,.F.);
#5898=ORIENTED_EDGE('',*,*,#5867,.F.);
#5899=ORIENTED_EDGE('',*,*,#5798,.F.);
#5901=ORIENTED_EDGE('',*,*,#5900,.F.);
#5903=ORIENTED_EDGE('',*,*,#5902,.F.);
#5905=ORIENTED_EDGE('',*,*,#5904,.F.);
#5907=ORIENTED_EDGE('',*,*,#5906,.F.);
#5909=ORIENTED_EDGE('',*,*,#5908,.F.);
#5910=EDGE_LOOP('',(#5891,#5893,#5895,#5896,#5897,#5898,#5899,#5901,#5903,#5905,
#5907,#5909));
#5911=FACE_OUTER_BOUND('',#5910,.F.);
#5912=ADVANCED_FACE('',(#5911),#5889,.T.);
#5913=CARTESIAN_POINT('',(4.65E-1,2.E-2,0.E0));
#5914=DIRECTION('',(0.E0,-1.E0,0.E0));
#5915=DIRECTION('',(0.E0,0.E0,-1.E0));
#5916=AXIS2_PLACEMENT_3D('',#5913,#5914,#5915);
#5917=PLANE('',#5916);
#5918=ORIENTED_EDGE('',*,*,#5890,.F.);
#5920=ORIENTED_EDGE('',*,*,#5919,.T.);
#5922=ORIENTED_EDGE('',*,*,#5921,.T.);
#5924=ORIENTED_EDGE('',*,*,#5923,.F.);
#5925=EDGE_LOOP('',(#5918,#5920,#5922,#5924));
#5926=FACE_OUTER_BOUND('',#5925,.F.);
#5927=ADVANCED_FACE('',(#5926),#5917,.F.);
#5928=CARTESIAN_POINT('',(-4.65E-1,2.8E-1,0.E0));
#5929=DIRECTION('',(0.E0,0.E0,1.E0));
#5930=DIRECTION('',(0.E0,-1.E0,0.E0));
#5931=AXIS2_PLACEMENT_3D('',#5928,#5929,#5930);
#5932=PLANE('',#5931);
#5933=ORIENTED_EDGE('',*,*,#4166,.F.);
#5935=ORIENTED_EDGE('',*,*,#5934,.T.);
#5937=ORIENTED_EDGE('',*,*,#5936,.T.);
#5939=ORIENTED_EDGE('',*,*,#5938,.T.);
#5941=ORIENTED_EDGE('',*,*,#5940,.F.);
#5943=ORIENTED_EDGE('',*,*,#5942,.T.);
#5945=ORIENTED_EDGE('',*,*,#5944,.T.);
#5946=ORIENTED_EDGE('',*,*,#5919,.F.);
#5947=ORIENTED_EDGE('',*,*,#5908,.T.);
#5949=ORIENTED_EDGE('',*,*,#5948,.F.);
#5950=ORIENTED_EDGE('',*,*,#4112,.F.);
#5951=ORIENTED_EDGE('',*,*,#4144,.T.);
#5952=EDGE_LOOP('',(#5933,#5935,#5937,#5939,#5941,#5943,#5945,#5946,#5947,#5949,
#5950,#5951));
#5953=FACE_OUTER_BOUND('',#5952,.F.);
#5955=ORIENTED_EDGE('',*,*,#5954,.F.);
#5957=ORIENTED_EDGE('',*,*,#5956,.F.);
#5959=ORIENTED_EDGE('',*,*,#5958,.F.);
#5961=ORIENTED_EDGE('',*,*,#5960,.F.);
#5962=EDGE_LOOP('',(#5955,#5957,#5959,#5961));
#5963=FACE_BOUND('',#5962,.F.);
#5965=ORIENTED_EDGE('',*,*,#5964,.F.);
#5967=ORIENTED_EDGE('',*,*,#5966,.F.);
#5969=ORIENTED_EDGE('',*,*,#5968,.F.);
#5971=ORIENTED_EDGE('',*,*,#5970,.F.);
#5972=EDGE_LOOP('',(#5965,#5967,#5969,#5971));
#5973=FACE_BOUND('',#5972,.F.);
#5975=ORIENTED_EDGE('',*,*,#5974,.F.);
#5977=ORIENTED_EDGE('',*,*,#5976,.F.);
#5979=ORIENTED_EDGE('',*,*,#5978,.F.);
#5981=ORIENTED_EDGE('',*,*,#5980,.F.);
#5982=EDGE_LOOP('',(#5975,#5977,#5979,#5981));
#5983=FACE_BOUND('',#5982,.F.);
#5985=ORIENTED_EDGE('',*,*,#5984,.F.);
#5987=ORIENTED_EDGE('',*,*,#5986,.F.);
#5989=ORIENTED_EDGE('',*,*,#5988,.F.);
#5991=ORIENTED_EDGE('',*,*,#5990,.F.);
#5992=EDGE_LOOP('',(#5985,#5987,#5989,#5991));
#5993=FACE_BOUND('',#5992,.F.);
#5995=ORIENTED_EDGE('',*,*,#5994,.F.);
#5997=ORIENTED_EDGE('',*,*,#5996,.F.);
#5999=ORIENTED_EDGE('',*,*,#5998,.F.);
#6001=ORIENTED_EDGE('',*,*,#6000,.F.);
#6002=EDGE_LOOP('',(#5995,#5997,#5999,#6001));
#6003=FACE_BOUND('',#6002,.F.);
#6005=ORIENTED_EDGE('',*,*,#6004,.F.);
#6007=ORIENTED_EDGE('',*,*,#6006,.F.);
#6009=ORIENTED_EDGE('',*,*,#6008,.F.);
#6011=ORIENTED_EDGE('',*,*,#6010,.F.);
#6012=EDGE_LOOP('',(#6005,#6007,#6009,#6011));
#6013=FACE_BOUND('',#6012,.F.);
#6014=ADVANCED_FACE('',(#5953,#5963,#5973,#5983,#5993,#6003,#6013),#5932,.T.);
#6015=CARTESIAN_POINT('',(4.25E-1,1.E-1,-1.E-2));
#6016=DIRECTION('',(-7.071067811865E-1,0.E0,7.071067811865E-1));
#6017=DIRECTION('',(-7.071067811865E-1,0.E0,-7.071067811865E-1));
#6018=AXIS2_PLACEMENT_3D('',#6015,#6016,#6017);
#6019=PLANE('',#6018);
#6020=ORIENTED_EDGE('',*,*,#6004,.T.);
#6022=ORIENTED_EDGE('',*,*,#6021,.F.);
#6024=ORIENTED_EDGE('',*,*,#6023,.F.);
#6026=ORIENTED_EDGE('',*,*,#6025,.T.);
#6027=EDGE_LOOP('',(#6020,#6022,#6024,#6026));
#6028=FACE_OUTER_BOUND('',#6027,.F.);
#6029=ADVANCED_FACE('',(#6028),#6019,.T.);
#6030=CARTESIAN_POINT('',(3.75E-1,4.E-2,-1.E-2));
#6031=DIRECTION('',(0.E0,7.071067811865E-1,7.071067811865E-1));
#6032=DIRECTION('',(0.E0,7.071067811865E-1,-7.071067811865E-1));
#6033=AXIS2_PLACEMENT_3D('',#6030,#6031,#6032);
#6034=PLANE('',#6033);
#6035=ORIENTED_EDGE('',*,*,#6010,.T.);
#6037=ORIENTED_EDGE('',*,*,#6036,.F.);
#6039=ORIENTED_EDGE('',*,*,#6038,.F.);
#6040=ORIENTED_EDGE('',*,*,#6021,.T.);
#6041=EDGE_LOOP('',(#6035,#6037,#6039,#6040));
#6042=FACE_OUTER_BOUND('',#6041,.F.);
#6043=ADVANCED_FACE('',(#6042),#6034,.T.);
#6044=CARTESIAN_POINT('',(3.25E-1,1.E-1,-1.E-2));
#6045=DIRECTION('',(7.071067811865E-1,0.E0,7.071067811865E-1));
#6046=DIRECTION('',(7.071067811865E-1,0.E0,-7.071067811865E-1));
#6047=AXIS2_PLACEMENT_3D('',#6044,#6045,#6046);
#6048=PLANE('',#6047);
#6050=ORIENTED_EDGE('',*,*,#6049,.F.);
#6051=ORIENTED_EDGE('',*,*,#6036,.T.);
#6052=ORIENTED_EDGE('',*,*,#6008,.T.);
#6054=ORIENTED_EDGE('',*,*,#6053,.F.);
#6055=EDGE_LOOP('',(#6050,#6051,#6052,#6054));
#6056=FACE_OUTER_BOUND('',#6055,.F.);
#6057=ADVANCED_FACE('',(#6056),#6048,.T.);
#6058=CARTESIAN_POINT('',(3.35E-1,1.5E-1,0.E0));
#6059=DIRECTION('',(-1.E0,0.E0,0.E0));
#6060=DIRECTION('',(0.E0,-1.E0,0.E0));
#6061=AXIS2_PLACEMENT_3D('',#6058,#6059,#6060);
#6062=PLANE('',#6061);
#6063=ORIENTED_EDGE('',*,*,#6049,.T.);
#6065=ORIENTED_EDGE('',*,*,#6064,.T.);
#6067=ORIENTED_EDGE('',*,*,#6066,.T.);
#6069=ORIENTED_EDGE('',*,*,#6068,.F.);
#6070=EDGE_LOOP('',(#6063,#6065,#6067,#6069));
#6071=FACE_OUTER_BOUND('',#6070,.F.);
#6072=ADVANCED_FACE('',(#6071),#6062,.F.);
#6073=CARTESIAN_POINT('',(4.15E-1,1.5E-1,0.E0));
#6074=DIRECTION('',(0.E0,1.E0,0.E0));
#6075=DIRECTION('',(-1.E0,0.E0,0.E0));
#6076=AXIS2_PLACEMENT_3D('',#6073,#6074,#6075);
#6077=PLANE('',#6076);
#6079=ORIENTED_EDGE('',*,*,#6078,.T.);
#6081=ORIENTED_EDGE('',*,*,#6080,.T.);
#6083=ORIENTED_EDGE('',*,*,#6082,.T.);
#6084=ORIENTED_EDGE('',*,*,#6064,.F.);
#6085=EDGE_LOOP('',(#6079,#6081,#6083,#6084));
#6086=FACE_OUTER_BOUND('',#6085,.F.);
#6087=ADVANCED_FACE('',(#6086),#6077,.F.);
#6088=CARTESIAN_POINT('',(3.75E-1,1.85E-1,-1.E-2));
#6089=DIRECTION('',(0.E0,-2.747211278974E-1,9.615239476408E-1));
#6090=DIRECTION('',(0.E0,-9.615239476408E-1,-2.747211278974E-1));
#6091=AXIS2_PLACEMENT_3D('',#6088,#6089,#6090);
#6092=PLANE('',#6091);
#6093=ORIENTED_EDGE('',*,*,#6078,.F.);
#6094=ORIENTED_EDGE('',*,*,#6053,.T.);
#6095=ORIENTED_EDGE('',*,*,#6006,.T.);
#6096=ORIENTED_EDGE('',*,*,#6025,.F.);
#6097=EDGE_LOOP('',(#6093,#6094,#6095,#6096));
#6098=FACE_OUTER_BOUND('',#6097,.F.);
#6099=ADVANCED_FACE('',(#6098),#6092,.T.);
#6100=CARTESIAN_POINT('',(4.15E-1,5.E-2,0.E0));
#6101=DIRECTION('',(1.E0,0.E0,0.E0));
#6102=DIRECTION('',(0.E0,1.E0,0.E0));
#6103=AXIS2_PLACEMENT_3D('',#6100,#6101,#6102);
#6104=PLANE('',#6103);
#6105=ORIENTED_EDGE('',*,*,#6023,.T.);
#6107=ORIENTED_EDGE('',*,*,#6106,.T.);
#6109=ORIENTED_EDGE('',*,*,#6108,.T.);
#6110=ORIENTED_EDGE('',*,*,#6080,.F.);
#6111=EDGE_LOOP('',(#6105,#6107,#6109,#6110));
#6112=FACE_OUTER_BOUND('',#6111,.F.);
#6113=ADVANCED_FACE('',(#6112),#6104,.F.);
#6114=CARTESIAN_POINT('',(3.35E-1,5.E-2,0.E0));
#6115=DIRECTION('',(0.E0,-1.E0,0.E0));
#6116=DIRECTION('',(1.E0,0.E0,0.E0));
#6117=AXIS2_PLACEMENT_3D('',#6114,#6115,#6116);
#6118=PLANE('',#6117);
#6119=ORIENTED_EDGE('',*,*,#6038,.T.);
#6120=ORIENTED_EDGE('',*,*,#6068,.T.);
#6122=ORIENTED_EDGE('',*,*,#6121,.T.);
#6123=ORIENTED_EDGE('',*,*,#6106,.F.);
#6124=EDGE_LOOP('',(#6119,#6120,#6122,#6123));
#6125=FACE_OUTER_BOUND('',#6124,.F.);
#6126=ADVANCED_FACE('',(#6125),#6118,.F.);
#6127=CARTESIAN_POINT('',(4.65E-1,0.E0,-3.E-1));
#6128=DIRECTION('',(0.E0,0.E0,1.E0));
#6129=DIRECTION('',(1.E0,0.E0,0.E0));
#6130=AXIS2_PLACEMENT_3D('',#6127,#6128,#6129);
#6131=PLANE('',#6130);
#6132=ORIENTED_EDGE('',*,*,#6066,.F.);
#6133=ORIENTED_EDGE('',*,*,#6082,.F.);
#6134=ORIENTED_EDGE('',*,*,#6108,.F.);
#6135=ORIENTED_EDGE('',*,*,#6121,.F.);
#6136=EDGE_LOOP('',(#6132,#6133,#6134,#6135));
#6137=FACE_OUTER_BOUND('',#6136,.F.);
#6138=ADVANCED_FACE('',(#6137),#6131,.T.);
#6139=CARTESIAN_POINT('',(2.75E-1,1.E-1,-1.E-2));
#6140=DIRECTION('',(-7.071067811865E-1,0.E0,7.071067811865E-1));
#6141=DIRECTION('',(-7.071067811865E-1,0.E0,-7.071067811865E-1));
#6142=AXIS2_PLACEMENT_3D('',#6139,#6140,#6141);
#6143=PLANE('',#6142);
#6144=ORIENTED_EDGE('',*,*,#5954,.T.);
#6146=ORIENTED_EDGE('',*,*,#6145,.F.);
#6148=ORIENTED_EDGE('',*,*,#6147,.F.);
#6150=ORIENTED_EDGE('',*,*,#6149,.T.);
#6151=EDGE_LOOP('',(#6144,#6146,#6148,#6150));
#6152=FACE_OUTER_BOUND('',#6151,.F.);
#6153=ADVANCED_FACE('',(#6152),#6143,.T.);
#6154=CARTESIAN_POINT('',(2.25E-1,4.E-2,-1.E-2));
#6155=DIRECTION('',(0.E0,7.071067811865E-1,7.071067811865E-1));
#6156=DIRECTION('',(0.E0,7.071067811865E-1,-7.071067811865E-1));
#6157=AXIS2_PLACEMENT_3D('',#6154,#6155,#6156);
#6158=PLANE('',#6157);
#6159=ORIENTED_EDGE('',*,*,#5960,.T.);
#6161=ORIENTED_EDGE('',*,*,#6160,.F.);
#6163=ORIENTED_EDGE('',*,*,#6162,.F.);
#6164=ORIENTED_EDGE('',*,*,#6145,.T.);
#6165=EDGE_LOOP('',(#6159,#6161,#6163,#6164));
#6166=FACE_OUTER_BOUND('',#6165,.F.);
#6167=ADVANCED_FACE('',(#6166),#6158,.T.);
#6168=CARTESIAN_POINT('',(1.75E-1,1.E-1,-1.E-2));
#6169=DIRECTION('',(7.071067811865E-1,0.E0,7.071067811865E-1));
#6170=DIRECTION('',(7.071067811865E-1,0.E0,-7.071067811865E-1));
#6171=AXIS2_PLACEMENT_3D('',#6168,#6169,#6170);
#6172=PLANE('',#6171);
#6174=ORIENTED_EDGE('',*,*,#6173,.F.);
#6175=ORIENTED_EDGE('',*,*,#6160,.T.);
#6176=ORIENTED_EDGE('',*,*,#5958,.T.);
#6178=ORIENTED_EDGE('',*,*,#6177,.F.);
#6179=EDGE_LOOP('',(#6174,#6175,#6176,#6178));
#6180=FACE_OUTER_BOUND('',#6179,.F.);
#6181=ADVANCED_FACE('',(#6180),#6172,.T.);
#6182=CARTESIAN_POINT('',(1.85E-1,1.5E-1,0.E0));
#6183=DIRECTION('',(-1.E0,0.E0,0.E0));
#6184=DIRECTION('',(0.E0,-1.E0,0.E0));
#6185=AXIS2_PLACEMENT_3D('',#6182,#6183,#6184);
#6186=PLANE('',#6185);
#6187=ORIENTED_EDGE('',*,*,#6173,.T.);
#6189=ORIENTED_EDGE('',*,*,#6188,.T.);
#6191=ORIENTED_EDGE('',*,*,#6190,.T.);
#6193=ORIENTED_EDGE('',*,*,#6192,.F.);
#6194=EDGE_LOOP('',(#6187,#6189,#6191,#6193));
#6195=FACE_OUTER_BOUND('',#6194,.F.);
#6196=ADVANCED_FACE('',(#6195),#6186,.F.);
#6197=CARTESIAN_POINT('',(2.65E-1,1.5E-1,0.E0));
#6198=DIRECTION('',(0.E0,1.E0,0.E0));
#6199=DIRECTION('',(-1.E0,0.E0,0.E0));
#6200=AXIS2_PLACEMENT_3D('',#6197,#6198,#6199);
#6201=PLANE('',#6200);
#6203=ORIENTED_EDGE('',*,*,#6202,.T.);
#6205=ORIENTED_EDGE('',*,*,#6204,.T.);
#6207=ORIENTED_EDGE('',*,*,#6206,.T.);
#6208=ORIENTED_EDGE('',*,*,#6188,.F.);
#6209=EDGE_LOOP('',(#6203,#6205,#6207,#6208));
#6210=FACE_OUTER_BOUND('',#6209,.F.);
#6211=ADVANCED_FACE('',(#6210),#6201,.F.);
#6212=CARTESIAN_POINT('',(2.25E-1,1.85E-1,-1.E-2));
#6213=DIRECTION('',(0.E0,-2.747211278974E-1,9.615239476408E-1));
#6214=DIRECTION('',(0.E0,-9.615239476408E-1,-2.747211278974E-1));
#6215=AXIS2_PLACEMENT_3D('',#6212,#6213,#6214);
#6216=PLANE('',#6215);
#6217=ORIENTED_EDGE('',*,*,#6202,.F.);
#6218=ORIENTED_EDGE('',*,*,#6177,.T.);
#6219=ORIENTED_EDGE('',*,*,#5956,.T.);
#6220=ORIENTED_EDGE('',*,*,#6149,.F.);
#6221=EDGE_LOOP('',(#6217,#6218,#6219,#6220));
#6222=FACE_OUTER_BOUND('',#6221,.F.);
#6223=ADVANCED_FACE('',(#6222),#6216,.T.);
#6224=CARTESIAN_POINT('',(2.65E-1,5.E-2,0.E0));
#6225=DIRECTION('',(1.E0,0.E0,0.E0));
#6226=DIRECTION('',(0.E0,1.E0,0.E0));
#6227=AXIS2_PLACEMENT_3D('',#6224,#6225,#6226);
#6228=PLANE('',#6227);
#6229=ORIENTED_EDGE('',*,*,#6147,.T.);
#6231=ORIENTED_EDGE('',*,*,#6230,.T.);
#6233=ORIENTED_EDGE('',*,*,#6232,.T.);
#6234=ORIENTED_EDGE('',*,*,#6204,.F.);
#6235=EDGE_LOOP('',(#6229,#6231,#6233,#6234));
#6236=FACE_OUTER_BOUND('',#6235,.F.);
#6237=ADVANCED_FACE('',(#6236),#6228,.F.);
#6238=CARTESIAN_POINT('',(1.85E-1,5.E-2,0.E0));
#6239=DIRECTION('',(0.E0,-1.E0,0.E0));
#6240=DIRECTION('',(1.E0,0.E0,0.E0));
#6241=AXIS2_PLACEMENT_3D('',#6238,#6239,#6240);
#6242=PLANE('',#6241);
#6243=ORIENTED_EDGE('',*,*,#6162,.T.);
#6244=ORIENTED_EDGE('',*,*,#6192,.T.);
#6246=ORIENTED_EDGE('',*,*,#6245,.T.);
#6247=ORIENTED_EDGE('',*,*,#6230,.F.);
#6248=EDGE_LOOP('',(#6243,#6244,#6246,#6247));
#6249=FACE_OUTER_BOUND('',#6248,.F.);
#6250=ADVANCED_FACE('',(#6249),#6242,.F.);
#6251=CARTESIAN_POINT('',(3.15E-1,0.E0,-3.E-1));
#6252=DIRECTION('',(0.E0,0.E0,1.E0));
#6253=DIRECTION('',(1.E0,0.E0,0.E0));
#6254=AXIS2_PLACEMENT_3D('',#6251,#6252,#6253);
#6255=PLANE('',#6254);
#6256=ORIENTED_EDGE('',*,*,#6190,.F.);
#6257=ORIENTED_EDGE('',*,*,#6206,.F.);
#6258=ORIENTED_EDGE('',*,*,#6232,.F.);
#6259=ORIENTED_EDGE('',*,*,#6245,.F.);
#6260=EDGE_LOOP('',(#6256,#6257,#6258,#6259));
#6261=FACE_OUTER_BOUND('',#6260,.F.);
#6262=ADVANCED_FACE('',(#6261),#6255,.T.);
#6263=CARTESIAN_POINT('',(1.25E-1,1.E-1,-1.E-2));
#6264=DIRECTION('',(-7.071067811865E-1,0.E0,7.071067811865E-1));
#6265=DIRECTION('',(-7.071067811865E-1,0.E0,-7.071067811865E-1));
#6266=AXIS2_PLACEMENT_3D('',#6263,#6264,#6265);
#6267=PLANE('',#6266);
#6268=ORIENTED_EDGE('',*,*,#5964,.T.);
#6270=ORIENTED_EDGE('',*,*,#6269,.F.);
#6272=ORIENTED_EDGE('',*,*,#6271,.F.);
#6274=ORIENTED_EDGE('',*,*,#6273,.T.);
#6275=EDGE_LOOP('',(#6268,#6270,#6272,#6274));
#6276=FACE_OUTER_BOUND('',#6275,.F.);
#6277=ADVANCED_FACE('',(#6276),#6267,.T.);
#6278=CARTESIAN_POINT('',(7.5E-2,4.E-2,-1.E-2));
#6279=DIRECTION('',(0.E0,7.071067811865E-1,7.071067811865E-1));
#6280=DIRECTION('',(0.E0,7.071067811865E-1,-7.071067811865E-1));
#6281=AXIS2_PLACEMENT_3D('',#6278,#6279,#6280);
#6282=PLANE('',#6281);
#6283=ORIENTED_EDGE('',*,*,#5970,.T.);
#6285=ORIENTED_EDGE('',*,*,#6284,.F.);
#6287=ORIENTED_EDGE('',*,*,#6286,.F.);
#6288=ORIENTED_EDGE('',*,*,#6269,.T.);
#6289=EDGE_LOOP('',(#6283,#6285,#6287,#6288));
#6290=FACE_OUTER_BOUND('',#6289,.F.);
#6291=ADVANCED_FACE('',(#6290),#6282,.T.);
#6292=CARTESIAN_POINT('',(2.5E-2,1.E-1,-1.E-2));
#6293=DIRECTION('',(7.071067811865E-1,0.E0,7.071067811865E-1));
#6294=DIRECTION('',(7.071067811865E-1,0.E0,-7.071067811865E-1));
#6295=AXIS2_PLACEMENT_3D('',#6292,#6293,#6294);
#6296=PLANE('',#6295);
#6298=ORIENTED_EDGE('',*,*,#6297,.F.);
#6299=ORIENTED_EDGE('',*,*,#6284,.T.);
#6300=ORIENTED_EDGE('',*,*,#5968,.T.);
#6302=ORIENTED_EDGE('',*,*,#6301,.F.);
#6303=EDGE_LOOP('',(#6298,#6299,#6300,#6302));
#6304=FACE_OUTER_BOUND('',#6303,.F.);
#6305=ADVANCED_FACE('',(#6304),#6296,.T.);
#6306=CARTESIAN_POINT('',(3.5E-2,1.5E-1,0.E0));
#6307=DIRECTION('',(-1.E0,0.E0,0.E0));
#6308=DIRECTION('',(0.E0,-1.E0,0.E0));
#6309=AXIS2_PLACEMENT_3D('',#6306,#6307,#6308);
#6310=PLANE('',#6309);
#6311=ORIENTED_EDGE('',*,*,#6297,.T.);
#6313=ORIENTED_EDGE('',*,*,#6312,.T.);
#6315=ORIENTED_EDGE('',*,*,#6314,.T.);
#6317=ORIENTED_EDGE('',*,*,#6316,.F.);
#6318=EDGE_LOOP('',(#6311,#6313,#6315,#6317));
#6319=FACE_OUTER_BOUND('',#6318,.F.);
#6320=ADVANCED_FACE('',(#6319),#6310,.F.);
#6321=CARTESIAN_POINT('',(1.15E-1,1.5E-1,0.E0));
#6322=DIRECTION('',(0.E0,1.E0,0.E0));
#6323=DIRECTION('',(-1.E0,0.E0,0.E0));
#6324=AXIS2_PLACEMENT_3D('',#6321,#6322,#6323);
#6325=PLANE('',#6324);
#6327=ORIENTED_EDGE('',*,*,#6326,.T.);
#6329=ORIENTED_EDGE('',*,*,#6328,.T.);
#6331=ORIENTED_EDGE('',*,*,#6330,.T.);
#6332=ORIENTED_EDGE('',*,*,#6312,.F.);
#6333=EDGE_LOOP('',(#6327,#6329,#6331,#6332));
#6334=FACE_OUTER_BOUND('',#6333,.F.);
#6335=ADVANCED_FACE('',(#6334),#6325,.F.);
#6336=CARTESIAN_POINT('',(7.5E-2,1.85E-1,-1.E-2));
#6337=DIRECTION('',(0.E0,-2.747211278974E-1,9.615239476408E-1));
#6338=DIRECTION('',(0.E0,-9.615239476408E-1,-2.747211278974E-1));
#6339=AXIS2_PLACEMENT_3D('',#6336,#6337,#6338);
#6340=PLANE('',#6339);
#6341=ORIENTED_EDGE('',*,*,#6326,.F.);
#6342=ORIENTED_EDGE('',*,*,#6301,.T.);
#6343=ORIENTED_EDGE('',*,*,#5966,.T.);
#6344=ORIENTED_EDGE('',*,*,#6273,.F.);
#6345=EDGE_LOOP('',(#6341,#6342,#6343,#6344));
#6346=FACE_OUTER_BOUND('',#6345,.F.);
#6347=ADVANCED_FACE('',(#6346),#6340,.T.);
#6348=CARTESIAN_POINT('',(1.15E-1,5.E-2,0.E0));
#6349=DIRECTION('',(1.E0,0.E0,0.E0));
#6350=DIRECTION('',(0.E0,1.E0,0.E0));
#6351=AXIS2_PLACEMENT_3D('',#6348,#6349,#6350);
#6352=PLANE('',#6351);
#6353=ORIENTED_EDGE('',*,*,#6271,.T.);
#6355=ORIENTED_EDGE('',*,*,#6354,.T.);
#6357=ORIENTED_EDGE('',*,*,#6356,.T.);
#6358=ORIENTED_EDGE('',*,*,#6328,.F.);
#6359=EDGE_LOOP('',(#6353,#6355,#6357,#6358));
#6360=FACE_OUTER_BOUND('',#6359,.F.);
#6361=ADVANCED_FACE('',(#6360),#6352,.F.);
#6362=CARTESIAN_POINT('',(3.5E-2,5.E-2,0.E0));
#6363=DIRECTION('',(0.E0,-1.E0,0.E0));
#6364=DIRECTION('',(1.E0,0.E0,0.E0));
#6365=AXIS2_PLACEMENT_3D('',#6362,#6363,#6364);
#6366=PLANE('',#6365);
#6367=ORIENTED_EDGE('',*,*,#6286,.T.);
#6368=ORIENTED_EDGE('',*,*,#6316,.T.);
#6370=ORIENTED_EDGE('',*,*,#6369,.T.);
#6371=ORIENTED_EDGE('',*,*,#6354,.F.);
#6372=EDGE_LOOP('',(#6367,#6368,#6370,#6371));
#6373=FACE_OUTER_BOUND('',#6372,.F.);
#6374=ADVANCED_FACE('',(#6373),#6366,.F.);
#6375=CARTESIAN_POINT('',(1.65E-1,0.E0,-3.E-1));
#6376=DIRECTION('',(0.E0,0.E0,1.E0));
#6377=DIRECTION('',(1.E0,0.E0,0.E0));
#6378=AXIS2_PLACEMENT_3D('',#6375,#6376,#6377);
#6379=PLANE('',#6378);
#6380=ORIENTED_EDGE('',*,*,#6314,.F.);
#6381=ORIENTED_EDGE('',*,*,#6330,.F.);
#6382=ORIENTED_EDGE('',*,*,#6356,.F.);
#6383=ORIENTED_EDGE('',*,*,#6369,.F.);
#6384=EDGE_LOOP('',(#6380,#6381,#6382,#6383));
#6385=FACE_OUTER_BOUND('',#6384,.F.);
#6386=ADVANCED_FACE('',(#6385),#6379,.T.);
#6387=CARTESIAN_POINT('',(-2.5E-2,1.E-1,-1.E-2));
#6388=DIRECTION('',(-7.071067811865E-1,0.E0,7.071067811865E-1));
#6389=DIRECTION('',(-7.071067811865E-1,0.E0,-7.071067811865E-1));
#6390=AXIS2_PLACEMENT_3D('',#6387,#6388,#6389);
#6391=PLANE('',#6390);
#6392=ORIENTED_EDGE('',*,*,#5974,.T.);
#6394=ORIENTED_EDGE('',*,*,#6393,.F.);
#6396=ORIENTED_EDGE('',*,*,#6395,.F.);
#6398=ORIENTED_EDGE('',*,*,#6397,.T.);
#6399=EDGE_LOOP('',(#6392,#6394,#6396,#6398));
#6400=FACE_OUTER_BOUND('',#6399,.F.);
#6401=ADVANCED_FACE('',(#6400),#6391,.T.);
#6402=CARTESIAN_POINT('',(-7.5E-2,4.E-2,-1.E-2));
#6403=DIRECTION('',(0.E0,7.071067811865E-1,7.071067811865E-1));
#6404=DIRECTION('',(0.E0,7.071067811865E-1,-7.071067811865E-1));
#6405=AXIS2_PLACEMENT_3D('',#6402,#6403,#6404);
#6406=PLANE('',#6405);
#6407=ORIENTED_EDGE('',*,*,#5980,.T.);
#6409=ORIENTED_EDGE('',*,*,#6408,.F.);
#6411=ORIENTED_EDGE('',*,*,#6410,.F.);
#6412=ORIENTED_EDGE('',*,*,#6393,.T.);
#6413=EDGE_LOOP('',(#6407,#6409,#6411,#6412));
#6414=FACE_OUTER_BOUND('',#6413,.F.);
#6415=ADVANCED_FACE('',(#6414),#6406,.T.);
#6416=CARTESIAN_POINT('',(-1.25E-1,1.E-1,-1.E-2));
#6417=DIRECTION('',(7.071067811865E-1,0.E0,7.071067811865E-1));
#6418=DIRECTION('',(7.071067811865E-1,0.E0,-7.071067811865E-1));
#6419=AXIS2_PLACEMENT_3D('',#6416,#6417,#6418);
#6420=PLANE('',#6419);
#6422=ORIENTED_EDGE('',*,*,#6421,.F.);
#6423=ORIENTED_EDGE('',*,*,#6408,.T.);
#6424=ORIENTED_EDGE('',*,*,#5978,.T.);
#6426=ORIENTED_EDGE('',*,*,#6425,.F.);
#6427=EDGE_LOOP('',(#6422,#6423,#6424,#6426));
#6428=FACE_OUTER_BOUND('',#6427,.F.);
#6429=ADVANCED_FACE('',(#6428),#6420,.T.);
#6430=CARTESIAN_POINT('',(-1.15E-1,1.5E-1,0.E0));
#6431=DIRECTION('',(-1.E0,0.E0,0.E0));
#6432=DIRECTION('',(0.E0,-1.E0,0.E0));
#6433=AXIS2_PLACEMENT_3D('',#6430,#6431,#6432);
#6434=PLANE('',#6433);
#6435=ORIENTED_EDGE('',*,*,#6421,.T.);
#6437=ORIENTED_EDGE('',*,*,#6436,.T.);
#6439=ORIENTED_EDGE('',*,*,#6438,.T.);
#6441=ORIENTED_EDGE('',*,*,#6440,.F.);
#6442=EDGE_LOOP('',(#6435,#6437,#6439,#6441));
#6443=FACE_OUTER_BOUND('',#6442,.F.);
#6444=ADVANCED_FACE('',(#6443),#6434,.F.);
#6445=CARTESIAN_POINT('',(-3.5E-2,1.5E-1,0.E0));
#6446=DIRECTION('',(0.E0,1.E0,0.E0));
#6447=DIRECTION('',(-1.E0,0.E0,0.E0));
#6448=AXIS2_PLACEMENT_3D('',#6445,#6446,#6447);
#6449=PLANE('',#6448);
#6451=ORIENTED_EDGE('',*,*,#6450,.T.);
#6453=ORIENTED_EDGE('',*,*,#6452,.T.);
#6455=ORIENTED_EDGE('',*,*,#6454,.T.);
#6456=ORIENTED_EDGE('',*,*,#6436,.F.);
#6457=EDGE_LOOP('',(#6451,#6453,#6455,#6456));
#6458=FACE_OUTER_BOUND('',#6457,.F.);
#6459=ADVANCED_FACE('',(#6458),#6449,.F.);
#6460=CARTESIAN_POINT('',(-7.5E-2,1.85E-1,-1.E-2));
#6461=DIRECTION('',(0.E0,-2.747211278974E-1,9.615239476408E-1));
#6462=DIRECTION('',(0.E0,-9.615239476408E-1,-2.747211278974E-1));
#6463=AXIS2_PLACEMENT_3D('',#6460,#6461,#6462);
#6464=PLANE('',#6463);
#6465=ORIENTED_EDGE('',*,*,#6450,.F.);
#6466=ORIENTED_EDGE('',*,*,#6425,.T.);
#6467=ORIENTED_EDGE('',*,*,#5976,.T.);
#6468=ORIENTED_EDGE('',*,*,#6397,.F.);
#6469=EDGE_LOOP('',(#6465,#6466,#6467,#6468));
#6470=FACE_OUTER_BOUND('',#6469,.F.);
#6471=ADVANCED_FACE('',(#6470),#6464,.T.);
#6472=CARTESIAN_POINT('',(-3.5E-2,5.E-2,0.E0));
#6473=DIRECTION('',(1.E0,0.E0,0.E0));
#6474=DIRECTION('',(0.E0,1.E0,0.E0));
#6475=AXIS2_PLACEMENT_3D('',#6472,#6473,#6474);
#6476=PLANE('',#6475);
#6477=ORIENTED_EDGE('',*,*,#6395,.T.);
#6479=ORIENTED_EDGE('',*,*,#6478,.T.);
#6481=ORIENTED_EDGE('',*,*,#6480,.T.);
#6482=ORIENTED_EDGE('',*,*,#6452,.F.);
#6483=EDGE_LOOP('',(#6477,#6479,#6481,#6482));
#6484=FACE_OUTER_BOUND('',#6483,.F.);
#6485=ADVANCED_FACE('',(#6484),#6476,.F.);
#6486=CARTESIAN_POINT('',(-1.15E-1,5.E-2,0.E0));
#6487=DIRECTION('',(0.E0,-1.E0,0.E0));
#6488=DIRECTION('',(1.E0,0.E0,0.E0));
#6489=AXIS2_PLACEMENT_3D('',#6486,#6487,#6488);
#6490=PLANE('',#6489);
#6491=ORIENTED_EDGE('',*,*,#6410,.T.);
#6492=ORIENTED_EDGE('',*,*,#6440,.T.);
#6494=ORIENTED_EDGE('',*,*,#6493,.T.);
#6495=ORIENTED_EDGE('',*,*,#6478,.F.);
#6496=EDGE_LOOP('',(#6491,#6492,#6494,#6495));
#6497=FACE_OUTER_BOUND('',#6496,.F.);
#6498=ADVANCED_FACE('',(#6497),#6490,.F.);
#6499=CARTESIAN_POINT('',(1.5E-2,0.E0,-3.E-1));
#6500=DIRECTION('',(0.E0,0.E0,1.E0));
#6501=DIRECTION('',(1.E0,0.E0,0.E0));
#6502=AXIS2_PLACEMENT_3D('',#6499,#6500,#6501);
#6503=PLANE('',#6502);
#6504=ORIENTED_EDGE('',*,*,#6438,.F.);
#6505=ORIENTED_EDGE('',*,*,#6454,.F.);
#6506=ORIENTED_EDGE('',*,*,#6480,.F.);
#6507=ORIENTED_EDGE('',*,*,#6493,.F.);
#6508=EDGE_LOOP('',(#6504,#6505,#6506,#6507));
#6509=FACE_OUTER_BOUND('',#6508,.F.);
#6510=ADVANCED_FACE('',(#6509),#6503,.T.);
#6511=CARTESIAN_POINT('',(-1.75E-1,1.E-1,-1.E-2));
#6512=DIRECTION('',(-7.071067811865E-1,0.E0,7.071067811865E-1));
#6513=DIRECTION('',(-7.071067811865E-1,0.E0,-7.071067811865E-1));
#6514=AXIS2_PLACEMENT_3D('',#6511,#6512,#6513);
#6515=PLANE('',#6514);
#6516=ORIENTED_EDGE('',*,*,#5984,.T.);
#6518=ORIENTED_EDGE('',*,*,#6517,.F.);
#6520=ORIENTED_EDGE('',*,*,#6519,.F.);
#6522=ORIENTED_EDGE('',*,*,#6521,.T.);
#6523=EDGE_LOOP('',(#6516,#6518,#6520,#6522));
#6524=FACE_OUTER_BOUND('',#6523,.F.);
#6525=ADVANCED_FACE('',(#6524),#6515,.T.);
#6526=CARTESIAN_POINT('',(-2.25E-1,4.E-2,-1.E-2));
#6527=DIRECTION('',(0.E0,7.071067811865E-1,7.071067811865E-1));
#6528=DIRECTION('',(0.E0,7.071067811865E-1,-7.071067811865E-1));
#6529=AXIS2_PLACEMENT_3D('',#6526,#6527,#6528);
#6530=PLANE('',#6529);
#6531=ORIENTED_EDGE('',*,*,#5990,.T.);
#6533=ORIENTED_EDGE('',*,*,#6532,.F.);
#6535=ORIENTED_EDGE('',*,*,#6534,.F.);
#6536=ORIENTED_EDGE('',*,*,#6517,.T.);
#6537=EDGE_LOOP('',(#6531,#6533,#6535,#6536));
#6538=FACE_OUTER_BOUND('',#6537,.F.);
#6539=ADVANCED_FACE('',(#6538),#6530,.T.);
#6540=CARTESIAN_POINT('',(-2.75E-1,1.E-1,-1.E-2));
#6541=DIRECTION('',(7.071067811865E-1,0.E0,7.071067811865E-1));
#6542=DIRECTION('',(7.071067811865E-1,0.E0,-7.071067811865E-1));
#6543=AXIS2_PLACEMENT_3D('',#6540,#6541,#6542);
#6544=PLANE('',#6543);
#6546=ORIENTED_EDGE('',*,*,#6545,.F.);
#6547=ORIENTED_EDGE('',*,*,#6532,.T.);
#6548=ORIENTED_EDGE('',*,*,#5988,.T.);
#6550=ORIENTED_EDGE('',*,*,#6549,.F.);
#6551=EDGE_LOOP('',(#6546,#6547,#6548,#6550));
#6552=FACE_OUTER_BOUND('',#6551,.F.);
#6553=ADVANCED_FACE('',(#6552),#6544,.T.);
#6554=CARTESIAN_POINT('',(-2.65E-1,1.5E-1,0.E0));
#6555=DIRECTION('',(-1.E0,0.E0,0.E0));
#6556=DIRECTION('',(0.E0,-1.E0,0.E0));
#6557=AXIS2_PLACEMENT_3D('',#6554,#6555,#6556);
#6558=PLANE('',#6557);
#6559=ORIENTED_EDGE('',*,*,#6545,.T.);
#6561=ORIENTED_EDGE('',*,*,#6560,.T.);
#6563=ORIENTED_EDGE('',*,*,#6562,.T.);
#6565=ORIENTED_EDGE('',*,*,#6564,.F.);
#6566=EDGE_LOOP('',(#6559,#6561,#6563,#6565));
#6567=FACE_OUTER_BOUND('',#6566,.F.);
#6568=ADVANCED_FACE('',(#6567),#6558,.F.);
#6569=CARTESIAN_POINT('',(-1.85E-1,1.5E-1,0.E0));
#6570=DIRECTION('',(0.E0,1.E0,0.E0));
#6571=DIRECTION('',(-1.E0,0.E0,0.E0));
#6572=AXIS2_PLACEMENT_3D('',#6569,#6570,#6571);
#6573=PLANE('',#6572);
#6575=ORIENTED_EDGE('',*,*,#6574,.T.);
#6577=ORIENTED_EDGE('',*,*,#6576,.T.);
#6579=ORIENTED_EDGE('',*,*,#6578,.T.);
#6580=ORIENTED_EDGE('',*,*,#6560,.F.);
#6581=EDGE_LOOP('',(#6575,#6577,#6579,#6580));
#6582=FACE_OUTER_BOUND('',#6581,.F.);
#6583=ADVANCED_FACE('',(#6582),#6573,.F.);
#6584=CARTESIAN_POINT('',(-2.25E-1,1.85E-1,-1.E-2));
#6585=DIRECTION('',(0.E0,-2.747211278974E-1,9.615239476408E-1));
#6586=DIRECTION('',(0.E0,-9.615239476408E-1,-2.747211278974E-1));
#6587=AXIS2_PLACEMENT_3D('',#6584,#6585,#6586);
#6588=PLANE('',#6587);
#6589=ORIENTED_EDGE('',*,*,#6574,.F.);
#6590=ORIENTED_EDGE('',*,*,#6549,.T.);
#6591=ORIENTED_EDGE('',*,*,#5986,.T.);
#6592=ORIENTED_EDGE('',*,*,#6521,.F.);
#6593=EDGE_LOOP('',(#6589,#6590,#6591,#6592));
#6594=FACE_OUTER_BOUND('',#6593,.F.);
#6595=ADVANCED_FACE('',(#6594),#6588,.T.);
#6596=CARTESIAN_POINT('',(-1.85E-1,5.E-2,0.E0));
#6597=DIRECTION('',(1.E0,0.E0,0.E0));
#6598=DIRECTION('',(0.E0,1.E0,0.E0));
#6599=AXIS2_PLACEMENT_3D('',#6596,#6597,#6598);
#6600=PLANE('',#6599);
#6601=ORIENTED_EDGE('',*,*,#6519,.T.);
#6603=ORIENTED_EDGE('',*,*,#6602,.T.);
#6605=ORIENTED_EDGE('',*,*,#6604,.T.);
#6606=ORIENTED_EDGE('',*,*,#6576,.F.);
#6607=EDGE_LOOP('',(#6601,#6603,#6605,#6606));
#6608=FACE_OUTER_BOUND('',#6607,.F.);
#6609=ADVANCED_FACE('',(#6608),#6600,.F.);
#6610=CARTESIAN_POINT('',(-2.65E-1,5.E-2,0.E0));
#6611=DIRECTION('',(0.E0,-1.E0,0.E0));
#6612=DIRECTION('',(1.E0,0.E0,0.E0));
#6613=AXIS2_PLACEMENT_3D('',#6610,#6611,#6612);
#6614=PLANE('',#6613);
#6615=ORIENTED_EDGE('',*,*,#6534,.T.);
#6616=ORIENTED_EDGE('',*,*,#6564,.T.);
#6618=ORIENTED_EDGE('',*,*,#6617,.T.);
#6619=ORIENTED_EDGE('',*,*,#6602,.F.);
#6620=EDGE_LOOP('',(#6615,#6616,#6618,#6619));
#6621=FACE_OUTER_BOUND('',#6620,.F.);
#6622=ADVANCED_FACE('',(#6621),#6614,.F.);
#6623=CARTESIAN_POINT('',(-1.35E-1,0.E0,-3.E-1));
#6624=DIRECTION('',(0.E0,0.E0,1.E0));
#6625=DIRECTION('',(1.E0,0.E0,0.E0));
#6626=AXIS2_PLACEMENT_3D('',#6623,#6624,#6625);
#6627=PLANE('',#6626);
#6628=ORIENTED_EDGE('',*,*,#6562,.F.);
#6629=ORIENTED_EDGE('',*,*,#6578,.F.);
#6630=ORIENTED_EDGE('',*,*,#6604,.F.);
#6631=ORIENTED_EDGE('',*,*,#6617,.F.);
#6632=EDGE_LOOP('',(#6628,#6629,#6630,#6631));
#6633=FACE_OUTER_BOUND('',#6632,.F.);
#6634=ADVANCED_FACE('',(#6633),#6627,.T.);
#6635=CARTESIAN_POINT('',(-3.25E-1,1.E-1,-1.E-2));
#6636=DIRECTION('',(-7.071067811865E-1,0.E0,7.071067811865E-1));
#6637=DIRECTION('',(-7.071067811865E-1,0.E0,-7.071067811865E-1));
#6638=AXIS2_PLACEMENT_3D('',#6635,#6636,#6637);
#6639=PLANE('',#6638);
#6640=ORIENTED_EDGE('',*,*,#5994,.T.);
#6642=ORIENTED_EDGE('',*,*,#6641,.F.);
#6644=ORIENTED_EDGE('',*,*,#6643,.F.);
#6646=ORIENTED_EDGE('',*,*,#6645,.T.);
#6647=EDGE_LOOP('',(#6640,#6642,#6644,#6646));
#6648=FACE_OUTER_BOUND('',#6647,.F.);
#6649=ADVANCED_FACE('',(#6648),#6639,.T.);
#6650=CARTESIAN_POINT('',(-3.75E-1,4.E-2,-1.E-2));
#6651=DIRECTION('',(0.E0,7.071067811865E-1,7.071067811865E-1));
#6652=DIRECTION('',(0.E0,7.071067811865E-1,-7.071067811865E-1));
#6653=AXIS2_PLACEMENT_3D('',#6650,#6651,#6652);
#6654=PLANE('',#6653);
#6655=ORIENTED_EDGE('',*,*,#6000,.T.);
#6657=ORIENTED_EDGE('',*,*,#6656,.F.);
#6659=ORIENTED_EDGE('',*,*,#6658,.F.);
#6660=ORIENTED_EDGE('',*,*,#6641,.T.);
#6661=EDGE_LOOP('',(#6655,#6657,#6659,#6660));
#6662=FACE_OUTER_BOUND('',#6661,.F.);
#6663=ADVANCED_FACE('',(#6662),#6654,.T.);
#6664=CARTESIAN_POINT('',(-4.25E-1,1.E-1,-1.E-2));
#6665=DIRECTION('',(7.071067811865E-1,0.E0,7.071067811865E-1));
#6666=DIRECTION('',(7.071067811865E-1,0.E0,-7.071067811865E-1));
#6667=AXIS2_PLACEMENT_3D('',#6664,#6665,#6666);
#6668=PLANE('',#6667);
#6670=ORIENTED_EDGE('',*,*,#6669,.F.);
#6671=ORIENTED_EDGE('',*,*,#6656,.T.);
#6672=ORIENTED_EDGE('',*,*,#5998,.T.);
#6674=ORIENTED_EDGE('',*,*,#6673,.F.);
#6675=EDGE_LOOP('',(#6670,#6671,#6672,#6674));
#6676=FACE_OUTER_BOUND('',#6675,.F.);
#6677=ADVANCED_FACE('',(#6676),#6668,.T.);
#6678=CARTESIAN_POINT('',(-4.15E-1,1.5E-1,0.E0));
#6679=DIRECTION('',(-1.E0,0.E0,0.E0));
#6680=DIRECTION('',(0.E0,-1.E0,0.E0));
#6681=AXIS2_PLACEMENT_3D('',#6678,#6679,#6680);
#6682=PLANE('',#6681);
#6683=ORIENTED_EDGE('',*,*,#6669,.T.);
#6685=ORIENTED_EDGE('',*,*,#6684,.T.);
#6687=ORIENTED_EDGE('',*,*,#6686,.T.);
#6689=ORIENTED_EDGE('',*,*,#6688,.F.);
#6690=EDGE_LOOP('',(#6683,#6685,#6687,#6689));
#6691=FACE_OUTER_BOUND('',#6690,.F.);
#6692=ADVANCED_FACE('',(#6691),#6682,.F.);
#6693=CARTESIAN_POINT('',(-3.35E-1,1.5E-1,0.E0));
#6694=DIRECTION('',(0.E0,1.E0,0.E0));
#6695=DIRECTION('',(-1.E0,0.E0,0.E0));
#6696=AXIS2_PLACEMENT_3D('',#6693,#6694,#6695);
#6697=PLANE('',#6696);
#6699=ORIENTED_EDGE('',*,*,#6698,.T.);
#6701=ORIENTED_EDGE('',*,*,#6700,.T.);
#6703=ORIENTED_EDGE('',*,*,#6702,.T.);
#6704=ORIENTED_EDGE('',*,*,#6684,.F.);
#6705=EDGE_LOOP('',(#6699,#6701,#6703,#6704));
#6706=FACE_OUTER_BOUND('',#6705,.F.);
#6707=ADVANCED_FACE('',(#6706),#6697,.F.);
#6708=CARTESIAN_POINT('',(-3.75E-1,1.85E-1,-1.E-2));
#6709=DIRECTION('',(0.E0,-2.747211278974E-1,9.615239476408E-1));
#6710=DIRECTION('',(0.E0,-9.615239476408E-1,-2.747211278974E-1));
#6711=AXIS2_PLACEMENT_3D('',#6708,#6709,#6710);
#6712=PLANE('',#6711);
#6713=ORIENTED_EDGE('',*,*,#6698,.F.);
#6714=ORIENTED_EDGE('',*,*,#6673,.T.);
#6715=ORIENTED_EDGE('',*,*,#5996,.T.);
#6716=ORIENTED_EDGE('',*,*,#6645,.F.);
#6717=EDGE_LOOP('',(#6713,#6714,#6715,#6716));
#6718=FACE_OUTER_BOUND('',#6717,.F.);
#6719=ADVANCED_FACE('',(#6718),#6712,.T.);
#6720=CARTESIAN_POINT('',(-3.35E-1,5.E-2,0.E0));
#6721=DIRECTION('',(1.E0,0.E0,0.E0));
#6722=DIRECTION('',(0.E0,1.E0,0.E0));
#6723=AXIS2_PLACEMENT_3D('',#6720,#6721,#6722);
#6724=PLANE('',#6723);
#6725=ORIENTED_EDGE('',*,*,#6643,.T.);
#6727=ORIENTED_EDGE('',*,*,#6726,.T.);
#6729=ORIENTED_EDGE('',*,*,#6728,.T.);
#6730=ORIENTED_EDGE('',*,*,#6700,.F.);
#6731=EDGE_LOOP('',(#6725,#6727,#6729,#6730));
#6732=FACE_OUTER_BOUND('',#6731,.F.);
#6733=ADVANCED_FACE('',(#6732),#6724,.F.);
#6734=CARTESIAN_POINT('',(-4.15E-1,5.E-2,0.E0));
#6735=DIRECTION('',(0.E0,-1.E0,0.E0));
#6736=DIRECTION('',(1.E0,0.E0,0.E0));
#6737=AXIS2_PLACEMENT_3D('',#6734,#6735,#6736);
#6738=PLANE('',#6737);
#6739=ORIENTED_EDGE('',*,*,#6658,.T.);
#6740=ORIENTED_EDGE('',*,*,#6688,.T.);
#6742=ORIENTED_EDGE('',*,*,#6741,.T.);
#6743=ORIENTED_EDGE('',*,*,#6726,.F.);
#6744=EDGE_LOOP('',(#6739,#6740,#6742,#6743));
#6745=FACE_OUTER_BOUND('',#6744,.F.);
#6746=ADVANCED_FACE('',(#6745),#6738,.F.);
#6747=CARTESIAN_POINT('',(-2.85E-1,0.E0,-3.E-1));
#6748=DIRECTION('',(0.E0,0.E0,1.E0));
#6749=DIRECTION('',(1.E0,0.E0,0.E0));
#6750=AXIS2_PLACEMENT_3D('',#6747,#6748,#6749);
#6751=PLANE('',#6750);
#6752=ORIENTED_EDGE('',*,*,#6686,.F.);
#6753=ORIENTED_EDGE('',*,*,#6702,.F.);
#6754=ORIENTED_EDGE('',*,*,#6728,.F.);
#6755=ORIENTED_EDGE('',*,*,#6741,.F.);
#6756=EDGE_LOOP('',(#6752,#6753,#6754,#6755));
#6757=FACE_OUTER_BOUND('',#6756,.F.);
#6758=ADVANCED_FACE('',(#6757),#6751,.T.);
#6759=CARTESIAN_POINT('',(-4.65E-1,2.8E-1,-2.E-2));
#6760=DIRECTION('',(0.E0,1.E0,0.E0));
#6761=DIRECTION('',(0.E0,0.E0,1.E0));
#6762=AXIS2_PLACEMENT_3D('',#6759,#6760,#6761);
#6763=PLANE('',#6762);
#6764=ORIENTED_EDGE('',*,*,#4164,.F.);
#6766=ORIENTED_EDGE('',*,*,#6765,.T.);
#6768=ORIENTED_EDGE('',*,*,#6767,.T.);
#6769=ORIENTED_EDGE('',*,*,#5942,.F.);
#6771=ORIENTED_EDGE('',*,*,#6770,.T.);
#6773=ORIENTED_EDGE('',*,*,#6772,.T.);
#6775=ORIENTED_EDGE('',*,*,#6774,.F.);
#6776=ORIENTED_EDGE('',*,*,#5934,.F.);
#6777=EDGE_LOOP('',(#6764,#6766,#6768,#6769,#6771,#6773,#6775,#6776));
#6778=FACE_OUTER_BOUND('',#6777,.F.);
#6779=ADVANCED_FACE('',(#6778),#6763,.T.);
#6780=CARTESIAN_POINT('',(-4.65E-1,4.2E-1,-7.E-2));
#6781=DIRECTION('',(0.E0,3.363363969982E-1,9.417419115948E-1));
#6782=DIRECTION('',(0.E0,-9.417419115948E-1,3.363363969982E-1));
#6783=AXIS2_PLACEMENT_3D('',#6780,#6781,#6782);
#6784=PLANE('',#6783);
#6785=ORIENTED_EDGE('',*,*,#4162,.F.);
#6786=ORIENTED_EDGE('',*,*,#4210,.T.);
#6788=ORIENTED_EDGE('',*,*,#6787,.T.);
#6789=ORIENTED_EDGE('',*,*,#6765,.F.);
#6790=EDGE_LOOP('',(#6785,#6786,#6788,#6789));
#6791=FACE_OUTER_BOUND('',#6790,.F.);
#6792=ADVANCED_FACE('',(#6791),#6784,.T.);
#6793=CARTESIAN_POINT('',(4.6E-1,0.E0,0.E0));
#6794=DIRECTION('',(1.E0,0.E0,0.E0));
#6795=DIRECTION('',(0.E0,0.E0,-1.E0));
#6796=AXIS2_PLACEMENT_3D('',#6793,#6794,#6795);
#6797=PLANE('',#6796);
#6798=ORIENTED_EDGE('',*,*,#6787,.F.);
#6800=ORIENTED_EDGE('',*,*,#6799,.F.);
#6802=ORIENTED_EDGE('',*,*,#6801,.T.);
#6803=ORIENTED_EDGE('',*,*,#5921,.F.);
#6804=ORIENTED_EDGE('',*,*,#5944,.F.);
#6805=ORIENTED_EDGE('',*,*,#6767,.F.);
#6806=EDGE_LOOP('',(#6798,#6800,#6802,#6803,#6804,#6805));
#6807=FACE_OUTER_BOUND('',#6806,.F.);
#6808=ADVANCED_FACE('',(#6807),#6797,.T.);
#6809=CARTESIAN_POINT('',(4.65E-1,4.2E-1,-1.E-1));
#6810=DIRECTION('',(0.E0,1.E0,0.E0));
#6811=DIRECTION('',(0.E0,0.E0,1.E0));
#6812=AXIS2_PLACEMENT_3D('',#6809,#6810,#6811);
#6813=PLANE('',#6812);
#6814=ORIENTED_EDGE('',*,*,#5894,.F.);
#6816=ORIENTED_EDGE('',*,*,#6815,.T.);
#6817=ORIENTED_EDGE('',*,*,#6799,.T.);
#6818=ORIENTED_EDGE('',*,*,#4208,.F.);
#6819=EDGE_LOOP('',(#6814,#6816,#6817,#6818));
#6820=FACE_OUTER_BOUND('',#6819,.F.);
#6821=ADVANCED_FACE('',(#6820),#6813,.F.);
#6822=CARTESIAN_POINT('',(4.65E-1,2.E-2,-1.E-1));
#6823=DIRECTION('',(0.E0,0.E0,-1.E0));
#6824=DIRECTION('',(0.E0,1.E0,0.E0));
#6825=AXIS2_PLACEMENT_3D('',#6822,#6823,#6824);
#6826=PLANE('',#6825);
#6827=ORIENTED_EDGE('',*,*,#5892,.F.);
#6828=ORIENTED_EDGE('',*,*,#5923,.T.);
#6829=ORIENTED_EDGE('',*,*,#6801,.F.);
#6830=ORIENTED_EDGE('',*,*,#6815,.F.);
#6831=EDGE_LOOP('',(#6827,#6828,#6829,#6830));
#6832=FACE_OUTER_BOUND('',#6831,.F.);
#6833=ADVANCED_FACE('',(#6832),#6826,.F.);
#6834=CARTESIAN_POINT('',(4.3E-1,2.6E-1,0.E0));
#6835=DIRECTION('',(1.E0,0.E0,0.E0));
#6836=DIRECTION('',(0.E0,1.E0,0.E0));
#6837=AXIS2_PLACEMENT_3D('',#6834,#6835,#6836);
#6838=PLANE('',#6837);
#6839=ORIENTED_EDGE('',*,*,#5940,.T.);
#6841=ORIENTED_EDGE('',*,*,#6840,.T.);
#6843=ORIENTED_EDGE('',*,*,#6842,.T.);
#6844=ORIENTED_EDGE('',*,*,#6770,.F.);
#6845=EDGE_LOOP('',(#6839,#6841,#6843,#6844));
#6846=FACE_OUTER_BOUND('',#6845,.F.);
#6847=ADVANCED_FACE('',(#6846),#6838,.T.);
#6848=CARTESIAN_POINT('',(-4.3E-1,2.6E-1,0.E0));
#6849=DIRECTION('',(0.E0,-1.E0,0.E0));
#6850=DIRECTION('',(1.E0,0.E0,0.E0));
#6851=AXIS2_PLACEMENT_3D('',#6848,#6849,#6850);
#6852=PLANE('',#6851);
#6853=ORIENTED_EDGE('',*,*,#5938,.F.);
#6855=ORIENTED_EDGE('',*,*,#6854,.T.);
#6857=ORIENTED_EDGE('',*,*,#6856,.T.);
#6858=ORIENTED_EDGE('',*,*,#6840,.F.);
#6859=EDGE_LOOP('',(#6853,#6855,#6857,#6858));
#6860=FACE_OUTER_BOUND('',#6859,.F.);
#6861=ADVANCED_FACE('',(#6860),#6852,.T.);
#6862=CARTESIAN_POINT('',(-4.3E-1,2.8E-1,0.E0));
#6863=DIRECTION('',(-1.E0,0.E0,0.E0));
#6864=DIRECTION('',(0.E0,-1.E0,0.E0));
#6865=AXIS2_PLACEMENT_3D('',#6862,#6863,#6864);
#6866=PLANE('',#6865);
#6867=ORIENTED_EDGE('',*,*,#5936,.F.);
#6868=ORIENTED_EDGE('',*,*,#6774,.T.);
#6870=ORIENTED_EDGE('',*,*,#6869,.T.);
#6871=ORIENTED_EDGE('',*,*,#6854,.F.);
#6872=EDGE_LOOP('',(#6867,#6868,#6870,#6871));
#6873=FACE_OUTER_BOUND('',#6872,.F.);
#6874=ADVANCED_FACE('',(#6873),#6866,.T.);
#6875=CARTESIAN_POINT('',(-4.65E-1,0.E0,2.E-2));
#6876=DIRECTION('',(0.E0,0.E0,1.E0));
#6877=DIRECTION('',(1.E0,0.E0,0.E0));
#6878=AXIS2_PLACEMENT_3D('',#6875,#6876,#6877);
#6879=PLANE('',#6878);
#6880=ORIENTED_EDGE('',*,*,#6869,.F.);
#6881=ORIENTED_EDGE('',*,*,#6772,.F.);
#6882=ORIENTED_EDGE('',*,*,#6842,.F.);
#6883=ORIENTED_EDGE('',*,*,#6856,.F.);
#6884=EDGE_LOOP('',(#6880,#6881,#6882,#6883));
#6885=FACE_OUTER_BOUND('',#6884,.F.);
#6886=ADVANCED_FACE('',(#6885),#6879,.T.);
#6887=CARTESIAN_POINT('',(-4.65E-1,0.E0,0.E0));
#6888=DIRECTION('',(0.E0,-1.E0,0.E0));
#6889=DIRECTION('',(0.E0,0.E0,-1.E0));
#6890=AXIS2_PLACEMENT_3D('',#6887,#6888,#6889);
#6891=PLANE('',#6890);
#6892=ORIENTED_EDGE('',*,*,#4114,.F.);
#6893=ORIENTED_EDGE('',*,*,#5948,.T.);
#6894=ORIENTED_EDGE('',*,*,#5906,.T.);
#6896=ORIENTED_EDGE('',*,*,#6895,.F.);
#6897=EDGE_LOOP('',(#6892,#6893,#6894,#6896));
#6898=FACE_OUTER_BOUND('',#6897,.F.);
#6899=ADVANCED_FACE('',(#6898),#6891,.T.);
#6900=CARTESIAN_POINT('',(-4.65E-1,0.E0,-3.2E-1));
#6901=DIRECTION('',(0.E0,0.E0,-1.E0));
#6902=DIRECTION('',(0.E0,1.E0,0.E0));
#6903=AXIS2_PLACEMENT_3D('',#6900,#6901,#6902);
#6904=PLANE('',#6903);
#6905=ORIENTED_EDGE('',*,*,#4116,.F.);
#6906=ORIENTED_EDGE('',*,*,#6895,.T.);
#6907=ORIENTED_EDGE('',*,*,#5904,.T.);
#6909=ORIENTED_EDGE('',*,*,#6908,.F.);
#6910=EDGE_LOOP('',(#6905,#6906,#6907,#6909));
#6911=FACE_OUTER_BOUND('',#6910,.F.);
#6912=ADVANCED_FACE('',(#6911),#6904,.T.);
#6913=CARTESIAN_POINT('',(-4.65E-1,4.E-2,-3.2E-1));
#6914=DIRECTION('',(0.E0,-1.E0,0.E0));
#6915=DIRECTION('',(0.E0,0.E0,-1.E0));
#6916=AXIS2_PLACEMENT_3D('',#6913,#6914,#6915);
#6917=PLANE('',#6916);
#6918=ORIENTED_EDGE('',*,*,#4118,.F.);
#6919=ORIENTED_EDGE('',*,*,#6908,.T.);
#6920=ORIENTED_EDGE('',*,*,#5902,.T.);
#6922=ORIENTED_EDGE('',*,*,#6921,.F.);
#6923=EDGE_LOOP('',(#6918,#6919,#6920,#6922));
#6924=FACE_OUTER_BOUND('',#6923,.F.);
#6925=ADVANCED_FACE('',(#6924),#6917,.T.);
#6926=CARTESIAN_POINT('',(-4.65E-1,4.E-2,-3.5E-1));
#6927=DIRECTION('',(0.E0,0.E0,-1.E0));
#6928=DIRECTION('',(0.E0,1.E0,0.E0));
#6929=AXIS2_PLACEMENT_3D('',#6926,#6927,#6928);
#6930=PLANE('',#6929);
#6931=ORIENTED_EDGE('',*,*,#4120,.F.);
#6932=ORIENTED_EDGE('',*,*,#6921,.T.);
#6933=ORIENTED_EDGE('',*,*,#5900,.T.);
#6934=ORIENTED_EDGE('',*,*,#5796,.F.);
#6935=EDGE_LOOP('',(#6931,#6932,#6933,#6934));
#6936=FACE_OUTER_BOUND('',#6935,.F.);
#6938=ORIENTED_EDGE('',*,*,#6937,.T.);
#6940=ORIENTED_EDGE('',*,*,#6939,.T.);
#6942=ORIENTED_EDGE('',*,*,#6941,.F.);
#6944=ORIENTED_EDGE('',*,*,#6943,.F.);
#6945=EDGE_LOOP('',(#6938,#6940,#6942,#6944));
#6946=FACE_BOUND('',#6945,.F.);
#6948=ORIENTED_EDGE('',*,*,#6947,.T.);
#6950=ORIENTED_EDGE('',*,*,#6949,.T.);
#6952=ORIENTED_EDGE('',*,*,#6951,.F.);
#6954=ORIENTED_EDGE('',*,*,#6953,.F.);
#6955=EDGE_LOOP('',(#6948,#6950,#6952,#6954));
#6956=FACE_BOUND('',#6955,.F.);
#6958=ORIENTED_EDGE('',*,*,#6957,.T.);
#6960=ORIENTED_EDGE('',*,*,#6959,.T.);
#6962=ORIENTED_EDGE('',*,*,#6961,.F.);
#6964=ORIENTED_EDGE('',*,*,#6963,.F.);
#6965=EDGE_LOOP('',(#6958,#6960,#6962,#6964));
#6966=FACE_BOUND('',#6965,.F.);
#6968=ORIENTED_EDGE('',*,*,#6967,.T.);
#6970=ORIENTED_EDGE('',*,*,#6969,.T.);
#6972=ORIENTED_EDGE('',*,*,#6971,.F.);
#6974=ORIENTED_EDGE('',*,*,#6973,.F.);
#6975=EDGE_LOOP('',(#6968,#6970,#6972,#6974));
#6976=FACE_BOUND('',#6975,.F.);
#6978=ORIENTED_EDGE('',*,*,#6977,.T.);
#6980=ORIENTED_EDGE('',*,*,#6979,.T.);
#6982=ORIENTED_EDGE('',*,*,#6981,.F.);
#6984=ORIENTED_EDGE('',*,*,#6983,.F.);
#6985=EDGE_LOOP('',(#6978,#6980,#6982,#6984));
#6986=FACE_BOUND('',#6985,.F.);
#6988=ORIENTED_EDGE('',*,*,#6987,.T.);
#6990=ORIENTED_EDGE('',*,*,#6989,.T.);
#6992=ORIENTED_EDGE('',*,*,#6991,.F.);
#6994=ORIENTED_EDGE('',*,*,#6993,.F.);
#6995=EDGE_LOOP('',(#6988,#6990,#6992,#6994));
#6996=FACE_BOUND('',#6995,.F.);
#6997=ADVANCED_FACE('',(#6936,#6946,#6956,#6966,#6976,#6986,#6996),#6930,.T.);
#6998=CARTESIAN_POINT('',(3.15E-1,0.E0,0.E0));
#6999=DIRECTION('',(1.E0,0.E0,0.E0));
#7000=DIRECTION('',(0.E0,0.E0,-1.E0));
#7001=AXIS2_PLACEMENT_3D('',#6998,#6999,#7000);
#7002=PLANE('',#7001);
#7003=ORIENTED_EDGE('',*,*,#6937,.F.);
#7005=ORIENTED_EDGE('',*,*,#7004,.T.);
#7007=ORIENTED_EDGE('',*,*,#7006,.T.);
#7009=ORIENTED_EDGE('',*,*,#7008,.T.);
#7010=EDGE_LOOP('',(#7003,#7005,#7007,#7009));
#7011=FACE_OUTER_BOUND('',#7010,.F.);
#7012=ADVANCED_FACE('',(#7011),#7002,.F.);
#7013=CARTESIAN_POINT('',(3.15E-1,1.7E-1,-3.5E-1));
#7014=DIRECTION('',(0.E0,-1.E0,0.E0));
#7015=DIRECTION('',(0.E0,0.E0,-1.E0));
#7016=AXIS2_PLACEMENT_3D('',#7013,#7014,#7015);
#7017=PLANE('',#7016);
#7018=ORIENTED_EDGE('',*,*,#6943,.T.);
#7020=ORIENTED_EDGE('',*,*,#7019,.T.);
#7022=ORIENTED_EDGE('',*,*,#7021,.F.);
#7023=ORIENTED_EDGE('',*,*,#7004,.F.);
#7024=EDGE_LOOP('',(#7018,#7020,#7022,#7023));
#7025=FACE_OUTER_BOUND('',#7024,.F.);
#7026=ADVANCED_FACE('',(#7025),#7017,.T.);
#7027=CARTESIAN_POINT('',(4.35E-1,0.E0,0.E0));
#7028=DIRECTION('',(1.E0,0.E0,0.E0));
#7029=DIRECTION('',(0.E0,0.E0,-1.E0));
#7030=AXIS2_PLACEMENT_3D('',#7027,#7028,#7029);
#7031=PLANE('',#7030);
#7032=ORIENTED_EDGE('',*,*,#6941,.T.);
#7034=ORIENTED_EDGE('',*,*,#7033,.F.);
#7036=ORIENTED_EDGE('',*,*,#7035,.F.);
#7037=ORIENTED_EDGE('',*,*,#7019,.F.);
#7038=EDGE_LOOP('',(#7032,#7034,#7036,#7037));
#7039=FACE_OUTER_BOUND('',#7038,.F.);
#7040=ADVANCED_FACE('',(#7039),#7031,.T.);
#7041=CARTESIAN_POINT('',(3.15E-1,3.3E-1,-6.1E-1));
#7042=DIRECTION('',(0.E0,1.E0,0.E0));
#7043=DIRECTION('',(0.E0,0.E0,1.E0));
#7044=AXIS2_PLACEMENT_3D('',#7041,#7042,#7043);
#7045=PLANE('',#7044);
#7046=ORIENTED_EDGE('',*,*,#6939,.F.);
#7047=ORIENTED_EDGE('',*,*,#7008,.F.);
#7049=ORIENTED_EDGE('',*,*,#7048,.T.);
#7050=ORIENTED_EDGE('',*,*,#7033,.T.);
#7051=EDGE_LOOP('',(#7046,#7047,#7049,#7050));
#7052=FACE_OUTER_BOUND('',#7051,.F.);
#7054=ORIENTED_EDGE('',*,*,#7053,.F.);
#7056=ORIENTED_EDGE('',*,*,#7055,.T.);
#7058=ORIENTED_EDGE('',*,*,#7057,.T.);
#7060=ORIENTED_EDGE('',*,*,#7059,.F.);
#7061=EDGE_LOOP('',(#7054,#7056,#7058,#7060));
#7062=FACE_BOUND('',#7061,.F.);
#7063=ADVANCED_FACE('',(#7052,#7062),#7045,.T.);
#7064=CARTESIAN_POINT('',(3.15E-1,1.7E-1,-6.1E-1));
#7065=DIRECTION('',(0.E0,0.E0,-1.E0));
#7066=DIRECTION('',(0.E0,1.E0,0.E0));
#7067=AXIS2_PLACEMENT_3D('',#7064,#7065,#7066);
#7068=PLANE('',#7067);
#7069=ORIENTED_EDGE('',*,*,#7006,.F.);
#7070=ORIENTED_EDGE('',*,*,#7021,.T.);
#7071=ORIENTED_EDGE('',*,*,#7035,.T.);
#7072=ORIENTED_EDGE('',*,*,#7048,.F.);
#7073=EDGE_LOOP('',(#7069,#7070,#7071,#7072));
#7074=FACE_OUTER_BOUND('',#7073,.F.);
#7076=ORIENTED_EDGE('',*,*,#7075,.F.);
#7078=ORIENTED_EDGE('',*,*,#7077,.F.);
#7079=EDGE_LOOP('',(#7076,#7078));
#7080=FACE_BOUND('',#7079,.F.);
#7081=ADVANCED_FACE('',(#7074,#7080),#7068,.T.);
#7082=CARTESIAN_POINT('',(3.75E-1,2.5E-1,-5.575E-1));
#7083=DIRECTION('',(0.E0,0.E0,-1.E0));
#7084=DIRECTION('',(0.E0,-1.E0,0.E0));
#7085=AXIS2_PLACEMENT_3D('',#7082,#7083,#7084);
#7086=CYLINDRICAL_SURFACE('',#7085,3.E-2);
#7087=ORIENTED_EDGE('',*,*,#7075,.T.);
#7089=ORIENTED_EDGE('',*,*,#7088,.F.);
#7091=ORIENTED_EDGE('',*,*,#7090,.F.);
#7093=ORIENTED_EDGE('',*,*,#7092,.T.);
#7094=EDGE_LOOP('',(#7087,#7089,#7091,#7093));
#7095=FACE_OUTER_BOUND('',#7094,.F.);
#7096=ADVANCED_FACE('',(#7095),#7086,.F.);
#7097=CARTESIAN_POINT('',(3.75E-1,2.5E-1,-5.575E-1));
#7098=DIRECTION('',(0.E0,0.E0,-1.E0));
#7099=DIRECTION('',(0.E0,-1.E0,0.E0));
#7100=AXIS2_PLACEMENT_3D('',#7097,#7098,#7099);
#7101=CYLINDRICAL_SURFACE('',#7100,3.E-2);
#7102=ORIENTED_EDGE('',*,*,#7077,.T.);
#7103=ORIENTED_EDGE('',*,*,#7092,.F.);
#7105=ORIENTED_EDGE('',*,*,#7104,.T.);
#7106=ORIENTED_EDGE('',*,*,#7088,.T.);
#7107=EDGE_LOOP('',(#7102,#7103,#7105,#7106));
#7108=FACE_OUTER_BOUND('',#7107,.F.);
#7109=ADVANCED_FACE('',(#7108),#7101,.F.);
#7110=CARTESIAN_POINT('',(3.75E-1,2.5E-1,-5.7375E-1));
#7111=DIRECTION('',(0.E0,0.E0,-1.E0));
#7112=DIRECTION('',(0.E0,-1.E0,0.E0));
#7113=AXIS2_PLACEMENT_3D('',#7110,#7111,#7112);
#7114=CONICAL_SURFACE('',#7113,2.625E-2,4.5E1);
#7116=ORIENTED_EDGE('',*,*,#7115,.T.);
#7117=ORIENTED_EDGE('',*,*,#7104,.F.);
#7119=ORIENTED_EDGE('',*,*,#7118,.F.);
#7121=ORIENTED_EDGE('',*,*,#7120,.T.);
#7122=EDGE_LOOP('',(#7116,#7117,#7119,#7121));
#7123=FACE_OUTER_BOUND('',#7122,.F.);
#7124=ADVANCED_FACE('',(#7123),#7114,.F.);
#7125=CARTESIAN_POINT('',(3.75E-1,2.5E-1,-5.7375E-1));
#7126=DIRECTION('',(0.E0,0.E0,-1.E0));
#7127=DIRECTION('',(0.E0,-1.E0,0.E0));
#7128=AXIS2_PLACEMENT_3D('',#7125,#7126,#7127);
#7129=CONICAL_SURFACE('',#7128,2.625E-2,4.5E1);
#7130=ORIENTED_EDGE('',*,*,#7115,.F.);
#7132=ORIENTED_EDGE('',*,*,#7131,.F.);
#7133=ORIENTED_EDGE('',*,*,#7118,.T.);
#7134=ORIENTED_EDGE('',*,*,#7090,.T.);
#7135=EDGE_LOOP('',(#7130,#7132,#7133,#7134));
#7136=FACE_OUTER_BOUND('',#7135,.F.);
#7137=ADVANCED_FACE('',(#7136),#7129,.F.);
#7138=CARTESIAN_POINT('',(3.75E-1,2.5E-1,-5.575E-1));
#7139=DIRECTION('',(0.E0,0.E0,-1.E0));
#7140=DIRECTION('',(0.E0,-1.E0,0.E0));
#7141=AXIS2_PLACEMENT_3D('',#7138,#7139,#7140);
#7142=CYLINDRICAL_SURFACE('',#7141,2.25E-2);
#7144=ORIENTED_EDGE('',*,*,#7143,.F.);
#7146=ORIENTED_EDGE('',*,*,#7145,.F.);
#7148=ORIENTED_EDGE('',*,*,#7147,.T.);
#7149=ORIENTED_EDGE('',*,*,#7131,.T.);
#7150=EDGE_LOOP('',(#7144,#7146,#7148,#7149));
#7151=FACE_OUTER_BOUND('',#7150,.F.);
#7152=ADVANCED_FACE('',(#7151),#7142,.F.);
#7153=CARTESIAN_POINT('',(3.75E-1,2.5E-1,-5.575E-1));
#7154=DIRECTION('',(0.E0,0.E0,-1.E0));
#7155=DIRECTION('',(0.E0,-1.E0,0.E0));
#7156=AXIS2_PLACEMENT_3D('',#7153,#7154,#7155);
#7157=CYLINDRICAL_SURFACE('',#7156,2.25E-2);
#7158=ORIENTED_EDGE('',*,*,#7143,.T.);
#7159=ORIENTED_EDGE('',*,*,#7120,.F.);
#7160=ORIENTED_EDGE('',*,*,#7147,.F.);
#7162=ORIENTED_EDGE('',*,*,#7161,.T.);
#7163=EDGE_LOOP('',(#7158,#7159,#7160,#7162));
#7164=FACE_OUTER_BOUND('',#7163,.F.);
#7165=ADVANCED_FACE('',(#7164),#7157,.F.);
#7166=CARTESIAN_POINT('',(3.75E-1,2.5E-1,-5.6E-1));
#7167=DIRECTION('',(0.E0,0.E0,-1.E0));
#7168=DIRECTION('',(0.E0,-1.E0,0.E0));
#7169=AXIS2_PLACEMENT_3D('',#7166,#7167,#7168);
#7170=PLANE('',#7169);
#7171=ORIENTED_EDGE('',*,*,#7161,.F.);
#7172=ORIENTED_EDGE('',*,*,#7145,.T.);
#7173=EDGE_LOOP('',(#7171,#7172));
#7174=FACE_OUTER_BOUND('',#7173,.F.);
#7175=ADVANCED_FACE('',(#7174),#7170,.T.);
#7176=CARTESIAN_POINT('',(3.64E-1,0.E0,0.E0));
#7177=DIRECTION('',(1.E0,0.E0,0.E0));
#7178=DIRECTION('',(0.E0,0.E0,-1.E0));
#7179=AXIS2_PLACEMENT_3D('',#7176,#7177,#7178);
#7180=PLANE('',#7179);
#7182=ORIENTED_EDGE('',*,*,#7181,.T.);
#7184=ORIENTED_EDGE('',*,*,#7183,.F.);
#7186=ORIENTED_EDGE('',*,*,#7185,.T.);
#7187=ORIENTED_EDGE('',*,*,#7053,.T.);
#7188=EDGE_LOOP('',(#7182,#7184,#7186,#7187));
#7189=FACE_OUTER_BOUND('',#7188,.F.);
#7190=ADVANCED_FACE('',(#7189),#7180,.F.);
#7191=CARTESIAN_POINT('',(3.64E-1,3.2E-1,-6.02E-1));
#7192=DIRECTION('',(0.E0,0.E0,-1.E0));
#7193=DIRECTION('',(0.E0,1.E0,0.E0));
#7194=AXIS2_PLACEMENT_3D('',#7191,#7192,#7193);
#7195=PLANE('',#7194);
#7197=ORIENTED_EDGE('',*,*,#7196,.T.);
#7199=ORIENTED_EDGE('',*,*,#7198,.T.);
#7201=ORIENTED_EDGE('',*,*,#7200,.T.);
#7203=ORIENTED_EDGE('',*,*,#7202,.F.);
#7205=ORIENTED_EDGE('',*,*,#7204,.F.);
#7207=ORIENTED_EDGE('',*,*,#7206,.T.);
#7208=ORIENTED_EDGE('',*,*,#7181,.F.);
#7209=ORIENTED_EDGE('',*,*,#7059,.T.);
#7210=EDGE_LOOP('',(#7197,#7199,#7201,#7203,#7205,#7207,#7208,#7209));
#7211=FACE_OUTER_BOUND('',#7210,.F.);
#7212=ADVANCED_FACE('',(#7211),#7195,.T.);
#7213=CARTESIAN_POINT('',(3.86E-1,0.E0,0.E0));
#7214=DIRECTION('',(1.E0,0.E0,0.E0));
#7215=DIRECTION('',(0.E0,0.E0,-1.E0));
#7216=AXIS2_PLACEMENT_3D('',#7213,#7214,#7215);
#7217=PLANE('',#7216);
#7218=ORIENTED_EDGE('',*,*,#7196,.F.);
#7219=ORIENTED_EDGE('',*,*,#7057,.F.);
#7221=ORIENTED_EDGE('',*,*,#7220,.F.);
#7223=ORIENTED_EDGE('',*,*,#7222,.T.);
#7224=EDGE_LOOP('',(#7218,#7219,#7221,#7223));
#7225=FACE_OUTER_BOUND('',#7224,.F.);
#7226=ADVANCED_FACE('',(#7225),#7217,.T.);
#7227=CARTESIAN_POINT('',(3.64E-1,3.8E-1,-5.02E-1));
#7228=DIRECTION('',(0.E0,0.E0,1.E0));
#7229=DIRECTION('',(0.E0,-1.E0,0.E0));
#7230=AXIS2_PLACEMENT_3D('',#7227,#7228,#7229);
#7231=PLANE('',#7230);
#7233=ORIENTED_EDGE('',*,*,#7232,.F.);
#7235=ORIENTED_EDGE('',*,*,#7234,.T.);
#7237=ORIENTED_EDGE('',*,*,#7236,.F.);
#7238=ORIENTED_EDGE('',*,*,#7220,.T.);
#7239=ORIENTED_EDGE('',*,*,#7055,.F.);
#7240=ORIENTED_EDGE('',*,*,#7185,.F.);
#7242=ORIENTED_EDGE('',*,*,#7241,.F.);
#7244=ORIENTED_EDGE('',*,*,#7243,.F.);
#7245=EDGE_LOOP('',(#7233,#7235,#7237,#7238,#7239,#7240,#7242,#7244));
#7246=FACE_OUTER_BOUND('',#7245,.F.);
#7247=ADVANCED_FACE('',(#7246),#7231,.T.);
#7248=CARTESIAN_POINT('',(3.64E-1,3.8E-1,-6.02E-1));
#7249=DIRECTION('',(0.E0,1.E0,0.E0));
#7250=DIRECTION('',(0.E0,0.E0,1.E0));
#7251=AXIS2_PLACEMENT_3D('',#7248,#7249,#7250);
#7252=PLANE('',#7251);
#7253=ORIENTED_EDGE('',*,*,#7202,.T.);
#7255=ORIENTED_EDGE('',*,*,#7254,.T.);
#7256=ORIENTED_EDGE('',*,*,#7232,.T.);
#7258=ORIENTED_EDGE('',*,*,#7257,.F.);
#7259=EDGE_LOOP('',(#7253,#7255,#7256,#7258));
#7260=FACE_OUTER_BOUND('',#7259,.F.);
#7261=ADVANCED_FACE('',(#7260),#7252,.T.);
#7262=CARTESIAN_POINT('',(3.9E-1,0.E0,0.E0));
#7263=DIRECTION('',(1.E0,0.E0,0.E0));
#7264=DIRECTION('',(0.E0,0.E0,-1.E0));
#7265=AXIS2_PLACEMENT_3D('',#7262,#7263,#7264);
#7266=PLANE('',#7265);
#7267=ORIENTED_EDGE('',*,*,#7234,.F.);
#7268=ORIENTED_EDGE('',*,*,#7254,.F.);
#7269=ORIENTED_EDGE('',*,*,#7200,.F.);
#7271=ORIENTED_EDGE('',*,*,#7270,.F.);
#7272=EDGE_LOOP('',(#7267,#7268,#7269,#7271));
#7273=FACE_OUTER_BOUND('',#7272,.F.);
#7274=ADVANCED_FACE('',(#7273),#7266,.T.);
#7275=CARTESIAN_POINT('',(3.6E-1,3.5E-1,-5.02E-1));
#7276=DIRECTION('',(0.E0,-1.E0,0.E0));
#7277=DIRECTION('',(0.E0,0.E0,-1.E0));
#7278=AXIS2_PLACEMENT_3D('',#7275,#7276,#7277);
#7279=PLANE('',#7278);
#7280=ORIENTED_EDGE('',*,*,#7183,.T.);
#7281=ORIENTED_EDGE('',*,*,#7206,.F.);
#7283=ORIENTED_EDGE('',*,*,#7282,.F.);
#7284=ORIENTED_EDGE('',*,*,#7241,.T.);
#7285=EDGE_LOOP('',(#7280,#7281,#7283,#7284));
#7286=FACE_OUTER_BOUND('',#7285,.F.);
#7287=ADVANCED_FACE('',(#7286),#7279,.T.);
#7288=CARTESIAN_POINT('',(3.6E-1,3.5E-1,-5.02E-1));
#7289=DIRECTION('',(0.E0,-1.E0,0.E0));
#7290=DIRECTION('',(0.E0,0.E0,-1.E0));
#7291=AXIS2_PLACEMENT_3D('',#7288,#7289,#7290);
#7292=PLANE('',#7291);
#7293=ORIENTED_EDGE('',*,*,#7222,.F.);
#7294=ORIENTED_EDGE('',*,*,#7236,.T.);
#7295=ORIENTED_EDGE('',*,*,#7270,.T.);
#7296=ORIENTED_EDGE('',*,*,#7198,.F.);
#7297=EDGE_LOOP('',(#7293,#7294,#7295,#7296));
#7298=FACE_OUTER_BOUND('',#7297,.F.);
#7299=ADVANCED_FACE('',(#7298),#7292,.T.);
#7300=CARTESIAN_POINT('',(3.6E-1,0.E0,0.E0));
#7301=DIRECTION('',(1.E0,0.E0,0.E0));
#7302=DIRECTION('',(0.E0,0.E0,-1.E0));
#7303=AXIS2_PLACEMENT_3D('',#7300,#7301,#7302);
#7304=PLANE('',#7303);
#7305=ORIENTED_EDGE('',*,*,#7243,.T.);
#7306=ORIENTED_EDGE('',*,*,#7282,.T.);
#7307=ORIENTED_EDGE('',*,*,#7204,.T.);
#7308=ORIENTED_EDGE('',*,*,#7257,.T.);
#7309=EDGE_LOOP('',(#7305,#7306,#7307,#7308));
#7310=FACE_OUTER_BOUND('',#7309,.F.);
#7311=ADVANCED_FACE('',(#7310),#7304,.F.);
#7312=CARTESIAN_POINT('',(1.65E-1,0.E0,0.E0));
#7313=DIRECTION('',(1.E0,0.E0,0.E0));
#7314=DIRECTION('',(0.E0,0.E0,-1.E0));
#7315=AXIS2_PLACEMENT_3D('',#7312,#7313,#7314);
#7316=PLANE('',#7315);
#7318=ORIENTED_EDGE('',*,*,#7317,.T.);
#7320=ORIENTED_EDGE('',*,*,#7319,.T.);
#7322=ORIENTED_EDGE('',*,*,#7321,.T.);
#7323=ORIENTED_EDGE('',*,*,#6947,.F.);
#7324=EDGE_LOOP('',(#7318,#7320,#7322,#7323));
#7325=FACE_OUTER_BOUND('',#7324,.F.);
#7326=ADVANCED_FACE('',(#7325),#7316,.F.);
#7327=CARTESIAN_POINT('',(1.65E-1,1.7E-1,-3.5E-1));
#7328=DIRECTION('',(0.E0,-1.E0,0.E0));
#7329=DIRECTION('',(0.E0,0.E0,-1.E0));
#7330=AXIS2_PLACEMENT_3D('',#7327,#7328,#7329);
#7331=PLANE('',#7330);
#7332=ORIENTED_EDGE('',*,*,#7317,.F.);
#7333=ORIENTED_EDGE('',*,*,#6953,.T.);
#7335=ORIENTED_EDGE('',*,*,#7334,.T.);
#7337=ORIENTED_EDGE('',*,*,#7336,.F.);
#7338=EDGE_LOOP('',(#7332,#7333,#7335,#7337));
#7339=FACE_OUTER_BOUND('',#7338,.F.);
#7340=ADVANCED_FACE('',(#7339),#7331,.T.);
#7341=CARTESIAN_POINT('',(2.85E-1,0.E0,0.E0));
#7342=DIRECTION('',(1.E0,0.E0,0.E0));
#7343=DIRECTION('',(0.E0,0.E0,-1.E0));
#7344=AXIS2_PLACEMENT_3D('',#7341,#7342,#7343);
#7345=PLANE('',#7344);
#7346=ORIENTED_EDGE('',*,*,#7334,.F.);
#7347=ORIENTED_EDGE('',*,*,#6951,.T.);
#7349=ORIENTED_EDGE('',*,*,#7348,.F.);
#7351=ORIENTED_EDGE('',*,*,#7350,.F.);
#7352=EDGE_LOOP('',(#7346,#7347,#7349,#7351));
#7353=FACE_OUTER_BOUND('',#7352,.F.);
#7354=ADVANCED_FACE('',(#7353),#7345,.T.);
#7355=CARTESIAN_POINT('',(1.65E-1,3.3E-1,-6.1E-1));
#7356=DIRECTION('',(0.E0,1.E0,0.E0));
#7357=DIRECTION('',(0.E0,0.E0,1.E0));
#7358=AXIS2_PLACEMENT_3D('',#7355,#7356,#7357);
#7359=PLANE('',#7358);
#7360=ORIENTED_EDGE('',*,*,#7321,.F.);
#7362=ORIENTED_EDGE('',*,*,#7361,.T.);
#7363=ORIENTED_EDGE('',*,*,#7348,.T.);
#7364=ORIENTED_EDGE('',*,*,#6949,.F.);
#7365=EDGE_LOOP('',(#7360,#7362,#7363,#7364));
#7366=FACE_OUTER_BOUND('',#7365,.F.);
#7368=ORIENTED_EDGE('',*,*,#7367,.F.);
#7370=ORIENTED_EDGE('',*,*,#7369,.T.);
#7372=ORIENTED_EDGE('',*,*,#7371,.T.);
#7374=ORIENTED_EDGE('',*,*,#7373,.F.);
#7375=EDGE_LOOP('',(#7368,#7370,#7372,#7374));
#7376=FACE_BOUND('',#7375,.F.);
#7377=ADVANCED_FACE('',(#7366,#7376),#7359,.T.);
#7378=CARTESIAN_POINT('',(1.65E-1,1.7E-1,-6.1E-1));
#7379=DIRECTION('',(0.E0,0.E0,-1.E0));
#7380=DIRECTION('',(0.E0,1.E0,0.E0));
#7381=AXIS2_PLACEMENT_3D('',#7378,#7379,#7380);
#7382=PLANE('',#7381);
#7383=ORIENTED_EDGE('',*,*,#7319,.F.);
#7384=ORIENTED_EDGE('',*,*,#7336,.T.);
#7385=ORIENTED_EDGE('',*,*,#7350,.T.);
#7386=ORIENTED_EDGE('',*,*,#7361,.F.);
#7387=EDGE_LOOP('',(#7383,#7384,#7385,#7386));
#7388=FACE_OUTER_BOUND('',#7387,.F.);
#7390=ORIENTED_EDGE('',*,*,#7389,.T.);
#7392=ORIENTED_EDGE('',*,*,#7391,.T.);
#7393=EDGE_LOOP('',(#7390,#7392));
#7394=FACE_BOUND('',#7393,.F.);
#7395=ADVANCED_FACE('',(#7388,#7394),#7382,.T.);
#7396=CARTESIAN_POINT('',(2.25E-1,2.5E-1,-5.575E-1));
#7397=DIRECTION('',(0.E0,0.E0,-1.E0));
#7398=DIRECTION('',(0.E0,-1.E0,0.E0));
#7399=AXIS2_PLACEMENT_3D('',#7396,#7397,#7398);
#7400=CYLINDRICAL_SURFACE('',#7399,3.E-2);
#7402=ORIENTED_EDGE('',*,*,#7401,.F.);
#7404=ORIENTED_EDGE('',*,*,#7403,.F.);
#7406=ORIENTED_EDGE('',*,*,#7405,.T.);
#7407=ORIENTED_EDGE('',*,*,#7389,.F.);
#7408=EDGE_LOOP('',(#7402,#7404,#7406,#7407));
#7409=FACE_OUTER_BOUND('',#7408,.F.);
#7410=ADVANCED_FACE('',(#7409),#7400,.F.);
#7411=CARTESIAN_POINT('',(2.25E-1,2.5E-1,-5.575E-1));
#7412=DIRECTION('',(0.E0,0.E0,-1.E0));
#7413=DIRECTION('',(0.E0,-1.E0,0.E0));
#7414=AXIS2_PLACEMENT_3D('',#7411,#7412,#7413);
#7415=CYLINDRICAL_SURFACE('',#7414,3.E-2);
#7416=ORIENTED_EDGE('',*,*,#7401,.T.);
#7417=ORIENTED_EDGE('',*,*,#7391,.F.);
#7418=ORIENTED_EDGE('',*,*,#7405,.F.);
#7420=ORIENTED_EDGE('',*,*,#7419,.T.);
#7421=EDGE_LOOP('',(#7416,#7417,#7418,#7420));
#7422=FACE_OUTER_BOUND('',#7421,.F.);
#7423=ADVANCED_FACE('',(#7422),#7415,.F.);
#7424=CARTESIAN_POINT('',(2.25E-1,2.5E-1,-5.7375E-1));
#7425=DIRECTION('',(0.E0,0.E0,-1.E0));
#7426=DIRECTION('',(0.E0,-1.E0,0.E0));
#7427=AXIS2_PLACEMENT_3D('',#7424,#7425,#7426);
#7428=CONICAL_SURFACE('',#7427,2.625E-2,4.5E1);
#7430=ORIENTED_EDGE('',*,*,#7429,.T.);
#7431=ORIENTED_EDGE('',*,*,#7419,.F.);
#7433=ORIENTED_EDGE('',*,*,#7432,.F.);
#7435=ORIENTED_EDGE('',*,*,#7434,.T.);
#7436=EDGE_LOOP('',(#7430,#7431,#7433,#7435));
#7437=FACE_OUTER_BOUND('',#7436,.F.);
#7438=ADVANCED_FACE('',(#7437),#7428,.F.);
#7439=CARTESIAN_POINT('',(2.25E-1,2.5E-1,-5.7375E-1));
#7440=DIRECTION('',(0.E0,0.E0,-1.E0));
#7441=DIRECTION('',(0.E0,-1.E0,0.E0));
#7442=AXIS2_PLACEMENT_3D('',#7439,#7440,#7441);
#7443=CONICAL_SURFACE('',#7442,2.625E-2,4.5E1);
#7444=ORIENTED_EDGE('',*,*,#7429,.F.);
#7446=ORIENTED_EDGE('',*,*,#7445,.F.);
#7447=ORIENTED_EDGE('',*,*,#7432,.T.);
#7448=ORIENTED_EDGE('',*,*,#7403,.T.);
#7449=EDGE_LOOP('',(#7444,#7446,#7447,#7448));
#7450=FACE_OUTER_BOUND('',#7449,.F.);
#7451=ADVANCED_FACE('',(#7450),#7443,.F.);
#7452=CARTESIAN_POINT('',(2.25E-1,2.5E-1,-5.575E-1));
#7453=DIRECTION('',(0.E0,0.E0,-1.E0));
#7454=DIRECTION('',(0.E0,-1.E0,0.E0));
#7455=AXIS2_PLACEMENT_3D('',#7452,#7453,#7454);
#7456=CYLINDRICAL_SURFACE('',#7455,2.25E-2);
#7458=ORIENTED_EDGE('',*,*,#7457,.F.);
#7460=ORIENTED_EDGE('',*,*,#7459,.F.);
#7462=ORIENTED_EDGE('',*,*,#7461,.T.);
#7463=ORIENTED_EDGE('',*,*,#7445,.T.);
#7464=EDGE_LOOP('',(#7458,#7460,#7462,#7463));
#7465=FACE_OUTER_BOUND('',#7464,.F.);
#7466=ADVANCED_FACE('',(#7465),#7456,.F.);
#7467=CARTESIAN_POINT('',(2.25E-1,2.5E-1,-5.575E-1));
#7468=DIRECTION('',(0.E0,0.E0,-1.E0));
#7469=DIRECTION('',(0.E0,-1.E0,0.E0));
#7470=AXIS2_PLACEMENT_3D('',#7467,#7468,#7469);
#7471=CYLINDRICAL_SURFACE('',#7470,2.25E-2);
#7472=ORIENTED_EDGE('',*,*,#7457,.T.);
#7473=ORIENTED_EDGE('',*,*,#7434,.F.);
#7474=ORIENTED_EDGE('',*,*,#7461,.F.);
#7476=ORIENTED_EDGE('',*,*,#7475,.T.);
#7477=EDGE_LOOP('',(#7472,#7473,#7474,#7476));
#7478=FACE_OUTER_BOUND('',#7477,.F.);
#7479=ADVANCED_FACE('',(#7478),#7471,.F.);
#7480=CARTESIAN_POINT('',(2.25E-1,2.5E-1,-5.6E-1));
#7481=DIRECTION('',(0.E0,0.E0,-1.E0));
#7482=DIRECTION('',(0.E0,-1.E0,0.E0));
#7483=AXIS2_PLACEMENT_3D('',#7480,#7481,#7482);
#7484=PLANE('',#7483);
#7485=ORIENTED_EDGE('',*,*,#7475,.F.);
#7486=ORIENTED_EDGE('',*,*,#7459,.T.);
#7487=EDGE_LOOP('',(#7485,#7486));
#7488=FACE_OUTER_BOUND('',#7487,.F.);
#7489=ADVANCED_FACE('',(#7488),#7484,.T.);
#7490=CARTESIAN_POINT('',(2.14E-1,0.E0,0.E0));
#7491=DIRECTION('',(1.E0,0.E0,0.E0));
#7492=DIRECTION('',(0.E0,0.E0,-1.E0));
#7493=AXIS2_PLACEMENT_3D('',#7490,#7491,#7492);
#7494=PLANE('',#7493);
#7496=ORIENTED_EDGE('',*,*,#7495,.F.);
#7498=ORIENTED_EDGE('',*,*,#7497,.T.);
#7499=ORIENTED_EDGE('',*,*,#7367,.T.);
#7501=ORIENTED_EDGE('',*,*,#7500,.T.);
#7502=EDGE_LOOP('',(#7496,#7498,#7499,#7501));
#7503=FACE_OUTER_BOUND('',#7502,.F.);
#7504=ADVANCED_FACE('',(#7503),#7494,.F.);
#7505=CARTESIAN_POINT('',(2.1E-1,3.5E-1,-5.02E-1));
#7506=DIRECTION('',(0.E0,-1.E0,0.E0));
#7507=DIRECTION('',(0.E0,0.E0,-1.E0));
#7508=AXIS2_PLACEMENT_3D('',#7505,#7506,#7507);
#7509=PLANE('',#7508);
#7511=ORIENTED_EDGE('',*,*,#7510,.T.);
#7512=ORIENTED_EDGE('',*,*,#7495,.T.);
#7514=ORIENTED_EDGE('',*,*,#7513,.F.);
#7516=ORIENTED_EDGE('',*,*,#7515,.F.);
#7517=EDGE_LOOP('',(#7511,#7512,#7514,#7516));
#7518=FACE_OUTER_BOUND('',#7517,.F.);
#7519=ADVANCED_FACE('',(#7518),#7509,.T.);
#7520=CARTESIAN_POINT('',(2.1E-1,3.5E-1,-5.02E-1));
#7521=DIRECTION('',(0.E0,-1.E0,0.E0));
#7522=DIRECTION('',(0.E0,0.E0,-1.E0));
#7523=AXIS2_PLACEMENT_3D('',#7520,#7521,#7522);
#7524=PLANE('',#7523);
#7526=ORIENTED_EDGE('',*,*,#7525,.T.);
#7528=ORIENTED_EDGE('',*,*,#7527,.T.);
#7530=ORIENTED_EDGE('',*,*,#7529,.F.);
#7532=ORIENTED_EDGE('',*,*,#7531,.F.);
#7533=EDGE_LOOP('',(#7526,#7528,#7530,#7532));
#7534=FACE_OUTER_BOUND('',#7533,.F.);
#7535=ADVANCED_FACE('',(#7534),#7524,.T.);
#7536=CARTESIAN_POINT('',(2.14E-1,3.8E-1,-5.02E-1));
#7537=DIRECTION('',(0.E0,0.E0,1.E0));
#7538=DIRECTION('',(0.E0,-1.E0,0.E0));
#7539=AXIS2_PLACEMENT_3D('',#7536,#7537,#7538);
#7540=PLANE('',#7539);
#7542=ORIENTED_EDGE('',*,*,#7541,.F.);
#7544=ORIENTED_EDGE('',*,*,#7543,.T.);
#7545=ORIENTED_EDGE('',*,*,#7525,.F.);
#7547=ORIENTED_EDGE('',*,*,#7546,.T.);
#7548=ORIENTED_EDGE('',*,*,#7369,.F.);
#7549=ORIENTED_EDGE('',*,*,#7497,.F.);
#7550=ORIENTED_EDGE('',*,*,#7510,.F.);
#7552=ORIENTED_EDGE('',*,*,#7551,.F.);
#7553=EDGE_LOOP('',(#7542,#7544,#7545,#7547,#7548,#7549,#7550,#7552));
#7554=FACE_OUTER_BOUND('',#7553,.F.);
#7555=ADVANCED_FACE('',(#7554),#7540,.T.);
#7556=CARTESIAN_POINT('',(2.14E-1,3.8E-1,-6.02E-1));
#7557=DIRECTION('',(0.E0,1.E0,0.E0));
#7558=DIRECTION('',(0.E0,0.E0,1.E0));
#7559=AXIS2_PLACEMENT_3D('',#7556,#7557,#7558);
#7560=PLANE('',#7559);
#7562=ORIENTED_EDGE('',*,*,#7561,.T.);
#7564=ORIENTED_EDGE('',*,*,#7563,.T.);
#7565=ORIENTED_EDGE('',*,*,#7541,.T.);
#7567=ORIENTED_EDGE('',*,*,#7566,.F.);
#7568=EDGE_LOOP('',(#7562,#7564,#7565,#7567));
#7569=FACE_OUTER_BOUND('',#7568,.F.);
#7570=ADVANCED_FACE('',(#7569),#7560,.T.);
#7571=CARTESIAN_POINT('',(2.14E-1,3.2E-1,-6.02E-1));
#7572=DIRECTION('',(0.E0,0.E0,-1.E0));
#7573=DIRECTION('',(0.E0,1.E0,0.E0));
#7574=AXIS2_PLACEMENT_3D('',#7571,#7572,#7573);
#7575=PLANE('',#7574);
#7577=ORIENTED_EDGE('',*,*,#7576,.T.);
#7578=ORIENTED_EDGE('',*,*,#7529,.T.);
#7580=ORIENTED_EDGE('',*,*,#7579,.T.);
#7581=ORIENTED_EDGE('',*,*,#7561,.F.);
#7583=ORIENTED_EDGE('',*,*,#7582,.F.);
#7584=ORIENTED_EDGE('',*,*,#7513,.T.);
#7585=ORIENTED_EDGE('',*,*,#7500,.F.);
#7586=ORIENTED_EDGE('',*,*,#7373,.T.);
#7587=EDGE_LOOP('',(#7577,#7578,#7580,#7581,#7583,#7584,#7585,#7586));
#7588=FACE_OUTER_BOUND('',#7587,.F.);
#7589=ADVANCED_FACE('',(#7588),#7575,.T.);
#7590=CARTESIAN_POINT('',(2.36E-1,0.E0,0.E0));
#7591=DIRECTION('',(1.E0,0.E0,0.E0));
#7592=DIRECTION('',(0.E0,0.E0,-1.E0));
#7593=AXIS2_PLACEMENT_3D('',#7590,#7591,#7592);
#7594=PLANE('',#7593);
#7595=ORIENTED_EDGE('',*,*,#7531,.T.);
#7596=ORIENTED_EDGE('',*,*,#7576,.F.);
#7597=ORIENTED_EDGE('',*,*,#7371,.F.);
#7598=ORIENTED_EDGE('',*,*,#7546,.F.);
#7599=EDGE_LOOP('',(#7595,#7596,#7597,#7598));
#7600=FACE_OUTER_BOUND('',#7599,.F.);
#7601=ADVANCED_FACE('',(#7600),#7594,.T.);
#7602=CARTESIAN_POINT('',(2.4E-1,0.E0,0.E0));
#7603=DIRECTION('',(1.E0,0.E0,0.E0));
#7604=DIRECTION('',(0.E0,0.E0,-1.E0));
#7605=AXIS2_PLACEMENT_3D('',#7602,#7603,#7604);
#7606=PLANE('',#7605);
#7607=ORIENTED_EDGE('',*,*,#7543,.F.);
#7608=ORIENTED_EDGE('',*,*,#7563,.F.);
#7609=ORIENTED_EDGE('',*,*,#7579,.F.);
#7610=ORIENTED_EDGE('',*,*,#7527,.F.);
#7611=EDGE_LOOP('',(#7607,#7608,#7609,#7610));
#7612=FACE_OUTER_BOUND('',#7611,.F.);
#7613=ADVANCED_FACE('',(#7612),#7606,.T.);
#7614=CARTESIAN_POINT('',(2.1E-1,0.E0,0.E0));
#7615=DIRECTION('',(1.E0,0.E0,0.E0));
#7616=DIRECTION('',(0.E0,0.E0,-1.E0));
#7617=AXIS2_PLACEMENT_3D('',#7614,#7615,#7616);
#7618=PLANE('',#7617);
#7619=ORIENTED_EDGE('',*,*,#7551,.T.);
#7620=ORIENTED_EDGE('',*,*,#7515,.T.);
#7621=ORIENTED_EDGE('',*,*,#7582,.T.);
#7622=ORIENTED_EDGE('',*,*,#7566,.T.);
#7623=EDGE_LOOP('',(#7619,#7620,#7621,#7622));
#7624=FACE_OUTER_BOUND('',#7623,.F.);
#7625=ADVANCED_FACE('',(#7624),#7618,.F.);
#7626=CARTESIAN_POINT('',(1.5E-2,0.E0,0.E0));
#7627=DIRECTION('',(1.E0,0.E0,0.E0));
#7628=DIRECTION('',(0.E0,0.E0,-1.E0));
#7629=AXIS2_PLACEMENT_3D('',#7626,#7627,#7628);
#7630=PLANE('',#7629);
#7632=ORIENTED_EDGE('',*,*,#7631,.T.);
#7634=ORIENTED_EDGE('',*,*,#7633,.T.);
#7636=ORIENTED_EDGE('',*,*,#7635,.T.);
#7637=ORIENTED_EDGE('',*,*,#6957,.F.);
#7638=EDGE_LOOP('',(#7632,#7634,#7636,#7637));
#7639=FACE_OUTER_BOUND('',#7638,.F.);
#7640=ADVANCED_FACE('',(#7639),#7630,.F.);
#7641=CARTESIAN_POINT('',(1.5E-2,1.7E-1,-3.5E-1));
#7642=DIRECTION('',(0.E0,-1.E0,0.E0));
#7643=DIRECTION('',(0.E0,0.E0,-1.E0));
#7644=AXIS2_PLACEMENT_3D('',#7641,#7642,#7643);
#7645=PLANE('',#7644);
#7646=ORIENTED_EDGE('',*,*,#7631,.F.);
#7647=ORIENTED_EDGE('',*,*,#6963,.T.);
#7649=ORIENTED_EDGE('',*,*,#7648,.T.);
#7651=ORIENTED_EDGE('',*,*,#7650,.F.);
#7652=EDGE_LOOP('',(#7646,#7647,#7649,#7651));
#7653=FACE_OUTER_BOUND('',#7652,.F.);
#7654=ADVANCED_FACE('',(#7653),#7645,.T.);
#7655=CARTESIAN_POINT('',(1.35E-1,0.E0,0.E0));
#7656=DIRECTION('',(1.E0,0.E0,0.E0));
#7657=DIRECTION('',(0.E0,0.E0,-1.E0));
#7658=AXIS2_PLACEMENT_3D('',#7655,#7656,#7657);
#7659=PLANE('',#7658);
#7660=ORIENTED_EDGE('',*,*,#7648,.F.);
#7661=ORIENTED_EDGE('',*,*,#6961,.T.);
#7663=ORIENTED_EDGE('',*,*,#7662,.F.);
#7665=ORIENTED_EDGE('',*,*,#7664,.F.);
#7666=EDGE_LOOP('',(#7660,#7661,#7663,#7665));
#7667=FACE_OUTER_BOUND('',#7666,.F.);
#7668=ADVANCED_FACE('',(#7667),#7659,.T.);
#7669=CARTESIAN_POINT('',(1.5E-2,3.3E-1,-6.1E-1));
#7670=DIRECTION('',(0.E0,1.E0,0.E0));
#7671=DIRECTION('',(0.E0,0.E0,1.E0));
#7672=AXIS2_PLACEMENT_3D('',#7669,#7670,#7671);
#7673=PLANE('',#7672);
#7674=ORIENTED_EDGE('',*,*,#7635,.F.);
#7676=ORIENTED_EDGE('',*,*,#7675,.T.);
#7677=ORIENTED_EDGE('',*,*,#7662,.T.);
#7678=ORIENTED_EDGE('',*,*,#6959,.F.);
#7679=EDGE_LOOP('',(#7674,#7676,#7677,#7678));
#7680=FACE_OUTER_BOUND('',#7679,.F.);
#7682=ORIENTED_EDGE('',*,*,#7681,.F.);
#7684=ORIENTED_EDGE('',*,*,#7683,.T.);
#7686=ORIENTED_EDGE('',*,*,#7685,.T.);
#7688=ORIENTED_EDGE('',*,*,#7687,.F.);
#7689=EDGE_LOOP('',(#7682,#7684,#7686,#7688));
#7690=FACE_BOUND('',#7689,.F.);
#7691=ADVANCED_FACE('',(#7680,#7690),#7673,.T.);
#7692=CARTESIAN_POINT('',(1.5E-2,1.7E-1,-6.1E-1));
#7693=DIRECTION('',(0.E0,0.E0,-1.E0));
#7694=DIRECTION('',(0.E0,1.E0,0.E0));
#7695=AXIS2_PLACEMENT_3D('',#7692,#7693,#7694);
#7696=PLANE('',#7695);
#7697=ORIENTED_EDGE('',*,*,#7633,.F.);
#7698=ORIENTED_EDGE('',*,*,#7650,.T.);
#7699=ORIENTED_EDGE('',*,*,#7664,.T.);
#7700=ORIENTED_EDGE('',*,*,#7675,.F.);
#7701=EDGE_LOOP('',(#7697,#7698,#7699,#7700));
#7702=FACE_OUTER_BOUND('',#7701,.F.);
#7704=ORIENTED_EDGE('',*,*,#7703,.T.);
#7706=ORIENTED_EDGE('',*,*,#7705,.T.);
#7707=EDGE_LOOP('',(#7704,#7706));
#7708=FACE_BOUND('',#7707,.F.);
#7709=ADVANCED_FACE('',(#7702,#7708),#7696,.T.);
#7710=CARTESIAN_POINT('',(7.5E-2,2.5E-1,-5.575E-1));
#7711=DIRECTION('',(0.E0,0.E0,-1.E0));
#7712=DIRECTION('',(0.E0,-1.E0,0.E0));
#7713=AXIS2_PLACEMENT_3D('',#7710,#7711,#7712);
#7714=CYLINDRICAL_SURFACE('',#7713,3.E-2);
#7716=ORIENTED_EDGE('',*,*,#7715,.F.);
#7718=ORIENTED_EDGE('',*,*,#7717,.F.);
#7720=ORIENTED_EDGE('',*,*,#7719,.T.);
#7721=ORIENTED_EDGE('',*,*,#7703,.F.);
#7722=EDGE_LOOP('',(#7716,#7718,#7720,#7721));
#7723=FACE_OUTER_BOUND('',#7722,.F.);
#7724=ADVANCED_FACE('',(#7723),#7714,.F.);
#7725=CARTESIAN_POINT('',(7.5E-2,2.5E-1,-5.575E-1));
#7726=DIRECTION('',(0.E0,0.E0,-1.E0));
#7727=DIRECTION('',(0.E0,-1.E0,0.E0));
#7728=AXIS2_PLACEMENT_3D('',#7725,#7726,#7727);
#7729=CYLINDRICAL_SURFACE('',#7728,3.E-2);
#7730=ORIENTED_EDGE('',*,*,#7715,.T.);
#7731=ORIENTED_EDGE('',*,*,#7705,.F.);
#7732=ORIENTED_EDGE('',*,*,#7719,.F.);
#7734=ORIENTED_EDGE('',*,*,#7733,.T.);
#7735=EDGE_LOOP('',(#7730,#7731,#7732,#7734));
#7736=FACE_OUTER_BOUND('',#7735,.F.);
#7737=ADVANCED_FACE('',(#7736),#7729,.F.);
#7738=CARTESIAN_POINT('',(7.5E-2,2.5E-1,-5.7375E-1));
#7739=DIRECTION('',(0.E0,0.E0,-1.E0));
#7740=DIRECTION('',(0.E0,-1.E0,0.E0));
#7741=AXIS2_PLACEMENT_3D('',#7738,#7739,#7740);
#7742=CONICAL_SURFACE('',#7741,2.625E-2,4.5E1);
#7744=ORIENTED_EDGE('',*,*,#7743,.T.);
#7745=ORIENTED_EDGE('',*,*,#7733,.F.);
#7747=ORIENTED_EDGE('',*,*,#7746,.F.);
#7749=ORIENTED_EDGE('',*,*,#7748,.T.);
#7750=EDGE_LOOP('',(#7744,#7745,#7747,#7749));
#7751=FACE_OUTER_BOUND('',#7750,.F.);
#7752=ADVANCED_FACE('',(#7751),#7742,.F.);
#7753=CARTESIAN_POINT('',(7.5E-2,2.5E-1,-5.7375E-1));
#7754=DIRECTION('',(0.E0,0.E0,-1.E0));
#7755=DIRECTION('',(0.E0,-1.E0,0.E0));
#7756=AXIS2_PLACEMENT_3D('',#7753,#7754,#7755);
#7757=CONICAL_SURFACE('',#7756,2.625E-2,4.5E1);
#7758=ORIENTED_EDGE('',*,*,#7743,.F.);
#7760=ORIENTED_EDGE('',*,*,#7759,.F.);
#7761=ORIENTED_EDGE('',*,*,#7746,.T.);
#7762=ORIENTED_EDGE('',*,*,#7717,.T.);
#7763=EDGE_LOOP('',(#7758,#7760,#7761,#7762));
#7764=FACE_OUTER_BOUND('',#7763,.F.);
#7765=ADVANCED_FACE('',(#7764),#7757,.F.);
#7766=CARTESIAN_POINT('',(7.5E-2,2.5E-1,-5.575E-1));
#7767=DIRECTION('',(0.E0,0.E0,-1.E0));
#7768=DIRECTION('',(0.E0,-1.E0,0.E0));
#7769=AXIS2_PLACEMENT_3D('',#7766,#7767,#7768);
#7770=CYLINDRICAL_SURFACE('',#7769,2.25E-2);
#7772=ORIENTED_EDGE('',*,*,#7771,.F.);
#7774=ORIENTED_EDGE('',*,*,#7773,.F.);
#7776=ORIENTED_EDGE('',*,*,#7775,.T.);
#7777=ORIENTED_EDGE('',*,*,#7759,.T.);
#7778=EDGE_LOOP('',(#7772,#7774,#7776,#7777));
#7779=FACE_OUTER_BOUND('',#7778,.F.);
#7780=ADVANCED_FACE('',(#7779),#7770,.F.);
#7781=CARTESIAN_POINT('',(7.5E-2,2.5E-1,-5.575E-1));
#7782=DIRECTION('',(0.E0,0.E0,-1.E0));
#7783=DIRECTION('',(0.E0,-1.E0,0.E0));
#7784=AXIS2_PLACEMENT_3D('',#7781,#7782,#7783);
#7785=CYLINDRICAL_SURFACE('',#7784,2.25E-2);
#7786=ORIENTED_EDGE('',*,*,#7771,.T.);
#7787=ORIENTED_EDGE('',*,*,#7748,.F.);
#7788=ORIENTED_EDGE('',*,*,#7775,.F.);
#7790=ORIENTED_EDGE('',*,*,#7789,.T.);
#7791=EDGE_LOOP('',(#7786,#7787,#7788,#7790));
#7792=FACE_OUTER_BOUND('',#7791,.F.);
#7793=ADVANCED_FACE('',(#7792),#7785,.F.);
#7794=CARTESIAN_POINT('',(7.5E-2,2.5E-1,-5.6E-1));
#7795=DIRECTION('',(0.E0,0.E0,-1.E0));
#7796=DIRECTION('',(0.E0,-1.E0,0.E0));
#7797=AXIS2_PLACEMENT_3D('',#7794,#7795,#7796);
#7798=PLANE('',#7797);
#7799=ORIENTED_EDGE('',*,*,#7789,.F.);
#7800=ORIENTED_EDGE('',*,*,#7773,.T.);
#7801=EDGE_LOOP('',(#7799,#7800));
#7802=FACE_OUTER_BOUND('',#7801,.F.);
#7803=ADVANCED_FACE('',(#7802),#7798,.T.);
#7804=CARTESIAN_POINT('',(6.4E-2,0.E0,0.E0));
#7805=DIRECTION('',(1.E0,0.E0,0.E0));
#7806=DIRECTION('',(0.E0,0.E0,-1.E0));
#7807=AXIS2_PLACEMENT_3D('',#7804,#7805,#7806);
#7808=PLANE('',#7807);
#7810=ORIENTED_EDGE('',*,*,#7809,.F.);
#7812=ORIENTED_EDGE('',*,*,#7811,.T.);
#7813=ORIENTED_EDGE('',*,*,#7681,.T.);
#7815=ORIENTED_EDGE('',*,*,#7814,.T.);
#7816=EDGE_LOOP('',(#7810,#7812,#7813,#7815));
#7817=FACE_OUTER_BOUND('',#7816,.F.);
#7818=ADVANCED_FACE('',(#7817),#7808,.F.);
#7819=CARTESIAN_POINT('',(6.E-2,3.5E-1,-5.02E-1));
#7820=DIRECTION('',(0.E0,-1.E0,0.E0));
#7821=DIRECTION('',(0.E0,0.E0,-1.E0));
#7822=AXIS2_PLACEMENT_3D('',#7819,#7820,#7821);
#7823=PLANE('',#7822);
#7825=ORIENTED_EDGE('',*,*,#7824,.T.);
#7826=ORIENTED_EDGE('',*,*,#7809,.T.);
#7828=ORIENTED_EDGE('',*,*,#7827,.F.);
#7830=ORIENTED_EDGE('',*,*,#7829,.F.);
#7831=EDGE_LOOP('',(#7825,#7826,#7828,#7830));
#7832=FACE_OUTER_BOUND('',#7831,.F.);
#7833=ADVANCED_FACE('',(#7832),#7823,.T.);
#7834=CARTESIAN_POINT('',(6.E-2,3.5E-1,-5.02E-1));
#7835=DIRECTION('',(0.E0,-1.E0,0.E0));
#7836=DIRECTION('',(0.E0,0.E0,-1.E0));
#7837=AXIS2_PLACEMENT_3D('',#7834,#7835,#7836);
#7838=PLANE('',#7837);
#7840=ORIENTED_EDGE('',*,*,#7839,.T.);
#7842=ORIENTED_EDGE('',*,*,#7841,.T.);
#7844=ORIENTED_EDGE('',*,*,#7843,.F.);
#7846=ORIENTED_EDGE('',*,*,#7845,.F.);
#7847=EDGE_LOOP('',(#7840,#7842,#7844,#7846));
#7848=FACE_OUTER_BOUND('',#7847,.F.);
#7849=ADVANCED_FACE('',(#7848),#7838,.T.);
#7850=CARTESIAN_POINT('',(6.4E-2,3.8E-1,-5.02E-1));
#7851=DIRECTION('',(0.E0,0.E0,1.E0));
#7852=DIRECTION('',(0.E0,-1.E0,0.E0));
#7853=AXIS2_PLACEMENT_3D('',#7850,#7851,#7852);
#7854=PLANE('',#7853);
#7856=ORIENTED_EDGE('',*,*,#7855,.F.);
#7858=ORIENTED_EDGE('',*,*,#7857,.T.);
#7859=ORIENTED_EDGE('',*,*,#7839,.F.);
#7861=ORIENTED_EDGE('',*,*,#7860,.T.);
#7862=ORIENTED_EDGE('',*,*,#7683,.F.);
#7863=ORIENTED_EDGE('',*,*,#7811,.F.);
#7864=ORIENTED_EDGE('',*,*,#7824,.F.);
#7866=ORIENTED_EDGE('',*,*,#7865,.F.);
#7867=EDGE_LOOP('',(#7856,#7858,#7859,#7861,#7862,#7863,#7864,#7866));
#7868=FACE_OUTER_BOUND('',#7867,.F.);
#7869=ADVANCED_FACE('',(#7868),#7854,.T.);
#7870=CARTESIAN_POINT('',(6.4E-2,3.8E-1,-6.02E-1));
#7871=DIRECTION('',(0.E0,1.E0,0.E0));
#7872=DIRECTION('',(0.E0,0.E0,1.E0));
#7873=AXIS2_PLACEMENT_3D('',#7870,#7871,#7872);
#7874=PLANE('',#7873);
#7876=ORIENTED_EDGE('',*,*,#7875,.T.);
#7878=ORIENTED_EDGE('',*,*,#7877,.T.);
#7879=ORIENTED_EDGE('',*,*,#7855,.T.);
#7881=ORIENTED_EDGE('',*,*,#7880,.F.);
#7882=EDGE_LOOP('',(#7876,#7878,#7879,#7881));
#7883=FACE_OUTER_BOUND('',#7882,.F.);
#7884=ADVANCED_FACE('',(#7883),#7874,.T.);
#7885=CARTESIAN_POINT('',(6.4E-2,3.2E-1,-6.02E-1));
#7886=DIRECTION('',(0.E0,0.E0,-1.E0));
#7887=DIRECTION('',(0.E0,1.E0,0.E0));
#7888=AXIS2_PLACEMENT_3D('',#7885,#7886,#7887);
#7889=PLANE('',#7888);
#7891=ORIENTED_EDGE('',*,*,#7890,.T.);
#7892=ORIENTED_EDGE('',*,*,#7843,.T.);
#7894=ORIENTED_EDGE('',*,*,#7893,.T.);
#7895=ORIENTED_EDGE('',*,*,#7875,.F.);
#7897=ORIENTED_EDGE('',*,*,#7896,.F.);
#7898=ORIENTED_EDGE('',*,*,#7827,.T.);
#7899=ORIENTED_EDGE('',*,*,#7814,.F.);
#7900=ORIENTED_EDGE('',*,*,#7687,.T.);
#7901=EDGE_LOOP('',(#7891,#7892,#7894,#7895,#7897,#7898,#7899,#7900));
#7902=FACE_OUTER_BOUND('',#7901,.F.);
#7903=ADVANCED_FACE('',(#7902),#7889,.T.);
#7904=CARTESIAN_POINT('',(8.6E-2,0.E0,0.E0));
#7905=DIRECTION('',(1.E0,0.E0,0.E0));
#7906=DIRECTION('',(0.E0,0.E0,-1.E0));
#7907=AXIS2_PLACEMENT_3D('',#7904,#7905,#7906);
#7908=PLANE('',#7907);
#7909=ORIENTED_EDGE('',*,*,#7845,.T.);
#7910=ORIENTED_EDGE('',*,*,#7890,.F.);
#7911=ORIENTED_EDGE('',*,*,#7685,.F.);
#7912=ORIENTED_EDGE('',*,*,#7860,.F.);
#7913=EDGE_LOOP('',(#7909,#7910,#7911,#7912));
#7914=FACE_OUTER_BOUND('',#7913,.F.);
#7915=ADVANCED_FACE('',(#7914),#7908,.T.);
#7916=CARTESIAN_POINT('',(9.E-2,0.E0,0.E0));
#7917=DIRECTION('',(1.E0,0.E0,0.E0));
#7918=DIRECTION('',(0.E0,0.E0,-1.E0));
#7919=AXIS2_PLACEMENT_3D('',#7916,#7917,#7918);
#7920=PLANE('',#7919);
#7921=ORIENTED_EDGE('',*,*,#7857,.F.);
#7922=ORIENTED_EDGE('',*,*,#7877,.F.);
#7923=ORIENTED_EDGE('',*,*,#7893,.F.);
#7924=ORIENTED_EDGE('',*,*,#7841,.F.);
#7925=EDGE_LOOP('',(#7921,#7922,#7923,#7924));
#7926=FACE_OUTER_BOUND('',#7925,.F.);
#7927=ADVANCED_FACE('',(#7926),#7920,.T.);
#7928=CARTESIAN_POINT('',(6.E-2,0.E0,0.E0));
#7929=DIRECTION('',(1.E0,0.E0,0.E0));
#7930=DIRECTION('',(0.E0,0.E0,-1.E0));
#7931=AXIS2_PLACEMENT_3D('',#7928,#7929,#7930);
#7932=PLANE('',#7931);
#7933=ORIENTED_EDGE('',*,*,#7865,.T.);
#7934=ORIENTED_EDGE('',*,*,#7829,.T.);
#7935=ORIENTED_EDGE('',*,*,#7896,.T.);
#7936=ORIENTED_EDGE('',*,*,#7880,.T.);
#7937=EDGE_LOOP('',(#7933,#7934,#7935,#7936));
#7938=FACE_OUTER_BOUND('',#7937,.F.);
#7939=ADVANCED_FACE('',(#7938),#7932,.F.);
#7940=CARTESIAN_POINT('',(-1.35E-1,0.E0,0.E0));
#7941=DIRECTION('',(1.E0,0.E0,0.E0));
#7942=DIRECTION('',(0.E0,0.E0,-1.E0));
#7943=AXIS2_PLACEMENT_3D('',#7940,#7941,#7942);
#7944=PLANE('',#7943);
#7946=ORIENTED_EDGE('',*,*,#7945,.T.);
#7948=ORIENTED_EDGE('',*,*,#7947,.T.);
#7950=ORIENTED_EDGE('',*,*,#7949,.T.);
#7951=ORIENTED_EDGE('',*,*,#6967,.F.);
#7952=EDGE_LOOP('',(#7946,#7948,#7950,#7951));
#7953=FACE_OUTER_BOUND('',#7952,.F.);
#7954=ADVANCED_FACE('',(#7953),#7944,.F.);
#7955=CARTESIAN_POINT('',(-1.35E-1,1.7E-1,-3.5E-1));
#7956=DIRECTION('',(0.E0,-1.E0,0.E0));
#7957=DIRECTION('',(0.E0,0.E0,-1.E0));
#7958=AXIS2_PLACEMENT_3D('',#7955,#7956,#7957);
#7959=PLANE('',#7958);
#7960=ORIENTED_EDGE('',*,*,#7945,.F.);
#7961=ORIENTED_EDGE('',*,*,#6973,.T.);
#7963=ORIENTED_EDGE('',*,*,#7962,.T.);
#7965=ORIENTED_EDGE('',*,*,#7964,.F.);
#7966=EDGE_LOOP('',(#7960,#7961,#7963,#7965));
#7967=FACE_OUTER_BOUND('',#7966,.F.);
#7968=ADVANCED_FACE('',(#7967),#7959,.T.);
#7969=CARTESIAN_POINT('',(-1.5E-2,0.E0,0.E0));
#7970=DIRECTION('',(1.E0,0.E0,0.E0));
#7971=DIRECTION('',(0.E0,0.E0,-1.E0));
#7972=AXIS2_PLACEMENT_3D('',#7969,#7970,#7971);
#7973=PLANE('',#7972);
#7974=ORIENTED_EDGE('',*,*,#7962,.F.);
#7975=ORIENTED_EDGE('',*,*,#6971,.T.);
#7977=ORIENTED_EDGE('',*,*,#7976,.F.);
#7979=ORIENTED_EDGE('',*,*,#7978,.F.);
#7980=EDGE_LOOP('',(#7974,#7975,#7977,#7979));
#7981=FACE_OUTER_BOUND('',#7980,.F.);
#7982=ADVANCED_FACE('',(#7981),#7973,.T.);
#7983=CARTESIAN_POINT('',(-1.35E-1,3.3E-1,-6.1E-1));
#7984=DIRECTION('',(0.E0,1.E0,0.E0));
#7985=DIRECTION('',(0.E0,0.E0,1.E0));
#7986=AXIS2_PLACEMENT_3D('',#7983,#7984,#7985);
#7987=PLANE('',#7986);
#7988=ORIENTED_EDGE('',*,*,#7949,.F.);
#7990=ORIENTED_EDGE('',*,*,#7989,.T.);
#7991=ORIENTED_EDGE('',*,*,#7976,.T.);
#7992=ORIENTED_EDGE('',*,*,#6969,.F.);
#7993=EDGE_LOOP('',(#7988,#7990,#7991,#7992));
#7994=FACE_OUTER_BOUND('',#7993,.F.);
#7996=ORIENTED_EDGE('',*,*,#7995,.F.);
#7998=ORIENTED_EDGE('',*,*,#7997,.T.);
#8000=ORIENTED_EDGE('',*,*,#7999,.T.);
#8002=ORIENTED_EDGE('',*,*,#8001,.F.);
#8003=EDGE_LOOP('',(#7996,#7998,#8000,#8002));
#8004=FACE_BOUND('',#8003,.F.);
#8005=ADVANCED_FACE('',(#7994,#8004),#7987,.T.);
#8006=CARTESIAN_POINT('',(-1.35E-1,1.7E-1,-6.1E-1));
#8007=DIRECTION('',(0.E0,0.E0,-1.E0));
#8008=DIRECTION('',(0.E0,1.E0,0.E0));
#8009=AXIS2_PLACEMENT_3D('',#8006,#8007,#8008);
#8010=PLANE('',#8009);
#8011=ORIENTED_EDGE('',*,*,#7947,.F.);
#8012=ORIENTED_EDGE('',*,*,#7964,.T.);
#8013=ORIENTED_EDGE('',*,*,#7978,.T.);
#8014=ORIENTED_EDGE('',*,*,#7989,.F.);
#8015=EDGE_LOOP('',(#8011,#8012,#8013,#8014));
#8016=FACE_OUTER_BOUND('',#8015,.F.);
#8018=ORIENTED_EDGE('',*,*,#8017,.T.);
#8020=ORIENTED_EDGE('',*,*,#8019,.T.);
#8021=EDGE_LOOP('',(#8018,#8020));
#8022=FACE_BOUND('',#8021,.F.);
#8023=ADVANCED_FACE('',(#8016,#8022),#8010,.T.);
#8024=CARTESIAN_POINT('',(-7.5E-2,2.5E-1,-5.575E-1));
#8025=DIRECTION('',(0.E0,0.E0,-1.E0));
#8026=DIRECTION('',(0.E0,-1.E0,0.E0));
#8027=AXIS2_PLACEMENT_3D('',#8024,#8025,#8026);
#8028=CYLINDRICAL_SURFACE('',#8027,3.E-2);
#8030=ORIENTED_EDGE('',*,*,#8029,.F.);
#8032=ORIENTED_EDGE('',*,*,#8031,.F.);
#8034=ORIENTED_EDGE('',*,*,#8033,.T.);
#8035=ORIENTED_EDGE('',*,*,#8017,.F.);
#8036=EDGE_LOOP('',(#8030,#8032,#8034,#8035));
#8037=FACE_OUTER_BOUND('',#8036,.F.);
#8038=ADVANCED_FACE('',(#8037),#8028,.F.);
#8039=CARTESIAN_POINT('',(-7.5E-2,2.5E-1,-5.575E-1));
#8040=DIRECTION('',(0.E0,0.E0,-1.E0));
#8041=DIRECTION('',(0.E0,-1.E0,0.E0));
#8042=AXIS2_PLACEMENT_3D('',#8039,#8040,#8041);
#8043=CYLINDRICAL_SURFACE('',#8042,3.E-2);
#8044=ORIENTED_EDGE('',*,*,#8029,.T.);
#8045=ORIENTED_EDGE('',*,*,#8019,.F.);
#8046=ORIENTED_EDGE('',*,*,#8033,.F.);
#8048=ORIENTED_EDGE('',*,*,#8047,.T.);
#8049=EDGE_LOOP('',(#8044,#8045,#8046,#8048));
#8050=FACE_OUTER_BOUND('',#8049,.F.);
#8051=ADVANCED_FACE('',(#8050),#8043,.F.);
#8052=CARTESIAN_POINT('',(-7.5E-2,2.5E-1,-5.7375E-1));
#8053=DIRECTION('',(0.E0,0.E0,-1.E0));
#8054=DIRECTION('',(0.E0,-1.E0,0.E0));
#8055=AXIS2_PLACEMENT_3D('',#8052,#8053,#8054);
#8056=CONICAL_SURFACE('',#8055,2.625E-2,4.5E1);
#8058=ORIENTED_EDGE('',*,*,#8057,.T.);
#8059=ORIENTED_EDGE('',*,*,#8047,.F.);
#8061=ORIENTED_EDGE('',*,*,#8060,.F.);
#8063=ORIENTED_EDGE('',*,*,#8062,.T.);
#8064=EDGE_LOOP('',(#8058,#8059,#8061,#8063));
#8065=FACE_OUTER_BOUND('',#8064,.F.);
#8066=ADVANCED_FACE('',(#8065),#8056,.F.);
#8067=CARTESIAN_POINT('',(-7.5E-2,2.5E-1,-5.7375E-1));
#8068=DIRECTION('',(0.E0,0.E0,-1.E0));
#8069=DIRECTION('',(0.E0,-1.E0,0.E0));
#8070=AXIS2_PLACEMENT_3D('',#8067,#8068,#8069);
#8071=CONICAL_SURFACE('',#8070,2.625E-2,4.5E1);
#8072=ORIENTED_EDGE('',*,*,#8057,.F.);
#8074=ORIENTED_EDGE('',*,*,#8073,.F.);
#8075=ORIENTED_EDGE('',*,*,#8060,.T.);
#8076=ORIENTED_EDGE('',*,*,#8031,.T.);
#8077=EDGE_LOOP('',(#8072,#8074,#8075,#8076));
#8078=FACE_OUTER_BOUND('',#8077,.F.);
#8079=ADVANCED_FACE('',(#8078),#8071,.F.);
#8080=CARTESIAN_POINT('',(-7.5E-2,2.5E-1,-5.575E-1));
#8081=DIRECTION('',(0.E0,0.E0,-1.E0));
#8082=DIRECTION('',(0.E0,-1.E0,0.E0));
#8083=AXIS2_PLACEMENT_3D('',#8080,#8081,#8082);
#8084=CYLINDRICAL_SURFACE('',#8083,2.25E-2);
#8086=ORIENTED_EDGE('',*,*,#8085,.F.);
#8088=ORIENTED_EDGE('',*,*,#8087,.F.);
#8090=ORIENTED_EDGE('',*,*,#8089,.T.);
#8091=ORIENTED_EDGE('',*,*,#8073,.T.);
#8092=EDGE_LOOP('',(#8086,#8088,#8090,#8091));
#8093=FACE_OUTER_BOUND('',#8092,.F.);
#8094=ADVANCED_FACE('',(#8093),#8084,.F.);
#8095=CARTESIAN_POINT('',(-7.5E-2,2.5E-1,-5.575E-1));
#8096=DIRECTION('',(0.E0,0.E0,-1.E0));
#8097=DIRECTION('',(0.E0,-1.E0,0.E0));
#8098=AXIS2_PLACEMENT_3D('',#8095,#8096,#8097);
#8099=CYLINDRICAL_SURFACE('',#8098,2.25E-2);
#8100=ORIENTED_EDGE('',*,*,#8085,.T.);
#8101=ORIENTED_EDGE('',*,*,#8062,.F.);
#8102=ORIENTED_EDGE('',*,*,#8089,.F.);
#8104=ORIENTED_EDGE('',*,*,#8103,.T.);
#8105=EDGE_LOOP('',(#8100,#8101,#8102,#8104));
#8106=FACE_OUTER_BOUND('',#8105,.F.);
#8107=ADVANCED_FACE('',(#8106),#8099,.F.);
#8108=CARTESIAN_POINT('',(-7.5E-2,2.5E-1,-5.6E-1));
#8109=DIRECTION('',(0.E0,0.E0,-1.E0));
#8110=DIRECTION('',(0.E0,-1.E0,0.E0));
#8111=AXIS2_PLACEMENT_3D('',#8108,#8109,#8110);
#8112=PLANE('',#8111);
#8113=ORIENTED_EDGE('',*,*,#8103,.F.);
#8114=ORIENTED_EDGE('',*,*,#8087,.T.);
#8115=EDGE_LOOP('',(#8113,#8114));
#8116=FACE_OUTER_BOUND('',#8115,.F.);
#8117=ADVANCED_FACE('',(#8116),#8112,.T.);
#8118=CARTESIAN_POINT('',(-8.6E-2,0.E0,0.E0));
#8119=DIRECTION('',(1.E0,0.E0,0.E0));
#8120=DIRECTION('',(0.E0,0.E0,-1.E0));
#8121=AXIS2_PLACEMENT_3D('',#8118,#8119,#8120);
#8122=PLANE('',#8121);
#8124=ORIENTED_EDGE('',*,*,#8123,.F.);
#8126=ORIENTED_EDGE('',*,*,#8125,.T.);
#8127=ORIENTED_EDGE('',*,*,#7995,.T.);
#8129=ORIENTED_EDGE('',*,*,#8128,.T.);
#8130=EDGE_LOOP('',(#8124,#8126,#8127,#8129));
#8131=FACE_OUTER_BOUND('',#8130,.F.);
#8132=ADVANCED_FACE('',(#8131),#8122,.F.);
#8133=CARTESIAN_POINT('',(-9.E-2,3.5E-1,-5.02E-1));
#8134=DIRECTION('',(0.E0,-1.E0,0.E0));
#8135=DIRECTION('',(0.E0,0.E0,-1.E0));
#8136=AXIS2_PLACEMENT_3D('',#8133,#8134,#8135);
#8137=PLANE('',#8136);
#8139=ORIENTED_EDGE('',*,*,#8138,.T.);
#8140=ORIENTED_EDGE('',*,*,#8123,.T.);
#8142=ORIENTED_EDGE('',*,*,#8141,.F.);
#8144=ORIENTED_EDGE('',*,*,#8143,.F.);
#8145=EDGE_LOOP('',(#8139,#8140,#8142,#8144));
#8146=FACE_OUTER_BOUND('',#8145,.F.);
#8147=ADVANCED_FACE('',(#8146),#8137,.T.);
#8148=CARTESIAN_POINT('',(-9.E-2,3.5E-1,-5.02E-1));
#8149=DIRECTION('',(0.E0,-1.E0,0.E0));
#8150=DIRECTION('',(0.E0,0.E0,-1.E0));
#8151=AXIS2_PLACEMENT_3D('',#8148,#8149,#8150);
#8152=PLANE('',#8151);
#8154=ORIENTED_EDGE('',*,*,#8153,.T.);
#8156=ORIENTED_EDGE('',*,*,#8155,.T.);
#8158=ORIENTED_EDGE('',*,*,#8157,.F.);
#8160=ORIENTED_EDGE('',*,*,#8159,.F.);
#8161=EDGE_LOOP('',(#8154,#8156,#8158,#8160));
#8162=FACE_OUTER_BOUND('',#8161,.F.);
#8163=ADVANCED_FACE('',(#8162),#8152,.T.);
#8164=CARTESIAN_POINT('',(-8.6E-2,3.8E-1,-5.02E-1));
#8165=DIRECTION('',(0.E0,0.E0,1.E0));
#8166=DIRECTION('',(0.E0,-1.E0,0.E0));
#8167=AXIS2_PLACEMENT_3D('',#8164,#8165,#8166);
#8168=PLANE('',#8167);
#8170=ORIENTED_EDGE('',*,*,#8169,.F.);
#8172=ORIENTED_EDGE('',*,*,#8171,.T.);
#8173=ORIENTED_EDGE('',*,*,#8153,.F.);
#8175=ORIENTED_EDGE('',*,*,#8174,.T.);
#8176=ORIENTED_EDGE('',*,*,#7997,.F.);
#8177=ORIENTED_EDGE('',*,*,#8125,.F.);
#8178=ORIENTED_EDGE('',*,*,#8138,.F.);
#8180=ORIENTED_EDGE('',*,*,#8179,.F.);
#8181=EDGE_LOOP('',(#8170,#8172,#8173,#8175,#8176,#8177,#8178,#8180));
#8182=FACE_OUTER_BOUND('',#8181,.F.);
#8183=ADVANCED_FACE('',(#8182),#8168,.T.);
#8184=CARTESIAN_POINT('',(-8.6E-2,3.8E-1,-6.02E-1));
#8185=DIRECTION('',(0.E0,1.E0,0.E0));
#8186=DIRECTION('',(0.E0,0.E0,1.E0));
#8187=AXIS2_PLACEMENT_3D('',#8184,#8185,#8186);
#8188=PLANE('',#8187);
#8190=ORIENTED_EDGE('',*,*,#8189,.T.);
#8192=ORIENTED_EDGE('',*,*,#8191,.T.);
#8193=ORIENTED_EDGE('',*,*,#8169,.T.);
#8195=ORIENTED_EDGE('',*,*,#8194,.F.);
#8196=EDGE_LOOP('',(#8190,#8192,#8193,#8195));
#8197=FACE_OUTER_BOUND('',#8196,.F.);
#8198=ADVANCED_FACE('',(#8197),#8188,.T.);
#8199=CARTESIAN_POINT('',(-8.6E-2,3.2E-1,-6.02E-1));
#8200=DIRECTION('',(0.E0,0.E0,-1.E0));
#8201=DIRECTION('',(0.E0,1.E0,0.E0));
#8202=AXIS2_PLACEMENT_3D('',#8199,#8200,#8201);
#8203=PLANE('',#8202);
#8205=ORIENTED_EDGE('',*,*,#8204,.T.);
#8206=ORIENTED_EDGE('',*,*,#8157,.T.);
#8208=ORIENTED_EDGE('',*,*,#8207,.T.);
#8209=ORIENTED_EDGE('',*,*,#8189,.F.);
#8211=ORIENTED_EDGE('',*,*,#8210,.F.);
#8212=ORIENTED_EDGE('',*,*,#8141,.T.);
#8213=ORIENTED_EDGE('',*,*,#8128,.F.);
#8214=ORIENTED_EDGE('',*,*,#8001,.T.);
#8215=EDGE_LOOP('',(#8205,#8206,#8208,#8209,#8211,#8212,#8213,#8214));
#8216=FACE_OUTER_BOUND('',#8215,.F.);
#8217=ADVANCED_FACE('',(#8216),#8203,.T.);
#8218=CARTESIAN_POINT('',(-6.4E-2,0.E0,0.E0));
#8219=DIRECTION('',(1.E0,0.E0,0.E0));
#8220=DIRECTION('',(0.E0,0.E0,-1.E0));
#8221=AXIS2_PLACEMENT_3D('',#8218,#8219,#8220);
#8222=PLANE('',#8221);
#8223=ORIENTED_EDGE('',*,*,#8159,.T.);
#8224=ORIENTED_EDGE('',*,*,#8204,.F.);
#8225=ORIENTED_EDGE('',*,*,#7999,.F.);
#8226=ORIENTED_EDGE('',*,*,#8174,.F.);
#8227=EDGE_LOOP('',(#8223,#8224,#8225,#8226));
#8228=FACE_OUTER_BOUND('',#8227,.F.);
#8229=ADVANCED_FACE('',(#8228),#8222,.T.);
#8230=CARTESIAN_POINT('',(-6.E-2,0.E0,0.E0));
#8231=DIRECTION('',(1.E0,0.E0,0.E0));
#8232=DIRECTION('',(0.E0,0.E0,-1.E0));
#8233=AXIS2_PLACEMENT_3D('',#8230,#8231,#8232);
#8234=PLANE('',#8233);
#8235=ORIENTED_EDGE('',*,*,#8171,.F.);
#8236=ORIENTED_EDGE('',*,*,#8191,.F.);
#8237=ORIENTED_EDGE('',*,*,#8207,.F.);
#8238=ORIENTED_EDGE('',*,*,#8155,.F.);
#8239=EDGE_LOOP('',(#8235,#8236,#8237,#8238));
#8240=FACE_OUTER_BOUND('',#8239,.F.);
#8241=ADVANCED_FACE('',(#8240),#8234,.T.);
#8242=CARTESIAN_POINT('',(-9.E-2,0.E0,0.E0));
#8243=DIRECTION('',(1.E0,0.E0,0.E0));
#8244=DIRECTION('',(0.E0,0.E0,-1.E0));
#8245=AXIS2_PLACEMENT_3D('',#8242,#8243,#8244);
#8246=PLANE('',#8245);
#8247=ORIENTED_EDGE('',*,*,#8179,.T.);
#8248=ORIENTED_EDGE('',*,*,#8143,.T.);
#8249=ORIENTED_EDGE('',*,*,#8210,.T.);
#8250=ORIENTED_EDGE('',*,*,#8194,.T.);
#8251=EDGE_LOOP('',(#8247,#8248,#8249,#8250));
#8252=FACE_OUTER_BOUND('',#8251,.F.);
#8253=ADVANCED_FACE('',(#8252),#8246,.F.);
#8254=CARTESIAN_POINT('',(-2.85E-1,0.E0,0.E0));
#8255=DIRECTION('',(1.E0,0.E0,0.E0));
#8256=DIRECTION('',(0.E0,0.E0,-1.E0));
#8257=AXIS2_PLACEMENT_3D('',#8254,#8255,#8256);
#8258=PLANE('',#8257);
#8260=ORIENTED_EDGE('',*,*,#8259,.T.);
#8262=ORIENTED_EDGE('',*,*,#8261,.T.);
#8264=ORIENTED_EDGE('',*,*,#8263,.T.);
#8265=ORIENTED_EDGE('',*,*,#6977,.F.);
#8266=EDGE_LOOP('',(#8260,#8262,#8264,#8265));
#8267=FACE_OUTER_BOUND('',#8266,.F.);
#8268=ADVANCED_FACE('',(#8267),#8258,.F.);
#8269=CARTESIAN_POINT('',(-2.85E-1,1.7E-1,-3.5E-1));
#8270=DIRECTION('',(0.E0,-1.E0,0.E0));
#8271=DIRECTION('',(0.E0,0.E0,-1.E0));
#8272=AXIS2_PLACEMENT_3D('',#8269,#8270,#8271);
#8273=PLANE('',#8272);
#8274=ORIENTED_EDGE('',*,*,#8259,.F.);
#8275=ORIENTED_EDGE('',*,*,#6983,.T.);
#8277=ORIENTED_EDGE('',*,*,#8276,.T.);
#8279=ORIENTED_EDGE('',*,*,#8278,.F.);
#8280=EDGE_LOOP('',(#8274,#8275,#8277,#8279));
#8281=FACE_OUTER_BOUND('',#8280,.F.);
#8282=ADVANCED_FACE('',(#8281),#8273,.T.);
#8283=CARTESIAN_POINT('',(-1.65E-1,0.E0,0.E0));
#8284=DIRECTION('',(1.E0,0.E0,0.E0));
#8285=DIRECTION('',(0.E0,0.E0,-1.E0));
#8286=AXIS2_PLACEMENT_3D('',#8283,#8284,#8285);
#8287=PLANE('',#8286);
#8288=ORIENTED_EDGE('',*,*,#8276,.F.);
#8289=ORIENTED_EDGE('',*,*,#6981,.T.);
#8291=ORIENTED_EDGE('',*,*,#8290,.F.);
#8293=ORIENTED_EDGE('',*,*,#8292,.F.);
#8294=EDGE_LOOP('',(#8288,#8289,#8291,#8293));
#8295=FACE_OUTER_BOUND('',#8294,.F.);
#8296=ADVANCED_FACE('',(#8295),#8287,.T.);
#8297=CARTESIAN_POINT('',(-2.85E-1,3.3E-1,-6.1E-1));
#8298=DIRECTION('',(0.E0,1.E0,0.E0));
#8299=DIRECTION('',(0.E0,0.E0,1.E0));
#8300=AXIS2_PLACEMENT_3D('',#8297,#8298,#8299);
#8301=PLANE('',#8300);
#8302=ORIENTED_EDGE('',*,*,#8263,.F.);
#8304=ORIENTED_EDGE('',*,*,#8303,.T.);
#8305=ORIENTED_EDGE('',*,*,#8290,.T.);
#8306=ORIENTED_EDGE('',*,*,#6979,.F.);
#8307=EDGE_LOOP('',(#8302,#8304,#8305,#8306));
#8308=FACE_OUTER_BOUND('',#8307,.F.);
#8310=ORIENTED_EDGE('',*,*,#8309,.F.);
#8312=ORIENTED_EDGE('',*,*,#8311,.T.);
#8314=ORIENTED_EDGE('',*,*,#8313,.T.);
#8316=ORIENTED_EDGE('',*,*,#8315,.F.);
#8317=EDGE_LOOP('',(#8310,#8312,#8314,#8316));
#8318=FACE_BOUND('',#8317,.F.);
#8319=ADVANCED_FACE('',(#8308,#8318),#8301,.T.);
#8320=CARTESIAN_POINT('',(-2.85E-1,1.7E-1,-6.1E-1));
#8321=DIRECTION('',(0.E0,0.E0,-1.E0));
#8322=DIRECTION('',(0.E0,1.E0,0.E0));
#8323=AXIS2_PLACEMENT_3D('',#8320,#8321,#8322);
#8324=PLANE('',#8323);
#8325=ORIENTED_EDGE('',*,*,#8261,.F.);
#8326=ORIENTED_EDGE('',*,*,#8278,.T.);
#8327=ORIENTED_EDGE('',*,*,#8292,.T.);
#8328=ORIENTED_EDGE('',*,*,#8303,.F.);
#8329=EDGE_LOOP('',(#8325,#8326,#8327,#8328));
#8330=FACE_OUTER_BOUND('',#8329,.F.);
#8332=ORIENTED_EDGE('',*,*,#8331,.T.);
#8334=ORIENTED_EDGE('',*,*,#8333,.T.);
#8335=EDGE_LOOP('',(#8332,#8334));
#8336=FACE_BOUND('',#8335,.F.);
#8337=ADVANCED_FACE('',(#8330,#8336),#8324,.T.);
#8338=CARTESIAN_POINT('',(-2.25E-1,2.5E-1,-5.575E-1));
#8339=DIRECTION('',(0.E0,0.E0,-1.E0));
#8340=DIRECTION('',(0.E0,-1.E0,0.E0));
#8341=AXIS2_PLACEMENT_3D('',#8338,#8339,#8340);
#8342=CYLINDRICAL_SURFACE('',#8341,3.E-2);
#8344=ORIENTED_EDGE('',*,*,#8343,.F.);
#8346=ORIENTED_EDGE('',*,*,#8345,.F.);
#8348=ORIENTED_EDGE('',*,*,#8347,.T.);
#8349=ORIENTED_EDGE('',*,*,#8331,.F.);
#8350=EDGE_LOOP('',(#8344,#8346,#8348,#8349));
#8351=FACE_OUTER_BOUND('',#8350,.F.);
#8352=ADVANCED_FACE('',(#8351),#8342,.F.);
#8353=CARTESIAN_POINT('',(-2.25E-1,2.5E-1,-5.575E-1));
#8354=DIRECTION('',(0.E0,0.E0,-1.E0));
#8355=DIRECTION('',(0.E0,-1.E0,0.E0));
#8356=AXIS2_PLACEMENT_3D('',#8353,#8354,#8355);
#8357=CYLINDRICAL_SURFACE('',#8356,3.E-2);
#8358=ORIENTED_EDGE('',*,*,#8343,.T.);
#8359=ORIENTED_EDGE('',*,*,#8333,.F.);
#8360=ORIENTED_EDGE('',*,*,#8347,.F.);
#8362=ORIENTED_EDGE('',*,*,#8361,.T.);
#8363=EDGE_LOOP('',(#8358,#8359,#8360,#8362));
#8364=FACE_OUTER_BOUND('',#8363,.F.);
#8365=ADVANCED_FACE('',(#8364),#8357,.F.);
#8366=CARTESIAN_POINT('',(-2.25E-1,2.5E-1,-5.7375E-1));
#8367=DIRECTION('',(0.E0,0.E0,-1.E0));
#8368=DIRECTION('',(0.E0,-1.E0,0.E0));
#8369=AXIS2_PLACEMENT_3D('',#8366,#8367,#8368);
#8370=CONICAL_SURFACE('',#8369,2.625E-2,4.5E1);
#8372=ORIENTED_EDGE('',*,*,#8371,.T.);
#8373=ORIENTED_EDGE('',*,*,#8361,.F.);
#8375=ORIENTED_EDGE('',*,*,#8374,.F.);
#8377=ORIENTED_EDGE('',*,*,#8376,.T.);
#8378=EDGE_LOOP('',(#8372,#8373,#8375,#8377));
#8379=FACE_OUTER_BOUND('',#8378,.F.);
#8380=ADVANCED_FACE('',(#8379),#8370,.F.);
#8381=CARTESIAN_POINT('',(-2.25E-1,2.5E-1,-5.7375E-1));
#8382=DIRECTION('',(0.E0,0.E0,-1.E0));
#8383=DIRECTION('',(0.E0,-1.E0,0.E0));
#8384=AXIS2_PLACEMENT_3D('',#8381,#8382,#8383);
#8385=CONICAL_SURFACE('',#8384,2.625E-2,4.5E1);
#8386=ORIENTED_EDGE('',*,*,#8371,.F.);
#8388=ORIENTED_EDGE('',*,*,#8387,.F.);
#8389=ORIENTED_EDGE('',*,*,#8374,.T.);
#8390=ORIENTED_EDGE('',*,*,#8345,.T.);
#8391=EDGE_LOOP('',(#8386,#8388,#8389,#8390));
#8392=FACE_OUTER_BOUND('',#8391,.F.);
#8393=ADVANCED_FACE('',(#8392),#8385,.F.);
#8394=CARTESIAN_POINT('',(-2.25E-1,2.5E-1,-5.575E-1));
#8395=DIRECTION('',(0.E0,0.E0,-1.E0));
#8396=DIRECTION('',(0.E0,-1.E0,0.E0));
#8397=AXIS2_PLACEMENT_3D('',#8394,#8395,#8396);
#8398=CYLINDRICAL_SURFACE('',#8397,2.25E-2);
#8400=ORIENTED_EDGE('',*,*,#8399,.F.);
#8402=ORIENTED_EDGE('',*,*,#8401,.F.);
#8404=ORIENTED_EDGE('',*,*,#8403,.T.);
#8405=ORIENTED_EDGE('',*,*,#8387,.T.);
#8406=EDGE_LOOP('',(#8400,#8402,#8404,#8405));
#8407=FACE_OUTER_BOUND('',#8406,.F.);
#8408=ADVANCED_FACE('',(#8407),#8398,.F.);
#8409=CARTESIAN_POINT('',(-2.25E-1,2.5E-1,-5.575E-1));
#8410=DIRECTION('',(0.E0,0.E0,-1.E0));
#8411=DIRECTION('',(0.E0,-1.E0,0.E0));
#8412=AXIS2_PLACEMENT_3D('',#8409,#8410,#8411);
#8413=CYLINDRICAL_SURFACE('',#8412,2.25E-2);
#8414=ORIENTED_EDGE('',*,*,#8399,.T.);
#8415=ORIENTED_EDGE('',*,*,#8376,.F.);
#8416=ORIENTED_EDGE('',*,*,#8403,.F.);
#8418=ORIENTED_EDGE('',*,*,#8417,.T.);
#8419=EDGE_LOOP('',(#8414,#8415,#8416,#8418));
#8420=FACE_OUTER_BOUND('',#8419,.F.);
#8421=ADVANCED_FACE('',(#8420),#8413,.F.);
#8422=CARTESIAN_POINT('',(-2.25E-1,2.5E-1,-5.6E-1));
#8423=DIRECTION('',(0.E0,0.E0,-1.E0));
#8424=DIRECTION('',(0.E0,-1.E0,0.E0));
#8425=AXIS2_PLACEMENT_3D('',#8422,#8423,#8424);
#8426=PLANE('',#8425);
#8427=ORIENTED_EDGE('',*,*,#8417,.F.);
#8428=ORIENTED_EDGE('',*,*,#8401,.T.);
#8429=EDGE_LOOP('',(#8427,#8428));
#8430=FACE_OUTER_BOUND('',#8429,.F.);
#8431=ADVANCED_FACE('',(#8430),#8426,.T.);
#8432=CARTESIAN_POINT('',(-2.36E-1,0.E0,0.E0));
#8433=DIRECTION('',(1.E0,0.E0,0.E0));
#8434=DIRECTION('',(0.E0,0.E0,-1.E0));
#8435=AXIS2_PLACEMENT_3D('',#8432,#8433,#8434);
#8436=PLANE('',#8435);
#8438=ORIENTED_EDGE('',*,*,#8437,.F.);
#8440=ORIENTED_EDGE('',*,*,#8439,.T.);
#8441=ORIENTED_EDGE('',*,*,#8309,.T.);
#8443=ORIENTED_EDGE('',*,*,#8442,.T.);
#8444=EDGE_LOOP('',(#8438,#8440,#8441,#8443));
#8445=FACE_OUTER_BOUND('',#8444,.F.);
#8446=ADVANCED_FACE('',(#8445),#8436,.F.);
#8447=CARTESIAN_POINT('',(-2.4E-1,3.5E-1,-5.02E-1));
#8448=DIRECTION('',(0.E0,-1.E0,0.E0));
#8449=DIRECTION('',(0.E0,0.E0,-1.E0));
#8450=AXIS2_PLACEMENT_3D('',#8447,#8448,#8449);
#8451=PLANE('',#8450);
#8453=ORIENTED_EDGE('',*,*,#8452,.T.);
#8454=ORIENTED_EDGE('',*,*,#8437,.T.);
#8456=ORIENTED_EDGE('',*,*,#8455,.F.);
#8458=ORIENTED_EDGE('',*,*,#8457,.F.);
#8459=EDGE_LOOP('',(#8453,#8454,#8456,#8458));
#8460=FACE_OUTER_BOUND('',#8459,.F.);
#8461=ADVANCED_FACE('',(#8460),#8451,.T.);
#8462=CARTESIAN_POINT('',(-2.4E-1,3.5E-1,-5.02E-1));
#8463=DIRECTION('',(0.E0,-1.E0,0.E0));
#8464=DIRECTION('',(0.E0,0.E0,-1.E0));
#8465=AXIS2_PLACEMENT_3D('',#8462,#8463,#8464);
#8466=PLANE('',#8465);
#8468=ORIENTED_EDGE('',*,*,#8467,.T.);
#8470=ORIENTED_EDGE('',*,*,#8469,.T.);
#8472=ORIENTED_EDGE('',*,*,#8471,.F.);
#8474=ORIENTED_EDGE('',*,*,#8473,.F.);
#8475=EDGE_LOOP('',(#8468,#8470,#8472,#8474));
#8476=FACE_OUTER_BOUND('',#8475,.F.);
#8477=ADVANCED_FACE('',(#8476),#8466,.T.);
#8478=CARTESIAN_POINT('',(-2.36E-1,3.8E-1,-5.02E-1));
#8479=DIRECTION('',(0.E0,0.E0,1.E0));
#8480=DIRECTION('',(0.E0,-1.E0,0.E0));
#8481=AXIS2_PLACEMENT_3D('',#8478,#8479,#8480);
#8482=PLANE('',#8481);
#8484=ORIENTED_EDGE('',*,*,#8483,.F.);
#8486=ORIENTED_EDGE('',*,*,#8485,.T.);
#8487=ORIENTED_EDGE('',*,*,#8467,.F.);
#8489=ORIENTED_EDGE('',*,*,#8488,.T.);
#8490=ORIENTED_EDGE('',*,*,#8311,.F.);
#8491=ORIENTED_EDGE('',*,*,#8439,.F.);
#8492=ORIENTED_EDGE('',*,*,#8452,.F.);
#8494=ORIENTED_EDGE('',*,*,#8493,.F.);
#8495=EDGE_LOOP('',(#8484,#8486,#8487,#8489,#8490,#8491,#8492,#8494));
#8496=FACE_OUTER_BOUND('',#8495,.F.);
#8497=ADVANCED_FACE('',(#8496),#8482,.T.);
#8498=CARTESIAN_POINT('',(-2.36E-1,3.8E-1,-6.02E-1));
#8499=DIRECTION('',(0.E0,1.E0,0.E0));
#8500=DIRECTION('',(0.E0,0.E0,1.E0));
#8501=AXIS2_PLACEMENT_3D('',#8498,#8499,#8500);
#8502=PLANE('',#8501);
#8504=ORIENTED_EDGE('',*,*,#8503,.T.);
#8506=ORIENTED_EDGE('',*,*,#8505,.T.);
#8507=ORIENTED_EDGE('',*,*,#8483,.T.);
#8509=ORIENTED_EDGE('',*,*,#8508,.F.);
#8510=EDGE_LOOP('',(#8504,#8506,#8507,#8509));
#8511=FACE_OUTER_BOUND('',#8510,.F.);
#8512=ADVANCED_FACE('',(#8511),#8502,.T.);
#8513=CARTESIAN_POINT('',(-2.36E-1,3.2E-1,-6.02E-1));
#8514=DIRECTION('',(0.E0,0.E0,-1.E0));
#8515=DIRECTION('',(0.E0,1.E0,0.E0));
#8516=AXIS2_PLACEMENT_3D('',#8513,#8514,#8515);
#8517=PLANE('',#8516);
#8519=ORIENTED_EDGE('',*,*,#8518,.T.);
#8520=ORIENTED_EDGE('',*,*,#8471,.T.);
#8522=ORIENTED_EDGE('',*,*,#8521,.T.);
#8523=ORIENTED_EDGE('',*,*,#8503,.F.);
#8525=ORIENTED_EDGE('',*,*,#8524,.F.);
#8526=ORIENTED_EDGE('',*,*,#8455,.T.);
#8527=ORIENTED_EDGE('',*,*,#8442,.F.);
#8528=ORIENTED_EDGE('',*,*,#8315,.T.);
#8529=EDGE_LOOP('',(#8519,#8520,#8522,#8523,#8525,#8526,#8527,#8528));
#8530=FACE_OUTER_BOUND('',#8529,.F.);
#8531=ADVANCED_FACE('',(#8530),#8517,.T.);
#8532=CARTESIAN_POINT('',(-2.14E-1,0.E0,0.E0));
#8533=DIRECTION('',(1.E0,0.E0,0.E0));
#8534=DIRECTION('',(0.E0,0.E0,-1.E0));
#8535=AXIS2_PLACEMENT_3D('',#8532,#8533,#8534);
#8536=PLANE('',#8535);
#8537=ORIENTED_EDGE('',*,*,#8473,.T.);
#8538=ORIENTED_EDGE('',*,*,#8518,.F.);
#8539=ORIENTED_EDGE('',*,*,#8313,.F.);
#8540=ORIENTED_EDGE('',*,*,#8488,.F.);
#8541=EDGE_LOOP('',(#8537,#8538,#8539,#8540));
#8542=FACE_OUTER_BOUND('',#8541,.F.);
#8543=ADVANCED_FACE('',(#8542),#8536,.T.);
#8544=CARTESIAN_POINT('',(-2.1E-1,0.E0,0.E0));
#8545=DIRECTION('',(1.E0,0.E0,0.E0));
#8546=DIRECTION('',(0.E0,0.E0,-1.E0));
#8547=AXIS2_PLACEMENT_3D('',#8544,#8545,#8546);
#8548=PLANE('',#8547);
#8549=ORIENTED_EDGE('',*,*,#8485,.F.);
#8550=ORIENTED_EDGE('',*,*,#8505,.F.);
#8551=ORIENTED_EDGE('',*,*,#8521,.F.);
#8552=ORIENTED_EDGE('',*,*,#8469,.F.);
#8553=EDGE_LOOP('',(#8549,#8550,#8551,#8552));
#8554=FACE_OUTER_BOUND('',#8553,.F.);
#8555=ADVANCED_FACE('',(#8554),#8548,.T.);
#8556=CARTESIAN_POINT('',(-2.4E-1,0.E0,0.E0));
#8557=DIRECTION('',(1.E0,0.E0,0.E0));
#8558=DIRECTION('',(0.E0,0.E0,-1.E0));
#8559=AXIS2_PLACEMENT_3D('',#8556,#8557,#8558);
#8560=PLANE('',#8559);
#8561=ORIENTED_EDGE('',*,*,#8493,.T.);
#8562=ORIENTED_EDGE('',*,*,#8457,.T.);
#8563=ORIENTED_EDGE('',*,*,#8524,.T.);
#8564=ORIENTED_EDGE('',*,*,#8508,.T.);
#8565=EDGE_LOOP('',(#8561,#8562,#8563,#8564));
#8566=FACE_OUTER_BOUND('',#8565,.F.);
#8567=ADVANCED_FACE('',(#8566),#8560,.F.);
#8568=CARTESIAN_POINT('',(-4.35E-1,0.E0,0.E0));
#8569=DIRECTION('',(1.E0,0.E0,0.E0));
#8570=DIRECTION('',(0.E0,0.E0,-1.E0));
#8571=AXIS2_PLACEMENT_3D('',#8568,#8569,#8570);
#8572=PLANE('',#8571);
#8574=ORIENTED_EDGE('',*,*,#8573,.T.);
#8576=ORIENTED_EDGE('',*,*,#8575,.T.);
#8578=ORIENTED_EDGE('',*,*,#8577,.T.);
#8579=ORIENTED_EDGE('',*,*,#6987,.F.);
#8580=EDGE_LOOP('',(#8574,#8576,#8578,#8579));
#8581=FACE_OUTER_BOUND('',#8580,.F.);
#8582=ADVANCED_FACE('',(#8581),#8572,.F.);
#8583=CARTESIAN_POINT('',(-4.35E-1,1.7E-1,-3.5E-1));
#8584=DIRECTION('',(0.E0,-1.E0,0.E0));
#8585=DIRECTION('',(0.E0,0.E0,-1.E0));
#8586=AXIS2_PLACEMENT_3D('',#8583,#8584,#8585);
#8587=PLANE('',#8586);
#8588=ORIENTED_EDGE('',*,*,#8573,.F.);
#8589=ORIENTED_EDGE('',*,*,#6993,.T.);
#8591=ORIENTED_EDGE('',*,*,#8590,.T.);
#8593=ORIENTED_EDGE('',*,*,#8592,.F.);
#8594=EDGE_LOOP('',(#8588,#8589,#8591,#8593));
#8595=FACE_OUTER_BOUND('',#8594,.F.);
#8596=ADVANCED_FACE('',(#8595),#8587,.T.);
#8597=CARTESIAN_POINT('',(-3.15E-1,0.E0,0.E0));
#8598=DIRECTION('',(1.E0,0.E0,0.E0));
#8599=DIRECTION('',(0.E0,0.E0,-1.E0));
#8600=AXIS2_PLACEMENT_3D('',#8597,#8598,#8599);
#8601=PLANE('',#8600);
#8602=ORIENTED_EDGE('',*,*,#8590,.F.);
#8603=ORIENTED_EDGE('',*,*,#6991,.T.);
#8605=ORIENTED_EDGE('',*,*,#8604,.F.);
#8607=ORIENTED_EDGE('',*,*,#8606,.F.);
#8608=EDGE_LOOP('',(#8602,#8603,#8605,#8607));
#8609=FACE_OUTER_BOUND('',#8608,.F.);
#8610=ADVANCED_FACE('',(#8609),#8601,.T.);
#8611=CARTESIAN_POINT('',(-4.35E-1,3.3E-1,-6.1E-1));
#8612=DIRECTION('',(0.E0,1.E0,0.E0));
#8613=DIRECTION('',(0.E0,0.E0,1.E0));
#8614=AXIS2_PLACEMENT_3D('',#8611,#8612,#8613);
#8615=PLANE('',#8614);
#8616=ORIENTED_EDGE('',*,*,#8577,.F.);
#8618=ORIENTED_EDGE('',*,*,#8617,.T.);
#8619=ORIENTED_EDGE('',*,*,#8604,.T.);
#8620=ORIENTED_EDGE('',*,*,#6989,.F.);
#8621=EDGE_LOOP('',(#8616,#8618,#8619,#8620));
#8622=FACE_OUTER_BOUND('',#8621,.F.);
#8624=ORIENTED_EDGE('',*,*,#8623,.F.);
#8626=ORIENTED_EDGE('',*,*,#8625,.T.);
#8628=ORIENTED_EDGE('',*,*,#8627,.T.);
#8630=ORIENTED_EDGE('',*,*,#8629,.F.);
#8631=EDGE_LOOP('',(#8624,#8626,#8628,#8630));
#8632=FACE_BOUND('',#8631,.F.);
#8633=ADVANCED_FACE('',(#8622,#8632),#8615,.T.);
#8634=CARTESIAN_POINT('',(-4.35E-1,1.7E-1,-6.1E-1));
#8635=DIRECTION('',(0.E0,0.E0,-1.E0));
#8636=DIRECTION('',(0.E0,1.E0,0.E0));
#8637=AXIS2_PLACEMENT_3D('',#8634,#8635,#8636);
#8638=PLANE('',#8637);
#8639=ORIENTED_EDGE('',*,*,#8575,.F.);
#8640=ORIENTED_EDGE('',*,*,#8592,.T.);
#8641=ORIENTED_EDGE('',*,*,#8606,.T.);
#8642=ORIENTED_EDGE('',*,*,#8617,.F.);
#8643=EDGE_LOOP('',(#8639,#8640,#8641,#8642));
#8644=FACE_OUTER_BOUND('',#8643,.F.);
#8646=ORIENTED_EDGE('',*,*,#8645,.T.);
#8648=ORIENTED_EDGE('',*,*,#8647,.T.);
#8649=EDGE_LOOP('',(#8646,#8648));
#8650=FACE_BOUND('',#8649,.F.);
#8651=ADVANCED_FACE('',(#8644,#8650),#8638,.T.);
#8652=CARTESIAN_POINT('',(-3.75E-1,2.5E-1,-5.575E-1));
#8653=DIRECTION('',(0.E0,0.E0,-1.E0));
#8654=DIRECTION('',(0.E0,-1.E0,0.E0));
#8655=AXIS2_PLACEMENT_3D('',#8652,#8653,#8654);
#8656=CYLINDRICAL_SURFACE('',#8655,3.E-2);
#8658=ORIENTED_EDGE('',*,*,#8657,.F.);
#8660=ORIENTED_EDGE('',*,*,#8659,.F.);
#8662=ORIENTED_EDGE('',*,*,#8661,.T.);
#8663=ORIENTED_EDGE('',*,*,#8645,.F.);
#8664=EDGE_LOOP('',(#8658,#8660,#8662,#8663));
#8665=FACE_OUTER_BOUND('',#8664,.F.);
#8666=ADVANCED_FACE('',(#8665),#8656,.F.);
#8667=CARTESIAN_POINT('',(-3.75E-1,2.5E-1,-5.575E-1));
#8668=DIRECTION('',(0.E0,0.E0,-1.E0));
#8669=DIRECTION('',(0.E0,-1.E0,0.E0));
#8670=AXIS2_PLACEMENT_3D('',#8667,#8668,#8669);
#8671=CYLINDRICAL_SURFACE('',#8670,3.E-2);
#8672=ORIENTED_EDGE('',*,*,#8657,.T.);
#8673=ORIENTED_EDGE('',*,*,#8647,.F.);
#8674=ORIENTED_EDGE('',*,*,#8661,.F.);
#8676=ORIENTED_EDGE('',*,*,#8675,.T.);
#8677=EDGE_LOOP('',(#8672,#8673,#8674,#8676));
#8678=FACE_OUTER_BOUND('',#8677,.F.);
#8679=ADVANCED_FACE('',(#8678),#8671,.F.);
#8680=CARTESIAN_POINT('',(-3.75E-1,2.5E-1,-5.7375E-1));
#8681=DIRECTION('',(0.E0,0.E0,-1.E0));
#8682=DIRECTION('',(0.E0,-1.E0,0.E0));
#8683=AXIS2_PLACEMENT_3D('',#8680,#8681,#8682);
#8684=CONICAL_SURFACE('',#8683,2.625E-2,4.5E1);
#8686=ORIENTED_EDGE('',*,*,#8685,.T.);
#8687=ORIENTED_EDGE('',*,*,#8675,.F.);
#8689=ORIENTED_EDGE('',*,*,#8688,.F.);
#8691=ORIENTED_EDGE('',*,*,#8690,.T.);
#8692=EDGE_LOOP('',(#8686,#8687,#8689,#8691));
#8693=FACE_OUTER_BOUND('',#8692,.F.);
#8694=ADVANCED_FACE('',(#8693),#8684,.F.);
#8695=CARTESIAN_POINT('',(-3.75E-1,2.5E-1,-5.7375E-1));
#8696=DIRECTION('',(0.E0,0.E0,-1.E0));
#8697=DIRECTION('',(0.E0,-1.E0,0.E0));
#8698=AXIS2_PLACEMENT_3D('',#8695,#8696,#8697);
#8699=CONICAL_SURFACE('',#8698,2.625E-2,4.5E1);
#8700=ORIENTED_EDGE('',*,*,#8685,.F.);
#8702=ORIENTED_EDGE('',*,*,#8701,.F.);
#8703=ORIENTED_EDGE('',*,*,#8688,.T.);
#8704=ORIENTED_EDGE('',*,*,#8659,.T.);
#8705=EDGE_LOOP('',(#8700,#8702,#8703,#8704));
#8706=FACE_OUTER_BOUND('',#8705,.F.);
#8707=ADVANCED_FACE('',(#8706),#8699,.F.);
#8708=CARTESIAN_POINT('',(-3.75E-1,2.5E-1,-5.575E-1));
#8709=DIRECTION('',(0.E0,0.E0,-1.E0));
#8710=DIRECTION('',(0.E0,-1.E0,0.E0));
#8711=AXIS2_PLACEMENT_3D('',#8708,#8709,#8710);
#8712=CYLINDRICAL_SURFACE('',#8711,2.25E-2);
#8714=ORIENTED_EDGE('',*,*,#8713,.F.);
#8716=ORIENTED_EDGE('',*,*,#8715,.F.);
#8718=ORIENTED_EDGE('',*,*,#8717,.T.);
#8719=ORIENTED_EDGE('',*,*,#8701,.T.);
#8720=EDGE_LOOP('',(#8714,#8716,#8718,#8719));
#8721=FACE_OUTER_BOUND('',#8720,.F.);
#8722=ADVANCED_FACE('',(#8721),#8712,.F.);
#8723=CARTESIAN_POINT('',(-3.75E-1,2.5E-1,-5.575E-1));
#8724=DIRECTION('',(0.E0,0.E0,-1.E0));
#8725=DIRECTION('',(0.E0,-1.E0,0.E0));
#8726=AXIS2_PLACEMENT_3D('',#8723,#8724,#8725);
#8727=CYLINDRICAL_SURFACE('',#8726,2.25E-2);
#8728=ORIENTED_EDGE('',*,*,#8713,.T.);
#8729=ORIENTED_EDGE('',*,*,#8690,.F.);
#8730=ORIENTED_EDGE('',*,*,#8717,.F.);
#8732=ORIENTED_EDGE('',*,*,#8731,.T.);
#8733=EDGE_LOOP('',(#8728,#8729,#8730,#8732));
#8734=FACE_OUTER_BOUND('',#8733,.F.);
#8735=ADVANCED_FACE('',(#8734),#8727,.F.);
#8736=CARTESIAN_POINT('',(-3.75E-1,2.5E-1,-5.6E-1));
#8737=DIRECTION('',(0.E0,0.E0,-1.E0));
#8738=DIRECTION('',(0.E0,-1.E0,0.E0));
#8739=AXIS2_PLACEMENT_3D('',#8736,#8737,#8738);
#8740=PLANE('',#8739);
#8741=ORIENTED_EDGE('',*,*,#8731,.F.);
#8742=ORIENTED_EDGE('',*,*,#8715,.T.);
#8743=EDGE_LOOP('',(#8741,#8742));
#8744=FACE_OUTER_BOUND('',#8743,.F.);
#8745=ADVANCED_FACE('',(#8744),#8740,.T.);
#8746=CARTESIAN_POINT('',(-3.86E-1,0.E0,0.E0));
#8747=DIRECTION('',(1.E0,0.E0,0.E0));
#8748=DIRECTION('',(0.E0,0.E0,-1.E0));
#8749=AXIS2_PLACEMENT_3D('',#8746,#8747,#8748);
#8750=PLANE('',#8749);
#8752=ORIENTED_EDGE('',*,*,#8751,.F.);
#8754=ORIENTED_EDGE('',*,*,#8753,.T.);
#8755=ORIENTED_EDGE('',*,*,#8623,.T.);
#8757=ORIENTED_EDGE('',*,*,#8756,.T.);
#8758=EDGE_LOOP('',(#8752,#8754,#8755,#8757));
#8759=FACE_OUTER_BOUND('',#8758,.F.);
#8760=ADVANCED_FACE('',(#8759),#8750,.F.);
#8761=CARTESIAN_POINT('',(-3.9E-1,3.5E-1,-5.02E-1));
#8762=DIRECTION('',(0.E0,-1.E0,0.E0));
#8763=DIRECTION('',(0.E0,0.E0,-1.E0));
#8764=AXIS2_PLACEMENT_3D('',#8761,#8762,#8763);
#8765=PLANE('',#8764);
#8767=ORIENTED_EDGE('',*,*,#8766,.T.);
#8768=ORIENTED_EDGE('',*,*,#8751,.T.);
#8770=ORIENTED_EDGE('',*,*,#8769,.F.);
#8772=ORIENTED_EDGE('',*,*,#8771,.F.);
#8773=EDGE_LOOP('',(#8767,#8768,#8770,#8772));
#8774=FACE_OUTER_BOUND('',#8773,.F.);
#8775=ADVANCED_FACE('',(#8774),#8765,.T.);
#8776=CARTESIAN_POINT('',(-3.9E-1,3.5E-1,-5.02E-1));
#8777=DIRECTION('',(0.E0,-1.E0,0.E0));
#8778=DIRECTION('',(0.E0,0.E0,-1.E0));
#8779=AXIS2_PLACEMENT_3D('',#8776,#8777,#8778);
#8780=PLANE('',#8779);
#8782=ORIENTED_EDGE('',*,*,#8781,.T.);
#8784=ORIENTED_EDGE('',*,*,#8783,.T.);
#8786=ORIENTED_EDGE('',*,*,#8785,.F.);
#8788=ORIENTED_EDGE('',*,*,#8787,.F.);
#8789=EDGE_LOOP('',(#8782,#8784,#8786,#8788));
#8790=FACE_OUTER_BOUND('',#8789,.F.);
#8791=ADVANCED_FACE('',(#8790),#8780,.T.);
#8792=CARTESIAN_POINT('',(-3.86E-1,3.8E-1,-5.02E-1));
#8793=DIRECTION('',(0.E0,0.E0,1.E0));
#8794=DIRECTION('',(0.E0,-1.E0,0.E0));
#8795=AXIS2_PLACEMENT_3D('',#8792,#8793,#8794);
#8796=PLANE('',#8795);
#8798=ORIENTED_EDGE('',*,*,#8797,.F.);
#8800=ORIENTED_EDGE('',*,*,#8799,.T.);
#8801=ORIENTED_EDGE('',*,*,#8781,.F.);
#8803=ORIENTED_EDGE('',*,*,#8802,.T.);
#8804=ORIENTED_EDGE('',*,*,#8625,.F.);
#8805=ORIENTED_EDGE('',*,*,#8753,.F.);
#8806=ORIENTED_EDGE('',*,*,#8766,.F.);
#8808=ORIENTED_EDGE('',*,*,#8807,.F.);
#8809=EDGE_LOOP('',(#8798,#8800,#8801,#8803,#8804,#8805,#8806,#8808));
#8810=FACE_OUTER_BOUND('',#8809,.F.);
#8811=ADVANCED_FACE('',(#8810),#8796,.T.);
#8812=CARTESIAN_POINT('',(-3.86E-1,3.8E-1,-6.02E-1));
#8813=DIRECTION('',(0.E0,1.E0,0.E0));
#8814=DIRECTION('',(0.E0,0.E0,1.E0));
#8815=AXIS2_PLACEMENT_3D('',#8812,#8813,#8814);
#8816=PLANE('',#8815);
#8818=ORIENTED_EDGE('',*,*,#8817,.T.);
#8820=ORIENTED_EDGE('',*,*,#8819,.T.);
#8821=ORIENTED_EDGE('',*,*,#8797,.T.);
#8823=ORIENTED_EDGE('',*,*,#8822,.F.);
#8824=EDGE_LOOP('',(#8818,#8820,#8821,#8823));
#8825=FACE_OUTER_BOUND('',#8824,.F.);
#8826=ADVANCED_FACE('',(#8825),#8816,.T.);
#8827=CARTESIAN_POINT('',(-3.86E-1,3.2E-1,-6.02E-1));
#8828=DIRECTION('',(0.E0,0.E0,-1.E0));
#8829=DIRECTION('',(0.E0,1.E0,0.E0));
#8830=AXIS2_PLACEMENT_3D('',#8827,#8828,#8829);
#8831=PLANE('',#8830);
#8833=ORIENTED_EDGE('',*,*,#8832,.T.);
#8834=ORIENTED_EDGE('',*,*,#8785,.T.);
#8836=ORIENTED_EDGE('',*,*,#8835,.T.);
#8837=ORIENTED_EDGE('',*,*,#8817,.F.);
#8839=ORIENTED_EDGE('',*,*,#8838,.F.);
#8840=ORIENTED_EDGE('',*,*,#8769,.T.);
#8841=ORIENTED_EDGE('',*,*,#8756,.F.);
#8842=ORIENTED_EDGE('',*,*,#8629,.T.);
#8843=EDGE_LOOP('',(#8833,#8834,#8836,#8837,#8839,#8840,#8841,#8842));
#8844=FACE_OUTER_BOUND('',#8843,.F.);
#8845=ADVANCED_FACE('',(#8844),#8831,.T.);
#8846=CARTESIAN_POINT('',(-3.64E-1,0.E0,0.E0));
#8847=DIRECTION('',(1.E0,0.E0,0.E0));
#8848=DIRECTION('',(0.E0,0.E0,-1.E0));
#8849=AXIS2_PLACEMENT_3D('',#8846,#8847,#8848);
#8850=PLANE('',#8849);
#8851=ORIENTED_EDGE('',*,*,#8787,.T.);
#8852=ORIENTED_EDGE('',*,*,#8832,.F.);
#8853=ORIENTED_EDGE('',*,*,#8627,.F.);
#8854=ORIENTED_EDGE('',*,*,#8802,.F.);
#8855=EDGE_LOOP('',(#8851,#8852,#8853,#8854));
#8856=FACE_OUTER_BOUND('',#8855,.F.);
#8857=ADVANCED_FACE('',(#8856),#8850,.T.);
#8858=CARTESIAN_POINT('',(-3.6E-1,0.E0,0.E0));
#8859=DIRECTION('',(1.E0,0.E0,0.E0));
#8860=DIRECTION('',(0.E0,0.E0,-1.E0));
#8861=AXIS2_PLACEMENT_3D('',#8858,#8859,#8860);
#8862=PLANE('',#8861);
#8863=ORIENTED_EDGE('',*,*,#8799,.F.);
#8864=ORIENTED_EDGE('',*,*,#8819,.F.);
#8865=ORIENTED_EDGE('',*,*,#8835,.F.);
#8866=ORIENTED_EDGE('',*,*,#8783,.F.);
#8867=EDGE_LOOP('',(#8863,#8864,#8865,#8866));
#8868=FACE_OUTER_BOUND('',#8867,.F.);
#8869=ADVANCED_FACE('',(#8868),#8862,.T.);
#8870=CARTESIAN_POINT('',(-3.9E-1,0.E0,0.E0));
#8871=DIRECTION('',(1.E0,0.E0,0.E0));
#8872=DIRECTION('',(0.E0,0.E0,-1.E0));
#8873=AXIS2_PLACEMENT_3D('',#8870,#8871,#8872);
#8874=PLANE('',#8873);
#8875=ORIENTED_EDGE('',*,*,#8807,.T.);
#8876=ORIENTED_EDGE('',*,*,#8771,.T.);
#8877=ORIENTED_EDGE('',*,*,#8838,.T.);
#8878=ORIENTED_EDGE('',*,*,#8822,.T.);
#8879=EDGE_LOOP('',(#8875,#8876,#8877,#8878));
#8880=FACE_OUTER_BOUND('',#8879,.F.);
#8881=ADVANCED_FACE('',(#8880),#8874,.F.);
#8882=CARTESIAN_POINT('',(2.25E-1,4.4E-1,-1.664835345575E-1));
#8883=DIRECTION('',(0.E0,1.E0,0.E0));
#8884=DIRECTION('',(1.E0,0.E0,0.E0));
#8885=AXIS2_PLACEMENT_3D('',#8882,#8883,#8884);
#8886=CYLINDRICAL_SURFACE('',#8885,1.E-1);
#8887=ORIENTED_EDGE('',*,*,#4238,.T.);
#8888=ORIENTED_EDGE('',*,*,#5704,.F.);
#8889=ORIENTED_EDGE('',*,*,#5807,.F.);
#8890=ORIENTED_EDGE('',*,*,#5685,.T.);
#8891=EDGE_LOOP('',(#8887,#8888,#8889,#8890));
#8892=FACE_OUTER_BOUND('',#8891,.F.);
#8893=ADVANCED_FACE('',(#8892),#8886,.T.);
#8894=CARTESIAN_POINT('',(7.5E-2,4.4E-1,-1.664835345575E-1));
#8895=DIRECTION('',(0.E0,1.E0,0.E0));
#8896=DIRECTION('',(1.E0,0.E0,0.E0));
#8897=AXIS2_PLACEMENT_3D('',#8894,#8895,#8896);
#8898=CYLINDRICAL_SURFACE('',#8897,1.E-1);
#8899=ORIENTED_EDGE('',*,*,#4234,.T.);
#8900=ORIENTED_EDGE('',*,*,#5719,.F.);
#8901=ORIENTED_EDGE('',*,*,#5810,.F.);
#8902=ORIENTED_EDGE('',*,*,#5700,.T.);
#8903=EDGE_LOOP('',(#8899,#8900,#8901,#8902));
#8904=FACE_OUTER_BOUND('',#8903,.F.);
#8905=ADVANCED_FACE('',(#8904),#8898,.T.);
#8906=CARTESIAN_POINT('',(-7.5E-2,4.4E-1,-1.664835345575E-1));
#8907=DIRECTION('',(0.E0,1.E0,0.E0));
#8908=DIRECTION('',(1.E0,0.E0,0.E0));
#8909=AXIS2_PLACEMENT_3D('',#8906,#8907,#8908);
#8910=CYLINDRICAL_SURFACE('',#8909,1.E-1);
#8911=ORIENTED_EDGE('',*,*,#4230,.T.);
#8912=ORIENTED_EDGE('',*,*,#5734,.F.);
#8913=ORIENTED_EDGE('',*,*,#5813,.F.);
#8914=ORIENTED_EDGE('',*,*,#5715,.T.);
#8915=EDGE_LOOP('',(#8911,#8912,#8913,#8914));
#8916=FACE_OUTER_BOUND('',#8915,.F.);
#8917=ADVANCED_FACE('',(#8916),#8910,.T.);
#8918=CARTESIAN_POINT('',(-2.25E-1,4.4E-1,-1.664835345575E-1));
#8919=DIRECTION('',(0.E0,1.E0,0.E0));
#8920=DIRECTION('',(1.E0,0.E0,0.E0));
#8921=AXIS2_PLACEMENT_3D('',#8918,#8919,#8920);
#8922=CYLINDRICAL_SURFACE('',#8921,1.E-1);
#8923=ORIENTED_EDGE('',*,*,#4226,.T.);
#8924=ORIENTED_EDGE('',*,*,#5749,.F.);
#8925=ORIENTED_EDGE('',*,*,#5816,.F.);
#8926=ORIENTED_EDGE('',*,*,#5730,.T.);
#8927=EDGE_LOOP('',(#8923,#8924,#8925,#8926));
#8928=FACE_OUTER_BOUND('',#8927,.F.);
#8929=ADVANCED_FACE('',(#8928),#8922,.T.);
#8930=CLOSED_SHELL('',(#4136,#4151,#4170,#4183,#4196,#4214,#4356,#4371,#4384,
#4400,#4423,#4438,#4450,#4463,#4481,#4494,#4506,#4521,#4535,#4549,#4562,#4574,
#4589,#4602,#4618,#4641,#4656,#4670,#4684,#4696,#4708,#4724,#4739,#4753,#4767,
#4780,#4792,#4807,#4820,#4836,#4859,#4874,#4888,#4902,#4914,#4926,#4942,#4957,
#4971,#4985,#4998,#5010,#5025,#5038,#5054,#5077,#5092,#5106,#5120,#5132,#5144,
#5160,#5175,#5189,#5203,#5216,#5228,#5243,#5256,#5272,#5295,#5310,#5324,#5338,
#5350,#5362,#5378,#5393,#5407,#5421,#5434,#5446,#5461,#5474,#5490,#5513,#5528,
#5542,#5556,#5568,#5580,#5596,#5611,#5625,#5639,#5652,#5664,#5679,#5694,#5709,
#5724,#5739,#5754,#5769,#5782,#5821,#5833,#5846,#5858,#5872,#5884,#5912,#5927,
#6014,#6029,#6043,#6057,#6072,#6087,#6099,#6113,#6126,#6138,#6153,#6167,#6181,
#6196,#6211,#6223,#6237,#6250,#6262,#6277,#6291,#6305,#6320,#6335,#6347,#6361,
#6374,#6386,#6401,#6415,#6429,#6444,#6459,#6471,#6485,#6498,#6510,#6525,#6539,
#6553,#6568,#6583,#6595,#6609,#6622,#6634,#6649,#6663,#6677,#6692,#6707,#6719,
#6733,#6746,#6758,#6779,#6792,#6808,#6821,#6833,#6847,#6861,#6874,#6886,#6899,
#6912,#6925,#6997,#7012,#7026,#7040,#7063,#7081,#7096,#7109,#7124,#7137,#7152,
#7165,#7175,#7190,#7212,#7226,#7247,#7261,#7274,#7287,#7299,#7311,#7326,#7340,
#7354,#7377,#7395,#7410,#7423,#7438,#7451,#7466,#7479,#7489,#7504,#7519,#7535,
#7555,#7570,#7589,#7601,#7613,#7625,#7640,#7654,#7668,#7691,#7709,#7724,#7737,
#7752,#7765,#7780,#7793,#7803,#7818,#7833,#7849,#7869,#7884,#7903,#7915,#7927,
#7939,#7954,#7968,#7982,#8005,#8023,#8038,#8051,#8066,#8079,#8094,#8107,#8117,
#8132,#8147,#8163,#8183,#8198,#8217,#8229,#8241,#8253,#8268,#8282,#8296,#8319,
#8337,#8352,#8365,#8380,#8393,#8408,#8421,#8431,#8446,#8461,#8477,#8497,#8512,
#8531,#8543,#8555,#8567,#8582,#8596,#8610,#8633,#8651,#8666,#8679,#8694,#8707,
#8722,#8735,#8745,#8760,#8775,#8791,#8811,#8826,#8845,#8857,#8869,#8881,#8893,
#8905,#8917,#8929));
#8931=MANIFOLD_SOLID_BREP('',#8930);
#8932=CARTESIAN_POINT('',(0.E0,0.E0,0.E0));
#8933=DIRECTION('',(0.E0,0.E0,1.E0));
#8934=DIRECTION('',(1.E0,0.E0,0.E0));
#8935=AXIS2_PLACEMENT_3D('PRT_CSYS_DEF',#8932,#8933,#8934);
#8936=DIRECTION('',(0.E0,0.E0,1.E0));
#8937=VECTOR('',#8936,2.8E-1);
#8938=CARTESIAN_POINT('',(3.75E-1,1.E-1,-3.E-1));
#8939=LINE('',#8938,#8937);
#8942=DIRECTION('',(0.E0,0.E0,-1.E0));
#8943=VECTOR('',#8942,5.E-2);
#8944=CARTESIAN_POINT('',(3.75E-1,2.5E-1,-5.6E-1));
#8945=LINE('',#8944,#8943);
#8947=DIRECTION('',(0.E0,1.E0,0.E0));
#8948=VECTOR('',#8947,7.E-2);
#8949=CARTESIAN_POINT('',(3.75E-1,3.7E-1,-2.E-1));
#8950=LINE('',#8949,#8948);
#8952=DIRECTION('',(0.E0,0.E0,1.E0));
#8953=VECTOR('',#8952,2.8E-1);
#8954=CARTESIAN_POINT('',(2.25E-1,1.E-1,-3.E-1));
#8955=LINE('',#8954,#8953);
#8957=DIRECTION('',(0.E0,0.E0,-1.E0));
#8958=VECTOR('',#8957,5.E-2);
#8959=CARTESIAN_POINT('',(2.25E-1,2.5E-1,-5.6E-1));
#8960=LINE('',#8959,#8958);
#8962=DIRECTION('',(0.E0,1.E0,0.E0));
#8963=VECTOR('',#8962,7.E-2);
#8964=CARTESIAN_POINT('',(2.25E-1,3.7E-1,-2.E-1));
#8965=LINE('',#8964,#8963);
#8967=DIRECTION('',(0.E0,0.E0,1.E0));
#8968=VECTOR('',#8967,2.8E-1);
#8969=CARTESIAN_POINT('',(7.5E-2,1.E-1,-3.E-1));
#8970=LINE('',#8969,#8968);
#8972=DIRECTION('',(0.E0,0.E0,-1.E0));
#8973=VECTOR('',#8972,5.E-2);
#8974=CARTESIAN_POINT('',(7.5E-2,2.5E-1,-5.6E-1));
#8975=LINE('',#8974,#8973);
#8977=DIRECTION('',(0.E0,1.E0,0.E0));
#8978=VECTOR('',#8977,7.E-2);
#8979=CARTESIAN_POINT('',(7.5E-2,3.7E-1,-2.E-1));
#8980=LINE('',#8979,#8978);
#8982=DIRECTION('',(0.E0,0.E0,1.E0));
#8983=VECTOR('',#8982,2.8E-1);
#8984=CARTESIAN_POINT('',(-7.5E-2,1.E-1,-3.E-1));
#8985=LINE('',#8984,#8983);
#8987=DIRECTION('',(0.E0,0.E0,-1.E0));
#8988=VECTOR('',#8987,5.E-2);
#8989=CARTESIAN_POINT('',(-7.5E-2,2.5E-1,-5.6E-1));
#8990=LINE('',#8989,#8988);
#8992=DIRECTION('',(0.E0,1.E0,0.E0));
#8993=VECTOR('',#8992,7.E-2);
#8994=CARTESIAN_POINT('',(-7.5E-2,3.7E-1,-2.E-1));
#8995=LINE('',#8994,#8993);
#8997=DIRECTION('',(0.E0,0.E0,1.E0));
#8998=VECTOR('',#8997,2.8E-1);
#8999=CARTESIAN_POINT('',(-2.25E-1,1.E-1,-3.E-1));
#9000=LINE('',#8999,#8998);
#9002=DIRECTION('',(0.E0,0.E0,-1.E0));
#9003=VECTOR('',#9002,5.E-2);
#9004=CARTESIAN_POINT('',(-2.25E-1,2.5E-1,-5.6E-1));
#9005=LINE('',#9004,#9003);
#9007=DIRECTION('',(0.E0,1.E0,0.E0));
#9008=VECTOR('',#9007,7.E-2);
#9009=CARTESIAN_POINT('',(-2.25E-1,3.7E-1,-2.E-1));
#9010=LINE('',#9009,#9008);
#9012=DIRECTION('',(0.E0,0.E0,1.E0));
#9013=VECTOR('',#9012,2.8E-1);
#9014=CARTESIAN_POINT('',(-3.75E-1,1.E-1,-3.E-1));
#9015=LINE('',#9014,#9013);
#9017=DIRECTION('',(0.E0,0.E0,-1.E0));
#9018=VECTOR('',#9017,5.E-2);
#9019=CARTESIAN_POINT('',(-3.75E-1,2.5E-1,-5.6E-1));
#9020=LINE('',#9019,#9018);
#9022=DIRECTION('',(0.E0,1.E0,0.E0));
#9023=VECTOR('',#9022,7.E-2);
#9024=CARTESIAN_POINT('',(-3.75E-1,3.7E-1,-2.E-1));
#9025=LINE('',#9024,#9023);
#9027=DIMENSIONAL_EXPONENTS(1.E0,0.E0,0.E0,0.E0,0.E0,0.E0,0.E0);
#9029=LENGTH_MEASURE_WITH_UNIT(LENGTH_MEASURE(2.54E1),#9028);
#9030=(CONVERSION_BASED_UNIT('INCH',#9029)LENGTH_UNIT()NAMED_UNIT(#9027));
#9031=DIMENSIONAL_EXPONENTS(0.E0,0.E0,0.E0,0.E0,0.E0,0.E0,0.E0);
#9033=PLANE_ANGLE_MEASURE_WITH_UNIT(PLANE_ANGLE_MEASURE(1.745329251994E-2),
#9032);
#9034=(CONVERSION_BASED_UNIT('DEGREE',#9033)NAMED_UNIT(*)PLANE_ANGLE_UNIT());
#9036=UNCERTAINTY_MEASURE_WITH_UNIT(LENGTH_MEASURE(1.206351346138E-4),#9030,
'closure',
'Maximum model space distance between geometric entities at asserted connectivities');
#9037=(GEOMETRIC_REPRESENTATION_CONTEXT(3)GLOBAL_UNCERTAINTY_ASSIGNED_CONTEXT((
#9036))GLOBAL_UNIT_ASSIGNED_CONTEXT((#9030,#9034,#9035))REPRESENTATION_CONTEXT(
'ID1','3'));
#8941=GEOMETRIC_SET('',(#8940,#8946,#8951,#8956,#8961,#8966,#8971,#8976,#8981,
#8986,#8991,#8996,#9001,#9006,#9011,#9016,#9021,#9026));
#9041=SHAPE_REPRESENTATION_RELATIONSHIP('','',#9040,#9038);
#9042=SHAPE_REPRESENTATION_RELATIONSHIP('','',#9040,#9039);
#9043=APPLICATION_CONTEXT(
'CONFIGURATION CONTROLLED 3D DESIGNS OF MECHANICAL PARTS AND ASSEMBLIES');
#9044=APPLICATION_PROTOCOL_DEFINITION('international standard',
'config_control_design',1994,#9043);
#9045=DESIGN_CONTEXT('',#9043,'design');
#9046=MECHANICAL_CONTEXT('',#9043,'mechanical');
#9047=PRODUCT('395100006','395100006','NOT SPECIFIED',(#9046));
#9048=PRODUCT_DEFINITION_FORMATION_WITH_SPECIFIED_SOURCE('9','LAST_VERSION',
#9047,.MADE.);
#9052=PRODUCT_CATEGORY('part','');
#9053=PRODUCT_RELATED_PRODUCT_CATEGORY('detail','',(#9047));
#9054=PRODUCT_CATEGORY_RELATIONSHIP('','',#9052,#9053);
#9055=SECURITY_CLASSIFICATION_LEVEL('unclassified');
#9056=SECURITY_CLASSIFICATION('','',#9055);
#9057=CC_DESIGN_SECURITY_CLASSIFICATION(#9056,(#9048));
#9058=APPROVAL_STATUS('approved');
#9059=APPROVAL(#9058,'');
#9060=CC_DESIGN_APPROVAL(#9059,(#9056,#9048,#9049));
#9061=CALENDAR_DATE(115,28,1);
#9062=COORDINATED_UNIVERSAL_TIME_OFFSET(5,30,.AHEAD.);
#9063=LOCAL_TIME(12,5,1.2E1,#9062);
#9064=DATE_AND_TIME(#9061,#9063);
#9065=APPROVAL_DATE_TIME(#9064,#9059);
#9066=DATE_TIME_ROLE('creation_date');
#9067=CC_DESIGN_DATE_AND_TIME_ASSIGNMENT(#9064,#9066,(#9049));
#9068=DATE_TIME_ROLE('classification_date');
#9069=CC_DESIGN_DATE_AND_TIME_ASSIGNMENT(#9064,#9068,(#9056));
#9070=PERSON('UNSPECIFIED','UNSPECIFIED',$,$,$,$);
#9071=ORGANIZATION('UNSPECIFIED','UNSPECIFIED','UNSPECIFIED');
#9072=PERSON_AND_ORGANIZATION(#9070,#9071);
#9073=APPROVAL_ROLE('approver');
#9074=APPROVAL_PERSON_ORGANIZATION(#9072,#9059,#9073);
#9075=PERSON_AND_ORGANIZATION_ROLE('creator');
#9076=CC_DESIGN_PERSON_AND_ORGANIZATION_ASSIGNMENT(#9072,#9075,(#9048,#9049));
#9077=PERSON_AND_ORGANIZATION_ROLE('design_supplier');
#9078=CC_DESIGN_PERSON_AND_ORGANIZATION_ASSIGNMENT(#9072,#9077,(#9048));
#9079=PERSON_AND_ORGANIZATION_ROLE('classification_officer');
#9080=CC_DESIGN_PERSON_AND_ORGANIZATION_ASSIGNMENT(#9072,#9079,(#9056));
#9081=PERSON_AND_ORGANIZATION_ROLE('design_owner');
#9082=CC_DESIGN_PERSON_AND_ORGANIZATION_ASSIGNMENT(#9072,#9081,(#9047));
#85=CIRCLE('',#84,4.E-2);
#90=CIRCLE('',#89,4.E-2);
#111=CIRCLE('',#110,4.E-2);
#116=CIRCLE('',#115,4.E-2);
#137=CIRCLE('',#136,4.E-2);
#142=CIRCLE('',#141,4.E-2);
#163=CIRCLE('',#162,4.E-2);
#168=CIRCLE('',#167,4.E-2);
#189=CIRCLE('',#188,4.E-2);
#194=CIRCLE('',#193,4.E-2);
#215=CIRCLE('',#214,4.E-2);
#220=CIRCLE('',#219,4.E-2);
#245=CIRCLE('',#244,1.E-1);
#254=CIRCLE('',#253,1.E-1);
#263=CIRCLE('',#262,1.E-1);
#272=CIRCLE('',#271,1.E-1);
#281=CIRCLE('',#280,1.E-1);
#290=CIRCLE('',#289,1.E-1);
#315=CIRCLE('',#314,4.E-2);
#324=CIRCLE('',#323,4.E-2);
#333=CIRCLE('',#332,3.25E-2);
#338=CIRCLE('',#337,3.25E-2);
#347=CIRCLE('',#346,3.25E-2);
#352=CIRCLE('',#351,3.25E-2);
#361=CIRCLE('',#360,3.25E-2);
#378=CIRCLE('',#377,3.25E-2);
#387=CIRCLE('',#386,3.25E-2);
#400=CIRCLE('',#399,3.25E-2);
#445=CIRCLE('',#444,4.E-2);
#458=CIRCLE('',#457,4.E-2);
#463=CIRCLE('',#462,3.25E-2);
#468=CIRCLE('',#467,3.25E-2);
#477=CIRCLE('',#476,3.25E-2);
#482=CIRCLE('',#481,3.25E-2);
#491=CIRCLE('',#490,3.25E-2);
#516=CIRCLE('',#515,3.25E-2);
#525=CIRCLE('',#524,3.25E-2);
#538=CIRCLE('',#537,3.25E-2);
#575=CIRCLE('',#574,4.E-2);
#588=CIRCLE('',#587,4.E-2);
#593=CIRCLE('',#592,3.25E-2);
#598=CIRCLE('',#597,3.25E-2);
#607=CIRCLE('',#606,3.25E-2);
#612=CIRCLE('',#611,3.25E-2);
#621=CIRCLE('',#620,3.25E-2);
#646=CIRCLE('',#645,3.25E-2);
#655=CIRCLE('',#654,3.25E-2);
#668=CIRCLE('',#667,3.25E-2);
#705=CIRCLE('',#704,4.E-2);
#718=CIRCLE('',#717,4.E-2);
#723=CIRCLE('',#722,3.25E-2);
#728=CIRCLE('',#727,3.25E-2);
#737=CIRCLE('',#736,3.25E-2);
#742=CIRCLE('',#741,3.25E-2);
#751=CIRCLE('',#750,3.25E-2);
#776=CIRCLE('',#775,3.25E-2);
#785=CIRCLE('',#784,3.25E-2);
#798=CIRCLE('',#797,3.25E-2);
#835=CIRCLE('',#834,4.E-2);
#848=CIRCLE('',#847,4.E-2);
#853=CIRCLE('',#852,3.25E-2);
#858=CIRCLE('',#857,3.25E-2);
#867=CIRCLE('',#866,3.25E-2);
#872=CIRCLE('',#871,3.25E-2);
#881=CIRCLE('',#880,3.25E-2);
#906=CIRCLE('',#905,3.25E-2);
#915=CIRCLE('',#914,3.25E-2);
#928=CIRCLE('',#927,3.25E-2);
#965=CIRCLE('',#964,4.E-2);
#978=CIRCLE('',#977,4.E-2);
#983=CIRCLE('',#982,3.25E-2);
#988=CIRCLE('',#987,3.25E-2);
#997=CIRCLE('',#996,3.25E-2);
#1002=CIRCLE('',#1001,3.25E-2);
#1011=CIRCLE('',#1010,3.25E-2);
#1036=CIRCLE('',#1035,3.25E-2);
#1045=CIRCLE('',#1044,3.25E-2);
#1058=CIRCLE('',#1057,3.25E-2);
#1147=CIRCLE('',#1146,1.E-1);
#1172=CIRCLE('',#1171,1.E-1);
#1181=CIRCLE('',#1180,1.E-1);
#1190=CIRCLE('',#1189,1.E-1);
#1199=CIRCLE('',#1198,1.E-1);
#1208=CIRCLE('',#1207,1.E-1);
#2037=CIRCLE('',#2036,3.E-2);
#2042=CIRCLE('',#2041,3.E-2);
#2059=CIRCLE('',#2058,3.E-2);
#2068=CIRCLE('',#2067,3.E-2);
#2073=CIRCLE('',#2072,2.25E-2);
#2082=CIRCLE('',#2081,2.25E-2);
#2091=CIRCLE('',#2090,2.25E-2);
#2096=CIRCLE('',#2095,2.25E-2);
#2229=CIRCLE('',#2228,3.E-2);
#2234=CIRCLE('',#2233,3.E-2);
#2251=CIRCLE('',#2250,3.E-2);
#2260=CIRCLE('',#2259,3.E-2);
#2265=CIRCLE('',#2264,2.25E-2);
#2274=CIRCLE('',#2273,2.25E-2);
#2283=CIRCLE('',#2282,2.25E-2);
#2288=CIRCLE('',#2287,2.25E-2);
#2421=CIRCLE('',#2420,3.E-2);
#2426=CIRCLE('',#2425,3.E-2);
#2443=CIRCLE('',#2442,3.E-2);
#2452=CIRCLE('',#2451,3.E-2);
#2457=CIRCLE('',#2456,2.25E-2);
#2466=CIRCLE('',#2465,2.25E-2);
#2475=CIRCLE('',#2474,2.25E-2);
#2480=CIRCLE('',#2479,2.25E-2);
#2613=CIRCLE('',#2612,3.E-2);
#2618=CIRCLE('',#2617,3.E-2);
#2635=CIRCLE('',#2634,3.E-2);
#2644=CIRCLE('',#2643,3.E-2);
#2649=CIRCLE('',#2648,2.25E-2);
#2658=CIRCLE('',#2657,2.25E-2);
#2667=CIRCLE('',#2666,2.25E-2);
#2672=CIRCLE('',#2671,2.25E-2);
#2805=CIRCLE('',#2804,3.E-2);
#2810=CIRCLE('',#2809,3.E-2);
#2827=CIRCLE('',#2826,3.E-2);
#2836=CIRCLE('',#2835,3.E-2);
#2841=CIRCLE('',#2840,2.25E-2);
#2850=CIRCLE('',#2849,2.25E-2);
#2859=CIRCLE('',#2858,2.25E-2);
#2864=CIRCLE('',#2863,2.25E-2);
#2997=CIRCLE('',#2996,3.E-2);
#3002=CIRCLE('',#3001,3.E-2);
#3019=CIRCLE('',#3018,3.E-2);
#3028=CIRCLE('',#3027,3.E-2);
#3033=CIRCLE('',#3032,2.25E-2);
#3042=CIRCLE('',#3041,2.25E-2);
#3051=CIRCLE('',#3050,2.25E-2);
#3056=CIRCLE('',#3055,2.25E-2);
#4110=EDGE_CURVE('',#3362,#3358,#4,.T.);
#4112=EDGE_CURVE('',#3362,#3139,#8,.T.);
#4114=EDGE_CURVE('',#3139,#3140,#12,.T.);
#4116=EDGE_CURVE('',#3140,#3142,#16,.T.);
#4118=EDGE_CURVE('',#3142,#3144,#20,.T.);
#4120=EDGE_CURVE('',#3144,#3146,#24,.T.);
#4122=EDGE_CURVE('',#3146,#3148,#28,.T.);
#4124=EDGE_CURVE('',#3148,#3150,#32,.T.);
#4126=EDGE_CURVE('',#3150,#3152,#36,.T.);
#4128=EDGE_CURVE('',#3152,#3364,#40,.T.);
#4130=EDGE_CURVE('',#3360,#3364,#44,.T.);
#4132=EDGE_CURVE('',#3358,#3360,#48,.T.);
#4142=EDGE_CURVE('',#3354,#3351,#52,.T.);
#4144=EDGE_CURVE('',#3362,#3354,#1412,.T.);
#4147=EDGE_CURVE('',#3358,#3351,#64,.T.);
#4158=EDGE_CURVE('',#3351,#3352,#56,.T.);
#4160=EDGE_CURVE('',#3352,#3356,#60,.T.);
#4162=EDGE_CURVE('',#3356,#3366,#1816,.T.);
#4164=EDGE_CURVE('',#3366,#3368,#1800,.T.);
#4166=EDGE_CURVE('',#3368,#3354,#1380,.T.);
#4178=EDGE_CURVE('',#3360,#3352,#68,.T.);
#4192=EDGE_CURVE('',#3364,#3356,#72,.T.);
#4204=EDGE_CURVE('',#3152,#3168,#76,.T.);
#4206=EDGE_CURVE('',#3168,#3308,#1248,.T.);
#4208=EDGE_CURVE('',#3308,#3310,#80,.T.);
#4210=EDGE_CURVE('',#3356,#3310,#1820,.T.);
#4220=EDGE_CURVE('',#3266,#4068,#240,.T.);
#4222=EDGE_CURVE('',#4067,#4068,#245,.T.);
#4224=EDGE_CURVE('',#4067,#3924,#249,.T.);
#4226=EDGE_CURVE('',#3923,#3924,#254,.T.);
#4228=EDGE_CURVE('',#3923,#3748,#258,.T.);
#4230=EDGE_CURVE('',#3747,#3748,#263,.T.);
#4232=EDGE_CURVE('',#3747,#3600,#267,.T.);
#4234=EDGE_CURVE('',#3599,#3600,#272,.T.);
#4236=EDGE_CURVE('',#3599,#3492,#276,.T.);
#4238=EDGE_CURVE('',#3491,#3492,#281,.T.);
#4240=EDGE_CURVE('',#3491,#3280,#285,.T.);
#4242=EDGE_CURVE('',#3278,#3280,#290,.T.);
#4244=EDGE_CURVE('',#3278,#3268,#294,.T.);
#4246=EDGE_CURVE('',#3263,#3268,#298,.T.);
#4248=EDGE_CURVE('',#3263,#3166,#302,.T.);
#4250=EDGE_CURVE('',#3166,#3168,#1252,.T.);
#4254=EDGE_CURVE('',#3150,#3259,#306,.T.);
#4256=EDGE_CURVE('',#3259,#3266,#310,.T.);
#4260=EDGE_CURVE('',#3251,#3252,#94,.T.);
#4262=EDGE_CURVE('',#3251,#3255,#98,.T.);
#4264=EDGE_CURVE('',#3255,#3256,#102,.T.);
#4266=EDGE_CURVE('',#3252,#3256,#106,.T.);
#4270=EDGE_CURVE('',#3438,#3440,#111,.T.);
#4272=EDGE_CURVE('',#3440,#3438,#116,.T.);
#4276=EDGE_CURVE('',#3450,#3452,#120,.T.);
#4278=EDGE_CURVE('',#3450,#3454,#124,.T.);
#4280=EDGE_CURVE('',#3454,#3456,#128,.T.);
#4282=EDGE_CURVE('',#3452,#3456,#132,.T.);
#4286=EDGE_CURVE('',#3546,#3548,#137,.T.);
#4288=EDGE_CURVE('',#3548,#3546,#142,.T.);
#4292=EDGE_CURVE('',#3558,#3560,#146,.T.);
#4294=EDGE_CURVE('',#3558,#3562,#150,.T.);
#4296=EDGE_CURVE('',#3562,#3564,#154,.T.);
#4298=EDGE_CURVE('',#3560,#3564,#158,.T.);
#4302=EDGE_CURVE('',#3694,#3696,#163,.T.);
#4304=EDGE_CURVE('',#3696,#3694,#168,.T.);
#4308=EDGE_CURVE('',#3706,#3708,#172,.T.);
#4310=EDGE_CURVE('',#3706,#3710,#176,.T.);
#4312=EDGE_CURVE('',#3710,#3712,#180,.T.);
#4314=EDGE_CURVE('',#3708,#3712,#184,.T.);
#4318=EDGE_CURVE('',#3870,#3872,#189,.T.);
#4320=EDGE_CURVE('',#3872,#3870,#194,.T.);
#4324=EDGE_CURVE('',#3882,#3884,#198,.T.);
#4326=EDGE_CURVE('',#3882,#3886,#202,.T.);
#4328=EDGE_CURVE('',#3886,#3888,#206,.T.);
#4330=EDGE_CURVE('',#3884,#3888,#210,.T.);
#4334=EDGE_CURVE('',#4014,#4016,#215,.T.);
#4336=EDGE_CURVE('',#4016,#4014,#220,.T.);
#4340=EDGE_CURVE('',#4026,#4028,#224,.T.);
#4342=EDGE_CURVE('',#4026,#4030,#228,.T.);
#4344=EDGE_CURVE('',#4030,#4032,#232,.T.);
#4346=EDGE_CURVE('',#4028,#4032,#236,.T.);
#4350=EDGE_CURVE('',#3239,#3240,#85,.T.);
#4352=EDGE_CURVE('',#3240,#3239,#90,.T.);
#4363=EDGE_CURVE('',#3240,#3235,#328,.T.);
#4365=EDGE_CURVE('',#3235,#3236,#315,.T.);
#4367=EDGE_CURVE('',#3239,#3236,#319,.T.);
#4379=EDGE_CURVE('',#3235,#3236,#324,.T.);
#4394=EDGE_CURVE('',#3228,#3232,#333,.T.);
#4396=EDGE_CURVE('',#3228,#3232,#338,.T.);
#4406=EDGE_CURVE('',#3326,#3320,#342,.T.);
#4408=EDGE_CURVE('',#3320,#3231,#347,.T.);
#4410=EDGE_CURVE('',#3231,#3232,#395,.T.);
#4413=EDGE_CURVE('',#3227,#3228,#391,.T.);
#4415=EDGE_CURVE('',#3227,#3324,#352,.T.);
#4417=EDGE_CURVE('',#3328,#3324,#356,.T.);
#4419=EDGE_CURVE('',#3328,#3326,#361,.T.);
#4429=EDGE_CURVE('',#3319,#3320,#365,.T.);
#4432=EDGE_CURVE('',#3326,#3330,#404,.T.);
#4434=EDGE_CURVE('',#3330,#3319,#373,.T.);
#4445=EDGE_CURVE('',#3319,#3231,#400,.T.);
#4456=EDGE_CURVE('',#3323,#3324,#369,.T.);
#4459=EDGE_CURVE('',#3227,#3323,#387,.T.);
#4470=EDGE_CURVE('',#3330,#3332,#378,.T.);
#4472=EDGE_CURVE('',#3332,#3323,#382,.T.);
#4488=EDGE_CURVE('',#3328,#3332,#408,.T.);
#4512=EDGE_CURVE('',#3244,#3252,#412,.T.);
#4514=EDGE_CURVE('',#3243,#3244,#416,.T.);
#4516=EDGE_CURVE('',#3251,#3243,#420,.T.);
#4528=EDGE_CURVE('',#3248,#3256,#436,.T.);
#4530=EDGE_CURVE('',#3244,#3248,#424,.T.);
#4541=EDGE_CURVE('',#3255,#3247,#428,.T.);
#4543=EDGE_CURVE('',#3247,#3248,#432,.T.);
#4557=EDGE_CURVE('',#3243,#3247,#440,.T.);
#4580=EDGE_CURVE('',#3438,#3435,#449,.T.);
#4582=EDGE_CURVE('',#3435,#3436,#445,.T.);
#4584=EDGE_CURVE('',#3440,#3436,#453,.T.);
#4598=EDGE_CURVE('',#3435,#3436,#458,.T.);
#4612=EDGE_CURVE('',#3428,#3432,#463,.T.);
#4614=EDGE_CURVE('',#3428,#3432,#468,.T.);
#4624=EDGE_CURVE('',#3459,#3612,#472,.T.);
#4626=EDGE_CURVE('',#3612,#3431,#477,.T.);
#4628=EDGE_CURVE('',#3431,#3432,#533,.T.);
#4631=EDGE_CURVE('',#3427,#3428,#529,.T.);
#4633=EDGE_CURVE('',#3427,#3616,#482,.T.);
#4635=EDGE_CURVE('',#3463,#3616,#486,.T.);
#4637=EDGE_CURVE('',#3463,#3459,#491,.T.);
#4647=EDGE_CURVE('',#3459,#3460,#495,.T.);
#4649=EDGE_CURVE('',#3460,#3611,#511,.T.);
#4651=EDGE_CURVE('',#3611,#3612,#503,.T.);
#4664=EDGE_CURVE('',#3463,#3464,#499,.T.);
#4666=EDGE_CURVE('',#3460,#3464,#516,.T.);
#4678=EDGE_CURVE('',#3615,#3616,#507,.T.);
#4680=EDGE_CURVE('',#3464,#3615,#520,.T.);
#4691=EDGE_CURVE('',#3611,#3431,#538,.T.);
#4704=EDGE_CURVE('',#3427,#3615,#525,.T.);
#4730=EDGE_CURVE('',#3450,#3443,#542,.T.);
#4733=EDGE_CURVE('',#3444,#3452,#546,.T.);
#4735=EDGE_CURVE('',#3443,#3444,#550,.T.);
#4746=EDGE_CURVE('',#3443,#3447,#554,.T.);
#4748=EDGE_CURVE('',#3454,#3447,#562,.T.);
#4760=EDGE_CURVE('',#3444,#3448,#558,.T.);
#4762=EDGE_CURVE('',#3447,#3448,#566,.T.);
#4775=EDGE_CURVE('',#3448,#3456,#570,.T.);
#4798=EDGE_CURVE('',#3546,#3543,#579,.T.);
#4800=EDGE_CURVE('',#3543,#3544,#575,.T.);
#4802=EDGE_CURVE('',#3548,#3544,#583,.T.);
#4816=EDGE_CURVE('',#3543,#3544,#588,.T.);
#4830=EDGE_CURVE('',#3536,#3540,#593,.T.);
#4832=EDGE_CURVE('',#3536,#3540,#598,.T.);
#4842=EDGE_CURVE('',#3567,#3632,#602,.T.);
#4844=EDGE_CURVE('',#3632,#3539,#607,.T.);
#4846=EDGE_CURVE('',#3539,#3540,#663,.T.);
#4849=EDGE_CURVE('',#3535,#3536,#659,.T.);
#4851=EDGE_CURVE('',#3535,#3636,#612,.T.);
#4853=EDGE_CURVE('',#3571,#3636,#616,.T.);
#4855=EDGE_CURVE('',#3571,#3567,#621,.T.);
#4865=EDGE_CURVE('',#3567,#3568,#625,.T.);
#4867=EDGE_CURVE('',#3568,#3631,#641,.T.);
#4869=EDGE_CURVE('',#3631,#3632,#633,.T.);
#4882=EDGE_CURVE('',#3571,#3572,#629,.T.);
#4884=EDGE_CURVE('',#3568,#3572,#646,.T.);
#4896=EDGE_CURVE('',#3635,#3636,#637,.T.);
#4898=EDGE_CURVE('',#3572,#3635,#650,.T.);
#4909=EDGE_CURVE('',#3631,#3539,#668,.T.);
#4922=EDGE_CURVE('',#3535,#3635,#655,.T.);
#4948=EDGE_CURVE('',#3558,#3551,#672,.T.);
#4951=EDGE_CURVE('',#3552,#3560,#676,.T.);
#4953=EDGE_CURVE('',#3551,#3552,#680,.T.);
#4964=EDGE_CURVE('',#3551,#3555,#684,.T.);
#4966=EDGE_CURVE('',#3562,#3555,#692,.T.);
#4978=EDGE_CURVE('',#3552,#3556,#688,.T.);
#4980=EDGE_CURVE('',#3555,#3556,#696,.T.);
#4993=EDGE_CURVE('',#3556,#3564,#700,.T.);
#5016=EDGE_CURVE('',#3694,#3691,#709,.T.);
#5018=EDGE_CURVE('',#3691,#3692,#705,.T.);
#5020=EDGE_CURVE('',#3696,#3692,#713,.T.);
#5034=EDGE_CURVE('',#3691,#3692,#718,.T.);
#5048=EDGE_CURVE('',#3684,#3688,#723,.T.);
#5050=EDGE_CURVE('',#3684,#3688,#728,.T.);
#5060=EDGE_CURVE('',#3715,#3760,#732,.T.);
#5062=EDGE_CURVE('',#3760,#3687,#737,.T.);
#5064=EDGE_CURVE('',#3687,#3688,#793,.T.);
#5067=EDGE_CURVE('',#3683,#3684,#789,.T.);
#5069=EDGE_CURVE('',#3683,#3764,#742,.T.);
#5071=EDGE_CURVE('',#3719,#3764,#746,.T.);
#5073=EDGE_CURVE('',#3719,#3715,#751,.T.);
#5083=EDGE_CURVE('',#3715,#3716,#755,.T.);
#5085=EDGE_CURVE('',#3716,#3759,#771,.T.);
#5087=EDGE_CURVE('',#3759,#3760,#763,.T.);
#5100=EDGE_CURVE('',#3719,#3720,#759,.T.);
#5102=EDGE_CURVE('',#3716,#3720,#776,.T.);
#5114=EDGE_CURVE('',#3763,#3764,#767,.T.);
#5116=EDGE_CURVE('',#3720,#3763,#780,.T.);
#5127=EDGE_CURVE('',#3759,#3687,#798,.T.);
#5140=EDGE_CURVE('',#3683,#3763,#785,.T.);
#5166=EDGE_CURVE('',#3706,#3699,#802,.T.);
#5169=EDGE_CURVE('',#3700,#3708,#806,.T.);
#5171=EDGE_CURVE('',#3699,#3700,#810,.T.);
#5182=EDGE_CURVE('',#3699,#3703,#814,.T.);
#5184=EDGE_CURVE('',#3710,#3703,#822,.T.);
#5196=EDGE_CURVE('',#3700,#3704,#818,.T.);
#5198=EDGE_CURVE('',#3703,#3704,#826,.T.);
#5211=EDGE_CURVE('',#3704,#3712,#830,.T.);
#5234=EDGE_CURVE('',#3870,#3867,#839,.T.);
#5236=EDGE_CURVE('',#3867,#3868,#835,.T.);
#5238=EDGE_CURVE('',#3872,#3868,#843,.T.);
#5252=EDGE_CURVE('',#3867,#3868,#848,.T.);
#5266=EDGE_CURVE('',#3860,#3864,#853,.T.);
#5268=EDGE_CURVE('',#3860,#3864,#858,.T.);
#5278=EDGE_CURVE('',#3891,#3936,#862,.T.);
#5280=EDGE_CURVE('',#3936,#3863,#867,.T.);
#5282=EDGE_CURVE('',#3863,#3864,#923,.T.);
#5285=EDGE_CURVE('',#3859,#3860,#919,.T.);
#5287=EDGE_CURVE('',#3859,#3940,#872,.T.);
#5289=EDGE_CURVE('',#3895,#3940,#876,.T.);
#5291=EDGE_CURVE('',#3895,#3891,#881,.T.);
#5301=EDGE_CURVE('',#3891,#3892,#885,.T.);
#5303=EDGE_CURVE('',#3892,#3935,#901,.T.);
#5305=EDGE_CURVE('',#3935,#3936,#893,.T.);
#5318=EDGE_CURVE('',#3895,#3896,#889,.T.);
#5320=EDGE_CURVE('',#3892,#3896,#906,.T.);
#5332=EDGE_CURVE('',#3939,#3940,#897,.T.);
#5334=EDGE_CURVE('',#3896,#3939,#910,.T.);
#5345=EDGE_CURVE('',#3935,#3863,#928,.T.);
#5358=EDGE_CURVE('',#3859,#3939,#915,.T.);
#5384=EDGE_CURVE('',#3882,#3875,#932,.T.);
#5387=EDGE_CURVE('',#3876,#3884,#936,.T.);
#5389=EDGE_CURVE('',#3875,#3876,#940,.T.);
#5400=EDGE_CURVE('',#3875,#3879,#944,.T.);
#5402=EDGE_CURVE('',#3886,#3879,#952,.T.);
#5414=EDGE_CURVE('',#3876,#3880,#948,.T.);
#5416=EDGE_CURVE('',#3879,#3880,#956,.T.);
#5429=EDGE_CURVE('',#3880,#3888,#960,.T.);
#5452=EDGE_CURVE('',#4014,#4011,#969,.T.);
#5454=EDGE_CURVE('',#4011,#4012,#965,.T.);
#5456=EDGE_CURVE('',#4016,#4012,#973,.T.);
#5470=EDGE_CURVE('',#4011,#4012,#978,.T.);
#5484=EDGE_CURVE('',#4004,#4008,#983,.T.);
#5486=EDGE_CURVE('',#4004,#4008,#988,.T.);
#5496=EDGE_CURVE('',#4035,#4080,#992,.T.);
#5498=EDGE_CURVE('',#4080,#4007,#997,.T.);
#5500=EDGE_CURVE('',#4007,#4008,#1053,.T.);
#5503=EDGE_CURVE('',#4003,#4004,#1049,.T.);
#5505=EDGE_CURVE('',#4003,#4084,#1002,.T.);
#5507=EDGE_CURVE('',#4039,#4084,#1006,.T.);
#5509=EDGE_CURVE('',#4039,#4035,#1011,.T.);
#5519=EDGE_CURVE('',#4035,#4036,#1015,.T.);
#5521=EDGE_CURVE('',#4036,#4079,#1031,.T.);
#5523=EDGE_CURVE('',#4079,#4080,#1023,.T.);
#5536=EDGE_CURVE('',#4039,#4040,#1019,.T.);
#5538=EDGE_CURVE('',#4036,#4040,#1036,.T.);
#5550=EDGE_CURVE('',#4083,#4084,#1027,.T.);
#5552=EDGE_CURVE('',#4040,#4083,#1040,.T.);
#5563=EDGE_CURVE('',#4079,#4007,#1058,.T.);
#5576=EDGE_CURVE('',#4003,#4083,#1045,.T.);
#5602=EDGE_CURVE('',#4026,#4019,#1062,.T.);
#5605=EDGE_CURVE('',#4020,#4028,#1066,.T.);
#5607=EDGE_CURVE('',#4019,#4020,#1070,.T.);
#5618=EDGE_CURVE('',#4019,#4023,#1074,.T.);
#5620=EDGE_CURVE('',#4030,#4023,#1082,.T.);
#5632=EDGE_CURVE('',#4020,#4024,#1078,.T.);
#5634=EDGE_CURVE('',#4023,#4024,#1086,.T.);
#5647=EDGE_CURVE('',#4024,#4032,#1090,.T.);
#5670=EDGE_CURVE('',#3278,#3275,#1094,.T.);
#5672=EDGE_CURVE('',#3275,#3272,#1167,.T.);
#5674=EDGE_CURVE('',#3268,#3272,#1232,.T.);
#5685=EDGE_CURVE('',#3619,#3491,#1098,.T.);
#5687=EDGE_CURVE('',#3619,#3276,#1176,.T.);
#5689=EDGE_CURVE('',#3276,#3280,#1102,.T.);
#5700=EDGE_CURVE('',#3639,#3599,#1106,.T.);
#5702=EDGE_CURVE('',#3639,#3620,#1185,.T.);
#5704=EDGE_CURVE('',#3620,#3492,#1110,.T.);
#5715=EDGE_CURVE('',#3767,#3747,#1114,.T.);
#5717=EDGE_CURVE('',#3767,#3640,#1194,.T.);
#5719=EDGE_CURVE('',#3640,#3600,#1118,.T.);
#5730=EDGE_CURVE('',#3943,#3923,#1122,.T.);
#5732=EDGE_CURVE('',#3943,#3768,#1203,.T.);
#5734=EDGE_CURVE('',#3768,#3748,#1126,.T.);
#5745=EDGE_CURVE('',#4087,#4067,#1130,.T.);
#5747=EDGE_CURVE('',#4087,#3944,#1212,.T.);
#5749=EDGE_CURVE('',#3944,#3924,#1134,.T.);
#5760=EDGE_CURVE('',#4088,#4068,#1138,.T.);
#5763=EDGE_CURVE('',#3266,#3270,#1142,.T.);
#5765=EDGE_CURVE('',#3270,#4088,#1151,.T.);
#5775=EDGE_CURVE('',#3275,#3276,#1172,.T.);
#5788=EDGE_CURVE('',#4087,#4088,#1147,.T.);
#5791=EDGE_CURVE('',#3260,#3270,#1155,.T.);
#5793=EDGE_CURVE('',#3148,#3260,#1220,.T.);
#5796=EDGE_CURVE('',#3146,#3162,#1159,.T.);
#5798=EDGE_CURVE('',#3162,#3164,#1260,.T.);
#5800=EDGE_CURVE('',#3264,#3164,#1228,.T.);
#5802=EDGE_CURVE('',#3272,#3264,#1163,.T.);
#5807=EDGE_CURVE('',#3619,#3620,#1181,.T.);
#5810=EDGE_CURVE('',#3639,#3640,#1190,.T.);
#5813=EDGE_CURVE('',#3767,#3768,#1199,.T.);
#5816=EDGE_CURVE('',#3943,#3944,#1208,.T.);
#5839=EDGE_CURVE('',#3259,#3260,#1216,.T.);
#5864=EDGE_CURVE('',#3263,#3264,#1224,.T.);
#5867=EDGE_CURVE('',#3164,#3166,#1256,.T.);
#5890=EDGE_CURVE('',#3303,#3304,#1236,.T.);
#5892=EDGE_CURVE('',#3304,#3306,#1240,.T.);
#5894=EDGE_CURVE('',#3306,#3308,#1244,.T.);
#5900=EDGE_CURVE('',#3160,#3162,#1264,.T.);
#5902=EDGE_CURVE('',#3158,#3160,#1268,.T.);
#5904=EDGE_CURVE('',#3156,#3158,#1272,.T.);
#5906=EDGE_CURVE('',#3155,#3156,#1276,.T.);
#5908=EDGE_CURVE('',#3303,#3155,#1280,.T.);
#5919=EDGE_CURVE('',#3303,#3316,#1408,.T.);
#5921=EDGE_CURVE('',#3316,#3300,#1836,.T.);
#5923=EDGE_CURVE('',#3304,#3300,#1844,.T.);
#5934=EDGE_CURVE('',#3368,#3291,#1384,.T.);
#5936=EDGE_CURVE('',#3291,#3292,#1388,.T.);
#5938=EDGE_CURVE('',#3292,#3294,#1392,.T.);
#5940=EDGE_CURVE('',#3296,#3294,#1396,.T.);
#5942=EDGE_CURVE('',#3296,#3314,#1400,.T.);
#5944=EDGE_CURVE('',#3314,#3316,#1404,.T.);
#5948=EDGE_CURVE('',#3139,#3155,#1876,.T.);
#5954=EDGE_CURVE('',#3771,#3772,#1300,.T.);
#5956=EDGE_CURVE('',#3784,#3771,#1304,.T.);
#5958=EDGE_CURVE('',#3778,#3784,#1308,.T.);
#5960=EDGE_CURVE('',#3772,#3778,#1312,.T.);
#5964=EDGE_CURVE('',#3787,#3788,#1316,.T.);
#5966=EDGE_CURVE('',#3800,#3787,#1320,.T.);
#5968=EDGE_CURVE('',#3794,#3800,#1324,.T.);
#5970=EDGE_CURVE('',#3788,#3794,#1328,.T.);
#5974=EDGE_CURVE('',#3803,#3804,#1332,.T.);
#5976=EDGE_CURVE('',#3816,#3803,#1336,.T.);
#5978=EDGE_CURVE('',#3810,#3816,#1340,.T.);
#5980=EDGE_CURVE('',#3804,#3810,#1344,.T.);
#5984=EDGE_CURVE('',#3947,#3948,#1348,.T.);
#5986=EDGE_CURVE('',#3960,#3947,#1352,.T.);
#5988=EDGE_CURVE('',#3954,#3960,#1356,.T.);
#5990=EDGE_CURVE('',#3948,#3954,#1360,.T.);
#5994=EDGE_CURVE('',#4091,#4092,#1364,.T.);
#5996=EDGE_CURVE('',#4104,#4091,#1368,.T.);
#5998=EDGE_CURVE('',#4098,#4104,#1372,.T.);
#6000=EDGE_CURVE('',#4092,#4098,#1376,.T.);
#6004=EDGE_CURVE('',#3371,#3372,#1284,.T.);
#6006=EDGE_CURVE('',#3384,#3371,#1288,.T.);
#6008=EDGE_CURVE('',#3378,#3384,#1292,.T.);
#6010=EDGE_CURVE('',#3372,#3378,#1296,.T.);
#6021=EDGE_CURVE('',#3376,#3372,#1416,.T.);
#6023=EDGE_CURVE('',#3375,#3376,#1448,.T.);
#6025=EDGE_CURVE('',#3375,#3371,#1444,.T.);
#6036=EDGE_CURVE('',#3380,#3378,#1420,.T.);
#6038=EDGE_CURVE('',#3376,#3380,#1456,.T.);
#6049=EDGE_CURVE('',#3380,#3382,#1428,.T.);
#6053=EDGE_CURVE('',#3382,#3384,#1424,.T.);
#6064=EDGE_CURVE('',#3382,#3171,#1432,.T.);
#6066=EDGE_CURVE('',#3171,#3172,#1464,.T.);
#6068=EDGE_CURVE('',#3380,#3172,#1460,.T.);
#6078=EDGE_CURVE('',#3382,#3375,#1436,.T.);
#6080=EDGE_CURVE('',#3375,#3176,#1440,.T.);
#6082=EDGE_CURVE('',#3176,#3171,#1468,.T.);
#6106=EDGE_CURVE('',#3376,#3174,#1452,.T.);
#6108=EDGE_CURVE('',#3174,#3176,#1472,.T.);
#6121=EDGE_CURVE('',#3172,#3174,#1476,.T.);
#6145=EDGE_CURVE('',#3776,#3772,#1480,.T.);
#6147=EDGE_CURVE('',#3775,#3776,#1512,.T.);
#6149=EDGE_CURVE('',#3775,#3771,#1508,.T.);
#6160=EDGE_CURVE('',#3780,#3778,#1484,.T.);
#6162=EDGE_CURVE('',#3776,#3780,#1520,.T.);
#6173=EDGE_CURVE('',#3780,#3782,#1492,.T.);
#6177=EDGE_CURVE('',#3782,#3784,#1488,.T.);
#6188=EDGE_CURVE('',#3782,#3387,#1496,.T.);
#6190=EDGE_CURVE('',#3387,#3388,#1528,.T.);
#6192=EDGE_CURVE('',#3780,#3388,#1524,.T.);
#6202=EDGE_CURVE('',#3782,#3775,#1500,.T.);
#6204=EDGE_CURVE('',#3775,#3392,#1504,.T.);
#6206=EDGE_CURVE('',#3392,#3387,#1532,.T.);
#6230=EDGE_CURVE('',#3776,#3390,#1516,.T.);
#6232=EDGE_CURVE('',#3390,#3392,#1536,.T.);
#6245=EDGE_CURVE('',#3388,#3390,#1540,.T.);
#6269=EDGE_CURVE('',#3792,#3788,#1544,.T.);
#6271=EDGE_CURVE('',#3791,#3792,#1576,.T.);
#6273=EDGE_CURVE('',#3791,#3787,#1572,.T.);
#6284=EDGE_CURVE('',#3796,#3794,#1548,.T.);
#6286=EDGE_CURVE('',#3792,#3796,#1584,.T.);
#6297=EDGE_CURVE('',#3796,#3798,#1556,.T.);
#6301=EDGE_CURVE('',#3798,#3800,#1552,.T.);
#6312=EDGE_CURVE('',#3798,#3495,#1560,.T.);
#6314=EDGE_CURVE('',#3495,#3496,#1592,.T.);
#6316=EDGE_CURVE('',#3796,#3496,#1588,.T.);
#6326=EDGE_CURVE('',#3798,#3791,#1564,.T.);
#6328=EDGE_CURVE('',#3791,#3500,#1568,.T.);
#6330=EDGE_CURVE('',#3500,#3495,#1596,.T.);
#6354=EDGE_CURVE('',#3792,#3498,#1580,.T.);
#6356=EDGE_CURVE('',#3498,#3500,#1600,.T.);
#6369=EDGE_CURVE('',#3496,#3498,#1604,.T.);
#6393=EDGE_CURVE('',#3808,#3804,#1608,.T.);
#6395=EDGE_CURVE('',#3807,#3808,#1640,.T.);
#6397=EDGE_CURVE('',#3807,#3803,#1636,.T.);
#6408=EDGE_CURVE('',#3812,#3810,#1612,.T.);
#6410=EDGE_CURVE('',#3808,#3812,#1648,.T.);
#6421=EDGE_CURVE('',#3812,#3814,#1620,.T.);
#6425=EDGE_CURVE('',#3814,#3816,#1616,.T.);
#6436=EDGE_CURVE('',#3814,#3643,#1624,.T.);
#6438=EDGE_CURVE('',#3643,#3644,#1656,.T.);
#6440=EDGE_CURVE('',#3812,#3644,#1652,.T.);
#6450=EDGE_CURVE('',#3814,#3807,#1628,.T.);
#6452=EDGE_CURVE('',#3807,#3648,#1632,.T.);
#6454=EDGE_CURVE('',#3648,#3643,#1660,.T.);
#6478=EDGE_CURVE('',#3808,#3646,#1644,.T.);
#6480=EDGE_CURVE('',#3646,#3648,#1664,.T.);
#6493=EDGE_CURVE('',#3644,#3646,#1668,.T.);
#6517=EDGE_CURVE('',#3952,#3948,#1672,.T.);
#6519=EDGE_CURVE('',#3951,#3952,#1704,.T.);
#6521=EDGE_CURVE('',#3951,#3947,#1700,.T.);
#6532=EDGE_CURVE('',#3956,#3954,#1676,.T.);
#6534=EDGE_CURVE('',#3952,#3956,#1712,.T.);
#6545=EDGE_CURVE('',#3956,#3958,#1684,.T.);
#6549=EDGE_CURVE('',#3958,#3960,#1680,.T.);
#6560=EDGE_CURVE('',#3958,#3819,#1688,.T.);
#6562=EDGE_CURVE('',#3819,#3820,#1720,.T.);
#6564=EDGE_CURVE('',#3956,#3820,#1716,.T.);
#6574=EDGE_CURVE('',#3958,#3951,#1692,.T.);
#6576=EDGE_CURVE('',#3951,#3824,#1696,.T.);
#6578=EDGE_CURVE('',#3824,#3819,#1724,.T.);
#6602=EDGE_CURVE('',#3952,#3822,#1708,.T.);
#6604=EDGE_CURVE('',#3822,#3824,#1728,.T.);
#6617=EDGE_CURVE('',#3820,#3822,#1732,.T.);
#6641=EDGE_CURVE('',#4096,#4092,#1736,.T.);
#6643=EDGE_CURVE('',#4095,#4096,#1768,.T.);
#6645=EDGE_CURVE('',#4095,#4091,#1764,.T.);
#6656=EDGE_CURVE('',#4100,#4098,#1740,.T.);
#6658=EDGE_CURVE('',#4096,#4100,#1776,.T.);
#6669=EDGE_CURVE('',#4100,#4102,#1748,.T.);
#6673=EDGE_CURVE('',#4102,#4104,#1744,.T.);
#6684=EDGE_CURVE('',#4102,#3963,#1752,.T.);
#6686=EDGE_CURVE('',#3963,#3964,#1784,.T.);
#6688=EDGE_CURVE('',#4100,#3964,#1780,.T.);
#6698=EDGE_CURVE('',#4102,#4095,#1756,.T.);
#6700=EDGE_CURVE('',#4095,#3968,#1760,.T.);
#6702=EDGE_CURVE('',#3968,#3963,#1788,.T.);
#6726=EDGE_CURVE('',#4096,#3966,#1772,.T.);
#6728=EDGE_CURVE('',#3966,#3968,#1792,.T.);
#6741=EDGE_CURVE('',#3964,#3966,#1796,.T.);
#6765=EDGE_CURVE('',#3366,#3312,#1804,.T.);
#6767=EDGE_CURVE('',#3312,#3314,#1808,.T.);
#6770=EDGE_CURVE('',#3296,#3288,#1812,.T.);
#6772=EDGE_CURVE('',#3288,#3283,#1864,.T.);
#6774=EDGE_CURVE('',#3291,#3283,#1856,.T.);
#6787=EDGE_CURVE('',#3310,#3312,#1824,.T.);
#6799=EDGE_CURVE('',#3299,#3310,#1828,.T.);
#6801=EDGE_CURVE('',#3299,#3300,#1832,.T.);
#6815=EDGE_CURVE('',#3306,#3299,#1840,.T.);
#6840=EDGE_CURVE('',#3294,#3286,#1848,.T.);
#6842=EDGE_CURVE('',#3286,#3288,#1868,.T.);
#6854=EDGE_CURVE('',#3292,#3284,#1852,.T.);
#6856=EDGE_CURVE('',#3284,#3286,#1872,.T.);
#6869=EDGE_CURVE('',#3283,#3284,#1860,.T.);
#6895=EDGE_CURVE('',#3140,#3156,#1880,.T.);
#6908=EDGE_CURVE('',#3142,#3158,#1884,.T.);
#6921=EDGE_CURVE('',#3144,#3160,#1888,.T.);
#6937=EDGE_CURVE('',#3187,#3188,#1892,.T.);
#6939=EDGE_CURVE('',#3188,#3192,#1896,.T.);
#6941=EDGE_CURVE('',#3191,#3192,#1900,.T.);
#6943=EDGE_CURVE('',#3187,#3191,#1904,.T.);
#6947=EDGE_CURVE('',#3402,#3404,#1908,.T.);
#6949=EDGE_CURVE('',#3404,#3408,#1912,.T.);
#6951=EDGE_CURVE('',#3406,#3408,#1916,.T.);
#6953=EDGE_CURVE('',#3402,#3406,#1920,.T.);
#6957=EDGE_CURVE('',#3510,#3512,#1924,.T.);
#6959=EDGE_CURVE('',#3512,#3516,#1928,.T.);
#6961=EDGE_CURVE('',#3514,#3516,#1932,.T.);
#6963=EDGE_CURVE('',#3510,#3514,#1936,.T.);
#6967=EDGE_CURVE('',#3658,#3660,#1940,.T.);
#6969=EDGE_CURVE('',#3660,#3664,#1944,.T.);
#6971=EDGE_CURVE('',#3662,#3664,#1948,.T.);
#6973=EDGE_CURVE('',#3658,#3662,#1952,.T.);
#6977=EDGE_CURVE('',#3834,#3836,#1956,.T.);
#6979=EDGE_CURVE('',#3836,#3840,#1960,.T.);
#6981=EDGE_CURVE('',#3838,#3840,#1964,.T.);
#6983=EDGE_CURVE('',#3834,#3838,#1968,.T.);
#6987=EDGE_CURVE('',#3978,#3980,#1972,.T.);
#6989=EDGE_CURVE('',#3980,#3984,#1976,.T.);
#6991=EDGE_CURVE('',#3982,#3984,#1980,.T.);
#6993=EDGE_CURVE('',#3978,#3982,#1984,.T.);
#7004=EDGE_CURVE('',#3187,#3179,#1988,.T.);
#7006=EDGE_CURVE('',#3179,#3180,#1992,.T.);
#7008=EDGE_CURVE('',#3180,#3188,#1996,.T.);
#7019=EDGE_CURVE('',#3191,#3183,#2008,.T.);
#7021=EDGE_CURVE('',#3179,#3183,#2032,.T.);
#7033=EDGE_CURVE('',#3184,#3192,#2000,.T.);
#7035=EDGE_CURVE('',#3183,#3184,#2004,.T.);
#7048=EDGE_CURVE('',#3180,#3184,#2012,.T.);
#7053=EDGE_CURVE('',#3195,#3196,#2016,.T.);
#7055=EDGE_CURVE('',#3195,#3199,#2020,.T.);
#7057=EDGE_CURVE('',#3199,#3200,#2024,.T.);
#7059=EDGE_CURVE('',#3196,#3200,#2028,.T.);
#7075=EDGE_CURVE('',#3215,#3216,#2037,.T.);
#7077=EDGE_CURVE('',#3216,#3215,#2042,.T.);
#7088=EDGE_CURVE('',#3204,#3216,#2050,.T.);
#7090=EDGE_CURVE('',#3210,#3204,#2068,.T.);
#7092=EDGE_CURVE('',#3210,#3215,#2046,.T.);
#7104=EDGE_CURVE('',#3210,#3204,#2059,.T.);
#7115=EDGE_CURVE('',#3203,#3204,#2054,.T.);
#7118=EDGE_CURVE('',#3209,#3210,#2063,.T.);
#7120=EDGE_CURVE('',#3209,#3203,#2082,.T.);
#7131=EDGE_CURVE('',#3209,#3203,#2073,.T.);
#7143=EDGE_CURVE('',#3206,#3203,#2077,.T.);
#7145=EDGE_CURVE('',#3212,#3206,#2096,.T.);
#7147=EDGE_CURVE('',#3212,#3209,#2086,.T.);
#7161=EDGE_CURVE('',#3212,#3206,#2091,.T.);
#7181=EDGE_CURVE('',#3196,#3218,#2100,.T.);
#7183=EDGE_CURVE('',#3220,#3218,#2104,.T.);
#7185=EDGE_CURVE('',#3220,#3195,#2108,.T.);
#7196=EDGE_CURVE('',#3200,#3222,#2120,.T.);
#7198=EDGE_CURVE('',#3222,#3346,#2112,.T.);
#7200=EDGE_CURVE('',#3346,#3348,#2148,.T.);
#7202=EDGE_CURVE('',#3340,#3348,#2132,.T.);
#7204=EDGE_CURVE('',#3338,#3340,#2172,.T.);
#7206=EDGE_CURVE('',#3338,#3218,#2116,.T.);
#7220=EDGE_CURVE('',#3224,#3199,#2124,.T.);
#7222=EDGE_CURVE('',#3224,#3222,#2128,.T.);
#7232=EDGE_CURVE('',#3343,#3335,#2136,.T.);
#7234=EDGE_CURVE('',#3343,#3344,#2140,.T.);
#7236=EDGE_CURVE('',#3224,#3344,#2160,.T.);
#7241=EDGE_CURVE('',#3336,#3220,#2156,.T.);
#7243=EDGE_CURVE('',#3335,#3336,#2164,.T.);
#7254=EDGE_CURVE('',#3348,#3343,#2144,.T.);
#7257=EDGE_CURVE('',#3340,#3335,#2176,.T.);
#7270=EDGE_CURVE('',#3344,#3346,#2152,.T.);
#7282=EDGE_CURVE('',#3336,#3338,#2168,.T.);
#7317=EDGE_CURVE('',#3402,#3395,#2180,.T.);
#7319=EDGE_CURVE('',#3395,#3396,#2184,.T.);
#7321=EDGE_CURVE('',#3396,#3404,#2188,.T.);
#7334=EDGE_CURVE('',#3406,#3399,#2192,.T.);
#7336=EDGE_CURVE('',#3395,#3399,#2224,.T.);
#7348=EDGE_CURVE('',#3400,#3408,#2196,.T.);
#7350=EDGE_CURVE('',#3399,#3400,#2200,.T.);
#7361=EDGE_CURVE('',#3396,#3400,#2204,.T.);
#7367=EDGE_CURVE('',#3603,#3604,#2208,.T.);
#7369=EDGE_CURVE('',#3603,#3607,#2212,.T.);
#7371=EDGE_CURVE('',#3607,#3608,#2216,.T.);
#7373=EDGE_CURVE('',#3604,#3608,#2220,.T.);
#7389=EDGE_CURVE('',#3422,#3424,#2229,.T.);
#7391=EDGE_CURVE('',#3424,#3422,#2234,.T.);
#7401=EDGE_CURVE('',#3412,#3422,#2238,.T.);
#7403=EDGE_CURVE('',#3418,#3412,#2260,.T.);
#7405=EDGE_CURVE('',#3418,#3424,#2242,.T.);
#7419=EDGE_CURVE('',#3418,#3412,#2251,.T.);
#7429=EDGE_CURVE('',#3411,#3412,#2246,.T.);
#7432=EDGE_CURVE('',#3417,#3418,#2255,.T.);
#7434=EDGE_CURVE('',#3417,#3411,#2274,.T.);
#7445=EDGE_CURVE('',#3417,#3411,#2265,.T.);
#7457=EDGE_CURVE('',#3414,#3411,#2269,.T.);
#7459=EDGE_CURVE('',#3420,#3414,#2288,.T.);
#7461=EDGE_CURVE('',#3420,#3417,#2278,.T.);
#7475=EDGE_CURVE('',#3420,#3414,#2283,.T.);
#7495=EDGE_CURVE('',#3482,#3486,#2292,.T.);
#7497=EDGE_CURVE('',#3482,#3603,#2296,.T.);
#7500=EDGE_CURVE('',#3604,#3486,#2300,.T.);
#7510=EDGE_CURVE('',#3468,#3482,#2304,.T.);
#7513=EDGE_CURVE('',#3470,#3486,#2324,.T.);
#7515=EDGE_CURVE('',#3468,#3470,#2360,.T.);
#7525=EDGE_CURVE('',#3484,#3476,#2308,.T.);
#7527=EDGE_CURVE('',#3476,#3478,#2352,.T.);
#7529=EDGE_CURVE('',#3488,#3478,#2320,.T.);
#7531=EDGE_CURVE('',#3484,#3488,#2328,.T.);
#7541=EDGE_CURVE('',#3475,#3467,#2316,.T.);
#7543=EDGE_CURVE('',#3475,#3476,#2340,.T.);
#7546=EDGE_CURVE('',#3484,#3607,#2336,.T.);
#7551=EDGE_CURVE('',#3467,#3468,#2356,.T.);
#7561=EDGE_CURVE('',#3472,#3480,#2312,.T.);
#7563=EDGE_CURVE('',#3480,#3475,#2344,.T.);
#7566=EDGE_CURVE('',#3472,#3467,#2368,.T.);
#7576=EDGE_CURVE('',#3608,#3488,#2332,.T.);
#7579=EDGE_CURVE('',#3478,#3480,#2348,.T.);
#7582=EDGE_CURVE('',#3470,#3472,#2364,.T.);
#7631=EDGE_CURVE('',#3510,#3503,#2372,.T.);
#7633=EDGE_CURVE('',#3503,#3504,#2376,.T.);
#7635=EDGE_CURVE('',#3504,#3512,#2380,.T.);
#7648=EDGE_CURVE('',#3514,#3507,#2384,.T.);
#7650=EDGE_CURVE('',#3503,#3507,#2416,.T.);
#7662=EDGE_CURVE('',#3508,#3516,#2388,.T.);
#7664=EDGE_CURVE('',#3507,#3508,#2392,.T.);
#7675=EDGE_CURVE('',#3504,#3508,#2396,.T.);
#7681=EDGE_CURVE('',#3623,#3624,#2400,.T.);
#7683=EDGE_CURVE('',#3623,#3627,#2404,.T.);
#7685=EDGE_CURVE('',#3627,#3628,#2408,.T.);
#7687=EDGE_CURVE('',#3624,#3628,#2412,.T.);
#7703=EDGE_CURVE('',#3530,#3532,#2421,.T.);
#7705=EDGE_CURVE('',#3532,#3530,#2426,.T.);
#7715=EDGE_CURVE('',#3520,#3530,#2430,.T.);
#7717=EDGE_CURVE('',#3526,#3520,#2452,.T.);
#7719=EDGE_CURVE('',#3526,#3532,#2434,.T.);
#7733=EDGE_CURVE('',#3526,#3520,#2443,.T.);
#7743=EDGE_CURVE('',#3519,#3520,#2438,.T.);
#7746=EDGE_CURVE('',#3525,#3526,#2447,.T.);
#7748=EDGE_CURVE('',#3525,#3519,#2466,.T.);
#7759=EDGE_CURVE('',#3525,#3519,#2457,.T.);
#7771=EDGE_CURVE('',#3522,#3519,#2461,.T.);
#7773=EDGE_CURVE('',#3528,#3522,#2480,.T.);
#7775=EDGE_CURVE('',#3528,#3525,#2470,.T.);
#7789=EDGE_CURVE('',#3528,#3522,#2475,.T.);
#7809=EDGE_CURVE('',#3590,#3594,#2484,.T.);
#7811=EDGE_CURVE('',#3590,#3623,#2488,.T.);
#7814=EDGE_CURVE('',#3624,#3594,#2492,.T.);
#7824=EDGE_CURVE('',#3576,#3590,#2496,.T.);
#7827=EDGE_CURVE('',#3578,#3594,#2516,.T.);
#7829=EDGE_CURVE('',#3576,#3578,#2552,.T.);
#7839=EDGE_CURVE('',#3592,#3584,#2500,.T.);
#7841=EDGE_CURVE('',#3584,#3586,#2544,.T.);
#7843=EDGE_CURVE('',#3596,#3586,#2512,.T.);
#7845=EDGE_CURVE('',#3592,#3596,#2520,.T.);
#7855=EDGE_CURVE('',#3583,#3575,#2508,.T.);
#7857=EDGE_CURVE('',#3583,#3584,#2532,.T.);
#7860=EDGE_CURVE('',#3592,#3627,#2528,.T.);
#7865=EDGE_CURVE('',#3575,#3576,#2548,.T.);
#7875=EDGE_CURVE('',#3580,#3588,#2504,.T.);
#7877=EDGE_CURVE('',#3588,#3583,#2536,.T.);
#7880=EDGE_CURVE('',#3580,#3575,#2560,.T.);
#7890=EDGE_CURVE('',#3628,#3596,#2524,.T.);
#7893=EDGE_CURVE('',#3586,#3588,#2540,.T.);
#7896=EDGE_CURVE('',#3578,#3580,#2556,.T.);
#7945=EDGE_CURVE('',#3658,#3651,#2564,.T.);
#7947=EDGE_CURVE('',#3651,#3652,#2568,.T.);
#7949=EDGE_CURVE('',#3652,#3660,#2572,.T.);
#7962=EDGE_CURVE('',#3662,#3655,#2576,.T.);
#7964=EDGE_CURVE('',#3651,#3655,#2608,.T.);
#7976=EDGE_CURVE('',#3656,#3664,#2580,.T.);
#7978=EDGE_CURVE('',#3655,#3656,#2584,.T.);
#7989=EDGE_CURVE('',#3652,#3656,#2588,.T.);
#7995=EDGE_CURVE('',#3751,#3752,#2592,.T.);
#7997=EDGE_CURVE('',#3751,#3755,#2596,.T.);
#7999=EDGE_CURVE('',#3755,#3756,#2600,.T.);
#8001=EDGE_CURVE('',#3752,#3756,#2604,.T.);
#8017=EDGE_CURVE('',#3678,#3680,#2613,.T.);
#8019=EDGE_CURVE('',#3680,#3678,#2618,.T.);
#8029=EDGE_CURVE('',#3668,#3678,#2622,.T.);
#8031=EDGE_CURVE('',#3674,#3668,#2644,.T.);
#8033=EDGE_CURVE('',#3674,#3680,#2626,.T.);
#8047=EDGE_CURVE('',#3674,#3668,#2635,.T.);
#8057=EDGE_CURVE('',#3667,#3668,#2630,.T.);
#8060=EDGE_CURVE('',#3673,#3674,#2639,.T.);
#8062=EDGE_CURVE('',#3673,#3667,#2658,.T.);
#8073=EDGE_CURVE('',#3673,#3667,#2649,.T.);
#8085=EDGE_CURVE('',#3670,#3667,#2653,.T.);
#8087=EDGE_CURVE('',#3676,#3670,#2672,.T.);
#8089=EDGE_CURVE('',#3676,#3673,#2662,.T.);
#8103=EDGE_CURVE('',#3676,#3670,#2667,.T.);
#8123=EDGE_CURVE('',#3738,#3742,#2676,.T.);
#8125=EDGE_CURVE('',#3738,#3751,#2680,.T.);
#8128=EDGE_CURVE('',#3752,#3742,#2684,.T.);
#8138=EDGE_CURVE('',#3724,#3738,#2688,.T.);
#8141=EDGE_CURVE('',#3726,#3742,#2708,.T.);
#8143=EDGE_CURVE('',#3724,#3726,#2744,.T.);
#8153=EDGE_CURVE('',#3740,#3732,#2692,.T.);
#8155=EDGE_CURVE('',#3732,#3734,#2736,.T.);
#8157=EDGE_CURVE('',#3744,#3734,#2704,.T.);
#8159=EDGE_CURVE('',#3740,#3744,#2712,.T.);
#8169=EDGE_CURVE('',#3731,#3723,#2700,.T.);
#8171=EDGE_CURVE('',#3731,#3732,#2724,.T.);
#8174=EDGE_CURVE('',#3740,#3755,#2720,.T.);
#8179=EDGE_CURVE('',#3723,#3724,#2740,.T.);
#8189=EDGE_CURVE('',#3728,#3736,#2696,.T.);
#8191=EDGE_CURVE('',#3736,#3731,#2728,.T.);
#8194=EDGE_CURVE('',#3728,#3723,#2752,.T.);
#8204=EDGE_CURVE('',#3756,#3744,#2716,.T.);
#8207=EDGE_CURVE('',#3734,#3736,#2732,.T.);
#8210=EDGE_CURVE('',#3726,#3728,#2748,.T.);
#8259=EDGE_CURVE('',#3834,#3827,#2756,.T.);
#8261=EDGE_CURVE('',#3827,#3828,#2760,.T.);
#8263=EDGE_CURVE('',#3828,#3836,#2764,.T.);
#8276=EDGE_CURVE('',#3838,#3831,#2768,.T.);
#8278=EDGE_CURVE('',#3827,#3831,#2800,.T.);
#8290=EDGE_CURVE('',#3832,#3840,#2772,.T.);
#8292=EDGE_CURVE('',#3831,#3832,#2776,.T.);
#8303=EDGE_CURVE('',#3828,#3832,#2780,.T.);
#8309=EDGE_CURVE('',#3927,#3928,#2784,.T.);
#8311=EDGE_CURVE('',#3927,#3931,#2788,.T.);
#8313=EDGE_CURVE('',#3931,#3932,#2792,.T.);
#8315=EDGE_CURVE('',#3928,#3932,#2796,.T.);
#8331=EDGE_CURVE('',#3854,#3856,#2805,.T.);
#8333=EDGE_CURVE('',#3856,#3854,#2810,.T.);
#8343=EDGE_CURVE('',#3844,#3854,#2814,.T.);
#8345=EDGE_CURVE('',#3850,#3844,#2836,.T.);
#8347=EDGE_CURVE('',#3850,#3856,#2818,.T.);
#8361=EDGE_CURVE('',#3850,#3844,#2827,.T.);
#8371=EDGE_CURVE('',#3843,#3844,#2822,.T.);
#8374=EDGE_CURVE('',#3849,#3850,#2831,.T.);
#8376=EDGE_CURVE('',#3849,#3843,#2850,.T.);
#8387=EDGE_CURVE('',#3849,#3843,#2841,.T.);
#8399=EDGE_CURVE('',#3846,#3843,#2845,.T.);
#8401=EDGE_CURVE('',#3852,#3846,#2864,.T.);
#8403=EDGE_CURVE('',#3852,#3849,#2854,.T.);
#8417=EDGE_CURVE('',#3852,#3846,#2859,.T.);
#8437=EDGE_CURVE('',#3914,#3918,#2868,.T.);
#8439=EDGE_CURVE('',#3914,#3927,#2872,.T.);
#8442=EDGE_CURVE('',#3928,#3918,#2876,.T.);
#8452=EDGE_CURVE('',#3900,#3914,#2880,.T.);
#8455=EDGE_CURVE('',#3902,#3918,#2900,.T.);
#8457=EDGE_CURVE('',#3900,#3902,#2936,.T.);
#8467=EDGE_CURVE('',#3916,#3908,#2884,.T.);
#8469=EDGE_CURVE('',#3908,#3910,#2928,.T.);
#8471=EDGE_CURVE('',#3920,#3910,#2896,.T.);
#8473=EDGE_CURVE('',#3916,#3920,#2904,.T.);
#8483=EDGE_CURVE('',#3907,#3899,#2892,.T.);
#8485=EDGE_CURVE('',#3907,#3908,#2916,.T.);
#8488=EDGE_CURVE('',#3916,#3931,#2912,.T.);
#8493=EDGE_CURVE('',#3899,#3900,#2932,.T.);
#8503=EDGE_CURVE('',#3904,#3912,#2888,.T.);
#8505=EDGE_CURVE('',#3912,#3907,#2920,.T.);
#8508=EDGE_CURVE('',#3904,#3899,#2944,.T.);
#8518=EDGE_CURVE('',#3932,#3920,#2908,.T.);
#8521=EDGE_CURVE('',#3910,#3912,#2924,.T.);
#8524=EDGE_CURVE('',#3902,#3904,#2940,.T.);
#8573=EDGE_CURVE('',#3978,#3971,#2948,.T.);
#8575=EDGE_CURVE('',#3971,#3972,#2952,.T.);
#8577=EDGE_CURVE('',#3972,#3980,#2956,.T.);
#8590=EDGE_CURVE('',#3982,#3975,#2960,.T.);
#8592=EDGE_CURVE('',#3971,#3975,#2992,.T.);
#8604=EDGE_CURVE('',#3976,#3984,#2964,.T.);
#8606=EDGE_CURVE('',#3975,#3976,#2968,.T.);
#8617=EDGE_CURVE('',#3972,#3976,#2972,.T.);
#8623=EDGE_CURVE('',#4071,#4072,#2976,.T.);
#8625=EDGE_CURVE('',#4071,#4075,#2980,.T.);
#8627=EDGE_CURVE('',#4075,#4076,#2984,.T.);
#8629=EDGE_CURVE('',#4072,#4076,#2988,.T.);
#8645=EDGE_CURVE('',#3998,#4000,#2997,.T.);
#8647=EDGE_CURVE('',#4000,#3998,#3002,.T.);
#8657=EDGE_CURVE('',#3988,#3998,#3006,.T.);
#8659=EDGE_CURVE('',#3994,#3988,#3028,.T.);
#8661=EDGE_CURVE('',#3994,#4000,#3010,.T.);
#8675=EDGE_CURVE('',#3994,#3988,#3019,.T.);
#8685=EDGE_CURVE('',#3987,#3988,#3014,.T.);
#8688=EDGE_CURVE('',#3993,#3994,#3023,.T.);
#8690=EDGE_CURVE('',#3993,#3987,#3042,.T.);
#8701=EDGE_CURVE('',#3993,#3987,#3033,.T.);
#8713=EDGE_CURVE('',#3990,#3987,#3037,.T.);
#8715=EDGE_CURVE('',#3996,#3990,#3056,.T.);
#8717=EDGE_CURVE('',#3996,#3993,#3046,.T.);
#8731=EDGE_CURVE('',#3996,#3990,#3051,.T.);
#8751=EDGE_CURVE('',#4058,#4062,#3060,.T.);
#8753=EDGE_CURVE('',#4058,#4071,#3064,.T.);
#8756=EDGE_CURVE('',#4072,#4062,#3068,.T.);
#8766=EDGE_CURVE('',#4044,#4058,#3072,.T.);
#8769=EDGE_CURVE('',#4046,#4062,#3092,.T.);
#8771=EDGE_CURVE('',#4044,#4046,#3128,.T.);
#8781=EDGE_CURVE('',#4060,#4052,#3076,.T.);
#8783=EDGE_CURVE('',#4052,#4054,#3120,.T.);
#8785=EDGE_CURVE('',#4064,#4054,#3088,.T.);
#8787=EDGE_CURVE('',#4060,#4064,#3096,.T.);
#8797=EDGE_CURVE('',#4051,#4043,#3084,.T.);
#8799=EDGE_CURVE('',#4051,#4052,#3108,.T.);
#8802=EDGE_CURVE('',#4060,#4075,#3104,.T.);
#8807=EDGE_CURVE('',#4043,#4044,#3124,.T.);
#8817=EDGE_CURVE('',#4048,#4056,#3080,.T.);
#8819=EDGE_CURVE('',#4056,#4051,#3112,.T.);
#8822=EDGE_CURVE('',#4048,#4043,#3136,.T.);
#8832=EDGE_CURVE('',#4076,#4064,#3100,.T.);
#8835=EDGE_CURVE('',#4054,#4056,#3116,.T.);
#8838=EDGE_CURVE('',#4046,#4048,#3132,.T.);
#8940=TRIMMED_CURVE('A_60',#8939,(PARAMETER_VALUE(0.E0)),(PARAMETER_VALUE
(1.E0)),.T.,.UNSPECIFIED.);
#8946=TRIMMED_CURVE('A_40',#8945,(PARAMETER_VALUE(0.E0)),(PARAMETER_VALUE
(1.E0)),.T.,.UNSPECIFIED.);
#8951=TRIMMED_CURVE('A_42',#8950,(PARAMETER_VALUE(0.E0)),(PARAMETER_VALUE
(1.E0)),.T.,.UNSPECIFIED.);
#8956=TRIMMED_CURVE('A_70',#8955,(PARAMETER_VALUE(0.E0)),(PARAMETER_VALUE
(1.E0)),.T.,.UNSPECIFIED.);
#8961=TRIMMED_CURVE('A_71',#8960,(PARAMETER_VALUE(0.E0)),(PARAMETER_VALUE
(1.E0)),.T.,.UNSPECIFIED.);
#8966=TRIMMED_CURVE('A_72',#8965,(PARAMETER_VALUE(0.E0)),(PARAMETER_VALUE
(1.E0)),.T.,.UNSPECIFIED.);
#8971=TRIMMED_CURVE('A_73',#8970,(PARAMETER_VALUE(0.E0)),(PARAMETER_VALUE
(1.E0)),.T.,.UNSPECIFIED.);
#8976=TRIMMED_CURVE('A_74',#8975,(PARAMETER_VALUE(0.E0)),(PARAMETER_VALUE
(1.E0)),.T.,.UNSPECIFIED.);
#8981=TRIMMED_CURVE('A_75',#8980,(PARAMETER_VALUE(0.E0)),(PARAMETER_VALUE
(1.E0)),.T.,.UNSPECIFIED.);
#8986=TRIMMED_CURVE('A_76',#8985,(PARAMETER_VALUE(0.E0)),(PARAMETER_VALUE
(1.E0)),.T.,.UNSPECIFIED.);
#8991=TRIMMED_CURVE('A_77',#8990,(PARAMETER_VALUE(0.E0)),(PARAMETER_VALUE
(1.E0)),.T.,.UNSPECIFIED.);
#8996=TRIMMED_CURVE('A_78',#8995,(PARAMETER_VALUE(0.E0)),(PARAMETER_VALUE
(1.E0)),.T.,.UNSPECIFIED.);
#9001=TRIMMED_CURVE('A_79',#9000,(PARAMETER_VALUE(0.E0)),(PARAMETER_VALUE
(1.E0)),.T.,.UNSPECIFIED.);
#9006=TRIMMED_CURVE('A_80',#9005,(PARAMETER_VALUE(0.E0)),(PARAMETER_VALUE
(1.E0)),.T.,.UNSPECIFIED.);
#9011=TRIMMED_CURVE('A_81',#9010,(PARAMETER_VALUE(0.E0)),(PARAMETER_VALUE
(1.E0)),.T.,.UNSPECIFIED.);
#9016=TRIMMED_CURVE('A_82',#9015,(PARAMETER_VALUE(0.E0)),(PARAMETER_VALUE
(1.E0)),.T.,.UNSPECIFIED.);
#9021=TRIMMED_CURVE('A_83',#9020,(PARAMETER_VALUE(0.E0)),(PARAMETER_VALUE
(1.E0)),.T.,.UNSPECIFIED.);
#9026=TRIMMED_CURVE('A_84',#9025,(PARAMETER_VALUE(0.E0)),(PARAMETER_VALUE
(1.E0)),.T.,.UNSPECIFIED.);
#9028=(LENGTH_UNIT()NAMED_UNIT(*)SI_UNIT(.MILLI.,.METRE.));
#9032=(NAMED_UNIT(*)PLANE_ANGLE_UNIT()SI_UNIT($,.RADIAN.));
#9035=(NAMED_UNIT(*)SI_UNIT($,.STERADIAN.)SOLID_ANGLE_UNIT());
#9038=ADVANCED_BREP_SHAPE_REPRESENTATION('',(#8931),#9037);
#9039=GEOMETRICALLY_BOUNDED_SURFACE_SHAPE_REPRESENTATION('',(#8941),#9037);
#9040=SHAPE_REPRESENTATION('',(#8935),#9037);
#9049=PRODUCT_DEFINITION('design','',#9048,#9045);
#9050=PRODUCT_DEFINITION_SHAPE('','SHAPE FOR 395100006.',#9049);
#9051=SHAPE_DEFINITION_REPRESENTATION(#9050,#9040);
ENDSEC;
END-ISO-10303-21;
