ISO-10303-21;
HEADER;
FILE_DESCRIPTION( ( 'Unknown' ), '1' );
FILE_NAME( 'C:/Documents and Settings/qlaidebeur/Bureau/Parts recr\X2\00E900E9\X0\s/691/6913114001xx/691311400106.stp', 'Unknown', ( 'Unknown' ), ( 'Unknown' ), 'PSStep 14.0', 'Unknown', '  ' );
FILE_SCHEMA( ( 'AUTOMOTIVE_DESIGN { 1 0 10303 214 1 1 1 1 }' ) );
ENDSEC;
DATA;
#1 = PRODUCT_DEFINITION_CONTEXT( '', #23, 'design' );
#2 = APPLICATION_PROTOCOL_DEFINITION( 'international standard', 'automotive_design', 2001, #23 );
#3 = PRODUCT_CATEGORY_RELATIONSHIP( 'NONE', 'NONE', #24, #25 );
#4 = SHAPE_DEFINITION_REPRESENTATION( #26, #27 );
#5 = PRODUCT_CATEGORY_RELATIONSHIP( 'NONE', 'NONE', #24, #28 );
#6 = CONTEXT_DEPENDENT_SHAPE_REPRESENTATION( #29, #30 );
#7 = SHAPE_DEFINITION_REPRESENTATION( #31, #32 );
#8 = SHAPE_REPRESENTATION_RELATIONSHIP( 'NONE', 'NONE', #32, #33 );
#9 = CONTEXT_DEPENDENT_SHAPE_REPRESENTATION( #34, #35 );
#10 = CONTEXT_DEPENDENT_SHAPE_REPRESENTATION( #36, #37 );
#11 = CONTEXT_DEPENDENT_SHAPE_REPRESENTATION( #38, #39 );
#12 = CONTEXT_DEPENDENT_SHAPE_REPRESENTATION( #40, #41 );
#13 = CONTEXT_DEPENDENT_SHAPE_REPRESENTATION( #42, #43 );
#14 = PRODUCT_CATEGORY_RELATIONSHIP( 'NONE', 'NONE', #24, #44 );
#15 = CONTEXT_DEPENDENT_SHAPE_REPRESENTATION( #45, #46 );
#16 = SHAPE_DEFINITION_REPRESENTATION( #47, #48 );
#17 = SHAPE_REPRESENTATION_RELATIONSHIP( 'NONE', 'NONE', #48, #49 );
#18 = MECHANICAL_DESIGN_GEOMETRIC_PRESENTATION_REPRESENTATION( ' ', ( #50, #51, #52, #53, #54, #55, #56, #57, #58, #59, #60, #61, #62, #63, #64, #65, #66, #67, #68, #69, #70, #71, #72, #73, #74, #75, #76, #77, #78, #79, #80, #81, #82, #83, #84, #85, #86, #87, #88, #89, #90, #91, #92, #93, #94, #95, #96, #97, #98, #99, #100, #101, #102, #103, #104, #105, #106, #107, #108, #109, #110, #111, #112, #113, #114, #115, #116, #117, #118, #119, #120, #121, #122, #123, #124, #125, #126, #127, #128, #129, #130, #131, #132, #133, #134, #135, #136, #137, #138, #139, #140, #141, #142, #143, #144, #145, #146, #147, #148, #149, #150, #151, #152, #153, #154, #155, #156, #157, #158, #159, #160, #161, #162, #163, #164, #165, #166, #167, #168, #169, #170, #171, #172, #173, #174, #175, #176, #177, #178, #179, #180, #181, #182, #183, #184, #185, #186, #187, #188, #189, #190, #191, #192, #193, #194, #195, #196, #197, #198, #199, #200, #201, #202, #203, #204, #205, #206, #207, #208, #209, #210, #211, #212, #213, #214, #215, #216, #217, #218, #219, #220, #221, #222, #223, #224, #225, #226, #227, #228, #229, #230, #231, #232, #233, #234, #235, #236, #237, #238, #239, #240, #241, #242, #243, #244, #245, #246, #247, #248, #249, #250, #251, #252, #253, #254, #255, #256, #257, #258, #259, #260, #261, #262, #263, #264, #265, #266, #267, #268, #269, #270, #271, #272, #273, #274, #275, #276, #277, #278 ), #19 );
#19 =  ( GEOMETRIC_REPRESENTATION_CONTEXT( 3 )GLOBAL_UNCERTAINTY_ASSIGNED_CONTEXT( ( #281 ) )GLOBAL_UNIT_ASSIGNED_CONTEXT( ( #283, #284, #285 ) )REPRESENTATION_CONTEXT( 'NONE', 'WORKSPACE' ) );
#23 = APPLICATION_CONTEXT( 'core data for automotive mechanical design processes' );
#24 = PRODUCT_CATEGORY( 'part', 'NONE' );
#25 = PRODUCT_RELATED_PRODUCT_CATEGORY( 'detail', ' ', ( #287 ) );
#26 = PRODUCT_DEFINITION_SHAPE( 'NONE', 'NONE', #288 );
#27 = SHAPE_REPRESENTATION( 'Assem1', ( #289, #290, #291, #292, #293, #294, #295, #296 ), #297 );
#28 = PRODUCT_RELATED_PRODUCT_CATEGORY( 'detail', ' ', ( #298 ) );
#29 = ( REPRESENTATION_RELATIONSHIP( '', '', #32, #27 )REPRESENTATION_RELATIONSHIP_WITH_TRANSFORMATION( #301 )SHAPE_REPRESENTATION_RELATIONSHIP(  ) );
#30 = PRODUCT_DEFINITION_SHAPE( 'NAUO-PROD-DEF', 'NAUO-PROD-DEF', #303 );
#31 = PRODUCT_DEFINITION_SHAPE( 'NONE', 'NONE', #304 );
#32 = SHAPE_REPRESENTATION( '6913114001xx_PIN', ( #289 ), #297 );
#33 = ADVANCED_BREP_SHAPE_REPRESENTATION( '6913114001xx_PIN', ( #305 ), #19 );
#34 = ( REPRESENTATION_RELATIONSHIP( '', '', #32, #27 )REPRESENTATION_RELATIONSHIP_WITH_TRANSFORMATION( #308 )SHAPE_REPRESENTATION_RELATIONSHIP(  ) );
#35 = PRODUCT_DEFINITION_SHAPE( 'NAUO-PROD-DEF', 'NAUO-PROD-DEF', #310 );
#36 = ( REPRESENTATION_RELATIONSHIP( '', '', #32, #27 )REPRESENTATION_RELATIONSHIP_WITH_TRANSFORMATION( #313 )SHAPE_REPRESENTATION_RELATIONSHIP(  ) );
#37 = PRODUCT_DEFINITION_SHAPE( 'NAUO-PROD-DEF', 'NAUO-PROD-DEF', #315 );
#38 = ( REPRESENTATION_RELATIONSHIP( '', '', #32, #27 )REPRESENTATION_RELATIONSHIP_WITH_TRANSFORMATION( #318 )SHAPE_REPRESENTATION_RELATIONSHIP(  ) );
#39 = PRODUCT_DEFINITION_SHAPE( 'NAUO-PROD-DEF', 'NAUO-PROD-DEF', #320 );
#40 = ( REPRESENTATION_RELATIONSHIP( '', '', #32, #27 )REPRESENTATION_RELATIONSHIP_WITH_TRANSFORMATION( #323 )SHAPE_REPRESENTATION_RELATIONSHIP(  ) );
#41 = PRODUCT_DEFINITION_SHAPE( 'NAUO-PROD-DEF', 'NAUO-PROD-DEF', #325 );
#42 = ( REPRESENTATION_RELATIONSHIP( '', '', #32, #27 )REPRESENTATION_RELATIONSHIP_WITH_TRANSFORMATION( #328 )SHAPE_REPRESENTATION_RELATIONSHIP(  ) );
#43 = PRODUCT_DEFINITION_SHAPE( 'NAUO-PROD-DEF', 'NAUO-PROD-DEF', #330 );
#44 = PRODUCT_RELATED_PRODUCT_CATEGORY( 'detail', ' ', ( #331 ) );
#45 = ( REPRESENTATION_RELATIONSHIP( '', '', #48, #27 )REPRESENTATION_RELATIONSHIP_WITH_TRANSFORMATION( #334 )SHAPE_REPRESENTATION_RELATIONSHIP(  ) );
#46 = PRODUCT_DEFINITION_SHAPE( 'NAUO-PROD-DEF', 'NAUO-PROD-DEF', #336 );
#47 = PRODUCT_DEFINITION_SHAPE( 'NONE', 'NONE', #337 );
#48 = SHAPE_REPRESENTATION( '691318400006', ( #289 ), #297 );
#49 = ADVANCED_BREP_SHAPE_REPRESENTATION( '691318400006', ( #338 ), #19 );
#50 = STYLED_ITEM( '', ( #339 ), #340 );
#51 = STYLED_ITEM( '', ( #341 ), #342 );
#52 = STYLED_ITEM( '', ( #343 ), #344 );
#53 = STYLED_ITEM( '', ( #345 ), #346 );
#54 = STYLED_ITEM( '', ( #347 ), #348 );
#55 = STYLED_ITEM( '', ( #349 ), #350 );
#56 = STYLED_ITEM( '', ( #351 ), #352 );
#57 = STYLED_ITEM( '', ( #353 ), #354 );
#58 = STYLED_ITEM( '', ( #355 ), #356 );
#59 = STYLED_ITEM( '', ( #357 ), #358 );
#60 = STYLED_ITEM( '', ( #359 ), #360 );
#61 = STYLED_ITEM( '', ( #361 ), #362 );
#62 = STYLED_ITEM( '', ( #363 ), #364 );
#63 = STYLED_ITEM( '', ( #365 ), #366 );
#64 = STYLED_ITEM( '', ( #367 ), #368 );
#65 = STYLED_ITEM( '', ( #369 ), #370 );
#66 = STYLED_ITEM( '', ( #371 ), #372 );
#67 = STYLED_ITEM( '', ( #373 ), #374 );
#68 = STYLED_ITEM( '', ( #375 ), #376 );
#69 = STYLED_ITEM( '', ( #377 ), #378 );
#70 = STYLED_ITEM( '', ( #379 ), #380 );
#71 = STYLED_ITEM( '', ( #381 ), #382 );
#72 = STYLED_ITEM( '', ( #383 ), #384 );
#73 = STYLED_ITEM( '', ( #385 ), #386 );
#74 = STYLED_ITEM( '', ( #387 ), #388 );
#75 = STYLED_ITEM( '', ( #389 ), #390 );
#76 = STYLED_ITEM( '', ( #391 ), #392 );
#77 = STYLED_ITEM( '', ( #393 ), #394 );
#78 = STYLED_ITEM( '', ( #395 ), #396 );
#79 = STYLED_ITEM( '', ( #397 ), #398 );
#80 = STYLED_ITEM( '', ( #399 ), #400 );
#81 = STYLED_ITEM( '', ( #401 ), #402 );
#82 = STYLED_ITEM( '', ( #403 ), #404 );
#83 = STYLED_ITEM( '', ( #405 ), #406 );
#84 = STYLED_ITEM( '', ( #407 ), #408 );
#85 = STYLED_ITEM( '', ( #409 ), #410 );
#86 = STYLED_ITEM( '', ( #411 ), #412 );
#87 = STYLED_ITEM( '', ( #413 ), #414 );
#88 = STYLED_ITEM( '', ( #415 ), #416 );
#89 = STYLED_ITEM( '', ( #417 ), #418 );
#90 = STYLED_ITEM( '', ( #419 ), #420 );
#91 = STYLED_ITEM( '', ( #421 ), #422 );
#92 = STYLED_ITEM( '', ( #423 ), #424 );
#93 = STYLED_ITEM( '', ( #425 ), #426 );
#94 = STYLED_ITEM( '', ( #427 ), #428 );
#95 = STYLED_ITEM( '', ( #429 ), #430 );
#96 = STYLED_ITEM( '', ( #431 ), #432 );
#97 = STYLED_ITEM( '', ( #433 ), #434 );
#98 = STYLED_ITEM( '', ( #435 ), #436 );
#99 = STYLED_ITEM( '', ( #437 ), #438 );
#100 = STYLED_ITEM( '', ( #439 ), #440 );
#101 = STYLED_ITEM( '', ( #441 ), #442 );
#102 = STYLED_ITEM( '', ( #443 ), #444 );
#103 = STYLED_ITEM( '', ( #445 ), #446 );
#104 = STYLED_ITEM( '', ( #447 ), #448 );
#105 = STYLED_ITEM( '', ( #449 ), #450 );
#106 = STYLED_ITEM( '', ( #451 ), #452 );
#107 = STYLED_ITEM( '', ( #453 ), #454 );
#108 = STYLED_ITEM( '', ( #455 ), #456 );
#109 = STYLED_ITEM( '', ( #457 ), #458 );
#110 = STYLED_ITEM( '', ( #459 ), #460 );
#111 = STYLED_ITEM( '', ( #461 ), #462 );
#112 = STYLED_ITEM( '', ( #463 ), #464 );
#113 = STYLED_ITEM( '', ( #465 ), #466 );
#114 = STYLED_ITEM( '', ( #467 ), #468 );
#115 = STYLED_ITEM( '', ( #469 ), #470 );
#116 = STYLED_ITEM( '', ( #471 ), #472 );
#117 = STYLED_ITEM( '', ( #473 ), #474 );
#118 = STYLED_ITEM( '', ( #475 ), #476 );
#119 = STYLED_ITEM( '', ( #477 ), #478 );
#120 = STYLED_ITEM( '', ( #479 ), #480 );
#121 = STYLED_ITEM( '', ( #481 ), #482 );
#122 = STYLED_ITEM( '', ( #483 ), #484 );
#123 = STYLED_ITEM( '', ( #485 ), #486 );
#124 = STYLED_ITEM( '', ( #487 ), #488 );
#125 = STYLED_ITEM( '', ( #489 ), #490 );
#126 = STYLED_ITEM( '', ( #491 ), #492 );
#127 = STYLED_ITEM( '', ( #493 ), #494 );
#128 = STYLED_ITEM( '', ( #495 ), #496 );
#129 = STYLED_ITEM( '', ( #497 ), #498 );
#130 = STYLED_ITEM( '', ( #499 ), #500 );
#131 = STYLED_ITEM( '', ( #501 ), #502 );
#132 = STYLED_ITEM( '', ( #503 ), #504 );
#133 = STYLED_ITEM( '', ( #505 ), #506 );
#134 = STYLED_ITEM( '', ( #507 ), #508 );
#135 = STYLED_ITEM( '', ( #509 ), #510 );
#136 = STYLED_ITEM( '', ( #511 ), #512 );
#137 = STYLED_ITEM( '', ( #513 ), #514 );
#138 = STYLED_ITEM( '', ( #515 ), #516 );
#139 = STYLED_ITEM( '', ( #517 ), #518 );
#140 = STYLED_ITEM( '', ( #519 ), #520 );
#141 = STYLED_ITEM( '', ( #521 ), #522 );
#142 = STYLED_ITEM( '', ( #523 ), #524 );
#143 = STYLED_ITEM( '', ( #525 ), #526 );
#144 = STYLED_ITEM( '', ( #527 ), #528 );
#145 = STYLED_ITEM( '', ( #529 ), #530 );
#146 = STYLED_ITEM( '', ( #531 ), #532 );
#147 = STYLED_ITEM( '', ( #533 ), #534 );
#148 = STYLED_ITEM( '', ( #535 ), #536 );
#149 = STYLED_ITEM( '', ( #537 ), #538 );
#150 = STYLED_ITEM( '', ( #539 ), #540 );
#151 = STYLED_ITEM( '', ( #541 ), #542 );
#152 = STYLED_ITEM( '', ( #543 ), #544 );
#153 = STYLED_ITEM( '', ( #545 ), #546 );
#154 = STYLED_ITEM( '', ( #547 ), #548 );
#155 = STYLED_ITEM( '', ( #549 ), #550 );
#156 = STYLED_ITEM( '', ( #551 ), #552 );
#157 = STYLED_ITEM( '', ( #553 ), #554 );
#158 = STYLED_ITEM( '', ( #555 ), #556 );
#159 = STYLED_ITEM( '', ( #557 ), #558 );
#160 = STYLED_ITEM( '', ( #559 ), #560 );
#161 = STYLED_ITEM( '', ( #561 ), #562 );
#162 = STYLED_ITEM( '', ( #563 ), #564 );
#163 = STYLED_ITEM( '', ( #565 ), #566 );
#164 = STYLED_ITEM( '', ( #567 ), #568 );
#165 = STYLED_ITEM( '', ( #569 ), #570 );
#166 = STYLED_ITEM( '', ( #571 ), #572 );
#167 = STYLED_ITEM( '', ( #573 ), #574 );
#168 = STYLED_ITEM( '', ( #575 ), #576 );
#169 = STYLED_ITEM( '', ( #577 ), #578 );
#170 = STYLED_ITEM( '', ( #579 ), #580 );
#171 = STYLED_ITEM( '', ( #581 ), #582 );
#172 = STYLED_ITEM( '', ( #583 ), #584 );
#173 = STYLED_ITEM( '', ( #585 ), #586 );
#174 = STYLED_ITEM( '', ( #587 ), #588 );
#175 = STYLED_ITEM( '', ( #589 ), #590 );
#176 = STYLED_ITEM( '', ( #591 ), #592 );
#177 = STYLED_ITEM( '', ( #593 ), #594 );
#178 = STYLED_ITEM( '', ( #595 ), #596 );
#179 = STYLED_ITEM( '', ( #597 ), #598 );
#180 = STYLED_ITEM( '', ( #599 ), #600 );
#181 = STYLED_ITEM( '', ( #601 ), #602 );
#182 = STYLED_ITEM( '', ( #603 ), #604 );
#183 = STYLED_ITEM( '', ( #605 ), #606 );
#184 = STYLED_ITEM( '', ( #607 ), #608 );
#185 = STYLED_ITEM( '', ( #609 ), #610 );
#186 = STYLED_ITEM( '', ( #611 ), #612 );
#187 = STYLED_ITEM( '', ( #613 ), #614 );
#188 = STYLED_ITEM( '', ( #615 ), #616 );
#189 = STYLED_ITEM( '', ( #617 ), #618 );
#190 = STYLED_ITEM( '', ( #619 ), #620 );
#191 = STYLED_ITEM( '', ( #621 ), #622 );
#192 = STYLED_ITEM( '', ( #623 ), #624 );
#193 = STYLED_ITEM( '', ( #625 ), #626 );
#194 = STYLED_ITEM( '', ( #627 ), #628 );
#195 = STYLED_ITEM( '', ( #629 ), #630 );
#196 = STYLED_ITEM( '', ( #631 ), #632 );
#197 = STYLED_ITEM( '', ( #633 ), #634 );
#198 = STYLED_ITEM( '', ( #635 ), #636 );
#199 = STYLED_ITEM( '', ( #637 ), #638 );
#200 = STYLED_ITEM( '', ( #639 ), #640 );
#201 = STYLED_ITEM( '', ( #641 ), #642 );
#202 = STYLED_ITEM( '', ( #643 ), #644 );
#203 = STYLED_ITEM( '', ( #645 ), #646 );
#204 = STYLED_ITEM( '', ( #647 ), #648 );
#205 = STYLED_ITEM( '', ( #649 ), #650 );
#206 = STYLED_ITEM( '', ( #651 ), #652 );
#207 = STYLED_ITEM( '', ( #653 ), #654 );
#208 = STYLED_ITEM( '', ( #655 ), #656 );
#209 = STYLED_ITEM( '', ( #657 ), #658 );
#210 = STYLED_ITEM( '', ( #659 ), #660 );
#211 = STYLED_ITEM( '', ( #661 ), #662 );
#212 = STYLED_ITEM( '', ( #663 ), #664 );
#213 = STYLED_ITEM( '', ( #665 ), #666 );
#214 = STYLED_ITEM( '', ( #667 ), #668 );
#215 = STYLED_ITEM( '', ( #669 ), #670 );
#216 = STYLED_ITEM( '', ( #671 ), #672 );
#217 = STYLED_ITEM( '', ( #673 ), #674 );
#218 = STYLED_ITEM( '', ( #675 ), #676 );
#219 = STYLED_ITEM( '', ( #677 ), #678 );
#220 = STYLED_ITEM( '', ( #679 ), #680 );
#221 = STYLED_ITEM( '', ( #681 ), #682 );
#222 = STYLED_ITEM( '', ( #683 ), #684 );
#223 = STYLED_ITEM( '', ( #685 ), #686 );
#224 = STYLED_ITEM( '', ( #687 ), #688 );
#225 = STYLED_ITEM( '', ( #689 ), #690 );
#226 = STYLED_ITEM( '', ( #691 ), #692 );
#227 = STYLED_ITEM( '', ( #693 ), #694 );
#228 = STYLED_ITEM( '', ( #695 ), #696 );
#229 = STYLED_ITEM( '', ( #697 ), #698 );
#230 = STYLED_ITEM( '', ( #699 ), #700 );
#231 = STYLED_ITEM( '', ( #701 ), #702 );
#232 = STYLED_ITEM( '', ( #703 ), #704 );
#233 = STYLED_ITEM( '', ( #705 ), #706 );
#234 = STYLED_ITEM( '', ( #707 ), #708 );
#235 = STYLED_ITEM( '', ( #709 ), #710 );
#236 = STYLED_ITEM( '', ( #711 ), #712 );
#237 = STYLED_ITEM( '', ( #713 ), #714 );
#238 = STYLED_ITEM( '', ( #715 ), #716 );
#239 = STYLED_ITEM( '', ( #717 ), #718 );
#240 = STYLED_ITEM( '', ( #719 ), #720 );
#241 = STYLED_ITEM( '', ( #721 ), #722 );
#242 = STYLED_ITEM( '', ( #723 ), #724 );
#243 = STYLED_ITEM( '', ( #725 ), #726 );
#244 = STYLED_ITEM( '', ( #727 ), #728 );
#245 = STYLED_ITEM( '', ( #729 ), #730 );
#246 = STYLED_ITEM( '', ( #731 ), #732 );
#247 = STYLED_ITEM( '', ( #733 ), #734 );
#248 = STYLED_ITEM( '', ( #735 ), #736 );
#249 = STYLED_ITEM( '', ( #737 ), #738 );
#250 = STYLED_ITEM( '', ( #739 ), #740 );
#251 = STYLED_ITEM( '', ( #741 ), #742 );
#252 = STYLED_ITEM( '', ( #743 ), #744 );
#253 = STYLED_ITEM( '', ( #745 ), #746 );
#254 = STYLED_ITEM( '', ( #747 ), #748 );
#255 = STYLED_ITEM( '', ( #749 ), #750 );
#256 = STYLED_ITEM( '', ( #751 ), #752 );
#257 = STYLED_ITEM( '', ( #753 ), #754 );
#258 = STYLED_ITEM( '', ( #755 ), #756 );
#259 = STYLED_ITEM( '', ( #757 ), #758 );
#260 = STYLED_ITEM( '', ( #759 ), #760 );
#261 = STYLED_ITEM( '', ( #761 ), #762 );
#262 = STYLED_ITEM( '', ( #763 ), #764 );
#263 = STYLED_ITEM( '', ( #765 ), #766 );
#264 = STYLED_ITEM( '', ( #767 ), #768 );
#265 = STYLED_ITEM( '', ( #769 ), #770 );
#266 = STYLED_ITEM( '', ( #771 ), #772 );
#267 = STYLED_ITEM( '', ( #773 ), #774 );
#268 = STYLED_ITEM( '', ( #775 ), #776 );
#269 = STYLED_ITEM( '', ( #777 ), #778 );
#270 = STYLED_ITEM( '', ( #779 ), #780 );
#271 = STYLED_ITEM( '', ( #781 ), #782 );
#272 = STYLED_ITEM( '', ( #783 ), #784 );
#273 = STYLED_ITEM( '', ( #785 ), #786 );
#274 = STYLED_ITEM( '', ( #787 ), #788 );
#275 = STYLED_ITEM( '', ( #789 ), #790 );
#276 = STYLED_ITEM( '', ( #791 ), #792 );
#277 = STYLED_ITEM( '', ( #793 ), #794 );
#278 = STYLED_ITEM( '', ( #795 ), #796 );
#281 = UNCERTAINTY_MEASURE_WITH_UNIT( LENGTH_MEASURE( 0.00100000000000000 ), #283, '', '' );
#283 =  ( CONVERSION_BASED_UNIT( 'MILLIMETRE', #799 )LENGTH_UNIT(  )NAMED_UNIT( #802 ) );
#284 =  ( NAMED_UNIT( #804 )PLANE_ANGLE_UNIT(  )SI_UNIT( $, .RADIAN. ) );
#285 =  ( NAMED_UNIT( #804 )SI_UNIT( $, .STERADIAN. )SOLID_ANGLE_UNIT(  ) );
#287 = PRODUCT( 'Assem1', 'Assem1', 'PART-Assem1-DESC', ( #810 ) );
#288 = PRODUCT_DEFINITION( 'NONE', 'NONE', #811, #1 );
#289 = AXIS2_PLACEMENT_3D( '', #812, #813, #814 );
#290 = AXIS2_PLACEMENT_3D( '', #815, #816, #817 );
#291 = AXIS2_PLACEMENT_3D( '', #818, #819, #820 );
#292 = AXIS2_PLACEMENT_3D( '', #821, #822, #823 );
#293 = AXIS2_PLACEMENT_3D( '', #824, #825, #826 );
#294 = AXIS2_PLACEMENT_3D( '', #827, #828, #829 );
#295 = AXIS2_PLACEMENT_3D( '', #830, #831, #832 );
#296 = AXIS2_PLACEMENT_3D( '', #833, #834, #835 );
#297 =  ( GEOMETRIC_REPRESENTATION_CONTEXT( 3 )GLOBAL_UNCERTAINTY_ASSIGNED_CONTEXT( ( #838 ) )GLOBAL_UNIT_ASSIGNED_CONTEXT( ( #840, #841, #842 ) )REPRESENTATION_CONTEXT( 'NONE', 'WORKSPACE' ) );
#298 = PRODUCT( '6913114001xx_PIN', '6913114001xx_PIN', 'PART-6913114001xx_PIN-DESC', ( #810 ) );
#301 = ITEM_DEFINED_TRANSFORMATION( '', '', #289, #290 );
#303 = NEXT_ASSEMBLY_USAGE_OCCURRENCE( 'NAUO1', 'NAUO1', 'NAUO1', #288, #304, $ );
#304 = PRODUCT_DEFINITION( '6913114001xx_PIN', '6913114001xx_PIN', #844, #1 );
#305 = MANIFOLD_SOLID_BREP( '6913114001xx_PIN', #845 );
#308 = ITEM_DEFINED_TRANSFORMATION( '', '', #289, #291 );
#310 = NEXT_ASSEMBLY_USAGE_OCCURRENCE( 'NAUO2', 'NAUO2', 'NAUO2', #288, #304, $ );
#313 = ITEM_DEFINED_TRANSFORMATION( '', '', #289, #292 );
#315 = NEXT_ASSEMBLY_USAGE_OCCURRENCE( 'NAUO3', 'NAUO3', 'NAUO3', #288, #304, $ );
#318 = ITEM_DEFINED_TRANSFORMATION( '', '', #289, #293 );
#320 = NEXT_ASSEMBLY_USAGE_OCCURRENCE( 'NAUO4', 'NAUO4', 'NAUO4', #288, #304, $ );
#323 = ITEM_DEFINED_TRANSFORMATION( '', '', #289, #294 );
#325 = NEXT_ASSEMBLY_USAGE_OCCURRENCE( 'NAUO5', 'NAUO5', 'NAUO5', #288, #304, $ );
#328 = ITEM_DEFINED_TRANSFORMATION( '', '', #289, #295 );
#330 = NEXT_ASSEMBLY_USAGE_OCCURRENCE( 'NAUO6', 'NAUO6', 'NAUO6', #288, #304, $ );
#331 = PRODUCT( '691318400006', '691318400006', 'PART-691318400006-DESC', ( #810 ) );
#334 = ITEM_DEFINED_TRANSFORMATION( '', '', #289, #296 );
#336 = NEXT_ASSEMBLY_USAGE_OCCURRENCE( 'NAUO7', 'NAUO7', 'NAUO7', #288, #337, $ );
#337 = PRODUCT_DEFINITION( '691318400006', '691318400006', #846, #1 );
#338 = MANIFOLD_SOLID_BREP( '691318400006', #847 );
#339 = PRESENTATION_STYLE_ASSIGNMENT( ( #848 ) );
#340 = ADVANCED_FACE( '', ( #849 ), #850, .F. );
#341 = PRESENTATION_STYLE_ASSIGNMENT( ( #851 ) );
#342 = ADVANCED_FACE( '', ( #852 ), #853, .F. );
#343 = PRESENTATION_STYLE_ASSIGNMENT( ( #854 ) );
#344 = ADVANCED_FACE( '', ( #855 ), #856, .T. );
#345 = PRESENTATION_STYLE_ASSIGNMENT( ( #857 ) );
#346 = ADVANCED_FACE( '', ( #858 ), #859, .F. );
#347 = PRESENTATION_STYLE_ASSIGNMENT( ( #860 ) );
#348 = ADVANCED_FACE( '', ( #861 ), #862, .F. );
#349 = PRESENTATION_STYLE_ASSIGNMENT( ( #863 ) );
#350 = ADVANCED_FACE( '', ( #864 ), #865, .T. );
#351 = PRESENTATION_STYLE_ASSIGNMENT( ( #866 ) );
#352 = ADVANCED_FACE( '', ( #867 ), #868, .F. );
#353 = PRESENTATION_STYLE_ASSIGNMENT( ( #869 ) );
#354 = ADVANCED_FACE( '', ( #870 ), #871, .T. );
#355 = PRESENTATION_STYLE_ASSIGNMENT( ( #872 ) );
#356 = ADVANCED_FACE( '', ( #873 ), #874, .F. );
#357 = PRESENTATION_STYLE_ASSIGNMENT( ( #875 ) );
#358 = ADVANCED_FACE( '', ( #876 ), #877, .F. );
#359 = PRESENTATION_STYLE_ASSIGNMENT( ( #878 ) );
#360 = ADVANCED_FACE( '', ( #879 ), #880, .F. );
#361 = PRESENTATION_STYLE_ASSIGNMENT( ( #881 ) );
#362 = ADVANCED_FACE( '', ( #882 ), #883, .T. );
#363 = PRESENTATION_STYLE_ASSIGNMENT( ( #884 ) );
#364 = ADVANCED_FACE( '', ( #885 ), #886, .T. );
#365 = PRESENTATION_STYLE_ASSIGNMENT( ( #887 ) );
#366 = ADVANCED_FACE( '', ( #888 ), #889, .T. );
#367 = PRESENTATION_STYLE_ASSIGNMENT( ( #890 ) );
#368 = ADVANCED_FACE( '', ( #891 ), #892, .T. );
#369 = PRESENTATION_STYLE_ASSIGNMENT( ( #893 ) );
#370 = ADVANCED_FACE( '', ( #894 ), #895, .F. );
#371 = PRESENTATION_STYLE_ASSIGNMENT( ( #896 ) );
#372 = ADVANCED_FACE( '', ( #897 ), #898, .T. );
#373 = PRESENTATION_STYLE_ASSIGNMENT( ( #899 ) );
#374 = ADVANCED_FACE( '', ( #900 ), #901, .F. );
#375 = PRESENTATION_STYLE_ASSIGNMENT( ( #902 ) );
#376 = ADVANCED_FACE( '', ( #903 ), #904, .T. );
#377 = PRESENTATION_STYLE_ASSIGNMENT( ( #905 ) );
#378 = ADVANCED_FACE( '', ( #906 ), #907, .F. );
#379 = PRESENTATION_STYLE_ASSIGNMENT( ( #908 ) );
#380 = ADVANCED_FACE( '', ( #909 ), #910, .F. );
#381 = PRESENTATION_STYLE_ASSIGNMENT( ( #911 ) );
#382 = ADVANCED_FACE( '', ( #912, #913 ), #914, .T. );
#383 = PRESENTATION_STYLE_ASSIGNMENT( ( #915 ) );
#384 = ADVANCED_FACE( '', ( #916 ), #917, .F. );
#385 = PRESENTATION_STYLE_ASSIGNMENT( ( #918 ) );
#386 = ADVANCED_FACE( '', ( #919 ), #920, .F. );
#387 = PRESENTATION_STYLE_ASSIGNMENT( ( #921 ) );
#388 = ADVANCED_FACE( '', ( #922 ), #923, .T. );
#389 = PRESENTATION_STYLE_ASSIGNMENT( ( #924 ) );
#390 = ADVANCED_FACE( '', ( #925 ), #926, .F. );
#391 = PRESENTATION_STYLE_ASSIGNMENT( ( #927 ) );
#392 = ADVANCED_FACE( '', ( #928 ), #929, .T. );
#393 = PRESENTATION_STYLE_ASSIGNMENT( ( #930 ) );
#394 = ADVANCED_FACE( '', ( #931 ), #932, .F. );
#395 = PRESENTATION_STYLE_ASSIGNMENT( ( #933 ) );
#396 = ADVANCED_FACE( '', ( #934 ), #935, .T. );
#397 = PRESENTATION_STYLE_ASSIGNMENT( ( #936 ) );
#398 = ADVANCED_FACE( '', ( #937 ), #938, .F. );
#399 = PRESENTATION_STYLE_ASSIGNMENT( ( #939 ) );
#400 = ADVANCED_FACE( '', ( #940 ), #941, .T. );
#401 = PRESENTATION_STYLE_ASSIGNMENT( ( #942 ) );
#402 = ADVANCED_FACE( '', ( #943 ), #944, .T. );
#403 = PRESENTATION_STYLE_ASSIGNMENT( ( #945 ) );
#404 = ADVANCED_FACE( '', ( #946 ), #947, .F. );
#405 = PRESENTATION_STYLE_ASSIGNMENT( ( #948 ) );
#406 = ADVANCED_FACE( '', ( #949 ), #950, .T. );
#407 = PRESENTATION_STYLE_ASSIGNMENT( ( #951 ) );
#408 = ADVANCED_FACE( '', ( #952 ), #953, .T. );
#409 = PRESENTATION_STYLE_ASSIGNMENT( ( #954 ) );
#410 = ADVANCED_FACE( '', ( #955 ), #956, .F. );
#411 = PRESENTATION_STYLE_ASSIGNMENT( ( #957 ) );
#412 = ADVANCED_FACE( '', ( #958 ), #959, .T. );
#413 = PRESENTATION_STYLE_ASSIGNMENT( ( #960 ) );
#414 = ADVANCED_FACE( '', ( #961, #962 ), #963, .T. );
#415 = PRESENTATION_STYLE_ASSIGNMENT( ( #964 ) );
#416 = ADVANCED_FACE( '', ( #965 ), #966, .T. );
#417 = PRESENTATION_STYLE_ASSIGNMENT( ( #967 ) );
#418 = ADVANCED_FACE( '', ( #968 ), #969, .T. );
#419 = PRESENTATION_STYLE_ASSIGNMENT( ( #970 ) );
#420 = ADVANCED_FACE( '', ( #971 ), #972, .F. );
#421 = PRESENTATION_STYLE_ASSIGNMENT( ( #973 ) );
#422 = ADVANCED_FACE( '', ( #974, #975 ), #976, .F. );
#423 = PRESENTATION_STYLE_ASSIGNMENT( ( #977 ) );
#424 = ADVANCED_FACE( '', ( #978 ), #979, .F. );
#425 = PRESENTATION_STYLE_ASSIGNMENT( ( #980 ) );
#426 = ADVANCED_FACE( '', ( #981 ), #982, .T. );
#427 = PRESENTATION_STYLE_ASSIGNMENT( ( #983 ) );
#428 = ADVANCED_FACE( '', ( #984 ), #985, .F. );
#429 = PRESENTATION_STYLE_ASSIGNMENT( ( #986 ) );
#430 = ADVANCED_FACE( '', ( #987 ), #988, .F. );
#431 = PRESENTATION_STYLE_ASSIGNMENT( ( #989 ) );
#432 = ADVANCED_FACE( '', ( #990 ), #991, .T. );
#433 = PRESENTATION_STYLE_ASSIGNMENT( ( #992 ) );
#434 = ADVANCED_FACE( '', ( #993 ), #994, .T. );
#435 = PRESENTATION_STYLE_ASSIGNMENT( ( #995 ) );
#436 = ADVANCED_FACE( '', ( #996 ), #997, .T. );
#437 = PRESENTATION_STYLE_ASSIGNMENT( ( #998 ) );
#438 = ADVANCED_FACE( '', ( #999 ), #1000, .T. );
#439 = PRESENTATION_STYLE_ASSIGNMENT( ( #1001 ) );
#440 = ADVANCED_FACE( '', ( #1002 ), #1003, .F. );
#441 = PRESENTATION_STYLE_ASSIGNMENT( ( #1004 ) );
#442 = ADVANCED_FACE( '', ( #1005 ), #1006, .F. );
#443 = PRESENTATION_STYLE_ASSIGNMENT( ( #1007 ) );
#444 = ADVANCED_FACE( '', ( #1008 ), #1009, .T. );
#445 = PRESENTATION_STYLE_ASSIGNMENT( ( #1010 ) );
#446 = ADVANCED_FACE( '', ( #1011 ), #1012, .F. );
#447 = PRESENTATION_STYLE_ASSIGNMENT( ( #1013 ) );
#448 = ADVANCED_FACE( '', ( #1014 ), #1015, .F. );
#449 = PRESENTATION_STYLE_ASSIGNMENT( ( #1016 ) );
#450 = ADVANCED_FACE( '', ( #1017 ), #1018, .F. );
#451 = PRESENTATION_STYLE_ASSIGNMENT( ( #1019 ) );
#452 = ADVANCED_FACE( '', ( #1020 ), #1021, .T. );
#453 = PRESENTATION_STYLE_ASSIGNMENT( ( #1022 ) );
#454 = ADVANCED_FACE( '', ( #1023 ), #1024, .T. );
#455 = PRESENTATION_STYLE_ASSIGNMENT( ( #1025 ) );
#456 = ADVANCED_FACE( '', ( #1026 ), #1027, .F. );
#457 = PRESENTATION_STYLE_ASSIGNMENT( ( #1028 ) );
#458 = ADVANCED_FACE( '', ( #1029 ), #1030, .T. );
#459 = PRESENTATION_STYLE_ASSIGNMENT( ( #1031 ) );
#460 = ADVANCED_FACE( '', ( #1032 ), #1033, .F. );
#461 = PRESENTATION_STYLE_ASSIGNMENT( ( #1034 ) );
#462 = ADVANCED_FACE( '', ( #1035 ), #1036, .F. );
#463 = PRESENTATION_STYLE_ASSIGNMENT( ( #1037 ) );
#464 = ADVANCED_FACE( '', ( #1038 ), #1039, .F. );
#465 = PRESENTATION_STYLE_ASSIGNMENT( ( #1040 ) );
#466 = ADVANCED_FACE( '', ( #1041 ), #1042, .F. );
#467 = PRESENTATION_STYLE_ASSIGNMENT( ( #1043 ) );
#468 = ADVANCED_FACE( '', ( #1044, #1045 ), #1046, .T. );
#469 = PRESENTATION_STYLE_ASSIGNMENT( ( #1047 ) );
#470 = ADVANCED_FACE( '', ( #1048 ), #1049, .T. );
#471 = PRESENTATION_STYLE_ASSIGNMENT( ( #1050 ) );
#472 = ADVANCED_FACE( '', ( #1051 ), #1052, .F. );
#473 = PRESENTATION_STYLE_ASSIGNMENT( ( #1053 ) );
#474 = ADVANCED_FACE( '', ( #1054 ), #1055, .F. );
#475 = PRESENTATION_STYLE_ASSIGNMENT( ( #1056 ) );
#476 = ADVANCED_FACE( '', ( #1057 ), #1058, .T. );
#477 = PRESENTATION_STYLE_ASSIGNMENT( ( #1059 ) );
#478 = ADVANCED_FACE( '', ( #1060 ), #1061, .F. );
#479 = PRESENTATION_STYLE_ASSIGNMENT( ( #1062 ) );
#480 = ADVANCED_FACE( '', ( #1063 ), #1064, .F. );
#481 = PRESENTATION_STYLE_ASSIGNMENT( ( #1065 ) );
#482 = ADVANCED_FACE( '', ( #1066 ), #1067, .T. );
#483 = PRESENTATION_STYLE_ASSIGNMENT( ( #1068 ) );
#484 = ADVANCED_FACE( '', ( #1069 ), #1070, .F. );
#485 = PRESENTATION_STYLE_ASSIGNMENT( ( #1071 ) );
#486 = ADVANCED_FACE( '', ( #1072 ), #1073, .T. );
#487 = PRESENTATION_STYLE_ASSIGNMENT( ( #1074 ) );
#488 = ADVANCED_FACE( '', ( #1075 ), #1076, .F. );
#489 = PRESENTATION_STYLE_ASSIGNMENT( ( #1077 ) );
#490 = ADVANCED_FACE( '', ( #1078 ), #1079, .T. );
#491 = PRESENTATION_STYLE_ASSIGNMENT( ( #1080 ) );
#492 = ADVANCED_FACE( '', ( #1081 ), #1082, .T. );
#493 = PRESENTATION_STYLE_ASSIGNMENT( ( #1083 ) );
#494 = ADVANCED_FACE( '', ( #1084 ), #1085, .F. );
#495 = PRESENTATION_STYLE_ASSIGNMENT( ( #1086 ) );
#496 = ADVANCED_FACE( '', ( #1087 ), #1088, .T. );
#497 = PRESENTATION_STYLE_ASSIGNMENT( ( #1089 ) );
#498 = ADVANCED_FACE( '', ( #1090 ), #1091, .F. );
#499 = PRESENTATION_STYLE_ASSIGNMENT( ( #1092 ) );
#500 = ADVANCED_FACE( '', ( #1093 ), #1094, .F. );
#501 = PRESENTATION_STYLE_ASSIGNMENT( ( #1095 ) );
#502 = ADVANCED_FACE( '', ( #1096 ), #1097, .F. );
#503 = PRESENTATION_STYLE_ASSIGNMENT( ( #1098 ) );
#504 = ADVANCED_FACE( '', ( #1099 ), #1100, .F. );
#505 = PRESENTATION_STYLE_ASSIGNMENT( ( #1101 ) );
#506 = ADVANCED_FACE( '', ( #1102 ), #1103, .F. );
#507 = PRESENTATION_STYLE_ASSIGNMENT( ( #1104 ) );
#508 = ADVANCED_FACE( '', ( #1105 ), #1106, .F. );
#509 = PRESENTATION_STYLE_ASSIGNMENT( ( #1107 ) );
#510 = ADVANCED_FACE( '', ( #1108 ), #1109, .T. );
#511 = PRESENTATION_STYLE_ASSIGNMENT( ( #1110 ) );
#512 = ADVANCED_FACE( '', ( #1111 ), #1112, .F. );
#513 = PRESENTATION_STYLE_ASSIGNMENT( ( #1113 ) );
#514 = ADVANCED_FACE( '', ( #1114 ), #1115, .F. );
#515 = PRESENTATION_STYLE_ASSIGNMENT( ( #1116 ) );
#516 = ADVANCED_FACE( '', ( #1117 ), #1118, .F. );
#517 = PRESENTATION_STYLE_ASSIGNMENT( ( #1119 ) );
#518 = ADVANCED_FACE( '', ( #1120 ), #1121, .F. );
#519 = PRESENTATION_STYLE_ASSIGNMENT( ( #1122 ) );
#520 = ADVANCED_FACE( '', ( #1123 ), #1124, .F. );
#521 = PRESENTATION_STYLE_ASSIGNMENT( ( #1125 ) );
#522 = ADVANCED_FACE( '', ( #1126 ), #1127, .F. );
#523 = PRESENTATION_STYLE_ASSIGNMENT( ( #1128 ) );
#524 = ADVANCED_FACE( '', ( #1129 ), #1130, .F. );
#525 = PRESENTATION_STYLE_ASSIGNMENT( ( #1131 ) );
#526 = ADVANCED_FACE( '', ( #1132, #1133 ), #1134, .T. );
#527 = PRESENTATION_STYLE_ASSIGNMENT( ( #1135 ) );
#528 = ADVANCED_FACE( '', ( #1136 ), #1137, .F. );
#529 = PRESENTATION_STYLE_ASSIGNMENT( ( #1138 ) );
#530 = ADVANCED_FACE( '', ( #1139, #1140 ), #1141, .T. );
#531 = PRESENTATION_STYLE_ASSIGNMENT( ( #1142 ) );
#532 = ADVANCED_FACE( '', ( #1143 ), #1144, .F. );
#533 = PRESENTATION_STYLE_ASSIGNMENT( ( #1145 ) );
#534 = ADVANCED_FACE( '', ( #1146 ), #1147, .F. );
#535 = PRESENTATION_STYLE_ASSIGNMENT( ( #1148 ) );
#536 = ADVANCED_FACE( '', ( #1149 ), #1150, .T. );
#537 = PRESENTATION_STYLE_ASSIGNMENT( ( #1151 ) );
#538 = ADVANCED_FACE( '', ( #1152 ), #1153, .T. );
#539 = PRESENTATION_STYLE_ASSIGNMENT( ( #1154 ) );
#540 = ADVANCED_FACE( '', ( #1155 ), #1156, .F. );
#541 = PRESENTATION_STYLE_ASSIGNMENT( ( #1157 ) );
#542 = ADVANCED_FACE( '', ( #1158 ), #1159, .F. );
#543 = PRESENTATION_STYLE_ASSIGNMENT( ( #1160 ) );
#544 = ADVANCED_FACE( '', ( #1161 ), #1162, .F. );
#545 = PRESENTATION_STYLE_ASSIGNMENT( ( #1163 ) );
#546 = ADVANCED_FACE( '', ( #1164 ), #1165, .F. );
#547 = PRESENTATION_STYLE_ASSIGNMENT( ( #1166 ) );
#548 = ADVANCED_FACE( '', ( #1167 ), #1168, .T. );
#549 = PRESENTATION_STYLE_ASSIGNMENT( ( #1169 ) );
#550 = ADVANCED_FACE( '', ( #1170 ), #1171, .F. );
#551 = PRESENTATION_STYLE_ASSIGNMENT( ( #1172 ) );
#552 = ADVANCED_FACE( '', ( #1173 ), #1174, .F. );
#553 = PRESENTATION_STYLE_ASSIGNMENT( ( #1175 ) );
#554 = ADVANCED_FACE( '', ( #1176 ), #1177, .F. );
#555 = PRESENTATION_STYLE_ASSIGNMENT( ( #1178 ) );
#556 = ADVANCED_FACE( '', ( #1179 ), #1180, .F. );
#557 = PRESENTATION_STYLE_ASSIGNMENT( ( #1181 ) );
#558 = ADVANCED_FACE( '', ( #1182 ), #1183, .F. );
#559 = PRESENTATION_STYLE_ASSIGNMENT( ( #1184 ) );
#560 = ADVANCED_FACE( '', ( #1185 ), #1186, .T. );
#561 = PRESENTATION_STYLE_ASSIGNMENT( ( #1187 ) );
#562 = ADVANCED_FACE( '', ( #1188 ), #1189, .T. );
#563 = PRESENTATION_STYLE_ASSIGNMENT( ( #1190 ) );
#564 = ADVANCED_FACE( '', ( #1191 ), #1192, .F. );
#565 = PRESENTATION_STYLE_ASSIGNMENT( ( #1193 ) );
#566 = ADVANCED_FACE( '', ( #1194 ), #1195, .F. );
#567 = PRESENTATION_STYLE_ASSIGNMENT( ( #1196 ) );
#568 = ADVANCED_FACE( '', ( #1197 ), #1198, .F. );
#569 = PRESENTATION_STYLE_ASSIGNMENT( ( #1199 ) );
#570 = ADVANCED_FACE( '', ( #1200 ), #1201, .T. );
#571 = PRESENTATION_STYLE_ASSIGNMENT( ( #1202 ) );
#572 = ADVANCED_FACE( '', ( #1203 ), #1204, .T. );
#573 = PRESENTATION_STYLE_ASSIGNMENT( ( #1205 ) );
#574 = ADVANCED_FACE( '', ( #1206 ), #1207, .F. );
#575 = PRESENTATION_STYLE_ASSIGNMENT( ( #1208 ) );
#576 = ADVANCED_FACE( '', ( #1209 ), #1210, .F. );
#577 = PRESENTATION_STYLE_ASSIGNMENT( ( #1211 ) );
#578 = ADVANCED_FACE( '', ( #1212 ), #1213, .F. );
#579 = PRESENTATION_STYLE_ASSIGNMENT( ( #1214 ) );
#580 = ADVANCED_FACE( '', ( #1215 ), #1216, .F. );
#581 = PRESENTATION_STYLE_ASSIGNMENT( ( #1217 ) );
#582 = ADVANCED_FACE( '', ( #1218 ), #1219, .F. );
#583 = PRESENTATION_STYLE_ASSIGNMENT( ( #1220 ) );
#584 = ADVANCED_FACE( '', ( #1221 ), #1222, .F. );
#585 = PRESENTATION_STYLE_ASSIGNMENT( ( #1223 ) );
#586 = ADVANCED_FACE( '', ( #1224 ), #1225, .F. );
#587 = PRESENTATION_STYLE_ASSIGNMENT( ( #1226 ) );
#588 = ADVANCED_FACE( '', ( #1227 ), #1228, .F. );
#589 = PRESENTATION_STYLE_ASSIGNMENT( ( #1229 ) );
#590 = ADVANCED_FACE( '', ( #1230 ), #1231, .F. );
#591 = PRESENTATION_STYLE_ASSIGNMENT( ( #1232 ) );
#592 = ADVANCED_FACE( '', ( #1233 ), #1234, .F. );
#593 = PRESENTATION_STYLE_ASSIGNMENT( ( #1235 ) );
#594 = ADVANCED_FACE( '', ( #1236 ), #1237, .F. );
#595 = PRESENTATION_STYLE_ASSIGNMENT( ( #1238 ) );
#596 = ADVANCED_FACE( '', ( #1239 ), #1240, .F. );
#597 = PRESENTATION_STYLE_ASSIGNMENT( ( #1241 ) );
#598 = ADVANCED_FACE( '', ( #1242 ), #1243, .T. );
#599 = PRESENTATION_STYLE_ASSIGNMENT( ( #1244 ) );
#600 = ADVANCED_FACE( '', ( #1245 ), #1246, .F. );
#601 = PRESENTATION_STYLE_ASSIGNMENT( ( #1247 ) );
#602 = ADVANCED_FACE( '', ( #1248 ), #1249, .T. );
#603 = PRESENTATION_STYLE_ASSIGNMENT( ( #1250 ) );
#604 = ADVANCED_FACE( '', ( #1251 ), #1252, .F. );
#605 = PRESENTATION_STYLE_ASSIGNMENT( ( #1253 ) );
#606 = ADVANCED_FACE( '', ( #1254 ), #1255, .T. );
#607 = PRESENTATION_STYLE_ASSIGNMENT( ( #1256 ) );
#608 = ADVANCED_FACE( '', ( #1257 ), #1258, .F. );
#609 = PRESENTATION_STYLE_ASSIGNMENT( ( #1259 ) );
#610 = ADVANCED_FACE( '', ( #1260 ), #1261, .T. );
#611 = PRESENTATION_STYLE_ASSIGNMENT( ( #1262 ) );
#612 = ADVANCED_FACE( '', ( #1263 ), #1264, .F. );
#613 = PRESENTATION_STYLE_ASSIGNMENT( ( #1265 ) );
#614 = ADVANCED_FACE( '', ( #1266, #1267 ), #1268, .F. );
#615 = PRESENTATION_STYLE_ASSIGNMENT( ( #1269 ) );
#616 = ADVANCED_FACE( '', ( #1270 ), #1271, .F. );
#617 = PRESENTATION_STYLE_ASSIGNMENT( ( #1272 ) );
#618 = ADVANCED_FACE( '', ( #1273 ), #1274, .T. );
#619 = PRESENTATION_STYLE_ASSIGNMENT( ( #1275 ) );
#620 = ADVANCED_FACE( '', ( #1276 ), #1277, .T. );
#621 = PRESENTATION_STYLE_ASSIGNMENT( ( #1278 ) );
#622 = ADVANCED_FACE( '', ( #1279, #1280 ), #1281, .T. );
#623 = PRESENTATION_STYLE_ASSIGNMENT( ( #1282 ) );
#624 = ADVANCED_FACE( '', ( #1283 ), #1284, .T. );
#625 = PRESENTATION_STYLE_ASSIGNMENT( ( #1285 ) );
#626 = ADVANCED_FACE( '', ( #1286 ), #1287, .T. );
#627 = PRESENTATION_STYLE_ASSIGNMENT( ( #1288 ) );
#628 = ADVANCED_FACE( '', ( #1289 ), #1290, .T. );
#629 = PRESENTATION_STYLE_ASSIGNMENT( ( #1291 ) );
#630 = ADVANCED_FACE( '', ( #1292 ), #1293, .F. );
#631 = PRESENTATION_STYLE_ASSIGNMENT( ( #1294 ) );
#632 = ADVANCED_FACE( '', ( #1295 ), #1296, .F. );
#633 = PRESENTATION_STYLE_ASSIGNMENT( ( #1297 ) );
#634 = ADVANCED_FACE( '', ( #1298, #1299 ), #1300, .F. );
#635 = PRESENTATION_STYLE_ASSIGNMENT( ( #1301 ) );
#636 = ADVANCED_FACE( '', ( #1302 ), #1303, .F. );
#637 = PRESENTATION_STYLE_ASSIGNMENT( ( #1304 ) );
#638 = ADVANCED_FACE( '', ( #1305 ), #1306, .F. );
#639 = PRESENTATION_STYLE_ASSIGNMENT( ( #1307 ) );
#640 = ADVANCED_FACE( '', ( #1308 ), #1309, .F. );
#641 = PRESENTATION_STYLE_ASSIGNMENT( ( #1310 ) );
#642 = ADVANCED_FACE( '', ( #1311 ), #1312, .T. );
#643 = PRESENTATION_STYLE_ASSIGNMENT( ( #1313 ) );
#644 = ADVANCED_FACE( '', ( #1314 ), #1315, .F. );
#645 = PRESENTATION_STYLE_ASSIGNMENT( ( #1316 ) );
#646 = ADVANCED_FACE( '', ( #1317 ), #1318, .T. );
#647 = PRESENTATION_STYLE_ASSIGNMENT( ( #1319 ) );
#648 = ADVANCED_FACE( '', ( #1320, #1321 ), #1322, .T. );
#649 = PRESENTATION_STYLE_ASSIGNMENT( ( #1323 ) );
#650 = ADVANCED_FACE( '', ( #1324 ), #1325, .F. );
#651 = PRESENTATION_STYLE_ASSIGNMENT( ( #1326 ) );
#652 = ADVANCED_FACE( '', ( #1327 ), #1328, .F. );
#653 = PRESENTATION_STYLE_ASSIGNMENT( ( #1329 ) );
#654 = ADVANCED_FACE( '', ( #1330, #1331 ), #1332, .T. );
#655 = PRESENTATION_STYLE_ASSIGNMENT( ( #1333 ) );
#656 = ADVANCED_FACE( '', ( #1334 ), #1335, .F. );
#657 = PRESENTATION_STYLE_ASSIGNMENT( ( #1336 ) );
#658 = ADVANCED_FACE( '', ( #1337 ), #1338, .T. );
#659 = PRESENTATION_STYLE_ASSIGNMENT( ( #1339 ) );
#660 = ADVANCED_FACE( '', ( #1340 ), #1341, .F. );
#661 = PRESENTATION_STYLE_ASSIGNMENT( ( #1342 ) );
#662 = ADVANCED_FACE( '', ( #1343 ), #1344, .F. );
#663 = PRESENTATION_STYLE_ASSIGNMENT( ( #1345 ) );
#664 = ADVANCED_FACE( '', ( #1346 ), #1347, .F. );
#665 = PRESENTATION_STYLE_ASSIGNMENT( ( #1348 ) );
#666 = ADVANCED_FACE( '', ( #1349 ), #1350, .F. );
#667 = PRESENTATION_STYLE_ASSIGNMENT( ( #1351 ) );
#668 = ADVANCED_FACE( '', ( #1352 ), #1353, .F. );
#669 = PRESENTATION_STYLE_ASSIGNMENT( ( #1354 ) );
#670 = ADVANCED_FACE( '', ( #1355 ), #1356, .F. );
#671 = PRESENTATION_STYLE_ASSIGNMENT( ( #1357 ) );
#672 = ADVANCED_FACE( '', ( #1358 ), #1359, .T. );
#673 = PRESENTATION_STYLE_ASSIGNMENT( ( #1360 ) );
#674 = ADVANCED_FACE( '', ( #1361 ), #1362, .T. );
#675 = PRESENTATION_STYLE_ASSIGNMENT( ( #1363 ) );
#676 = ADVANCED_FACE( '', ( #1364 ), #1365, .F. );
#677 = PRESENTATION_STYLE_ASSIGNMENT( ( #1366 ) );
#678 = ADVANCED_FACE( '', ( #1367 ), #1368, .T. );
#679 = PRESENTATION_STYLE_ASSIGNMENT( ( #1369 ) );
#680 = ADVANCED_FACE( '', ( #1370 ), #1371, .F. );
#681 = PRESENTATION_STYLE_ASSIGNMENT( ( #1372 ) );
#682 = ADVANCED_FACE( '', ( #1373 ), #1374, .F. );
#683 = PRESENTATION_STYLE_ASSIGNMENT( ( #1375 ) );
#684 = ADVANCED_FACE( '', ( #1376 ), #1377, .T. );
#685 = PRESENTATION_STYLE_ASSIGNMENT( ( #1378 ) );
#686 = ADVANCED_FACE( '', ( #1379 ), #1380, .F. );
#687 = PRESENTATION_STYLE_ASSIGNMENT( ( #1381 ) );
#688 = ADVANCED_FACE( '', ( #1382 ), #1383, .F. );
#689 = PRESENTATION_STYLE_ASSIGNMENT( ( #1384 ) );
#690 = ADVANCED_FACE( '', ( #1385 ), #1386, .F. );
#691 = PRESENTATION_STYLE_ASSIGNMENT( ( #1387 ) );
#692 = ADVANCED_FACE( '', ( #1388 ), #1389, .F. );
#693 = PRESENTATION_STYLE_ASSIGNMENT( ( #1390 ) );
#694 = ADVANCED_FACE( '', ( #1391 ), #1392, .F. );
#695 = PRESENTATION_STYLE_ASSIGNMENT( ( #1393 ) );
#696 = ADVANCED_FACE( '', ( #1394 ), #1395, .T. );
#697 = PRESENTATION_STYLE_ASSIGNMENT( ( #1396 ) );
#698 = ADVANCED_FACE( '', ( #1397 ), #1398, .F. );
#699 = PRESENTATION_STYLE_ASSIGNMENT( ( #1399 ) );
#700 = ADVANCED_FACE( '', ( #1400 ), #1401, .F. );
#701 = PRESENTATION_STYLE_ASSIGNMENT( ( #1402 ) );
#702 = ADVANCED_FACE( '', ( #1403 ), #1404, .F. );
#703 = PRESENTATION_STYLE_ASSIGNMENT( ( #1405 ) );
#704 = ADVANCED_FACE( '', ( #1406 ), #1407, .F. );
#705 = PRESENTATION_STYLE_ASSIGNMENT( ( #1408 ) );
#706 = ADVANCED_FACE( '', ( #1409 ), #1410, .T. );
#707 = PRESENTATION_STYLE_ASSIGNMENT( ( #1411 ) );
#708 = ADVANCED_FACE( '', ( #1412 ), #1413, .F. );
#709 = PRESENTATION_STYLE_ASSIGNMENT( ( #1414 ) );
#710 = ADVANCED_FACE( '', ( #1415 ), #1416, .F. );
#711 = PRESENTATION_STYLE_ASSIGNMENT( ( #1417 ) );
#712 = ADVANCED_FACE( '', ( #1418 ), #1419, .F. );
#713 = PRESENTATION_STYLE_ASSIGNMENT( ( #1420 ) );
#714 = ADVANCED_FACE( '', ( #1421 ), #1422, .F. );
#715 = PRESENTATION_STYLE_ASSIGNMENT( ( #1423 ) );
#716 = ADVANCED_FACE( '', ( #1424 ), #1425, .T. );
#717 = PRESENTATION_STYLE_ASSIGNMENT( ( #1426 ) );
#718 = ADVANCED_FACE( '', ( #1427, #1428 ), #1429, .T. );
#719 = PRESENTATION_STYLE_ASSIGNMENT( ( #1430 ) );
#720 = ADVANCED_FACE( '', ( #1431, #1432 ), #1433, .T. );
#721 = PRESENTATION_STYLE_ASSIGNMENT( ( #1434 ) );
#722 = ADVANCED_FACE( '', ( #1435 ), #1436, .F. );
#723 = PRESENTATION_STYLE_ASSIGNMENT( ( #1437 ) );
#724 = ADVANCED_FACE( '', ( #1438 ), #1439, .F. );
#725 = PRESENTATION_STYLE_ASSIGNMENT( ( #1440 ) );
#726 = ADVANCED_FACE( '', ( #1441 ), #1442, .T. );
#727 = PRESENTATION_STYLE_ASSIGNMENT( ( #1443 ) );
#728 = ADVANCED_FACE( '', ( #1444, #1445 ), #1446, .F. );
#729 = PRESENTATION_STYLE_ASSIGNMENT( ( #1447 ) );
#730 = ADVANCED_FACE( '', ( #1448 ), #1449, .F. );
#731 = PRESENTATION_STYLE_ASSIGNMENT( ( #1450 ) );
#732 = ADVANCED_FACE( '', ( #1451 ), #1452, .F. );
#733 = PRESENTATION_STYLE_ASSIGNMENT( ( #1453 ) );
#734 = ADVANCED_FACE( '', ( #1454 ), #1455, .F. );
#735 = PRESENTATION_STYLE_ASSIGNMENT( ( #1456 ) );
#736 = ADVANCED_FACE( '', ( #1457 ), #1458, .F. );
#737 = PRESENTATION_STYLE_ASSIGNMENT( ( #1459 ) );
#738 = ADVANCED_FACE( '', ( #1460 ), #1461, .F. );
#739 = PRESENTATION_STYLE_ASSIGNMENT( ( #1462 ) );
#740 = ADVANCED_FACE( '', ( #1463, #1464 ), #1465, .F. );
#741 = PRESENTATION_STYLE_ASSIGNMENT( ( #1466 ) );
#742 = ADVANCED_FACE( '', ( #1467 ), #1468, .F. );
#743 = PRESENTATION_STYLE_ASSIGNMENT( ( #1469 ) );
#744 = ADVANCED_FACE( '', ( #1470, #1471, #1472, #1473, #1474, #1475, #1476 ), #1477, .T. );
#745 = PRESENTATION_STYLE_ASSIGNMENT( ( #1478 ) );
#746 = ADVANCED_FACE( '', ( #1479 ), #1480, .F. );
#747 = PRESENTATION_STYLE_ASSIGNMENT( ( #1481 ) );
#748 = ADVANCED_FACE( '', ( #1482, #1483 ), #1484, .F. );
#749 = PRESENTATION_STYLE_ASSIGNMENT( ( #1485 ) );
#750 = ADVANCED_FACE( '', ( #1486 ), #1487, .F. );
#751 = PRESENTATION_STYLE_ASSIGNMENT( ( #1488 ) );
#752 = ADVANCED_FACE( '', ( #1489 ), #1490, .T. );
#753 = PRESENTATION_STYLE_ASSIGNMENT( ( #1491 ) );
#754 = ADVANCED_FACE( '', ( #1492 ), #1493, .F. );
#755 = PRESENTATION_STYLE_ASSIGNMENT( ( #1494 ) );
#756 = ADVANCED_FACE( '', ( #1495 ), #1496, .T. );
#757 = PRESENTATION_STYLE_ASSIGNMENT( ( #1497 ) );
#758 = ADVANCED_FACE( '', ( #1498 ), #1499, .F. );
#759 = PRESENTATION_STYLE_ASSIGNMENT( ( #1500 ) );
#760 = ADVANCED_FACE( '', ( #1501 ), #1502, .F. );
#761 = PRESENTATION_STYLE_ASSIGNMENT( ( #1503 ) );
#762 = ADVANCED_FACE( '', ( #1504 ), #1505, .T. );
#763 = PRESENTATION_STYLE_ASSIGNMENT( ( #1506 ) );
#764 = ADVANCED_FACE( '', ( #1507, #1508 ), #1509, .T. );
#765 = PRESENTATION_STYLE_ASSIGNMENT( ( #1510 ) );
#766 = ADVANCED_FACE( '', ( #1511 ), #1512, .T. );
#767 = PRESENTATION_STYLE_ASSIGNMENT( ( #1513 ) );
#768 = ADVANCED_FACE( '', ( #1514 ), #1515, .T. );
#769 = PRESENTATION_STYLE_ASSIGNMENT( ( #1516 ) );
#770 = ADVANCED_FACE( '', ( #1517 ), #1518, .F. );
#771 = PRESENTATION_STYLE_ASSIGNMENT( ( #1519 ) );
#772 = ADVANCED_FACE( '', ( #1520 ), #1521, .F. );
#773 = PRESENTATION_STYLE_ASSIGNMENT( ( #1522 ) );
#774 = ADVANCED_FACE( '', ( #1523 ), #1524, .F. );
#775 = PRESENTATION_STYLE_ASSIGNMENT( ( #1525 ) );
#776 = ADVANCED_FACE( '', ( #1526, #1527 ), #1528, .T. );
#777 = PRESENTATION_STYLE_ASSIGNMENT( ( #1529 ) );
#778 = ADVANCED_FACE( '', ( #1530 ), #1531, .F. );
#779 = PRESENTATION_STYLE_ASSIGNMENT( ( #1532 ) );
#780 = ADVANCED_FACE( '', ( #1533 ), #1534, .F. );
#781 = PRESENTATION_STYLE_ASSIGNMENT( ( #1535 ) );
#782 = ADVANCED_FACE( '', ( #1536 ), #1537, .F. );
#783 = PRESENTATION_STYLE_ASSIGNMENT( ( #1538 ) );
#784 = ADVANCED_FACE( '', ( #1539 ), #1540, .T. );
#785 = PRESENTATION_STYLE_ASSIGNMENT( ( #1541 ) );
#786 = ADVANCED_FACE( '', ( #1542 ), #1543, .T. );
#787 = PRESENTATION_STYLE_ASSIGNMENT( ( #1544 ) );
#788 = ADVANCED_FACE( '', ( #1545 ), #1546, .F. );
#789 = PRESENTATION_STYLE_ASSIGNMENT( ( #1547 ) );
#790 = ADVANCED_FACE( '', ( #1548 ), #1549, .F. );
#791 = PRESENTATION_STYLE_ASSIGNMENT( ( #1550 ) );
#792 = ADVANCED_FACE( '', ( #1551 ), #1552, .F. );
#793 = PRESENTATION_STYLE_ASSIGNMENT( ( #1553 ) );
#794 = ADVANCED_FACE( '', ( #1554 ), #1555, .T. );
#795 = PRESENTATION_STYLE_ASSIGNMENT( ( #1556 ) );
#796 = ADVANCED_FACE( '', ( #1557 ), #1558, .T. );
#799 = LENGTH_MEASURE_WITH_UNIT( LENGTH_MEASURE( 1.00000000000000 ), #1559 );
#802 = DIMENSIONAL_EXPONENTS( 1.00000000000000, 0.000000000000000, 0.000000000000000, 0.000000000000000, 0.000000000000000, 0.000000000000000, 0.000000000000000 );
#804 = DIMENSIONAL_EXPONENTS( 0.000000000000000, 0.000000000000000, 0.000000000000000, 0.000000000000000, 0.000000000000000, 0.000000000000000, 0.000000000000000 );
#810 = PRODUCT_CONTEXT( '', #23, 'mechanical' );
#811 = PRODUCT_DEFINITION_FORMATION_WITH_SPECIFIED_SOURCE( ' ', 'NONE', #287, .NOT_KNOWN. );
#812 = CARTESIAN_POINT( '', ( 0.000000000000000, 0.000000000000000, 0.000000000000000 ) );
#813 = DIRECTION( '', ( 0.000000000000000, 0.000000000000000, 1.00000000000000 ) );
#814 = DIRECTION( '', ( 1.00000000000000, 0.000000000000000, 0.000000000000000 ) );
#815 = CARTESIAN_POINT( '', ( -19.0500000000000, 0.250000000000004, -2.62500000000000 ) );
#816 = DIRECTION( '', ( 0.000000000000000, 0.000000000000000, 1.00000000000000 ) );
#817 = DIRECTION( '', ( 1.00000000000000, 0.000000000000000, 0.000000000000000 ) );
#818 = CARTESIAN_POINT( '', ( 19.0500000000000, 0.250000000000000, -2.62500000000000 ) );
#819 = DIRECTION( '', ( 0.000000000000000, 0.000000000000000, 1.00000000000000 ) );
#820 = DIRECTION( '', ( 1.00000000000000, 0.000000000000000, 0.000000000000000 ) );
#821 = CARTESIAN_POINT( '', ( -11.4300000000000, 0.250000000000004, -2.62500000000000 ) );
#822 = DIRECTION( '', ( 0.000000000000000, 0.000000000000000, 1.00000000000000 ) );
#823 = DIRECTION( '', ( 1.00000000000000, 0.000000000000000, 0.000000000000000 ) );
#824 = CARTESIAN_POINT( '', ( -3.81000000000000, 0.250000000000004, -2.62500000000000 ) );
#825 = DIRECTION( '', ( 0.000000000000000, 0.000000000000000, 1.00000000000000 ) );
#826 = DIRECTION( '', ( 1.00000000000000, 0.000000000000000, 0.000000000000000 ) );
#827 = CARTESIAN_POINT( '', ( 3.81000000000000, 0.250000000000004, -2.62500000000000 ) );
#828 = DIRECTION( '', ( 0.000000000000000, 0.000000000000000, 1.00000000000000 ) );
#829 = DIRECTION( '', ( 1.00000000000000, 0.000000000000000, 0.000000000000000 ) );
#830 = CARTESIAN_POINT( '', ( 11.4300000000000, 0.250000000000004, -2.62500000000000 ) );
#831 = DIRECTION( '', ( 0.000000000000000, 0.000000000000000, 1.00000000000000 ) );
#832 = DIRECTION( '', ( 1.00000000000000, 0.000000000000000, 0.000000000000000 ) );
#833 = CARTESIAN_POINT( '', ( 0.000000000000000, 0.000000000000000, 0.000000000000000 ) );
#834 = DIRECTION( '', ( 0.000000000000000, 0.000000000000000, 1.00000000000000 ) );
#835 = DIRECTION( '', ( 1.00000000000000, 0.000000000000000, 0.000000000000000 ) );
#838 = UNCERTAINTY_MEASURE_WITH_UNIT( LENGTH_MEASURE( 0.00100000000000000 ), #840, '', '' );
#840 =  ( CONVERSION_BASED_UNIT( 'MILLIMETRE', #1562 )LENGTH_UNIT(  )NAMED_UNIT( #1565 ) );
#841 =  ( NAMED_UNIT( #1567 )PLANE_ANGLE_UNIT(  )SI_UNIT( $, .RADIAN. ) );
#842 =  ( NAMED_UNIT( #1567 )SI_UNIT( $, .STERADIAN. )SOLID_ANGLE_UNIT(  ) );
#844 = PRODUCT_DEFINITION_FORMATION_WITH_SPECIFIED_SOURCE( ' ', 'NONE', #298, .NOT_KNOWN. );
#845 = CLOSED_SHELL( '', ( #768, #666, #376, #684, #538, #452, #462, #784, #420, #512, #388, #672, #566, #454 ) );
#846 = PRODUCT_DEFINITION_FORMATION_WITH_SPECIFIED_SOURCE( ' ', 'NONE', #331, .NOT_KNOWN. );
#847 = CLOSED_SHELL( '', ( #366, #526, #518, #770, #626, #598, #528, #610, #482, #706, #342, #344, #426, #642, #570, #436, #354, #488, #604, #582, #546, #744, #656, #738, #356, #760, #762, #380, #438, #788, #606, #424, #396, #600, #678, #490, #364, #448, #444, #674, #372, #688, #502, #398, #406, #440, #560, #774, #402, #596, #368, #742, #580, #460, #498, #668, #400, #612, #472, #422, #704, #634, #772, #552, #728, #456, #520, #474, #652, #584, #708, #748, #750, #608, #510, #358, #568, #692, #476, #714, #416, #628, #492, #764, #614, #530, #710, #428, #574, #722, #540, #430, #508, #516, #554, #576, #660, #514, #740, #408, #548, #602, #562, #746, #404, #790, #500, #640, #484, #578, #346, #586, #348, #588, #542, #534, #394, #616, #550, #590, #754, #360, #362, #686, #434, #624, #794, #718, #766, #716, #572, #720, #410, #504, #636, #780, #592, #792, #682, #700, #544, #378, #664, #724, #450, #736, #630, #340, #564, #494, #412, #506, #782, #694, #726, #556, #470, #696, #618, #382, #734, #622, #698, #676, #558, #466, #778, #464, #384, #496, #732, #758, #730, #756, #442, #752, #796, #786, #654, #468, #524, #644, #670, #712, #650, #776, #648, #536, #458, #620, #658, #392, #370, #690, #386, #446, #478, #680, #662, #532, #594, #480, #414, #486, #646, #432, #350, #418, #390, #702, #352, #638, #522, #632, #374 ) );
#848 = SURFACE_STYLE_USAGE( .BOTH., #1573 );
#849 = FACE_OUTER_BOUND( '', #1574, .T. );
#850 = PLANE( '', #1575 );
#851 = SURFACE_STYLE_USAGE( .BOTH., #1576 );
#852 = FACE_OUTER_BOUND( '', #1577, .T. );
#853 = PLANE( '', #1578 );
#854 = SURFACE_STYLE_USAGE( .BOTH., #1579 );
#855 = FACE_OUTER_BOUND( '', #1580, .T. );
#856 = PLANE( '', #1581 );
#857 = SURFACE_STYLE_USAGE( .BOTH., #1582 );
#858 = FACE_OUTER_BOUND( '', #1583, .T. );
#859 = PLANE( '', #1584 );
#860 = SURFACE_STYLE_USAGE( .BOTH., #1585 );
#861 = FACE_OUTER_BOUND( '', #1586, .T. );
#862 = PLANE( '', #1587 );
#863 = SURFACE_STYLE_USAGE( .BOTH., #1588 );
#864 = FACE_OUTER_BOUND( '', #1589, .T. );
#865 = PLANE( '', #1590 );
#866 = SURFACE_STYLE_USAGE( .BOTH., #1591 );
#867 = FACE_OUTER_BOUND( '', #1592, .T. );
#868 = PLANE( '', #1593 );
#869 = SURFACE_STYLE_USAGE( .BOTH., #1594 );
#870 = FACE_OUTER_BOUND( '', #1595, .T. );
#871 = PLANE( '', #1596 );
#872 = SURFACE_STYLE_USAGE( .BOTH., #1597 );
#873 = FACE_OUTER_BOUND( '', #1598, .T. );
#874 = PLANE( '', #1599 );
#875 = SURFACE_STYLE_USAGE( .BOTH., #1600 );
#876 = FACE_OUTER_BOUND( '', #1601, .T. );
#877 = PLANE( '', #1602 );
#878 = SURFACE_STYLE_USAGE( .BOTH., #1603 );
#879 = FACE_OUTER_BOUND( '', #1604, .T. );
#880 = PLANE( '', #1605 );
#881 = SURFACE_STYLE_USAGE( .BOTH., #1606 );
#882 = FACE_OUTER_BOUND( '', #1607, .T. );
#883 = PLANE( '', #1608 );
#884 = SURFACE_STYLE_USAGE( .BOTH., #1609 );
#885 = FACE_OUTER_BOUND( '', #1610, .T. );
#886 = PLANE( '', #1611 );
#887 = SURFACE_STYLE_USAGE( .BOTH., #1612 );
#888 = FACE_OUTER_BOUND( '', #1613, .T. );
#889 = PLANE( '', #1614 );
#890 = SURFACE_STYLE_USAGE( .BOTH., #1615 );
#891 = FACE_OUTER_BOUND( '', #1616, .T. );
#892 = PLANE( '', #1617 );
#893 = SURFACE_STYLE_USAGE( .BOTH., #1618 );
#894 = FACE_OUTER_BOUND( '', #1619, .T. );
#895 = PLANE( '', #1620 );
#896 = SURFACE_STYLE_USAGE( .BOTH., #1621 );
#897 = FACE_OUTER_BOUND( '', #1622, .T. );
#898 = PLANE( '', #1623 );
#899 = SURFACE_STYLE_USAGE( .BOTH., #1624 );
#900 = FACE_OUTER_BOUND( '', #1625, .T. );
#901 = PLANE( '', #1626 );
#902 = SURFACE_STYLE_USAGE( .BOTH., #1627 );
#903 = FACE_OUTER_BOUND( '', #1628, .T. );
#904 = PLANE( '', #1629 );
#905 = SURFACE_STYLE_USAGE( .BOTH., #1630 );
#906 = FACE_OUTER_BOUND( '', #1631, .T. );
#907 = PLANE( '', #1632 );
#908 = SURFACE_STYLE_USAGE( .BOTH., #1633 );
#909 = FACE_OUTER_BOUND( '', #1634, .T. );
#910 = CYLINDRICAL_SURFACE( '', #1635, 3.01805555555556 );
#911 = SURFACE_STYLE_USAGE( .BOTH., #1636 );
#912 = FACE_OUTER_BOUND( '', #1637, .T. );
#913 = FACE_OUTER_BOUND( '', #1638, .T. );
#914 = TOROIDAL_SURFACE( '', #1639, 0.900000000000000, 0.500000000000000 );
#915 = SURFACE_STYLE_USAGE( .BOTH., #1640 );
#916 = FACE_OUTER_BOUND( '', #1641, .T. );
#917 = PLANE( '', #1642 );
#918 = SURFACE_STYLE_USAGE( .BOTH., #1643 );
#919 = FACE_OUTER_BOUND( '', #1644, .T. );
#920 = PLANE( '', #1645 );
#921 = SURFACE_STYLE_USAGE( .BOTH., #1646 );
#922 = FACE_OUTER_BOUND( '', #1647, .T. );
#923 = PLANE( '', #1648 );
#924 = SURFACE_STYLE_USAGE( .BOTH., #1649 );
#925 = FACE_OUTER_BOUND( '', #1650, .T. );
#926 = PLANE( '', #1651 );
#927 = SURFACE_STYLE_USAGE( .BOTH., #1652 );
#928 = FACE_OUTER_BOUND( '', #1653, .T. );
#929 = PLANE( '', #1654 );
#930 = SURFACE_STYLE_USAGE( .BOTH., #1655 );
#931 = FACE_OUTER_BOUND( '', #1656, .T. );
#932 = PLANE( '', #1657 );
#933 = SURFACE_STYLE_USAGE( .BOTH., #1658 );
#934 = FACE_OUTER_BOUND( '', #1659, .T. );
#935 = PLANE( '', #1660 );
#936 = SURFACE_STYLE_USAGE( .BOTH., #1661 );
#937 = FACE_OUTER_BOUND( '', #1662, .T. );
#938 = PLANE( '', #1663 );
#939 = SURFACE_STYLE_USAGE( .BOTH., #1664 );
#940 = FACE_OUTER_BOUND( '', #1665, .T. );
#941 = PLANE( '', #1666 );
#942 = SURFACE_STYLE_USAGE( .BOTH., #1667 );
#943 = FACE_OUTER_BOUND( '', #1668, .T. );
#944 = PLANE( '', #1669 );
#945 = SURFACE_STYLE_USAGE( .BOTH., #1670 );
#946 = FACE_OUTER_BOUND( '', #1671, .T. );
#947 = PLANE( '', #1672 );
#948 = SURFACE_STYLE_USAGE( .BOTH., #1673 );
#949 = FACE_OUTER_BOUND( '', #1674, .T. );
#950 = PLANE( '', #1675 );
#951 = SURFACE_STYLE_USAGE( .BOTH., #1676 );
#952 = FACE_OUTER_BOUND( '', #1677, .T. );
#953 = PLANE( '', #1678 );
#954 = SURFACE_STYLE_USAGE( .BOTH., #1679 );
#955 = FACE_OUTER_BOUND( '', #1680, .T. );
#956 = PLANE( '', #1681 );
#957 = SURFACE_STYLE_USAGE( .BOTH., #1682 );
#958 = FACE_OUTER_BOUND( '', #1683, .T. );
#959 = PLANE( '', #1684 );
#960 = SURFACE_STYLE_USAGE( .BOTH., #1685 );
#961 = FACE_OUTER_BOUND( '', #1686, .T. );
#962 = FACE_OUTER_BOUND( '', #1687, .T. );
#963 = CYLINDRICAL_SURFACE( '', #1688, 1.40000000000000 );
#964 = SURFACE_STYLE_USAGE( .BOTH., #1689 );
#965 = FACE_OUTER_BOUND( '', #1690, .T. );
#966 = PLANE( '', #1691 );
#967 = SURFACE_STYLE_USAGE( .BOTH., #1692 );
#968 = FACE_OUTER_BOUND( '', #1693, .T. );
#969 = PLANE( '', #1694 );
#970 = SURFACE_STYLE_USAGE( .BOTH., #1695 );
#971 = FACE_OUTER_BOUND( '', #1696, .T. );
#972 = PLANE( '', #1697 );
#973 = SURFACE_STYLE_USAGE( .BOTH., #1698 );
#974 = FACE_OUTER_BOUND( '', #1699, .T. );
#975 = FACE_BOUND( '', #1700, .T. );
#976 = PLANE( '', #1701 );
#977 = SURFACE_STYLE_USAGE( .BOTH., #1702 );
#978 = FACE_OUTER_BOUND( '', #1703, .T. );
#979 = CYLINDRICAL_SURFACE( '', #1704, 3.01805555555556 );
#980 = SURFACE_STYLE_USAGE( .BOTH., #1705 );
#981 = FACE_OUTER_BOUND( '', #1706, .T. );
#982 = PLANE( '', #1707 );
#983 = SURFACE_STYLE_USAGE( .BOTH., #1708 );
#984 = FACE_OUTER_BOUND( '', #1709, .T. );
#985 = PLANE( '', #1710 );
#986 = SURFACE_STYLE_USAGE( .BOTH., #1711 );
#987 = FACE_OUTER_BOUND( '', #1712, .T. );
#988 = PLANE( '', #1713 );
#989 = SURFACE_STYLE_USAGE( .BOTH., #1714 );
#990 = FACE_OUTER_BOUND( '', #1715, .T. );
#991 = PLANE( '', #1716 );
#992 = SURFACE_STYLE_USAGE( .BOTH., #1717 );
#993 = FACE_OUTER_BOUND( '', #1718, .T. );
#994 = PLANE( '', #1719 );
#995 = SURFACE_STYLE_USAGE( .BOTH., #1720 );
#996 = FACE_OUTER_BOUND( '', #1721, .T. );
#997 = PLANE( '', #1722 );
#998 = SURFACE_STYLE_USAGE( .BOTH., #1723 );
#999 = FACE_OUTER_BOUND( '', #1724, .T. );
#1000 = PLANE( '', #1725 );
#1001 = SURFACE_STYLE_USAGE( .BOTH., #1726 );
#1002 = FACE_OUTER_BOUND( '', #1727, .T. );
#1003 = PLANE( '', #1728 );
#1004 = SURFACE_STYLE_USAGE( .BOTH., #1729 );
#1005 = FACE_OUTER_BOUND( '', #1730, .T. );
#1006 = PLANE( '', #1731 );
#1007 = SURFACE_STYLE_USAGE( .BOTH., #1732 );
#1008 = FACE_OUTER_BOUND( '', #1733, .T. );
#1009 = PLANE( '', #1734 );
#1010 = SURFACE_STYLE_USAGE( .BOTH., #1735 );
#1011 = FACE_OUTER_BOUND( '', #1736, .T. );
#1012 = PLANE( '', #1737 );
#1013 = SURFACE_STYLE_USAGE( .BOTH., #1738 );
#1014 = FACE_OUTER_BOUND( '', #1739, .T. );
#1015 = PLANE( '', #1740 );
#1016 = SURFACE_STYLE_USAGE( .BOTH., #1741 );
#1017 = FACE_OUTER_BOUND( '', #1742, .T. );
#1018 = PLANE( '', #1743 );
#1019 = SURFACE_STYLE_USAGE( .BOTH., #1744 );
#1020 = FACE_OUTER_BOUND( '', #1745, .T. );
#1021 = PLANE( '', #1746 );
#1022 = SURFACE_STYLE_USAGE( .BOTH., #1747 );
#1023 = FACE_OUTER_BOUND( '', #1748, .T. );
#1024 = PLANE( '', #1749 );
#1025 = SURFACE_STYLE_USAGE( .BOTH., #1750 );
#1026 = FACE_OUTER_BOUND( '', #1751, .T. );
#1027 = PLANE( '', #1752 );
#1028 = SURFACE_STYLE_USAGE( .BOTH., #1753 );
#1029 = FACE_OUTER_BOUND( '', #1754, .T. );
#1030 = PLANE( '', #1755 );
#1031 = SURFACE_STYLE_USAGE( .BOTH., #1756 );
#1032 = FACE_OUTER_BOUND( '', #1757, .T. );
#1033 = PLANE( '', #1758 );
#1034 = SURFACE_STYLE_USAGE( .BOTH., #1759 );
#1035 = FACE_OUTER_BOUND( '', #1760, .T. );
#1036 = PLANE( '', #1761 );
#1037 = SURFACE_STYLE_USAGE( .BOTH., #1762 );
#1038 = FACE_OUTER_BOUND( '', #1763, .T. );
#1039 = PLANE( '', #1764 );
#1040 = SURFACE_STYLE_USAGE( .BOTH., #1765 );
#1041 = FACE_OUTER_BOUND( '', #1766, .T. );
#1042 = PLANE( '', #1767 );
#1043 = SURFACE_STYLE_USAGE( .BOTH., #1768 );
#1044 = FACE_OUTER_BOUND( '', #1769, .T. );
#1045 = FACE_OUTER_BOUND( '', #1770, .T. );
#1046 = CYLINDRICAL_SURFACE( '', #1771, 1.40000000000000 );
#1047 = SURFACE_STYLE_USAGE( .BOTH., #1772 );
#1048 = FACE_OUTER_BOUND( '', #1773, .T. );
#1049 = PLANE( '', #1774 );
#1050 = SURFACE_STYLE_USAGE( .BOTH., #1775 );
#1051 = FACE_OUTER_BOUND( '', #1776, .T. );
#1052 = PLANE( '', #1777 );
#1053 = SURFACE_STYLE_USAGE( .BOTH., #1778 );
#1054 = FACE_OUTER_BOUND( '', #1779, .T. );
#1055 = PLANE( '', #1780 );
#1056 = SURFACE_STYLE_USAGE( .BOTH., #1781 );
#1057 = FACE_OUTER_BOUND( '', #1782, .T. );
#1058 = PLANE( '', #1783 );
#1059 = SURFACE_STYLE_USAGE( .BOTH., #1784 );
#1060 = FACE_OUTER_BOUND( '', #1785, .T. );
#1061 = PLANE( '', #1786 );
#1062 = SURFACE_STYLE_USAGE( .BOTH., #1787 );
#1063 = FACE_OUTER_BOUND( '', #1788, .T. );
#1064 = PLANE( '', #1789 );
#1065 = SURFACE_STYLE_USAGE( .BOTH., #1790 );
#1066 = FACE_OUTER_BOUND( '', #1791, .T. );
#1067 = PLANE( '', #1792 );
#1068 = SURFACE_STYLE_USAGE( .BOTH., #1793 );
#1069 = FACE_OUTER_BOUND( '', #1794, .T. );
#1070 = PLANE( '', #1795 );
#1071 = SURFACE_STYLE_USAGE( .BOTH., #1796 );
#1072 = FACE_OUTER_BOUND( '', #1797, .T. );
#1073 = PLANE( '', #1798 );
#1074 = SURFACE_STYLE_USAGE( .BOTH., #1799 );
#1075 = FACE_OUTER_BOUND( '', #1800, .T. );
#1076 = CYLINDRICAL_SURFACE( '', #1801, 3.01805555555556 );
#1077 = SURFACE_STYLE_USAGE( .BOTH., #1802 );
#1078 = FACE_OUTER_BOUND( '', #1803, .T. );
#1079 = PLANE( '', #1804 );
#1080 = SURFACE_STYLE_USAGE( .BOTH., #1805 );
#1081 = FACE_OUTER_BOUND( '', #1806, .T. );
#1082 = PLANE( '', #1807 );
#1083 = SURFACE_STYLE_USAGE( .BOTH., #1808 );
#1084 = FACE_OUTER_BOUND( '', #1809, .T. );
#1085 = PLANE( '', #1810 );
#1086 = SURFACE_STYLE_USAGE( .BOTH., #1811 );
#1087 = FACE_OUTER_BOUND( '', #1812, .T. );
#1088 = PLANE( '', #1813 );
#1089 = SURFACE_STYLE_USAGE( .BOTH., #1814 );
#1090 = FACE_OUTER_BOUND( '', #1815, .T. );
#1091 = PLANE( '', #1816 );
#1092 = SURFACE_STYLE_USAGE( .BOTH., #1817 );
#1093 = FACE_OUTER_BOUND( '', #1818, .T. );
#1094 = PLANE( '', #1819 );
#1095 = SURFACE_STYLE_USAGE( .BOTH., #1820 );
#1096 = FACE_OUTER_BOUND( '', #1821, .T. );
#1097 = PLANE( '', #1822 );
#1098 = SURFACE_STYLE_USAGE( .BOTH., #1823 );
#1099 = FACE_OUTER_BOUND( '', #1824, .T. );
#1100 = PLANE( '', #1825 );
#1101 = SURFACE_STYLE_USAGE( .BOTH., #1826 );
#1102 = FACE_OUTER_BOUND( '', #1827, .T. );
#1103 = PLANE( '', #1828 );
#1104 = SURFACE_STYLE_USAGE( .BOTH., #1829 );
#1105 = FACE_OUTER_BOUND( '', #1830, .T. );
#1106 = PLANE( '', #1831 );
#1107 = SURFACE_STYLE_USAGE( .BOTH., #1832 );
#1108 = FACE_OUTER_BOUND( '', #1833, .T. );
#1109 = PLANE( '', #1834 );
#1110 = SURFACE_STYLE_USAGE( .BOTH., #1835 );
#1111 = FACE_OUTER_BOUND( '', #1836, .T. );
#1112 = PLANE( '', #1837 );
#1113 = SURFACE_STYLE_USAGE( .BOTH., #1838 );
#1114 = FACE_OUTER_BOUND( '', #1839, .T. );
#1115 = PLANE( '', #1840 );
#1116 = SURFACE_STYLE_USAGE( .BOTH., #1841 );
#1117 = FACE_OUTER_BOUND( '', #1842, .T. );
#1118 = PLANE( '', #1843 );
#1119 = SURFACE_STYLE_USAGE( .BOTH., #1844 );
#1120 = FACE_OUTER_BOUND( '', #1845, .T. );
#1121 = PLANE( '', #1846 );
#1122 = SURFACE_STYLE_USAGE( .BOTH., #1847 );
#1123 = FACE_OUTER_BOUND( '', #1848, .T. );
#1124 = PLANE( '', #1849 );
#1125 = SURFACE_STYLE_USAGE( .BOTH., #1850 );
#1126 = FACE_OUTER_BOUND( '', #1851, .T. );
#1127 = PLANE( '', #1852 );
#1128 = SURFACE_STYLE_USAGE( .BOTH., #1853 );
#1129 = FACE_OUTER_BOUND( '', #1854, .T. );
#1130 = PLANE( '', #1855 );
#1131 = SURFACE_STYLE_USAGE( .BOTH., #1856 );
#1132 = FACE_OUTER_BOUND( '', #1857, .T. );
#1133 = FACE_OUTER_BOUND( '', #1858, .T. );
#1134 = TOROIDAL_SURFACE( '', #1859, 0.900000000000000, 0.500000000000000 );
#1135 = SURFACE_STYLE_USAGE( .BOTH., #1860 );
#1136 = FACE_OUTER_BOUND( '', #1861, .T. );
#1137 = PLANE( '', #1862 );
#1138 = SURFACE_STYLE_USAGE( .BOTH., #1863 );
#1139 = FACE_OUTER_BOUND( '', #1864, .T. );
#1140 = FACE_OUTER_BOUND( '', #1865, .T. );
#1141 = CYLINDRICAL_SURFACE( '', #1866, 1.40000000000000 );
#1142 = SURFACE_STYLE_USAGE( .BOTH., #1867 );
#1143 = FACE_OUTER_BOUND( '', #1868, .T. );
#1144 = PLANE( '', #1869 );
#1145 = SURFACE_STYLE_USAGE( .BOTH., #1870 );
#1146 = FACE_OUTER_BOUND( '', #1871, .T. );
#1147 = PLANE( '', #1872 );
#1148 = SURFACE_STYLE_USAGE( .BOTH., #1873 );
#1149 = FACE_OUTER_BOUND( '', #1874, .T. );
#1150 = PLANE( '', #1875 );
#1151 = SURFACE_STYLE_USAGE( .BOTH., #1876 );
#1152 = FACE_OUTER_BOUND( '', #1877, .T. );
#1153 = PLANE( '', #1878 );
#1154 = SURFACE_STYLE_USAGE( .BOTH., #1879 );
#1155 = FACE_OUTER_BOUND( '', #1880, .T. );
#1156 = PLANE( '', #1881 );
#1157 = SURFACE_STYLE_USAGE( .BOTH., #1882 );
#1158 = FACE_OUTER_BOUND( '', #1883, .T. );
#1159 = PLANE( '', #1884 );
#1160 = SURFACE_STYLE_USAGE( .BOTH., #1885 );
#1161 = FACE_OUTER_BOUND( '', #1886, .T. );
#1162 = PLANE( '', #1887 );
#1163 = SURFACE_STYLE_USAGE( .BOTH., #1888 );
#1164 = FACE_OUTER_BOUND( '', #1889, .T. );
#1165 = PLANE( '', #1890 );
#1166 = SURFACE_STYLE_USAGE( .BOTH., #1891 );
#1167 = FACE_OUTER_BOUND( '', #1892, .T. );
#1168 = PLANE( '', #1893 );
#1169 = SURFACE_STYLE_USAGE( .BOTH., #1894 );
#1170 = FACE_OUTER_BOUND( '', #1895, .T. );
#1171 = PLANE( '', #1896 );
#1172 = SURFACE_STYLE_USAGE( .BOTH., #1897 );
#1173 = FACE_OUTER_BOUND( '', #1898, .T. );
#1174 = PLANE( '', #1899 );
#1175 = SURFACE_STYLE_USAGE( .BOTH., #1900 );
#1176 = FACE_OUTER_BOUND( '', #1901, .T. );
#1177 = PLANE( '', #1902 );
#1178 = SURFACE_STYLE_USAGE( .BOTH., #1903 );
#1179 = FACE_OUTER_BOUND( '', #1904, .T. );
#1180 = PLANE( '', #1905 );
#1181 = SURFACE_STYLE_USAGE( .BOTH., #1906 );
#1182 = FACE_OUTER_BOUND( '', #1907, .T. );
#1183 = PLANE( '', #1908 );
#1184 = SURFACE_STYLE_USAGE( .BOTH., #1909 );
#1185 = FACE_OUTER_BOUND( '', #1910, .T. );
#1186 = PLANE( '', #1911 );
#1187 = SURFACE_STYLE_USAGE( .BOTH., #1912 );
#1188 = FACE_OUTER_BOUND( '', #1913, .T. );
#1189 = PLANE( '', #1914 );
#1190 = SURFACE_STYLE_USAGE( .BOTH., #1915 );
#1191 = FACE_OUTER_BOUND( '', #1916, .T. );
#1192 = PLANE( '', #1917 );
#1193 = SURFACE_STYLE_USAGE( .BOTH., #1918 );
#1194 = FACE_OUTER_BOUND( '', #1919, .T. );
#1195 = PLANE( '', #1920 );
#1196 = SURFACE_STYLE_USAGE( .BOTH., #1921 );
#1197 = FACE_OUTER_BOUND( '', #1922, .T. );
#1198 = PLANE( '', #1923 );
#1199 = SURFACE_STYLE_USAGE( .BOTH., #1924 );
#1200 = FACE_OUTER_BOUND( '', #1925, .T. );
#1201 = PLANE( '', #1926 );
#1202 = SURFACE_STYLE_USAGE( .BOTH., #1927 );
#1203 = FACE_OUTER_BOUND( '', #1928, .T. );
#1204 = PLANE( '', #1929 );
#1205 = SURFACE_STYLE_USAGE( .BOTH., #1930 );
#1206 = FACE_OUTER_BOUND( '', #1931, .T. );
#1207 = PLANE( '', #1932 );
#1208 = SURFACE_STYLE_USAGE( .BOTH., #1933 );
#1209 = FACE_OUTER_BOUND( '', #1934, .T. );
#1210 = PLANE( '', #1935 );
#1211 = SURFACE_STYLE_USAGE( .BOTH., #1936 );
#1212 = FACE_OUTER_BOUND( '', #1937, .T. );
#1213 = PLANE( '', #1938 );
#1214 = SURFACE_STYLE_USAGE( .BOTH., #1939 );
#1215 = FACE_OUTER_BOUND( '', #1940, .T. );
#1216 = PLANE( '', #1941 );
#1217 = SURFACE_STYLE_USAGE( .BOTH., #1942 );
#1218 = FACE_OUTER_BOUND( '', #1943, .T. );
#1219 = PLANE( '', #1944 );
#1220 = SURFACE_STYLE_USAGE( .BOTH., #1945 );
#1221 = FACE_OUTER_BOUND( '', #1946, .T. );
#1222 = PLANE( '', #1947 );
#1223 = SURFACE_STYLE_USAGE( .BOTH., #1948 );
#1224 = FACE_OUTER_BOUND( '', #1949, .T. );
#1225 = PLANE( '', #1950 );
#1226 = SURFACE_STYLE_USAGE( .BOTH., #1951 );
#1227 = FACE_OUTER_BOUND( '', #1952, .T. );
#1228 = PLANE( '', #1953 );
#1229 = SURFACE_STYLE_USAGE( .BOTH., #1954 );
#1230 = FACE_OUTER_BOUND( '', #1955, .T. );
#1231 = PLANE( '', #1956 );
#1232 = SURFACE_STYLE_USAGE( .BOTH., #1957 );
#1233 = FACE_OUTER_BOUND( '', #1958, .T. );
#1234 = PLANE( '', #1959 );
#1235 = SURFACE_STYLE_USAGE( .BOTH., #1960 );
#1236 = FACE_OUTER_BOUND( '', #1961, .T. );
#1237 = PLANE( '', #1962 );
#1238 = SURFACE_STYLE_USAGE( .BOTH., #1963 );
#1239 = FACE_OUTER_BOUND( '', #1964, .T. );
#1240 = PLANE( '', #1965 );
#1241 = SURFACE_STYLE_USAGE( .BOTH., #1966 );
#1242 = FACE_OUTER_BOUND( '', #1967, .T. );
#1243 = PLANE( '', #1968 );
#1244 = SURFACE_STYLE_USAGE( .BOTH., #1969 );
#1245 = FACE_OUTER_BOUND( '', #1970, .T. );
#1246 = CYLINDRICAL_SURFACE( '', #1971, 3.01805555555556 );
#1247 = SURFACE_STYLE_USAGE( .BOTH., #1972 );
#1248 = FACE_OUTER_BOUND( '', #1973, .T. );
#1249 = PLANE( '', #1974 );
#1250 = SURFACE_STYLE_USAGE( .BOTH., #1975 );
#1251 = FACE_OUTER_BOUND( '', #1976, .T. );
#1252 = PLANE( '', #1977 );
#1253 = SURFACE_STYLE_USAGE( .BOTH., #1978 );
#1254 = FACE_OUTER_BOUND( '', #1979, .T. );
#1255 = PLANE( '', #1980 );
#1256 = SURFACE_STYLE_USAGE( .BOTH., #1981 );
#1257 = FACE_OUTER_BOUND( '', #1982, .T. );
#1258 = PLANE( '', #1983 );
#1259 = SURFACE_STYLE_USAGE( .BOTH., #1984 );
#1260 = FACE_OUTER_BOUND( '', #1985, .T. );
#1261 = PLANE( '', #1986 );
#1262 = SURFACE_STYLE_USAGE( .BOTH., #1987 );
#1263 = FACE_OUTER_BOUND( '', #1988, .T. );
#1264 = PLANE( '', #1989 );
#1265 = SURFACE_STYLE_USAGE( .BOTH., #1990 );
#1266 = FACE_OUTER_BOUND( '', #1991, .T. );
#1267 = FACE_BOUND( '', #1992, .T. );
#1268 = PLANE( '', #1993 );
#1269 = SURFACE_STYLE_USAGE( .BOTH., #1994 );
#1270 = FACE_OUTER_BOUND( '', #1995, .T. );
#1271 = PLANE( '', #1996 );
#1272 = SURFACE_STYLE_USAGE( .BOTH., #1997 );
#1273 = FACE_OUTER_BOUND( '', #1998, .T. );
#1274 = PLANE( '', #1999 );
#1275 = SURFACE_STYLE_USAGE( .BOTH., #2000 );
#1276 = FACE_OUTER_BOUND( '', #2001, .T. );
#1277 = PLANE( '', #2002 );
#1278 = SURFACE_STYLE_USAGE( .BOTH., #2003 );
#1279 = FACE_OUTER_BOUND( '', #2004, .T. );
#1280 = FACE_OUTER_BOUND( '', #2005, .T. );
#1281 = CYLINDRICAL_SURFACE( '', #2006, 1.40000000000000 );
#1282 = SURFACE_STYLE_USAGE( .BOTH., #2007 );
#1283 = FACE_OUTER_BOUND( '', #2008, .T. );
#1284 = PLANE( '', #2009 );
#1285 = SURFACE_STYLE_USAGE( .BOTH., #2010 );
#1286 = FACE_OUTER_BOUND( '', #2011, .T. );
#1287 = PLANE( '', #2012 );
#1288 = SURFACE_STYLE_USAGE( .BOTH., #2013 );
#1289 = FACE_OUTER_BOUND( '', #2014, .T. );
#1290 = PLANE( '', #2015 );
#1291 = SURFACE_STYLE_USAGE( .BOTH., #2016 );
#1292 = FACE_OUTER_BOUND( '', #2017, .T. );
#1293 = PLANE( '', #2018 );
#1294 = SURFACE_STYLE_USAGE( .BOTH., #2019 );
#1295 = FACE_OUTER_BOUND( '', #2020, .T. );
#1296 = PLANE( '', #2021 );
#1297 = SURFACE_STYLE_USAGE( .BOTH., #2022 );
#1298 = FACE_OUTER_BOUND( '', #2023, .T. );
#1299 = FACE_BOUND( '', #2024, .T. );
#1300 = PLANE( '', #2025 );
#1301 = SURFACE_STYLE_USAGE( .BOTH., #2026 );
#1302 = FACE_OUTER_BOUND( '', #2027, .T. );
#1303 = PLANE( '', #2028 );
#1304 = SURFACE_STYLE_USAGE( .BOTH., #2029 );
#1305 = FACE_OUTER_BOUND( '', #2030, .T. );
#1306 = PLANE( '', #2031 );
#1307 = SURFACE_STYLE_USAGE( .BOTH., #2032 );
#1308 = FACE_OUTER_BOUND( '', #2033, .T. );
#1309 = PLANE( '', #2034 );
#1310 = SURFACE_STYLE_USAGE( .BOTH., #2035 );
#1311 = FACE_OUTER_BOUND( '', #2036, .T. );
#1312 = PLANE( '', #2037 );
#1313 = SURFACE_STYLE_USAGE( .BOTH., #2038 );
#1314 = FACE_OUTER_BOUND( '', #2039, .T. );
#1315 = PLANE( '', #2040 );
#1316 = SURFACE_STYLE_USAGE( .BOTH., #2041 );
#1317 = FACE_OUTER_BOUND( '', #2042, .T. );
#1318 = PLANE( '', #2043 );
#1319 = SURFACE_STYLE_USAGE( .BOTH., #2044 );
#1320 = FACE_OUTER_BOUND( '', #2045, .T. );
#1321 = FACE_OUTER_BOUND( '', #2046, .T. );
#1322 = TOROIDAL_SURFACE( '', #2047, 0.900000000000000, 0.500000000000000 );
#1323 = SURFACE_STYLE_USAGE( .BOTH., #2048 );
#1324 = FACE_OUTER_BOUND( '', #2049, .T. );
#1325 = PLANE( '', #2050 );
#1326 = SURFACE_STYLE_USAGE( .BOTH., #2051 );
#1327 = FACE_OUTER_BOUND( '', #2052, .T. );
#1328 = PLANE( '', #2053 );
#1329 = SURFACE_STYLE_USAGE( .BOTH., #2054 );
#1330 = FACE_OUTER_BOUND( '', #2055, .T. );
#1331 = FACE_OUTER_BOUND( '', #2056, .T. );
#1332 = TOROIDAL_SURFACE( '', #2057, 0.900000000000000, 0.500000000000000 );
#1333 = SURFACE_STYLE_USAGE( .BOTH., #2058 );
#1334 = FACE_OUTER_BOUND( '', #2059, .T. );
#1335 = PLANE( '', #2060 );
#1336 = SURFACE_STYLE_USAGE( .BOTH., #2061 );
#1337 = FACE_OUTER_BOUND( '', #2062, .T. );
#1338 = PLANE( '', #2063 );
#1339 = SURFACE_STYLE_USAGE( .BOTH., #2064 );
#1340 = FACE_OUTER_BOUND( '', #2065, .T. );
#1341 = PLANE( '', #2066 );
#1342 = SURFACE_STYLE_USAGE( .BOTH., #2067 );
#1343 = FACE_OUTER_BOUND( '', #2068, .T. );
#1344 = PLANE( '', #2069 );
#1345 = SURFACE_STYLE_USAGE( .BOTH., #2070 );
#1346 = FACE_OUTER_BOUND( '', #2071, .T. );
#1347 = PLANE( '', #2072 );
#1348 = SURFACE_STYLE_USAGE( .BOTH., #2073 );
#1349 = FACE_OUTER_BOUND( '', #2074, .T. );
#1350 = PLANE( '', #2075 );
#1351 = SURFACE_STYLE_USAGE( .BOTH., #2076 );
#1352 = FACE_OUTER_BOUND( '', #2077, .T. );
#1353 = PLANE( '', #2078 );
#1354 = SURFACE_STYLE_USAGE( .BOTH., #2079 );
#1355 = FACE_OUTER_BOUND( '', #2080, .T. );
#1356 = PLANE( '', #2081 );
#1357 = SURFACE_STYLE_USAGE( .BOTH., #2082 );
#1358 = FACE_OUTER_BOUND( '', #2083, .T. );
#1359 = PLANE( '', #2084 );
#1360 = SURFACE_STYLE_USAGE( .BOTH., #2085 );
#1361 = FACE_OUTER_BOUND( '', #2086, .T. );
#1362 = PLANE( '', #2087 );
#1363 = SURFACE_STYLE_USAGE( .BOTH., #2088 );
#1364 = FACE_OUTER_BOUND( '', #2089, .T. );
#1365 = PLANE( '', #2090 );
#1366 = SURFACE_STYLE_USAGE( .BOTH., #2091 );
#1367 = FACE_OUTER_BOUND( '', #2092, .T. );
#1368 = PLANE( '', #2093 );
#1369 = SURFACE_STYLE_USAGE( .BOTH., #2094 );
#1370 = FACE_OUTER_BOUND( '', #2095, .T. );
#1371 = PLANE( '', #2096 );
#1372 = SURFACE_STYLE_USAGE( .BOTH., #2097 );
#1373 = FACE_OUTER_BOUND( '', #2098, .T. );
#1374 = PLANE( '', #2099 );
#1375 = SURFACE_STYLE_USAGE( .BOTH., #2100 );
#1376 = FACE_OUTER_BOUND( '', #2101, .T. );
#1377 = PLANE( '', #2102 );
#1378 = SURFACE_STYLE_USAGE( .BOTH., #2103 );
#1379 = FACE_OUTER_BOUND( '', #2104, .T. );
#1380 = PLANE( '', #2105 );
#1381 = SURFACE_STYLE_USAGE( .BOTH., #2106 );
#1382 = FACE_OUTER_BOUND( '', #2107, .T. );
#1383 = PLANE( '', #2108 );
#1384 = SURFACE_STYLE_USAGE( .BOTH., #2109 );
#1385 = FACE_OUTER_BOUND( '', #2110, .T. );
#1386 = PLANE( '', #2111 );
#1387 = SURFACE_STYLE_USAGE( .BOTH., #2112 );
#1388 = FACE_OUTER_BOUND( '', #2113, .T. );
#1389 = PLANE( '', #2114 );
#1390 = SURFACE_STYLE_USAGE( .BOTH., #2115 );
#1391 = FACE_OUTER_BOUND( '', #2116, .T. );
#1392 = PLANE( '', #2117 );
#1393 = SURFACE_STYLE_USAGE( .BOTH., #2118 );
#1394 = FACE_OUTER_BOUND( '', #2119, .T. );
#1395 = PLANE( '', #2120 );
#1396 = SURFACE_STYLE_USAGE( .BOTH., #2121 );
#1397 = FACE_OUTER_BOUND( '', #2122, .T. );
#1398 = PLANE( '', #2123 );
#1399 = SURFACE_STYLE_USAGE( .BOTH., #2124 );
#1400 = FACE_OUTER_BOUND( '', #2125, .T. );
#1401 = PLANE( '', #2126 );
#1402 = SURFACE_STYLE_USAGE( .BOTH., #2127 );
#1403 = FACE_OUTER_BOUND( '', #2128, .T. );
#1404 = PLANE( '', #2129 );
#1405 = SURFACE_STYLE_USAGE( .BOTH., #2130 );
#1406 = FACE_OUTER_BOUND( '', #2131, .T. );
#1407 = PLANE( '', #2132 );
#1408 = SURFACE_STYLE_USAGE( .BOTH., #2133 );
#1409 = FACE_OUTER_BOUND( '', #2134, .T. );
#1410 = PLANE( '', #2135 );
#1411 = SURFACE_STYLE_USAGE( .BOTH., #2136 );
#1412 = FACE_OUTER_BOUND( '', #2137, .T. );
#1413 = PLANE( '', #2138 );
#1414 = SURFACE_STYLE_USAGE( .BOTH., #2139 );
#1415 = FACE_OUTER_BOUND( '', #2140, .T. );
#1416 = PLANE( '', #2141 );
#1417 = SURFACE_STYLE_USAGE( .BOTH., #2142 );
#1418 = FACE_OUTER_BOUND( '', #2143, .T. );
#1419 = PLANE( '', #2144 );
#1420 = SURFACE_STYLE_USAGE( .BOTH., #2145 );
#1421 = FACE_OUTER_BOUND( '', #2146, .T. );
#1422 = PLANE( '', #2147 );
#1423 = SURFACE_STYLE_USAGE( .BOTH., #2148 );
#1424 = FACE_OUTER_BOUND( '', #2149, .T. );
#1425 = PLANE( '', #2150 );
#1426 = SURFACE_STYLE_USAGE( .BOTH., #2151 );
#1427 = FACE_OUTER_BOUND( '', #2152, .T. );
#1428 = FACE_OUTER_BOUND( '', #2153, .T. );
#1429 = TOROIDAL_SURFACE( '', #2154, 0.900000000000000, 0.500000000000000 );
#1430 = SURFACE_STYLE_USAGE( .BOTH., #2155 );
#1431 = FACE_OUTER_BOUND( '', #2156, .T. );
#1432 = FACE_OUTER_BOUND( '', #2157, .T. );
#1433 = CYLINDRICAL_SURFACE( '', #2158, 1.40000000000000 );
#1434 = SURFACE_STYLE_USAGE( .BOTH., #2159 );
#1435 = FACE_OUTER_BOUND( '', #2160, .T. );
#1436 = PLANE( '', #2161 );
#1437 = SURFACE_STYLE_USAGE( .BOTH., #2162 );
#1438 = FACE_OUTER_BOUND( '', #2163, .T. );
#1439 = PLANE( '', #2164 );
#1440 = SURFACE_STYLE_USAGE( .BOTH., #2165 );
#1441 = FACE_OUTER_BOUND( '', #2166, .T. );
#1442 = PLANE( '', #2167 );
#1443 = SURFACE_STYLE_USAGE( .BOTH., #2168 );
#1444 = FACE_OUTER_BOUND( '', #2169, .T. );
#1445 = FACE_BOUND( '', #2170, .T. );
#1446 = PLANE( '', #2171 );
#1447 = SURFACE_STYLE_USAGE( .BOTH., #2172 );
#1448 = FACE_OUTER_BOUND( '', #2173, .T. );
#1449 = PLANE( '', #2174 );
#1450 = SURFACE_STYLE_USAGE( .BOTH., #2175 );
#1451 = FACE_OUTER_BOUND( '', #2176, .T. );
#1452 = PLANE( '', #2177 );
#1453 = SURFACE_STYLE_USAGE( .BOTH., #2178 );
#1454 = FACE_OUTER_BOUND( '', #2179, .T. );
#1455 = PLANE( '', #2180 );
#1456 = SURFACE_STYLE_USAGE( .BOTH., #2181 );
#1457 = FACE_OUTER_BOUND( '', #2182, .T. );
#1458 = PLANE( '', #2183 );
#1459 = SURFACE_STYLE_USAGE( .BOTH., #2184 );
#1460 = FACE_OUTER_BOUND( '', #2185, .T. );
#1461 = PLANE( '', #2186 );
#1462 = SURFACE_STYLE_USAGE( .BOTH., #2187 );
#1463 = FACE_OUTER_BOUND( '', #2188, .T. );
#1464 = FACE_BOUND( '', #2189, .T. );
#1465 = PLANE( '', #2190 );
#1466 = SURFACE_STYLE_USAGE( .BOTH., #2191 );
#1467 = FACE_OUTER_BOUND( '', #2192, .T. );
#1468 = PLANE( '', #2193 );
#1469 = SURFACE_STYLE_USAGE( .BOTH., #2194 );
#1470 = FACE_BOUND( '', #2195, .T. );
#1471 = FACE_BOUND( '', #2196, .T. );
#1472 = FACE_BOUND( '', #2197, .T. );
#1473 = FACE_BOUND( '', #2198, .T. );
#1474 = FACE_BOUND( '', #2199, .T. );
#1475 = FACE_OUTER_BOUND( '', #2200, .T. );
#1476 = FACE_BOUND( '', #2201, .T. );
#1477 = PLANE( '', #2202 );
#1478 = SURFACE_STYLE_USAGE( .BOTH., #2203 );
#1479 = FACE_OUTER_BOUND( '', #2204, .T. );
#1480 = PLANE( '', #2205 );
#1481 = SURFACE_STYLE_USAGE( .BOTH., #2206 );
#1482 = FACE_OUTER_BOUND( '', #2207, .T. );
#1483 = FACE_BOUND( '', #2208, .T. );
#1484 = PLANE( '', #2209 );
#1485 = SURFACE_STYLE_USAGE( .BOTH., #2210 );
#1486 = FACE_OUTER_BOUND( '', #2211, .T. );
#1487 = PLANE( '', #2212 );
#1488 = SURFACE_STYLE_USAGE( .BOTH., #2213 );
#1489 = FACE_OUTER_BOUND( '', #2214, .T. );
#1490 = PLANE( '', #2215 );
#1491 = SURFACE_STYLE_USAGE( .BOTH., #2216 );
#1492 = FACE_OUTER_BOUND( '', #2217, .T. );
#1493 = PLANE( '', #2218 );
#1494 = SURFACE_STYLE_USAGE( .BOTH., #2219 );
#1495 = FACE_OUTER_BOUND( '', #2220, .T. );
#1496 = PLANE( '', #2221 );
#1497 = SURFACE_STYLE_USAGE( .BOTH., #2222 );
#1498 = FACE_OUTER_BOUND( '', #2223, .T. );
#1499 = PLANE( '', #2224 );
#1500 = SURFACE_STYLE_USAGE( .BOTH., #2225 );
#1501 = FACE_OUTER_BOUND( '', #2226, .T. );
#1502 = CYLINDRICAL_SURFACE( '', #2227, 3.01805555555556 );
#1503 = SURFACE_STYLE_USAGE( .BOTH., #2228 );
#1504 = FACE_OUTER_BOUND( '', #2229, .T. );
#1505 = PLANE( '', #2230 );
#1506 = SURFACE_STYLE_USAGE( .BOTH., #2231 );
#1507 = FACE_OUTER_BOUND( '', #2232, .T. );
#1508 = FACE_OUTER_BOUND( '', #2233, .T. );
#1509 = TOROIDAL_SURFACE( '', #2234, 0.900000000000000, 0.500000000000000 );
#1510 = SURFACE_STYLE_USAGE( .BOTH., #2235 );
#1511 = FACE_OUTER_BOUND( '', #2236, .T. );
#1512 = PLANE( '', #2237 );
#1513 = SURFACE_STYLE_USAGE( .BOTH., #2238 );
#1514 = FACE_OUTER_BOUND( '', #2239, .T. );
#1515 = PLANE( '', #2240 );
#1516 = SURFACE_STYLE_USAGE( .BOTH., #2241 );
#1517 = FACE_OUTER_BOUND( '', #2242, .T. );
#1518 = PLANE( '', #2243 );
#1519 = SURFACE_STYLE_USAGE( .BOTH., #2244 );
#1520 = FACE_OUTER_BOUND( '', #2245, .T. );
#1521 = PLANE( '', #2246 );
#1522 = SURFACE_STYLE_USAGE( .BOTH., #2247 );
#1523 = FACE_OUTER_BOUND( '', #2248, .T. );
#1524 = PLANE( '', #2249 );
#1525 = SURFACE_STYLE_USAGE( .BOTH., #2250 );
#1526 = FACE_OUTER_BOUND( '', #2251, .T. );
#1527 = FACE_OUTER_BOUND( '', #2252, .T. );
#1528 = CYLINDRICAL_SURFACE( '', #2253, 1.40000000000000 );
#1529 = SURFACE_STYLE_USAGE( .BOTH., #2254 );
#1530 = FACE_OUTER_BOUND( '', #2255, .T. );
#1531 = PLANE( '', #2256 );
#1532 = SURFACE_STYLE_USAGE( .BOTH., #2257 );
#1533 = FACE_OUTER_BOUND( '', #2258, .T. );
#1534 = PLANE( '', #2259 );
#1535 = SURFACE_STYLE_USAGE( .BOTH., #2260 );
#1536 = FACE_OUTER_BOUND( '', #2261, .T. );
#1537 = PLANE( '', #2262 );
#1538 = SURFACE_STYLE_USAGE( .BOTH., #2263 );
#1539 = FACE_OUTER_BOUND( '', #2264, .T. );
#1540 = PLANE( '', #2265 );
#1541 = SURFACE_STYLE_USAGE( .BOTH., #2266 );
#1542 = FACE_OUTER_BOUND( '', #2267, .T. );
#1543 = PLANE( '', #2268 );
#1544 = SURFACE_STYLE_USAGE( .BOTH., #2269 );
#1545 = FACE_OUTER_BOUND( '', #2270, .T. );
#1546 = CYLINDRICAL_SURFACE( '', #2271, 3.01805555555556 );
#1547 = SURFACE_STYLE_USAGE( .BOTH., #2272 );
#1548 = FACE_OUTER_BOUND( '', #2273, .T. );
#1549 = PLANE( '', #2274 );
#1550 = SURFACE_STYLE_USAGE( .BOTH., #2275 );
#1551 = FACE_OUTER_BOUND( '', #2276, .T. );
#1552 = PLANE( '', #2277 );
#1553 = SURFACE_STYLE_USAGE( .BOTH., #2278 );
#1554 = FACE_OUTER_BOUND( '', #2279, .T. );
#1555 = PLANE( '', #2280 );
#1556 = SURFACE_STYLE_USAGE( .BOTH., #2281 );
#1557 = FACE_OUTER_BOUND( '', #2282, .T. );
#1558 = PLANE( '', #2283 );
#1559 =  ( LENGTH_UNIT(  )NAMED_UNIT( #802 )SI_UNIT( .MILLI., .METRE. ) );
#1562 = LENGTH_MEASURE_WITH_UNIT( LENGTH_MEASURE( 1.00000000000000 ), #2285 );
#1565 = DIMENSIONAL_EXPONENTS( 1.00000000000000, 0.000000000000000, 0.000000000000000, 0.000000000000000, 0.000000000000000, 0.000000000000000, 0.000000000000000 );
#1567 = DIMENSIONAL_EXPONENTS( 0.000000000000000, 0.000000000000000, 0.000000000000000, 0.000000000000000, 0.000000000000000, 0.000000000000000, 0.000000000000000 );
#1573 = SURFACE_SIDE_STYLE( '', ( #2286 ) );
#1574 = EDGE_LOOP( '', ( #2287, #2288, #2289, #2290 ) );
#1575 = AXIS2_PLACEMENT_3D( '', #2291, #2292, #2293 );
#1576 = SURFACE_SIDE_STYLE( '', ( #2294 ) );
#1577 = EDGE_LOOP( '', ( #2295, #2296, #2297, #2298 ) );
#1578 = AXIS2_PLACEMENT_3D( '', #2299, #2300, #2301 );
#1579 = SURFACE_SIDE_STYLE( '', ( #2302 ) );
#1580 = EDGE_LOOP( '', ( #2303, #2304, #2305, #2306 ) );
#1581 = AXIS2_PLACEMENT_3D( '', #2307, #2308, #2309 );
#1582 = SURFACE_SIDE_STYLE( '', ( #2310 ) );
#1583 = EDGE_LOOP( '', ( #2311, #2312, #2313, #2314 ) );
#1584 = AXIS2_PLACEMENT_3D( '', #2315, #2316, #2317 );
#1585 = SURFACE_SIDE_STYLE( '', ( #2318 ) );
#1586 = EDGE_LOOP( '', ( #2319, #2320, #2321, #2322 ) );
#1587 = AXIS2_PLACEMENT_3D( '', #2323, #2324, #2325 );
#1588 = SURFACE_SIDE_STYLE( '', ( #2326 ) );
#1589 = EDGE_LOOP( '', ( #2327, #2328, #2329, #2330 ) );
#1590 = AXIS2_PLACEMENT_3D( '', #2331, #2332, #2333 );
#1591 = SURFACE_SIDE_STYLE( '', ( #2334 ) );
#1592 = EDGE_LOOP( '', ( #2335, #2336, #2337, #2338 ) );
#1593 = AXIS2_PLACEMENT_3D( '', #2339, #2340, #2341 );
#1594 = SURFACE_SIDE_STYLE( '', ( #2342 ) );
#1595 = EDGE_LOOP( '', ( #2343, #2344, #2345, #2346 ) );
#1596 = AXIS2_PLACEMENT_3D( '', #2347, #2348, #2349 );
#1597 = SURFACE_SIDE_STYLE( '', ( #2350 ) );
#1598 = EDGE_LOOP( '', ( #2351, #2352, #2353, #2354 ) );
#1599 = AXIS2_PLACEMENT_3D( '', #2355, #2356, #2357 );
#1600 = SURFACE_SIDE_STYLE( '', ( #2358 ) );
#1601 = EDGE_LOOP( '', ( #2359, #2360, #2361, #2362, #2363, #2364 ) );
#1602 = AXIS2_PLACEMENT_3D( '', #2365, #2366, #2367 );
#1603 = SURFACE_SIDE_STYLE( '', ( #2368 ) );
#1604 = EDGE_LOOP( '', ( #2369, #2370, #2371, #2372 ) );
#1605 = AXIS2_PLACEMENT_3D( '', #2373, #2374, #2375 );
#1606 = SURFACE_SIDE_STYLE( '', ( #2376 ) );
#1607 = EDGE_LOOP( '', ( #2377, #2378, #2379, #2380, #2381, #2382 ) );
#1608 = AXIS2_PLACEMENT_3D( '', #2383, #2384, #2385 );
#1609 = SURFACE_SIDE_STYLE( '', ( #2386 ) );
#1610 = EDGE_LOOP( '', ( #2387, #2388, #2389, #2390 ) );
#1611 = AXIS2_PLACEMENT_3D( '', #2391, #2392, #2393 );
#1612 = SURFACE_SIDE_STYLE( '', ( #2394 ) );
#1613 = EDGE_LOOP( '', ( #2395, #2396, #2397, #2398 ) );
#1614 = AXIS2_PLACEMENT_3D( '', #2399, #2400, #2401 );
#1615 = SURFACE_SIDE_STYLE( '', ( #2402 ) );
#1616 = EDGE_LOOP( '', ( #2403, #2404, #2405, #2406 ) );
#1617 = AXIS2_PLACEMENT_3D( '', #2407, #2408, #2409 );
#1618 = SURFACE_SIDE_STYLE( '', ( #2410 ) );
#1619 = EDGE_LOOP( '', ( #2411, #2412, #2413, #2414, #2415, #2416 ) );
#1620 = AXIS2_PLACEMENT_3D( '', #2417, #2418, #2419 );
#1621 = SURFACE_SIDE_STYLE( '', ( #2420 ) );
#1622 = EDGE_LOOP( '', ( #2421, #2422, #2423, #2424 ) );
#1623 = AXIS2_PLACEMENT_3D( '', #2425, #2426, #2427 );
#1624 = SURFACE_SIDE_STYLE( '', ( #2428 ) );
#1625 = EDGE_LOOP( '', ( #2429, #2430, #2431, #2432, #2433, #2434, #2435, #2436 ) );
#1626 = AXIS2_PLACEMENT_3D( '', #2437, #2438, #2439 );
#1627 = SURFACE_SIDE_STYLE( '', ( #2440 ) );
#1628 = EDGE_LOOP( '', ( #2441, #2442, #2443, #2444 ) );
#1629 = AXIS2_PLACEMENT_3D( '', #2445, #2446, #2447 );
#1630 = SURFACE_SIDE_STYLE( '', ( #2448 ) );
#1631 = EDGE_LOOP( '', ( #2449, #2450, #2451, #2452 ) );
#1632 = AXIS2_PLACEMENT_3D( '', #2453, #2454, #2455 );
#1633 = SURFACE_SIDE_STYLE( '', ( #2456 ) );
#1634 = EDGE_LOOP( '', ( #2457, #2458, #2459, #2460, #2461, #2462, #2463, #2464 ) );
#1635 = AXIS2_PLACEMENT_3D( '', #2465, #2466, #2467 );
#1636 = SURFACE_SIDE_STYLE( '', ( #2468 ) );
#1637 = EDGE_LOOP( '', ( #2469 ) );
#1638 = EDGE_LOOP( '', ( #2470 ) );
#1639 = AXIS2_PLACEMENT_3D( '', #2471, #2472, #2473 );
#1640 = SURFACE_SIDE_STYLE( '', ( #2474 ) );
#1641 = EDGE_LOOP( '', ( #2475, #2476, #2477, #2478, #2479, #2480 ) );
#1642 = AXIS2_PLACEMENT_3D( '', #2481, #2482, #2483 );
#1643 = SURFACE_SIDE_STYLE( '', ( #2484 ) );
#1644 = EDGE_LOOP( '', ( #2485, #2486, #2487, #2488 ) );
#1645 = AXIS2_PLACEMENT_3D( '', #2489, #2490, #2491 );
#1646 = SURFACE_SIDE_STYLE( '', ( #2492 ) );
#1647 = EDGE_LOOP( '', ( #2493, #2494, #2495, #2496 ) );
#1648 = AXIS2_PLACEMENT_3D( '', #2497, #2498, #2499 );
#1649 = SURFACE_SIDE_STYLE( '', ( #2500 ) );
#1650 = EDGE_LOOP( '', ( #2501, #2502, #2503, #2504, #2505, #2506 ) );
#1651 = AXIS2_PLACEMENT_3D( '', #2507, #2508, #2509 );
#1652 = SURFACE_SIDE_STYLE( '', ( #2510 ) );
#1653 = EDGE_LOOP( '', ( #2511, #2512, #2513, #2514 ) );
#1654 = AXIS2_PLACEMENT_3D( '', #2515, #2516, #2517 );
#1655 = SURFACE_SIDE_STYLE( '', ( #2518 ) );
#1656 = EDGE_LOOP( '', ( #2519, #2520, #2521, #2522 ) );
#1657 = AXIS2_PLACEMENT_3D( '', #2523, #2524, #2525 );
#1658 = SURFACE_SIDE_STYLE( '', ( #2526 ) );
#1659 = EDGE_LOOP( '', ( #2527, #2528, #2529, #2530 ) );
#1660 = AXIS2_PLACEMENT_3D( '', #2531, #2532, #2533 );
#1661 = SURFACE_SIDE_STYLE( '', ( #2534 ) );
#1662 = EDGE_LOOP( '', ( #2535, #2536, #2537, #2538 ) );
#1663 = AXIS2_PLACEMENT_3D( '', #2539, #2540, #2541 );
#1664 = SURFACE_SIDE_STYLE( '', ( #2542 ) );
#1665 = EDGE_LOOP( '', ( #2543, #2544, #2545, #2546, #2547, #2548, #2549, #2550, #2551, #2552, #2553, #2554, #2555, #2556, #2557, #2558, #2559, #2560, #2561, #2562, #2563, #2564, #2565, #2566, #2567, #2568, #2569, #2570 ) );
#1666 = AXIS2_PLACEMENT_3D( '', #2571, #2572, #2573 );
#1667 = SURFACE_SIDE_STYLE( '', ( #2574 ) );
#1668 = EDGE_LOOP( '', ( #2575, #2576, #2577, #2578 ) );
#1669 = AXIS2_PLACEMENT_3D( '', #2579, #2580, #2581 );
#1670 = SURFACE_SIDE_STYLE( '', ( #2582 ) );
#1671 = EDGE_LOOP( '', ( #2583, #2584, #2585, #2586 ) );
#1672 = AXIS2_PLACEMENT_3D( '', #2587, #2588, #2589 );
#1673 = SURFACE_SIDE_STYLE( '', ( #2590 ) );
#1674 = EDGE_LOOP( '', ( #2591, #2592, #2593, #2594 ) );
#1675 = AXIS2_PLACEMENT_3D( '', #2595, #2596, #2597 );
#1676 = SURFACE_SIDE_STYLE( '', ( #2598 ) );
#1677 = EDGE_LOOP( '', ( #2599, #2600, #2601, #2602 ) );
#1678 = AXIS2_PLACEMENT_3D( '', #2603, #2604, #2605 );
#1679 = SURFACE_SIDE_STYLE( '', ( #2606 ) );
#1680 = EDGE_LOOP( '', ( #2607, #2608, #2609, #2610 ) );
#1681 = AXIS2_PLACEMENT_3D( '', #2611, #2612, #2613 );
#1682 = SURFACE_SIDE_STYLE( '', ( #2614 ) );
#1683 = EDGE_LOOP( '', ( #2615, #2616, #2617, #2618 ) );
#1684 = AXIS2_PLACEMENT_3D( '', #2619, #2620, #2621 );
#1685 = SURFACE_SIDE_STYLE( '', ( #2622 ) );
#1686 = EDGE_LOOP( '', ( #2623 ) );
#1687 = EDGE_LOOP( '', ( #2624 ) );
#1688 = AXIS2_PLACEMENT_3D( '', #2625, #2626, #2627 );
#1689 = SURFACE_SIDE_STYLE( '', ( #2628 ) );
#1690 = EDGE_LOOP( '', ( #2629, #2630, #2631, #2632, #2633, #2634 ) );
#1691 = AXIS2_PLACEMENT_3D( '', #2635, #2636, #2637 );
#1692 = SURFACE_SIDE_STYLE( '', ( #2638 ) );
#1693 = EDGE_LOOP( '', ( #2639, #2640, #2641, #2642 ) );
#1694 = AXIS2_PLACEMENT_3D( '', #2643, #2644, #2645 );
#1695 = SURFACE_SIDE_STYLE( '', ( #2646 ) );
#1696 = EDGE_LOOP( '', ( #2647, #2648, #2649, #2650 ) );
#1697 = AXIS2_PLACEMENT_3D( '', #2651, #2652, #2653 );
#1698 = SURFACE_SIDE_STYLE( '', ( #2654 ) );
#1699 = EDGE_LOOP( '', ( #2655 ) );
#1700 = EDGE_LOOP( '', ( #2656, #2657, #2658, #2659 ) );
#1701 = AXIS2_PLACEMENT_3D( '', #2660, #2661, #2662 );
#1702 = SURFACE_SIDE_STYLE( '', ( #2663 ) );
#1703 = EDGE_LOOP( '', ( #2664, #2665, #2666, #2667, #2668, #2669, #2670, #2671 ) );
#1704 = AXIS2_PLACEMENT_3D( '', #2672, #2673, #2674 );
#1705 = SURFACE_SIDE_STYLE( '', ( #2675 ) );
#1706 = EDGE_LOOP( '', ( #2676, #2677, #2678, #2679, #2680, #2681, #2682, #2683, #2684, #2685, #2686, #2687, #2688, #2689, #2690, #2691, #2692, #2693, #2694, #2695, #2696, #2697, #2698, #2699 ) );
#1707 = AXIS2_PLACEMENT_3D( '', #2700, #2701, #2702 );
#1708 = SURFACE_SIDE_STYLE( '', ( #2703 ) );
#1709 = EDGE_LOOP( '', ( #2704, #2705, #2706, #2707 ) );
#1710 = AXIS2_PLACEMENT_3D( '', #2708, #2709, #2710 );
#1711 = SURFACE_SIDE_STYLE( '', ( #2711 ) );
#1712 = EDGE_LOOP( '', ( #2712, #2713, #2714, #2715 ) );
#1713 = AXIS2_PLACEMENT_3D( '', #2716, #2717, #2718 );
#1714 = SURFACE_SIDE_STYLE( '', ( #2719 ) );
#1715 = EDGE_LOOP( '', ( #2720, #2721, #2722, #2723, #2724, #2725 ) );
#1716 = AXIS2_PLACEMENT_3D( '', #2726, #2727, #2728 );
#1717 = SURFACE_SIDE_STYLE( '', ( #2729 ) );
#1718 = EDGE_LOOP( '', ( #2730, #2731, #2732, #2733, #2734, #2735 ) );
#1719 = AXIS2_PLACEMENT_3D( '', #2736, #2737, #2738 );
#1720 = SURFACE_SIDE_STYLE( '', ( #2739 ) );
#1721 = EDGE_LOOP( '', ( #2740, #2741, #2742, #2743 ) );
#1722 = AXIS2_PLACEMENT_3D( '', #2744, #2745, #2746 );
#1723 = SURFACE_SIDE_STYLE( '', ( #2747 ) );
#1724 = EDGE_LOOP( '', ( #2748, #2749, #2750, #2751 ) );
#1725 = AXIS2_PLACEMENT_3D( '', #2752, #2753, #2754 );
#1726 = SURFACE_SIDE_STYLE( '', ( #2755 ) );
#1727 = EDGE_LOOP( '', ( #2756, #2757, #2758, #2759 ) );
#1728 = AXIS2_PLACEMENT_3D( '', #2760, #2761, #2762 );
#1729 = SURFACE_SIDE_STYLE( '', ( #2763 ) );
#1730 = EDGE_LOOP( '', ( #2764, #2765, #2766, #2767 ) );
#1731 = AXIS2_PLACEMENT_3D( '', #2768, #2769, #2770 );
#1732 = SURFACE_SIDE_STYLE( '', ( #2771 ) );
#1733 = EDGE_LOOP( '', ( #2772, #2773, #2774, #2775, #2776, #2777, #2778, #2779, #2780, #2781, #2782, #2783, #2784, #2785, #2786, #2787, #2788, #2789, #2790, #2791, #2792, #2793, #2794, #2795, #2796, #2797, #2798, #2799 ) );
#1734 = AXIS2_PLACEMENT_3D( '', #2800, #2801, #2802 );
#1735 = SURFACE_SIDE_STYLE( '', ( #2803 ) );
#1736 = EDGE_LOOP( '', ( #2804, #2805, #2806, #2807, #2808, #2809, #2810, #2811 ) );
#1737 = AXIS2_PLACEMENT_3D( '', #2812, #2813, #2814 );
#1738 = SURFACE_SIDE_STYLE( '', ( #2815 ) );
#1739 = EDGE_LOOP( '', ( #2816, #2817, #2818, #2819, #2820, #2821, #2822 ) );
#1740 = AXIS2_PLACEMENT_3D( '', #2823, #2824, #2825 );
#1741 = SURFACE_SIDE_STYLE( '', ( #2826 ) );
#1742 = EDGE_LOOP( '', ( #2827, #2828, #2829, #2830 ) );
#1743 = AXIS2_PLACEMENT_3D( '', #2831, #2832, #2833 );
#1744 = SURFACE_SIDE_STYLE( '', ( #2834 ) );
#1745 = EDGE_LOOP( '', ( #2835, #2836, #2837, #2838 ) );
#1746 = AXIS2_PLACEMENT_3D( '', #2839, #2840, #2841 );
#1747 = SURFACE_SIDE_STYLE( '', ( #2842 ) );
#1748 = EDGE_LOOP( '', ( #2843, #2844, #2845, #2846 ) );
#1749 = AXIS2_PLACEMENT_3D( '', #2847, #2848, #2849 );
#1750 = SURFACE_SIDE_STYLE( '', ( #2850 ) );
#1751 = EDGE_LOOP( '', ( #2851, #2852, #2853, #2854 ) );
#1752 = AXIS2_PLACEMENT_3D( '', #2855, #2856, #2857 );
#1753 = SURFACE_SIDE_STYLE( '', ( #2858 ) );
#1754 = EDGE_LOOP( '', ( #2859, #2860, #2861, #2862 ) );
#1755 = AXIS2_PLACEMENT_3D( '', #2863, #2864, #2865 );
#1756 = SURFACE_SIDE_STYLE( '', ( #2866 ) );
#1757 = EDGE_LOOP( '', ( #2867, #2868, #2869, #2870 ) );
#1758 = AXIS2_PLACEMENT_3D( '', #2871, #2872, #2873 );
#1759 = SURFACE_SIDE_STYLE( '', ( #2874 ) );
#1760 = EDGE_LOOP( '', ( #2875, #2876, #2877, #2878 ) );
#1761 = AXIS2_PLACEMENT_3D( '', #2879, #2880, #2881 );
#1762 = SURFACE_SIDE_STYLE( '', ( #2882 ) );
#1763 = EDGE_LOOP( '', ( #2883, #2884, #2885, #2886 ) );
#1764 = AXIS2_PLACEMENT_3D( '', #2887, #2888, #2889 );
#1765 = SURFACE_SIDE_STYLE( '', ( #2890 ) );
#1766 = EDGE_LOOP( '', ( #2891, #2892, #2893, #2894 ) );
#1767 = AXIS2_PLACEMENT_3D( '', #2895, #2896, #2897 );
#1768 = SURFACE_SIDE_STYLE( '', ( #2898 ) );
#1769 = EDGE_LOOP( '', ( #2899 ) );
#1770 = EDGE_LOOP( '', ( #2900 ) );
#1771 = AXIS2_PLACEMENT_3D( '', #2901, #2902, #2903 );
#1772 = SURFACE_SIDE_STYLE( '', ( #2904 ) );
#1773 = EDGE_LOOP( '', ( #2905, #2906, #2907, #2908, #2909, #2910 ) );
#1774 = AXIS2_PLACEMENT_3D( '', #2911, #2912, #2913 );
#1775 = SURFACE_SIDE_STYLE( '', ( #2914 ) );
#1776 = EDGE_LOOP( '', ( #2915, #2916, #2917, #2918, #2919, #2920, #2921, #2922 ) );
#1777 = AXIS2_PLACEMENT_3D( '', #2923, #2924, #2925 );
#1778 = SURFACE_SIDE_STYLE( '', ( #2926 ) );
#1779 = EDGE_LOOP( '', ( #2927, #2928, #2929, #2930 ) );
#1780 = AXIS2_PLACEMENT_3D( '', #2931, #2932, #2933 );
#1781 = SURFACE_SIDE_STYLE( '', ( #2934 ) );
#1782 = EDGE_LOOP( '', ( #2935, #2936, #2937, #2938 ) );
#1783 = AXIS2_PLACEMENT_3D( '', #2939, #2940, #2941 );
#1784 = SURFACE_SIDE_STYLE( '', ( #2942 ) );
#1785 = EDGE_LOOP( '', ( #2943, #2944, #2945, #2946, #2947, #2948 ) );
#1786 = AXIS2_PLACEMENT_3D( '', #2949, #2950, #2951 );
#1787 = SURFACE_SIDE_STYLE( '', ( #2952 ) );
#1788 = EDGE_LOOP( '', ( #2953, #2954, #2955, #2956 ) );
#1789 = AXIS2_PLACEMENT_3D( '', #2957, #2958, #2959 );
#1790 = SURFACE_SIDE_STYLE( '', ( #2960 ) );
#1791 = EDGE_LOOP( '', ( #2961, #2962, #2963, #2964 ) );
#1792 = AXIS2_PLACEMENT_3D( '', #2965, #2966, #2967 );
#1793 = SURFACE_SIDE_STYLE( '', ( #2968 ) );
#1794 = EDGE_LOOP( '', ( #2969, #2970, #2971, #2972 ) );
#1795 = AXIS2_PLACEMENT_3D( '', #2973, #2974, #2975 );
#1796 = SURFACE_SIDE_STYLE( '', ( #2976 ) );
#1797 = EDGE_LOOP( '', ( #2977, #2978, #2979, #2980, #2981, #2982 ) );
#1798 = AXIS2_PLACEMENT_3D( '', #2983, #2984, #2985 );
#1799 = SURFACE_SIDE_STYLE( '', ( #2986 ) );
#1800 = EDGE_LOOP( '', ( #2987, #2988, #2989, #2990, #2991, #2992, #2993, #2994 ) );
#1801 = AXIS2_PLACEMENT_3D( '', #2995, #2996, #2997 );
#1802 = SURFACE_SIDE_STYLE( '', ( #2998 ) );
#1803 = EDGE_LOOP( '', ( #2999, #3000, #3001, #3002, #3003, #3004, #3005, #3006 ) );
#1804 = AXIS2_PLACEMENT_3D( '', #3007, #3008, #3009 );
#1805 = SURFACE_SIDE_STYLE( '', ( #3010 ) );
#1806 = EDGE_LOOP( '', ( #3011, #3012, #3013, #3014, #3015, #3016 ) );
#1807 = AXIS2_PLACEMENT_3D( '', #3017, #3018, #3019 );
#1808 = SURFACE_SIDE_STYLE( '', ( #3020 ) );
#1809 = EDGE_LOOP( '', ( #3021, #3022, #3023, #3024, #3025, #3026 ) );
#1810 = AXIS2_PLACEMENT_3D( '', #3027, #3028, #3029 );
#1811 = SURFACE_SIDE_STYLE( '', ( #3030 ) );
#1812 = EDGE_LOOP( '', ( #3031, #3032, #3033, #3034 ) );
#1813 = AXIS2_PLACEMENT_3D( '', #3035, #3036, #3037 );
#1814 = SURFACE_SIDE_STYLE( '', ( #3038 ) );
#1815 = EDGE_LOOP( '', ( #3039, #3040, #3041, #3042 ) );
#1816 = AXIS2_PLACEMENT_3D( '', #3043, #3044, #3045 );
#1817 = SURFACE_SIDE_STYLE( '', ( #3046 ) );
#1818 = EDGE_LOOP( '', ( #3047, #3048, #3049, #3050 ) );
#1819 = AXIS2_PLACEMENT_3D( '', #3051, #3052, #3053 );
#1820 = SURFACE_SIDE_STYLE( '', ( #3054 ) );
#1821 = EDGE_LOOP( '', ( #3055, #3056, #3057, #3058 ) );
#1822 = AXIS2_PLACEMENT_3D( '', #3059, #3060, #3061 );
#1823 = SURFACE_SIDE_STYLE( '', ( #3062 ) );
#1824 = EDGE_LOOP( '', ( #3063, #3064, #3065, #3066 ) );
#1825 = AXIS2_PLACEMENT_3D( '', #3067, #3068, #3069 );
#1826 = SURFACE_SIDE_STYLE( '', ( #3070 ) );
#1827 = EDGE_LOOP( '', ( #3071, #3072, #3073, #3074, #3075, #3076 ) );
#1828 = AXIS2_PLACEMENT_3D( '', #3077, #3078, #3079 );
#1829 = SURFACE_SIDE_STYLE( '', ( #3080 ) );
#1830 = EDGE_LOOP( '', ( #3081, #3082, #3083, #3084 ) );
#1831 = AXIS2_PLACEMENT_3D( '', #3085, #3086, #3087 );
#1832 = SURFACE_SIDE_STYLE( '', ( #3088 ) );
#1833 = EDGE_LOOP( '', ( #3089, #3090, #3091, #3092 ) );
#1834 = AXIS2_PLACEMENT_3D( '', #3093, #3094, #3095 );
#1835 = SURFACE_SIDE_STYLE( '', ( #3096 ) );
#1836 = EDGE_LOOP( '', ( #3097, #3098, #3099, #3100 ) );
#1837 = AXIS2_PLACEMENT_3D( '', #3101, #3102, #3103 );
#1838 = SURFACE_SIDE_STYLE( '', ( #3104 ) );
#1839 = EDGE_LOOP( '', ( #3105, #3106, #3107, #3108, #3109, #3110, #3111, #3112 ) );
#1840 = AXIS2_PLACEMENT_3D( '', #3113, #3114, #3115 );
#1841 = SURFACE_SIDE_STYLE( '', ( #3116 ) );
#1842 = EDGE_LOOP( '', ( #3117, #3118, #3119, #3120 ) );
#1843 = AXIS2_PLACEMENT_3D( '', #3121, #3122, #3123 );
#1844 = SURFACE_SIDE_STYLE( '', ( #3124 ) );
#1845 = EDGE_LOOP( '', ( #3125, #3126, #3127, #3128 ) );
#1846 = AXIS2_PLACEMENT_3D( '', #3129, #3130, #3131 );
#1847 = SURFACE_SIDE_STYLE( '', ( #3132 ) );
#1848 = EDGE_LOOP( '', ( #3133, #3134, #3135, #3136 ) );
#1849 = AXIS2_PLACEMENT_3D( '', #3137, #3138, #3139 );
#1850 = SURFACE_SIDE_STYLE( '', ( #3140 ) );
#1851 = EDGE_LOOP( '', ( #3141, #3142, #3143, #3144, #3145, #3146 ) );
#1852 = AXIS2_PLACEMENT_3D( '', #3147, #3148, #3149 );
#1853 = SURFACE_SIDE_STYLE( '', ( #3150 ) );
#1854 = EDGE_LOOP( '', ( #3151, #3152, #3153, #3154 ) );
#1855 = AXIS2_PLACEMENT_3D( '', #3155, #3156, #3157 );
#1856 = SURFACE_SIDE_STYLE( '', ( #3158 ) );
#1857 = EDGE_LOOP( '', ( #3159 ) );
#1858 = EDGE_LOOP( '', ( #3160 ) );
#1859 = AXIS2_PLACEMENT_3D( '', #3161, #3162, #3163 );
#1860 = SURFACE_SIDE_STYLE( '', ( #3164 ) );
#1861 = EDGE_LOOP( '', ( #3165, #3166, #3167, #3168 ) );
#1862 = AXIS2_PLACEMENT_3D( '', #3169, #3170, #3171 );
#1863 = SURFACE_SIDE_STYLE( '', ( #3172 ) );
#1864 = EDGE_LOOP( '', ( #3173 ) );
#1865 = EDGE_LOOP( '', ( #3174 ) );
#1866 = AXIS2_PLACEMENT_3D( '', #3175, #3176, #3177 );
#1867 = SURFACE_SIDE_STYLE( '', ( #3178 ) );
#1868 = EDGE_LOOP( '', ( #3179, #3180, #3181, #3182 ) );
#1869 = AXIS2_PLACEMENT_3D( '', #3183, #3184, #3185 );
#1870 = SURFACE_SIDE_STYLE( '', ( #3186 ) );
#1871 = EDGE_LOOP( '', ( #3187, #3188, #3189, #3190 ) );
#1872 = AXIS2_PLACEMENT_3D( '', #3191, #3192, #3193 );
#1873 = SURFACE_SIDE_STYLE( '', ( #3194 ) );
#1874 = EDGE_LOOP( '', ( #3195, #3196, #3197, #3198, #3199, #3200 ) );
#1875 = AXIS2_PLACEMENT_3D( '', #3201, #3202, #3203 );
#1876 = SURFACE_SIDE_STYLE( '', ( #3204 ) );
#1877 = EDGE_LOOP( '', ( #3205, #3206, #3207, #3208 ) );
#1878 = AXIS2_PLACEMENT_3D( '', #3209, #3210, #3211 );
#1879 = SURFACE_SIDE_STYLE( '', ( #3212 ) );
#1880 = EDGE_LOOP( '', ( #3213, #3214, #3215, #3216 ) );
#1881 = AXIS2_PLACEMENT_3D( '', #3217, #3218, #3219 );
#1882 = SURFACE_SIDE_STYLE( '', ( #3220 ) );
#1883 = EDGE_LOOP( '', ( #3221, #3222, #3223, #3224 ) );
#1884 = AXIS2_PLACEMENT_3D( '', #3225, #3226, #3227 );
#1885 = SURFACE_SIDE_STYLE( '', ( #3228 ) );
#1886 = EDGE_LOOP( '', ( #3229, #3230, #3231, #3232 ) );
#1887 = AXIS2_PLACEMENT_3D( '', #3233, #3234, #3235 );
#1888 = SURFACE_SIDE_STYLE( '', ( #3236 ) );
#1889 = EDGE_LOOP( '', ( #3237, #3238, #3239, #3240 ) );
#1890 = AXIS2_PLACEMENT_3D( '', #3241, #3242, #3243 );
#1891 = SURFACE_SIDE_STYLE( '', ( #3244 ) );
#1892 = EDGE_LOOP( '', ( #3245, #3246, #3247, #3248 ) );
#1893 = AXIS2_PLACEMENT_3D( '', #3249, #3250, #3251 );
#1894 = SURFACE_SIDE_STYLE( '', ( #3252 ) );
#1895 = EDGE_LOOP( '', ( #3253, #3254, #3255, #3256 ) );
#1896 = AXIS2_PLACEMENT_3D( '', #3257, #3258, #3259 );
#1897 = SURFACE_SIDE_STYLE( '', ( #3260 ) );
#1898 = EDGE_LOOP( '', ( #3261, #3262, #3263, #3264 ) );
#1899 = AXIS2_PLACEMENT_3D( '', #3265, #3266, #3267 );
#1900 = SURFACE_SIDE_STYLE( '', ( #3268 ) );
#1901 = EDGE_LOOP( '', ( #3269, #3270, #3271, #3272 ) );
#1902 = AXIS2_PLACEMENT_3D( '', #3273, #3274, #3275 );
#1903 = SURFACE_SIDE_STYLE( '', ( #3276 ) );
#1904 = EDGE_LOOP( '', ( #3277, #3278, #3279, #3280 ) );
#1905 = AXIS2_PLACEMENT_3D( '', #3281, #3282, #3283 );
#1906 = SURFACE_SIDE_STYLE( '', ( #3284 ) );
#1907 = EDGE_LOOP( '', ( #3285, #3286, #3287, #3288 ) );
#1908 = AXIS2_PLACEMENT_3D( '', #3289, #3290, #3291 );
#1909 = SURFACE_SIDE_STYLE( '', ( #3292 ) );
#1910 = EDGE_LOOP( '', ( #3293, #3294, #3295, #3296 ) );
#1911 = AXIS2_PLACEMENT_3D( '', #3297, #3298, #3299 );
#1912 = SURFACE_SIDE_STYLE( '', ( #3300 ) );
#1913 = EDGE_LOOP( '', ( #3301, #3302, #3303, #3304, #3305, #3306 ) );
#1914 = AXIS2_PLACEMENT_3D( '', #3307, #3308, #3309 );
#1915 = SURFACE_SIDE_STYLE( '', ( #3310 ) );
#1916 = EDGE_LOOP( '', ( #3311, #3312, #3313, #3314 ) );
#1917 = AXIS2_PLACEMENT_3D( '', #3315, #3316, #3317 );
#1918 = SURFACE_SIDE_STYLE( '', ( #3318 ) );
#1919 = EDGE_LOOP( '', ( #3319, #3320, #3321, #3322 ) );
#1920 = AXIS2_PLACEMENT_3D( '', #3323, #3324, #3325 );
#1921 = SURFACE_SIDE_STYLE( '', ( #3326 ) );
#1922 = EDGE_LOOP( '', ( #3327, #3328, #3329, #3330, #3331, #3332, #3333, #3334 ) );
#1923 = AXIS2_PLACEMENT_3D( '', #3335, #3336, #3337 );
#1924 = SURFACE_SIDE_STYLE( '', ( #3338 ) );
#1925 = EDGE_LOOP( '', ( #3339, #3340, #3341, #3342, #3343, #3344, #3345, #3346 ) );
#1926 = AXIS2_PLACEMENT_3D( '', #3347, #3348, #3349 );
#1927 = SURFACE_SIDE_STYLE( '', ( #3350 ) );
#1928 = EDGE_LOOP( '', ( #3351, #3352, #3353, #3354 ) );
#1929 = AXIS2_PLACEMENT_3D( '', #3355, #3356, #3357 );
#1930 = SURFACE_SIDE_STYLE( '', ( #3358 ) );
#1931 = EDGE_LOOP( '', ( #3359, #3360, #3361, #3362 ) );
#1932 = AXIS2_PLACEMENT_3D( '', #3363, #3364, #3365 );
#1933 = SURFACE_SIDE_STYLE( '', ( #3366 ) );
#1934 = EDGE_LOOP( '', ( #3367, #3368, #3369, #3370, #3371, #3372 ) );
#1935 = AXIS2_PLACEMENT_3D( '', #3373, #3374, #3375 );
#1936 = SURFACE_SIDE_STYLE( '', ( #3376 ) );
#1937 = EDGE_LOOP( '', ( #3377, #3378, #3379, #3380 ) );
#1938 = AXIS2_PLACEMENT_3D( '', #3381, #3382, #3383 );
#1939 = SURFACE_SIDE_STYLE( '', ( #3384 ) );
#1940 = EDGE_LOOP( '', ( #3385, #3386, #3387, #3388 ) );
#1941 = AXIS2_PLACEMENT_3D( '', #3389, #3390, #3391 );
#1942 = SURFACE_SIDE_STYLE( '', ( #3392 ) );
#1943 = EDGE_LOOP( '', ( #3393, #3394, #3395, #3396 ) );
#1944 = AXIS2_PLACEMENT_3D( '', #3397, #3398, #3399 );
#1945 = SURFACE_SIDE_STYLE( '', ( #3400 ) );
#1946 = EDGE_LOOP( '', ( #3401, #3402, #3403, #3404, #3405 ) );
#1947 = AXIS2_PLACEMENT_3D( '', #3406, #3407, #3408 );
#1948 = SURFACE_SIDE_STYLE( '', ( #3409 ) );
#1949 = EDGE_LOOP( '', ( #3410, #3411, #3412, #3413 ) );
#1950 = AXIS2_PLACEMENT_3D( '', #3414, #3415, #3416 );
#1951 = SURFACE_SIDE_STYLE( '', ( #3417 ) );
#1952 = EDGE_LOOP( '', ( #3418, #3419, #3420, #3421 ) );
#1953 = AXIS2_PLACEMENT_3D( '', #3422, #3423, #3424 );
#1954 = SURFACE_SIDE_STYLE( '', ( #3425 ) );
#1955 = EDGE_LOOP( '', ( #3426, #3427, #3428, #3429 ) );
#1956 = AXIS2_PLACEMENT_3D( '', #3430, #3431, #3432 );
#1957 = SURFACE_SIDE_STYLE( '', ( #3433 ) );
#1958 = EDGE_LOOP( '', ( #3434, #3435, #3436, #3437 ) );
#1959 = AXIS2_PLACEMENT_3D( '', #3438, #3439, #3440 );
#1960 = SURFACE_SIDE_STYLE( '', ( #3441 ) );
#1961 = EDGE_LOOP( '', ( #3442, #3443, #3444, #3445 ) );
#1962 = AXIS2_PLACEMENT_3D( '', #3446, #3447, #3448 );
#1963 = SURFACE_SIDE_STYLE( '', ( #3449 ) );
#1964 = EDGE_LOOP( '', ( #3450, #3451, #3452, #3453 ) );
#1965 = AXIS2_PLACEMENT_3D( '', #3454, #3455, #3456 );
#1966 = SURFACE_SIDE_STYLE( '', ( #3457 ) );
#1967 = EDGE_LOOP( '', ( #3458, #3459, #3460, #3461, #3462, #3463, #3464, #3465, #3466, #3467, #3468, #3469, #3470, #3471, #3472, #3473 ) );
#1968 = AXIS2_PLACEMENT_3D( '', #3474, #3475, #3476 );
#1969 = SURFACE_SIDE_STYLE( '', ( #3477 ) );
#1970 = EDGE_LOOP( '', ( #3478, #3479, #3480, #3481, #3482, #3483, #3484, #3485 ) );
#1971 = AXIS2_PLACEMENT_3D( '', #3486, #3487, #3488 );
#1972 = SURFACE_SIDE_STYLE( '', ( #3489 ) );
#1973 = EDGE_LOOP( '', ( #3490, #3491, #3492, #3493 ) );
#1974 = AXIS2_PLACEMENT_3D( '', #3494, #3495, #3496 );
#1975 = SURFACE_SIDE_STYLE( '', ( #3497 ) );
#1976 = EDGE_LOOP( '', ( #3498, #3499, #3500, #3501, #3502, #3503, #3504, #3505 ) );
#1977 = AXIS2_PLACEMENT_3D( '', #3506, #3507, #3508 );
#1978 = SURFACE_SIDE_STYLE( '', ( #3509 ) );
#1979 = EDGE_LOOP( '', ( #3510, #3511, #3512, #3513 ) );
#1980 = AXIS2_PLACEMENT_3D( '', #3514, #3515, #3516 );
#1981 = SURFACE_SIDE_STYLE( '', ( #3517 ) );
#1982 = EDGE_LOOP( '', ( #3518, #3519, #3520, #3521, #3522, #3523 ) );
#1983 = AXIS2_PLACEMENT_3D( '', #3524, #3525, #3526 );
#1984 = SURFACE_SIDE_STYLE( '', ( #3527 ) );
#1985 = EDGE_LOOP( '', ( #3528, #3529, #3530, #3531 ) );
#1986 = AXIS2_PLACEMENT_3D( '', #3532, #3533, #3534 );
#1987 = SURFACE_SIDE_STYLE( '', ( #3535 ) );
#1988 = EDGE_LOOP( '', ( #3536, #3537, #3538, #3539 ) );
#1989 = AXIS2_PLACEMENT_3D( '', #3540, #3541, #3542 );
#1990 = SURFACE_SIDE_STYLE( '', ( #3543 ) );
#1991 = EDGE_LOOP( '', ( #3544 ) );
#1992 = EDGE_LOOP( '', ( #3545, #3546, #3547, #3548 ) );
#1993 = AXIS2_PLACEMENT_3D( '', #3549, #3550, #3551 );
#1994 = SURFACE_SIDE_STYLE( '', ( #3552 ) );
#1995 = EDGE_LOOP( '', ( #3553, #3554, #3555, #3556 ) );
#1996 = AXIS2_PLACEMENT_3D( '', #3557, #3558, #3559 );
#1997 = SURFACE_SIDE_STYLE( '', ( #3560 ) );
#1998 = EDGE_LOOP( '', ( #3561, #3562, #3563, #3564, #3565, #3566 ) );
#1999 = AXIS2_PLACEMENT_3D( '', #3567, #3568, #3569 );
#2000 = SURFACE_SIDE_STYLE( '', ( #3570 ) );
#2001 = EDGE_LOOP( '', ( #3571, #3572, #3573, #3574, #3575, #3576 ) );
#2002 = AXIS2_PLACEMENT_3D( '', #3577, #3578, #3579 );
#2003 = SURFACE_SIDE_STYLE( '', ( #3580 ) );
#2004 = EDGE_LOOP( '', ( #3581 ) );
#2005 = EDGE_LOOP( '', ( #3582 ) );
#2006 = AXIS2_PLACEMENT_3D( '', #3583, #3584, #3585 );
#2007 = SURFACE_SIDE_STYLE( '', ( #3586 ) );
#2008 = EDGE_LOOP( '', ( #3587, #3588, #3589, #3590, #3591, #3592, #3593, #3594 ) );
#2009 = AXIS2_PLACEMENT_3D( '', #3595, #3596, #3597 );
#2010 = SURFACE_SIDE_STYLE( '', ( #3598 ) );
#2011 = EDGE_LOOP( '', ( #3599, #3600, #3601, #3602 ) );
#2012 = AXIS2_PLACEMENT_3D( '', #3603, #3604, #3605 );
#2013 = SURFACE_SIDE_STYLE( '', ( #3606 ) );
#2014 = EDGE_LOOP( '', ( #3607, #3608, #3609, #3610 ) );
#2015 = AXIS2_PLACEMENT_3D( '', #3611, #3612, #3613 );
#2016 = SURFACE_SIDE_STYLE( '', ( #3614 ) );
#2017 = EDGE_LOOP( '', ( #3615, #3616, #3617, #3618 ) );
#2018 = AXIS2_PLACEMENT_3D( '', #3619, #3620, #3621 );
#2019 = SURFACE_SIDE_STYLE( '', ( #3622 ) );
#2020 = EDGE_LOOP( '', ( #3623, #3624, #3625, #3626, #3627, #3628, #3629, #3630 ) );
#2021 = AXIS2_PLACEMENT_3D( '', #3631, #3632, #3633 );
#2022 = SURFACE_SIDE_STYLE( '', ( #3634 ) );
#2023 = EDGE_LOOP( '', ( #3635 ) );
#2024 = EDGE_LOOP( '', ( #3636, #3637, #3638, #3639 ) );
#2025 = AXIS2_PLACEMENT_3D( '', #3640, #3641, #3642 );
#2026 = SURFACE_SIDE_STYLE( '', ( #3643 ) );
#2027 = EDGE_LOOP( '', ( #3644, #3645, #3646, #3647 ) );
#2028 = AXIS2_PLACEMENT_3D( '', #3648, #3649, #3650 );
#2029 = SURFACE_SIDE_STYLE( '', ( #3651 ) );
#2030 = EDGE_LOOP( '', ( #3652, #3653, #3654, #3655, #3656, #3657, #3658, #3659 ) );
#2031 = AXIS2_PLACEMENT_3D( '', #3660, #3661, #3662 );
#2032 = SURFACE_SIDE_STYLE( '', ( #3663 ) );
#2033 = EDGE_LOOP( '', ( #3664, #3665, #3666, #3667 ) );
#2034 = AXIS2_PLACEMENT_3D( '', #3668, #3669, #3670 );
#2035 = SURFACE_SIDE_STYLE( '', ( #3671 ) );
#2036 = EDGE_LOOP( '', ( #3672, #3673, #3674, #3675, #3676, #3677, #3678, #3679, #3680, #3681, #3682, #3683, #3684, #3685, #3686, #3687, #3688, #3689, #3690, #3691, #3692, #3693, #3694, #3695, #3696, #3697, #3698, #3699, #3700, #3701, #3702, #3703, #3704, #3705, #3706, #3707, #3708, #3709, #3710, #3711, #3712, #3713, #3714, #3715, #3716, #3717, #3718, #3719, #3720, #3721, #3722, #3723 ) );
#2037 = AXIS2_PLACEMENT_3D( '', #3724, #3725, #3726 );
#2038 = SURFACE_SIDE_STYLE( '', ( #3727 ) );
#2039 = EDGE_LOOP( '', ( #3728, #3729, #3730, #3731 ) );
#2040 = AXIS2_PLACEMENT_3D( '', #3732, #3733, #3734 );
#2041 = SURFACE_SIDE_STYLE( '', ( #3735 ) );
#2042 = EDGE_LOOP( '', ( #3736, #3737, #3738, #3739 ) );
#2043 = AXIS2_PLACEMENT_3D( '', #3740, #3741, #3742 );
#2044 = SURFACE_SIDE_STYLE( '', ( #3743 ) );
#2045 = EDGE_LOOP( '', ( #3744 ) );
#2046 = EDGE_LOOP( '', ( #3745 ) );
#2047 = AXIS2_PLACEMENT_3D( '', #3746, #3747, #3748 );
#2048 = SURFACE_SIDE_STYLE( '', ( #3749 ) );
#2049 = EDGE_LOOP( '', ( #3750, #3751, #3752, #3753 ) );
#2050 = AXIS2_PLACEMENT_3D( '', #3754, #3755, #3756 );
#2051 = SURFACE_SIDE_STYLE( '', ( #3757 ) );
#2052 = EDGE_LOOP( '', ( #3758, #3759, #3760, #3761 ) );
#2053 = AXIS2_PLACEMENT_3D( '', #3762, #3763, #3764 );
#2054 = SURFACE_SIDE_STYLE( '', ( #3765 ) );
#2055 = EDGE_LOOP( '', ( #3766 ) );
#2056 = EDGE_LOOP( '', ( #3767 ) );
#2057 = AXIS2_PLACEMENT_3D( '', #3768, #3769, #3770 );
#2058 = SURFACE_SIDE_STYLE( '', ( #3771 ) );
#2059 = EDGE_LOOP( '', ( #3772, #3773, #3774, #3775 ) );
#2060 = AXIS2_PLACEMENT_3D( '', #3776, #3777, #3778 );
#2061 = SURFACE_SIDE_STYLE( '', ( #3779 ) );
#2062 = EDGE_LOOP( '', ( #3780, #3781, #3782, #3783 ) );
#2063 = AXIS2_PLACEMENT_3D( '', #3784, #3785, #3786 );
#2064 = SURFACE_SIDE_STYLE( '', ( #3787 ) );
#2065 = EDGE_LOOP( '', ( #3788, #3789, #3790, #3791, #3792 ) );
#2066 = AXIS2_PLACEMENT_3D( '', #3793, #3794, #3795 );
#2067 = SURFACE_SIDE_STYLE( '', ( #3796 ) );
#2068 = EDGE_LOOP( '', ( #3797, #3798, #3799, #3800 ) );
#2069 = AXIS2_PLACEMENT_3D( '', #3801, #3802, #3803 );
#2070 = SURFACE_SIDE_STYLE( '', ( #3804 ) );
#2071 = EDGE_LOOP( '', ( #3805, #3806, #3807, #3808 ) );
#2072 = AXIS2_PLACEMENT_3D( '', #3809, #3810, #3811 );
#2073 = SURFACE_SIDE_STYLE( '', ( #3812 ) );
#2074 = EDGE_LOOP( '', ( #3813, #3814, #3815, #3816 ) );
#2075 = AXIS2_PLACEMENT_3D( '', #3817, #3818, #3819 );
#2076 = SURFACE_SIDE_STYLE( '', ( #3820 ) );
#2077 = EDGE_LOOP( '', ( #3821, #3822, #3823, #3824 ) );
#2078 = AXIS2_PLACEMENT_3D( '', #3825, #3826, #3827 );
#2079 = SURFACE_SIDE_STYLE( '', ( #3828 ) );
#2080 = EDGE_LOOP( '', ( #3829, #3830, #3831, #3832 ) );
#2081 = AXIS2_PLACEMENT_3D( '', #3833, #3834, #3835 );
#2082 = SURFACE_SIDE_STYLE( '', ( #3836 ) );
#2083 = EDGE_LOOP( '', ( #3837, #3838, #3839, #3840 ) );
#2084 = AXIS2_PLACEMENT_3D( '', #3841, #3842, #3843 );
#2085 = SURFACE_SIDE_STYLE( '', ( #3844 ) );
#2086 = EDGE_LOOP( '', ( #3845, #3846, #3847, #3848, #3849, #3850, #3851 ) );
#2087 = AXIS2_PLACEMENT_3D( '', #3852, #3853, #3854 );
#2088 = SURFACE_SIDE_STYLE( '', ( #3855 ) );
#2089 = EDGE_LOOP( '', ( #3856, #3857, #3858, #3859 ) );
#2090 = AXIS2_PLACEMENT_3D( '', #3860, #3861, #3862 );
#2091 = SURFACE_SIDE_STYLE( '', ( #3863 ) );
#2092 = EDGE_LOOP( '', ( #3864, #3865, #3866, #3867 ) );
#2093 = AXIS2_PLACEMENT_3D( '', #3868, #3869, #3870 );
#2094 = SURFACE_SIDE_STYLE( '', ( #3871 ) );
#2095 = EDGE_LOOP( '', ( #3872, #3873, #3874, #3875, #3876, #3877, #3878, #3879 ) );
#2096 = AXIS2_PLACEMENT_3D( '', #3880, #3881, #3882 );
#2097 = SURFACE_SIDE_STYLE( '', ( #3883 ) );
#2098 = EDGE_LOOP( '', ( #3884, #3885, #3886, #3887, #3888, #3889 ) );
#2099 = AXIS2_PLACEMENT_3D( '', #3890, #3891, #3892 );
#2100 = SURFACE_SIDE_STYLE( '', ( #3893 ) );
#2101 = EDGE_LOOP( '', ( #3894, #3895, #3896, #3897 ) );
#2102 = AXIS2_PLACEMENT_3D( '', #3898, #3899, #3900 );
#2103 = SURFACE_SIDE_STYLE( '', ( #3901 ) );
#2104 = EDGE_LOOP( '', ( #3902, #3903, #3904, #3905 ) );
#2105 = AXIS2_PLACEMENT_3D( '', #3906, #3907, #3908 );
#2106 = SURFACE_SIDE_STYLE( '', ( #3909 ) );
#2107 = EDGE_LOOP( '', ( #3910, #3911, #3912, #3913 ) );
#2108 = AXIS2_PLACEMENT_3D( '', #3914, #3915, #3916 );
#2109 = SURFACE_SIDE_STYLE( '', ( #3917 ) );
#2110 = EDGE_LOOP( '', ( #3918, #3919, #3920, #3921 ) );
#2111 = AXIS2_PLACEMENT_3D( '', #3922, #3923, #3924 );
#2112 = SURFACE_SIDE_STYLE( '', ( #3925 ) );
#2113 = EDGE_LOOP( '', ( #3926, #3927, #3928, #3929, #3930, #3931, #3932, #3933 ) );
#2114 = AXIS2_PLACEMENT_3D( '', #3934, #3935, #3936 );
#2115 = SURFACE_SIDE_STYLE( '', ( #3937 ) );
#2116 = EDGE_LOOP( '', ( #3938, #3939, #3940, #3941, #3942, #3943, #3944, #3945 ) );
#2117 = AXIS2_PLACEMENT_3D( '', #3946, #3947, #3948 );
#2118 = SURFACE_SIDE_STYLE( '', ( #3949 ) );
#2119 = EDGE_LOOP( '', ( #3950, #3951, #3952, #3953 ) );
#2120 = AXIS2_PLACEMENT_3D( '', #3954, #3955, #3956 );
#2121 = SURFACE_SIDE_STYLE( '', ( #3957 ) );
#2122 = EDGE_LOOP( '', ( #3958, #3959, #3960, #3961 ) );
#2123 = AXIS2_PLACEMENT_3D( '', #3962, #3963, #3964 );
#2124 = SURFACE_SIDE_STYLE( '', ( #3965 ) );
#2125 = EDGE_LOOP( '', ( #3966, #3967, #3968, #3969 ) );
#2126 = AXIS2_PLACEMENT_3D( '', #3970, #3971, #3972 );
#2127 = SURFACE_SIDE_STYLE( '', ( #3973 ) );
#2128 = EDGE_LOOP( '', ( #3974, #3975, #3976, #3977 ) );
#2129 = AXIS2_PLACEMENT_3D( '', #3978, #3979, #3980 );
#2130 = SURFACE_SIDE_STYLE( '', ( #3981 ) );
#2131 = EDGE_LOOP( '', ( #3982, #3983, #3984, #3985, #3986, #3987 ) );
#2132 = AXIS2_PLACEMENT_3D( '', #3988, #3989, #3990 );
#2133 = SURFACE_SIDE_STYLE( '', ( #3991 ) );
#2134 = EDGE_LOOP( '', ( #3992, #3993, #3994, #3995 ) );
#2135 = AXIS2_PLACEMENT_3D( '', #3996, #3997, #3998 );
#2136 = SURFACE_SIDE_STYLE( '', ( #3999 ) );
#2137 = EDGE_LOOP( '', ( #4000, #4001, #4002, #4003, #4004, #4005 ) );
#2138 = AXIS2_PLACEMENT_3D( '', #4006, #4007, #4008 );
#2139 = SURFACE_SIDE_STYLE( '', ( #4009 ) );
#2140 = EDGE_LOOP( '', ( #4010, #4011, #4012, #4013 ) );
#2141 = AXIS2_PLACEMENT_3D( '', #4014, #4015, #4016 );
#2142 = SURFACE_SIDE_STYLE( '', ( #4017 ) );
#2143 = EDGE_LOOP( '', ( #4018, #4019, #4020, #4021 ) );
#2144 = AXIS2_PLACEMENT_3D( '', #4022, #4023, #4024 );
#2145 = SURFACE_SIDE_STYLE( '', ( #4025 ) );
#2146 = EDGE_LOOP( '', ( #4026, #4027, #4028, #4029 ) );
#2147 = AXIS2_PLACEMENT_3D( '', #4030, #4031, #4032 );
#2148 = SURFACE_SIDE_STYLE( '', ( #4033 ) );
#2149 = EDGE_LOOP( '', ( #4034, #4035, #4036, #4037, #4038, #4039 ) );
#2150 = AXIS2_PLACEMENT_3D( '', #4040, #4041, #4042 );
#2151 = SURFACE_SIDE_STYLE( '', ( #4043 ) );
#2152 = EDGE_LOOP( '', ( #4044 ) );
#2153 = EDGE_LOOP( '', ( #4045 ) );
#2154 = AXIS2_PLACEMENT_3D( '', #4046, #4047, #4048 );
#2155 = SURFACE_SIDE_STYLE( '', ( #4049 ) );
#2156 = EDGE_LOOP( '', ( #4050 ) );
#2157 = EDGE_LOOP( '', ( #4051 ) );
#2158 = AXIS2_PLACEMENT_3D( '', #4052, #4053, #4054 );
#2159 = SURFACE_SIDE_STYLE( '', ( #4055 ) );
#2160 = EDGE_LOOP( '', ( #4056, #4057, #4058, #4059 ) );
#2161 = AXIS2_PLACEMENT_3D( '', #4060, #4061, #4062 );
#2162 = SURFACE_SIDE_STYLE( '', ( #4063 ) );
#2163 = EDGE_LOOP( '', ( #4064, #4065, #4066, #4067 ) );
#2164 = AXIS2_PLACEMENT_3D( '', #4068, #4069, #4070 );
#2165 = SURFACE_SIDE_STYLE( '', ( #4071 ) );
#2166 = EDGE_LOOP( '', ( #4072, #4073, #4074, #4075 ) );
#2167 = AXIS2_PLACEMENT_3D( '', #4076, #4077, #4078 );
#2168 = SURFACE_SIDE_STYLE( '', ( #4079 ) );
#2169 = EDGE_LOOP( '', ( #4080 ) );
#2170 = EDGE_LOOP( '', ( #4081, #4082, #4083, #4084 ) );
#2171 = AXIS2_PLACEMENT_3D( '', #4085, #4086, #4087 );
#2172 = SURFACE_SIDE_STYLE( '', ( #4088 ) );
#2173 = EDGE_LOOP( '', ( #4089, #4090, #4091, #4092, #4093, #4094, #4095, #4096 ) );
#2174 = AXIS2_PLACEMENT_3D( '', #4097, #4098, #4099 );
#2175 = SURFACE_SIDE_STYLE( '', ( #4100 ) );
#2176 = EDGE_LOOP( '', ( #4101, #4102, #4103, #4104, #4105, #4106 ) );
#2177 = AXIS2_PLACEMENT_3D( '', #4107, #4108, #4109 );
#2178 = SURFACE_SIDE_STYLE( '', ( #4110 ) );
#2179 = EDGE_LOOP( '', ( #4111, #4112, #4113, #4114, #4115, #4116, #4117, #4118 ) );
#2180 = AXIS2_PLACEMENT_3D( '', #4119, #4120, #4121 );
#2181 = SURFACE_SIDE_STYLE( '', ( #4122 ) );
#2182 = EDGE_LOOP( '', ( #4123, #4124, #4125, #4126 ) );
#2183 = AXIS2_PLACEMENT_3D( '', #4127, #4128, #4129 );
#2184 = SURFACE_SIDE_STYLE( '', ( #4130 ) );
#2185 = EDGE_LOOP( '', ( #4131, #4132, #4133, #4134 ) );
#2186 = AXIS2_PLACEMENT_3D( '', #4135, #4136, #4137 );
#2187 = SURFACE_SIDE_STYLE( '', ( #4138 ) );
#2188 = EDGE_LOOP( '', ( #4139 ) );
#2189 = EDGE_LOOP( '', ( #4140, #4141, #4142, #4143 ) );
#2190 = AXIS2_PLACEMENT_3D( '', #4144, #4145, #4146 );
#2191 = SURFACE_SIDE_STYLE( '', ( #4147 ) );
#2192 = EDGE_LOOP( '', ( #4148, #4149, #4150, #4151 ) );
#2193 = AXIS2_PLACEMENT_3D( '', #4152, #4153, #4154 );
#2194 = SURFACE_SIDE_STYLE( '', ( #4155 ) );
#2195 = EDGE_LOOP( '', ( #4156 ) );
#2196 = EDGE_LOOP( '', ( #4157 ) );
#2197 = EDGE_LOOP( '', ( #4158 ) );
#2198 = EDGE_LOOP( '', ( #4159 ) );
#2199 = EDGE_LOOP( '', ( #4160 ) );
#2200 = EDGE_LOOP( '', ( #4161, #4162, #4163, #4164, #4165, #4166, #4167, #4168, #4169, #4170, #4171, #4172, #4173, #4174, #4175, #4176, #4177, #4178, #4179, #4180, #4181, #4182, #4183, #4184, #4185, #4186, #4187, #4188, #4189, #4190, #4191, #4192, #4193, #4194, #4195, #4196, #4197, #4198, #4199, #4200, #4201, #4202, #4203, #4204, #4205, #4206, #4207, #4208, #4209, #4210, #4211, #4212, #4213, #4214, #4215, #4216, #4217, #4218, #4219, #4220, #4221, #4222, #4223, #4224, #4225, #4226, #4227, #4228, #4229, #4230, #4231, #4232, #4233, #4234, #4235, #4236 ) );
#2201 = EDGE_LOOP( '', ( #4237 ) );
#2202 = AXIS2_PLACEMENT_3D( '', #4238, #4239, #4240 );
#2203 = SURFACE_SIDE_STYLE( '', ( #4241 ) );
#2204 = EDGE_LOOP( '', ( #4242, #4243, #4244, #4245, #4246, #4247 ) );
#2205 = AXIS2_PLACEMENT_3D( '', #4248, #4249, #4250 );
#2206 = SURFACE_SIDE_STYLE( '', ( #4251 ) );
#2207 = EDGE_LOOP( '', ( #4252 ) );
#2208 = EDGE_LOOP( '', ( #4253, #4254, #4255, #4256 ) );
#2209 = AXIS2_PLACEMENT_3D( '', #4257, #4258, #4259 );
#2210 = SURFACE_SIDE_STYLE( '', ( #4260 ) );
#2211 = EDGE_LOOP( '', ( #4261, #4262, #4263, #4264 ) );
#2212 = AXIS2_PLACEMENT_3D( '', #4265, #4266, #4267 );
#2213 = SURFACE_SIDE_STYLE( '', ( #4268 ) );
#2214 = EDGE_LOOP( '', ( #4269, #4270, #4271, #4272, #4273, #4274 ) );
#2215 = AXIS2_PLACEMENT_3D( '', #4275, #4276, #4277 );
#2216 = SURFACE_SIDE_STYLE( '', ( #4278 ) );
#2217 = EDGE_LOOP( '', ( #4279, #4280, #4281, #4282 ) );
#2218 = AXIS2_PLACEMENT_3D( '', #4283, #4284, #4285 );
#2219 = SURFACE_SIDE_STYLE( '', ( #4286 ) );
#2220 = EDGE_LOOP( '', ( #4287, #4288, #4289, #4290 ) );
#2221 = AXIS2_PLACEMENT_3D( '', #4291, #4292, #4293 );
#2222 = SURFACE_SIDE_STYLE( '', ( #4294 ) );
#2223 = EDGE_LOOP( '', ( #4295, #4296, #4297, #4298, #4299, #4300, #4301, #4302 ) );
#2224 = AXIS2_PLACEMENT_3D( '', #4303, #4304, #4305 );
#2225 = SURFACE_SIDE_STYLE( '', ( #4306 ) );
#2226 = EDGE_LOOP( '', ( #4307, #4308, #4309, #4310, #4311, #4312, #4313, #4314 ) );
#2227 = AXIS2_PLACEMENT_3D( '', #4315, #4316, #4317 );
#2228 = SURFACE_SIDE_STYLE( '', ( #4318 ) );
#2229 = EDGE_LOOP( '', ( #4319, #4320, #4321, #4322 ) );
#2230 = AXIS2_PLACEMENT_3D( '', #4323, #4324, #4325 );
#2231 = SURFACE_SIDE_STYLE( '', ( #4326 ) );
#2232 = EDGE_LOOP( '', ( #4327 ) );
#2233 = EDGE_LOOP( '', ( #4328 ) );
#2234 = AXIS2_PLACEMENT_3D( '', #4329, #4330, #4331 );
#2235 = SURFACE_SIDE_STYLE( '', ( #4332 ) );
#2236 = EDGE_LOOP( '', ( #4333, #4334, #4335, #4336 ) );
#2237 = AXIS2_PLACEMENT_3D( '', #4337, #4338, #4339 );
#2238 = SURFACE_SIDE_STYLE( '', ( #4340 ) );
#2239 = EDGE_LOOP( '', ( #4341, #4342, #4343, #4344 ) );
#2240 = AXIS2_PLACEMENT_3D( '', #4345, #4346, #4347 );
#2241 = SURFACE_SIDE_STYLE( '', ( #4348 ) );
#2242 = EDGE_LOOP( '', ( #4349, #4350, #4351, #4352 ) );
#2243 = AXIS2_PLACEMENT_3D( '', #4353, #4354, #4355 );
#2244 = SURFACE_SIDE_STYLE( '', ( #4356 ) );
#2245 = EDGE_LOOP( '', ( #4357, #4358, #4359, #4360, #4361, #4362 ) );
#2246 = AXIS2_PLACEMENT_3D( '', #4363, #4364, #4365 );
#2247 = SURFACE_SIDE_STYLE( '', ( #4366 ) );
#2248 = EDGE_LOOP( '', ( #4367, #4368, #4369, #4370 ) );
#2249 = AXIS2_PLACEMENT_3D( '', #4371, #4372, #4373 );
#2250 = SURFACE_SIDE_STYLE( '', ( #4374 ) );
#2251 = EDGE_LOOP( '', ( #4375 ) );
#2252 = EDGE_LOOP( '', ( #4376 ) );
#2253 = AXIS2_PLACEMENT_3D( '', #4377, #4378, #4379 );
#2254 = SURFACE_SIDE_STYLE( '', ( #4380 ) );
#2255 = EDGE_LOOP( '', ( #4381, #4382, #4383, #4384 ) );
#2256 = AXIS2_PLACEMENT_3D( '', #4385, #4386, #4387 );
#2257 = SURFACE_SIDE_STYLE( '', ( #4388 ) );
#2258 = EDGE_LOOP( '', ( #4389, #4390, #4391, #4392 ) );
#2259 = AXIS2_PLACEMENT_3D( '', #4393, #4394, #4395 );
#2260 = SURFACE_SIDE_STYLE( '', ( #4396 ) );
#2261 = EDGE_LOOP( '', ( #4397, #4398, #4399, #4400, #4401, #4402, #4403, #4404 ) );
#2262 = AXIS2_PLACEMENT_3D( '', #4405, #4406, #4407 );
#2263 = SURFACE_SIDE_STYLE( '', ( #4408 ) );
#2264 = EDGE_LOOP( '', ( #4409, #4410, #4411, #4412 ) );
#2265 = AXIS2_PLACEMENT_3D( '', #4413, #4414, #4415 );
#2266 = SURFACE_SIDE_STYLE( '', ( #4416 ) );
#2267 = EDGE_LOOP( '', ( #4417, #4418, #4419, #4420, #4421, #4422 ) );
#2268 = AXIS2_PLACEMENT_3D( '', #4423, #4424, #4425 );
#2269 = SURFACE_SIDE_STYLE( '', ( #4426 ) );
#2270 = EDGE_LOOP( '', ( #4427, #4428, #4429, #4430, #4431, #4432, #4433, #4434 ) );
#2271 = AXIS2_PLACEMENT_3D( '', #4435, #4436, #4437 );
#2272 = SURFACE_SIDE_STYLE( '', ( #4438 ) );
#2273 = EDGE_LOOP( '', ( #4439, #4440, #4441, #4442, #4443, #4444 ) );
#2274 = AXIS2_PLACEMENT_3D( '', #4445, #4446, #4447 );
#2275 = SURFACE_SIDE_STYLE( '', ( #4448 ) );
#2276 = EDGE_LOOP( '', ( #4449, #4450, #4451, #4452 ) );
#2277 = AXIS2_PLACEMENT_3D( '', #4453, #4454, #4455 );
#2278 = SURFACE_SIDE_STYLE( '', ( #4456 ) );
#2279 = EDGE_LOOP( '', ( #4457, #4458, #4459, #4460, #4461, #4462, #4463, #4464 ) );
#2280 = AXIS2_PLACEMENT_3D( '', #4465, #4466, #4467 );
#2281 = SURFACE_SIDE_STYLE( '', ( #4468 ) );
#2282 = EDGE_LOOP( '', ( #4469, #4470, #4471, #4472 ) );
#2283 = AXIS2_PLACEMENT_3D( '', #4473, #4474, #4475 );
#2285 =  ( LENGTH_UNIT(  )NAMED_UNIT( #1565 )SI_UNIT( .MILLI., .METRE. ) );
#2286 = SURFACE_STYLE_FILL_AREA( #4477 );
#2287 = ORIENTED_EDGE( '', *, *, #4478, .T. );
#2288 = ORIENTED_EDGE( '', *, *, #4479, .F. );
#2289 = ORIENTED_EDGE( '', *, *, #4480, .F. );
#2290 = ORIENTED_EDGE( '', *, *, #4481, .T. );
#2291 = CARTESIAN_POINT( '', ( 2.66080314706699, 3.02264434404465, -2.80000000000000 ) );
#2292 = DIRECTION( '', ( 1.00000000000000, -2.78169337516524E-015, 0.000000000000000 ) );
#2293 = DIRECTION( '', ( 2.78169337516524E-015, 1.00000000000000, 0.000000000000000 ) );
#2294 = SURFACE_STYLE_FILL_AREA( #4482 );
#2295 = ORIENTED_EDGE( '', *, *, #4483, .T. );
#2296 = ORIENTED_EDGE( '', *, *, #4484, .T. );
#2297 = ORIENTED_EDGE( '', *, *, #4485, .T. );
#2298 = ORIENTED_EDGE( '', *, *, #4486, .F. );
#2299 = CARTESIAN_POINT( '', ( -3.21000000000000, 43.5767907131480, 4.70000000000000 ) );
#2300 = DIRECTION( '', ( 0.970142500145332, 0.000000000000000, -0.242535625036332 ) );
#2301 = DIRECTION( '', ( -0.242535625036332, 0.000000000000000, -0.970142500145332 ) );
#2302 = SURFACE_STYLE_FILL_AREA( #4487 );
#2303 = ORIENTED_EDGE( '', *, *, #4488, .F. );
#2304 = ORIENTED_EDGE( '', *, *, #4489, .T. );
#2305 = ORIENTED_EDGE( '', *, *, #4486, .T. );
#2306 = ORIENTED_EDGE( '', *, *, #4490, .F. );
#2307 = CARTESIAN_POINT( '', ( 22.8600000000000, -4.05000000000000, 6.00000000000000 ) );
#2308 = DIRECTION( '', ( 0.000000000000000, 0.000000000000000, 1.00000000000000 ) );
#2309 = DIRECTION( '', ( 1.00000000000000, 0.000000000000000, 0.000000000000000 ) );
#2310 = SURFACE_STYLE_FILL_AREA( #4491 );
#2311 = ORIENTED_EDGE( '', *, *, #4492, .T. );
#2312 = ORIENTED_EDGE( '', *, *, #4493, .F. );
#2313 = ORIENTED_EDGE( '', *, *, #4494, .F. );
#2314 = ORIENTED_EDGE( '', *, *, #4495, .T. );
#2315 = CARTESIAN_POINT( '', ( -1.68540157353350, -0.299999999999995, -2.80000000000000 ) );
#2316 = DIRECTION( '', ( 7.51931389105601E-016, 1.00000000000000, 0.000000000000000 ) );
#2317 = DIRECTION( '', ( -1.00000000000000, 7.51931389105601E-016, 0.000000000000000 ) );
#2318 = SURFACE_STYLE_FILL_AREA( #4496 );
#2319 = ORIENTED_EDGE( '', *, *, #4497, .T. );
#2320 = ORIENTED_EDGE( '', *, *, #4498, .F. );
#2321 = ORIENTED_EDGE( '', *, *, #4499, .F. );
#2322 = ORIENTED_EDGE( '', *, *, #4500, .T. );
#2323 = CARTESIAN_POINT( '', ( -4.36000000000000, -1.87459842646651, -2.80000000000000 ) );
#2324 = DIRECTION( '', ( 1.00000000000000, 3.22618734930235E-015, 0.000000000000000 ) );
#2325 = DIRECTION( '', ( -3.22618734930235E-015, 1.00000000000000, 0.000000000000000 ) );
#2326 = SURFACE_STYLE_FILL_AREA( #4501 );
#2327 = ORIENTED_EDGE( '', *, *, #4502, .F. );
#2328 = ORIENTED_EDGE( '', *, *, #4503, .F. );
#2329 = ORIENTED_EDGE( '', *, *, #4504, .F. );
#2330 = ORIENTED_EDGE( '', *, *, #4505, .T. );
#2331 = CARTESIAN_POINT( '', ( 11.9300000000000, -0.249999999999997, -49.2267907131480 ) );
#2332 = DIRECTION( '', ( 0.000000000000000, 1.00000000000000, 0.000000000000000 ) );
#2333 = DIRECTION( '', ( 0.000000000000000, 0.000000000000000, 1.00000000000000 ) );
#2334 = SURFACE_STYLE_FILL_AREA( #4506 );
#2335 = ORIENTED_EDGE( '', *, *, #4507, .T. );
#2336 = ORIENTED_EDGE( '', *, *, #4508, .T. );
#2337 = ORIENTED_EDGE( '', *, *, #4509, .T. );
#2338 = ORIENTED_EDGE( '', *, *, #4510, .F. );
#2339 = CARTESIAN_POINT( '', ( 10.9300000000000, -0.249999999999997, -3.45000000000000 ) );
#2340 = DIRECTION( '', ( 0.000000000000000, 0.000000000000000, 1.00000000000000 ) );
#2341 = DIRECTION( '', ( 1.00000000000000, 0.000000000000000, 0.000000000000000 ) );
#2342 = SURFACE_STYLE_FILL_AREA( #4511 );
#2343 = ORIENTED_EDGE( '', *, *, #4512, .F. );
#2344 = ORIENTED_EDGE( '', *, *, #4513, .F. );
#2345 = ORIENTED_EDGE( '', *, *, #4514, .T. );
#2346 = ORIENTED_EDGE( '', *, *, #4515, .T. );
#2347 = CARTESIAN_POINT( '', ( -16.9000000000000, 2.35000000000000, -5.20000000000000 ) );
#2348 = DIRECTION( '', ( -3.37494839684204E-016, -1.00000000000000, 0.000000000000000 ) );
#2349 = DIRECTION( '', ( 1.00000000000000, -3.37494839684204E-016, 0.000000000000000 ) );
#2350 = SURFACE_STYLE_FILL_AREA( #4516 );
#2351 = ORIENTED_EDGE( '', *, *, #4517, .T. );
#2352 = ORIENTED_EDGE( '', *, *, #4518, .F. );
#2353 = ORIENTED_EDGE( '', *, *, #4519, .F. );
#2354 = ORIENTED_EDGE( '', *, *, #4520, .T. );
#2355 = CARTESIAN_POINT( '', ( -12.5791968529330, 3.02264434404465, -2.80000000000000 ) );
#2356 = DIRECTION( '', ( 1.00000000000000, -2.78169337516524E-015, 0.000000000000000 ) );
#2357 = DIRECTION( '', ( 2.78169337516524E-015, 1.00000000000000, 0.000000000000000 ) );
#2358 = SURFACE_STYLE_FILL_AREA( #4521 );
#2359 = ORIENTED_EDGE( '', *, *, #4522, .F. );
#2360 = ORIENTED_EDGE( '', *, *, #4523, .F. );
#2361 = ORIENTED_EDGE( '', *, *, #4524, .T. );
#2362 = ORIENTED_EDGE( '', *, *, #4525, .T. );
#2363 = ORIENTED_EDGE( '', *, *, #4526, .T. );
#2364 = ORIENTED_EDGE( '', *, *, #4527, .F. );
#2365 = CARTESIAN_POINT( '', ( -20.5250000000000, -2.65000000000000, -5.60000000000000 ) );
#2366 = DIRECTION( '', ( -1.00000000000000, 0.000000000000000, 0.000000000000000 ) );
#2367 = DIRECTION( '', ( 0.000000000000000, 0.000000000000000, 1.00000000000000 ) );
#2368 = SURFACE_STYLE_FILL_AREA( #4528 );
#2369 = ORIENTED_EDGE( '', *, *, #4529, .T. );
#2370 = ORIENTED_EDGE( '', *, *, #4530, .T. );
#2371 = ORIENTED_EDGE( '', *, *, #4531, .T. );
#2372 = ORIENTED_EDGE( '', *, *, #4532, .F. );
#2373 = CARTESIAN_POINT( '', ( 18.5500000000000, -0.249999999999997, -3.45000000000000 ) );
#2374 = DIRECTION( '', ( 0.000000000000000, 0.000000000000000, 1.00000000000000 ) );
#2375 = DIRECTION( '', ( 1.00000000000000, 0.000000000000000, 0.000000000000000 ) );
#2376 = SURFACE_STYLE_FILL_AREA( #4533 );
#2377 = ORIENTED_EDGE( '', *, *, #4534, .T. );
#2378 = ORIENTED_EDGE( '', *, *, #4535, .T. );
#2379 = ORIENTED_EDGE( '', *, *, #4536, .F. );
#2380 = ORIENTED_EDGE( '', *, *, #4537, .F. );
#2381 = ORIENTED_EDGE( '', *, *, #4538, .F. );
#2382 = ORIENTED_EDGE( '', *, *, #4539, .T. );
#2383 = CARTESIAN_POINT( '', ( 20.5250000000000, 4.05000000000000, -2.60000000000000 ) );
#2384 = DIRECTION( '', ( -1.00000000000000, 0.000000000000000, 0.000000000000000 ) );
#2385 = DIRECTION( '', ( 0.000000000000000, 0.000000000000000, 1.00000000000000 ) );
#2386 = SURFACE_STYLE_FILL_AREA( #4540 );
#2387 = ORIENTED_EDGE( '', *, *, #4541, .F. );
#2388 = ORIENTED_EDGE( '', *, *, #4542, .F. );
#2389 = ORIENTED_EDGE( '', *, *, #4543, .T. );
#2390 = ORIENTED_EDGE( '', *, *, #4544, .T. );
#2391 = CARTESIAN_POINT( '', ( 22.8600000000000, -4.45000000000000, 4.70000000000000 ) );
#2392 = DIRECTION( '', ( 0.000000000000000, -0.955779008721950, 0.294085848837523 ) );
#2393 = DIRECTION( '', ( 0.000000000000000, -0.294085848837523, -0.955779008721950 ) );
#2394 = SURFACE_STYLE_FILL_AREA( #4545 );
#2395 = ORIENTED_EDGE( '', *, *, #4546, .F. );
#2396 = ORIENTED_EDGE( '', *, *, #4547, .T. );
#2397 = ORIENTED_EDGE( '', *, *, #4548, .T. );
#2398 = ORIENTED_EDGE( '', *, *, #4549, .F. );
#2399 = CARTESIAN_POINT( '', ( 22.8600000000000, -4.05000000000000, 6.00000000000000 ) );
#2400 = DIRECTION( '', ( 0.000000000000000, 0.000000000000000, 1.00000000000000 ) );
#2401 = DIRECTION( '', ( 1.00000000000000, 0.000000000000000, 0.000000000000000 ) );
#2402 = SURFACE_STYLE_FILL_AREA( #4550 );
#2403 = ORIENTED_EDGE( '', *, *, #4551, .F. );
#2404 = ORIENTED_EDGE( '', *, *, #4552, .T. );
#2405 = ORIENTED_EDGE( '', *, *, #4553, .T. );
#2406 = ORIENTED_EDGE( '', *, *, #4554, .F. );
#2407 = CARTESIAN_POINT( '', ( 22.8600000000000, -4.05000000000000, 6.00000000000000 ) );
#2408 = DIRECTION( '', ( 0.000000000000000, 0.000000000000000, 1.00000000000000 ) );
#2409 = DIRECTION( '', ( 1.00000000000000, 0.000000000000000, 0.000000000000000 ) );
#2410 = SURFACE_STYLE_FILL_AREA( #4555 );
#2411 = ORIENTED_EDGE( '', *, *, #4556, .F. );
#2412 = ORIENTED_EDGE( '', *, *, #4557, .F. );
#2413 = ORIENTED_EDGE( '', *, *, #4558, .T. );
#2414 = ORIENTED_EDGE( '', *, *, #4559, .T. );
#2415 = ORIENTED_EDGE( '', *, *, #4560, .T. );
#2416 = ORIENTED_EDGE( '', *, *, #4561, .F. );
#2417 = CARTESIAN_POINT( '', ( 5.28500000000000, -2.65000000000000, -6.00000000000000 ) );
#2418 = DIRECTION( '', ( 1.00000000000000, 0.000000000000000, 0.000000000000000 ) );
#2419 = DIRECTION( '', ( 0.000000000000000, 0.000000000000000, -1.00000000000000 ) );
#2420 = SURFACE_STYLE_FILL_AREA( #4562 );
#2421 = ORIENTED_EDGE( '', *, *, #4563, .F. );
#2422 = ORIENTED_EDGE( '', *, *, #4564, .T. );
#2423 = ORIENTED_EDGE( '', *, *, #4565, .F. );
#2424 = ORIENTED_EDGE( '', *, *, #4566, .F. );
#2425 = CARTESIAN_POINT( '', ( 22.8600000000000, -4.45000000000000, 4.70000000000000 ) );
#2426 = DIRECTION( '', ( 0.000000000000000, -0.955779008721950, 0.294085848837523 ) );
#2427 = DIRECTION( '', ( 0.000000000000000, -0.294085848837523, -0.955779008721950 ) );
#2428 = SURFACE_STYLE_FILL_AREA( #4567 );
#2429 = ORIENTED_EDGE( '', *, *, #4478, .F. );
#2430 = ORIENTED_EDGE( '', *, *, #4568, .F. );
#2431 = ORIENTED_EDGE( '', *, *, #4569, .F. );
#2432 = ORIENTED_EDGE( '', *, *, #4570, .F. );
#2433 = ORIENTED_EDGE( '', *, *, #4571, .F. );
#2434 = ORIENTED_EDGE( '', *, *, #4572, .F. );
#2435 = ORIENTED_EDGE( '', *, *, #4573, .F. );
#2436 = ORIENTED_EDGE( '', *, *, #4574, .F. );
#2437 = CARTESIAN_POINT( '', ( -19.0500000000000, 0.231944444444447, -5.20000000000000 ) );
#2438 = DIRECTION( '', ( 0.000000000000000, 0.000000000000000, -1.00000000000000 ) );
#2439 = DIRECTION( '', ( -1.00000000000000, 0.000000000000000, 0.000000000000000 ) );
#2440 = SURFACE_STYLE_FILL_AREA( #4575 );
#2441 = ORIENTED_EDGE( '', *, *, #4576, .F. );
#2442 = ORIENTED_EDGE( '', *, *, #4577, .T. );
#2443 = ORIENTED_EDGE( '', *, *, #4578, .T. );
#2444 = ORIENTED_EDGE( '', *, *, #4579, .T. );
#2445 = CARTESIAN_POINT( '', ( -0.500000000000000, 0.500000000000000, 7.37500000000000 ) );
#2446 = DIRECTION( '', ( 0.000000000000000, 1.00000000000000, 0.000000000000000 ) );
#2447 = DIRECTION( '', ( 0.000000000000000, 0.000000000000000, 1.00000000000000 ) );
#2448 = SURFACE_STYLE_FILL_AREA( #4580 );
#2449 = ORIENTED_EDGE( '', *, *, #4581, .T. );
#2450 = ORIENTED_EDGE( '', *, *, #4582, .F. );
#2451 = ORIENTED_EDGE( '', *, *, #4583, .F. );
#2452 = ORIENTED_EDGE( '', *, *, #4584, .T. );
#2453 = CARTESIAN_POINT( '', ( 10.8800000000000, -1.87459842646651, -2.80000000000000 ) );
#2454 = DIRECTION( '', ( 1.00000000000000, 3.22618734930235E-015, 0.000000000000000 ) );
#2455 = DIRECTION( '', ( -3.22618734930235E-015, 1.00000000000000, 0.000000000000000 ) );
#2456 = SURFACE_STYLE_FILL_AREA( #4585 );
#2457 = ORIENTED_EDGE( '', *, *, #4586, .T. );
#2458 = ORIENTED_EDGE( '', *, *, #4587, .F. );
#2459 = ORIENTED_EDGE( '', *, *, #4588, .F. );
#2460 = ORIENTED_EDGE( '', *, *, #4589, .T. );
#2461 = ORIENTED_EDGE( '', *, *, #4590, .F. );
#2462 = ORIENTED_EDGE( '', *, *, #4591, .F. );
#2463 = ORIENTED_EDGE( '', *, *, #4592, .T. );
#2464 = ORIENTED_EDGE( '', *, *, #4570, .T. );
#2465 = CARTESIAN_POINT( '', ( -3.81000000000000, 0.231944444444447, -5.20000000000000 ) );
#2466 = DIRECTION( '', ( -0.000000000000000, -0.000000000000000, -1.00000000000000 ) );
#2467 = DIRECTION( '', ( 1.00000000000000, 0.000000000000000, 0.000000000000000 ) );
#2468 = SURFACE_STYLE_FILL_AREA( #4593 );
#2469 = ORIENTED_EDGE( '', *, *, #4594, .F. );
#2470 = ORIENTED_EDGE( '', *, *, #4595, .F. );
#2471 = CARTESIAN_POINT( '', ( -3.81000000000000, 0.250000000000004, -1.70000000000000 ) );
#2472 = DIRECTION( '', ( 0.000000000000000, 0.000000000000000, -1.00000000000000 ) );
#2473 = DIRECTION( '', ( -1.00000000000000, 0.000000000000000, 0.000000000000000 ) );
#2474 = SURFACE_STYLE_FILL_AREA( #4596 );
#2475 = ORIENTED_EDGE( '', *, *, #4597, .F. );
#2476 = ORIENTED_EDGE( '', *, *, #4598, .F. );
#2477 = ORIENTED_EDGE( '', *, *, #4599, .T. );
#2478 = ORIENTED_EDGE( '', *, *, #4600, .T. );
#2479 = ORIENTED_EDGE( '', *, *, #4601, .T. );
#2480 = ORIENTED_EDGE( '', *, *, #4602, .F. );
#2481 = CARTESIAN_POINT( '', ( -9.95500000000000, -2.65000000000000, -6.00000000000000 ) );
#2482 = DIRECTION( '', ( 1.00000000000000, 0.000000000000000, 0.000000000000000 ) );
#2483 = DIRECTION( '', ( 0.000000000000000, 0.000000000000000, -1.00000000000000 ) );
#2484 = SURFACE_STYLE_FILL_AREA( #4603 );
#2485 = ORIENTED_EDGE( '', *, *, #4604, .T. );
#2486 = ORIENTED_EDGE( '', *, *, #4605, .T. );
#2487 = ORIENTED_EDGE( '', *, *, #4606, .T. );
#2488 = ORIENTED_EDGE( '', *, *, #4607, .F. );
#2489 = CARTESIAN_POINT( '', ( 3.31000000000000, -0.249999999999997, -3.45000000000000 ) );
#2490 = DIRECTION( '', ( 0.000000000000000, 0.000000000000000, 1.00000000000000 ) );
#2491 = DIRECTION( '', ( 1.00000000000000, 0.000000000000000, 0.000000000000000 ) );
#2492 = SURFACE_STYLE_FILL_AREA( #4608 );
#2493 = ORIENTED_EDGE( '', *, *, #4609, .T. );
#2494 = ORIENTED_EDGE( '', *, *, #4610, .T. );
#2495 = ORIENTED_EDGE( '', *, *, #4611, .T. );
#2496 = ORIENTED_EDGE( '', *, *, #4612, .T. );
#2497 = CARTESIAN_POINT( '', ( 0.000000000000000, 0.000000000000000, -7.37500000000000 ) );
#2498 = DIRECTION( '', ( 0.000000000000000, 0.000000000000000, -1.00000000000000 ) );
#2499 = DIRECTION( '', ( -1.00000000000000, 0.000000000000000, 0.000000000000000 ) );
#2500 = SURFACE_STYLE_FILL_AREA( #4613 );
#2501 = ORIENTED_EDGE( '', *, *, #4614, .F. );
#2502 = ORIENTED_EDGE( '', *, *, #4615, .F. );
#2503 = ORIENTED_EDGE( '', *, *, #4616, .T. );
#2504 = ORIENTED_EDGE( '', *, *, #4617, .T. );
#2505 = ORIENTED_EDGE( '', *, *, #4618, .T. );
#2506 = ORIENTED_EDGE( '', *, *, #4619, .F. );
#2507 = CARTESIAN_POINT( '', ( 12.9050000000000, -2.65000000000000, -6.00000000000000 ) );
#2508 = DIRECTION( '', ( 1.00000000000000, 0.000000000000000, 0.000000000000000 ) );
#2509 = DIRECTION( '', ( 0.000000000000000, 0.000000000000000, -1.00000000000000 ) );
#2510 = SURFACE_STYLE_FILL_AREA( #4620 );
#2511 = ORIENTED_EDGE( '', *, *, #4621, .F. );
#2512 = ORIENTED_EDGE( '', *, *, #4560, .F. );
#2513 = ORIENTED_EDGE( '', *, *, #4622, .F. );
#2514 = ORIENTED_EDGE( '', *, *, #4623, .F. );
#2515 = CARTESIAN_POINT( '', ( 3.81000000000000, 3.85000000000000, -2.60000000000000 ) );
#2516 = DIRECTION( '', ( 0.000000000000000, -1.14543451244288E-015, -1.00000000000000 ) );
#2517 = DIRECTION( '', ( 0.000000000000000, 1.00000000000000, -1.14543451244288E-015 ) );
#2518 = SURFACE_STYLE_FILL_AREA( #4624 );
#2519 = ORIENTED_EDGE( '', *, *, #4625, .T. );
#2520 = ORIENTED_EDGE( '', *, *, #4626, .F. );
#2521 = ORIENTED_EDGE( '', *, *, #4627, .F. );
#2522 = ORIENTED_EDGE( '', *, *, #4628, .T. );
#2523 = CARTESIAN_POINT( '', ( -10.8800000000000, -2.95000000000000, -2.80000000000000 ) );
#2524 = DIRECTION( '', ( -1.00000000000000, 0.000000000000000, 0.000000000000000 ) );
#2525 = DIRECTION( '', ( 0.000000000000000, 0.000000000000000, 1.00000000000000 ) );
#2526 = SURFACE_STYLE_FILL_AREA( #4629 );
#2527 = ORIENTED_EDGE( '', *, *, #4630, .T. );
#2528 = ORIENTED_EDGE( '', *, *, #4631, .T. );
#2529 = ORIENTED_EDGE( '', *, *, #4632, .F. );
#2530 = ORIENTED_EDGE( '', *, *, #4633, .F. );
#2531 = CARTESIAN_POINT( '', ( 14.3300000000000, 2.35000000000000, -5.20000000000000 ) );
#2532 = DIRECTION( '', ( 3.37494839684204E-016, -1.00000000000000, 0.000000000000000 ) );
#2533 = DIRECTION( '', ( 1.00000000000000, 3.37494839684204E-016, 0.000000000000000 ) );
#2534 = SURFACE_STYLE_FILL_AREA( #4634 );
#2535 = ORIENTED_EDGE( '', *, *, #4635, .T. );
#2536 = ORIENTED_EDGE( '', *, *, #4636, .T. );
#2537 = ORIENTED_EDGE( '', *, *, #4637, .T. );
#2538 = ORIENTED_EDGE( '', *, *, #4638, .F. );
#2539 = CARTESIAN_POINT( '', ( -18.4500000000000, 43.5767907131480, 4.70000000000000 ) );
#2540 = DIRECTION( '', ( 0.970142500145332, 0.000000000000000, -0.242535625036332 ) );
#2541 = DIRECTION( '', ( -0.242535625036332, 0.000000000000000, -0.970142500145332 ) );
#2542 = SURFACE_STYLE_FILL_AREA( #4639 );
#2543 = ORIENTED_EDGE( '', *, *, #4640, .F. );
#2544 = ORIENTED_EDGE( '', *, *, #4641, .F. );
#2545 = ORIENTED_EDGE( '', *, *, #4614, .T. );
#2546 = ORIENTED_EDGE( '', *, *, #4642, .F. );
#2547 = ORIENTED_EDGE( '', *, *, #4643, .T. );
#2548 = ORIENTED_EDGE( '', *, *, #4644, .F. );
#2549 = ORIENTED_EDGE( '', *, *, #4535, .F. );
#2550 = ORIENTED_EDGE( '', *, *, #4645, .F. );
#2551 = ORIENTED_EDGE( '', *, *, #4646, .T. );
#2552 = ORIENTED_EDGE( '', *, *, #4647, .T. );
#2553 = ORIENTED_EDGE( '', *, *, #4648, .F. );
#2554 = ORIENTED_EDGE( '', *, *, #4649, .F. );
#2555 = ORIENTED_EDGE( '', *, *, #4524, .F. );
#2556 = ORIENTED_EDGE( '', *, *, #4650, .F. );
#2557 = ORIENTED_EDGE( '', *, *, #4651, .T. );
#2558 = ORIENTED_EDGE( '', *, *, #4652, .F. );
#2559 = ORIENTED_EDGE( '', *, *, #4653, .F. );
#2560 = ORIENTED_EDGE( '', *, *, #4654, .F. );
#2561 = ORIENTED_EDGE( '', *, *, #4597, .T. );
#2562 = ORIENTED_EDGE( '', *, *, #4655, .F. );
#2563 = ORIENTED_EDGE( '', *, *, #4656, .F. );
#2564 = ORIENTED_EDGE( '', *, *, #4657, .F. );
#2565 = ORIENTED_EDGE( '', *, *, #4658, .T. );
#2566 = ORIENTED_EDGE( '', *, *, #4659, .F. );
#2567 = ORIENTED_EDGE( '', *, *, #4660, .F. );
#2568 = ORIENTED_EDGE( '', *, *, #4661, .F. );
#2569 = ORIENTED_EDGE( '', *, *, #4556, .T. );
#2570 = ORIENTED_EDGE( '', *, *, #4662, .F. );
#2571 = CARTESIAN_POINT( '', ( 22.8600000000000, 4.05000000000000, -6.00000000000000 ) );
#2572 = DIRECTION( '', ( 0.000000000000000, 0.000000000000000, -1.00000000000000 ) );
#2573 = DIRECTION( '', ( -1.00000000000000, 0.000000000000000, 0.000000000000000 ) );
#2574 = SURFACE_STYLE_FILL_AREA( #4663 );
#2575 = ORIENTED_EDGE( '', *, *, #4664, .F. );
#2576 = ORIENTED_EDGE( '', *, *, #4554, .T. );
#2577 = ORIENTED_EDGE( '', *, *, #4665, .F. );
#2578 = ORIENTED_EDGE( '', *, *, #4666, .F. );
#2579 = CARTESIAN_POINT( '', ( 22.8600000000000, -4.45000000000000, 4.70000000000000 ) );
#2580 = DIRECTION( '', ( 0.000000000000000, -0.955779008721950, 0.294085848837523 ) );
#2581 = DIRECTION( '', ( 0.000000000000000, -0.294085848837523, -0.955779008721950 ) );
#2582 = SURFACE_STYLE_FILL_AREA( #4667 );
#2583 = ORIENTED_EDGE( '', *, *, #4668, .T. );
#2584 = ORIENTED_EDGE( '', *, *, #4669, .F. );
#2585 = ORIENTED_EDGE( '', *, *, #4670, .F. );
#2586 = ORIENTED_EDGE( '', *, *, #4671, .T. );
#2587 = CARTESIAN_POINT( '', ( -13.5545984264665, -0.299999999999996, -2.80000000000000 ) );
#2588 = DIRECTION( '', ( 0.707106781186546, 0.707106781186549, 0.000000000000000 ) );
#2589 = DIRECTION( '', ( -0.707106781186549, 0.707106781186546, 0.000000000000000 ) );
#2590 = SURFACE_STYLE_FILL_AREA( #4672 );
#2591 = ORIENTED_EDGE( '', *, *, #4673, .F. );
#2592 = ORIENTED_EDGE( '', *, *, #4674, .T. );
#2593 = ORIENTED_EDGE( '', *, *, #4638, .T. );
#2594 = ORIENTED_EDGE( '', *, *, #4675, .F. );
#2595 = CARTESIAN_POINT( '', ( 22.8600000000000, -4.05000000000000, 6.00000000000000 ) );
#2596 = DIRECTION( '', ( 0.000000000000000, 0.000000000000000, 1.00000000000000 ) );
#2597 = DIRECTION( '', ( 1.00000000000000, 0.000000000000000, 0.000000000000000 ) );
#2598 = SURFACE_STYLE_FILL_AREA( #4676 );
#2599 = ORIENTED_EDGE( '', *, *, #4677, .F. );
#2600 = ORIENTED_EDGE( '', *, *, #4678, .F. );
#2601 = ORIENTED_EDGE( '', *, *, #4679, .T. );
#2602 = ORIENTED_EDGE( '', *, *, #4680, .T. );
#2603 = CARTESIAN_POINT( '', ( 22.8600000000000, -4.05000000000000, 3.00000000000000 ) );
#2604 = DIRECTION( '', ( 0.000000000000000, 2.16840434497097E-015, -1.00000000000000 ) );
#2605 = DIRECTION( '', ( 0.000000000000000, 1.00000000000000, 2.16840434497097E-015 ) );
#2606 = SURFACE_STYLE_FILL_AREA( #4681 );
#2607 = ORIENTED_EDGE( '', *, *, #4682, .T. );
#2608 = ORIENTED_EDGE( '', *, *, #4683, .F. );
#2609 = ORIENTED_EDGE( '', *, *, #4684, .F. );
#2610 = ORIENTED_EDGE( '', *, *, #4685, .T. );
#2611 = CARTESIAN_POINT( '', ( 21.1745984264665, 0.800000000000000, -2.80000000000000 ) );
#2612 = DIRECTION( '', ( -0.707106781186546, -0.707106781186549, 0.000000000000000 ) );
#2613 = DIRECTION( '', ( 0.707106781186549, -0.707106781186546, 0.000000000000000 ) );
#2614 = SURFACE_STYLE_FILL_AREA( #4686 );
#2615 = ORIENTED_EDGE( '', *, *, #4687, .F. );
#2616 = ORIENTED_EDGE( '', *, *, #4688, .F. );
#2617 = ORIENTED_EDGE( '', *, *, #4689, .F. );
#2618 = ORIENTED_EDGE( '', *, *, #4690, .F. );
#2619 = CARTESIAN_POINT( '', ( -3.81000000000000, 3.85000000000000, -2.60000000000000 ) );
#2620 = DIRECTION( '', ( 0.000000000000000, -1.14543451244288E-015, -1.00000000000000 ) );
#2621 = DIRECTION( '', ( 0.000000000000000, 1.00000000000000, -1.14543451244288E-015 ) );
#2622 = SURFACE_STYLE_FILL_AREA( #4691 );
#2623 = ORIENTED_EDGE( '', *, *, #4692, .T. );
#2624 = ORIENTED_EDGE( '', *, *, #4693, .T. );
#2625 = CARTESIAN_POINT( '', ( 11.4300000000000, 0.250000000000004, -1.20000000000000 ) );
#2626 = DIRECTION( '', ( -0.000000000000000, -0.000000000000000, 1.00000000000000 ) );
#2627 = DIRECTION( '', ( -1.00000000000000, 0.000000000000000, 0.000000000000000 ) );
#2628 = SURFACE_STYLE_FILL_AREA( #4694 );
#2629 = ORIENTED_EDGE( '', *, *, #4695, .F. );
#2630 = ORIENTED_EDGE( '', *, *, #4696, .T. );
#2631 = ORIENTED_EDGE( '', *, *, #4697, .T. );
#2632 = ORIENTED_EDGE( '', *, *, #4698, .F. );
#2633 = ORIENTED_EDGE( '', *, *, #4699, .T. );
#2634 = ORIENTED_EDGE( '', *, *, #4700, .F. );
#2635 = CARTESIAN_POINT( '', ( -18.5500000000000, 0.750000000000000, -49.2267467147214 ) );
#2636 = DIRECTION( '', ( -1.00000000000000, 0.000000000000000, 0.000000000000000 ) );
#2637 = DIRECTION( '', ( 0.000000000000000, 0.000000000000000, 1.00000000000000 ) );
#2638 = SURFACE_STYLE_FILL_AREA( #4701 );
#2639 = ORIENTED_EDGE( '', *, *, #4702, .F. );
#2640 = ORIENTED_EDGE( '', *, *, #4618, .F. );
#2641 = ORIENTED_EDGE( '', *, *, #4703, .F. );
#2642 = ORIENTED_EDGE( '', *, *, #4704, .F. );
#2643 = CARTESIAN_POINT( '', ( 11.4300000000000, 3.85000000000000, -2.60000000000000 ) );
#2644 = DIRECTION( '', ( 0.000000000000000, -1.14543451244288E-015, -1.00000000000000 ) );
#2645 = DIRECTION( '', ( 0.000000000000000, 1.00000000000000, -1.14543451244288E-015 ) );
#2646 = SURFACE_STYLE_FILL_AREA( #4705 );
#2647 = ORIENTED_EDGE( '', *, *, #4706, .T. );
#2648 = ORIENTED_EDGE( '', *, *, #4707, .F. );
#2649 = ORIENTED_EDGE( '', *, *, #4708, .T. );
#2650 = ORIENTED_EDGE( '', *, *, #4610, .F. );
#2651 = CARTESIAN_POINT( '', ( 0.250000000000000, 0.000000000000000, -7.37500000000000 ) );
#2652 = DIRECTION( '', ( -0.970142500145332, 0.000000000000000, 0.242535625036333 ) );
#2653 = DIRECTION( '', ( 0.000000000000000, -1.00000000000000, 0.000000000000000 ) );
#2654 = SURFACE_STYLE_FILL_AREA( #4709 );
#2655 = ORIENTED_EDGE( '', *, *, #4710, .T. );
#2656 = ORIENTED_EDGE( '', *, *, #4711, .T. );
#2657 = ORIENTED_EDGE( '', *, *, #4712, .T. );
#2658 = ORIENTED_EDGE( '', *, *, #4713, .T. );
#2659 = ORIENTED_EDGE( '', *, *, #4714, .T. );
#2660 = CARTESIAN_POINT( '', ( -11.4300000000000, 0.250000000000004, -1.20000000000000 ) );
#2661 = DIRECTION( '', ( 0.000000000000000, 0.000000000000000, -1.00000000000000 ) );
#2662 = DIRECTION( '', ( -1.00000000000000, 0.000000000000000, 0.000000000000000 ) );
#2663 = SURFACE_STYLE_FILL_AREA( #4715 );
#2664 = ORIENTED_EDGE( '', *, *, #4633, .T. );
#2665 = ORIENTED_EDGE( '', *, *, #4716, .F. );
#2666 = ORIENTED_EDGE( '', *, *, #4717, .F. );
#2667 = ORIENTED_EDGE( '', *, *, #4718, .T. );
#2668 = ORIENTED_EDGE( '', *, *, #4719, .F. );
#2669 = ORIENTED_EDGE( '', *, *, #4720, .F. );
#2670 = ORIENTED_EDGE( '', *, *, #4721, .T. );
#2671 = ORIENTED_EDGE( '', *, *, #4722, .T. );
#2672 = CARTESIAN_POINT( '', ( 11.4300000000000, 0.231944444444447, -5.20000000000000 ) );
#2673 = DIRECTION( '', ( -0.000000000000000, -0.000000000000000, -1.00000000000000 ) );
#2674 = DIRECTION( '', ( 1.00000000000000, 0.000000000000000, 0.000000000000000 ) );
#2675 = SURFACE_STYLE_FILL_AREA( #4723 );
#2676 = ORIENTED_EDGE( '', *, *, #4724, .T. );
#2677 = ORIENTED_EDGE( '', *, *, #4725, .F. );
#2678 = ORIENTED_EDGE( '', *, *, #4564, .F. );
#2679 = ORIENTED_EDGE( '', *, *, #4726, .F. );
#2680 = ORIENTED_EDGE( '', *, *, #4727, .T. );
#2681 = ORIENTED_EDGE( '', *, *, #4728, .T. );
#2682 = ORIENTED_EDGE( '', *, *, #4729, .T. );
#2683 = ORIENTED_EDGE( '', *, *, #4730, .T. );
#2684 = ORIENTED_EDGE( '', *, *, #4512, .T. );
#2685 = ORIENTED_EDGE( '', *, *, #4731, .T. );
#2686 = ORIENTED_EDGE( '', *, *, #4732, .T. );
#2687 = ORIENTED_EDGE( '', *, *, #4587, .T. );
#2688 = ORIENTED_EDGE( '', *, *, #4733, .T. );
#2689 = ORIENTED_EDGE( '', *, *, #4734, .T. );
#2690 = ORIENTED_EDGE( '', *, *, #4735, .T. );
#2691 = ORIENTED_EDGE( '', *, *, #4716, .T. );
#2692 = ORIENTED_EDGE( '', *, *, #4632, .T. );
#2693 = ORIENTED_EDGE( '', *, *, #4736, .T. );
#2694 = ORIENTED_EDGE( '', *, *, #4737, .T. );
#2695 = ORIENTED_EDGE( '', *, *, #4738, .T. );
#2696 = ORIENTED_EDGE( '', *, *, #4739, .T. );
#2697 = ORIENTED_EDGE( '', *, *, #4740, .T. );
#2698 = ORIENTED_EDGE( '', *, *, #4544, .F. );
#2699 = ORIENTED_EDGE( '', *, *, #4741, .T. );
#2700 = CARTESIAN_POINT( '', ( 22.8600000000000, -4.05000000000000, 6.00000000000000 ) );
#2701 = DIRECTION( '', ( 0.000000000000000, 0.000000000000000, 1.00000000000000 ) );
#2702 = DIRECTION( '', ( 1.00000000000000, 0.000000000000000, 0.000000000000000 ) );
#2703 = SURFACE_STYLE_FILL_AREA( #4742 );
#2704 = ORIENTED_EDGE( '', *, *, #4743, .T. );
#2705 = ORIENTED_EDGE( '', *, *, #4744, .F. );
#2706 = ORIENTED_EDGE( '', *, *, #4745, .F. );
#2707 = ORIENTED_EDGE( '', *, *, #4746, .T. );
#2708 = CARTESIAN_POINT( '', ( -18.5000000000000, -1.87459842646651, -2.80000000000000 ) );
#2709 = DIRECTION( '', ( -0.707106781186548, 0.707106781186547, 0.000000000000000 ) );
#2710 = DIRECTION( '', ( -0.707106781186547, -0.707106781186548, 0.000000000000000 ) );
#2711 = SURFACE_STYLE_FILL_AREA( #4747 );
#2712 = ORIENTED_EDGE( '', *, *, #4748, .T. );
#2713 = ORIENTED_EDGE( '', *, *, #4749, .F. );
#2714 = ORIENTED_EDGE( '', *, *, #4750, .F. );
#2715 = ORIENTED_EDGE( '', *, *, #4751, .T. );
#2716 = CARTESIAN_POINT( '', ( -21.9500000000000, -0.300000000000000, -2.80000000000000 ) );
#2717 = DIRECTION( '', ( -1.67789523698512E-015, 1.00000000000000, 0.000000000000000 ) );
#2718 = DIRECTION( '', ( -1.00000000000000, -1.67789523698512E-015, 0.000000000000000 ) );
#2719 = SURFACE_STYLE_FILL_AREA( #4752 );
#2720 = ORIENTED_EDGE( '', *, *, #4753, .F. );
#2721 = ORIENTED_EDGE( '', *, *, #4510, .T. );
#2722 = ORIENTED_EDGE( '', *, *, #4754, .T. );
#2723 = ORIENTED_EDGE( '', *, *, #4755, .F. );
#2724 = ORIENTED_EDGE( '', *, *, #4503, .T. );
#2725 = ORIENTED_EDGE( '', *, *, #4756, .F. );
#2726 = CARTESIAN_POINT( '', ( 11.9300000000000, 0.750000000000000, -49.2267907131480 ) );
#2727 = DIRECTION( '', ( -1.00000000000000, 0.000000000000000, 0.000000000000000 ) );
#2728 = DIRECTION( '', ( 0.000000000000000, 0.000000000000000, 1.00000000000000 ) );
#2729 = SURFACE_STYLE_FILL_AREA( #4757 );
#2730 = ORIENTED_EDGE( '', *, *, #4758, .T. );
#2731 = ORIENTED_EDGE( '', *, *, #4759, .T. );
#2732 = ORIENTED_EDGE( '', *, *, #4760, .F. );
#2733 = ORIENTED_EDGE( '', *, *, #4643, .F. );
#2734 = ORIENTED_EDGE( '', *, *, #4761, .F. );
#2735 = ORIENTED_EDGE( '', *, *, #4762, .T. );
#2736 = CARTESIAN_POINT( '', ( 17.5750000000000, 3.65000000000000, -2.60000000000000 ) );
#2737 = DIRECTION( '', ( 1.00000000000000, 0.000000000000000, 0.000000000000000 ) );
#2738 = DIRECTION( '', ( 0.000000000000000, 0.000000000000000, -1.00000000000000 ) );
#2739 = SURFACE_STYLE_FILL_AREA( #4763 );
#2740 = ORIENTED_EDGE( '', *, *, #4729, .F. );
#2741 = ORIENTED_EDGE( '', *, *, #4764, .F. );
#2742 = ORIENTED_EDGE( '', *, *, #4765, .T. );
#2743 = ORIENTED_EDGE( '', *, *, #4766, .T. );
#2744 = CARTESIAN_POINT( '', ( -21.9500000000000, 2.35000000000000, -5.20000000000000 ) );
#2745 = DIRECTION( '', ( 0.000000000000000, -1.00000000000000, 0.000000000000000 ) );
#2746 = DIRECTION( '', ( 0.000000000000000, 0.000000000000000, -1.00000000000000 ) );
#2747 = SURFACE_STYLE_FILL_AREA( #4767 );
#2748 = ORIENTED_EDGE( '', *, *, #4733, .F. );
#2749 = ORIENTED_EDGE( '', *, *, #4586, .F. );
#2750 = ORIENTED_EDGE( '', *, *, #4569, .T. );
#2751 = ORIENTED_EDGE( '', *, *, #4768, .T. );
#2752 = CARTESIAN_POINT( '', ( -1.66000000000000, 2.35000000000000, -5.20000000000000 ) );
#2753 = DIRECTION( '', ( -3.37494839684204E-016, -1.00000000000000, 0.000000000000000 ) );
#2754 = DIRECTION( '', ( 1.00000000000000, -3.37494839684204E-016, 0.000000000000000 ) );
#2755 = SURFACE_STYLE_FILL_AREA( #4769 );
#2756 = ORIENTED_EDGE( '', *, *, #4770, .T. );
#2757 = ORIENTED_EDGE( '', *, *, #4673, .T. );
#2758 = ORIENTED_EDGE( '', *, *, #4771, .T. );
#2759 = ORIENTED_EDGE( '', *, *, #4772, .F. );
#2760 = CARTESIAN_POINT( '', ( -12.3550000000000, 43.5767907131480, 6.00000000000000 ) );
#2761 = DIRECTION( '', ( -0.970142500145332, 0.000000000000000, -0.242535625036332 ) );
#2762 = DIRECTION( '', ( -0.242535625036332, 0.000000000000000, 0.970142500145332 ) );
#2763 = SURFACE_STYLE_FILL_AREA( #4773 );
#2764 = ORIENTED_EDGE( '', *, *, #4654, .T. );
#2765 = ORIENTED_EDGE( '', *, *, #4774, .T. );
#2766 = ORIENTED_EDGE( '', *, *, #4775, .T. );
#2767 = ORIENTED_EDGE( '', *, *, #4598, .T. );
#2768 = CARTESIAN_POINT( '', ( -11.4300000000000, -2.65000000000000, -5.80000000000000 ) );
#2769 = DIRECTION( '', ( 0.000000000000000, -1.00000000000000, 1.08420217248551E-015 ) );
#2770 = DIRECTION( '', ( 0.000000000000000, -1.08420217248551E-015, -1.00000000000000 ) );
#2771 = SURFACE_STYLE_FILL_AREA( #4776 );
#2772 = ORIENTED_EDGE( '', *, *, #4777, .F. );
#2773 = ORIENTED_EDGE( '', *, *, #4724, .F. );
#2774 = ORIENTED_EDGE( '', *, *, #4778, .T. );
#2775 = ORIENTED_EDGE( '', *, *, #4645, .T. );
#2776 = ORIENTED_EDGE( '', *, *, #4534, .F. );
#2777 = ORIENTED_EDGE( '', *, *, #4779, .T. );
#2778 = ORIENTED_EDGE( '', *, *, #4761, .T. );
#2779 = ORIENTED_EDGE( '', *, *, #4642, .T. );
#2780 = ORIENTED_EDGE( '', *, *, #4619, .T. );
#2781 = ORIENTED_EDGE( '', *, *, #4702, .T. );
#2782 = ORIENTED_EDGE( '', *, *, #4780, .F. );
#2783 = ORIENTED_EDGE( '', *, *, #4662, .T. );
#2784 = ORIENTED_EDGE( '', *, *, #4561, .T. );
#2785 = ORIENTED_EDGE( '', *, *, #4621, .T. );
#2786 = ORIENTED_EDGE( '', *, *, #4781, .F. );
#2787 = ORIENTED_EDGE( '', *, *, #4659, .T. );
#2788 = ORIENTED_EDGE( '', *, *, #4782, .T. );
#2789 = ORIENTED_EDGE( '', *, *, #4687, .T. );
#2790 = ORIENTED_EDGE( '', *, *, #4783, .F. );
#2791 = ORIENTED_EDGE( '', *, *, #4655, .T. );
#2792 = ORIENTED_EDGE( '', *, *, #4602, .T. );
#2793 = ORIENTED_EDGE( '', *, *, #4784, .T. );
#2794 = ORIENTED_EDGE( '', *, *, #4785, .F. );
#2795 = ORIENTED_EDGE( '', *, *, #4652, .T. );
#2796 = ORIENTED_EDGE( '', *, *, #4786, .T. );
#2797 = ORIENTED_EDGE( '', *, *, #4787, .T. );
#2798 = ORIENTED_EDGE( '', *, *, #4525, .F. );
#2799 = ORIENTED_EDGE( '', *, *, #4649, .T. );
#2800 = CARTESIAN_POINT( '', ( 22.8600000000000, 4.05000000000000, 6.00000000000000 ) );
#2801 = DIRECTION( '', ( 0.000000000000000, 1.00000000000000, 0.000000000000000 ) );
#2802 = DIRECTION( '', ( 0.000000000000000, 0.000000000000000, 1.00000000000000 ) );
#2803 = SURFACE_STYLE_FILL_AREA( #4788 );
#2804 = ORIENTED_EDGE( '', *, *, #4789, .T. );
#2805 = ORIENTED_EDGE( '', *, *, #4790, .F. );
#2806 = ORIENTED_EDGE( '', *, *, #4606, .F. );
#2807 = ORIENTED_EDGE( '', *, *, #4791, .F. );
#2808 = ORIENTED_EDGE( '', *, *, #4792, .T. );
#2809 = ORIENTED_EDGE( '', *, *, #4793, .T. );
#2810 = ORIENTED_EDGE( '', *, *, #4622, .T. );
#2811 = ORIENTED_EDGE( '', *, *, #4559, .F. );
#2812 = CARTESIAN_POINT( '', ( 5.28500000000000, 3.65000000000000, -6.00000000000000 ) );
#2813 = DIRECTION( '', ( 0.000000000000000, -1.00000000000000, 0.000000000000000 ) );
#2814 = DIRECTION( '', ( 0.000000000000000, 0.000000000000000, -1.00000000000000 ) );
#2815 = SURFACE_STYLE_FILL_AREA( #4794 );
#2816 = ORIENTED_EDGE( '', *, *, #4543, .F. );
#2817 = ORIENTED_EDGE( '', *, *, #4795, .F. );
#2818 = ORIENTED_EDGE( '', *, *, #4679, .F. );
#2819 = ORIENTED_EDGE( '', *, *, #4796, .F. );
#2820 = ORIENTED_EDGE( '', *, *, #4646, .F. );
#2821 = ORIENTED_EDGE( '', *, *, #4778, .F. );
#2822 = ORIENTED_EDGE( '', *, *, #4741, .F. );
#2823 = CARTESIAN_POINT( '', ( 22.8600000000000, 0.000000000000000, 0.000000000000000 ) );
#2824 = DIRECTION( '', ( -1.00000000000000, 0.000000000000000, 0.000000000000000 ) );
#2825 = DIRECTION( '', ( 0.000000000000000, 0.000000000000000, 1.00000000000000 ) );
#2826 = SURFACE_STYLE_FILL_AREA( #4797 );
#2827 = ORIENTED_EDGE( '', *, *, #4798, .T. );
#2828 = ORIENTED_EDGE( '', *, *, #4799, .F. );
#2829 = ORIENTED_EDGE( '', *, *, #4800, .F. );
#2830 = ORIENTED_EDGE( '', *, *, #4801, .T. );
#2831 = CARTESIAN_POINT( '', ( 4.36000000000000, -1.87459842646651, -2.80000000000000 ) );
#2832 = DIRECTION( '', ( -0.707106781186548, 0.707106781186547, 0.000000000000000 ) );
#2833 = DIRECTION( '', ( -0.707106781186547, -0.707106781186548, 0.000000000000000 ) );
#2834 = SURFACE_STYLE_FILL_AREA( #4802 );
#2835 = ORIENTED_EDGE( '', *, *, #4803, .T. );
#2836 = ORIENTED_EDGE( '', *, *, #4804, .F. );
#2837 = ORIENTED_EDGE( '', *, *, #4805, .T. );
#2838 = ORIENTED_EDGE( '', *, *, #4806, .F. );
#2839 = CARTESIAN_POINT( '', ( 0.500000000000000, 0.500000000000000, 6.37500000000000 ) );
#2840 = DIRECTION( '', ( 0.970142500145332, -0.000000000000000, 0.242535625036333 ) );
#2841 = DIRECTION( '', ( 0.000000000000000, 1.00000000000000, 0.000000000000000 ) );
#2842 = SURFACE_STYLE_FILL_AREA( #4807 );
#2843 = ORIENTED_EDGE( '', *, *, #4808, .T. );
#2844 = ORIENTED_EDGE( '', *, *, #4809, .F. );
#2845 = ORIENTED_EDGE( '', *, *, #4805, .F. );
#2846 = ORIENTED_EDGE( '', *, *, #4810, .F. );
#2847 = CARTESIAN_POINT( '', ( 0.500000000000000, -0.500000000000000, 6.37500000000000 ) );
#2848 = DIRECTION( '', ( 1.05183060627809E-016, -0.970142500145332, 0.242535625036333 ) );
#2849 = DIRECTION( '', ( 1.00000000000000, 1.08420217248550E-016, -2.09263767031490E-032 ) );
#2850 = SURFACE_STYLE_FILL_AREA( #4811 );
#2851 = ORIENTED_EDGE( '', *, *, #4812, .T. );
#2852 = ORIENTED_EDGE( '', *, *, #4813, .F. );
#2853 = ORIENTED_EDGE( '', *, *, #4814, .F. );
#2854 = ORIENTED_EDGE( '', *, *, #4815, .T. );
#2855 = CARTESIAN_POINT( '', ( 16.9254015735335, -0.299999999999995, -2.80000000000000 ) );
#2856 = DIRECTION( '', ( 0.707106781186548, 0.707106781186547, 0.000000000000000 ) );
#2857 = DIRECTION( '', ( -0.707106781186547, 0.707106781186548, 0.000000000000000 ) );
#2858 = SURFACE_STYLE_FILL_AREA( #4816 );
#2859 = ORIENTED_EDGE( '', *, *, #4604, .F. );
#2860 = ORIENTED_EDGE( '', *, *, #4817, .T. );
#2861 = ORIENTED_EDGE( '', *, *, #4818, .F. );
#2862 = ORIENTED_EDGE( '', *, *, #4819, .F. );
#2863 = CARTESIAN_POINT( '', ( 3.31000000000000, 0.750000000000000, -49.2267907131480 ) );
#2864 = DIRECTION( '', ( 0.000000000000000, -1.00000000000000, 0.000000000000000 ) );
#2865 = DIRECTION( '', ( 0.000000000000000, 0.000000000000000, -1.00000000000000 ) );
#2866 = SURFACE_STYLE_FILL_AREA( #4820 );
#2867 = ORIENTED_EDGE( '', *, *, #4821, .T. );
#2868 = ORIENTED_EDGE( '', *, *, #4822, .T. );
#2869 = ORIENTED_EDGE( '', *, *, #4823, .T. );
#2870 = ORIENTED_EDGE( '', *, *, #4824, .F. );
#2871 = CARTESIAN_POINT( '', ( 3.21000000000000, 43.5767907131480, 4.70000000000000 ) );
#2872 = DIRECTION( '', ( 0.000000000000000, 0.000000000000000, -1.00000000000000 ) );
#2873 = DIRECTION( '', ( -1.00000000000000, 0.000000000000000, 0.000000000000000 ) );
#2874 = SURFACE_STYLE_FILL_AREA( #4825 );
#2875 = ORIENTED_EDGE( '', *, *, #4826, .T. );
#2876 = ORIENTED_EDGE( '', *, *, #4579, .F. );
#2877 = ORIENTED_EDGE( '', *, *, #4706, .F. );
#2878 = ORIENTED_EDGE( '', *, *, #4609, .F. );
#2879 = CARTESIAN_POINT( '', ( 0.000000000000000, 0.250000000000000, -7.37500000000000 ) );
#2880 = DIRECTION( '', ( 0.000000000000000, -0.970142500145332, 0.242535625036333 ) );
#2881 = DIRECTION( '', ( 1.00000000000000, 0.000000000000000, 0.000000000000000 ) );
#2882 = SURFACE_STYLE_FILL_AREA( #4827 );
#2883 = ORIENTED_EDGE( '', *, *, #4828, .T. );
#2884 = ORIENTED_EDGE( '', *, *, #4829, .T. );
#2885 = ORIENTED_EDGE( '', *, *, #4830, .T. );
#2886 = ORIENTED_EDGE( '', *, *, #4831, .F. );
#2887 = CARTESIAN_POINT( '', ( -11.9300000000000, -0.249999999999997, -3.45000000000000 ) );
#2888 = DIRECTION( '', ( 0.000000000000000, 0.000000000000000, 1.00000000000000 ) );
#2889 = DIRECTION( '', ( 1.00000000000000, 0.000000000000000, 0.000000000000000 ) );
#2890 = SURFACE_STYLE_FILL_AREA( #4832 );
#2891 = ORIENTED_EDGE( '', *, *, #4833, .T. );
#2892 = ORIENTED_EDGE( '', *, *, #4834, .F. );
#2893 = ORIENTED_EDGE( '', *, *, #4835, .F. );
#2894 = ORIENTED_EDGE( '', *, *, #4836, .T. );
#2895 = CARTESIAN_POINT( '', ( -4.95919685293302, 1.77540157353349, -2.80000000000000 ) );
#2896 = DIRECTION( '', ( 0.707106781186546, -0.707106781186549, 0.000000000000000 ) );
#2897 = DIRECTION( '', ( 0.707106781186549, 0.707106781186546, 0.000000000000000 ) );
#2898 = SURFACE_STYLE_FILL_AREA( #4837 );
#2899 = ORIENTED_EDGE( '', *, *, #4838, .T. );
#2900 = ORIENTED_EDGE( '', *, *, #4839, .T. );
#2901 = CARTESIAN_POINT( '', ( -11.4300000000000, 0.250000000000004, -1.20000000000000 ) );
#2902 = DIRECTION( '', ( -0.000000000000000, -0.000000000000000, 1.00000000000000 ) );
#2903 = DIRECTION( '', ( -1.00000000000000, 0.000000000000000, 0.000000000000000 ) );
#2904 = SURFACE_STYLE_FILL_AREA( #4840 );
#2905 = ORIENTED_EDGE( '', *, *, #4841, .F. );
#2906 = ORIENTED_EDGE( '', *, *, #4842, .T. );
#2907 = ORIENTED_EDGE( '', *, *, #4843, .T. );
#2908 = ORIENTED_EDGE( '', *, *, #4844, .F. );
#2909 = ORIENTED_EDGE( '', *, *, #4845, .T. );
#2910 = ORIENTED_EDGE( '', *, *, #4846, .F. );
#2911 = CARTESIAN_POINT( '', ( -3.31000000000000, 0.750000000000000, -49.2267907131480 ) );
#2912 = DIRECTION( '', ( -1.00000000000000, 0.000000000000000, 0.000000000000000 ) );
#2913 = DIRECTION( '', ( 0.000000000000000, 0.000000000000000, 1.00000000000000 ) );
#2914 = SURFACE_STYLE_FILL_AREA( #4847 );
#2915 = ORIENTED_EDGE( '', *, *, #4848, .F. );
#2916 = ORIENTED_EDGE( '', *, *, #4849, .F. );
#2917 = ORIENTED_EDGE( '', *, *, #4850, .F. );
#2918 = ORIENTED_EDGE( '', *, *, #4851, .F. );
#2919 = ORIENTED_EDGE( '', *, *, #4852, .F. );
#2920 = ORIENTED_EDGE( '', *, *, #4630, .F. );
#2921 = ORIENTED_EDGE( '', *, *, #4722, .F. );
#2922 = ORIENTED_EDGE( '', *, *, #4853, .F. );
#2923 = CARTESIAN_POINT( '', ( -19.0500000000000, 0.231944444444447, -5.20000000000000 ) );
#2924 = DIRECTION( '', ( 0.000000000000000, 0.000000000000000, -1.00000000000000 ) );
#2925 = DIRECTION( '', ( -1.00000000000000, 0.000000000000000, 0.000000000000000 ) );
#2926 = SURFACE_STYLE_FILL_AREA( #4854 );
#2927 = ORIENTED_EDGE( '', *, *, #4851, .T. );
#2928 = ORIENTED_EDGE( '', *, *, #4855, .F. );
#2929 = ORIENTED_EDGE( '', *, *, #4856, .F. );
#2930 = ORIENTED_EDGE( '', *, *, #4857, .T. );
#2931 = CARTESIAN_POINT( '', ( 17.9008031470670, 3.02264434404465, -2.80000000000000 ) );
#2932 = DIRECTION( '', ( 1.00000000000000, 5.56338675033047E-015, 0.000000000000000 ) );
#2933 = DIRECTION( '', ( -5.56338675033047E-015, 1.00000000000000, 0.000000000000000 ) );
#2934 = SURFACE_STYLE_FILL_AREA( #4858 );
#2935 = ORIENTED_EDGE( '', *, *, #4859, .F. );
#2936 = ORIENTED_EDGE( '', *, *, #4699, .F. );
#2937 = ORIENTED_EDGE( '', *, *, #4860, .F. );
#2938 = ORIENTED_EDGE( '', *, *, #4861, .T. );
#2939 = CARTESIAN_POINT( '', ( -18.5500000000000, -0.249999999999997, -49.2267467147214 ) );
#2940 = DIRECTION( '', ( 0.000000000000000, 1.00000000000000, 0.000000000000000 ) );
#2941 = DIRECTION( '', ( 0.000000000000000, 0.000000000000000, 1.00000000000000 ) );
#2942 = SURFACE_STYLE_FILL_AREA( #4862 );
#2943 = ORIENTED_EDGE( '', *, *, #4863, .F. );
#2944 = ORIENTED_EDGE( '', *, *, #4864, .F. );
#2945 = ORIENTED_EDGE( '', *, *, #4660, .T. );
#2946 = ORIENTED_EDGE( '', *, *, #4781, .T. );
#2947 = ORIENTED_EDGE( '', *, *, #4623, .T. );
#2948 = ORIENTED_EDGE( '', *, *, #4793, .F. );
#2949 = CARTESIAN_POINT( '', ( 2.33500000000000, -2.65000000000000, -5.60000000000000 ) );
#2950 = DIRECTION( '', ( -1.00000000000000, 0.000000000000000, 0.000000000000000 ) );
#2951 = DIRECTION( '', ( 0.000000000000000, 0.000000000000000, 1.00000000000000 ) );
#2952 = SURFACE_STYLE_FILL_AREA( #4865 );
#2953 = ORIENTED_EDGE( '', *, *, #4853, .T. );
#2954 = ORIENTED_EDGE( '', *, *, #4721, .F. );
#2955 = ORIENTED_EDGE( '', *, *, #4866, .F. );
#2956 = ORIENTED_EDGE( '', *, *, #4867, .T. );
#2957 = CARTESIAN_POINT( '', ( 12.5791968529330, 1.77540157353350, -2.80000000000000 ) );
#2958 = DIRECTION( '', ( -1.00000000000000, 5.56338675033047E-015, 0.000000000000000 ) );
#2959 = DIRECTION( '', ( -5.56338675033047E-015, -1.00000000000000, 0.000000000000000 ) );
#2960 = SURFACE_STYLE_FILL_AREA( #4868 );
#2961 = ORIENTED_EDGE( '', *, *, #4869, .F. );
#2962 = ORIENTED_EDGE( '', *, *, #4870, .F. );
#2963 = ORIENTED_EDGE( '', *, *, #4871, .F. );
#2964 = ORIENTED_EDGE( '', *, *, #4872, .T. );
#2965 = CARTESIAN_POINT( '', ( 22.8600000000000, -4.45000000000000, 4.70000000000000 ) );
#2966 = DIRECTION( '', ( 0.000000000000000, -0.955779008721950, 0.294085848837523 ) );
#2967 = DIRECTION( '', ( 0.000000000000000, -0.294085848837523, -0.955779008721950 ) );
#2968 = SURFACE_STYLE_FILL_AREA( #4873 );
#2969 = ORIENTED_EDGE( '', *, *, #4874, .T. );
#2970 = ORIENTED_EDGE( '', *, *, #4875, .F. );
#2971 = ORIENTED_EDGE( '', *, *, #4876, .F. );
#2972 = ORIENTED_EDGE( '', *, *, #4493, .T. );
#2973 = CARTESIAN_POINT( '', ( 1.68540157353349, -0.299999999999996, -2.80000000000000 ) );
#2974 = DIRECTION( '', ( 0.707106781186546, 0.707106781186549, 0.000000000000000 ) );
#2975 = DIRECTION( '', ( -0.707106781186549, 0.707106781186546, 0.000000000000000 ) );
#2976 = SURFACE_STYLE_FILL_AREA( #4877 );
#2977 = ORIENTED_EDGE( '', *, *, #4878, .F. );
#2978 = ORIENTED_EDGE( '', *, *, #4505, .F. );
#2979 = ORIENTED_EDGE( '', *, *, #4879, .F. );
#2980 = ORIENTED_EDGE( '', *, *, #4880, .T. );
#2981 = ORIENTED_EDGE( '', *, *, #4508, .F. );
#2982 = ORIENTED_EDGE( '', *, *, #4881, .T. );
#2983 = CARTESIAN_POINT( '', ( 10.9300000000000, -0.249999999999997, -49.2267907131480 ) );
#2984 = DIRECTION( '', ( 1.00000000000000, 0.000000000000000, 0.000000000000000 ) );
#2985 = DIRECTION( '', ( 0.000000000000000, 0.000000000000000, -1.00000000000000 ) );
#2986 = SURFACE_STYLE_FILL_AREA( #4882 );
#2987 = ORIENTED_EDGE( '', *, *, #4513, .T. );
#2988 = ORIENTED_EDGE( '', *, *, #4730, .F. );
#2989 = ORIENTED_EDGE( '', *, *, #4766, .F. );
#2990 = ORIENTED_EDGE( '', *, *, #4883, .T. );
#2991 = ORIENTED_EDGE( '', *, *, #4884, .F. );
#2992 = ORIENTED_EDGE( '', *, *, #4885, .F. );
#2993 = ORIENTED_EDGE( '', *, *, #4886, .T. );
#2994 = ORIENTED_EDGE( '', *, *, #4887, .T. );
#2995 = CARTESIAN_POINT( '', ( -19.0500000000000, 0.231944444444447, -5.20000000000000 ) );
#2996 = DIRECTION( '', ( -0.000000000000000, -0.000000000000000, -1.00000000000000 ) );
#2997 = DIRECTION( '', ( 1.00000000000000, 0.000000000000000, 0.000000000000000 ) );
#2998 = SURFACE_STYLE_FILL_AREA( #4888 );
#2999 = ORIENTED_EDGE( '', *, *, #4889, .F. );
#3000 = ORIENTED_EDGE( '', *, *, #4890, .T. );
#3001 = ORIENTED_EDGE( '', *, *, #4891, .T. );
#3002 = ORIENTED_EDGE( '', *, *, #4892, .T. );
#3003 = ORIENTED_EDGE( '', *, *, #4738, .F. );
#3004 = ORIENTED_EDGE( '', *, *, #4893, .F. );
#3005 = ORIENTED_EDGE( '', *, *, #4894, .T. );
#3006 = ORIENTED_EDGE( '', *, *, #4895, .F. );
#3007 = CARTESIAN_POINT( '', ( 21.9500000000000, 2.35000000000000, -5.20000000000000 ) );
#3008 = DIRECTION( '', ( -1.00000000000000, 0.000000000000000, 0.000000000000000 ) );
#3009 = DIRECTION( '', ( 0.000000000000000, 0.000000000000000, 1.00000000000000 ) );
#3010 = SURFACE_STYLE_FILL_AREA( #4896 );
#3011 = ORIENTED_EDGE( '', *, *, #4897, .F. );
#3012 = ORIENTED_EDGE( '', *, *, #4861, .F. );
#3013 = ORIENTED_EDGE( '', *, *, #4898, .F. );
#3014 = ORIENTED_EDGE( '', *, *, #4899, .T. );
#3015 = ORIENTED_EDGE( '', *, *, #4900, .F. );
#3016 = ORIENTED_EDGE( '', *, *, #4901, .T. );
#3017 = CARTESIAN_POINT( '', ( -19.5500000000000, -0.249999999999997, -49.2267467147214 ) );
#3018 = DIRECTION( '', ( 1.00000000000000, 0.000000000000000, 0.000000000000000 ) );
#3019 = DIRECTION( '', ( 0.000000000000000, 0.000000000000000, -1.00000000000000 ) );
#3020 = SURFACE_STYLE_FILL_AREA( #4902 );
#3021 = ORIENTED_EDGE( '', *, *, #4658, .F. );
#3022 = ORIENTED_EDGE( '', *, *, #4903, .F. );
#3023 = ORIENTED_EDGE( '', *, *, #4904, .T. );
#3024 = ORIENTED_EDGE( '', *, *, #4905, .T. );
#3025 = ORIENTED_EDGE( '', *, *, #4688, .T. );
#3026 = ORIENTED_EDGE( '', *, *, #4782, .F. );
#3027 = CARTESIAN_POINT( '', ( -2.33500000000000, -2.65000000000000, -6.00000000000000 ) );
#3028 = DIRECTION( '', ( 1.00000000000000, 0.000000000000000, 0.000000000000000 ) );
#3029 = DIRECTION( '', ( 0.000000000000000, 0.000000000000000, -1.00000000000000 ) );
#3030 = SURFACE_STYLE_FILL_AREA( #4906 );
#3031 = ORIENTED_EDGE( '', *, *, #4784, .F. );
#3032 = ORIENTED_EDGE( '', *, *, #4601, .F. );
#3033 = ORIENTED_EDGE( '', *, *, #4907, .F. );
#3034 = ORIENTED_EDGE( '', *, *, #4908, .F. );
#3035 = CARTESIAN_POINT( '', ( -11.4300000000000, 3.85000000000000, -2.60000000000000 ) );
#3036 = DIRECTION( '', ( 0.000000000000000, -1.14543451244288E-015, -1.00000000000000 ) );
#3037 = DIRECTION( '', ( 0.000000000000000, 1.00000000000000, -1.14543451244288E-015 ) );
#3038 = SURFACE_STYLE_FILL_AREA( #4909 );
#3039 = ORIENTED_EDGE( '', *, *, #4910, .T. );
#3040 = ORIENTED_EDGE( '', *, *, #4488, .T. );
#3041 = ORIENTED_EDGE( '', *, *, #4911, .T. );
#3042 = ORIENTED_EDGE( '', *, *, #4822, .F. );
#3043 = CARTESIAN_POINT( '', ( 2.88500000000000, 43.5767907131480, 6.00000000000000 ) );
#3044 = DIRECTION( '', ( -0.970142500145332, 0.000000000000000, -0.242535625036332 ) );
#3045 = DIRECTION( '', ( -0.242535625036332, 0.000000000000000, 0.970142500145332 ) );
#3046 = SURFACE_STYLE_FILL_AREA( #4912 );
#3047 = ORIENTED_EDGE( '', *, *, #4913, .T. );
#3048 = ORIENTED_EDGE( '', *, *, #4801, .F. );
#3049 = ORIENTED_EDGE( '', *, *, #4914, .F. );
#3050 = ORIENTED_EDGE( '', *, *, #4915, .T. );
#3051 = CARTESIAN_POINT( '', ( 4.36000000000000, -2.95000000000000, -2.80000000000000 ) );
#3052 = DIRECTION( '', ( -1.00000000000000, 0.000000000000000, 0.000000000000000 ) );
#3053 = DIRECTION( '', ( 0.000000000000000, 0.000000000000000, 1.00000000000000 ) );
#3054 = SURFACE_STYLE_FILL_AREA( #4916 );
#3055 = ORIENTED_EDGE( '', *, *, #4917, .T. );
#3056 = ORIENTED_EDGE( '', *, *, #4918, .T. );
#3057 = ORIENTED_EDGE( '', *, *, #4919, .T. );
#3058 = ORIENTED_EDGE( '', *, *, #4636, .F. );
#3059 = CARTESIAN_POINT( '', ( -19.6500000000000, 43.5767907131480, 4.70000000000000 ) );
#3060 = DIRECTION( '', ( 0.000000000000000, 0.000000000000000, -1.00000000000000 ) );
#3061 = DIRECTION( '', ( -1.00000000000000, 0.000000000000000, 0.000000000000000 ) );
#3062 = SURFACE_STYLE_FILL_AREA( #4920 );
#3063 = ORIENTED_EDGE( '', *, *, #4921, .T. );
#3064 = ORIENTED_EDGE( '', *, *, #4685, .F. );
#3065 = ORIENTED_EDGE( '', *, *, #4922, .F. );
#3066 = ORIENTED_EDGE( '', *, *, #4895, .T. );
#3067 = CARTESIAN_POINT( '', ( 21.9500000000000, 0.800000000000000, -2.80000000000000 ) );
#3068 = DIRECTION( '', ( -1.95754444314931E-015, -1.00000000000000, 0.000000000000000 ) );
#3069 = DIRECTION( '', ( 1.00000000000000, -1.95754444314931E-015, 0.000000000000000 ) );
#3070 = SURFACE_STYLE_FILL_AREA( #4923 );
#3071 = ORIENTED_EDGE( '', *, *, #4924, .F. );
#3072 = ORIENTED_EDGE( '', *, *, #4925, .F. );
#3073 = ORIENTED_EDGE( '', *, *, #4656, .T. );
#3074 = ORIENTED_EDGE( '', *, *, #4783, .T. );
#3075 = ORIENTED_EDGE( '', *, *, #4690, .T. );
#3076 = ORIENTED_EDGE( '', *, *, #4926, .F. );
#3077 = CARTESIAN_POINT( '', ( -5.28500000000000, -2.65000000000000, -5.60000000000000 ) );
#3078 = DIRECTION( '', ( -1.00000000000000, 0.000000000000000, 0.000000000000000 ) );
#3079 = DIRECTION( '', ( 0.000000000000000, 0.000000000000000, 1.00000000000000 ) );
#3080 = SURFACE_STYLE_FILL_AREA( #4927 );
#3081 = ORIENTED_EDGE( '', *, *, #4928, .T. );
#3082 = ORIENTED_EDGE( '', *, *, #4929, .F. );
#3083 = ORIENTED_EDGE( '', *, *, #4930, .F. );
#3084 = ORIENTED_EDGE( '', *, *, #4931, .T. );
#3085 = CARTESIAN_POINT( '', ( -21.1745984264665, 0.800000000000000, -2.80000000000000 ) );
#3086 = DIRECTION( '', ( 1.95754444314931E-015, -1.00000000000000, 0.000000000000000 ) );
#3087 = DIRECTION( '', ( 1.00000000000000, 1.95754444314931E-015, 0.000000000000000 ) );
#3088 = SURFACE_STYLE_FILL_AREA( #4932 );
#3089 = ORIENTED_EDGE( '', *, *, #4787, .F. );
#3090 = ORIENTED_EDGE( '', *, *, #4933, .F. );
#3091 = ORIENTED_EDGE( '', *, *, #4934, .F. );
#3092 = ORIENTED_EDGE( '', *, *, #4526, .F. );
#3093 = CARTESIAN_POINT( '', ( -19.0500000000000, 3.85000000000000, -2.60000000000000 ) );
#3094 = DIRECTION( '', ( 0.000000000000000, -1.14543451244288E-015, -1.00000000000000 ) );
#3095 = DIRECTION( '', ( 0.000000000000000, 1.00000000000000, -1.14543451244288E-015 ) );
#3096 = SURFACE_STYLE_FILL_AREA( #4935 );
#3097 = ORIENTED_EDGE( '', *, *, #4936, .T. );
#3098 = ORIENTED_EDGE( '', *, *, #4611, .F. );
#3099 = ORIENTED_EDGE( '', *, *, #4708, .F. );
#3100 = ORIENTED_EDGE( '', *, *, #4937, .F. );
#3101 = CARTESIAN_POINT( '', ( 2.71050543121377E-017, -0.250000000000000, -7.37500000000000 ) );
#3102 = DIRECTION( '', ( -1.05183060627809E-016, 0.970142500145332, 0.242535625036333 ) );
#3103 = DIRECTION( '', ( -1.00000000000000, -1.08420217248550E-016, -2.09263767031490E-032 ) );
#3104 = SURFACE_STYLE_FILL_AREA( #4938 );
#3105 = ORIENTED_EDGE( '', *, *, #4939, .F. );
#3106 = ORIENTED_EDGE( '', *, *, #4718, .F. );
#3107 = ORIENTED_EDGE( '', *, *, #4940, .F. );
#3108 = ORIENTED_EDGE( '', *, *, #4941, .F. );
#3109 = ORIENTED_EDGE( '', *, *, #4942, .F. );
#3110 = ORIENTED_EDGE( '', *, *, #4943, .F. );
#3111 = ORIENTED_EDGE( '', *, *, #4944, .F. );
#3112 = ORIENTED_EDGE( '', *, *, #4945, .F. );
#3113 = CARTESIAN_POINT( '', ( -19.0500000000000, 0.231944444444447, -5.20000000000000 ) );
#3114 = DIRECTION( '', ( 0.000000000000000, 0.000000000000000, -1.00000000000000 ) );
#3115 = DIRECTION( '', ( -1.00000000000000, 0.000000000000000, 0.000000000000000 ) );
#3116 = SURFACE_STYLE_FILL_AREA( #4946 );
#3117 = ORIENTED_EDGE( '', *, *, #4947, .T. );
#3118 = ORIENTED_EDGE( '', *, *, #4931, .F. );
#3119 = ORIENTED_EDGE( '', *, *, #4948, .F. );
#3120 = ORIENTED_EDGE( '', *, *, #4949, .T. );
#3121 = CARTESIAN_POINT( '', ( -20.1991968529330, 1.77540157353349, -2.80000000000000 ) );
#3122 = DIRECTION( '', ( 0.707106781186546, -0.707106781186549, 0.000000000000000 ) );
#3123 = DIRECTION( '', ( 0.707106781186549, 0.707106781186546, 0.000000000000000 ) );
#3124 = SURFACE_STYLE_FILL_AREA( #4950 );
#3125 = ORIENTED_EDGE( '', *, *, #4951, .T. );
#3126 = ORIENTED_EDGE( '', *, *, #4546, .T. );
#3127 = ORIENTED_EDGE( '', *, *, #4952, .T. );
#3128 = ORIENTED_EDGE( '', *, *, #4953, .F. );
#3129 = CARTESIAN_POINT( '', ( 10.5050000000000, 43.5767907131480, 6.00000000000000 ) );
#3130 = DIRECTION( '', ( -0.970142500145332, 0.000000000000000, -0.242535625036332 ) );
#3131 = DIRECTION( '', ( -0.242535625036332, 0.000000000000000, 0.970142500145332 ) );
#3132 = SURFACE_STYLE_FILL_AREA( #4954 );
#3133 = ORIENTED_EDGE( '', *, *, #4850, .T. );
#3134 = ORIENTED_EDGE( '', *, *, #4955, .F. );
#3135 = ORIENTED_EDGE( '', *, *, #4956, .F. );
#3136 = ORIENTED_EDGE( '', *, *, #4855, .T. );
#3137 = CARTESIAN_POINT( '', ( 17.9008031470670, 1.77540157353350, -2.80000000000000 ) );
#3138 = DIRECTION( '', ( 0.707106781186546, -0.707106781186549, 0.000000000000000 ) );
#3139 = DIRECTION( '', ( 0.707106781186549, 0.707106781186546, 0.000000000000000 ) );
#3140 = SURFACE_STYLE_FILL_AREA( #4957 );
#3141 = ORIENTED_EDGE( '', *, *, #4958, .F. );
#3142 = ORIENTED_EDGE( '', *, *, #4959, .F. );
#3143 = ORIENTED_EDGE( '', *, *, #4640, .T. );
#3144 = ORIENTED_EDGE( '', *, *, #4780, .T. );
#3145 = ORIENTED_EDGE( '', *, *, #4704, .T. );
#3146 = ORIENTED_EDGE( '', *, *, #4960, .F. );
#3147 = CARTESIAN_POINT( '', ( 9.95500000000000, -2.65000000000000, -5.60000000000000 ) );
#3148 = DIRECTION( '', ( -1.00000000000000, 0.000000000000000, 0.000000000000000 ) );
#3149 = DIRECTION( '', ( 0.000000000000000, 0.000000000000000, 1.00000000000000 ) );
#3150 = SURFACE_STYLE_FILL_AREA( #4961 );
#3151 = ORIENTED_EDGE( '', *, *, #4962, .T. );
#3152 = ORIENTED_EDGE( '', *, *, #4963, .F. );
#3153 = ORIENTED_EDGE( '', *, *, #4964, .F. );
#3154 = ORIENTED_EDGE( '', *, *, #4965, .T. );
#3155 = CARTESIAN_POINT( '', ( -10.2808031470670, 1.77540157353350, -2.80000000000000 ) );
#3156 = DIRECTION( '', ( -1.00000000000000, 5.56338675033047E-015, 0.000000000000000 ) );
#3157 = DIRECTION( '', ( -5.56338675033047E-015, -1.00000000000000, 0.000000000000000 ) );
#3158 = SURFACE_STYLE_FILL_AREA( #4966 );
#3159 = ORIENTED_EDGE( '', *, *, #4967, .F. );
#3160 = ORIENTED_EDGE( '', *, *, #4692, .F. );
#3161 = CARTESIAN_POINT( '', ( 11.4300000000000, 0.250000000000004, -1.70000000000000 ) );
#3162 = DIRECTION( '', ( 0.000000000000000, 0.000000000000000, -1.00000000000000 ) );
#3163 = DIRECTION( '', ( -1.00000000000000, 0.000000000000000, 0.000000000000000 ) );
#3164 = SURFACE_STYLE_FILL_AREA( #4968 );
#3165 = ORIENTED_EDGE( '', *, *, #4969, .T. );
#3166 = ORIENTED_EDGE( '', *, *, #4970, .T. );
#3167 = ORIENTED_EDGE( '', *, *, #4869, .T. );
#3168 = ORIENTED_EDGE( '', *, *, #4971, .F. );
#3169 = CARTESIAN_POINT( '', ( 12.0300000000000, 43.5767907131480, 4.70000000000000 ) );
#3170 = DIRECTION( '', ( 0.970142500145332, 0.000000000000000, -0.242535625036332 ) );
#3171 = DIRECTION( '', ( -0.242535625036332, 0.000000000000000, -0.970142500145332 ) );
#3172 = SURFACE_STYLE_FILL_AREA( #4972 );
#3173 = ORIENTED_EDGE( '', *, *, #4973, .T. );
#3174 = ORIENTED_EDGE( '', *, *, #4974, .T. );
#3175 = CARTESIAN_POINT( '', ( -19.0500000000000, 0.250000000000004, -1.20000000000000 ) );
#3176 = DIRECTION( '', ( -0.000000000000000, -0.000000000000000, 1.00000000000000 ) );
#3177 = DIRECTION( '', ( -1.00000000000000, 0.000000000000000, 0.000000000000000 ) );
#3178 = SURFACE_STYLE_FILL_AREA( #4975 );
#3179 = ORIENTED_EDGE( '', *, *, #4945, .T. );
#3180 = ORIENTED_EDGE( '', *, *, #4976, .F. );
#3181 = ORIENTED_EDGE( '', *, *, #4977, .F. );
#3182 = ORIENTED_EDGE( '', *, *, #4978, .T. );
#3183 = CARTESIAN_POINT( '', ( 10.2808031470670, 1.77540157353349, -2.80000000000000 ) );
#3184 = DIRECTION( '', ( 0.707106781186546, -0.707106781186549, 0.000000000000000 ) );
#3185 = DIRECTION( '', ( 0.707106781186549, 0.707106781186546, 0.000000000000000 ) );
#3186 = SURFACE_STYLE_FILL_AREA( #4979 );
#3187 = ORIENTED_EDGE( '', *, *, #4980, .T. );
#3188 = ORIENTED_EDGE( '', *, *, #4981, .F. );
#3189 = ORIENTED_EDGE( '', *, *, #4982, .F. );
#3190 = ORIENTED_EDGE( '', *, *, #4626, .T. );
#3191 = CARTESIAN_POINT( '', ( -10.8800000000000, -1.87459842646651, -2.80000000000000 ) );
#3192 = DIRECTION( '', ( -0.707106781186548, 0.707106781186547, 0.000000000000000 ) );
#3193 = DIRECTION( '', ( -0.707106781186547, -0.707106781186548, 0.000000000000000 ) );
#3194 = SURFACE_STYLE_FILL_AREA( #4983 );
#3195 = ORIENTED_EDGE( '', *, *, #4984, .F. );
#3196 = ORIENTED_EDGE( '', *, *, #4985, .F. );
#3197 = ORIENTED_EDGE( '', *, *, #4986, .F. );
#3198 = ORIENTED_EDGE( '', *, *, #4791, .T. );
#3199 = ORIENTED_EDGE( '', *, *, #4605, .F. );
#3200 = ORIENTED_EDGE( '', *, *, #4819, .T. );
#3201 = CARTESIAN_POINT( '', ( 3.31000000000000, -0.249999999999997, -49.2267907131480 ) );
#3202 = DIRECTION( '', ( 1.00000000000000, 0.000000000000000, 0.000000000000000 ) );
#3203 = DIRECTION( '', ( 0.000000000000000, 0.000000000000000, -1.00000000000000 ) );
#3204 = SURFACE_STYLE_FILL_AREA( #4987 );
#3205 = ORIENTED_EDGE( '', *, *, #4988, .T. );
#3206 = ORIENTED_EDGE( '', *, *, #4989, .F. );
#3207 = ORIENTED_EDGE( '', *, *, #4803, .F. );
#3208 = ORIENTED_EDGE( '', *, *, #4577, .F. );
#3209 = CARTESIAN_POINT( '', ( -0.500000000000000, 0.500000000000000, 6.37500000000000 ) );
#3210 = DIRECTION( '', ( 0.000000000000000, 0.970142500145332, 0.242535625036333 ) );
#3211 = DIRECTION( '', ( -1.00000000000000, 0.000000000000000, 0.000000000000000 ) );
#3212 = SURFACE_STYLE_FILL_AREA( #4990 );
#3213 = ORIENTED_EDGE( '', *, *, #4991, .T. );
#3214 = ORIENTED_EDGE( '', *, *, #4992, .F. );
#3215 = ORIENTED_EDGE( '', *, *, #4993, .F. );
#3216 = ORIENTED_EDGE( '', *, *, #4749, .T. );
#3217 = CARTESIAN_POINT( '', ( -21.1745984264665, -0.299999999999996, -2.80000000000000 ) );
#3218 = DIRECTION( '', ( 0.707106781186546, 0.707106781186549, 0.000000000000000 ) );
#3219 = DIRECTION( '', ( -0.707106781186549, 0.707106781186546, 0.000000000000000 ) );
#3220 = SURFACE_STYLE_FILL_AREA( #4994 );
#3221 = ORIENTED_EDGE( '', *, *, #4995, .T. );
#3222 = ORIENTED_EDGE( '', *, *, #4996, .F. );
#3223 = ORIENTED_EDGE( '', *, *, #4997, .F. );
#3224 = ORIENTED_EDGE( '', *, *, #4981, .T. );
#3225 = CARTESIAN_POINT( '', ( -9.30540157353349, -0.299999999999995, -2.80000000000000 ) );
#3226 = DIRECTION( '', ( 7.51931389105601E-016, 1.00000000000000, 0.000000000000000 ) );
#3227 = DIRECTION( '', ( -1.00000000000000, 7.51931389105601E-016, 0.000000000000000 ) );
#3228 = SURFACE_STYLE_FILL_AREA( #4998 );
#3229 = ORIENTED_EDGE( '', *, *, #4999, .T. );
#3230 = ORIENTED_EDGE( '', *, *, #5000, .F. );
#3231 = ORIENTED_EDGE( '', *, *, #5001, .F. );
#3232 = ORIENTED_EDGE( '', *, *, #5002, .T. );
#3233 = CARTESIAN_POINT( '', ( 11.9800000000000, -2.95000000000000, -2.80000000000000 ) );
#3234 = DIRECTION( '', ( -1.00000000000000, 0.000000000000000, 0.000000000000000 ) );
#3235 = DIRECTION( '', ( 0.000000000000000, 0.000000000000000, 1.00000000000000 ) );
#3236 = SURFACE_STYLE_FILL_AREA( #5003 );
#3237 = ORIENTED_EDGE( '', *, *, #5004, .T. );
#3238 = ORIENTED_EDGE( '', *, *, #4886, .F. );
#3239 = ORIENTED_EDGE( '', *, *, #5005, .F. );
#3240 = ORIENTED_EDGE( '', *, *, #5006, .T. );
#3241 = CARTESIAN_POINT( '', ( -17.9008031470670, 1.77540157353350, -2.80000000000000 ) );
#3242 = DIRECTION( '', ( -1.00000000000000, 5.56338675033047E-015, 0.000000000000000 ) );
#3243 = DIRECTION( '', ( -5.56338675033047E-015, -1.00000000000000, 0.000000000000000 ) );
#3244 = SURFACE_STYLE_FILL_AREA( #5007 );
#3245 = ORIENTED_EDGE( '', *, *, #5008, .F. );
#3246 = ORIENTED_EDGE( '', *, *, #4647, .F. );
#3247 = ORIENTED_EDGE( '', *, *, #4796, .T. );
#3248 = ORIENTED_EDGE( '', *, *, #4678, .T. );
#3249 = CARTESIAN_POINT( '', ( 22.8600000000000, -4.05000000000000, -6.00000000000000 ) );
#3250 = DIRECTION( '', ( 0.000000000000000, -1.00000000000000, 6.74614685102092E-016 ) );
#3251 = DIRECTION( '', ( 0.000000000000000, -6.74614685102092E-016, -1.00000000000000 ) );
#3252 = SURFACE_STYLE_FILL_AREA( #5009 );
#3253 = ORIENTED_EDGE( '', *, *, #5010, .T. );
#3254 = ORIENTED_EDGE( '', *, *, #5011, .T. );
#3255 = ORIENTED_EDGE( '', *, *, #5012, .T. );
#3256 = ORIENTED_EDGE( '', *, *, #5013, .F. );
#3257 = CARTESIAN_POINT( '', ( 18.4500000000000, 43.5767907131480, 4.70000000000000 ) );
#3258 = DIRECTION( '', ( 0.000000000000000, 0.000000000000000, -1.00000000000000 ) );
#3259 = DIRECTION( '', ( -1.00000000000000, 0.000000000000000, 0.000000000000000 ) );
#3260 = SURFACE_STYLE_FILL_AREA( #5014 );
#3261 = ORIENTED_EDGE( '', *, *, #5015, .F. );
#3262 = ORIENTED_EDGE( '', *, *, #5016, .T. );
#3263 = ORIENTED_EDGE( '', *, *, #5017, .T. );
#3264 = ORIENTED_EDGE( '', *, *, #4815, .F. );
#3265 = CARTESIAN_POINT( '', ( 14.3300000000000, -0.300000000000000, -2.80000000000000 ) );
#3266 = DIRECTION( '', ( -7.51931389105601E-016, 1.00000000000000, 0.000000000000000 ) );
#3267 = DIRECTION( '', ( -1.00000000000000, -7.51931389105601E-016, 0.000000000000000 ) );
#3268 = SURFACE_STYLE_FILL_AREA( #5018 );
#3269 = ORIENTED_EDGE( '', *, *, #5019, .T. );
#3270 = ORIENTED_EDGE( '', *, *, #4949, .F. );
#3271 = ORIENTED_EDGE( '', *, *, #5020, .F. );
#3272 = ORIENTED_EDGE( '', *, *, #4884, .T. );
#3273 = CARTESIAN_POINT( '', ( -20.1991968529330, 3.02264434404465, -2.80000000000000 ) );
#3274 = DIRECTION( '', ( 1.00000000000000, -2.78169337516524E-015, 0.000000000000000 ) );
#3275 = DIRECTION( '', ( 2.78169337516524E-015, 1.00000000000000, 0.000000000000000 ) );
#3276 = SURFACE_STYLE_FILL_AREA( #5021 );
#3277 = ORIENTED_EDGE( '', *, *, #4657, .T. );
#3278 = ORIENTED_EDGE( '', *, *, #4925, .T. );
#3279 = ORIENTED_EDGE( '', *, *, #5022, .T. );
#3280 = ORIENTED_EDGE( '', *, *, #4903, .T. );
#3281 = CARTESIAN_POINT( '', ( -3.81000000000000, -2.65000000000000, -5.80000000000000 ) );
#3282 = DIRECTION( '', ( 0.000000000000000, -1.00000000000000, 1.08420217248551E-015 ) );
#3283 = DIRECTION( '', ( 0.000000000000000, -1.08420217248551E-015, -1.00000000000000 ) );
#3284 = SURFACE_STYLE_FILL_AREA( #5023 );
#3285 = ORIENTED_EDGE( '', *, *, #4573, .T. );
#3286 = ORIENTED_EDGE( '', *, *, #5024, .F. );
#3287 = ORIENTED_EDGE( '', *, *, #5025, .F. );
#3288 = ORIENTED_EDGE( '', *, *, #5026, .T. );
#3289 = CARTESIAN_POINT( '', ( 0.910000000000000, 0.800000000000000, -2.80000000000000 ) );
#3290 = DIRECTION( '', ( -8.77253287289868E-016, -1.00000000000000, 0.000000000000000 ) );
#3291 = DIRECTION( '', ( 1.00000000000000, -8.77253287289868E-016, 0.000000000000000 ) );
#3292 = SURFACE_STYLE_FILL_AREA( #5027 );
#3293 = ORIENTED_EDGE( '', *, *, #4771, .F. );
#3294 = ORIENTED_EDGE( '', *, *, #4675, .T. );
#3295 = ORIENTED_EDGE( '', *, *, #4637, .F. );
#3296 = ORIENTED_EDGE( '', *, *, #5028, .F. );
#3297 = CARTESIAN_POINT( '', ( 22.8600000000000, -4.45000000000000, 4.70000000000000 ) );
#3298 = DIRECTION( '', ( 0.000000000000000, -0.955779008721950, 0.294085848837523 ) );
#3299 = DIRECTION( '', ( 0.000000000000000, -0.294085848837523, -0.955779008721950 ) );
#3300 = SURFACE_STYLE_FILL_AREA( #5029 );
#3301 = ORIENTED_EDGE( '', *, *, #5030, .F. );
#3302 = ORIENTED_EDGE( '', *, *, #4532, .T. );
#3303 = ORIENTED_EDGE( '', *, *, #5031, .T. );
#3304 = ORIENTED_EDGE( '', *, *, #5032, .T. );
#3305 = ORIENTED_EDGE( '', *, *, #5033, .T. );
#3306 = ORIENTED_EDGE( '', *, *, #5034, .F. );
#3307 = CARTESIAN_POINT( '', ( 19.5500000000000, 0.750000000000000, -49.2267907131480 ) );
#3308 = DIRECTION( '', ( -1.00000000000000, 0.000000000000000, 0.000000000000000 ) );
#3309 = DIRECTION( '', ( 0.000000000000000, 0.000000000000000, 1.00000000000000 ) );
#3310 = SURFACE_STYLE_FILL_AREA( #5035 );
#3311 = ORIENTED_EDGE( '', *, *, #5036, .T. );
#3312 = ORIENTED_EDGE( '', *, *, #5037, .T. );
#3313 = ORIENTED_EDGE( '', *, *, #5038, .T. );
#3314 = ORIENTED_EDGE( '', *, *, #4842, .F. );
#3315 = CARTESIAN_POINT( '', ( -4.31000000000000, -0.249999999999997, -3.45000000000000 ) );
#3316 = DIRECTION( '', ( 0.000000000000000, 0.000000000000000, 1.00000000000000 ) );
#3317 = DIRECTION( '', ( 1.00000000000000, 0.000000000000000, 0.000000000000000 ) );
#3318 = SURFACE_STYLE_FILL_AREA( #5039 );
#3319 = ORIENTED_EDGE( '', *, *, #4810, .T. );
#3320 = ORIENTED_EDGE( '', *, *, #4804, .T. );
#3321 = ORIENTED_EDGE( '', *, *, #4989, .T. );
#3322 = ORIENTED_EDGE( '', *, *, #5040, .T. );
#3323 = CARTESIAN_POINT( '', ( 0.000000000000000, 0.000000000000000, 7.37500000000000 ) );
#3324 = DIRECTION( '', ( 0.000000000000000, 0.000000000000000, -1.00000000000000 ) );
#3325 = DIRECTION( '', ( -1.00000000000000, 0.000000000000000, 0.000000000000000 ) );
#3326 = SURFACE_STYLE_FILL_AREA( #5041 );
#3327 = ORIENTED_EDGE( '', *, *, #4698, .T. );
#3328 = ORIENTED_EDGE( '', *, *, #5042, .F. );
#3329 = ORIENTED_EDGE( '', *, *, #5043, .F. );
#3330 = ORIENTED_EDGE( '', *, *, #5044, .F. );
#3331 = ORIENTED_EDGE( '', *, *, #4522, .T. );
#3332 = ORIENTED_EDGE( '', *, *, #5045, .F. );
#3333 = ORIENTED_EDGE( '', *, *, #4898, .T. );
#3334 = ORIENTED_EDGE( '', *, *, #4860, .T. );
#3335 = CARTESIAN_POINT( '', ( -17.5750000000000, -2.65000000000000, -5.60000000000000 ) );
#3336 = DIRECTION( '', ( 0.000000000000000, 0.000000000000000, 1.00000000000000 ) );
#3337 = DIRECTION( '', ( 1.00000000000000, 0.000000000000000, 0.000000000000000 ) );
#3338 = SURFACE_STYLE_FILL_AREA( #5046 );
#3339 = ORIENTED_EDGE( '', *, *, #5047, .F. );
#3340 = ORIENTED_EDGE( '', *, *, #4929, .T. );
#3341 = ORIENTED_EDGE( '', *, *, #5048, .T. );
#3342 = ORIENTED_EDGE( '', *, *, #4764, .T. );
#3343 = ORIENTED_EDGE( '', *, *, #4728, .F. );
#3344 = ORIENTED_EDGE( '', *, *, #5049, .F. );
#3345 = ORIENTED_EDGE( '', *, *, #5050, .T. );
#3346 = ORIENTED_EDGE( '', *, *, #4751, .F. );
#3347 = CARTESIAN_POINT( '', ( -21.9500000000000, 2.35000000000000, -5.20000000000000 ) );
#3348 = DIRECTION( '', ( 1.00000000000000, 0.000000000000000, 0.000000000000000 ) );
#3349 = DIRECTION( '', ( 0.000000000000000, 0.000000000000000, -1.00000000000000 ) );
#3350 = SURFACE_STYLE_FILL_AREA( #5051 );
#3351 = ORIENTED_EDGE( '', *, *, #5052, .F. );
#3352 = ORIENTED_EDGE( '', *, *, #5033, .F. );
#3353 = ORIENTED_EDGE( '', *, *, #5053, .T. );
#3354 = ORIENTED_EDGE( '', *, *, #5054, .T. );
#3355 = CARTESIAN_POINT( '', ( 19.5500000000000, -0.249999999999997, -49.2267907131480 ) );
#3356 = DIRECTION( '', ( 0.000000000000000, 1.00000000000000, 0.000000000000000 ) );
#3357 = DIRECTION( '', ( 0.000000000000000, 0.000000000000000, 1.00000000000000 ) );
#3358 = SURFACE_STYLE_FILL_AREA( #5055 );
#3359 = ORIENTED_EDGE( '', *, *, #5056, .T. );
#3360 = ORIENTED_EDGE( '', *, *, #4746, .F. );
#3361 = ORIENTED_EDGE( '', *, *, #5057, .F. );
#3362 = ORIENTED_EDGE( '', *, *, #5058, .T. );
#3363 = CARTESIAN_POINT( '', ( -18.5000000000000, -2.95000000000000, -2.80000000000000 ) );
#3364 = DIRECTION( '', ( -1.00000000000000, 0.000000000000000, 0.000000000000000 ) );
#3365 = DIRECTION( '', ( 0.000000000000000, 0.000000000000000, 1.00000000000000 ) );
#3366 = SURFACE_STYLE_FILL_AREA( #5059 );
#3367 = ORIENTED_EDGE( '', *, *, #5019, .F. );
#3368 = ORIENTED_EDGE( '', *, *, #4883, .F. );
#3369 = ORIENTED_EDGE( '', *, *, #4765, .F. );
#3370 = ORIENTED_EDGE( '', *, *, #5048, .F. );
#3371 = ORIENTED_EDGE( '', *, *, #4928, .F. );
#3372 = ORIENTED_EDGE( '', *, *, #4947, .F. );
#3373 = CARTESIAN_POINT( '', ( -19.0500000000000, 0.231944444444447, -5.20000000000000 ) );
#3374 = DIRECTION( '', ( 0.000000000000000, 0.000000000000000, -1.00000000000000 ) );
#3375 = DIRECTION( '', ( -1.00000000000000, 0.000000000000000, 0.000000000000000 ) );
#3376 = SURFACE_STYLE_FILL_AREA( #5060 );
#3377 = ORIENTED_EDGE( '', *, *, #5061, .T. );
#3378 = ORIENTED_EDGE( '', *, *, #4495, .F. );
#3379 = ORIENTED_EDGE( '', *, *, #5062, .F. );
#3380 = ORIENTED_EDGE( '', *, *, #5063, .T. );
#3381 = CARTESIAN_POINT( '', ( -3.26000000000000, -1.87459842646651, -2.80000000000000 ) );
#3382 = DIRECTION( '', ( -0.707106781186548, 0.707106781186547, 0.000000000000000 ) );
#3383 = DIRECTION( '', ( -0.707106781186547, -0.707106781186548, 0.000000000000000 ) );
#3384 = SURFACE_STYLE_FILL_AREA( #5064 );
#3385 = ORIENTED_EDGE( '', *, *, #5065, .T. );
#3386 = ORIENTED_EDGE( '', *, *, #5066, .T. );
#3387 = ORIENTED_EDGE( '', *, *, #5067, .T. );
#3388 = ORIENTED_EDGE( '', *, *, #4484, .F. );
#3389 = CARTESIAN_POINT( '', ( -4.41000000000000, 43.5767907131480, 4.70000000000000 ) );
#3390 = DIRECTION( '', ( 0.000000000000000, 0.000000000000000, -1.00000000000000 ) );
#3391 = DIRECTION( '', ( -1.00000000000000, 0.000000000000000, 0.000000000000000 ) );
#3392 = SURFACE_STYLE_FILL_AREA( #5068 );
#3393 = ORIENTED_EDGE( '', *, *, #5069, .T. );
#3394 = ORIENTED_EDGE( '', *, *, #5006, .F. );
#3395 = ORIENTED_EDGE( '', *, *, #5070, .F. );
#3396 = ORIENTED_EDGE( '', *, *, #5071, .T. );
#3397 = CARTESIAN_POINT( '', ( -16.9254015735335, 0.800000000000000, -2.80000000000000 ) );
#3398 = DIRECTION( '', ( -0.707106781186546, -0.707106781186549, 0.000000000000000 ) );
#3399 = DIRECTION( '', ( 0.707106781186549, -0.707106781186546, 0.000000000000000 ) );
#3400 = SURFACE_STYLE_FILL_AREA( #5072 );
#3401 = ORIENTED_EDGE( '', *, *, #5073, .F. );
#3402 = ORIENTED_EDGE( '', *, *, #5074, .F. );
#3403 = ORIENTED_EDGE( '', *, *, #4891, .F. );
#3404 = ORIENTED_EDGE( '', *, *, #5075, .F. );
#3405 = ORIENTED_EDGE( '', *, *, #5076, .F. );
#3406 = CARTESIAN_POINT( '', ( 19.0500000000000, 0.231944444444447, -5.20000000000000 ) );
#3407 = DIRECTION( '', ( 0.000000000000000, 0.000000000000000, -1.00000000000000 ) );
#3408 = DIRECTION( '', ( -1.00000000000000, 0.000000000000000, 0.000000000000000 ) );
#3409 = SURFACE_STYLE_FILL_AREA( #5077 );
#3410 = ORIENTED_EDGE( '', *, *, #5078, .T. );
#3411 = ORIENTED_EDGE( '', *, *, #5063, .F. );
#3412 = ORIENTED_EDGE( '', *, *, #5079, .F. );
#3413 = ORIENTED_EDGE( '', *, *, #5080, .T. );
#3414 = CARTESIAN_POINT( '', ( -3.26000000000000, -2.95000000000000, -2.80000000000000 ) );
#3415 = DIRECTION( '', ( -1.00000000000000, 0.000000000000000, 0.000000000000000 ) );
#3416 = DIRECTION( '', ( 0.000000000000000, 0.000000000000000, 1.00000000000000 ) );
#3417 = SURFACE_STYLE_FILL_AREA( #5081 );
#3418 = ORIENTED_EDGE( '', *, *, #5082, .T. );
#3419 = ORIENTED_EDGE( '', *, *, #4500, .F. );
#3420 = ORIENTED_EDGE( '', *, *, #5083, .F. );
#3421 = ORIENTED_EDGE( '', *, *, #4996, .T. );
#3422 = CARTESIAN_POINT( '', ( -5.93459842646651, -0.299999999999996, -2.80000000000000 ) );
#3423 = DIRECTION( '', ( 0.707106781186546, 0.707106781186549, 0.000000000000000 ) );
#3424 = DIRECTION( '', ( -0.707106781186549, 0.707106781186546, 0.000000000000000 ) );
#3425 = SURFACE_STYLE_FILL_AREA( #5084 );
#3426 = ORIENTED_EDGE( '', *, *, #5085, .T. );
#3427 = ORIENTED_EDGE( '', *, *, #5086, .T. );
#3428 = ORIENTED_EDGE( '', *, *, #4871, .T. );
#3429 = ORIENTED_EDGE( '', *, *, #5011, .F. );
#3430 = CARTESIAN_POINT( '', ( 18.1250000000000, 43.5767907131480, 6.00000000000000 ) );
#3431 = DIRECTION( '', ( -0.970142500145332, 0.000000000000000, -0.242535625036332 ) );
#3432 = DIRECTION( '', ( -0.242535625036332, 0.000000000000000, 0.970142500145332 ) );
#3433 = SURFACE_STYLE_FILL_AREA( #5087 );
#3434 = ORIENTED_EDGE( '', *, *, #5073, .T. );
#3435 = ORIENTED_EDGE( '', *, *, #5088, .F. );
#3436 = ORIENTED_EDGE( '', *, *, #5089, .F. );
#3437 = ORIENTED_EDGE( '', *, *, #5090, .T. );
#3438 = CARTESIAN_POINT( '', ( 19.6000000000000, -2.95000000000000, -2.80000000000000 ) );
#3439 = DIRECTION( '', ( -1.00000000000000, 3.22618734930235E-015, 0.000000000000000 ) );
#3440 = DIRECTION( '', ( -3.22618734930235E-015, -1.00000000000000, 0.000000000000000 ) );
#3441 = SURFACE_STYLE_FILL_AREA( #5091 );
#3442 = ORIENTED_EDGE( '', *, *, #4848, .T. );
#3443 = ORIENTED_EDGE( '', *, *, #4867, .F. );
#3444 = ORIENTED_EDGE( '', *, *, #5092, .F. );
#3445 = ORIENTED_EDGE( '', *, *, #5093, .T. );
#3446 = CARTESIAN_POINT( '', ( 13.5545984264665, 0.800000000000000, -2.80000000000000 ) );
#3447 = DIRECTION( '', ( -0.707106781186546, -0.707106781186549, 0.000000000000000 ) );
#3448 = DIRECTION( '', ( 0.707106781186549, -0.707106781186546, 0.000000000000000 ) );
#3449 = SURFACE_STYLE_FILL_AREA( #5094 );
#3450 = ORIENTED_EDGE( '', *, *, #5095, .T. );
#3451 = ORIENTED_EDGE( '', *, *, #5096, .T. );
#3452 = ORIENTED_EDGE( '', *, *, #4665, .T. );
#3453 = ORIENTED_EDGE( '', *, *, #4553, .F. );
#3454 = CARTESIAN_POINT( '', ( -10.8300000000000, 43.5767907131480, 4.70000000000000 ) );
#3455 = DIRECTION( '', ( 0.970142500145332, 0.000000000000000, -0.242535625036332 ) );
#3456 = DIRECTION( '', ( -0.242535625036332, 0.000000000000000, -0.970142500145332 ) );
#3457 = SURFACE_STYLE_FILL_AREA( #5097 );
#3458 = ORIENTED_EDGE( '', *, *, #5098, .F. );
#3459 = ORIENTED_EDGE( '', *, *, #4680, .F. );
#3460 = ORIENTED_EDGE( '', *, *, #4795, .T. );
#3461 = ORIENTED_EDGE( '', *, *, #4542, .T. );
#3462 = ORIENTED_EDGE( '', *, *, #5012, .F. );
#3463 = ORIENTED_EDGE( '', *, *, #4870, .T. );
#3464 = ORIENTED_EDGE( '', *, *, #5099, .F. );
#3465 = ORIENTED_EDGE( '', *, *, #5100, .T. );
#3466 = ORIENTED_EDGE( '', *, *, #4823, .F. );
#3467 = ORIENTED_EDGE( '', *, *, #5101, .T. );
#3468 = ORIENTED_EDGE( '', *, *, #5067, .F. );
#3469 = ORIENTED_EDGE( '', *, *, #4666, .T. );
#3470 = ORIENTED_EDGE( '', *, *, #5102, .F. );
#3471 = ORIENTED_EDGE( '', *, *, #5028, .T. );
#3472 = ORIENTED_EDGE( '', *, *, #4919, .F. );
#3473 = ORIENTED_EDGE( '', *, *, #4566, .T. );
#3474 = CARTESIAN_POINT( '', ( 22.8600000000000, -4.45000000000000, 3.00000000000000 ) );
#3475 = DIRECTION( '', ( 0.000000000000000, -1.00000000000000, 0.000000000000000 ) );
#3476 = DIRECTION( '', ( 0.000000000000000, 0.000000000000000, -1.00000000000000 ) );
#3477 = SURFACE_STYLE_FILL_AREA( #5103 );
#3478 = ORIENTED_EDGE( '', *, *, #5104, .T. );
#3479 = ORIENTED_EDGE( '', *, *, #4736, .F. );
#3480 = ORIENTED_EDGE( '', *, *, #4631, .F. );
#3481 = ORIENTED_EDGE( '', *, *, #4852, .T. );
#3482 = ORIENTED_EDGE( '', *, *, #4857, .F. );
#3483 = ORIENTED_EDGE( '', *, *, #5105, .F. );
#3484 = ORIENTED_EDGE( '', *, *, #5106, .T. );
#3485 = ORIENTED_EDGE( '', *, *, #5107, .T. );
#3486 = CARTESIAN_POINT( '', ( 19.0500000000000, 0.231944444444447, -5.20000000000000 ) );
#3487 = DIRECTION( '', ( -0.000000000000000, -0.000000000000000, -1.00000000000000 ) );
#3488 = DIRECTION( '', ( 1.00000000000000, 0.000000000000000, 0.000000000000000 ) );
#3489 = SURFACE_STYLE_FILL_AREA( #5108 );
#3490 = ORIENTED_EDGE( '', *, *, #4529, .F. );
#3491 = ORIENTED_EDGE( '', *, *, #5030, .T. );
#3492 = ORIENTED_EDGE( '', *, *, #5109, .F. );
#3493 = ORIENTED_EDGE( '', *, *, #5110, .F. );
#3494 = CARTESIAN_POINT( '', ( 18.5500000000000, 0.750000000000000, -49.2267907131480 ) );
#3495 = DIRECTION( '', ( 0.000000000000000, -1.00000000000000, 0.000000000000000 ) );
#3496 = DIRECTION( '', ( 0.000000000000000, 0.000000000000000, -1.00000000000000 ) );
#3497 = SURFACE_STYLE_FILL_AREA( #5111 );
#3498 = ORIENTED_EDGE( '', *, *, #4517, .F. );
#3499 = ORIENTED_EDGE( '', *, *, #5112, .F. );
#3500 = ORIENTED_EDGE( '', *, *, #4514, .F. );
#3501 = ORIENTED_EDGE( '', *, *, #4887, .F. );
#3502 = ORIENTED_EDGE( '', *, *, #5004, .F. );
#3503 = ORIENTED_EDGE( '', *, *, #5069, .F. );
#3504 = ORIENTED_EDGE( '', *, *, #5113, .F. );
#3505 = ORIENTED_EDGE( '', *, *, #5114, .F. );
#3506 = CARTESIAN_POINT( '', ( -19.0500000000000, 0.231944444444447, -5.20000000000000 ) );
#3507 = DIRECTION( '', ( 0.000000000000000, 0.000000000000000, -1.00000000000000 ) );
#3508 = DIRECTION( '', ( -1.00000000000000, 0.000000000000000, 0.000000000000000 ) );
#3509 = SURFACE_STYLE_FILL_AREA( #5115 );
#3510 = ORIENTED_EDGE( '', *, *, #4735, .F. );
#3511 = ORIENTED_EDGE( '', *, *, #5116, .F. );
#3512 = ORIENTED_EDGE( '', *, *, #4940, .T. );
#3513 = ORIENTED_EDGE( '', *, *, #4717, .T. );
#3514 = CARTESIAN_POINT( '', ( 5.96000000000000, 2.35000000000000, -5.20000000000000 ) );
#3515 = DIRECTION( '', ( -3.37494839684204E-016, -1.00000000000000, 0.000000000000000 ) );
#3516 = DIRECTION( '', ( 1.00000000000000, -3.37494839684204E-016, 0.000000000000000 ) );
#3517 = SURFACE_STYLE_FILL_AREA( #5117 );
#3518 = ORIENTED_EDGE( '', *, *, #4651, .F. );
#3519 = ORIENTED_EDGE( '', *, *, #5118, .F. );
#3520 = ORIENTED_EDGE( '', *, *, #5043, .T. );
#3521 = ORIENTED_EDGE( '', *, *, #5119, .T. );
#3522 = ORIENTED_EDGE( '', *, *, #4933, .T. );
#3523 = ORIENTED_EDGE( '', *, *, #4786, .F. );
#3524 = CARTESIAN_POINT( '', ( -17.5750000000000, -2.65000000000000, -6.00000000000000 ) );
#3525 = DIRECTION( '', ( 1.00000000000000, 0.000000000000000, 0.000000000000000 ) );
#3526 = DIRECTION( '', ( 0.000000000000000, 0.000000000000000, -1.00000000000000 ) );
#3527 = SURFACE_STYLE_FILL_AREA( #5120 );
#3528 = ORIENTED_EDGE( '', *, *, #4971, .T. );
#3529 = ORIENTED_EDGE( '', *, *, #4872, .F. );
#3530 = ORIENTED_EDGE( '', *, *, #5086, .F. );
#3531 = ORIENTED_EDGE( '', *, *, #5121, .T. );
#3532 = CARTESIAN_POINT( '', ( 22.8600000000000, -4.05000000000000, 6.00000000000000 ) );
#3533 = DIRECTION( '', ( 0.000000000000000, 0.000000000000000, 1.00000000000000 ) );
#3534 = DIRECTION( '', ( 1.00000000000000, 0.000000000000000, 0.000000000000000 ) );
#3535 = SURFACE_STYLE_FILL_AREA( #5122 );
#3536 = ORIENTED_EDGE( '', *, *, #4849, .T. );
#3537 = ORIENTED_EDGE( '', *, *, #5093, .F. );
#3538 = ORIENTED_EDGE( '', *, *, #5123, .F. );
#3539 = ORIENTED_EDGE( '', *, *, #4955, .T. );
#3540 = CARTESIAN_POINT( '', ( 16.9254015735335, 0.800000000000000, -2.80000000000000 ) );
#3541 = DIRECTION( '', ( 8.77253287289868E-016, -1.00000000000000, 0.000000000000000 ) );
#3542 = DIRECTION( '', ( 1.00000000000000, 8.77253287289868E-016, 0.000000000000000 ) );
#3543 = SURFACE_STYLE_FILL_AREA( #5124 );
#3544 = ORIENTED_EDGE( '', *, *, #5125, .T. );
#3545 = ORIENTED_EDGE( '', *, *, #4897, .T. );
#3546 = ORIENTED_EDGE( '', *, *, #5126, .T. );
#3547 = ORIENTED_EDGE( '', *, *, #4700, .T. );
#3548 = ORIENTED_EDGE( '', *, *, #4859, .T. );
#3549 = CARTESIAN_POINT( '', ( -19.0500000000000, 0.250000000000004, -1.20000000000000 ) );
#3550 = DIRECTION( '', ( 0.000000000000000, 0.000000000000000, -1.00000000000000 ) );
#3551 = DIRECTION( '', ( -1.00000000000000, 0.000000000000000, 0.000000000000000 ) );
#3552 = SURFACE_STYLE_FILL_AREA( #5127 );
#3553 = ORIENTED_EDGE( '', *, *, #5128, .T. );
#3554 = ORIENTED_EDGE( '', *, *, #5129, .F. );
#3555 = ORIENTED_EDGE( '', *, *, #5130, .F. );
#3556 = ORIENTED_EDGE( '', *, *, #4669, .T. );
#3557 = CARTESIAN_POINT( '', ( -11.9800000000000, -1.87459842646651, -2.80000000000000 ) );
#3558 = DIRECTION( '', ( 1.00000000000000, 3.22618734930235E-015, 0.000000000000000 ) );
#3559 = DIRECTION( '', ( -3.22618734930235E-015, 1.00000000000000, 0.000000000000000 ) );
#3560 = SURFACE_STYLE_FILL_AREA( #5131 );
#3561 = ORIENTED_EDGE( '', *, *, #5132, .F. );
#3562 = ORIENTED_EDGE( '', *, *, #5133, .F. );
#3563 = ORIENTED_EDGE( '', *, *, #5134, .F. );
#3564 = ORIENTED_EDGE( '', *, *, #5135, .T. );
#3565 = ORIENTED_EDGE( '', *, *, #5037, .F. );
#3566 = ORIENTED_EDGE( '', *, *, #5136, .T. );
#3567 = CARTESIAN_POINT( '', ( -4.31000000000000, -0.249999999999997, -49.2267907131480 ) );
#3568 = DIRECTION( '', ( 1.00000000000000, 0.000000000000000, 0.000000000000000 ) );
#3569 = DIRECTION( '', ( 0.000000000000000, 0.000000000000000, -1.00000000000000 ) );
#3570 = SURFACE_STYLE_FILL_AREA( #5137 );
#3571 = ORIENTED_EDGE( '', *, *, #4817, .F. );
#3572 = ORIENTED_EDGE( '', *, *, #4607, .T. );
#3573 = ORIENTED_EDGE( '', *, *, #4790, .T. );
#3574 = ORIENTED_EDGE( '', *, *, #5138, .F. );
#3575 = ORIENTED_EDGE( '', *, *, #5139, .T. );
#3576 = ORIENTED_EDGE( '', *, *, #5140, .F. );
#3577 = CARTESIAN_POINT( '', ( 4.31000000000000, 0.750000000000000, -49.2267907131480 ) );
#3578 = DIRECTION( '', ( -1.00000000000000, 0.000000000000000, 0.000000000000000 ) );
#3579 = DIRECTION( '', ( 0.000000000000000, 0.000000000000000, 1.00000000000000 ) );
#3580 = SURFACE_STYLE_FILL_AREA( #5141 );
#3581 = ORIENTED_EDGE( '', *, *, #4595, .T. );
#3582 = ORIENTED_EDGE( '', *, *, #5142, .T. );
#3583 = CARTESIAN_POINT( '', ( -3.81000000000000, 0.250000000000004, -1.20000000000000 ) );
#3584 = DIRECTION( '', ( -0.000000000000000, -0.000000000000000, 1.00000000000000 ) );
#3585 = DIRECTION( '', ( -1.00000000000000, 0.000000000000000, 0.000000000000000 ) );
#3586 = SURFACE_STYLE_FILL_AREA( #5143 );
#3587 = ORIENTED_EDGE( '', *, *, #5144, .F. );
#3588 = ORIENTED_EDGE( '', *, *, #5145, .T. );
#3589 = ORIENTED_EDGE( '', *, *, #4758, .F. );
#3590 = ORIENTED_EDGE( '', *, *, #5146, .T. );
#3591 = ORIENTED_EDGE( '', *, *, #4538, .T. );
#3592 = ORIENTED_EDGE( '', *, *, #5147, .T. );
#3593 = ORIENTED_EDGE( '', *, *, #5031, .F. );
#3594 = ORIENTED_EDGE( '', *, *, #4531, .F. );
#3595 = CARTESIAN_POINT( '', ( 20.5250000000000, 3.65000000000000, -2.60000000000000 ) );
#3596 = DIRECTION( '', ( 0.000000000000000, 1.00000000000000, 0.000000000000000 ) );
#3597 = DIRECTION( '', ( 0.000000000000000, 0.000000000000000, 1.00000000000000 ) );
#3598 = SURFACE_STYLE_FILL_AREA( #5148 );
#3599 = ORIENTED_EDGE( '', *, *, #4952, .F. );
#3600 = ORIENTED_EDGE( '', *, *, #4549, .T. );
#3601 = ORIENTED_EDGE( '', *, *, #5149, .F. );
#3602 = ORIENTED_EDGE( '', *, *, #5100, .F. );
#3603 = CARTESIAN_POINT( '', ( 22.8600000000000, -4.45000000000000, 4.70000000000000 ) );
#3604 = DIRECTION( '', ( 0.000000000000000, -0.955779008721950, 0.294085848837523 ) );
#3605 = DIRECTION( '', ( 0.000000000000000, -0.294085848837523, -0.955779008721950 ) );
#3606 = SURFACE_STYLE_FILL_AREA( #5150 );
#3607 = ORIENTED_EDGE( '', *, *, #5151, .F. );
#3608 = ORIENTED_EDGE( '', *, *, #4695, .T. );
#3609 = ORIENTED_EDGE( '', *, *, #5126, .F. );
#3610 = ORIENTED_EDGE( '', *, *, #4901, .F. );
#3611 = CARTESIAN_POINT( '', ( -19.5500000000000, 0.750000000000000, -49.2267467147214 ) );
#3612 = DIRECTION( '', ( 0.000000000000000, -1.00000000000000, 0.000000000000000 ) );
#3613 = DIRECTION( '', ( 0.000000000000000, 0.000000000000000, -1.00000000000000 ) );
#3614 = SURFACE_STYLE_FILL_AREA( #5152 );
#3615 = ORIENTED_EDGE( '', *, *, #4574, .T. );
#3616 = ORIENTED_EDGE( '', *, *, #5026, .F. );
#3617 = ORIENTED_EDGE( '', *, *, #5153, .F. );
#3618 = ORIENTED_EDGE( '', *, *, #4479, .T. );
#3619 = CARTESIAN_POINT( '', ( 2.66080314706699, 1.77540157353349, -2.80000000000000 ) );
#3620 = DIRECTION( '', ( 0.707106781186546, -0.707106781186549, 0.000000000000000 ) );
#3621 = DIRECTION( '', ( 0.707106781186549, 0.707106781186546, 0.000000000000000 ) );
#3622 = SURFACE_STYLE_FILL_AREA( #5154 );
#3623 = ORIENTED_EDGE( '', *, *, #4755, .T. );
#3624 = ORIENTED_EDGE( '', *, *, #5155, .F. );
#3625 = ORIENTED_EDGE( '', *, *, #4616, .F. );
#3626 = ORIENTED_EDGE( '', *, *, #5156, .F. );
#3627 = ORIENTED_EDGE( '', *, *, #4958, .T. );
#3628 = ORIENTED_EDGE( '', *, *, #5157, .F. );
#3629 = ORIENTED_EDGE( '', *, *, #4879, .T. );
#3630 = ORIENTED_EDGE( '', *, *, #4504, .T. );
#3631 = CARTESIAN_POINT( '', ( 12.9050000000000, -2.65000000000000, -5.60000000000000 ) );
#3632 = DIRECTION( '', ( 0.000000000000000, 0.000000000000000, 1.00000000000000 ) );
#3633 = DIRECTION( '', ( 1.00000000000000, 0.000000000000000, 0.000000000000000 ) );
#3634 = SURFACE_STYLE_FILL_AREA( #5158 );
#3635 = ORIENTED_EDGE( '', *, *, #4594, .T. );
#3636 = ORIENTED_EDGE( '', *, *, #5132, .T. );
#3637 = ORIENTED_EDGE( '', *, *, #5159, .T. );
#3638 = ORIENTED_EDGE( '', *, *, #4846, .T. );
#3639 = ORIENTED_EDGE( '', *, *, #5160, .T. );
#3640 = CARTESIAN_POINT( '', ( -3.81000000000000, 0.250000000000004, -1.20000000000000 ) );
#3641 = DIRECTION( '', ( 0.000000000000000, 0.000000000000000, -1.00000000000000 ) );
#3642 = DIRECTION( '', ( -1.00000000000000, 0.000000000000000, 0.000000000000000 ) );
#3643 = SURFACE_STYLE_FILL_AREA( #5161 );
#3644 = ORIENTED_EDGE( '', *, *, #5075, .T. );
#3645 = ORIENTED_EDGE( '', *, *, #4890, .F. );
#3646 = ORIENTED_EDGE( '', *, *, #5162, .F. );
#3647 = ORIENTED_EDGE( '', *, *, #5163, .T. );
#3648 = CARTESIAN_POINT( '', ( 21.1745984264665, -0.299999999999996, -2.80000000000000 ) );
#3649 = DIRECTION( '', ( 1.67789523698512E-015, 1.00000000000000, 0.000000000000000 ) );
#3650 = DIRECTION( '', ( -1.00000000000000, 1.67789523698512E-015, 0.000000000000000 ) );
#3651 = SURFACE_STYLE_FILL_AREA( #5164 );
#3652 = ORIENTED_EDGE( '', *, *, #5155, .T. );
#3653 = ORIENTED_EDGE( '', *, *, #4754, .F. );
#3654 = ORIENTED_EDGE( '', *, *, #4509, .F. );
#3655 = ORIENTED_EDGE( '', *, *, #4880, .F. );
#3656 = ORIENTED_EDGE( '', *, *, #5157, .T. );
#3657 = ORIENTED_EDGE( '', *, *, #4960, .T. );
#3658 = ORIENTED_EDGE( '', *, *, #4703, .T. );
#3659 = ORIENTED_EDGE( '', *, *, #4617, .F. );
#3660 = CARTESIAN_POINT( '', ( 12.9050000000000, 3.65000000000000, -6.00000000000000 ) );
#3661 = DIRECTION( '', ( 0.000000000000000, -1.00000000000000, 0.000000000000000 ) );
#3662 = DIRECTION( '', ( 0.000000000000000, 0.000000000000000, -1.00000000000000 ) );
#3663 = SURFACE_STYLE_FILL_AREA( #5165 );
#3664 = ORIENTED_EDGE( '', *, *, #5166, .T. );
#3665 = ORIENTED_EDGE( '', *, *, #5167, .F. );
#3666 = ORIENTED_EDGE( '', *, *, #5168, .F. );
#3667 = ORIENTED_EDGE( '', *, *, #4875, .T. );
#3668 = CARTESIAN_POINT( '', ( 3.26000000000000, -1.87459842646651, -2.80000000000000 ) );
#3669 = DIRECTION( '', ( 1.00000000000000, 3.22618734930235E-015, 0.000000000000000 ) );
#3670 = DIRECTION( '', ( -3.22618734930235E-015, 1.00000000000000, 0.000000000000000 ) );
#3671 = SURFACE_STYLE_FILL_AREA( #5169 );
#3672 = ORIENTED_EDGE( '', *, *, #4951, .F. );
#3673 = ORIENTED_EDGE( '', *, *, #5170, .F. );
#3674 = ORIENTED_EDGE( '', *, *, #4969, .F. );
#3675 = ORIENTED_EDGE( '', *, *, #5121, .F. );
#3676 = ORIENTED_EDGE( '', *, *, #5085, .F. );
#3677 = ORIENTED_EDGE( '', *, *, #5010, .F. );
#3678 = ORIENTED_EDGE( '', *, *, #5171, .F. );
#3679 = ORIENTED_EDGE( '', *, *, #4739, .F. );
#3680 = ORIENTED_EDGE( '', *, *, #4892, .F. );
#3681 = ORIENTED_EDGE( '', *, *, #5074, .T. );
#3682 = ORIENTED_EDGE( '', *, *, #5090, .F. );
#3683 = ORIENTED_EDGE( '', *, *, #5172, .F. );
#3684 = ORIENTED_EDGE( '', *, *, #5173, .T. );
#3685 = ORIENTED_EDGE( '', *, *, #5174, .T. );
#3686 = ORIENTED_EDGE( '', *, *, #5002, .F. );
#3687 = ORIENTED_EDGE( '', *, *, #5175, .F. );
#3688 = ORIENTED_EDGE( '', *, *, #4582, .T. );
#3689 = ORIENTED_EDGE( '', *, *, #5176, .T. );
#3690 = ORIENTED_EDGE( '', *, *, #4915, .F. );
#3691 = ORIENTED_EDGE( '', *, *, #5177, .F. );
#3692 = ORIENTED_EDGE( '', *, *, #5167, .T. );
#3693 = ORIENTED_EDGE( '', *, *, #5178, .T. );
#3694 = ORIENTED_EDGE( '', *, *, #5080, .F. );
#3695 = ORIENTED_EDGE( '', *, *, #5179, .F. );
#3696 = ORIENTED_EDGE( '', *, *, #4498, .T. );
#3697 = ORIENTED_EDGE( '', *, *, #5180, .T. );
#3698 = ORIENTED_EDGE( '', *, *, #4628, .F. );
#3699 = ORIENTED_EDGE( '', *, *, #5181, .F. );
#3700 = ORIENTED_EDGE( '', *, *, #5129, .T. );
#3701 = ORIENTED_EDGE( '', *, *, #5182, .T. );
#3702 = ORIENTED_EDGE( '', *, *, #5058, .F. );
#3703 = ORIENTED_EDGE( '', *, *, #5183, .F. );
#3704 = ORIENTED_EDGE( '', *, *, #5184, .T. );
#3705 = ORIENTED_EDGE( '', *, *, #5185, .T. );
#3706 = ORIENTED_EDGE( '', *, *, #5049, .T. );
#3707 = ORIENTED_EDGE( '', *, *, #4727, .F. );
#3708 = ORIENTED_EDGE( '', *, *, #5186, .F. );
#3709 = ORIENTED_EDGE( '', *, *, #4917, .F. );
#3710 = ORIENTED_EDGE( '', *, *, #4635, .F. );
#3711 = ORIENTED_EDGE( '', *, *, #4674, .F. );
#3712 = ORIENTED_EDGE( '', *, *, #4770, .F. );
#3713 = ORIENTED_EDGE( '', *, *, #5187, .F. );
#3714 = ORIENTED_EDGE( '', *, *, #5095, .F. );
#3715 = ORIENTED_EDGE( '', *, *, #4552, .F. );
#3716 = ORIENTED_EDGE( '', *, *, #5188, .F. );
#3717 = ORIENTED_EDGE( '', *, *, #5065, .F. );
#3718 = ORIENTED_EDGE( '', *, *, #4483, .F. );
#3719 = ORIENTED_EDGE( '', *, *, #4489, .F. );
#3720 = ORIENTED_EDGE( '', *, *, #4910, .F. );
#3721 = ORIENTED_EDGE( '', *, *, #4821, .F. );
#3722 = ORIENTED_EDGE( '', *, *, #5189, .F. );
#3723 = ORIENTED_EDGE( '', *, *, #4547, .F. );
#3724 = CARTESIAN_POINT( '', ( -14.3300000000000, -2.95000000000000, -5.20000000000000 ) );
#3725 = DIRECTION( '', ( -1.70740499604017E-016, 1.00000000000000, 0.000000000000000 ) );
#3726 = DIRECTION( '', ( -1.00000000000000, -1.70740499604017E-016, 0.000000000000000 ) );
#3727 = SURFACE_STYLE_FILL_AREA( #5190 );
#3728 = ORIENTED_EDGE( '', *, *, #5191, .T. );
#3729 = ORIENTED_EDGE( '', *, *, #4965, .F. );
#3730 = ORIENTED_EDGE( '', *, *, #5192, .F. );
#3731 = ORIENTED_EDGE( '', *, *, #5193, .T. );
#3732 = CARTESIAN_POINT( '', ( -9.30540157353349, 0.800000000000000, -2.80000000000000 ) );
#3733 = DIRECTION( '', ( -0.707106781186546, -0.707106781186549, 0.000000000000000 ) );
#3734 = DIRECTION( '', ( 0.707106781186549, -0.707106781186546, 0.000000000000000 ) );
#3735 = SURFACE_STYLE_FILL_AREA( #5194 );
#3736 = ORIENTED_EDGE( '', *, *, #4507, .F. );
#3737 = ORIENTED_EDGE( '', *, *, #4753, .T. );
#3738 = ORIENTED_EDGE( '', *, *, #5195, .F. );
#3739 = ORIENTED_EDGE( '', *, *, #4881, .F. );
#3740 = CARTESIAN_POINT( '', ( 10.9300000000000, 0.750000000000000, -49.2267907131480 ) );
#3741 = DIRECTION( '', ( 0.000000000000000, -1.00000000000000, 0.000000000000000 ) );
#3742 = DIRECTION( '', ( 0.000000000000000, 0.000000000000000, -1.00000000000000 ) );
#3743 = SURFACE_STYLE_FILL_AREA( #5196 );
#3744 = ORIENTED_EDGE( '', *, *, #5197, .F. );
#3745 = ORIENTED_EDGE( '', *, *, #5198, .F. );
#3746 = CARTESIAN_POINT( '', ( 3.81000000000000, 0.250000000000004, -1.70000000000000 ) );
#3747 = DIRECTION( '', ( 0.000000000000000, 0.000000000000000, -1.00000000000000 ) );
#3748 = DIRECTION( '', ( -1.00000000000000, 0.000000000000000, 0.000000000000000 ) );
#3749 = SURFACE_STYLE_FILL_AREA( #5199 );
#3750 = ORIENTED_EDGE( '', *, *, #4942, .T. );
#3751 = ORIENTED_EDGE( '', *, *, #5200, .F. );
#3752 = ORIENTED_EDGE( '', *, *, #5201, .F. );
#3753 = ORIENTED_EDGE( '', *, *, #5202, .T. );
#3754 = CARTESIAN_POINT( '', ( 4.95919685293301, 1.77540157353350, -2.80000000000000 ) );
#3755 = DIRECTION( '', ( -1.00000000000000, 5.56338675033047E-015, 0.000000000000000 ) );
#3756 = DIRECTION( '', ( -5.56338675033047E-015, -1.00000000000000, 0.000000000000000 ) );
#3757 = SURFACE_STYLE_FILL_AREA( #5203 );
#3758 = ORIENTED_EDGE( '', *, *, #5204, .T. );
#3759 = ORIENTED_EDGE( '', *, *, #5106, .F. );
#3760 = ORIENTED_EDGE( '', *, *, #5205, .F. );
#3761 = ORIENTED_EDGE( '', *, *, #4683, .T. );
#3762 = CARTESIAN_POINT( '', ( 20.1991968529330, 1.77540157353349, -2.80000000000000 ) );
#3763 = DIRECTION( '', ( -1.00000000000000, -2.78169337516524E-015, 0.000000000000000 ) );
#3764 = DIRECTION( '', ( 2.78169337516524E-015, -1.00000000000000, 0.000000000000000 ) );
#3765 = SURFACE_STYLE_FILL_AREA( #5206 );
#3766 = ORIENTED_EDGE( '', *, *, #4710, .F. );
#3767 = ORIENTED_EDGE( '', *, *, #4838, .F. );
#3768 = CARTESIAN_POINT( '', ( -11.4300000000000, 0.250000000000004, -1.70000000000000 ) );
#3769 = DIRECTION( '', ( 0.000000000000000, 0.000000000000000, -1.00000000000000 ) );
#3770 = DIRECTION( '', ( -1.00000000000000, 0.000000000000000, 0.000000000000000 ) );
#3771 = SURFACE_STYLE_FILL_AREA( #5207 );
#3772 = ORIENTED_EDGE( '', *, *, #5113, .T. );
#3773 = ORIENTED_EDGE( '', *, *, #5071, .F. );
#3774 = ORIENTED_EDGE( '', *, *, #5208, .F. );
#3775 = ORIENTED_EDGE( '', *, *, #5209, .T. );
#3776 = CARTESIAN_POINT( '', ( -14.3300000000000, 0.800000000000000, -2.80000000000000 ) );
#3777 = DIRECTION( '', ( -8.77253287289868E-016, -1.00000000000000, 0.000000000000000 ) );
#3778 = DIRECTION( '', ( 1.00000000000000, -8.77253287289868E-016, 0.000000000000000 ) );
#3779 = SURFACE_STYLE_FILL_AREA( #5210 );
#3780 = ORIENTED_EDGE( '', *, *, #5211, .F. );
#3781 = ORIENTED_EDGE( '', *, *, #5139, .F. );
#3782 = ORIENTED_EDGE( '', *, *, #5212, .F. );
#3783 = ORIENTED_EDGE( '', *, *, #4985, .T. );
#3784 = CARTESIAN_POINT( '', ( 4.31000000000000, -0.249999999999997, -49.2267907131480 ) );
#3785 = DIRECTION( '', ( 0.000000000000000, 1.00000000000000, 0.000000000000000 ) );
#3786 = DIRECTION( '', ( 0.000000000000000, 0.000000000000000, 1.00000000000000 ) );
#3787 = SURFACE_STYLE_FILL_AREA( #5213 );
#3788 = ORIENTED_EDGE( '', *, *, #4748, .F. );
#3789 = ORIENTED_EDGE( '', *, *, #5050, .F. );
#3790 = ORIENTED_EDGE( '', *, *, #5185, .F. );
#3791 = ORIENTED_EDGE( '', *, *, #5214, .F. );
#3792 = ORIENTED_EDGE( '', *, *, #4991, .F. );
#3793 = CARTESIAN_POINT( '', ( -19.0500000000000, 0.231944444444447, -5.20000000000000 ) );
#3794 = DIRECTION( '', ( 0.000000000000000, 0.000000000000000, -1.00000000000000 ) );
#3795 = DIRECTION( '', ( -1.00000000000000, 0.000000000000000, 0.000000000000000 ) );
#3796 = SURFACE_STYLE_FILL_AREA( #5215 );
#3797 = ORIENTED_EDGE( '', *, *, #4939, .T. );
#3798 = ORIENTED_EDGE( '', *, *, #4978, .F. );
#3799 = ORIENTED_EDGE( '', *, *, #5216, .F. );
#3800 = ORIENTED_EDGE( '', *, *, #4719, .T. );
#3801 = CARTESIAN_POINT( '', ( 10.2808031470670, 3.02264434404465, -2.80000000000000 ) );
#3802 = DIRECTION( '', ( 1.00000000000000, -2.78169337516524E-015, 0.000000000000000 ) );
#3803 = DIRECTION( '', ( 2.78169337516524E-015, 1.00000000000000, 0.000000000000000 ) );
#3804 = SURFACE_STYLE_FILL_AREA( #5217 );
#3805 = ORIENTED_EDGE( '', *, *, #5218, .T. );
#3806 = ORIENTED_EDGE( '', *, *, #4584, .F. );
#3807 = ORIENTED_EDGE( '', *, *, #5219, .F. );
#3808 = ORIENTED_EDGE( '', *, *, #5220, .T. );
#3809 = CARTESIAN_POINT( '', ( 9.30540157353349, -0.299999999999996, -2.80000000000000 ) );
#3810 = DIRECTION( '', ( 0.707106781186546, 0.707106781186549, 0.000000000000000 ) );
#3811 = DIRECTION( '', ( -0.707106781186549, 0.707106781186546, 0.000000000000000 ) );
#3812 = SURFACE_STYLE_FILL_AREA( #5221 );
#3813 = ORIENTED_EDGE( '', *, *, #4936, .F. );
#3814 = ORIENTED_EDGE( '', *, *, #5222, .F. );
#3815 = ORIENTED_EDGE( '', *, *, #4826, .F. );
#3816 = ORIENTED_EDGE( '', *, *, #4612, .F. );
#3817 = CARTESIAN_POINT( '', ( -0.250000000000000, 0.000000000000000, -7.37500000000000 ) );
#3818 = DIRECTION( '', ( 0.970142500145332, -0.000000000000000, 0.242535625036333 ) );
#3819 = DIRECTION( '', ( 0.000000000000000, 1.00000000000000, 0.000000000000000 ) );
#3820 = SURFACE_STYLE_FILL_AREA( #5223 );
#3821 = ORIENTED_EDGE( '', *, *, #5189, .T. );
#3822 = ORIENTED_EDGE( '', *, *, #4824, .T. );
#3823 = ORIENTED_EDGE( '', *, *, #5149, .T. );
#3824 = ORIENTED_EDGE( '', *, *, #4548, .F. );
#3825 = CARTESIAN_POINT( '', ( 4.41000000000000, 43.5767907131480, 4.70000000000000 ) );
#3826 = DIRECTION( '', ( 0.970142500145332, 0.000000000000000, -0.242535625036332 ) );
#3827 = DIRECTION( '', ( -0.242535625036332, 0.000000000000000, -0.970142500145332 ) );
#3828 = SURFACE_STYLE_FILL_AREA( #5224 );
#3829 = ORIENTED_EDGE( '', *, *, #5225, .T. );
#3830 = ORIENTED_EDGE( '', *, *, #5193, .F. );
#3831 = ORIENTED_EDGE( '', *, *, #5226, .F. );
#3832 = ORIENTED_EDGE( '', *, *, #4834, .T. );
#3833 = CARTESIAN_POINT( '', ( -6.71000000000000, 0.800000000000000, -2.80000000000000 ) );
#3834 = DIRECTION( '', ( -8.77253287289868E-016, -1.00000000000000, 0.000000000000000 ) );
#3835 = DIRECTION( '', ( 1.00000000000000, -8.77253287289868E-016, 0.000000000000000 ) );
#3836 = SURFACE_STYLE_FILL_AREA( #5227 );
#3837 = ORIENTED_EDGE( '', *, *, #4808, .F. );
#3838 = ORIENTED_EDGE( '', *, *, #5040, .F. );
#3839 = ORIENTED_EDGE( '', *, *, #4988, .F. );
#3840 = ORIENTED_EDGE( '', *, *, #5228, .F. );
#3841 = CARTESIAN_POINT( '', ( -0.500000000000000, -0.500000000000000, 6.37500000000000 ) );
#3842 = DIRECTION( '', ( -0.970142500145332, 0.000000000000000, 0.242535625036333 ) );
#3843 = DIRECTION( '', ( 0.000000000000000, -1.00000000000000, 0.000000000000000 ) );
#3844 = SURFACE_STYLE_FILL_AREA( #5229 );
#3845 = ORIENTED_EDGE( '', *, *, #4565, .T. );
#3846 = ORIENTED_EDGE( '', *, *, #4725, .T. );
#3847 = ORIENTED_EDGE( '', *, *, #4777, .T. );
#3848 = ORIENTED_EDGE( '', *, *, #4648, .T. );
#3849 = ORIENTED_EDGE( '', *, *, #5008, .T. );
#3850 = ORIENTED_EDGE( '', *, *, #4677, .T. );
#3851 = ORIENTED_EDGE( '', *, *, #5098, .T. );
#3852 = CARTESIAN_POINT( '', ( -22.8600000000000, 0.000000000000000, 0.000000000000000 ) );
#3853 = DIRECTION( '', ( -1.00000000000000, 0.000000000000000, 0.000000000000000 ) );
#3854 = DIRECTION( '', ( 0.000000000000000, 0.000000000000000, 1.00000000000000 ) );
#3855 = SURFACE_STYLE_FILL_AREA( #5230 );
#3856 = ORIENTED_EDGE( '', *, *, #4572, .T. );
#3857 = ORIENTED_EDGE( '', *, *, #5231, .F. );
#3858 = ORIENTED_EDGE( '', *, *, #5232, .F. );
#3859 = ORIENTED_EDGE( '', *, *, #5024, .T. );
#3860 = CARTESIAN_POINT( '', ( -1.68540157353350, 0.800000000000000, -2.80000000000000 ) );
#3861 = DIRECTION( '', ( -0.707106781186546, -0.707106781186549, 0.000000000000000 ) );
#3862 = DIRECTION( '', ( 0.707106781186549, -0.707106781186546, 0.000000000000000 ) );
#3863 = SURFACE_STYLE_FILL_AREA( #5233 );
#3864 = ORIENTED_EDGE( '', *, *, #4737, .F. );
#3865 = ORIENTED_EDGE( '', *, *, #5104, .F. );
#3866 = ORIENTED_EDGE( '', *, *, #5234, .T. );
#3867 = ORIENTED_EDGE( '', *, *, #4893, .T. );
#3868 = CARTESIAN_POINT( '', ( 21.2000000000000, 2.35000000000000, -5.20000000000000 ) );
#3869 = DIRECTION( '', ( 0.000000000000000, -1.00000000000000, 0.000000000000000 ) );
#3870 = DIRECTION( '', ( 0.000000000000000, 0.000000000000000, -1.00000000000000 ) );
#3871 = SURFACE_STYLE_FILL_AREA( #5235 );
#3872 = ORIENTED_EDGE( '', *, *, #5138, .T. );
#3873 = ORIENTED_EDGE( '', *, *, #4789, .F. );
#3874 = ORIENTED_EDGE( '', *, *, #4558, .F. );
#3875 = ORIENTED_EDGE( '', *, *, #5236, .F. );
#3876 = ORIENTED_EDGE( '', *, *, #4863, .T. );
#3877 = ORIENTED_EDGE( '', *, *, #4792, .F. );
#3878 = ORIENTED_EDGE( '', *, *, #4986, .T. );
#3879 = ORIENTED_EDGE( '', *, *, #5212, .T. );
#3880 = CARTESIAN_POINT( '', ( 5.28500000000000, -2.65000000000000, -5.60000000000000 ) );
#3881 = DIRECTION( '', ( 0.000000000000000, 0.000000000000000, 1.00000000000000 ) );
#3882 = DIRECTION( '', ( 1.00000000000000, 0.000000000000000, 0.000000000000000 ) );
#3883 = SURFACE_STYLE_FILL_AREA( #5237 );
#3884 = ORIENTED_EDGE( '', *, *, #4999, .F. );
#3885 = ORIENTED_EDGE( '', *, *, #5174, .F. );
#3886 = ORIENTED_EDGE( '', *, *, #5238, .F. );
#3887 = ORIENTED_EDGE( '', *, *, #4812, .F. );
#3888 = ORIENTED_EDGE( '', *, *, #5017, .F. );
#3889 = ORIENTED_EDGE( '', *, *, #5239, .F. );
#3890 = CARTESIAN_POINT( '', ( -19.0500000000000, 0.231944444444447, -5.20000000000000 ) );
#3891 = DIRECTION( '', ( 0.000000000000000, 0.000000000000000, -1.00000000000000 ) );
#3892 = DIRECTION( '', ( -1.00000000000000, 0.000000000000000, 0.000000000000000 ) );
#3893 = SURFACE_STYLE_FILL_AREA( #5240 );
#3894 = ORIENTED_EDGE( '', *, *, #4578, .F. );
#3895 = ORIENTED_EDGE( '', *, *, #4806, .T. );
#3896 = ORIENTED_EDGE( '', *, *, #5241, .T. );
#3897 = ORIENTED_EDGE( '', *, *, #4707, .T. );
#3898 = CARTESIAN_POINT( '', ( 0.500000000000000, 0.500000000000000, 7.37500000000000 ) );
#3899 = DIRECTION( '', ( 1.00000000000000, 0.000000000000000, 0.000000000000000 ) );
#3900 = DIRECTION( '', ( 0.000000000000000, 0.000000000000000, -1.00000000000000 ) );
#3901 = SURFACE_STYLE_FILL_AREA( #5242 );
#3902 = ORIENTED_EDGE( '', *, *, #4644, .T. );
#3903 = ORIENTED_EDGE( '', *, *, #4760, .T. );
#3904 = ORIENTED_EDGE( '', *, *, #5243, .T. );
#3905 = ORIENTED_EDGE( '', *, *, #4536, .T. );
#3906 = CARTESIAN_POINT( '', ( 19.0500000000000, -2.65000000000000, -5.80000000000000 ) );
#3907 = DIRECTION( '', ( 0.000000000000000, -1.00000000000000, 1.08420217248551E-015 ) );
#3908 = DIRECTION( '', ( 0.000000000000000, -1.08420217248551E-015, -1.00000000000000 ) );
#3909 = SURFACE_STYLE_FILL_AREA( #5244 );
#3910 = ORIENTED_EDGE( '', *, *, #5186, .T. );
#3911 = ORIENTED_EDGE( '', *, *, #4726, .T. );
#3912 = ORIENTED_EDGE( '', *, *, #4563, .T. );
#3913 = ORIENTED_EDGE( '', *, *, #4918, .F. );
#3914 = CARTESIAN_POINT( '', ( -19.9750000000000, 43.5767907131480, 6.00000000000000 ) );
#3915 = DIRECTION( '', ( -0.970142500145332, 0.000000000000000, -0.242535625036332 ) );
#3916 = DIRECTION( '', ( -0.242535625036332, 0.000000000000000, 0.970142500145332 ) );
#3917 = SURFACE_STYLE_FILL_AREA( #5245 );
#3918 = ORIENTED_EDGE( '', *, *, #4661, .T. );
#3919 = ORIENTED_EDGE( '', *, *, #4864, .T. );
#3920 = ORIENTED_EDGE( '', *, *, #5236, .T. );
#3921 = ORIENTED_EDGE( '', *, *, #4557, .T. );
#3922 = CARTESIAN_POINT( '', ( 3.81000000000000, -2.65000000000000, -5.80000000000000 ) );
#3923 = DIRECTION( '', ( 0.000000000000000, -1.00000000000000, 1.08420217248551E-015 ) );
#3924 = DIRECTION( '', ( 0.000000000000000, -1.08420217248551E-015, -1.00000000000000 ) );
#3925 = SURFACE_STYLE_FILL_AREA( #5246 );
#3926 = ORIENTED_EDGE( '', *, *, #5042, .T. );
#3927 = ORIENTED_EDGE( '', *, *, #4697, .F. );
#3928 = ORIENTED_EDGE( '', *, *, #5247, .F. );
#3929 = ORIENTED_EDGE( '', *, *, #4899, .F. );
#3930 = ORIENTED_EDGE( '', *, *, #5045, .T. );
#3931 = ORIENTED_EDGE( '', *, *, #4527, .T. );
#3932 = ORIENTED_EDGE( '', *, *, #4934, .T. );
#3933 = ORIENTED_EDGE( '', *, *, #5119, .F. );
#3934 = CARTESIAN_POINT( '', ( -17.5750000000000, 3.65000000000000, -6.00000000000000 ) );
#3935 = DIRECTION( '', ( 0.000000000000000, -1.00000000000000, 0.000000000000000 ) );
#3936 = DIRECTION( '', ( 0.000000000000000, 0.000000000000000, -1.00000000000000 ) );
#3937 = SURFACE_STYLE_FILL_AREA( #5248 );
#3938 = ORIENTED_EDGE( '', *, *, #5249, .T. );
#3939 = ORIENTED_EDGE( '', *, *, #4843, .F. );
#3940 = ORIENTED_EDGE( '', *, *, #5038, .F. );
#3941 = ORIENTED_EDGE( '', *, *, #5135, .F. );
#3942 = ORIENTED_EDGE( '', *, *, #5250, .T. );
#3943 = ORIENTED_EDGE( '', *, *, #4926, .T. );
#3944 = ORIENTED_EDGE( '', *, *, #4689, .T. );
#3945 = ORIENTED_EDGE( '', *, *, #4905, .F. );
#3946 = CARTESIAN_POINT( '', ( -2.33500000000000, 3.65000000000000, -6.00000000000000 ) );
#3947 = DIRECTION( '', ( 0.000000000000000, -1.00000000000000, 0.000000000000000 ) );
#3948 = DIRECTION( '', ( 0.000000000000000, 0.000000000000000, -1.00000000000000 ) );
#3949 = SURFACE_STYLE_FILL_AREA( #5251 );
#3950 = ORIENTED_EDGE( '', *, *, #5036, .F. );
#3951 = ORIENTED_EDGE( '', *, *, #4841, .T. );
#3952 = ORIENTED_EDGE( '', *, *, #5159, .F. );
#3953 = ORIENTED_EDGE( '', *, *, #5136, .F. );
#3954 = CARTESIAN_POINT( '', ( -4.31000000000000, 0.750000000000000, -49.2267907131480 ) );
#3955 = DIRECTION( '', ( 0.000000000000000, -1.00000000000000, 0.000000000000000 ) );
#3956 = DIRECTION( '', ( 0.000000000000000, 0.000000000000000, -1.00000000000000 ) );
#3957 = SURFACE_STYLE_FILL_AREA( #5252 );
#3958 = ORIENTED_EDGE( '', *, *, #4571, .T. );
#3959 = ORIENTED_EDGE( '', *, *, #4592, .F. );
#3960 = ORIENTED_EDGE( '', *, *, #5253, .F. );
#3961 = ORIENTED_EDGE( '', *, *, #5231, .T. );
#3962 = CARTESIAN_POINT( '', ( -2.66080314706699, 1.77540157353350, -2.80000000000000 ) );
#3963 = DIRECTION( '', ( -1.00000000000000, 5.56338675033047E-015, 0.000000000000000 ) );
#3964 = DIRECTION( '', ( -5.56338675033047E-015, -1.00000000000000, 0.000000000000000 ) );
#3965 = SURFACE_STYLE_FILL_AREA( #5254 );
#3966 = ORIENTED_EDGE( '', *, *, #5239, .T. );
#3967 = ORIENTED_EDGE( '', *, *, #5016, .F. );
#3968 = ORIENTED_EDGE( '', *, *, #5255, .F. );
#3969 = ORIENTED_EDGE( '', *, *, #5000, .T. );
#3970 = CARTESIAN_POINT( '', ( 11.9800000000000, -1.87459842646651, -2.80000000000000 ) );
#3971 = DIRECTION( '', ( -0.707106781186548, 0.707106781186547, 0.000000000000000 ) );
#3972 = DIRECTION( '', ( -0.707106781186547, -0.707106781186548, 0.000000000000000 ) );
#3973 = SURFACE_STYLE_FILL_AREA( #5256 );
#3974 = ORIENTED_EDGE( '', *, *, #4641, .T. );
#3975 = ORIENTED_EDGE( '', *, *, #4959, .T. );
#3976 = ORIENTED_EDGE( '', *, *, #5156, .T. );
#3977 = ORIENTED_EDGE( '', *, *, #4615, .T. );
#3978 = CARTESIAN_POINT( '', ( 11.4300000000000, -2.65000000000000, -5.80000000000000 ) );
#3979 = DIRECTION( '', ( 0.000000000000000, -1.00000000000000, 1.08420217248551E-015 ) );
#3980 = DIRECTION( '', ( 0.000000000000000, -1.08420217248551E-015, -1.00000000000000 ) );
#3981 = SURFACE_STYLE_FILL_AREA( #5257 );
#3982 = ORIENTED_EDGE( '', *, *, #5082, .F. );
#3983 = ORIENTED_EDGE( '', *, *, #4995, .F. );
#3984 = ORIENTED_EDGE( '', *, *, #4980, .F. );
#3985 = ORIENTED_EDGE( '', *, *, #4625, .F. );
#3986 = ORIENTED_EDGE( '', *, *, #5180, .F. );
#3987 = ORIENTED_EDGE( '', *, *, #4497, .F. );
#3988 = CARTESIAN_POINT( '', ( -19.0500000000000, 0.231944444444447, -5.20000000000000 ) );
#3989 = DIRECTION( '', ( 0.000000000000000, 0.000000000000000, -1.00000000000000 ) );
#3990 = DIRECTION( '', ( -1.00000000000000, 0.000000000000000, 0.000000000000000 ) );
#3991 = SURFACE_STYLE_FILL_AREA( #5258 );
#3992 = ORIENTED_EDGE( '', *, *, #4911, .F. );
#3993 = ORIENTED_EDGE( '', *, *, #4490, .T. );
#3994 = ORIENTED_EDGE( '', *, *, #4485, .F. );
#3995 = ORIENTED_EDGE( '', *, *, #5101, .F. );
#3996 = CARTESIAN_POINT( '', ( 22.8600000000000, -4.45000000000000, 4.70000000000000 ) );
#3997 = DIRECTION( '', ( 0.000000000000000, -0.955779008721950, 0.294085848837523 ) );
#3998 = DIRECTION( '', ( 0.000000000000000, -0.294085848837523, -0.955779008721950 ) );
#3999 = SURFACE_STYLE_FILL_AREA( #5259 );
#4000 = ORIENTED_EDGE( '', *, *, #5204, .F. );
#4001 = ORIENTED_EDGE( '', *, *, #4682, .F. );
#4002 = ORIENTED_EDGE( '', *, *, #4921, .F. );
#4003 = ORIENTED_EDGE( '', *, *, #4894, .F. );
#4004 = ORIENTED_EDGE( '', *, *, #5234, .F. );
#4005 = ORIENTED_EDGE( '', *, *, #5107, .F. );
#4006 = CARTESIAN_POINT( '', ( 19.0500000000000, 0.231944444444447, -5.20000000000000 ) );
#4007 = DIRECTION( '', ( 0.000000000000000, 0.000000000000000, -1.00000000000000 ) );
#4008 = DIRECTION( '', ( -1.00000000000000, 0.000000000000000, 0.000000000000000 ) );
#4009 = SURFACE_STYLE_FILL_AREA( #5260 );
#4010 = ORIENTED_EDGE( '', *, *, #5261, .T. );
#4011 = ORIENTED_EDGE( '', *, *, #4671, .F. );
#4012 = ORIENTED_EDGE( '', *, *, #5262, .F. );
#4013 = ORIENTED_EDGE( '', *, *, #4744, .T. );
#4014 = CARTESIAN_POINT( '', ( -16.9254015735335, -0.299999999999995, -2.80000000000000 ) );
#4015 = DIRECTION( '', ( 7.51931389105601E-016, 1.00000000000000, 0.000000000000000 ) );
#4016 = DIRECTION( '', ( -1.00000000000000, 7.51931389105601E-016, 0.000000000000000 ) );
#4017 = SURFACE_STYLE_FILL_AREA( #5263 );
#4018 = ORIENTED_EDGE( '', *, *, #4943, .T. );
#4019 = ORIENTED_EDGE( '', *, *, #5202, .F. );
#4020 = ORIENTED_EDGE( '', *, *, #5264, .F. );
#4021 = ORIENTED_EDGE( '', *, *, #5265, .T. );
#4022 = CARTESIAN_POINT( '', ( 5.93459842646650, 0.800000000000000, -2.80000000000000 ) );
#4023 = DIRECTION( '', ( -0.707106781186546, -0.707106781186549, 0.000000000000000 ) );
#4024 = DIRECTION( '', ( 0.707106781186549, -0.707106781186546, 0.000000000000000 ) );
#4025 = SURFACE_STYLE_FILL_AREA( #5266 );
#4026 = ORIENTED_EDGE( '', *, *, #4650, .T. );
#4027 = ORIENTED_EDGE( '', *, *, #4523, .T. );
#4028 = ORIENTED_EDGE( '', *, *, #5044, .T. );
#4029 = ORIENTED_EDGE( '', *, *, #5118, .T. );
#4030 = CARTESIAN_POINT( '', ( -19.0500000000000, -2.65000000000000, -5.80000000000000 ) );
#4031 = DIRECTION( '', ( 0.000000000000000, -1.00000000000000, 1.08420217248551E-015 ) );
#4032 = DIRECTION( '', ( 0.000000000000000, -1.08420217248551E-015, -1.00000000000000 ) );
#4033 = SURFACE_STYLE_FILL_AREA( #5267 );
#4034 = ORIENTED_EDGE( '', *, *, #5268, .F. );
#4035 = ORIENTED_EDGE( '', *, *, #5054, .F. );
#4036 = ORIENTED_EDGE( '', *, *, #5269, .T. );
#4037 = ORIENTED_EDGE( '', *, *, #5144, .T. );
#4038 = ORIENTED_EDGE( '', *, *, #4530, .F. );
#4039 = ORIENTED_EDGE( '', *, *, #5110, .T. );
#4040 = CARTESIAN_POINT( '', ( 18.5500000000000, -0.249999999999997, -49.2267907131480 ) );
#4041 = DIRECTION( '', ( 1.00000000000000, 0.000000000000000, 0.000000000000000 ) );
#4042 = DIRECTION( '', ( 0.000000000000000, 0.000000000000000, -1.00000000000000 ) );
#4043 = SURFACE_STYLE_FILL_AREA( #5270 );
#4044 = ORIENTED_EDGE( '', *, *, #5271, .F. );
#4045 = ORIENTED_EDGE( '', *, *, #5272, .F. );
#4046 = CARTESIAN_POINT( '', ( 19.0500000000000, 0.250000000000004, -1.70000000000000 ) );
#4047 = DIRECTION( '', ( 0.000000000000000, 0.000000000000000, -1.00000000000000 ) );
#4048 = DIRECTION( '', ( -1.00000000000000, 0.000000000000000, 0.000000000000000 ) );
#4049 = SURFACE_STYLE_FILL_AREA( #5273 );
#4050 = ORIENTED_EDGE( '', *, *, #5272, .T. );
#4051 = ORIENTED_EDGE( '', *, *, #5274, .T. );
#4052 = CARTESIAN_POINT( '', ( 19.0500000000000, 0.250000000000004, -1.20000000000000 ) );
#4053 = DIRECTION( '', ( -0.000000000000000, -0.000000000000000, 1.00000000000000 ) );
#4054 = DIRECTION( '', ( -1.00000000000000, 0.000000000000000, 0.000000000000000 ) );
#4055 = SURFACE_STYLE_FILL_AREA( #5275 );
#4056 = ORIENTED_EDGE( '', *, *, #5214, .T. );
#4057 = ORIENTED_EDGE( '', *, *, #5184, .F. );
#4058 = ORIENTED_EDGE( '', *, *, #5276, .F. );
#4059 = ORIENTED_EDGE( '', *, *, #4992, .T. );
#4060 = CARTESIAN_POINT( '', ( -19.6000000000000, -1.87459842646651, -2.80000000000000 ) );
#4061 = DIRECTION( '', ( 1.00000000000000, 3.22618734930235E-015, 0.000000000000000 ) );
#4062 = DIRECTION( '', ( -3.22618734930235E-015, 1.00000000000000, 0.000000000000000 ) );
#4063 = SURFACE_STYLE_FILL_AREA( #5277 );
#4064 = ORIENTED_EDGE( '', *, *, #5278, .T. );
#4065 = ORIENTED_EDGE( '', *, *, #5220, .F. );
#4066 = ORIENTED_EDGE( '', *, *, #5279, .F. );
#4067 = ORIENTED_EDGE( '', *, *, #4799, .T. );
#4068 = CARTESIAN_POINT( '', ( 5.93459842646650, -0.299999999999995, -2.80000000000000 ) );
#4069 = DIRECTION( '', ( 7.51931389105601E-016, 1.00000000000000, 0.000000000000000 ) );
#4070 = DIRECTION( '', ( -1.00000000000000, 7.51931389105601E-016, 0.000000000000000 ) );
#4071 = SURFACE_STYLE_FILL_AREA( #5280 );
#4072 = ORIENTED_EDGE( '', *, *, #5160, .F. );
#4073 = ORIENTED_EDGE( '', *, *, #4845, .F. );
#4074 = ORIENTED_EDGE( '', *, *, #5281, .F. );
#4075 = ORIENTED_EDGE( '', *, *, #5133, .T. );
#4076 = CARTESIAN_POINT( '', ( -3.31000000000000, -0.249999999999997, -49.2267907131480 ) );
#4077 = DIRECTION( '', ( 0.000000000000000, 1.00000000000000, 0.000000000000000 ) );
#4078 = DIRECTION( '', ( 0.000000000000000, 0.000000000000000, 1.00000000000000 ) );
#4079 = SURFACE_STYLE_FILL_AREA( #5282 );
#4080 = ORIENTED_EDGE( '', *, *, #5197, .T. );
#4081 = ORIENTED_EDGE( '', *, *, #4984, .T. );
#4082 = ORIENTED_EDGE( '', *, *, #4818, .T. );
#4083 = ORIENTED_EDGE( '', *, *, #5140, .T. );
#4084 = ORIENTED_EDGE( '', *, *, #5211, .T. );
#4085 = CARTESIAN_POINT( '', ( 3.81000000000000, 0.250000000000004, -1.20000000000000 ) );
#4086 = DIRECTION( '', ( 0.000000000000000, 0.000000000000000, -1.00000000000000 ) );
#4087 = DIRECTION( '', ( -1.00000000000000, 0.000000000000000, 0.000000000000000 ) );
#4088 = SURFACE_STYLE_FILL_AREA( #5283 );
#4089 = ORIENTED_EDGE( '', *, *, #5284, .T. );
#4090 = ORIENTED_EDGE( '', *, *, #5285, .F. );
#4091 = ORIENTED_EDGE( '', *, *, #4830, .F. );
#4092 = ORIENTED_EDGE( '', *, *, #5286, .F. );
#4093 = ORIENTED_EDGE( '', *, *, #5287, .T. );
#4094 = ORIENTED_EDGE( '', *, *, #5288, .T. );
#4095 = ORIENTED_EDGE( '', *, *, #4907, .T. );
#4096 = ORIENTED_EDGE( '', *, *, #4600, .F. );
#4097 = CARTESIAN_POINT( '', ( -9.95500000000000, 3.65000000000000, -6.00000000000000 ) );
#4098 = DIRECTION( '', ( 0.000000000000000, -1.00000000000000, 0.000000000000000 ) );
#4099 = DIRECTION( '', ( 0.000000000000000, 0.000000000000000, -1.00000000000000 ) );
#4100 = SURFACE_STYLE_FILL_AREA( #5289 );
#4101 = ORIENTED_EDGE( '', *, *, #5290, .F. );
#4102 = ORIENTED_EDGE( '', *, *, #4774, .F. );
#4103 = ORIENTED_EDGE( '', *, *, #4653, .T. );
#4104 = ORIENTED_EDGE( '', *, *, #4785, .T. );
#4105 = ORIENTED_EDGE( '', *, *, #4908, .T. );
#4106 = ORIENTED_EDGE( '', *, *, #5288, .F. );
#4107 = CARTESIAN_POINT( '', ( -12.9050000000000, -2.65000000000000, -5.60000000000000 ) );
#4108 = DIRECTION( '', ( -1.00000000000000, 0.000000000000000, 0.000000000000000 ) );
#4109 = DIRECTION( '', ( 0.000000000000000, 0.000000000000000, 1.00000000000000 ) );
#4110 = SURFACE_STYLE_FILL_AREA( #5291 );
#4111 = ORIENTED_EDGE( '', *, *, #5292, .F. );
#4112 = ORIENTED_EDGE( '', *, *, #4589, .F. );
#4113 = ORIENTED_EDGE( '', *, *, #5293, .F. );
#4114 = ORIENTED_EDGE( '', *, *, #5294, .F. );
#4115 = ORIENTED_EDGE( '', *, *, #4962, .F. );
#4116 = ORIENTED_EDGE( '', *, *, #5191, .F. );
#4117 = ORIENTED_EDGE( '', *, *, #5225, .F. );
#4118 = ORIENTED_EDGE( '', *, *, #4833, .F. );
#4119 = CARTESIAN_POINT( '', ( -19.0500000000000, 0.231944444444447, -5.20000000000000 ) );
#4120 = DIRECTION( '', ( 0.000000000000000, 0.000000000000000, -1.00000000000000 ) );
#4121 = DIRECTION( '', ( -1.00000000000000, 0.000000000000000, 0.000000000000000 ) );
#4122 = SURFACE_STYLE_FILL_AREA( #5295 );
#4123 = ORIENTED_EDGE( '', *, *, #4944, .T. );
#4124 = ORIENTED_EDGE( '', *, *, #5265, .F. );
#4125 = ORIENTED_EDGE( '', *, *, #5296, .F. );
#4126 = ORIENTED_EDGE( '', *, *, #4976, .T. );
#4127 = CARTESIAN_POINT( '', ( 8.53000000000000, 0.800000000000000, -2.80000000000000 ) );
#4128 = DIRECTION( '', ( -8.77253287289868E-016, -1.00000000000000, 0.000000000000000 ) );
#4129 = DIRECTION( '', ( 1.00000000000000, -8.77253287289868E-016, 0.000000000000000 ) );
#4130 = SURFACE_STYLE_FILL_AREA( #5297 );
#4131 = ORIENTED_EDGE( '', *, *, #5114, .T. );
#4132 = ORIENTED_EDGE( '', *, *, #5209, .F. );
#4133 = ORIENTED_EDGE( '', *, *, #5298, .F. );
#4134 = ORIENTED_EDGE( '', *, *, #4518, .T. );
#4135 = CARTESIAN_POINT( '', ( -12.5791968529330, 1.77540157353349, -2.80000000000000 ) );
#4136 = DIRECTION( '', ( 0.707106781186546, -0.707106781186549, 0.000000000000000 ) );
#4137 = DIRECTION( '', ( 0.707106781186549, 0.707106781186546, 0.000000000000000 ) );
#4138 = SURFACE_STYLE_FILL_AREA( #5299 );
#4139 = ORIENTED_EDGE( '', *, *, #4967, .T. );
#4140 = ORIENTED_EDGE( '', *, *, #4878, .T. );
#4141 = ORIENTED_EDGE( '', *, *, #5195, .T. );
#4142 = ORIENTED_EDGE( '', *, *, #4756, .T. );
#4143 = ORIENTED_EDGE( '', *, *, #4502, .T. );
#4144 = CARTESIAN_POINT( '', ( 11.4300000000000, 0.250000000000004, -1.20000000000000 ) );
#4145 = DIRECTION( '', ( 0.000000000000000, 0.000000000000000, -1.00000000000000 ) );
#4146 = DIRECTION( '', ( -1.00000000000000, 0.000000000000000, 0.000000000000000 ) );
#4147 = SURFACE_STYLE_FILL_AREA( #5300 );
#4148 = ORIENTED_EDGE( '', *, *, #5188, .T. );
#4149 = ORIENTED_EDGE( '', *, *, #4551, .T. );
#4150 = ORIENTED_EDGE( '', *, *, #4664, .T. );
#4151 = ORIENTED_EDGE( '', *, *, #5066, .F. );
#4152 = CARTESIAN_POINT( '', ( -4.73500000000000, 43.5767907131480, 6.00000000000000 ) );
#4153 = DIRECTION( '', ( -0.970142500145332, 0.000000000000000, -0.242535625036332 ) );
#4154 = DIRECTION( '', ( -0.242535625036332, 0.000000000000000, 0.970142500145332 ) );
#4155 = SURFACE_STYLE_FILL_AREA( #5301 );
#4156 = ORIENTED_EDGE( '', *, *, #4693, .F. );
#4157 = ORIENTED_EDGE( '', *, *, #5302, .F. );
#4158 = ORIENTED_EDGE( '', *, *, #5142, .F. );
#4159 = ORIENTED_EDGE( '', *, *, #4839, .F. );
#4160 = ORIENTED_EDGE( '', *, *, #4974, .F. );
#4161 = ORIENTED_EDGE( '', *, *, #4885, .T. );
#4162 = ORIENTED_EDGE( '', *, *, #5020, .T. );
#4163 = ORIENTED_EDGE( '', *, *, #4948, .T. );
#4164 = ORIENTED_EDGE( '', *, *, #4930, .T. );
#4165 = ORIENTED_EDGE( '', *, *, #5047, .T. );
#4166 = ORIENTED_EDGE( '', *, *, #4750, .T. );
#4167 = ORIENTED_EDGE( '', *, *, #4993, .T. );
#4168 = ORIENTED_EDGE( '', *, *, #5276, .T. );
#4169 = ORIENTED_EDGE( '', *, *, #5183, .T. );
#4170 = ORIENTED_EDGE( '', *, *, #5057, .T. );
#4171 = ORIENTED_EDGE( '', *, *, #4745, .T. );
#4172 = ORIENTED_EDGE( '', *, *, #5262, .T. );
#4173 = ORIENTED_EDGE( '', *, *, #4670, .T. );
#4174 = ORIENTED_EDGE( '', *, *, #5130, .T. );
#4175 = ORIENTED_EDGE( '', *, *, #5181, .T. );
#4176 = ORIENTED_EDGE( '', *, *, #4627, .T. );
#4177 = ORIENTED_EDGE( '', *, *, #4982, .T. );
#4178 = ORIENTED_EDGE( '', *, *, #4997, .T. );
#4179 = ORIENTED_EDGE( '', *, *, #5083, .T. );
#4180 = ORIENTED_EDGE( '', *, *, #4499, .T. );
#4181 = ORIENTED_EDGE( '', *, *, #5179, .T. );
#4182 = ORIENTED_EDGE( '', *, *, #5079, .T. );
#4183 = ORIENTED_EDGE( '', *, *, #5062, .T. );
#4184 = ORIENTED_EDGE( '', *, *, #4494, .T. );
#4185 = ORIENTED_EDGE( '', *, *, #4876, .T. );
#4186 = ORIENTED_EDGE( '', *, *, #5168, .T. );
#4187 = ORIENTED_EDGE( '', *, *, #5177, .T. );
#4188 = ORIENTED_EDGE( '', *, *, #4914, .T. );
#4189 = ORIENTED_EDGE( '', *, *, #4800, .T. );
#4190 = ORIENTED_EDGE( '', *, *, #5279, .T. );
#4191 = ORIENTED_EDGE( '', *, *, #5219, .T. );
#4192 = ORIENTED_EDGE( '', *, *, #4583, .T. );
#4193 = ORIENTED_EDGE( '', *, *, #5175, .T. );
#4194 = ORIENTED_EDGE( '', *, *, #5001, .T. );
#4195 = ORIENTED_EDGE( '', *, *, #5255, .T. );
#4196 = ORIENTED_EDGE( '', *, *, #5015, .T. );
#4197 = ORIENTED_EDGE( '', *, *, #4814, .T. );
#4198 = ORIENTED_EDGE( '', *, *, #5303, .T. );
#4199 = ORIENTED_EDGE( '', *, *, #5172, .T. );
#4200 = ORIENTED_EDGE( '', *, *, #5089, .T. );
#4201 = ORIENTED_EDGE( '', *, *, #5304, .T. );
#4202 = ORIENTED_EDGE( '', *, *, #5162, .T. );
#4203 = ORIENTED_EDGE( '', *, *, #4889, .T. );
#4204 = ORIENTED_EDGE( '', *, *, #4922, .T. );
#4205 = ORIENTED_EDGE( '', *, *, #4684, .T. );
#4206 = ORIENTED_EDGE( '', *, *, #5205, .T. );
#4207 = ORIENTED_EDGE( '', *, *, #5105, .T. );
#4208 = ORIENTED_EDGE( '', *, *, #4856, .T. );
#4209 = ORIENTED_EDGE( '', *, *, #4956, .T. );
#4210 = ORIENTED_EDGE( '', *, *, #5123, .T. );
#4211 = ORIENTED_EDGE( '', *, *, #5092, .T. );
#4212 = ORIENTED_EDGE( '', *, *, #4866, .T. );
#4213 = ORIENTED_EDGE( '', *, *, #4720, .T. );
#4214 = ORIENTED_EDGE( '', *, *, #5216, .T. );
#4215 = ORIENTED_EDGE( '', *, *, #4977, .T. );
#4216 = ORIENTED_EDGE( '', *, *, #5296, .T. );
#4217 = ORIENTED_EDGE( '', *, *, #5264, .T. );
#4218 = ORIENTED_EDGE( '', *, *, #5201, .T. );
#4219 = ORIENTED_EDGE( '', *, *, #5305, .T. );
#4220 = ORIENTED_EDGE( '', *, *, #4480, .T. );
#4221 = ORIENTED_EDGE( '', *, *, #5153, .T. );
#4222 = ORIENTED_EDGE( '', *, *, #5025, .T. );
#4223 = ORIENTED_EDGE( '', *, *, #5232, .T. );
#4224 = ORIENTED_EDGE( '', *, *, #5253, .T. );
#4225 = ORIENTED_EDGE( '', *, *, #4591, .T. );
#4226 = ORIENTED_EDGE( '', *, *, #5306, .T. );
#4227 = ORIENTED_EDGE( '', *, *, #4835, .T. );
#4228 = ORIENTED_EDGE( '', *, *, #5226, .T. );
#4229 = ORIENTED_EDGE( '', *, *, #5192, .T. );
#4230 = ORIENTED_EDGE( '', *, *, #4964, .T. );
#4231 = ORIENTED_EDGE( '', *, *, #5307, .T. );
#4232 = ORIENTED_EDGE( '', *, *, #4519, .T. );
#4233 = ORIENTED_EDGE( '', *, *, #5298, .T. );
#4234 = ORIENTED_EDGE( '', *, *, #5208, .T. );
#4235 = ORIENTED_EDGE( '', *, *, #5070, .T. );
#4236 = ORIENTED_EDGE( '', *, *, #5005, .T. );
#4237 = ORIENTED_EDGE( '', *, *, #5274, .F. );
#4238 = CARTESIAN_POINT( '', ( -19.0500000000000, 0.231944444444447, -2.80000000000000 ) );
#4239 = DIRECTION( '', ( 0.000000000000000, 0.000000000000000, 1.00000000000000 ) );
#4240 = DIRECTION( '', ( 1.00000000000000, 0.000000000000000, 0.000000000000000 ) );
#4241 = SURFACE_STYLE_FILL_AREA( #5308 );
#4242 = ORIENTED_EDGE( '', *, *, #4668, .F. );
#4243 = ORIENTED_EDGE( '', *, *, #5261, .F. );
#4244 = ORIENTED_EDGE( '', *, *, #4743, .F. );
#4245 = ORIENTED_EDGE( '', *, *, #5056, .F. );
#4246 = ORIENTED_EDGE( '', *, *, #5182, .F. );
#4247 = ORIENTED_EDGE( '', *, *, #5128, .F. );
#4248 = CARTESIAN_POINT( '', ( -19.0500000000000, 0.231944444444447, -5.20000000000000 ) );
#4249 = DIRECTION( '', ( 0.000000000000000, 0.000000000000000, -1.00000000000000 ) );
#4250 = DIRECTION( '', ( -1.00000000000000, 0.000000000000000, 0.000000000000000 ) );
#4251 = SURFACE_STYLE_FILL_AREA( #5309 );
#4252 = ORIENTED_EDGE( '', *, *, #5271, .T. );
#4253 = ORIENTED_EDGE( '', *, *, #5109, .T. );
#4254 = ORIENTED_EDGE( '', *, *, #5034, .T. );
#4255 = ORIENTED_EDGE( '', *, *, #5052, .T. );
#4256 = ORIENTED_EDGE( '', *, *, #5268, .T. );
#4257 = CARTESIAN_POINT( '', ( 19.0500000000000, 0.250000000000004, -1.20000000000000 ) );
#4258 = DIRECTION( '', ( 0.000000000000000, 0.000000000000000, -1.00000000000000 ) );
#4259 = DIRECTION( '', ( -1.00000000000000, 0.000000000000000, 0.000000000000000 ) );
#4260 = SURFACE_STYLE_FILL_AREA( #5310 );
#4261 = ORIENTED_EDGE( '', *, *, #5151, .T. );
#4262 = ORIENTED_EDGE( '', *, *, #4900, .T. );
#4263 = ORIENTED_EDGE( '', *, *, #5247, .T. );
#4264 = ORIENTED_EDGE( '', *, *, #4696, .F. );
#4265 = CARTESIAN_POINT( '', ( -19.5500000000000, -0.249999999999997, -3.45000000000000 ) );
#4266 = DIRECTION( '', ( 0.000000000000000, 0.000000000000000, 1.00000000000000 ) );
#4267 = DIRECTION( '', ( 1.00000000000000, 0.000000000000000, 0.000000000000000 ) );
#4268 = SURFACE_STYLE_FILL_AREA( #5311 );
#4269 = ORIENTED_EDGE( '', *, *, #5312, .F. );
#4270 = ORIENTED_EDGE( '', *, *, #4831, .T. );
#4271 = ORIENTED_EDGE( '', *, *, #5285, .T. );
#4272 = ORIENTED_EDGE( '', *, *, #5313, .F. );
#4273 = ORIENTED_EDGE( '', *, *, #5314, .T. );
#4274 = ORIENTED_EDGE( '', *, *, #4713, .F. );
#4275 = CARTESIAN_POINT( '', ( -10.9300000000000, 0.750000000000000, -49.2267907131480 ) );
#4276 = DIRECTION( '', ( -1.00000000000000, 0.000000000000000, 0.000000000000000 ) );
#4277 = DIRECTION( '', ( 0.000000000000000, 0.000000000000000, 1.00000000000000 ) );
#4278 = SURFACE_STYLE_FILL_AREA( #5315 );
#4279 = ORIENTED_EDGE( '', *, *, #5171, .T. );
#4280 = ORIENTED_EDGE( '', *, *, #5013, .T. );
#4281 = ORIENTED_EDGE( '', *, *, #4541, .T. );
#4282 = ORIENTED_EDGE( '', *, *, #4740, .F. );
#4283 = CARTESIAN_POINT( '', ( 19.6500000000000, 43.5767907131480, 4.70000000000000 ) );
#4284 = DIRECTION( '', ( 0.970142500145332, 0.000000000000000, -0.242535625036332 ) );
#4285 = DIRECTION( '', ( -0.242535625036332, 0.000000000000000, -0.970142500145332 ) );
#4286 = SURFACE_STYLE_FILL_AREA( #5316 );
#4287 = ORIENTED_EDGE( '', *, *, #4714, .F. );
#4288 = ORIENTED_EDGE( '', *, *, #5314, .F. );
#4289 = ORIENTED_EDGE( '', *, *, #5317, .F. );
#4290 = ORIENTED_EDGE( '', *, *, #5318, .T. );
#4291 = CARTESIAN_POINT( '', ( -10.9300000000000, -0.249999999999997, -49.2267907131480 ) );
#4292 = DIRECTION( '', ( 0.000000000000000, 1.00000000000000, 0.000000000000000 ) );
#4293 = DIRECTION( '', ( 0.000000000000000, 0.000000000000000, 1.00000000000000 ) );
#4294 = SURFACE_STYLE_FILL_AREA( #5319 );
#4295 = ORIENTED_EDGE( '', *, *, #5313, .T. );
#4296 = ORIENTED_EDGE( '', *, *, #5284, .F. );
#4297 = ORIENTED_EDGE( '', *, *, #4599, .F. );
#4298 = ORIENTED_EDGE( '', *, *, #4775, .F. );
#4299 = ORIENTED_EDGE( '', *, *, #5290, .T. );
#4300 = ORIENTED_EDGE( '', *, *, #5287, .F. );
#4301 = ORIENTED_EDGE( '', *, *, #5320, .T. );
#4302 = ORIENTED_EDGE( '', *, *, #5317, .T. );
#4303 = CARTESIAN_POINT( '', ( -9.95500000000000, -2.65000000000000, -5.60000000000000 ) );
#4304 = DIRECTION( '', ( 0.000000000000000, 0.000000000000000, 1.00000000000000 ) );
#4305 = DIRECTION( '', ( 1.00000000000000, 0.000000000000000, 0.000000000000000 ) );
#4306 = SURFACE_STYLE_FILL_AREA( #5321 );
#4307 = ORIENTED_EDGE( '', *, *, #5322, .T. );
#4308 = ORIENTED_EDGE( '', *, *, #4731, .F. );
#4309 = ORIENTED_EDGE( '', *, *, #4515, .F. );
#4310 = ORIENTED_EDGE( '', *, *, #5112, .T. );
#4311 = ORIENTED_EDGE( '', *, *, #4520, .F. );
#4312 = ORIENTED_EDGE( '', *, *, #5307, .F. );
#4313 = ORIENTED_EDGE( '', *, *, #4963, .T. );
#4314 = ORIENTED_EDGE( '', *, *, #5294, .T. );
#4315 = CARTESIAN_POINT( '', ( -11.4300000000000, 0.231944444444447, -5.20000000000000 ) );
#4316 = DIRECTION( '', ( -0.000000000000000, -0.000000000000000, -1.00000000000000 ) );
#4317 = DIRECTION( '', ( 1.00000000000000, 0.000000000000000, 0.000000000000000 ) );
#4318 = SURFACE_STYLE_FILL_AREA( #5323 );
#4319 = ORIENTED_EDGE( '', *, *, #4732, .F. );
#4320 = ORIENTED_EDGE( '', *, *, #5322, .F. );
#4321 = ORIENTED_EDGE( '', *, *, #5293, .T. );
#4322 = ORIENTED_EDGE( '', *, *, #4588, .T. );
#4323 = CARTESIAN_POINT( '', ( -9.28000000000000, 2.35000000000000, -5.20000000000000 ) );
#4324 = DIRECTION( '', ( -3.37494839684204E-016, -1.00000000000000, 0.000000000000000 ) );
#4325 = DIRECTION( '', ( 1.00000000000000, -3.37494839684204E-016, 0.000000000000000 ) );
#4326 = SURFACE_STYLE_FILL_AREA( #5324 );
#4327 = ORIENTED_EDGE( '', *, *, #5125, .F. );
#4328 = ORIENTED_EDGE( '', *, *, #4973, .F. );
#4329 = CARTESIAN_POINT( '', ( -19.0500000000000, 0.250000000000004, -1.70000000000000 ) );
#4330 = DIRECTION( '', ( 0.000000000000000, 0.000000000000000, -1.00000000000000 ) );
#4331 = DIRECTION( '', ( -1.00000000000000, 0.000000000000000, 0.000000000000000 ) );
#4332 = SURFACE_STYLE_FILL_AREA( #5325 );
#4333 = ORIENTED_EDGE( '', *, *, #4779, .F. );
#4334 = ORIENTED_EDGE( '', *, *, #4539, .F. );
#4335 = ORIENTED_EDGE( '', *, *, #5146, .F. );
#4336 = ORIENTED_EDGE( '', *, *, #4762, .F. );
#4337 = CARTESIAN_POINT( '', ( 19.0500000000000, 3.85000000000000, -2.60000000000000 ) );
#4338 = DIRECTION( '', ( 0.000000000000000, -1.14543451244288E-015, -1.00000000000000 ) );
#4339 = DIRECTION( '', ( 0.000000000000000, 1.00000000000000, -1.14543451244288E-015 ) );
#4340 = SURFACE_STYLE_FILL_AREA( #5326 );
#4341 = ORIENTED_EDGE( '', *, *, #5327, .F. );
#4342 = ORIENTED_EDGE( '', *, *, #5228, .T. );
#4343 = ORIENTED_EDGE( '', *, *, #4576, .T. );
#4344 = ORIENTED_EDGE( '', *, *, #5222, .T. );
#4345 = CARTESIAN_POINT( '', ( -0.500000000000000, -0.500000000000000, 7.37500000000000 ) );
#4346 = DIRECTION( '', ( -1.00000000000000, 0.000000000000000, 0.000000000000000 ) );
#4347 = DIRECTION( '', ( 0.000000000000000, 0.000000000000000, 1.00000000000000 ) );
#4348 = SURFACE_STYLE_FILL_AREA( #5328 );
#4349 = ORIENTED_EDGE( '', *, *, #5170, .T. );
#4350 = ORIENTED_EDGE( '', *, *, #4953, .T. );
#4351 = ORIENTED_EDGE( '', *, *, #5099, .T. );
#4352 = ORIENTED_EDGE( '', *, *, #4970, .F. );
#4353 = CARTESIAN_POINT( '', ( 10.8300000000000, 43.5767907131480, 4.70000000000000 ) );
#4354 = DIRECTION( '', ( 0.000000000000000, 0.000000000000000, -1.00000000000000 ) );
#4355 = DIRECTION( '', ( -1.00000000000000, 0.000000000000000, 0.000000000000000 ) );
#4356 = SURFACE_STYLE_FILL_AREA( #5329 );
#4357 = ORIENTED_EDGE( '', *, *, #4874, .F. );
#4358 = ORIENTED_EDGE( '', *, *, #4492, .F. );
#4359 = ORIENTED_EDGE( '', *, *, #5061, .F. );
#4360 = ORIENTED_EDGE( '', *, *, #5078, .F. );
#4361 = ORIENTED_EDGE( '', *, *, #5178, .F. );
#4362 = ORIENTED_EDGE( '', *, *, #5166, .F. );
#4363 = CARTESIAN_POINT( '', ( -19.0500000000000, 0.231944444444447, -5.20000000000000 ) );
#4364 = DIRECTION( '', ( 0.000000000000000, 0.000000000000000, -1.00000000000000 ) );
#4365 = DIRECTION( '', ( -1.00000000000000, 0.000000000000000, 0.000000000000000 ) );
#4366 = SURFACE_STYLE_FILL_AREA( #5330 );
#4367 = ORIENTED_EDGE( '', *, *, #5187, .T. );
#4368 = ORIENTED_EDGE( '', *, *, #4772, .T. );
#4369 = ORIENTED_EDGE( '', *, *, #5102, .T. );
#4370 = ORIENTED_EDGE( '', *, *, #5096, .F. );
#4371 = CARTESIAN_POINT( '', ( -12.0300000000000, 43.5767907131480, 4.70000000000000 ) );
#4372 = DIRECTION( '', ( 0.000000000000000, 0.000000000000000, -1.00000000000000 ) );
#4373 = DIRECTION( '', ( -1.00000000000000, 0.000000000000000, 0.000000000000000 ) );
#4374 = SURFACE_STYLE_FILL_AREA( #5331 );
#4375 = ORIENTED_EDGE( '', *, *, #5198, .T. );
#4376 = ORIENTED_EDGE( '', *, *, #5302, .T. );
#4377 = CARTESIAN_POINT( '', ( 3.81000000000000, 0.250000000000004, -1.20000000000000 ) );
#4378 = DIRECTION( '', ( -0.000000000000000, -0.000000000000000, 1.00000000000000 ) );
#4379 = DIRECTION( '', ( -1.00000000000000, 0.000000000000000, 0.000000000000000 ) );
#4380 = SURFACE_STYLE_FILL_AREA( #5332 );
#4381 = ORIENTED_EDGE( '', *, *, #5292, .T. );
#4382 = ORIENTED_EDGE( '', *, *, #4836, .F. );
#4383 = ORIENTED_EDGE( '', *, *, #5306, .F. );
#4384 = ORIENTED_EDGE( '', *, *, #4590, .T. );
#4385 = CARTESIAN_POINT( '', ( -4.95919685293301, 3.02264434404465, -2.80000000000000 ) );
#4386 = DIRECTION( '', ( 1.00000000000000, -2.78169337516524E-015, 0.000000000000000 ) );
#4387 = DIRECTION( '', ( 2.78169337516524E-015, 1.00000000000000, 0.000000000000000 ) );
#4388 = SURFACE_STYLE_FILL_AREA( #5333 );
#4389 = ORIENTED_EDGE( '', *, *, #5076, .T. );
#4390 = ORIENTED_EDGE( '', *, *, #5163, .F. );
#4391 = ORIENTED_EDGE( '', *, *, #5304, .F. );
#4392 = ORIENTED_EDGE( '', *, *, #5088, .T. );
#4393 = CARTESIAN_POINT( '', ( 19.6000000000000, -1.87459842646651, -2.80000000000000 ) );
#4394 = DIRECTION( '', ( -0.707106781186546, 0.707106781186549, 0.000000000000000 ) );
#4395 = DIRECTION( '', ( -0.707106781186549, -0.707106781186546, 0.000000000000000 ) );
#4396 = SURFACE_STYLE_FILL_AREA( #5334 );
#4397 = ORIENTED_EDGE( '', *, *, #4844, .T. );
#4398 = ORIENTED_EDGE( '', *, *, #5249, .F. );
#4399 = ORIENTED_EDGE( '', *, *, #4904, .F. );
#4400 = ORIENTED_EDGE( '', *, *, #5022, .F. );
#4401 = ORIENTED_EDGE( '', *, *, #4924, .T. );
#4402 = ORIENTED_EDGE( '', *, *, #5250, .F. );
#4403 = ORIENTED_EDGE( '', *, *, #5134, .T. );
#4404 = ORIENTED_EDGE( '', *, *, #5281, .T. );
#4405 = CARTESIAN_POINT( '', ( -2.33500000000000, -2.65000000000000, -5.60000000000000 ) );
#4406 = DIRECTION( '', ( 0.000000000000000, 0.000000000000000, 1.00000000000000 ) );
#4407 = DIRECTION( '', ( 1.00000000000000, 0.000000000000000, 0.000000000000000 ) );
#4408 = SURFACE_STYLE_FILL_AREA( #5335 );
#4409 = ORIENTED_EDGE( '', *, *, #5241, .F. );
#4410 = ORIENTED_EDGE( '', *, *, #4809, .T. );
#4411 = ORIENTED_EDGE( '', *, *, #5327, .T. );
#4412 = ORIENTED_EDGE( '', *, *, #4937, .T. );
#4413 = CARTESIAN_POINT( '', ( 0.500000000000000, -0.500000000000000, 7.37500000000000 ) );
#4414 = DIRECTION( '', ( 1.08420217248550E-016, -1.00000000000000, 0.000000000000000 ) );
#4415 = DIRECTION( '', ( 1.00000000000000, 1.08420217248550E-016, 0.000000000000000 ) );
#4416 = SURFACE_STYLE_FILL_AREA( #5336 );
#4417 = ORIENTED_EDGE( '', *, *, #4711, .F. );
#4418 = ORIENTED_EDGE( '', *, *, #5318, .F. );
#4419 = ORIENTED_EDGE( '', *, *, #5320, .F. );
#4420 = ORIENTED_EDGE( '', *, *, #5286, .T. );
#4421 = ORIENTED_EDGE( '', *, *, #4829, .F. );
#4422 = ORIENTED_EDGE( '', *, *, #5337, .T. );
#4423 = CARTESIAN_POINT( '', ( -11.9300000000000, -0.249999999999997, -49.2267907131480 ) );
#4424 = DIRECTION( '', ( 1.00000000000000, 0.000000000000000, 0.000000000000000 ) );
#4425 = DIRECTION( '', ( 0.000000000000000, 0.000000000000000, -1.00000000000000 ) );
#4426 = SURFACE_STYLE_FILL_AREA( #5338 );
#4427 = ORIENTED_EDGE( '', *, *, #5116, .T. );
#4428 = ORIENTED_EDGE( '', *, *, #4734, .F. );
#4429 = ORIENTED_EDGE( '', *, *, #4768, .F. );
#4430 = ORIENTED_EDGE( '', *, *, #4568, .T. );
#4431 = ORIENTED_EDGE( '', *, *, #4481, .F. );
#4432 = ORIENTED_EDGE( '', *, *, #5305, .F. );
#4433 = ORIENTED_EDGE( '', *, *, #5200, .T. );
#4434 = ORIENTED_EDGE( '', *, *, #4941, .T. );
#4435 = CARTESIAN_POINT( '', ( 3.81000000000000, 0.231944444444447, -5.20000000000000 ) );
#4436 = DIRECTION( '', ( -0.000000000000000, -0.000000000000000, -1.00000000000000 ) );
#4437 = DIRECTION( '', ( 1.00000000000000, 0.000000000000000, 0.000000000000000 ) );
#4438 = SURFACE_STYLE_FILL_AREA( #5339 );
#4439 = ORIENTED_EDGE( '', *, *, #5218, .F. );
#4440 = ORIENTED_EDGE( '', *, *, #5278, .F. );
#4441 = ORIENTED_EDGE( '', *, *, #4798, .F. );
#4442 = ORIENTED_EDGE( '', *, *, #4913, .F. );
#4443 = ORIENTED_EDGE( '', *, *, #5176, .F. );
#4444 = ORIENTED_EDGE( '', *, *, #4581, .F. );
#4445 = CARTESIAN_POINT( '', ( -19.0500000000000, 0.231944444444447, -5.20000000000000 ) );
#4446 = DIRECTION( '', ( 0.000000000000000, 0.000000000000000, -1.00000000000000 ) );
#4447 = DIRECTION( '', ( -1.00000000000000, 0.000000000000000, 0.000000000000000 ) );
#4448 = SURFACE_STYLE_FILL_AREA( #5340 );
#4449 = ORIENTED_EDGE( '', *, *, #5238, .T. );
#4450 = ORIENTED_EDGE( '', *, *, #5173, .F. );
#4451 = ORIENTED_EDGE( '', *, *, #5303, .F. );
#4452 = ORIENTED_EDGE( '', *, *, #4813, .T. );
#4453 = CARTESIAN_POINT( '', ( 18.5000000000000, -1.87459842646651, -2.80000000000000 ) );
#4454 = DIRECTION( '', ( 1.00000000000000, 0.000000000000000, 0.000000000000000 ) );
#4455 = DIRECTION( '', ( 0.000000000000000, 0.000000000000000, -1.00000000000000 ) );
#4456 = SURFACE_STYLE_FILL_AREA( #5341 );
#4457 = ORIENTED_EDGE( '', *, *, #5145, .F. );
#4458 = ORIENTED_EDGE( '', *, *, #5269, .F. );
#4459 = ORIENTED_EDGE( '', *, *, #5053, .F. );
#4460 = ORIENTED_EDGE( '', *, *, #5032, .F. );
#4461 = ORIENTED_EDGE( '', *, *, #5147, .F. );
#4462 = ORIENTED_EDGE( '', *, *, #4537, .T. );
#4463 = ORIENTED_EDGE( '', *, *, #5243, .F. );
#4464 = ORIENTED_EDGE( '', *, *, #4759, .F. );
#4465 = CARTESIAN_POINT( '', ( 20.5250000000000, 4.05000000000000, -5.60000000000000 ) );
#4466 = DIRECTION( '', ( 0.000000000000000, 0.000000000000000, -1.00000000000000 ) );
#4467 = DIRECTION( '', ( -1.00000000000000, 0.000000000000000, 0.000000000000000 ) );
#4468 = SURFACE_STYLE_FILL_AREA( #5342 );
#4469 = ORIENTED_EDGE( '', *, *, #4828, .F. );
#4470 = ORIENTED_EDGE( '', *, *, #5312, .T. );
#4471 = ORIENTED_EDGE( '', *, *, #4712, .F. );
#4472 = ORIENTED_EDGE( '', *, *, #5337, .F. );
#4473 = CARTESIAN_POINT( '', ( -11.9300000000000, 0.750000000000000, -49.2267907131480 ) );
#4474 = DIRECTION( '', ( 0.000000000000000, -1.00000000000000, 0.000000000000000 ) );
#4475 = DIRECTION( '', ( 0.000000000000000, 0.000000000000000, -1.00000000000000 ) );
#4477 = FILL_AREA_STYLE( '', ( #5343 ) );
#4478 = EDGE_CURVE( '', #5344, #5345, #5346, .T. );
#4479 = EDGE_CURVE( '', #5347, #5345, #5348, .T. );
#4480 = EDGE_CURVE( '', #5349, #5347, #5350, .T. );
#4481 = EDGE_CURVE( '', #5349, #5344, #5351, .T. );
#4482 = FILL_AREA_STYLE( '', ( #5352 ) );
#4483 = EDGE_CURVE( '', #5353, #5354, #5355, .T. );
#4484 = EDGE_CURVE( '', #5354, #5356, #5357, .T. );
#4485 = EDGE_CURVE( '', #5356, #5358, #5359, .T. );
#4486 = EDGE_CURVE( '', #5353, #5358, #5360, .T. );
#4487 = FILL_AREA_STYLE( '', ( #5361 ) );
#4488 = EDGE_CURVE( '', #5362, #5363, #5364, .T. );
#4489 = EDGE_CURVE( '', #5362, #5353, #5365, .T. );
#4490 = EDGE_CURVE( '', #5363, #5358, #5366, .T. );
#4491 = FILL_AREA_STYLE( '', ( #5367 ) );
#4492 = EDGE_CURVE( '', #5368, #5369, #5370, .T. );
#4493 = EDGE_CURVE( '', #5371, #5369, #5372, .T. );
#4494 = EDGE_CURVE( '', #5373, #5371, #5374, .T. );
#4495 = EDGE_CURVE( '', #5373, #5368, #5375, .T. );
#4496 = FILL_AREA_STYLE( '', ( #5376 ) );
#4497 = EDGE_CURVE( '', #5377, #5378, #5379, .T. );
#4498 = EDGE_CURVE( '', #5380, #5378, #5381, .T. );
#4499 = EDGE_CURVE( '', #5382, #5380, #5383, .T. );
#4500 = EDGE_CURVE( '', #5382, #5377, #5384, .T. );
#4501 = FILL_AREA_STYLE( '', ( #5385 ) );
#4502 = EDGE_CURVE( '', #5386, #5387, #5388, .T. );
#4503 = EDGE_CURVE( '', #5389, #5386, #5390, .T. );
#4504 = EDGE_CURVE( '', #5391, #5389, #5392, .T. );
#4505 = EDGE_CURVE( '', #5391, #5387, #5393, .T. );
#4506 = FILL_AREA_STYLE( '', ( #5394 ) );
#4507 = EDGE_CURVE( '', #5395, #5396, #5397, .T. );
#4508 = EDGE_CURVE( '', #5396, #5398, #5399, .T. );
#4509 = EDGE_CURVE( '', #5398, #5400, #5401, .T. );
#4510 = EDGE_CURVE( '', #5395, #5400, #5402, .T. );
#4511 = FILL_AREA_STYLE( '', ( #5403 ) );
#4512 = EDGE_CURVE( '', #5404, #5405, #5406, .T. );
#4513 = EDGE_CURVE( '', #5407, #5404, #5408, .T. );
#4514 = EDGE_CURVE( '', #5407, #5409, #5410, .T. );
#4515 = EDGE_CURVE( '', #5409, #5405, #5411, .T. );
#4516 = FILL_AREA_STYLE( '', ( #5412 ) );
#4517 = EDGE_CURVE( '', #5413, #5414, #5415, .T. );
#4518 = EDGE_CURVE( '', #5416, #5414, #5417, .T. );
#4519 = EDGE_CURVE( '', #5418, #5416, #5419, .T. );
#4520 = EDGE_CURVE( '', #5418, #5413, #5420, .T. );
#4521 = FILL_AREA_STYLE( '', ( #5421 ) );
#4522 = EDGE_CURVE( '', #5422, #5423, #5424, .T. );
#4523 = EDGE_CURVE( '', #5425, #5422, #5426, .F. );
#4524 = EDGE_CURVE( '', #5425, #5427, #5428, .T. );
#4525 = EDGE_CURVE( '', #5427, #5429, #5430, .T. );
#4526 = EDGE_CURVE( '', #5429, #5431, #5432, .F. );
#4527 = EDGE_CURVE( '', #5423, #5431, #5433, .T. );
#4528 = FILL_AREA_STYLE( '', ( #5434 ) );
#4529 = EDGE_CURVE( '', #5435, #5436, #5437, .T. );
#4530 = EDGE_CURVE( '', #5436, #5438, #5439, .T. );
#4531 = EDGE_CURVE( '', #5438, #5440, #5441, .T. );
#4532 = EDGE_CURVE( '', #5435, #5440, #5442, .T. );
#4533 = FILL_AREA_STYLE( '', ( #5443 ) );
#4534 = EDGE_CURVE( '', #5444, #5445, #5446, .T. );
#4535 = EDGE_CURVE( '', #5445, #5447, #5448, .T. );
#4536 = EDGE_CURVE( '', #5449, #5447, #5450, .F. );
#4537 = EDGE_CURVE( '', #5451, #5449, #5452, .T. );
#4538 = EDGE_CURVE( '', #5453, #5451, #5454, .T. );
#4539 = EDGE_CURVE( '', #5453, #5444, #5455, .F. );
#4540 = FILL_AREA_STYLE( '', ( #5456 ) );
#4541 = EDGE_CURVE( '', #5457, #5458, #5459, .T. );
#4542 = EDGE_CURVE( '', #5460, #5457, #5461, .T. );
#4543 = EDGE_CURVE( '', #5460, #5462, #5463, .T. );
#4544 = EDGE_CURVE( '', #5462, #5458, #5464, .T. );
#4545 = FILL_AREA_STYLE( '', ( #5465 ) );
#4546 = EDGE_CURVE( '', #5466, #5467, #5468, .T. );
#4547 = EDGE_CURVE( '', #5466, #5469, #5470, .T. );
#4548 = EDGE_CURVE( '', #5469, #5471, #5472, .T. );
#4549 = EDGE_CURVE( '', #5467, #5471, #5473, .T. );
#4550 = FILL_AREA_STYLE( '', ( #5474 ) );
#4551 = EDGE_CURVE( '', #5475, #5476, #5477, .T. );
#4552 = EDGE_CURVE( '', #5475, #5478, #5479, .T. );
#4553 = EDGE_CURVE( '', #5478, #5480, #5481, .T. );
#4554 = EDGE_CURVE( '', #5476, #5480, #5482, .T. );
#4555 = FILL_AREA_STYLE( '', ( #5483 ) );
#4556 = EDGE_CURVE( '', #5484, #5485, #5486, .T. );
#4557 = EDGE_CURVE( '', #5487, #5484, #5488, .F. );
#4558 = EDGE_CURVE( '', #5487, #5489, #5490, .T. );
#4559 = EDGE_CURVE( '', #5489, #5491, #5492, .T. );
#4560 = EDGE_CURVE( '', #5491, #5493, #5494, .F. );
#4561 = EDGE_CURVE( '', #5485, #5493, #5495, .T. );
#4562 = FILL_AREA_STYLE( '', ( #5496 ) );
#4563 = EDGE_CURVE( '', #5497, #5498, #5499, .T. );
#4564 = EDGE_CURVE( '', #5497, #5500, #5501, .T. );
#4565 = EDGE_CURVE( '', #5502, #5500, #5503, .T. );
#4566 = EDGE_CURVE( '', #5498, #5502, #5504, .T. );
#4567 = FILL_AREA_STYLE( '', ( #5505 ) );
#4568 = EDGE_CURVE( '', #5506, #5344, #5507, .T. );
#4569 = EDGE_CURVE( '', #5508, #5506, #5509, .T. );
#4570 = EDGE_CURVE( '', #5510, #5508, #5511, .T. );
#4571 = EDGE_CURVE( '', #5512, #5510, #5513, .T. );
#4572 = EDGE_CURVE( '', #5514, #5512, #5515, .T. );
#4573 = EDGE_CURVE( '', #5516, #5514, #5517, .T. );
#4574 = EDGE_CURVE( '', #5345, #5516, #5518, .T. );
#4575 = FILL_AREA_STYLE( '', ( #5519 ) );
#4576 = EDGE_CURVE( '', #5520, #5521, #5522, .T. );
#4577 = EDGE_CURVE( '', #5520, #5523, #5524, .T. );
#4578 = EDGE_CURVE( '', #5523, #5525, #5526, .T. );
#4579 = EDGE_CURVE( '', #5525, #5521, #5527, .T. );
#4580 = FILL_AREA_STYLE( '', ( #5528 ) );
#4581 = EDGE_CURVE( '', #5529, #5530, #5531, .T. );
#4582 = EDGE_CURVE( '', #5532, #5530, #5533, .T. );
#4583 = EDGE_CURVE( '', #5534, #5532, #5535, .T. );
#4584 = EDGE_CURVE( '', #5534, #5529, #5536, .T. );
#4585 = FILL_AREA_STYLE( '', ( #5537 ) );
#4586 = EDGE_CURVE( '', #5508, #5538, #5539, .T. );
#4587 = EDGE_CURVE( '', #5540, #5538, #5541, .T. );
#4588 = EDGE_CURVE( '', #5542, #5540, #5543, .T. );
#4589 = EDGE_CURVE( '', #5542, #5544, #5545, .T. );
#4590 = EDGE_CURVE( '', #5546, #5544, #5547, .T. );
#4591 = EDGE_CURVE( '', #5548, #5546, #5549, .T. );
#4592 = EDGE_CURVE( '', #5548, #5510, #5550, .T. );
#4593 = FILL_AREA_STYLE( '', ( #5551 ) );
#4594 = EDGE_CURVE( '', #5552, #5552, #5553, .F. );
#4595 = EDGE_CURVE( '', #5554, #5554, #5555, .T. );
#4596 = FILL_AREA_STYLE( '', ( #5556 ) );
#4597 = EDGE_CURVE( '', #5557, #5558, #5559, .T. );
#4598 = EDGE_CURVE( '', #5560, #5557, #5561, .F. );
#4599 = EDGE_CURVE( '', #5560, #5562, #5563, .T. );
#4600 = EDGE_CURVE( '', #5562, #5564, #5565, .T. );
#4601 = EDGE_CURVE( '', #5564, #5566, #5567, .F. );
#4602 = EDGE_CURVE( '', #5558, #5566, #5568, .T. );
#4603 = FILL_AREA_STYLE( '', ( #5569 ) );
#4604 = EDGE_CURVE( '', #5570, #5571, #5572, .T. );
#4605 = EDGE_CURVE( '', #5571, #5573, #5574, .T. );
#4606 = EDGE_CURVE( '', #5573, #5575, #5576, .T. );
#4607 = EDGE_CURVE( '', #5570, #5575, #5577, .T. );
#4608 = FILL_AREA_STYLE( '', ( #5578 ) );
#4609 = EDGE_CURVE( '', #5579, #5580, #5581, .T. );
#4610 = EDGE_CURVE( '', #5580, #5582, #5583, .T. );
#4611 = EDGE_CURVE( '', #5582, #5584, #5585, .T. );
#4612 = EDGE_CURVE( '', #5584, #5579, #5586, .T. );
#4613 = FILL_AREA_STYLE( '', ( #5587 ) );
#4614 = EDGE_CURVE( '', #5588, #5589, #5590, .T. );
#4615 = EDGE_CURVE( '', #5591, #5588, #5592, .F. );
#4616 = EDGE_CURVE( '', #5591, #5593, #5594, .T. );
#4617 = EDGE_CURVE( '', #5593, #5595, #5596, .T. );
#4618 = EDGE_CURVE( '', #5595, #5597, #5598, .F. );
#4619 = EDGE_CURVE( '', #5589, #5597, #5599, .T. );
#4620 = FILL_AREA_STYLE( '', ( #5600 ) );
#4621 = EDGE_CURVE( '', #5493, #5601, #5602, .F. );
#4622 = EDGE_CURVE( '', #5603, #5491, #5604, .F. );
#4623 = EDGE_CURVE( '', #5601, #5603, #5605, .F. );
#4624 = FILL_AREA_STYLE( '', ( #5606 ) );
#4625 = EDGE_CURVE( '', #5607, #5608, #5609, .T. );
#4626 = EDGE_CURVE( '', #5610, #5608, #5611, .T. );
#4627 = EDGE_CURVE( '', #5612, #5610, #5613, .T. );
#4628 = EDGE_CURVE( '', #5612, #5607, #5614, .T. );
#4629 = FILL_AREA_STYLE( '', ( #5615 ) );
#4630 = EDGE_CURVE( '', #5616, #5617, #5618, .T. );
#4631 = EDGE_CURVE( '', #5617, #5619, #5620, .T. );
#4632 = EDGE_CURVE( '', #5621, #5619, #5622, .T. );
#4633 = EDGE_CURVE( '', #5616, #5621, #5623, .T. );
#4634 = FILL_AREA_STYLE( '', ( #5624 ) );
#4635 = EDGE_CURVE( '', #5625, #5626, #5627, .T. );
#4636 = EDGE_CURVE( '', #5626, #5628, #5629, .T. );
#4637 = EDGE_CURVE( '', #5628, #5630, #5631, .T. );
#4638 = EDGE_CURVE( '', #5625, #5630, #5632, .T. );
#4639 = FILL_AREA_STYLE( '', ( #5633 ) );
#4640 = EDGE_CURVE( '', #5634, #5635, #5636, .T. );
#4641 = EDGE_CURVE( '', #5588, #5634, #5637, .F. );
#4642 = EDGE_CURVE( '', #5638, #5589, #5639, .T. );
#4643 = EDGE_CURVE( '', #5638, #5640, #5641, .T. );
#4644 = EDGE_CURVE( '', #5447, #5640, #5642, .F. );
#4645 = EDGE_CURVE( '', #5643, #5445, #5644, .T. );
#4646 = EDGE_CURVE( '', #5643, #5645, #5646, .T. );
#4647 = EDGE_CURVE( '', #5645, #5647, #5648, .T. );
#4648 = EDGE_CURVE( '', #5649, #5647, #5650, .T. );
#4649 = EDGE_CURVE( '', #5427, #5649, #5651, .T. );
#4650 = EDGE_CURVE( '', #5652, #5425, #5653, .F. );
#4651 = EDGE_CURVE( '', #5652, #5654, #5655, .T. );
#4652 = EDGE_CURVE( '', #5656, #5654, #5657, .T. );
#4653 = EDGE_CURVE( '', #5658, #5656, #5659, .T. );
#4654 = EDGE_CURVE( '', #5557, #5658, #5660, .F. );
#4655 = EDGE_CURVE( '', #5661, #5558, #5662, .T. );
#4656 = EDGE_CURVE( '', #5663, #5661, #5664, .T. );
#4657 = EDGE_CURVE( '', #5665, #5663, #5666, .F. );
#4658 = EDGE_CURVE( '', #5665, #5667, #5668, .T. );
#4659 = EDGE_CURVE( '', #5669, #5667, #5670, .T. );
#4660 = EDGE_CURVE( '', #5671, #5669, #5672, .T. );
#4661 = EDGE_CURVE( '', #5484, #5671, #5673, .F. );
#4662 = EDGE_CURVE( '', #5635, #5485, #5674, .T. );
#4663 = FILL_AREA_STYLE( '', ( #5675 ) );
#4664 = EDGE_CURVE( '', #5476, #5676, #5677, .T. );
#4665 = EDGE_CURVE( '', #5678, #5480, #5679, .T. );
#4666 = EDGE_CURVE( '', #5676, #5678, #5680, .T. );
#4667 = FILL_AREA_STYLE( '', ( #5681 ) );
#4668 = EDGE_CURVE( '', #5682, #5683, #5684, .T. );
#4669 = EDGE_CURVE( '', #5685, #5683, #5686, .T. );
#4670 = EDGE_CURVE( '', #5687, #5685, #5688, .T. );
#4671 = EDGE_CURVE( '', #5687, #5682, #5689, .T. );
#4672 = FILL_AREA_STYLE( '', ( #5690 ) );
#4673 = EDGE_CURVE( '', #5691, #5692, #5693, .T. );
#4674 = EDGE_CURVE( '', #5691, #5625, #5694, .T. );
#4675 = EDGE_CURVE( '', #5692, #5630, #5695, .T. );
#4676 = FILL_AREA_STYLE( '', ( #5696 ) );
#4677 = EDGE_CURVE( '', #5697, #5698, #5699, .T. );
#4678 = EDGE_CURVE( '', #5700, #5697, #5701, .T. );
#4679 = EDGE_CURVE( '', #5700, #5702, #5703, .T. );
#4680 = EDGE_CURVE( '', #5702, #5698, #5704, .T. );
#4681 = FILL_AREA_STYLE( '', ( #5705 ) );
#4682 = EDGE_CURVE( '', #5706, #5707, #5708, .T. );
#4683 = EDGE_CURVE( '', #5709, #5707, #5710, .T. );
#4684 = EDGE_CURVE( '', #5711, #5709, #5712, .T. );
#4685 = EDGE_CURVE( '', #5711, #5706, #5713, .T. );
#4686 = FILL_AREA_STYLE( '', ( #5714 ) );
#4687 = EDGE_CURVE( '', #5715, #5716, #5717, .F. );
#4688 = EDGE_CURVE( '', #5718, #5715, #5719, .F. );
#4689 = EDGE_CURVE( '', #5720, #5718, #5721, .F. );
#4690 = EDGE_CURVE( '', #5716, #5720, #5722, .F. );
#4691 = FILL_AREA_STYLE( '', ( #5723 ) );
#4692 = EDGE_CURVE( '', #5724, #5724, #5725, .T. );
#4693 = EDGE_CURVE( '', #5726, #5726, #5727, .T. );
#4694 = FILL_AREA_STYLE( '', ( #5728 ) );
#4695 = EDGE_CURVE( '', #5729, #5730, #5731, .T. );
#4696 = EDGE_CURVE( '', #5729, #5732, #5733, .T. );
#4697 = EDGE_CURVE( '', #5732, #5734, #5735, .T. );
#4698 = EDGE_CURVE( '', #5736, #5734, #5737, .T. );
#4699 = EDGE_CURVE( '', #5736, #5738, #5739, .T. );
#4700 = EDGE_CURVE( '', #5730, #5738, #5740, .T. );
#4701 = FILL_AREA_STYLE( '', ( #5741 ) );
#4702 = EDGE_CURVE( '', #5597, #5742, #5743, .F. );
#4703 = EDGE_CURVE( '', #5744, #5595, #5745, .F. );
#4704 = EDGE_CURVE( '', #5742, #5744, #5746, .F. );
#4705 = FILL_AREA_STYLE( '', ( #5747 ) );
#4706 = EDGE_CURVE( '', #5580, #5525, #5748, .F. );
#4707 = EDGE_CURVE( '', #5749, #5525, #5750, .T. );
#4708 = EDGE_CURVE( '', #5749, #5582, #5751, .F. );
#4709 = FILL_AREA_STYLE( '', ( #5752 ) );
#4710 = EDGE_CURVE( '', #5753, #5753, #5754, .F. );
#4711 = EDGE_CURVE( '', #5755, #5756, #5757, .T. );
#4712 = EDGE_CURVE( '', #5756, #5758, #5759, .T. );
#4713 = EDGE_CURVE( '', #5758, #5760, #5761, .T. );
#4714 = EDGE_CURVE( '', #5760, #5755, #5762, .T. );
#4715 = FILL_AREA_STYLE( '', ( #5763 ) );
#4716 = EDGE_CURVE( '', #5764, #5621, #5765, .T. );
#4717 = EDGE_CURVE( '', #5766, #5764, #5767, .T. );
#4718 = EDGE_CURVE( '', #5766, #5768, #5769, .T. );
#4719 = EDGE_CURVE( '', #5770, #5768, #5771, .T. );
#4720 = EDGE_CURVE( '', #5772, #5770, #5773, .T. );
#4721 = EDGE_CURVE( '', #5772, #5774, #5775, .T. );
#4722 = EDGE_CURVE( '', #5774, #5616, #5776, .T. );
#4723 = FILL_AREA_STYLE( '', ( #5777 ) );
#4724 = EDGE_CURVE( '', #5778, #5779, #5780, .T. );
#4725 = EDGE_CURVE( '', #5500, #5779, #5781, .T. );
#4726 = EDGE_CURVE( '', #5782, #5497, #5783, .T. );
#4727 = EDGE_CURVE( '', #5782, #5784, #5785, .T. );
#4728 = EDGE_CURVE( '', #5784, #5786, #5787, .T. );
#4729 = EDGE_CURVE( '', #5786, #5788, #5789, .T. );
#4730 = EDGE_CURVE( '', #5788, #5404, #5790, .T. );
#4731 = EDGE_CURVE( '', #5405, #5791, #5792, .T. );
#4732 = EDGE_CURVE( '', #5791, #5540, #5793, .T. );
#4733 = EDGE_CURVE( '', #5538, #5794, #5795, .T. );
#4734 = EDGE_CURVE( '', #5794, #5796, #5797, .T. );
#4735 = EDGE_CURVE( '', #5796, #5764, #5798, .T. );
#4736 = EDGE_CURVE( '', #5619, #5799, #5800, .T. );
#4737 = EDGE_CURVE( '', #5799, #5801, #5802, .T. );
#4738 = EDGE_CURVE( '', #5801, #5803, #5804, .T. );
#4739 = EDGE_CURVE( '', #5803, #5805, #5806, .T. );
#4740 = EDGE_CURVE( '', #5805, #5458, #5807, .T. );
#4741 = EDGE_CURVE( '', #5462, #5778, #5808, .T. );
#4742 = FILL_AREA_STYLE( '', ( #5809 ) );
#4743 = EDGE_CURVE( '', #5810, #5811, #5812, .T. );
#4744 = EDGE_CURVE( '', #5813, #5811, #5814, .T. );
#4745 = EDGE_CURVE( '', #5815, #5813, #5816, .T. );
#4746 = EDGE_CURVE( '', #5815, #5810, #5817, .T. );
#4747 = FILL_AREA_STYLE( '', ( #5818 ) );
#4748 = EDGE_CURVE( '', #5819, #5820, #5821, .T. );
#4749 = EDGE_CURVE( '', #5822, #5820, #5823, .T. );
#4750 = EDGE_CURVE( '', #5824, #5822, #5825, .T. );
#4751 = EDGE_CURVE( '', #5824, #5819, #5826, .T. );
#4752 = FILL_AREA_STYLE( '', ( #5827 ) );
#4753 = EDGE_CURVE( '', #5395, #5828, #5829, .T. );
#4754 = EDGE_CURVE( '', #5400, #5830, #5831, .T. );
#4755 = EDGE_CURVE( '', #5389, #5830, #5832, .T. );
#4756 = EDGE_CURVE( '', #5828, #5386, #5833, .T. );
#4757 = FILL_AREA_STYLE( '', ( #5834 ) );
#4758 = EDGE_CURVE( '', #5835, #5836, #5837, .T. );
#4759 = EDGE_CURVE( '', #5836, #5838, #5839, .T. );
#4760 = EDGE_CURVE( '', #5640, #5838, #5840, .F. );
#4761 = EDGE_CURVE( '', #5841, #5638, #5842, .T. );
#4762 = EDGE_CURVE( '', #5841, #5835, #5843, .F. );
#4763 = FILL_AREA_STYLE( '', ( #5844 ) );
#4764 = EDGE_CURVE( '', #5845, #5786, #5846, .T. );
#4765 = EDGE_CURVE( '', #5845, #5847, #5848, .T. );
#4766 = EDGE_CURVE( '', #5847, #5788, #5849, .T. );
#4767 = FILL_AREA_STYLE( '', ( #5850 ) );
#4768 = EDGE_CURVE( '', #5506, #5794, #5851, .T. );
#4769 = FILL_AREA_STYLE( '', ( #5852 ) );
#4770 = EDGE_CURVE( '', #5853, #5691, #5854, .T. );
#4771 = EDGE_CURVE( '', #5692, #5855, #5856, .T. );
#4772 = EDGE_CURVE( '', #5853, #5855, #5857, .T. );
#4773 = FILL_AREA_STYLE( '', ( #5858 ) );
#4774 = EDGE_CURVE( '', #5658, #5859, #5860, .F. );
#4775 = EDGE_CURVE( '', #5859, #5560, #5861, .F. );
#4776 = FILL_AREA_STYLE( '', ( #5862 ) );
#4777 = EDGE_CURVE( '', #5779, #5649, #5863, .T. );
#4778 = EDGE_CURVE( '', #5778, #5643, #5864, .T. );
#4779 = EDGE_CURVE( '', #5444, #5841, #5865, .F. );
#4780 = EDGE_CURVE( '', #5635, #5742, #5866, .T. );
#4781 = EDGE_CURVE( '', #5669, #5601, #5867, .T. );
#4782 = EDGE_CURVE( '', #5667, #5715, #5868, .T. );
#4783 = EDGE_CURVE( '', #5661, #5716, #5869, .T. );
#4784 = EDGE_CURVE( '', #5566, #5870, #5871, .F. );
#4785 = EDGE_CURVE( '', #5656, #5870, #5872, .T. );
#4786 = EDGE_CURVE( '', #5654, #5873, #5874, .T. );
#4787 = EDGE_CURVE( '', #5873, #5429, #5875, .F. );
#4788 = FILL_AREA_STYLE( '', ( #5876 ) );
#4789 = EDGE_CURVE( '', #5489, #5877, #5878, .T. );
#4790 = EDGE_CURVE( '', #5575, #5877, #5879, .T. );
#4791 = EDGE_CURVE( '', #5880, #5573, #5881, .T. );
#4792 = EDGE_CURVE( '', #5880, #5882, #5883, .T. );
#4793 = EDGE_CURVE( '', #5882, #5603, #5884, .T. );
#4794 = FILL_AREA_STYLE( '', ( #5885 ) );
#4795 = EDGE_CURVE( '', #5702, #5460, #5886, .T. );
#4796 = EDGE_CURVE( '', #5645, #5700, #5887, .T. );
#4797 = FILL_AREA_STYLE( '', ( #5888 ) );
#4798 = EDGE_CURVE( '', #5889, #5890, #5891, .T. );
#4799 = EDGE_CURVE( '', #5892, #5890, #5893, .T. );
#4800 = EDGE_CURVE( '', #5894, #5892, #5895, .T. );
#4801 = EDGE_CURVE( '', #5894, #5889, #5896, .T. );
#4802 = FILL_AREA_STYLE( '', ( #5897 ) );
#4803 = EDGE_CURVE( '', #5523, #5898, #5899, .F. );
#4804 = EDGE_CURVE( '', #5900, #5898, #5901, .T. );
#4805 = EDGE_CURVE( '', #5900, #5902, #5903, .F. );
#4806 = EDGE_CURVE( '', #5523, #5902, #5904, .T. );
#4807 = FILL_AREA_STYLE( '', ( #5905 ) );
#4808 = EDGE_CURVE( '', #5906, #5907, #5908, .T. );
#4809 = EDGE_CURVE( '', #5902, #5907, #5909, .T. );
#4810 = EDGE_CURVE( '', #5906, #5900, #5910, .T. );
#4811 = FILL_AREA_STYLE( '', ( #5911 ) );
#4812 = EDGE_CURVE( '', #5912, #5913, #5914, .T. );
#4813 = EDGE_CURVE( '', #5915, #5913, #5916, .T. );
#4814 = EDGE_CURVE( '', #5917, #5915, #5918, .T. );
#4815 = EDGE_CURVE( '', #5917, #5912, #5919, .T. );
#4816 = FILL_AREA_STYLE( '', ( #5920 ) );
#4817 = EDGE_CURVE( '', #5570, #5921, #5922, .T. );
#4818 = EDGE_CURVE( '', #5923, #5921, #5924, .T. );
#4819 = EDGE_CURVE( '', #5571, #5923, #5925, .T. );
#4820 = FILL_AREA_STYLE( '', ( #5926 ) );
#4821 = EDGE_CURVE( '', #5927, #5928, #5929, .T. );
#4822 = EDGE_CURVE( '', #5928, #5930, #5931, .T. );
#4823 = EDGE_CURVE( '', #5930, #5932, #5933, .T. );
#4824 = EDGE_CURVE( '', #5927, #5932, #5934, .T. );
#4825 = FILL_AREA_STYLE( '', ( #5935 ) );
#4826 = EDGE_CURVE( '', #5579, #5521, #5936, .F. );
#4827 = FILL_AREA_STYLE( '', ( #5937 ) );
#4828 = EDGE_CURVE( '', #5938, #5939, #5940, .T. );
#4829 = EDGE_CURVE( '', #5939, #5941, #5942, .T. );
#4830 = EDGE_CURVE( '', #5941, #5943, #5944, .T. );
#4831 = EDGE_CURVE( '', #5938, #5943, #5945, .T. );
#4832 = FILL_AREA_STYLE( '', ( #5946 ) );
#4833 = EDGE_CURVE( '', #5947, #5948, #5949, .T. );
#4834 = EDGE_CURVE( '', #5950, #5948, #5951, .T. );
#4835 = EDGE_CURVE( '', #5952, #5950, #5953, .T. );
#4836 = EDGE_CURVE( '', #5952, #5947, #5954, .T. );
#4837 = FILL_AREA_STYLE( '', ( #5955 ) );
#4838 = EDGE_CURVE( '', #5956, #5956, #5957, .T. );
#4839 = EDGE_CURVE( '', #5958, #5958, #5959, .T. );
#4840 = FILL_AREA_STYLE( '', ( #5960 ) );
#4841 = EDGE_CURVE( '', #5961, #5962, #5963, .T. );
#4842 = EDGE_CURVE( '', #5961, #5964, #5965, .T. );
#4843 = EDGE_CURVE( '', #5964, #5966, #5967, .T. );
#4844 = EDGE_CURVE( '', #5968, #5966, #5969, .T. );
#4845 = EDGE_CURVE( '', #5968, #5970, #5971, .T. );
#4846 = EDGE_CURVE( '', #5962, #5970, #5972, .T. );
#4847 = FILL_AREA_STYLE( '', ( #5973 ) );
#4848 = EDGE_CURVE( '', #5974, #5975, #5976, .T. );
#4849 = EDGE_CURVE( '', #5977, #5974, #5978, .T. );
#4850 = EDGE_CURVE( '', #5979, #5977, #5980, .T. );
#4851 = EDGE_CURVE( '', #5981, #5979, #5982, .T. );
#4852 = EDGE_CURVE( '', #5617, #5981, #5983, .T. );
#4853 = EDGE_CURVE( '', #5975, #5774, #5984, .T. );
#4854 = FILL_AREA_STYLE( '', ( #5985 ) );
#4855 = EDGE_CURVE( '', #5986, #5979, #5987, .T. );
#4856 = EDGE_CURVE( '', #5988, #5986, #5989, .T. );
#4857 = EDGE_CURVE( '', #5988, #5981, #5990, .T. );
#4858 = FILL_AREA_STYLE( '', ( #5991 ) );
#4859 = EDGE_CURVE( '', #5738, #5992, #5993, .T. );
#4860 = EDGE_CURVE( '', #5994, #5736, #5995, .T. );
#4861 = EDGE_CURVE( '', #5994, #5992, #5996, .T. );
#4862 = FILL_AREA_STYLE( '', ( #5997 ) );
#4863 = EDGE_CURVE( '', #5998, #5882, #5999, .T. );
#4864 = EDGE_CURVE( '', #5671, #5998, #6000, .F. );
#4865 = FILL_AREA_STYLE( '', ( #6001 ) );
#4866 = EDGE_CURVE( '', #6002, #5772, #6003, .T. );
#4867 = EDGE_CURVE( '', #6002, #5975, #6004, .T. );
#4868 = FILL_AREA_STYLE( '', ( #6005 ) );
#4869 = EDGE_CURVE( '', #6006, #6007, #6008, .T. );
#4870 = EDGE_CURVE( '', #6009, #6006, #6010, .T. );
#4871 = EDGE_CURVE( '', #6011, #6009, #6012, .T. );
#4872 = EDGE_CURVE( '', #6011, #6007, #6013, .T. );
#4873 = FILL_AREA_STYLE( '', ( #6014 ) );
#4874 = EDGE_CURVE( '', #5369, #6015, #6016, .T. );
#4875 = EDGE_CURVE( '', #6017, #6015, #6018, .T. );
#4876 = EDGE_CURVE( '', #5371, #6017, #6019, .T. );
#4877 = FILL_AREA_STYLE( '', ( #6020 ) );
#4878 = EDGE_CURVE( '', #5387, #6021, #6022, .T. );
#4879 = EDGE_CURVE( '', #6023, #5391, #6024, .T. );
#4880 = EDGE_CURVE( '', #6023, #5398, #6025, .T. );
#4881 = EDGE_CURVE( '', #5396, #6021, #6026, .T. );
#4882 = FILL_AREA_STYLE( '', ( #6027 ) );
#4883 = EDGE_CURVE( '', #5847, #6028, #6029, .T. );
#4884 = EDGE_CURVE( '', #6030, #6028, #6031, .T. );
#4885 = EDGE_CURVE( '', #6032, #6030, #6033, .T. );
#4886 = EDGE_CURVE( '', #6032, #6034, #6035, .T. );
#4887 = EDGE_CURVE( '', #6034, #5407, #6036, .T. );
#4888 = FILL_AREA_STYLE( '', ( #6037 ) );
#4889 = EDGE_CURVE( '', #6038, #6039, #6040, .T. );
#4890 = EDGE_CURVE( '', #6038, #6041, #6042, .T. );
#4891 = EDGE_CURVE( '', #6041, #6043, #6044, .T. );
#4892 = EDGE_CURVE( '', #6043, #5803, #6045, .T. );
#4893 = EDGE_CURVE( '', #6046, #5801, #6047, .T. );
#4894 = EDGE_CURVE( '', #6046, #6048, #6049, .T. );
#4895 = EDGE_CURVE( '', #6039, #6048, #6050, .T. );
#4896 = FILL_AREA_STYLE( '', ( #6051 ) );
#4897 = EDGE_CURVE( '', #5992, #6052, #6053, .T. );
#4898 = EDGE_CURVE( '', #6054, #5994, #6055, .T. );
#4899 = EDGE_CURVE( '', #6054, #6056, #6057, .T. );
#4900 = EDGE_CURVE( '', #6058, #6056, #6059, .T. );
#4901 = EDGE_CURVE( '', #6058, #6052, #6060, .T. );
#4902 = FILL_AREA_STYLE( '', ( #6061 ) );
#4903 = EDGE_CURVE( '', #6062, #5665, #6063, .F. );
#4904 = EDGE_CURVE( '', #6062, #6064, #6065, .T. );
#4905 = EDGE_CURVE( '', #6064, #5718, #6066, .T. );
#4906 = FILL_AREA_STYLE( '', ( #6067 ) );
#4907 = EDGE_CURVE( '', #6068, #5564, #6069, .F. );
#4908 = EDGE_CURVE( '', #5870, #6068, #6070, .F. );
#4909 = FILL_AREA_STYLE( '', ( #6071 ) );
#4910 = EDGE_CURVE( '', #5928, #5362, #6072, .T. );
#4911 = EDGE_CURVE( '', #5363, #5930, #6073, .T. );
#4912 = FILL_AREA_STYLE( '', ( #6074 ) );
#4913 = EDGE_CURVE( '', #6075, #5889, #6076, .T. );
#4914 = EDGE_CURVE( '', #6077, #5894, #6078, .T. );
#4915 = EDGE_CURVE( '', #6077, #6075, #6079, .T. );
#4916 = FILL_AREA_STYLE( '', ( #6080 ) );
#4917 = EDGE_CURVE( '', #5626, #6081, #6082, .T. );
#4918 = EDGE_CURVE( '', #6081, #5498, #6083, .T. );
#4919 = EDGE_CURVE( '', #5498, #5628, #6084, .T. );
#4920 = FILL_AREA_STYLE( '', ( #6085 ) );
#4921 = EDGE_CURVE( '', #6048, #5706, #6086, .T. );
#4922 = EDGE_CURVE( '', #6039, #5711, #6087, .T. );
#4923 = FILL_AREA_STYLE( '', ( #6088 ) );
#4924 = EDGE_CURVE( '', #6089, #6090, #6091, .T. );
#4925 = EDGE_CURVE( '', #5663, #6089, #6092, .F. );
#4926 = EDGE_CURVE( '', #6090, #5720, #6093, .T. );
#4927 = FILL_AREA_STYLE( '', ( #6094 ) );
#4928 = EDGE_CURVE( '', #6095, #6096, #6097, .T. );
#4929 = EDGE_CURVE( '', #6098, #6096, #6099, .T. );
#4930 = EDGE_CURVE( '', #6100, #6098, #6101, .T. );
#4931 = EDGE_CURVE( '', #6100, #6095, #6102, .T. );
#4932 = FILL_AREA_STYLE( '', ( #6103 ) );
#4933 = EDGE_CURVE( '', #6104, #5873, #6105, .F. );
#4934 = EDGE_CURVE( '', #5431, #6104, #6106, .F. );
#4935 = FILL_AREA_STYLE( '', ( #6107 ) );
#4936 = EDGE_CURVE( '', #6108, #5584, #6109, .T. );
#4937 = EDGE_CURVE( '', #6108, #5749, #6110, .T. );
#4938 = FILL_AREA_STYLE( '', ( #6111 ) );
#4939 = EDGE_CURVE( '', #5768, #6112, #6113, .T. );
#4940 = EDGE_CURVE( '', #6114, #5766, #6115, .T. );
#4941 = EDGE_CURVE( '', #6116, #6114, #6117, .T. );
#4942 = EDGE_CURVE( '', #6118, #6116, #6119, .T. );
#4943 = EDGE_CURVE( '', #6120, #6118, #6121, .T. );
#4944 = EDGE_CURVE( '', #6122, #6120, #6123, .T. );
#4945 = EDGE_CURVE( '', #6112, #6122, #6124, .T. );
#4946 = FILL_AREA_STYLE( '', ( #6125 ) );
#4947 = EDGE_CURVE( '', #6126, #6095, #6127, .T. );
#4948 = EDGE_CURVE( '', #6128, #6100, #6129, .T. );
#4949 = EDGE_CURVE( '', #6128, #6126, #6130, .T. );
#4950 = FILL_AREA_STYLE( '', ( #6131 ) );
#4951 = EDGE_CURVE( '', #6132, #5466, #6133, .T. );
#4952 = EDGE_CURVE( '', #5467, #6134, #6135, .T. );
#4953 = EDGE_CURVE( '', #6132, #6134, #6136, .T. );
#4954 = FILL_AREA_STYLE( '', ( #6137 ) );
#4955 = EDGE_CURVE( '', #6138, #5977, #6139, .T. );
#4956 = EDGE_CURVE( '', #5986, #6138, #6140, .T. );
#4957 = FILL_AREA_STYLE( '', ( #6141 ) );
#4958 = EDGE_CURVE( '', #6142, #6143, #6144, .T. );
#4959 = EDGE_CURVE( '', #5634, #6142, #6145, .F. );
#4960 = EDGE_CURVE( '', #6143, #5744, #6146, .T. );
#4961 = FILL_AREA_STYLE( '', ( #6147 ) );
#4962 = EDGE_CURVE( '', #6148, #6149, #6150, .T. );
#4963 = EDGE_CURVE( '', #6151, #6149, #6152, .T. );
#4964 = EDGE_CURVE( '', #6153, #6151, #6154, .T. );
#4965 = EDGE_CURVE( '', #6153, #6148, #6155, .T. );
#4966 = FILL_AREA_STYLE( '', ( #6156 ) );
#4967 = EDGE_CURVE( '', #6157, #6157, #6158, .F. );
#4968 = FILL_AREA_STYLE( '', ( #6159 ) );
#4969 = EDGE_CURVE( '', #6160, #6161, #6162, .T. );
#4970 = EDGE_CURVE( '', #6161, #6006, #6163, .T. );
#4971 = EDGE_CURVE( '', #6160, #6007, #6164, .T. );
#4972 = FILL_AREA_STYLE( '', ( #6165 ) );
#4973 = EDGE_CURVE( '', #6166, #6166, #6167, .T. );
#4974 = EDGE_CURVE( '', #6168, #6168, #6169, .T. );
#4975 = FILL_AREA_STYLE( '', ( #6170 ) );
#4976 = EDGE_CURVE( '', #6171, #6122, #6172, .T. );
#4977 = EDGE_CURVE( '', #6173, #6171, #6174, .T. );
#4978 = EDGE_CURVE( '', #6173, #6112, #6175, .T. );
#4979 = FILL_AREA_STYLE( '', ( #6176 ) );
#4980 = EDGE_CURVE( '', #5608, #6177, #6178, .T. );
#4981 = EDGE_CURVE( '', #6179, #6177, #6180, .T. );
#4982 = EDGE_CURVE( '', #5610, #6179, #6181, .T. );
#4983 = FILL_AREA_STYLE( '', ( #6182 ) );
#4984 = EDGE_CURVE( '', #6183, #5923, #6184, .T. );
#4985 = EDGE_CURVE( '', #6185, #6183, #6186, .T. );
#4986 = EDGE_CURVE( '', #5880, #6185, #6187, .T. );
#4987 = FILL_AREA_STYLE( '', ( #6188 ) );
#4988 = EDGE_CURVE( '', #5520, #6189, #6190, .F. );
#4989 = EDGE_CURVE( '', #5898, #6189, #6191, .T. );
#4990 = FILL_AREA_STYLE( '', ( #6192 ) );
#4991 = EDGE_CURVE( '', #5820, #6193, #6194, .T. );
#4992 = EDGE_CURVE( '', #6195, #6193, #6196, .T. );
#4993 = EDGE_CURVE( '', #5822, #6195, #6197, .T. );
#4994 = FILL_AREA_STYLE( '', ( #6198 ) );
#4995 = EDGE_CURVE( '', #6177, #6199, #6200, .T. );
#4996 = EDGE_CURVE( '', #6201, #6199, #6202, .T. );
#4997 = EDGE_CURVE( '', #6179, #6201, #6203, .T. );
#4998 = FILL_AREA_STYLE( '', ( #6204 ) );
#4999 = EDGE_CURVE( '', #6205, #6206, #6207, .T. );
#5000 = EDGE_CURVE( '', #6208, #6206, #6209, .T. );
#5001 = EDGE_CURVE( '', #6210, #6208, #6211, .T. );
#5002 = EDGE_CURVE( '', #6210, #6205, #6212, .T. );
#5003 = FILL_AREA_STYLE( '', ( #6213 ) );
#5004 = EDGE_CURVE( '', #6214, #6034, #6215, .T. );
#5005 = EDGE_CURVE( '', #6216, #6032, #6217, .T. );
#5006 = EDGE_CURVE( '', #6216, #6214, #6218, .T. );
#5007 = FILL_AREA_STYLE( '', ( #6219 ) );
#5008 = EDGE_CURVE( '', #5647, #5697, #6220, .T. );
#5009 = FILL_AREA_STYLE( '', ( #6221 ) );
#5010 = EDGE_CURVE( '', #6222, #6223, #6224, .T. );
#5011 = EDGE_CURVE( '', #6223, #6009, #6225, .T. );
#5012 = EDGE_CURVE( '', #6009, #5457, #6226, .T. );
#5013 = EDGE_CURVE( '', #6222, #5457, #6227, .T. );
#5014 = FILL_AREA_STYLE( '', ( #6228 ) );
#5015 = EDGE_CURVE( '', #6229, #5917, #6230, .T. );
#5016 = EDGE_CURVE( '', #6229, #6231, #6232, .T. );
#5017 = EDGE_CURVE( '', #6231, #5912, #6233, .T. );
#5018 = FILL_AREA_STYLE( '', ( #6234 ) );
#5019 = EDGE_CURVE( '', #6028, #6126, #6235, .T. );
#5020 = EDGE_CURVE( '', #6030, #6128, #6236, .T. );
#5021 = FILL_AREA_STYLE( '', ( #6237 ) );
#5022 = EDGE_CURVE( '', #6089, #6062, #6238, .F. );
#5023 = FILL_AREA_STYLE( '', ( #6239 ) );
#5024 = EDGE_CURVE( '', #6240, #5514, #6241, .T. );
#5025 = EDGE_CURVE( '', #6242, #6240, #6243, .T. );
#5026 = EDGE_CURVE( '', #6242, #5516, #6244, .T. );
#5027 = FILL_AREA_STYLE( '', ( #6245 ) );
#5028 = EDGE_CURVE( '', #5855, #5628, #6246, .T. );
#5029 = FILL_AREA_STYLE( '', ( #6247 ) );
#5030 = EDGE_CURVE( '', #5435, #6248, #6249, .T. );
#5031 = EDGE_CURVE( '', #5440, #6250, #6251, .T. );
#5032 = EDGE_CURVE( '', #6250, #6252, #6253, .T. );
#5033 = EDGE_CURVE( '', #6252, #6254, #6255, .T. );
#5034 = EDGE_CURVE( '', #6248, #6254, #6256, .T. );
#5035 = FILL_AREA_STYLE( '', ( #6257 ) );
#5036 = EDGE_CURVE( '', #5961, #6258, #6259, .T. );
#5037 = EDGE_CURVE( '', #6258, #6260, #6261, .T. );
#5038 = EDGE_CURVE( '', #6260, #5964, #6262, .T. );
#5039 = FILL_AREA_STYLE( '', ( #6263 ) );
#5040 = EDGE_CURVE( '', #6189, #5906, #6264, .T. );
#5041 = FILL_AREA_STYLE( '', ( #6265 ) );
#5042 = EDGE_CURVE( '', #6266, #5734, #6267, .T. );
#5043 = EDGE_CURVE( '', #6268, #6266, #6269, .T. );
#5044 = EDGE_CURVE( '', #5422, #6268, #6270, .F. );
#5045 = EDGE_CURVE( '', #6054, #5423, #6271, .T. );
#5046 = FILL_AREA_STYLE( '', ( #6272 ) );
#5047 = EDGE_CURVE( '', #6098, #5824, #6273, .T. );
#5048 = EDGE_CURVE( '', #6096, #5845, #6274, .T. );
#5049 = EDGE_CURVE( '', #6275, #5784, #6276, .T. );
#5050 = EDGE_CURVE( '', #6275, #5819, #6277, .T. );
#5051 = FILL_AREA_STYLE( '', ( #6278 ) );
#5052 = EDGE_CURVE( '', #6254, #6279, #6280, .T. );
#5053 = EDGE_CURVE( '', #6252, #6281, #6282, .T. );
#5054 = EDGE_CURVE( '', #6281, #6279, #6283, .T. );
#5055 = FILL_AREA_STYLE( '', ( #6284 ) );
#5056 = EDGE_CURVE( '', #6285, #5810, #6286, .T. );
#5057 = EDGE_CURVE( '', #6287, #5815, #6288, .T. );
#5058 = EDGE_CURVE( '', #6287, #6285, #6289, .T. );
#5059 = FILL_AREA_STYLE( '', ( #6290 ) );
#5060 = FILL_AREA_STYLE( '', ( #6291 ) );
#5061 = EDGE_CURVE( '', #6292, #5368, #6293, .T. );
#5062 = EDGE_CURVE( '', #6294, #5373, #6295, .T. );
#5063 = EDGE_CURVE( '', #6294, #6292, #6296, .T. );
#5064 = FILL_AREA_STYLE( '', ( #6297 ) );
#5065 = EDGE_CURVE( '', #5354, #6298, #6299, .T. );
#5066 = EDGE_CURVE( '', #6298, #5676, #6300, .T. );
#5067 = EDGE_CURVE( '', #5676, #5356, #6301, .T. );
#5068 = FILL_AREA_STYLE( '', ( #6302 ) );
#5069 = EDGE_CURVE( '', #6303, #6214, #6304, .T. );
#5070 = EDGE_CURVE( '', #6305, #6216, #6306, .T. );
#5071 = EDGE_CURVE( '', #6305, #6303, #6307, .T. );
#5072 = FILL_AREA_STYLE( '', ( #6308 ) );
#5073 = EDGE_CURVE( '', #6309, #6310, #6311, .T. );
#5074 = EDGE_CURVE( '', #6043, #6309, #6312, .T. );
#5075 = EDGE_CURVE( '', #6313, #6041, #6314, .T. );
#5076 = EDGE_CURVE( '', #6310, #6313, #6315, .T. );
#5077 = FILL_AREA_STYLE( '', ( #6316 ) );
#5078 = EDGE_CURVE( '', #6317, #6292, #6318, .T. );
#5079 = EDGE_CURVE( '', #6319, #6294, #6320, .T. );
#5080 = EDGE_CURVE( '', #6319, #6317, #6321, .T. );
#5081 = FILL_AREA_STYLE( '', ( #6322 ) );
#5082 = EDGE_CURVE( '', #6199, #5377, #6323, .T. );
#5083 = EDGE_CURVE( '', #6201, #5382, #6324, .T. );
#5084 = FILL_AREA_STYLE( '', ( #6325 ) );
#5085 = EDGE_CURVE( '', #6223, #6326, #6327, .T. );
#5086 = EDGE_CURVE( '', #6326, #6011, #6328, .T. );
#5087 = FILL_AREA_STYLE( '', ( #6329 ) );
#5088 = EDGE_CURVE( '', #6330, #6310, #6331, .T. );
#5089 = EDGE_CURVE( '', #6332, #6330, #6333, .T. );
#5090 = EDGE_CURVE( '', #6332, #6309, #6334, .T. );
#5091 = FILL_AREA_STYLE( '', ( #6335 ) );
#5092 = EDGE_CURVE( '', #6336, #6002, #6337, .T. );
#5093 = EDGE_CURVE( '', #6336, #5974, #6338, .T. );
#5094 = FILL_AREA_STYLE( '', ( #6339 ) );
#5095 = EDGE_CURVE( '', #5478, #6340, #6341, .T. );
#5096 = EDGE_CURVE( '', #6340, #5678, #6342, .T. );
#5097 = FILL_AREA_STYLE( '', ( #6343 ) );
#5098 = EDGE_CURVE( '', #5698, #5502, #6344, .T. );
#5099 = EDGE_CURVE( '', #6134, #6006, #6345, .T. );
#5100 = EDGE_CURVE( '', #6134, #5932, #6346, .T. );
#5101 = EDGE_CURVE( '', #5930, #5356, #6347, .T. );
#5102 = EDGE_CURVE( '', #5855, #5678, #6348, .T. );
#5103 = FILL_AREA_STYLE( '', ( #6349 ) );
#5104 = EDGE_CURVE( '', #6350, #5799, #6351, .T. );
#5105 = EDGE_CURVE( '', #6352, #5988, #6353, .T. );
#5106 = EDGE_CURVE( '', #6352, #6354, #6355, .T. );
#5107 = EDGE_CURVE( '', #6354, #6350, #6356, .T. );
#5108 = FILL_AREA_STYLE( '', ( #6357 ) );
#5109 = EDGE_CURVE( '', #6358, #6248, #6359, .T. );
#5110 = EDGE_CURVE( '', #5436, #6358, #6360, .T. );
#5111 = FILL_AREA_STYLE( '', ( #6361 ) );
#5112 = EDGE_CURVE( '', #5409, #5413, #6362, .T. );
#5113 = EDGE_CURVE( '', #6363, #6303, #6364, .T. );
#5114 = EDGE_CURVE( '', #5414, #6363, #6365, .T. );
#5115 = FILL_AREA_STYLE( '', ( #6366 ) );
#5116 = EDGE_CURVE( '', #6114, #5796, #6367, .T. );
#5117 = FILL_AREA_STYLE( '', ( #6368 ) );
#5118 = EDGE_CURVE( '', #6268, #5652, #6369, .F. );
#5119 = EDGE_CURVE( '', #6266, #6104, #6370, .T. );
#5120 = FILL_AREA_STYLE( '', ( #6371 ) );
#5121 = EDGE_CURVE( '', #6326, #6160, #6372, .T. );
#5122 = FILL_AREA_STYLE( '', ( #6373 ) );
#5123 = EDGE_CURVE( '', #6138, #6336, #6374, .T. );
#5124 = FILL_AREA_STYLE( '', ( #6375 ) );
#5125 = EDGE_CURVE( '', #6376, #6376, #6377, .F. );
#5126 = EDGE_CURVE( '', #6052, #5730, #6378, .T. );
#5127 = FILL_AREA_STYLE( '', ( #6379 ) );
#5128 = EDGE_CURVE( '', #5683, #6380, #6381, .T. );
#5129 = EDGE_CURVE( '', #6382, #6380, #6383, .T. );
#5130 = EDGE_CURVE( '', #5685, #6382, #6384, .T. );
#5131 = FILL_AREA_STYLE( '', ( #6385 ) );
#5132 = EDGE_CURVE( '', #6386, #6387, #6388, .T. );
#5133 = EDGE_CURVE( '', #6389, #6386, #6390, .T. );
#5134 = EDGE_CURVE( '', #6391, #6389, #6392, .T. );
#5135 = EDGE_CURVE( '', #6391, #6260, #6393, .T. );
#5136 = EDGE_CURVE( '', #6258, #6387, #6394, .T. );
#5137 = FILL_AREA_STYLE( '', ( #6395 ) );
#5138 = EDGE_CURVE( '', #6396, #5877, #6397, .T. );
#5139 = EDGE_CURVE( '', #6396, #6398, #6399, .T. );
#5140 = EDGE_CURVE( '', #5921, #6398, #6400, .T. );
#5141 = FILL_AREA_STYLE( '', ( #6401 ) );
#5142 = EDGE_CURVE( '', #6402, #6402, #6403, .T. );
#5143 = FILL_AREA_STYLE( '', ( #6404 ) );
#5144 = EDGE_CURVE( '', #6405, #5438, #6406, .T. );
#5145 = EDGE_CURVE( '', #6405, #5836, #6407, .T. );
#5146 = EDGE_CURVE( '', #5835, #5453, #6408, .F. );
#5147 = EDGE_CURVE( '', #5451, #6250, #6409, .T. );
#5148 = FILL_AREA_STYLE( '', ( #6410 ) );
#5149 = EDGE_CURVE( '', #5932, #5471, #6411, .T. );
#5150 = FILL_AREA_STYLE( '', ( #6412 ) );
#5151 = EDGE_CURVE( '', #5729, #6058, #6413, .T. );
#5152 = FILL_AREA_STYLE( '', ( #6414 ) );
#5153 = EDGE_CURVE( '', #5347, #6242, #6415, .T. );
#5154 = FILL_AREA_STYLE( '', ( #6416 ) );
#5155 = EDGE_CURVE( '', #5593, #5830, #6417, .T. );
#5156 = EDGE_CURVE( '', #6142, #5591, #6418, .F. );
#5157 = EDGE_CURVE( '', #6023, #6143, #6419, .T. );
#5158 = FILL_AREA_STYLE( '', ( #6420 ) );
#5159 = EDGE_CURVE( '', #6387, #5962, #6421, .T. );
#5160 = EDGE_CURVE( '', #5970, #6386, #6422, .T. );
#5161 = FILL_AREA_STYLE( '', ( #6423 ) );
#5162 = EDGE_CURVE( '', #6424, #6038, #6425, .T. );
#5163 = EDGE_CURVE( '', #6424, #6313, #6426, .T. );
#5164 = FILL_AREA_STYLE( '', ( #6427 ) );
#5165 = FILL_AREA_STYLE( '', ( #6428 ) );
#5166 = EDGE_CURVE( '', #6015, #6429, #6430, .T. );
#5167 = EDGE_CURVE( '', #6431, #6429, #6432, .T. );
#5168 = EDGE_CURVE( '', #6017, #6431, #6433, .T. );
#5169 = FILL_AREA_STYLE( '', ( #6434 ) );
#5170 = EDGE_CURVE( '', #6161, #6132, #6435, .T. );
#5171 = EDGE_CURVE( '', #5805, #6222, #6436, .T. );
#5172 = EDGE_CURVE( '', #6437, #6332, #6438, .T. );
#5173 = EDGE_CURVE( '', #6437, #6439, #6440, .T. );
#5174 = EDGE_CURVE( '', #6439, #6205, #6441, .T. );
#5175 = EDGE_CURVE( '', #5532, #6210, #6442, .T. );
#5176 = EDGE_CURVE( '', #5530, #6075, #6443, .T. );
#5177 = EDGE_CURVE( '', #6431, #6077, #6444, .T. );
#5178 = EDGE_CURVE( '', #6429, #6317, #6445, .T. );
#5179 = EDGE_CURVE( '', #5380, #6319, #6446, .T. );
#5180 = EDGE_CURVE( '', #5378, #5607, #6447, .T. );
#5181 = EDGE_CURVE( '', #6382, #5612, #6448, .T. );
#5182 = EDGE_CURVE( '', #6380, #6285, #6449, .T. );
#5183 = EDGE_CURVE( '', #6450, #6287, #6451, .T. );
#5184 = EDGE_CURVE( '', #6450, #6452, #6453, .T. );
#5185 = EDGE_CURVE( '', #6452, #6275, #6454, .T. );
#5186 = EDGE_CURVE( '', #6081, #5782, #6455, .T. );
#5187 = EDGE_CURVE( '', #6340, #5853, #6456, .T. );
#5188 = EDGE_CURVE( '', #6298, #5475, #6457, .T. );
#5189 = EDGE_CURVE( '', #5469, #5927, #6458, .T. );
#5190 = FILL_AREA_STYLE( '', ( #6459 ) );
#5191 = EDGE_CURVE( '', #6460, #6148, #6461, .T. );
#5192 = EDGE_CURVE( '', #6462, #6153, #6463, .T. );
#5193 = EDGE_CURVE( '', #6462, #6460, #6464, .T. );
#5194 = FILL_AREA_STYLE( '', ( #6465 ) );
#5195 = EDGE_CURVE( '', #6021, #5828, #6466, .T. );
#5196 = FILL_AREA_STYLE( '', ( #6467 ) );
#5197 = EDGE_CURVE( '', #6468, #6468, #6469, .F. );
#5198 = EDGE_CURVE( '', #6470, #6470, #6471, .T. );
#5199 = FILL_AREA_STYLE( '', ( #6472 ) );
#5200 = EDGE_CURVE( '', #6473, #6116, #6474, .T. );
#5201 = EDGE_CURVE( '', #6475, #6473, #6476, .T. );
#5202 = EDGE_CURVE( '', #6475, #6118, #6477, .T. );
#5203 = FILL_AREA_STYLE( '', ( #6478 ) );
#5204 = EDGE_CURVE( '', #5707, #6354, #6479, .T. );
#5205 = EDGE_CURVE( '', #5709, #6352, #6480, .T. );
#5206 = FILL_AREA_STYLE( '', ( #6481 ) );
#5207 = FILL_AREA_STYLE( '', ( #6482 ) );
#5208 = EDGE_CURVE( '', #6483, #6305, #6484, .T. );
#5209 = EDGE_CURVE( '', #6483, #6363, #6485, .T. );
#5210 = FILL_AREA_STYLE( '', ( #6486 ) );
#5211 = EDGE_CURVE( '', #6398, #6183, #6487, .T. );
#5212 = EDGE_CURVE( '', #6185, #6396, #6488, .T. );
#5213 = FILL_AREA_STYLE( '', ( #6489 ) );
#5214 = EDGE_CURVE( '', #6193, #6452, #6490, .T. );
#5215 = FILL_AREA_STYLE( '', ( #6491 ) );
#5216 = EDGE_CURVE( '', #5770, #6173, #6492, .T. );
#5217 = FILL_AREA_STYLE( '', ( #6493 ) );
#5218 = EDGE_CURVE( '', #6494, #5529, #6495, .T. );
#5219 = EDGE_CURVE( '', #6496, #5534, #6497, .T. );
#5220 = EDGE_CURVE( '', #6496, #6494, #6498, .T. );
#5221 = FILL_AREA_STYLE( '', ( #6499 ) );
#5222 = EDGE_CURVE( '', #5521, #6108, #6500, .T. );
#5223 = FILL_AREA_STYLE( '', ( #6501 ) );
#5224 = FILL_AREA_STYLE( '', ( #6502 ) );
#5225 = EDGE_CURVE( '', #5948, #6460, #6503, .T. );
#5226 = EDGE_CURVE( '', #5950, #6462, #6504, .T. );
#5227 = FILL_AREA_STYLE( '', ( #6505 ) );
#5228 = EDGE_CURVE( '', #5907, #5520, #6506, .T. );
#5229 = FILL_AREA_STYLE( '', ( #6507 ) );
#5230 = FILL_AREA_STYLE( '', ( #6508 ) );
#5231 = EDGE_CURVE( '', #6509, #5512, #6510, .T. );
#5232 = EDGE_CURVE( '', #6240, #6509, #6511, .T. );
#5233 = FILL_AREA_STYLE( '', ( #6512 ) );
#5234 = EDGE_CURVE( '', #6350, #6046, #6513, .T. );
#5235 = FILL_AREA_STYLE( '', ( #6514 ) );
#5236 = EDGE_CURVE( '', #5998, #5487, #6515, .F. );
#5237 = FILL_AREA_STYLE( '', ( #6516 ) );
#5238 = EDGE_CURVE( '', #5913, #6439, #6517, .T. );
#5239 = EDGE_CURVE( '', #6206, #6231, #6518, .T. );
#5240 = FILL_AREA_STYLE( '', ( #6519 ) );
#5241 = EDGE_CURVE( '', #5902, #5749, #6520, .T. );
#5242 = FILL_AREA_STYLE( '', ( #6521 ) );
#5243 = EDGE_CURVE( '', #5838, #5449, #6522, .F. );
#5244 = FILL_AREA_STYLE( '', ( #6523 ) );
#5245 = FILL_AREA_STYLE( '', ( #6524 ) );
#5246 = FILL_AREA_STYLE( '', ( #6525 ) );
#5247 = EDGE_CURVE( '', #6056, #5732, #6526, .T. );
#5248 = FILL_AREA_STYLE( '', ( #6527 ) );
#5249 = EDGE_CURVE( '', #6064, #5966, #6528, .T. );
#5250 = EDGE_CURVE( '', #6391, #6090, #6529, .T. );
#5251 = FILL_AREA_STYLE( '', ( #6530 ) );
#5252 = FILL_AREA_STYLE( '', ( #6531 ) );
#5253 = EDGE_CURVE( '', #6509, #5548, #6532, .T. );
#5254 = FILL_AREA_STYLE( '', ( #6533 ) );
#5255 = EDGE_CURVE( '', #6208, #6229, #6534, .T. );
#5256 = FILL_AREA_STYLE( '', ( #6535 ) );
#5257 = FILL_AREA_STYLE( '', ( #6536 ) );
#5258 = FILL_AREA_STYLE( '', ( #6537 ) );
#5259 = FILL_AREA_STYLE( '', ( #6538 ) );
#5260 = FILL_AREA_STYLE( '', ( #6539 ) );
#5261 = EDGE_CURVE( '', #5811, #5682, #6540, .T. );
#5262 = EDGE_CURVE( '', #5813, #5687, #6541, .T. );
#5263 = FILL_AREA_STYLE( '', ( #6542 ) );
#5264 = EDGE_CURVE( '', #6543, #6475, #6544, .T. );
#5265 = EDGE_CURVE( '', #6543, #6120, #6545, .T. );
#5266 = FILL_AREA_STYLE( '', ( #6546 ) );
#5267 = FILL_AREA_STYLE( '', ( #6547 ) );
#5268 = EDGE_CURVE( '', #6279, #6358, #6548, .T. );
#5269 = EDGE_CURVE( '', #6281, #6405, #6549, .T. );
#5270 = FILL_AREA_STYLE( '', ( #6550 ) );
#5271 = EDGE_CURVE( '', #6551, #6551, #6552, .F. );
#5272 = EDGE_CURVE( '', #6553, #6553, #6554, .T. );
#5273 = FILL_AREA_STYLE( '', ( #6555 ) );
#5274 = EDGE_CURVE( '', #6556, #6556, #6557, .T. );
#5275 = FILL_AREA_STYLE( '', ( #6558 ) );
#5276 = EDGE_CURVE( '', #6195, #6450, #6559, .T. );
#5277 = FILL_AREA_STYLE( '', ( #6560 ) );
#5278 = EDGE_CURVE( '', #5890, #6494, #6561, .T. );
#5279 = EDGE_CURVE( '', #5892, #6496, #6562, .T. );
#5280 = FILL_AREA_STYLE( '', ( #6563 ) );
#5281 = EDGE_CURVE( '', #6389, #5968, #6564, .T. );
#5282 = FILL_AREA_STYLE( '', ( #6565 ) );
#5283 = FILL_AREA_STYLE( '', ( #6566 ) );
#5284 = EDGE_CURVE( '', #5562, #6567, #6568, .T. );
#5285 = EDGE_CURVE( '', #5943, #6567, #6569, .T. );
#5286 = EDGE_CURVE( '', #6570, #5941, #6571, .T. );
#5287 = EDGE_CURVE( '', #6570, #6572, #6573, .T. );
#5288 = EDGE_CURVE( '', #6572, #6068, #6574, .T. );
#5289 = FILL_AREA_STYLE( '', ( #6575 ) );
#5290 = EDGE_CURVE( '', #5859, #6572, #6576, .T. );
#5291 = FILL_AREA_STYLE( '', ( #6577 ) );
#5292 = EDGE_CURVE( '', #5544, #5947, #6578, .T. );
#5293 = EDGE_CURVE( '', #6579, #5542, #6580, .T. );
#5294 = EDGE_CURVE( '', #6149, #6579, #6581, .T. );
#5295 = FILL_AREA_STYLE( '', ( #6582 ) );
#5296 = EDGE_CURVE( '', #6171, #6543, #6583, .T. );
#5297 = FILL_AREA_STYLE( '', ( #6584 ) );
#5298 = EDGE_CURVE( '', #5416, #6483, #6585, .T. );
#5299 = FILL_AREA_STYLE( '', ( #6586 ) );
#5300 = FILL_AREA_STYLE( '', ( #6587 ) );
#5301 = FILL_AREA_STYLE( '', ( #6588 ) );
#5302 = EDGE_CURVE( '', #6589, #6589, #6590, .T. );
#5303 = EDGE_CURVE( '', #5915, #6437, #6591, .T. );
#5304 = EDGE_CURVE( '', #6330, #6424, #6592, .T. );
#5305 = EDGE_CURVE( '', #6473, #5349, #6593, .T. );
#5306 = EDGE_CURVE( '', #5546, #5952, #6594, .T. );
#5307 = EDGE_CURVE( '', #6151, #5418, #6595, .T. );
#5308 = FILL_AREA_STYLE( '', ( #6596 ) );
#5309 = FILL_AREA_STYLE( '', ( #6597 ) );
#5310 = FILL_AREA_STYLE( '', ( #6598 ) );
#5311 = FILL_AREA_STYLE( '', ( #6599 ) );
#5312 = EDGE_CURVE( '', #5938, #5758, #6600, .T. );
#5313 = EDGE_CURVE( '', #6601, #6567, #6602, .T. );
#5314 = EDGE_CURVE( '', #6601, #5760, #6603, .T. );
#5315 = FILL_AREA_STYLE( '', ( #6604 ) );
#5316 = FILL_AREA_STYLE( '', ( #6605 ) );
#5317 = EDGE_CURVE( '', #6606, #6601, #6607, .T. );
#5318 = EDGE_CURVE( '', #6606, #5755, #6608, .T. );
#5319 = FILL_AREA_STYLE( '', ( #6609 ) );
#5320 = EDGE_CURVE( '', #6570, #6606, #6610, .T. );
#5321 = FILL_AREA_STYLE( '', ( #6611 ) );
#5322 = EDGE_CURVE( '', #6579, #5791, #6612, .T. );
#5323 = FILL_AREA_STYLE( '', ( #6613 ) );
#5324 = FILL_AREA_STYLE( '', ( #6614 ) );
#5325 = FILL_AREA_STYLE( '', ( #6615 ) );
#5326 = FILL_AREA_STYLE( '', ( #6616 ) );
#5327 = EDGE_CURVE( '', #5907, #6108, #6617, .T. );
#5328 = FILL_AREA_STYLE( '', ( #6618 ) );
#5329 = FILL_AREA_STYLE( '', ( #6619 ) );
#5330 = FILL_AREA_STYLE( '', ( #6620 ) );
#5331 = FILL_AREA_STYLE( '', ( #6621 ) );
#5332 = FILL_AREA_STYLE( '', ( #6622 ) );
#5333 = FILL_AREA_STYLE( '', ( #6623 ) );
#5334 = FILL_AREA_STYLE( '', ( #6624 ) );
#5335 = FILL_AREA_STYLE( '', ( #6625 ) );
#5336 = FILL_AREA_STYLE( '', ( #6626 ) );
#5337 = EDGE_CURVE( '', #5939, #5756, #6627, .T. );
#5338 = FILL_AREA_STYLE( '', ( #6628 ) );
#5339 = FILL_AREA_STYLE( '', ( #6629 ) );
#5340 = FILL_AREA_STYLE( '', ( #6630 ) );
#5341 = FILL_AREA_STYLE( '', ( #6631 ) );
#5342 = FILL_AREA_STYLE( '', ( #6632 ) );
#5343 = FILL_AREA_STYLE_COLOUR( '', #6633 );
#5344 = VERTEX_POINT( '', #6634 );
#5345 = VERTEX_POINT( '', #6635 );
#5346 = LINE( '', #6636, #6637 );
#5347 = VERTEX_POINT( '', #6638 );
#5348 = LINE( '', #6639, #6640 );
#5349 = VERTEX_POINT( '', #6641 );
#5350 = LINE( '', #6642, #6643 );
#5351 = LINE( '', #6644, #6645 );
#5352 = FILL_AREA_STYLE_COLOUR( '', #6646 );
#5353 = VERTEX_POINT( '', #6647 );
#5354 = VERTEX_POINT( '', #6648 );
#5355 = LINE( '', #6649, #6650 );
#5356 = VERTEX_POINT( '', #6651 );
#5357 = LINE( '', #6652, #6653 );
#5358 = VERTEX_POINT( '', #6654 );
#5359 = LINE( '', #6655, #6656 );
#5360 = LINE( '', #6657, #6658 );
#5361 = FILL_AREA_STYLE_COLOUR( '', #6659 );
#5362 = VERTEX_POINT( '', #6660 );
#5363 = VERTEX_POINT( '', #6661 );
#5364 = LINE( '', #6662, #6663 );
#5365 = LINE( '', #6664, #6665 );
#5366 = LINE( '', #6666, #6667 );
#5367 = FILL_AREA_STYLE_COLOUR( '', #6668 );
#5368 = VERTEX_POINT( '', #6669 );
#5369 = VERTEX_POINT( '', #6670 );
#5370 = LINE( '', #6671, #6672 );
#5371 = VERTEX_POINT( '', #6673 );
#5372 = LINE( '', #6674, #6675 );
#5373 = VERTEX_POINT( '', #6676 );
#5374 = LINE( '', #6677, #6678 );
#5375 = LINE( '', #6679, #6680 );
#5376 = FILL_AREA_STYLE_COLOUR( '', #6681 );
#5377 = VERTEX_POINT( '', #6682 );
#5378 = VERTEX_POINT( '', #6683 );
#5379 = LINE( '', #6684, #6685 );
#5380 = VERTEX_POINT( '', #6686 );
#5381 = LINE( '', #6687, #6688 );
#5382 = VERTEX_POINT( '', #6689 );
#5383 = LINE( '', #6690, #6691 );
#5384 = LINE( '', #6692, #6693 );
#5385 = FILL_AREA_STYLE_COLOUR( '', #6694 );
#5386 = VERTEX_POINT( '', #6695 );
#5387 = VERTEX_POINT( '', #6696 );
#5388 = LINE( '', #6697, #6698 );
#5389 = VERTEX_POINT( '', #6699 );
#5390 = LINE( '', #6700, #6701 );
#5391 = VERTEX_POINT( '', #6702 );
#5392 = LINE( '', #6703, #6704 );
#5393 = LINE( '', #6705, #6706 );
#5394 = FILL_AREA_STYLE_COLOUR( '', #6707 );
#5395 = VERTEX_POINT( '', #6708 );
#5396 = VERTEX_POINT( '', #6709 );
#5397 = LINE( '', #6710, #6711 );
#5398 = VERTEX_POINT( '', #6712 );
#5399 = LINE( '', #6713, #6714 );
#5400 = VERTEX_POINT( '', #6715 );
#5401 = LINE( '', #6716, #6717 );
#5402 = LINE( '', #6718, #6719 );
#5403 = FILL_AREA_STYLE_COLOUR( '', #6720 );
#5404 = VERTEX_POINT( '', #6721 );
#5405 = VERTEX_POINT( '', #6722 );
#5406 = LINE( '', #6723, #6724 );
#5407 = VERTEX_POINT( '', #6725 );
#5408 = LINE( '', #6726, #6727 );
#5409 = VERTEX_POINT( '', #6728 );
#5410 = LINE( '', #6729, #6730 );
#5411 = LINE( '', #6731, #6732 );
#5412 = FILL_AREA_STYLE_COLOUR( '', #6733 );
#5413 = VERTEX_POINT( '', #6734 );
#5414 = VERTEX_POINT( '', #6735 );
#5415 = LINE( '', #6736, #6737 );
#5416 = VERTEX_POINT( '', #6738 );
#5417 = LINE( '', #6739, #6740 );
#5418 = VERTEX_POINT( '', #6741 );
#5419 = LINE( '', #6742, #6743 );
#5420 = LINE( '', #6744, #6745 );
#5421 = FILL_AREA_STYLE_COLOUR( '', #6746 );
#5422 = VERTEX_POINT( '', #6747 );
#5423 = VERTEX_POINT( '', #6748 );
#5424 = LINE( '', #6749, #6750 );
#5425 = VERTEX_POINT( '', #6751 );
#5426 = LINE( '', #6752, #6753 );
#5427 = VERTEX_POINT( '', #6754 );
#5428 = LINE( '', #6755, #6756 );
#5429 = VERTEX_POINT( '', #6757 );
#5430 = LINE( '', #6758, #6759 );
#5431 = VERTEX_POINT( '', #6760 );
#5432 = LINE( '', #6761, #6762 );
#5433 = LINE( '', #6763, #6764 );
#5434 = FILL_AREA_STYLE_COLOUR( '', #6765 );
#5435 = VERTEX_POINT( '', #6766 );
#5436 = VERTEX_POINT( '', #6767 );
#5437 = LINE( '', #6768, #6769 );
#5438 = VERTEX_POINT( '', #6770 );
#5439 = LINE( '', #6771, #6772 );
#5440 = VERTEX_POINT( '', #6773 );
#5441 = LINE( '', #6774, #6775 );
#5442 = LINE( '', #6776, #6777 );
#5443 = FILL_AREA_STYLE_COLOUR( '', #6778 );
#5444 = VERTEX_POINT( '', #6779 );
#5445 = VERTEX_POINT( '', #6780 );
#5446 = LINE( '', #6781, #6782 );
#5447 = VERTEX_POINT( '', #6783 );
#5448 = LINE( '', #6784, #6785 );
#5449 = VERTEX_POINT( '', #6786 );
#5450 = LINE( '', #6787, #6788 );
#5451 = VERTEX_POINT( '', #6789 );
#5452 = LINE( '', #6790, #6791 );
#5453 = VERTEX_POINT( '', #6792 );
#5454 = LINE( '', #6793, #6794 );
#5455 = LINE( '', #6795, #6796 );
#5456 = FILL_AREA_STYLE_COLOUR( '', #6797 );
#5457 = VERTEX_POINT( '', #6798 );
#5458 = VERTEX_POINT( '', #6799 );
#5459 = LINE( '', #6800, #6801 );
#5460 = VERTEX_POINT( '', #6802 );
#5461 = LINE( '', #6803, #6804 );
#5462 = VERTEX_POINT( '', #6805 );
#5463 = LINE( '', #6806, #6807 );
#5464 = LINE( '', #6808, #6809 );
#5465 = FILL_AREA_STYLE_COLOUR( '', #6810 );
#5466 = VERTEX_POINT( '', #6811 );
#5467 = VERTEX_POINT( '', #6812 );
#5468 = LINE( '', #6813, #6814 );
#5469 = VERTEX_POINT( '', #6815 );
#5470 = LINE( '', #6816, #6817 );
#5471 = VERTEX_POINT( '', #6818 );
#5472 = LINE( '', #6819, #6820 );
#5473 = LINE( '', #6821, #6822 );
#5474 = FILL_AREA_STYLE_COLOUR( '', #6823 );
#5475 = VERTEX_POINT( '', #6824 );
#5476 = VERTEX_POINT( '', #6825 );
#5477 = LINE( '', #6826, #6827 );
#5478 = VERTEX_POINT( '', #6828 );
#5479 = LINE( '', #6829, #6830 );
#5480 = VERTEX_POINT( '', #6831 );
#5481 = LINE( '', #6832, #6833 );
#5482 = LINE( '', #6834, #6835 );
#5483 = FILL_AREA_STYLE_COLOUR( '', #6836 );
#5484 = VERTEX_POINT( '', #6837 );
#5485 = VERTEX_POINT( '', #6838 );
#5486 = LINE( '', #6839, #6840 );
#5487 = VERTEX_POINT( '', #6841 );
#5488 = LINE( '', #6842, #6843 );
#5489 = VERTEX_POINT( '', #6844 );
#5490 = LINE( '', #6845, #6846 );
#5491 = VERTEX_POINT( '', #6847 );
#5492 = LINE( '', #6848, #6849 );
#5493 = VERTEX_POINT( '', #6850 );
#5494 = LINE( '', #6851, #6852 );
#5495 = LINE( '', #6853, #6854 );
#5496 = FILL_AREA_STYLE_COLOUR( '', #6855 );
#5497 = VERTEX_POINT( '', #6856 );
#5498 = VERTEX_POINT( '', #6857 );
#5499 = LINE( '', #6858, #6859 );
#5500 = VERTEX_POINT( '', #6860 );
#5501 = LINE( '', #6861, #6862 );
#5502 = VERTEX_POINT( '', #6863 );
#5503 = LINE( '', #6864, #6865 );
#5504 = LINE( '', #6866, #6867 );
#5505 = FILL_AREA_STYLE_COLOUR( '', #6868 );
#5506 = VERTEX_POINT( '', #6869 );
#5507 = CIRCLE( '', #6870, 3.01805555555556 );
#5508 = VERTEX_POINT( '', #6871 );
#5509 = LINE( '', #6872, #6873 );
#5510 = VERTEX_POINT( '', #6874 );
#5511 = CIRCLE( '', #6875, 3.01805555555556 );
#5512 = VERTEX_POINT( '', #6876 );
#5513 = LINE( '', #6877, #6878 );
#5514 = VERTEX_POINT( '', #6879 );
#5515 = LINE( '', #6880, #6881 );
#5516 = VERTEX_POINT( '', #6882 );
#5517 = LINE( '', #6883, #6884 );
#5518 = LINE( '', #6885, #6886 );
#5519 = FILL_AREA_STYLE_COLOUR( '', #6887 );
#5520 = VERTEX_POINT( '', #6888 );
#5521 = VERTEX_POINT( '', #6889 );
#5522 = LINE( '', #6890, #6891 );
#5523 = VERTEX_POINT( '', #6892 );
#5524 = LINE( '', #6893, #6894 );
#5525 = VERTEX_POINT( '', #6895 );
#5526 = LINE( '', #6896, #6897 );
#5527 = LINE( '', #6898, #6899 );
#5528 = FILL_AREA_STYLE_COLOUR( '', #6900 );
#5529 = VERTEX_POINT( '', #6901 );
#5530 = VERTEX_POINT( '', #6902 );
#5531 = LINE( '', #6903, #6904 );
#5532 = VERTEX_POINT( '', #6905 );
#5533 = LINE( '', #6906, #6907 );
#5534 = VERTEX_POINT( '', #6908 );
#5535 = LINE( '', #6909, #6910 );
#5536 = LINE( '', #6911, #6912 );
#5537 = FILL_AREA_STYLE_COLOUR( '', #6913 );
#5538 = VERTEX_POINT( '', #6914 );
#5539 = LINE( '', #6915, #6916 );
#5540 = VERTEX_POINT( '', #6917 );
#5541 = CIRCLE( '', #6918, 3.01805555555556 );
#5542 = VERTEX_POINT( '', #6919 );
#5543 = LINE( '', #6920, #6921 );
#5544 = VERTEX_POINT( '', #6922 );
#5545 = CIRCLE( '', #6923, 3.01805555555556 );
#5546 = VERTEX_POINT( '', #6924 );
#5547 = LINE( '', #6925, #6926 );
#5548 = VERTEX_POINT( '', #6927 );
#5549 = CIRCLE( '', #6928, 3.01805555555556 );
#5550 = LINE( '', #6929, #6930 );
#5551 = FILL_AREA_STYLE_COLOUR( '', #6931 );
#5552 = VERTEX_POINT( '', #6932 );
#5553 = CIRCLE( '', #6933, 0.900000000000000 );
#5554 = VERTEX_POINT( '', #6934 );
#5555 = CIRCLE( '', #6935, 1.40000000000000 );
#5556 = FILL_AREA_STYLE_COLOUR( '', #6936 );
#5557 = VERTEX_POINT( '', #6937 );
#5558 = VERTEX_POINT( '', #6938 );
#5559 = LINE( '', #6939, #6940 );
#5560 = VERTEX_POINT( '', #6941 );
#5561 = LINE( '', #6942, #6943 );
#5562 = VERTEX_POINT( '', #6944 );
#5563 = LINE( '', #6945, #6946 );
#5564 = VERTEX_POINT( '', #6947 );
#5565 = LINE( '', #6948, #6949 );
#5566 = VERTEX_POINT( '', #6950 );
#5567 = LINE( '', #6951, #6952 );
#5568 = LINE( '', #6953, #6954 );
#5569 = FILL_AREA_STYLE_COLOUR( '', #6955 );
#5570 = VERTEX_POINT( '', #6956 );
#5571 = VERTEX_POINT( '', #6957 );
#5572 = LINE( '', #6958, #6959 );
#5573 = VERTEX_POINT( '', #6960 );
#5574 = LINE( '', #6961, #6962 );
#5575 = VERTEX_POINT( '', #6963 );
#5576 = LINE( '', #6964, #6965 );
#5577 = LINE( '', #6966, #6967 );
#5578 = FILL_AREA_STYLE_COLOUR( '', #6968 );
#5579 = VERTEX_POINT( '', #6969 );
#5580 = VERTEX_POINT( '', #6970 );
#5581 = LINE( '', #6971, #6972 );
#5582 = VERTEX_POINT( '', #6973 );
#5583 = LINE( '', #6974, #6975 );
#5584 = VERTEX_POINT( '', #6976 );
#5585 = LINE( '', #6977, #6978 );
#5586 = LINE( '', #6979, #6980 );
#5587 = FILL_AREA_STYLE_COLOUR( '', #6981 );
#5588 = VERTEX_POINT( '', #6982 );
#5589 = VERTEX_POINT( '', #6983 );
#5590 = LINE( '', #6984, #6985 );
#5591 = VERTEX_POINT( '', #6986 );
#5592 = LINE( '', #6987, #6988 );
#5593 = VERTEX_POINT( '', #6989 );
#5594 = LINE( '', #6990, #6991 );
#5595 = VERTEX_POINT( '', #6992 );
#5596 = LINE( '', #6993, #6994 );
#5597 = VERTEX_POINT( '', #6995 );
#5598 = LINE( '', #6996, #6997 );
#5599 = LINE( '', #6998, #6999 );
#5600 = FILL_AREA_STYLE_COLOUR( '', #7000 );
#5601 = VERTEX_POINT( '', #7001 );
#5602 = LINE( '', #7002, #7003 );
#5603 = VERTEX_POINT( '', #7004 );
#5604 = LINE( '', #7005, #7006 );
#5605 = LINE( '', #7007, #7008 );
#5606 = FILL_AREA_STYLE_COLOUR( '', #7009 );
#5607 = VERTEX_POINT( '', #7010 );
#5608 = VERTEX_POINT( '', #7011 );
#5609 = LINE( '', #7012, #7013 );
#5610 = VERTEX_POINT( '', #7014 );
#5611 = LINE( '', #7015, #7016 );
#5612 = VERTEX_POINT( '', #7017 );
#5613 = LINE( '', #7018, #7019 );
#5614 = LINE( '', #7020, #7021 );
#5615 = FILL_AREA_STYLE_COLOUR( '', #7022 );
#5616 = VERTEX_POINT( '', #7023 );
#5617 = VERTEX_POINT( '', #7024 );
#5618 = LINE( '', #7025, #7026 );
#5619 = VERTEX_POINT( '', #7027 );
#5620 = LINE( '', #7028, #7029 );
#5621 = VERTEX_POINT( '', #7030 );
#5622 = LINE( '', #7031, #7032 );
#5623 = LINE( '', #7033, #7034 );
#5624 = FILL_AREA_STYLE_COLOUR( '', #7035 );
#5625 = VERTEX_POINT( '', #7036 );
#5626 = VERTEX_POINT( '', #7037 );
#5627 = LINE( '', #7038, #7039 );
#5628 = VERTEX_POINT( '', #7040 );
#5629 = LINE( '', #7041, #7042 );
#5630 = VERTEX_POINT( '', #7043 );
#5631 = LINE( '', #7044, #7045 );
#5632 = LINE( '', #7046, #7047 );
#5633 = FILL_AREA_STYLE_COLOUR( '', #7048 );
#5634 = VERTEX_POINT( '', #7049 );
#5635 = VERTEX_POINT( '', #7050 );
#5636 = LINE( '', #7051, #7052 );
#5637 = LINE( '', #7053, #7054 );
#5638 = VERTEX_POINT( '', #7055 );
#5639 = LINE( '', #7056, #7057 );
#5640 = VERTEX_POINT( '', #7058 );
#5641 = LINE( '', #7059, #7060 );
#5642 = LINE( '', #7061, #7062 );
#5643 = VERTEX_POINT( '', #7063 );
#5644 = LINE( '', #7064, #7065 );
#5645 = VERTEX_POINT( '', #7066 );
#5646 = LINE( '', #7067, #7068 );
#5647 = VERTEX_POINT( '', #7069 );
#5648 = LINE( '', #7070, #7071 );
#5649 = VERTEX_POINT( '', #7072 );
#5650 = LINE( '', #7073, #7074 );
#5651 = LINE( '', #7075, #7076 );
#5652 = VERTEX_POINT( '', #7077 );
#5653 = LINE( '', #7078, #7079 );
#5654 = VERTEX_POINT( '', #7080 );
#5655 = LINE( '', #7081, #7082 );
#5656 = VERTEX_POINT( '', #7083 );
#5657 = LINE( '', #7084, #7085 );
#5658 = VERTEX_POINT( '', #7086 );
#5659 = LINE( '', #7087, #7088 );
#5660 = LINE( '', #7089, #7090 );
#5661 = VERTEX_POINT( '', #7091 );
#5662 = LINE( '', #7092, #7093 );
#5663 = VERTEX_POINT( '', #7094 );
#5664 = LINE( '', #7095, #7096 );
#5665 = VERTEX_POINT( '', #7097 );
#5666 = LINE( '', #7098, #7099 );
#5667 = VERTEX_POINT( '', #7100 );
#5668 = LINE( '', #7101, #7102 );
#5669 = VERTEX_POINT( '', #7103 );
#5670 = LINE( '', #7104, #7105 );
#5671 = VERTEX_POINT( '', #7106 );
#5672 = LINE( '', #7107, #7108 );
#5673 = LINE( '', #7109, #7110 );
#5674 = LINE( '', #7111, #7112 );
#5675 = FILL_AREA_STYLE_COLOUR( '', #7113 );
#5676 = VERTEX_POINT( '', #7114 );
#5677 = LINE( '', #7115, #7116 );
#5678 = VERTEX_POINT( '', #7117 );
#5679 = LINE( '', #7118, #7119 );
#5680 = LINE( '', #7120, #7121 );
#5681 = FILL_AREA_STYLE_COLOUR( '', #7122 );
#5682 = VERTEX_POINT( '', #7123 );
#5683 = VERTEX_POINT( '', #7124 );
#5684 = LINE( '', #7125, #7126 );
#5685 = VERTEX_POINT( '', #7127 );
#5686 = LINE( '', #7128, #7129 );
#5687 = VERTEX_POINT( '', #7130 );
#5688 = LINE( '', #7131, #7132 );
#5689 = LINE( '', #7133, #7134 );
#5690 = FILL_AREA_STYLE_COLOUR( '', #7135 );
#5691 = VERTEX_POINT( '', #7136 );
#5692 = VERTEX_POINT( '', #7137 );
#5693 = LINE( '', #7138, #7139 );
#5694 = LINE( '', #7140, #7141 );
#5695 = LINE( '', #7142, #7143 );
#5696 = FILL_AREA_STYLE_COLOUR( '', #7144 );
#5697 = VERTEX_POINT( '', #7145 );
#5698 = VERTEX_POINT( '', #7146 );
#5699 = LINE( '', #7147, #7148 );
#5700 = VERTEX_POINT( '', #7149 );
#5701 = LINE( '', #7150, #7151 );
#5702 = VERTEX_POINT( '', #7152 );
#5703 = LINE( '', #7153, #7154 );
#5704 = LINE( '', #7155, #7156 );
#5705 = FILL_AREA_STYLE_COLOUR( '', #7157 );
#5706 = VERTEX_POINT( '', #7158 );
#5707 = VERTEX_POINT( '', #7159 );
#5708 = LINE( '', #7160, #7161 );
#5709 = VERTEX_POINT( '', #7162 );
#5710 = LINE( '', #7163, #7164 );
#5711 = VERTEX_POINT( '', #7165 );
#5712 = LINE( '', #7166, #7167 );
#5713 = LINE( '', #7168, #7169 );
#5714 = FILL_AREA_STYLE_COLOUR( '', #7170 );
#5715 = VERTEX_POINT( '', #7171 );
#5716 = VERTEX_POINT( '', #7172 );
#5717 = LINE( '', #7173, #7174 );
#5718 = VERTEX_POINT( '', #7175 );
#5719 = LINE( '', #7176, #7177 );
#5720 = VERTEX_POINT( '', #7178 );
#5721 = LINE( '', #7179, #7180 );
#5722 = LINE( '', #7181, #7182 );
#5723 = FILL_AREA_STYLE_COLOUR( '', #7183 );
#5724 = VERTEX_POINT( '', #7184 );
#5725 = CIRCLE( '', #7185, 1.40000000000000 );
#5726 = VERTEX_POINT( '', #7186 );
#5727 = CIRCLE( '', #7187, 1.40000000000000 );
#5728 = FILL_AREA_STYLE_COLOUR( '', #7188 );
#5729 = VERTEX_POINT( '', #7189 );
#5730 = VERTEX_POINT( '', #7190 );
#5731 = LINE( '', #7191, #7192 );
#5732 = VERTEX_POINT( '', #7193 );
#5733 = LINE( '', #7194, #7195 );
#5734 = VERTEX_POINT( '', #7196 );
#5735 = LINE( '', #7197, #7198 );
#5736 = VERTEX_POINT( '', #7199 );
#5737 = LINE( '', #7200, #7201 );
#5738 = VERTEX_POINT( '', #7202 );
#5739 = LINE( '', #7203, #7204 );
#5740 = LINE( '', #7205, #7206 );
#5741 = FILL_AREA_STYLE_COLOUR( '', #7207 );
#5742 = VERTEX_POINT( '', #7208 );
#5743 = LINE( '', #7209, #7210 );
#5744 = VERTEX_POINT( '', #7211 );
#5745 = LINE( '', #7212, #7213 );
#5746 = LINE( '', #7214, #7215 );
#5747 = FILL_AREA_STYLE_COLOUR( '', #7216 );
#5748 = LINE( '', #7217, #7218 );
#5749 = VERTEX_POINT( '', #7219 );
#5750 = LINE( '', #7220, #7221 );
#5751 = LINE( '', #7222, #7223 );
#5752 = FILL_AREA_STYLE_COLOUR( '', #7224 );
#5753 = VERTEX_POINT( '', #7225 );
#5754 = CIRCLE( '', #7226, 0.900000000000000 );
#5755 = VERTEX_POINT( '', #7227 );
#5756 = VERTEX_POINT( '', #7228 );
#5757 = LINE( '', #7229, #7230 );
#5758 = VERTEX_POINT( '', #7231 );
#5759 = LINE( '', #7232, #7233 );
#5760 = VERTEX_POINT( '', #7234 );
#5761 = LINE( '', #7235, #7236 );
#5762 = LINE( '', #7237, #7238 );
#5763 = FILL_AREA_STYLE_COLOUR( '', #7239 );
#5764 = VERTEX_POINT( '', #7240 );
#5765 = CIRCLE( '', #7241, 3.01805555555556 );
#5766 = VERTEX_POINT( '', #7242 );
#5767 = LINE( '', #7243, #7244 );
#5768 = VERTEX_POINT( '', #7245 );
#5769 = CIRCLE( '', #7246, 3.01805555555556 );
#5770 = VERTEX_POINT( '', #7247 );
#5771 = LINE( '', #7248, #7249 );
#5772 = VERTEX_POINT( '', #7250 );
#5773 = CIRCLE( '', #7251, 3.01805555555556 );
#5774 = VERTEX_POINT( '', #7252 );
#5775 = LINE( '', #7253, #7254 );
#5776 = CIRCLE( '', #7255, 3.01805555555556 );
#5777 = FILL_AREA_STYLE_COLOUR( '', #7256 );
#5778 = VERTEX_POINT( '', #7257 );
#5779 = VERTEX_POINT( '', #7258 );
#5780 = LINE( '', #7259, #7260 );
#5781 = LINE( '', #7261, #7262 );
#5782 = VERTEX_POINT( '', #7263 );
#5783 = LINE( '', #7264, #7265 );
#5784 = VERTEX_POINT( '', #7266 );
#5785 = LINE( '', #7267, #7268 );
#5786 = VERTEX_POINT( '', #7269 );
#5787 = LINE( '', #7270, #7271 );
#5788 = VERTEX_POINT( '', #7272 );
#5789 = LINE( '', #7273, #7274 );
#5790 = CIRCLE( '', #7275, 3.01805555555556 );
#5791 = VERTEX_POINT( '', #7276 );
#5792 = CIRCLE( '', #7277, 3.01805555555556 );
#5793 = LINE( '', #7278, #7279 );
#5794 = VERTEX_POINT( '', #7280 );
#5795 = LINE( '', #7281, #7282 );
#5796 = VERTEX_POINT( '', #7283 );
#5797 = CIRCLE( '', #7284, 3.01805555555556 );
#5798 = LINE( '', #7285, #7286 );
#5799 = VERTEX_POINT( '', #7287 );
#5800 = CIRCLE( '', #7288, 3.01805555555556 );
#5801 = VERTEX_POINT( '', #7289 );
#5802 = LINE( '', #7290, #7291 );
#5803 = VERTEX_POINT( '', #7292 );
#5804 = LINE( '', #7293, #7294 );
#5805 = VERTEX_POINT( '', #7295 );
#5806 = LINE( '', #7296, #7297 );
#5807 = LINE( '', #7298, #7299 );
#5808 = LINE( '', #7300, #7301 );
#5809 = FILL_AREA_STYLE_COLOUR( '', #7302 );
#5810 = VERTEX_POINT( '', #7303 );
#5811 = VERTEX_POINT( '', #7304 );
#5812 = LINE( '', #7305, #7306 );
#5813 = VERTEX_POINT( '', #7307 );
#5814 = LINE( '', #7308, #7309 );
#5815 = VERTEX_POINT( '', #7310 );
#5816 = LINE( '', #7311, #7312 );
#5817 = LINE( '', #7313, #7314 );
#5818 = FILL_AREA_STYLE_COLOUR( '', #7315 );
#5819 = VERTEX_POINT( '', #7316 );
#5820 = VERTEX_POINT( '', #7317 );
#5821 = LINE( '', #7318, #7319 );
#5822 = VERTEX_POINT( '', #7320 );
#5823 = LINE( '', #7321, #7322 );
#5824 = VERTEX_POINT( '', #7323 );
#5825 = LINE( '', #7324, #7325 );
#5826 = LINE( '', #7326, #7327 );
#5827 = FILL_AREA_STYLE_COLOUR( '', #7328 );
#5828 = VERTEX_POINT( '', #7329 );
#5829 = LINE( '', #7330, #7331 );
#5830 = VERTEX_POINT( '', #7332 );
#5831 = LINE( '', #7333, #7334 );
#5832 = LINE( '', #7335, #7336 );
#5833 = LINE( '', #7337, #7338 );
#5834 = FILL_AREA_STYLE_COLOUR( '', #7339 );
#5835 = VERTEX_POINT( '', #7340 );
#5836 = VERTEX_POINT( '', #7341 );
#5837 = LINE( '', #7342, #7343 );
#5838 = VERTEX_POINT( '', #7344 );
#5839 = LINE( '', #7345, #7346 );
#5840 = LINE( '', #7347, #7348 );
#5841 = VERTEX_POINT( '', #7349 );
#5842 = LINE( '', #7350, #7351 );
#5843 = LINE( '', #7352, #7353 );
#5844 = FILL_AREA_STYLE_COLOUR( '', #7354 );
#5845 = VERTEX_POINT( '', #7355 );
#5846 = LINE( '', #7356, #7357 );
#5847 = VERTEX_POINT( '', #7358 );
#5848 = LINE( '', #7359, #7360 );
#5849 = LINE( '', #7361, #7362 );
#5850 = FILL_AREA_STYLE_COLOUR( '', #7363 );
#5851 = LINE( '', #7364, #7365 );
#5852 = FILL_AREA_STYLE_COLOUR( '', #7366 );
#5853 = VERTEX_POINT( '', #7367 );
#5854 = LINE( '', #7368, #7369 );
#5855 = VERTEX_POINT( '', #7370 );
#5856 = LINE( '', #7371, #7372 );
#5857 = LINE( '', #7373, #7374 );
#5858 = FILL_AREA_STYLE_COLOUR( '', #7375 );
#5859 = VERTEX_POINT( '', #7376 );
#5860 = LINE( '', #7377, #7378 );
#5861 = LINE( '', #7379, #7380 );
#5862 = FILL_AREA_STYLE_COLOUR( '', #7381 );
#5863 = LINE( '', #7382, #7383 );
#5864 = LINE( '', #7384, #7385 );
#5865 = LINE( '', #7386, #7387 );
#5866 = LINE( '', #7388, #7389 );
#5867 = LINE( '', #7390, #7391 );
#5868 = LINE( '', #7392, #7393 );
#5869 = LINE( '', #7394, #7395 );
#5870 = VERTEX_POINT( '', #7396 );
#5871 = LINE( '', #7397, #7398 );
#5872 = LINE( '', #7399, #7400 );
#5873 = VERTEX_POINT( '', #7401 );
#5874 = LINE( '', #7402, #7403 );
#5875 = LINE( '', #7404, #7405 );
#5876 = FILL_AREA_STYLE_COLOUR( '', #7406 );
#5877 = VERTEX_POINT( '', #7407 );
#5878 = LINE( '', #7408, #7409 );
#5879 = LINE( '', #7410, #7411 );
#5880 = VERTEX_POINT( '', #7412 );
#5881 = LINE( '', #7413, #7414 );
#5882 = VERTEX_POINT( '', #7415 );
#5883 = LINE( '', #7416, #7417 );
#5884 = LINE( '', #7418, #7419 );
#5885 = FILL_AREA_STYLE_COLOUR( '', #7420 );
#5886 = LINE( '', #7421, #7422 );
#5887 = LINE( '', #7423, #7424 );
#5888 = FILL_AREA_STYLE_COLOUR( '', #7425 );
#5889 = VERTEX_POINT( '', #7426 );
#5890 = VERTEX_POINT( '', #7427 );
#5891 = LINE( '', #7428, #7429 );
#5892 = VERTEX_POINT( '', #7430 );
#5893 = LINE( '', #7431, #7432 );
#5894 = VERTEX_POINT( '', #7433 );
#5895 = LINE( '', #7434, #7435 );
#5896 = LINE( '', #7436, #7437 );
#5897 = FILL_AREA_STYLE_COLOUR( '', #7438 );
#5898 = VERTEX_POINT( '', #7439 );
#5899 = LINE( '', #7440, #7441 );
#5900 = VERTEX_POINT( '', #7442 );
#5901 = LINE( '', #7443, #7444 );
#5902 = VERTEX_POINT( '', #7445 );
#5903 = LINE( '', #7446, #7447 );
#5904 = LINE( '', #7448, #7449 );
#5905 = FILL_AREA_STYLE_COLOUR( '', #7450 );
#5906 = VERTEX_POINT( '', #7451 );
#5907 = VERTEX_POINT( '', #7452 );
#5908 = LINE( '', #7453, #7454 );
#5909 = LINE( '', #7455, #7456 );
#5910 = LINE( '', #7457, #7458 );
#5911 = FILL_AREA_STYLE_COLOUR( '', #7459 );
#5912 = VERTEX_POINT( '', #7460 );
#5913 = VERTEX_POINT( '', #7461 );
#5914 = LINE( '', #7462, #7463 );
#5915 = VERTEX_POINT( '', #7464 );
#5916 = LINE( '', #7465, #7466 );
#5917 = VERTEX_POINT( '', #7467 );
#5918 = LINE( '', #7468, #7469 );
#5919 = LINE( '', #7470, #7471 );
#5920 = FILL_AREA_STYLE_COLOUR( '', #7472 );
#5921 = VERTEX_POINT( '', #7473 );
#5922 = LINE( '', #7474, #7475 );
#5923 = VERTEX_POINT( '', #7476 );
#5924 = LINE( '', #7477, #7478 );
#5925 = LINE( '', #7479, #7480 );
#5926 = FILL_AREA_STYLE_COLOUR( '', #7481 );
#5927 = VERTEX_POINT( '', #7482 );
#5928 = VERTEX_POINT( '', #7483 );
#5929 = LINE( '', #7484, #7485 );
#5930 = VERTEX_POINT( '', #7486 );
#5931 = LINE( '', #7487, #7488 );
#5932 = VERTEX_POINT( '', #7489 );
#5933 = LINE( '', #7490, #7491 );
#5934 = LINE( '', #7492, #7493 );
#5935 = FILL_AREA_STYLE_COLOUR( '', #7494 );
#5936 = LINE( '', #7495, #7496 );
#5937 = FILL_AREA_STYLE_COLOUR( '', #7497 );
#5938 = VERTEX_POINT( '', #7498 );
#5939 = VERTEX_POINT( '', #7499 );
#5940 = LINE( '', #7500, #7501 );
#5941 = VERTEX_POINT( '', #7502 );
#5942 = LINE( '', #7503, #7504 );
#5943 = VERTEX_POINT( '', #7505 );
#5944 = LINE( '', #7506, #7507 );
#5945 = LINE( '', #7508, #7509 );
#5946 = FILL_AREA_STYLE_COLOUR( '', #7510 );
#5947 = VERTEX_POINT( '', #7511 );
#5948 = VERTEX_POINT( '', #7512 );
#5949 = LINE( '', #7513, #7514 );
#5950 = VERTEX_POINT( '', #7515 );
#5951 = LINE( '', #7516, #7517 );
#5952 = VERTEX_POINT( '', #7518 );
#5953 = LINE( '', #7519, #7520 );
#5954 = LINE( '', #7521, #7522 );
#5955 = FILL_AREA_STYLE_COLOUR( '', #7523 );
#5956 = VERTEX_POINT( '', #7524 );
#5957 = CIRCLE( '', #7525, 1.40000000000000 );
#5958 = VERTEX_POINT( '', #7526 );
#5959 = CIRCLE( '', #7527, 1.40000000000000 );
#5960 = FILL_AREA_STYLE_COLOUR( '', #7528 );
#5961 = VERTEX_POINT( '', #7529 );
#5962 = VERTEX_POINT( '', #7530 );
#5963 = LINE( '', #7531, #7532 );
#5964 = VERTEX_POINT( '', #7533 );
#5965 = LINE( '', #7534, #7535 );
#5966 = VERTEX_POINT( '', #7536 );
#5967 = LINE( '', #7537, #7538 );
#5968 = VERTEX_POINT( '', #7539 );
#5969 = LINE( '', #7540, #7541 );
#5970 = VERTEX_POINT( '', #7542 );
#5971 = LINE( '', #7543, #7544 );
#5972 = LINE( '', #7545, #7546 );
#5973 = FILL_AREA_STYLE_COLOUR( '', #7547 );
#5974 = VERTEX_POINT( '', #7548 );
#5975 = VERTEX_POINT( '', #7549 );
#5976 = LINE( '', #7550, #7551 );
#5977 = VERTEX_POINT( '', #7552 );
#5978 = LINE( '', #7553, #7554 );
#5979 = VERTEX_POINT( '', #7555 );
#5980 = LINE( '', #7556, #7557 );
#5981 = VERTEX_POINT( '', #7558 );
#5982 = LINE( '', #7559, #7560 );
#5983 = CIRCLE( '', #7561, 3.01805555555556 );
#5984 = LINE( '', #7562, #7563 );
#5985 = FILL_AREA_STYLE_COLOUR( '', #7564 );
#5986 = VERTEX_POINT( '', #7565 );
#5987 = LINE( '', #7566, #7567 );
#5988 = VERTEX_POINT( '', #7568 );
#5989 = LINE( '', #7569, #7570 );
#5990 = LINE( '', #7571, #7572 );
#5991 = FILL_AREA_STYLE_COLOUR( '', #7573 );
#5992 = VERTEX_POINT( '', #7574 );
#5993 = LINE( '', #7575, #7576 );
#5994 = VERTEX_POINT( '', #7577 );
#5995 = LINE( '', #7578, #7579 );
#5996 = LINE( '', #7580, #7581 );
#5997 = FILL_AREA_STYLE_COLOUR( '', #7582 );
#5998 = VERTEX_POINT( '', #7583 );
#5999 = LINE( '', #7584, #7585 );
#6000 = LINE( '', #7586, #7587 );
#6001 = FILL_AREA_STYLE_COLOUR( '', #7588 );
#6002 = VERTEX_POINT( '', #7589 );
#6003 = LINE( '', #7590, #7591 );
#6004 = LINE( '', #7592, #7593 );
#6005 = FILL_AREA_STYLE_COLOUR( '', #7594 );
#6006 = VERTEX_POINT( '', #7595 );
#6007 = VERTEX_POINT( '', #7596 );
#6008 = LINE( '', #7597, #7598 );
#6009 = VERTEX_POINT( '', #7599 );
#6010 = LINE( '', #7600, #7601 );
#6011 = VERTEX_POINT( '', #7602 );
#6012 = LINE( '', #7603, #7604 );
#6013 = LINE( '', #7605, #7606 );
#6014 = FILL_AREA_STYLE_COLOUR( '', #7607 );
#6015 = VERTEX_POINT( '', #7608 );
#6016 = LINE( '', #7609, #7610 );
#6017 = VERTEX_POINT( '', #7611 );
#6018 = LINE( '', #7612, #7613 );
#6019 = LINE( '', #7614, #7615 );
#6020 = FILL_AREA_STYLE_COLOUR( '', #7616 );
#6021 = VERTEX_POINT( '', #7617 );
#6022 = LINE( '', #7618, #7619 );
#6023 = VERTEX_POINT( '', #7620 );
#6024 = LINE( '', #7621, #7622 );
#6025 = LINE( '', #7623, #7624 );
#6026 = LINE( '', #7625, #7626 );
#6027 = FILL_AREA_STYLE_COLOUR( '', #7627 );
#6028 = VERTEX_POINT( '', #7628 );
#6029 = CIRCLE( '', #7629, 3.01805555555556 );
#6030 = VERTEX_POINT( '', #7630 );
#6031 = LINE( '', #7631, #7632 );
#6032 = VERTEX_POINT( '', #7633 );
#6033 = CIRCLE( '', #7634, 3.01805555555556 );
#6034 = VERTEX_POINT( '', #7635 );
#6035 = LINE( '', #7636, #7637 );
#6036 = CIRCLE( '', #7638, 3.01805555555556 );
#6037 = FILL_AREA_STYLE_COLOUR( '', #7639 );
#6038 = VERTEX_POINT( '', #7640 );
#6039 = VERTEX_POINT( '', #7641 );
#6040 = LINE( '', #7642, #7643 );
#6041 = VERTEX_POINT( '', #7644 );
#6042 = LINE( '', #7645, #7646 );
#6043 = VERTEX_POINT( '', #7647 );
#6044 = LINE( '', #7648, #7649 );
#6045 = LINE( '', #7650, #7651 );
#6046 = VERTEX_POINT( '', #7652 );
#6047 = LINE( '', #7653, #7654 );
#6048 = VERTEX_POINT( '', #7655 );
#6049 = LINE( '', #7656, #7657 );
#6050 = LINE( '', #7658, #7659 );
#6051 = FILL_AREA_STYLE_COLOUR( '', #7660 );
#6052 = VERTEX_POINT( '', #7661 );
#6053 = LINE( '', #7662, #7663 );
#6054 = VERTEX_POINT( '', #7664 );
#6055 = LINE( '', #7665, #7666 );
#6056 = VERTEX_POINT( '', #7667 );
#6057 = LINE( '', #7668, #7669 );
#6058 = VERTEX_POINT( '', #7670 );
#6059 = LINE( '', #7671, #7672 );
#6060 = LINE( '', #7673, #7674 );
#6061 = FILL_AREA_STYLE_COLOUR( '', #7675 );
#6062 = VERTEX_POINT( '', #7676 );
#6063 = LINE( '', #7677, #7678 );
#6064 = VERTEX_POINT( '', #7679 );
#6065 = LINE( '', #7680, #7681 );
#6066 = LINE( '', #7682, #7683 );
#6067 = FILL_AREA_STYLE_COLOUR( '', #7684 );
#6068 = VERTEX_POINT( '', #7685 );
#6069 = LINE( '', #7686, #7687 );
#6070 = LINE( '', #7688, #7689 );
#6071 = FILL_AREA_STYLE_COLOUR( '', #7690 );
#6072 = LINE( '', #7691, #7692 );
#6073 = LINE( '', #7693, #7694 );
#6074 = FILL_AREA_STYLE_COLOUR( '', #7695 );
#6075 = VERTEX_POINT( '', #7696 );
#6076 = LINE( '', #7697, #7698 );
#6077 = VERTEX_POINT( '', #7699 );
#6078 = LINE( '', #7700, #7701 );
#6079 = LINE( '', #7702, #7703 );
#6080 = FILL_AREA_STYLE_COLOUR( '', #7704 );
#6081 = VERTEX_POINT( '', #7705 );
#6082 = LINE( '', #7706, #7707 );
#6083 = LINE( '', #7708, #7709 );
#6084 = LINE( '', #7710, #7711 );
#6085 = FILL_AREA_STYLE_COLOUR( '', #7712 );
#6086 = LINE( '', #7713, #7714 );
#6087 = LINE( '', #7715, #7716 );
#6088 = FILL_AREA_STYLE_COLOUR( '', #7717 );
#6089 = VERTEX_POINT( '', #7718 );
#6090 = VERTEX_POINT( '', #7719 );
#6091 = LINE( '', #7720, #7721 );
#6092 = LINE( '', #7722, #7723 );
#6093 = LINE( '', #7724, #7725 );
#6094 = FILL_AREA_STYLE_COLOUR( '', #7726 );
#6095 = VERTEX_POINT( '', #7727 );
#6096 = VERTEX_POINT( '', #7728 );
#6097 = LINE( '', #7729, #7730 );
#6098 = VERTEX_POINT( '', #7731 );
#6099 = LINE( '', #7732, #7733 );
#6100 = VERTEX_POINT( '', #7734 );
#6101 = LINE( '', #7735, #7736 );
#6102 = LINE( '', #7737, #7738 );
#6103 = FILL_AREA_STYLE_COLOUR( '', #7739 );
#6104 = VERTEX_POINT( '', #7740 );
#6105 = LINE( '', #7741, #7742 );
#6106 = LINE( '', #7743, #7744 );
#6107 = FILL_AREA_STYLE_COLOUR( '', #7745 );
#6108 = VERTEX_POINT( '', #7746 );
#6109 = LINE( '', #7747, #7748 );
#6110 = LINE( '', #7749, #7750 );
#6111 = FILL_AREA_STYLE_COLOUR( '', #7751 );
#6112 = VERTEX_POINT( '', #7752 );
#6113 = LINE( '', #7753, #7754 );
#6114 = VERTEX_POINT( '', #7755 );
#6115 = LINE( '', #7756, #7757 );
#6116 = VERTEX_POINT( '', #7758 );
#6117 = CIRCLE( '', #7759, 3.01805555555556 );
#6118 = VERTEX_POINT( '', #7760 );
#6119 = LINE( '', #7761, #7762 );
#6120 = VERTEX_POINT( '', #7763 );
#6121 = LINE( '', #7764, #7765 );
#6122 = VERTEX_POINT( '', #7766 );
#6123 = LINE( '', #7767, #7768 );
#6124 = LINE( '', #7769, #7770 );
#6125 = FILL_AREA_STYLE_COLOUR( '', #7771 );
#6126 = VERTEX_POINT( '', #7772 );
#6127 = LINE( '', #7773, #7774 );
#6128 = VERTEX_POINT( '', #7775 );
#6129 = LINE( '', #7776, #7777 );
#6130 = LINE( '', #7778, #7779 );
#6131 = FILL_AREA_STYLE_COLOUR( '', #7780 );
#6132 = VERTEX_POINT( '', #7781 );
#6133 = LINE( '', #7782, #7783 );
#6134 = VERTEX_POINT( '', #7784 );
#6135 = LINE( '', #7785, #7786 );
#6136 = LINE( '', #7787, #7788 );
#6137 = FILL_AREA_STYLE_COLOUR( '', #7789 );
#6138 = VERTEX_POINT( '', #7790 );
#6139 = LINE( '', #7791, #7792 );
#6140 = LINE( '', #7793, #7794 );
#6141 = FILL_AREA_STYLE_COLOUR( '', #7795 );
#6142 = VERTEX_POINT( '', #7796 );
#6143 = VERTEX_POINT( '', #7797 );
#6144 = LINE( '', #7798, #7799 );
#6145 = LINE( '', #7800, #7801 );
#6146 = LINE( '', #7802, #7803 );
#6147 = FILL_AREA_STYLE_COLOUR( '', #7804 );
#6148 = VERTEX_POINT( '', #7805 );
#6149 = VERTEX_POINT( '', #7806 );
#6150 = LINE( '', #7807, #7808 );
#6151 = VERTEX_POINT( '', #7809 );
#6152 = LINE( '', #7810, #7811 );
#6153 = VERTEX_POINT( '', #7812 );
#6154 = LINE( '', #7813, #7814 );
#6155 = LINE( '', #7815, #7816 );
#6156 = FILL_AREA_STYLE_COLOUR( '', #7817 );
#6157 = VERTEX_POINT( '', #7818 );
#6158 = CIRCLE( '', #7819, 0.900000000000000 );
#6159 = FILL_AREA_STYLE_COLOUR( '', #7820 );
#6160 = VERTEX_POINT( '', #7821 );
#6161 = VERTEX_POINT( '', #7822 );
#6162 = LINE( '', #7823, #7824 );
#6163 = LINE( '', #7825, #7826 );
#6164 = LINE( '', #7827, #7828 );
#6165 = FILL_AREA_STYLE_COLOUR( '', #7829 );
#6166 = VERTEX_POINT( '', #7830 );
#6167 = CIRCLE( '', #7831, 1.40000000000000 );
#6168 = VERTEX_POINT( '', #7832 );
#6169 = CIRCLE( '', #7833, 1.40000000000000 );
#6170 = FILL_AREA_STYLE_COLOUR( '', #7834 );
#6171 = VERTEX_POINT( '', #7835 );
#6172 = LINE( '', #7836, #7837 );
#6173 = VERTEX_POINT( '', #7838 );
#6174 = LINE( '', #7839, #7840 );
#6175 = LINE( '', #7841, #7842 );
#6176 = FILL_AREA_STYLE_COLOUR( '', #7843 );
#6177 = VERTEX_POINT( '', #7844 );
#6178 = LINE( '', #7845, #7846 );
#6179 = VERTEX_POINT( '', #7847 );
#6180 = LINE( '', #7848, #7849 );
#6181 = LINE( '', #7850, #7851 );
#6182 = FILL_AREA_STYLE_COLOUR( '', #7852 );
#6183 = VERTEX_POINT( '', #7853 );
#6184 = LINE( '', #7854, #7855 );
#6185 = VERTEX_POINT( '', #7856 );
#6186 = LINE( '', #7857, #7858 );
#6187 = LINE( '', #7859, #7860 );
#6188 = FILL_AREA_STYLE_COLOUR( '', #7861 );
#6189 = VERTEX_POINT( '', #7862 );
#6190 = LINE( '', #7863, #7864 );
#6191 = LINE( '', #7865, #7866 );
#6192 = FILL_AREA_STYLE_COLOUR( '', #7867 );
#6193 = VERTEX_POINT( '', #7868 );
#6194 = LINE( '', #7869, #7870 );
#6195 = VERTEX_POINT( '', #7871 );
#6196 = LINE( '', #7872, #7873 );
#6197 = LINE( '', #7874, #7875 );
#6198 = FILL_AREA_STYLE_COLOUR( '', #7876 );
#6199 = VERTEX_POINT( '', #7877 );
#6200 = LINE( '', #7878, #7879 );
#6201 = VERTEX_POINT( '', #7880 );
#6202 = LINE( '', #7881, #7882 );
#6203 = LINE( '', #7883, #7884 );
#6204 = FILL_AREA_STYLE_COLOUR( '', #7885 );
#6205 = VERTEX_POINT( '', #7886 );
#6206 = VERTEX_POINT( '', #7887 );
#6207 = LINE( '', #7888, #7889 );
#6208 = VERTEX_POINT( '', #7890 );
#6209 = LINE( '', #7891, #7892 );
#6210 = VERTEX_POINT( '', #7893 );
#6211 = LINE( '', #7894, #7895 );
#6212 = LINE( '', #7896, #7897 );
#6213 = FILL_AREA_STYLE_COLOUR( '', #7898 );
#6214 = VERTEX_POINT( '', #7899 );
#6215 = LINE( '', #7900, #7901 );
#6216 = VERTEX_POINT( '', #7902 );
#6217 = LINE( '', #7903, #7904 );
#6218 = LINE( '', #7905, #7906 );
#6219 = FILL_AREA_STYLE_COLOUR( '', #7907 );
#6220 = LINE( '', #7908, #7909 );
#6221 = FILL_AREA_STYLE_COLOUR( '', #7910 );
#6222 = VERTEX_POINT( '', #7911 );
#6223 = VERTEX_POINT( '', #7912 );
#6224 = LINE( '', #7913, #7914 );
#6225 = LINE( '', #7915, #7916 );
#6226 = LINE( '', #7917, #7918 );
#6227 = LINE( '', #7919, #7920 );
#6228 = FILL_AREA_STYLE_COLOUR( '', #7921 );
#6229 = VERTEX_POINT( '', #7922 );
#6230 = LINE( '', #7923, #7924 );
#6231 = VERTEX_POINT( '', #7925 );
#6232 = LINE( '', #7926, #7927 );
#6233 = LINE( '', #7928, #7929 );
#6234 = FILL_AREA_STYLE_COLOUR( '', #7930 );
#6235 = LINE( '', #7931, #7932 );
#6236 = LINE( '', #7933, #7934 );
#6237 = FILL_AREA_STYLE_COLOUR( '', #7935 );
#6238 = LINE( '', #7936, #7937 );
#6239 = FILL_AREA_STYLE_COLOUR( '', #7938 );
#6240 = VERTEX_POINT( '', #7939 );
#6241 = LINE( '', #7940, #7941 );
#6242 = VERTEX_POINT( '', #7942 );
#6243 = LINE( '', #7943, #7944 );
#6244 = LINE( '', #7945, #7946 );
#6245 = FILL_AREA_STYLE_COLOUR( '', #7947 );
#6246 = LINE( '', #7948, #7949 );
#6247 = FILL_AREA_STYLE_COLOUR( '', #7950 );
#6248 = VERTEX_POINT( '', #7951 );
#6249 = LINE( '', #7952, #7953 );
#6250 = VERTEX_POINT( '', #7954 );
#6251 = LINE( '', #7955, #7956 );
#6252 = VERTEX_POINT( '', #7957 );
#6253 = LINE( '', #7958, #7959 );
#6254 = VERTEX_POINT( '', #7960 );
#6255 = LINE( '', #7961, #7962 );
#6256 = LINE( '', #7963, #7964 );
#6257 = FILL_AREA_STYLE_COLOUR( '', #7965 );
#6258 = VERTEX_POINT( '', #7966 );
#6259 = LINE( '', #7967, #7968 );
#6260 = VERTEX_POINT( '', #7969 );
#6261 = LINE( '', #7970, #7971 );
#6262 = LINE( '', #7972, #7973 );
#6263 = FILL_AREA_STYLE_COLOUR( '', #7974 );
#6264 = LINE( '', #7975, #7976 );
#6265 = FILL_AREA_STYLE_COLOUR( '', #7977 );
#6266 = VERTEX_POINT( '', #7978 );
#6267 = LINE( '', #7979, #7980 );
#6268 = VERTEX_POINT( '', #7981 );
#6269 = LINE( '', #7982, #7983 );
#6270 = LINE( '', #7984, #7985 );
#6271 = LINE( '', #7986, #7987 );
#6272 = FILL_AREA_STYLE_COLOUR( '', #7988 );
#6273 = LINE( '', #7989, #7990 );
#6274 = LINE( '', #7991, #7992 );
#6275 = VERTEX_POINT( '', #7993 );
#6276 = LINE( '', #7994, #7995 );
#6277 = LINE( '', #7996, #7997 );
#6278 = FILL_AREA_STYLE_COLOUR( '', #7998 );
#6279 = VERTEX_POINT( '', #7999 );
#6280 = LINE( '', #8000, #8001 );
#6281 = VERTEX_POINT( '', #8002 );
#6282 = LINE( '', #8003, #8004 );
#6283 = LINE( '', #8005, #8006 );
#6284 = FILL_AREA_STYLE_COLOUR( '', #8007 );
#6285 = VERTEX_POINT( '', #8008 );
#6286 = LINE( '', #8009, #8010 );
#6287 = VERTEX_POINT( '', #8011 );
#6288 = LINE( '', #8012, #8013 );
#6289 = LINE( '', #8014, #8015 );
#6290 = FILL_AREA_STYLE_COLOUR( '', #8016 );
#6291 = FILL_AREA_STYLE_COLOUR( '', #8017 );
#6292 = VERTEX_POINT( '', #8018 );
#6293 = LINE( '', #8019, #8020 );
#6294 = VERTEX_POINT( '', #8021 );
#6295 = LINE( '', #8022, #8023 );
#6296 = LINE( '', #8024, #8025 );
#6297 = FILL_AREA_STYLE_COLOUR( '', #8026 );
#6298 = VERTEX_POINT( '', #8027 );
#6299 = LINE( '', #8028, #8029 );
#6300 = LINE( '', #8030, #8031 );
#6301 = LINE( '', #8032, #8033 );
#6302 = FILL_AREA_STYLE_COLOUR( '', #8034 );
#6303 = VERTEX_POINT( '', #8035 );
#6304 = LINE( '', #8036, #8037 );
#6305 = VERTEX_POINT( '', #8038 );
#6306 = LINE( '', #8039, #8040 );
#6307 = LINE( '', #8041, #8042 );
#6308 = FILL_AREA_STYLE_COLOUR( '', #8043 );
#6309 = VERTEX_POINT( '', #8044 );
#6310 = VERTEX_POINT( '', #8045 );
#6311 = LINE( '', #8046, #8047 );
#6312 = LINE( '', #8048, #8049 );
#6313 = VERTEX_POINT( '', #8050 );
#6314 = LINE( '', #8051, #8052 );
#6315 = LINE( '', #8053, #8054 );
#6316 = FILL_AREA_STYLE_COLOUR( '', #8055 );
#6317 = VERTEX_POINT( '', #8056 );
#6318 = LINE( '', #8057, #8058 );
#6319 = VERTEX_POINT( '', #8059 );
#6320 = LINE( '', #8060, #8061 );
#6321 = LINE( '', #8062, #8063 );
#6322 = FILL_AREA_STYLE_COLOUR( '', #8064 );
#6323 = LINE( '', #8065, #8066 );
#6324 = LINE( '', #8067, #8068 );
#6325 = FILL_AREA_STYLE_COLOUR( '', #8069 );
#6326 = VERTEX_POINT( '', #8070 );
#6327 = LINE( '', #8071, #8072 );
#6328 = LINE( '', #8073, #8074 );
#6329 = FILL_AREA_STYLE_COLOUR( '', #8075 );
#6330 = VERTEX_POINT( '', #8076 );
#6331 = LINE( '', #8077, #8078 );
#6332 = VERTEX_POINT( '', #8079 );
#6333 = LINE( '', #8080, #8081 );
#6334 = LINE( '', #8082, #8083 );
#6335 = FILL_AREA_STYLE_COLOUR( '', #8084 );
#6336 = VERTEX_POINT( '', #8085 );
#6337 = LINE( '', #8086, #8087 );
#6338 = LINE( '', #8088, #8089 );
#6339 = FILL_AREA_STYLE_COLOUR( '', #8090 );
#6340 = VERTEX_POINT( '', #8091 );
#6341 = LINE( '', #8092, #8093 );
#6342 = LINE( '', #8094, #8095 );
#6343 = FILL_AREA_STYLE_COLOUR( '', #8096 );
#6344 = LINE( '', #8097, #8098 );
#6345 = LINE( '', #8099, #8100 );
#6346 = LINE( '', #8101, #8102 );
#6347 = LINE( '', #8103, #8104 );
#6348 = LINE( '', #8105, #8106 );
#6349 = FILL_AREA_STYLE_COLOUR( '', #8107 );
#6350 = VERTEX_POINT( '', #8108 );
#6351 = LINE( '', #8109, #8110 );
#6352 = VERTEX_POINT( '', #8111 );
#6353 = CIRCLE( '', #8112, 3.01805555555556 );
#6354 = VERTEX_POINT( '', #8113 );
#6355 = LINE( '', #8114, #8115 );
#6356 = CIRCLE( '', #8116, 3.01805555555556 );
#6357 = FILL_AREA_STYLE_COLOUR( '', #8117 );
#6358 = VERTEX_POINT( '', #8118 );
#6359 = LINE( '', #8119, #8120 );
#6360 = LINE( '', #8121, #8122 );
#6361 = FILL_AREA_STYLE_COLOUR( '', #8123 );
#6362 = CIRCLE( '', #8124, 3.01805555555556 );
#6363 = VERTEX_POINT( '', #8125 );
#6364 = LINE( '', #8126, #8127 );
#6365 = LINE( '', #8128, #8129 );
#6366 = FILL_AREA_STYLE_COLOUR( '', #8130 );
#6367 = LINE( '', #8131, #8132 );
#6368 = FILL_AREA_STYLE_COLOUR( '', #8133 );
#6369 = LINE( '', #8134, #8135 );
#6370 = LINE( '', #8136, #8137 );
#6371 = FILL_AREA_STYLE_COLOUR( '', #8138 );
#6372 = LINE( '', #8139, #8140 );
#6373 = FILL_AREA_STYLE_COLOUR( '', #8141 );
#6374 = LINE( '', #8142, #8143 );
#6375 = FILL_AREA_STYLE_COLOUR( '', #8144 );
#6376 = VERTEX_POINT( '', #8145 );
#6377 = CIRCLE( '', #8146, 0.900000000000000 );
#6378 = LINE( '', #8147, #8148 );
#6379 = FILL_AREA_STYLE_COLOUR( '', #8149 );
#6380 = VERTEX_POINT( '', #8150 );
#6381 = LINE( '', #8151, #8152 );
#6382 = VERTEX_POINT( '', #8153 );
#6383 = LINE( '', #8154, #8155 );
#6384 = LINE( '', #8156, #8157 );
#6385 = FILL_AREA_STYLE_COLOUR( '', #8158 );
#6386 = VERTEX_POINT( '', #8159 );
#6387 = VERTEX_POINT( '', #8160 );
#6388 = LINE( '', #8161, #8162 );
#6389 = VERTEX_POINT( '', #8163 );
#6390 = LINE( '', #8164, #8165 );
#6391 = VERTEX_POINT( '', #8166 );
#6392 = LINE( '', #8167, #8168 );
#6393 = LINE( '', #8169, #8170 );
#6394 = LINE( '', #8171, #8172 );
#6395 = FILL_AREA_STYLE_COLOUR( '', #8173 );
#6396 = VERTEX_POINT( '', #8174 );
#6397 = LINE( '', #8175, #8176 );
#6398 = VERTEX_POINT( '', #8177 );
#6399 = LINE( '', #8178, #8179 );
#6400 = LINE( '', #8180, #8181 );
#6401 = FILL_AREA_STYLE_COLOUR( '', #8182 );
#6402 = VERTEX_POINT( '', #8183 );
#6403 = CIRCLE( '', #8184, 1.40000000000000 );
#6404 = FILL_AREA_STYLE_COLOUR( '', #8185 );
#6405 = VERTEX_POINT( '', #8186 );
#6406 = LINE( '', #8187, #8188 );
#6407 = LINE( '', #8189, #8190 );
#6408 = LINE( '', #8191, #8192 );
#6409 = LINE( '', #8193, #8194 );
#6410 = FILL_AREA_STYLE_COLOUR( '', #8195 );
#6411 = LINE( '', #8196, #8197 );
#6412 = FILL_AREA_STYLE_COLOUR( '', #8198 );
#6413 = LINE( '', #8199, #8200 );
#6414 = FILL_AREA_STYLE_COLOUR( '', #8201 );
#6415 = LINE( '', #8202, #8203 );
#6416 = FILL_AREA_STYLE_COLOUR( '', #8204 );
#6417 = LINE( '', #8205, #8206 );
#6418 = LINE( '', #8207, #8208 );
#6419 = LINE( '', #8209, #8210 );
#6420 = FILL_AREA_STYLE_COLOUR( '', #8211 );
#6421 = LINE( '', #8212, #8213 );
#6422 = LINE( '', #8214, #8215 );
#6423 = FILL_AREA_STYLE_COLOUR( '', #8216 );
#6424 = VERTEX_POINT( '', #8217 );
#6425 = LINE( '', #8218, #8219 );
#6426 = LINE( '', #8220, #8221 );
#6427 = FILL_AREA_STYLE_COLOUR( '', #8222 );
#6428 = FILL_AREA_STYLE_COLOUR( '', #8223 );
#6429 = VERTEX_POINT( '', #8224 );
#6430 = LINE( '', #8225, #8226 );
#6431 = VERTEX_POINT( '', #8227 );
#6432 = LINE( '', #8228, #8229 );
#6433 = LINE( '', #8230, #8231 );
#6434 = FILL_AREA_STYLE_COLOUR( '', #8232 );
#6435 = LINE( '', #8233, #8234 );
#6436 = LINE( '', #8235, #8236 );
#6437 = VERTEX_POINT( '', #8237 );
#6438 = LINE( '', #8238, #8239 );
#6439 = VERTEX_POINT( '', #8240 );
#6440 = LINE( '', #8241, #8242 );
#6441 = LINE( '', #8243, #8244 );
#6442 = LINE( '', #8245, #8246 );
#6443 = LINE( '', #8247, #8248 );
#6444 = LINE( '', #8249, #8250 );
#6445 = LINE( '', #8251, #8252 );
#6446 = LINE( '', #8253, #8254 );
#6447 = LINE( '', #8255, #8256 );
#6448 = LINE( '', #8257, #8258 );
#6449 = LINE( '', #8259, #8260 );
#6450 = VERTEX_POINT( '', #8261 );
#6451 = LINE( '', #8262, #8263 );
#6452 = VERTEX_POINT( '', #8264 );
#6453 = LINE( '', #8265, #8266 );
#6454 = LINE( '', #8267, #8268 );
#6455 = LINE( '', #8269, #8270 );
#6456 = LINE( '', #8271, #8272 );
#6457 = LINE( '', #8273, #8274 );
#6458 = LINE( '', #8275, #8276 );
#6459 = FILL_AREA_STYLE_COLOUR( '', #8277 );
#6460 = VERTEX_POINT( '', #8278 );
#6461 = LINE( '', #8279, #8280 );
#6462 = VERTEX_POINT( '', #8281 );
#6463 = LINE( '', #8282, #8283 );
#6464 = LINE( '', #8284, #8285 );
#6465 = FILL_AREA_STYLE_COLOUR( '', #8286 );
#6466 = LINE( '', #8287, #8288 );
#6467 = FILL_AREA_STYLE_COLOUR( '', #8289 );
#6468 = VERTEX_POINT( '', #8290 );
#6469 = CIRCLE( '', #8291, 0.900000000000000 );
#6470 = VERTEX_POINT( '', #8292 );
#6471 = CIRCLE( '', #8293, 1.40000000000000 );
#6472 = FILL_AREA_STYLE_COLOUR( '', #8294 );
#6473 = VERTEX_POINT( '', #8295 );
#6474 = LINE( '', #8296, #8297 );
#6475 = VERTEX_POINT( '', #8298 );
#6476 = LINE( '', #8299, #8300 );
#6477 = LINE( '', #8301, #8302 );
#6478 = FILL_AREA_STYLE_COLOUR( '', #8303 );
#6479 = LINE( '', #8304, #8305 );
#6480 = LINE( '', #8306, #8307 );
#6481 = FILL_AREA_STYLE_COLOUR( '', #8308 );
#6482 = FILL_AREA_STYLE_COLOUR( '', #8309 );
#6483 = VERTEX_POINT( '', #8310 );
#6484 = LINE( '', #8311, #8312 );
#6485 = LINE( '', #8313, #8314 );
#6486 = FILL_AREA_STYLE_COLOUR( '', #8315 );
#6487 = LINE( '', #8316, #8317 );
#6488 = LINE( '', #8318, #8319 );
#6489 = FILL_AREA_STYLE_COLOUR( '', #8320 );
#6490 = LINE( '', #8321, #8322 );
#6491 = FILL_AREA_STYLE_COLOUR( '', #8323 );
#6492 = LINE( '', #8324, #8325 );
#6493 = FILL_AREA_STYLE_COLOUR( '', #8326 );
#6494 = VERTEX_POINT( '', #8327 );
#6495 = LINE( '', #8328, #8329 );
#6496 = VERTEX_POINT( '', #8330 );
#6497 = LINE( '', #8331, #8332 );
#6498 = LINE( '', #8333, #8334 );
#6499 = FILL_AREA_STYLE_COLOUR( '', #8335 );
#6500 = LINE( '', #8336, #8337 );
#6501 = FILL_AREA_STYLE_COLOUR( '', #8338 );
#6502 = FILL_AREA_STYLE_COLOUR( '', #8339 );
#6503 = LINE( '', #8340, #8341 );
#6504 = LINE( '', #8342, #8343 );
#6505 = FILL_AREA_STYLE_COLOUR( '', #8344 );
#6506 = LINE( '', #8345, #8346 );
#6507 = FILL_AREA_STYLE_COLOUR( '', #8347 );
#6508 = FILL_AREA_STYLE_COLOUR( '', #8348 );
#6509 = VERTEX_POINT( '', #8349 );
#6510 = LINE( '', #8350, #8351 );
#6511 = LINE( '', #8352, #8353 );
#6512 = FILL_AREA_STYLE_COLOUR( '', #8354 );
#6513 = LINE( '', #8355, #8356 );
#6514 = FILL_AREA_STYLE_COLOUR( '', #8357 );
#6515 = LINE( '', #8358, #8359 );
#6516 = FILL_AREA_STYLE_COLOUR( '', #8360 );
#6517 = LINE( '', #8361, #8362 );
#6518 = LINE( '', #8363, #8364 );
#6519 = FILL_AREA_STYLE_COLOUR( '', #8365 );
#6520 = LINE( '', #8366, #8367 );
#6521 = FILL_AREA_STYLE_COLOUR( '', #8368 );
#6522 = LINE( '', #8369, #8370 );
#6523 = FILL_AREA_STYLE_COLOUR( '', #8371 );
#6524 = FILL_AREA_STYLE_COLOUR( '', #8372 );
#6525 = FILL_AREA_STYLE_COLOUR( '', #8373 );
#6526 = LINE( '', #8374, #8375 );
#6527 = FILL_AREA_STYLE_COLOUR( '', #8376 );
#6528 = LINE( '', #8377, #8378 );
#6529 = LINE( '', #8379, #8380 );
#6530 = FILL_AREA_STYLE_COLOUR( '', #8381 );
#6531 = FILL_AREA_STYLE_COLOUR( '', #8382 );
#6532 = LINE( '', #8383, #8384 );
#6533 = FILL_AREA_STYLE_COLOUR( '', #8385 );
#6534 = LINE( '', #8386, #8387 );
#6535 = FILL_AREA_STYLE_COLOUR( '', #8388 );
#6536 = FILL_AREA_STYLE_COLOUR( '', #8389 );
#6537 = FILL_AREA_STYLE_COLOUR( '', #8390 );
#6538 = FILL_AREA_STYLE_COLOUR( '', #8391 );
#6539 = FILL_AREA_STYLE_COLOUR( '', #8392 );
#6540 = LINE( '', #8393, #8394 );
#6541 = LINE( '', #8395, #8396 );
#6542 = FILL_AREA_STYLE_COLOUR( '', #8397 );
#6543 = VERTEX_POINT( '', #8398 );
#6544 = LINE( '', #8399, #8400 );
#6545 = LINE( '', #8401, #8402 );
#6546 = FILL_AREA_STYLE_COLOUR( '', #8403 );
#6547 = FILL_AREA_STYLE_COLOUR( '', #8404 );
#6548 = LINE( '', #8405, #8406 );
#6549 = LINE( '', #8407, #8408 );
#6550 = FILL_AREA_STYLE_COLOUR( '', #8409 );
#6551 = VERTEX_POINT( '', #8410 );
#6552 = CIRCLE( '', #8411, 0.900000000000000 );
#6553 = VERTEX_POINT( '', #8412 );
#6554 = CIRCLE( '', #8413, 1.40000000000000 );
#6555 = FILL_AREA_STYLE_COLOUR( '', #8414 );
#6556 = VERTEX_POINT( '', #8415 );
#6557 = CIRCLE( '', #8416, 1.40000000000000 );
#6558 = FILL_AREA_STYLE_COLOUR( '', #8417 );
#6559 = LINE( '', #8418, #8419 );
#6560 = FILL_AREA_STYLE_COLOUR( '', #8420 );
#6561 = LINE( '', #8421, #8422 );
#6562 = LINE( '', #8423, #8424 );
#6563 = FILL_AREA_STYLE_COLOUR( '', #8425 );
#6564 = LINE( '', #8426, #8427 );
#6565 = FILL_AREA_STYLE_COLOUR( '', #8428 );
#6566 = FILL_AREA_STYLE_COLOUR( '', #8429 );
#6567 = VERTEX_POINT( '', #8430 );
#6568 = LINE( '', #8431, #8432 );
#6569 = LINE( '', #8433, #8434 );
#6570 = VERTEX_POINT( '', #8435 );
#6571 = LINE( '', #8436, #8437 );
#6572 = VERTEX_POINT( '', #8438 );
#6573 = LINE( '', #8439, #8440 );
#6574 = LINE( '', #8441, #8442 );
#6575 = FILL_AREA_STYLE_COLOUR( '', #8443 );
#6576 = LINE( '', #8444, #8445 );
#6577 = FILL_AREA_STYLE_COLOUR( '', #8446 );
#6578 = LINE( '', #8447, #8448 );
#6579 = VERTEX_POINT( '', #8449 );
#6580 = LINE( '', #8450, #8451 );
#6581 = CIRCLE( '', #8452, 3.01805555555556 );
#6582 = FILL_AREA_STYLE_COLOUR( '', #8453 );
#6583 = LINE( '', #8454, #8455 );
#6584 = FILL_AREA_STYLE_COLOUR( '', #8456 );
#6585 = LINE( '', #8457, #8458 );
#6586 = FILL_AREA_STYLE_COLOUR( '', #8459 );
#6587 = FILL_AREA_STYLE_COLOUR( '', #8460 );
#6588 = FILL_AREA_STYLE_COLOUR( '', #8461 );
#6589 = VERTEX_POINT( '', #8462 );
#6590 = CIRCLE( '', #8463, 1.40000000000000 );
#6591 = LINE( '', #8464, #8465 );
#6592 = LINE( '', #8466, #8467 );
#6593 = CIRCLE( '', #8468, 3.01805555555556 );
#6594 = LINE( '', #8469, #8470 );
#6595 = CIRCLE( '', #8471, 3.01805555555556 );
#6596 = FILL_AREA_STYLE_COLOUR( '', #8472 );
#6597 = FILL_AREA_STYLE_COLOUR( '', #8473 );
#6598 = FILL_AREA_STYLE_COLOUR( '', #8474 );
#6599 = FILL_AREA_STYLE_COLOUR( '', #8475 );
#6600 = LINE( '', #8476, #8477 );
#6601 = VERTEX_POINT( '', #8478 );
#6602 = LINE( '', #8479, #8480 );
#6603 = LINE( '', #8481, #8482 );
#6604 = FILL_AREA_STYLE_COLOUR( '', #8483 );
#6605 = FILL_AREA_STYLE_COLOUR( '', #8484 );
#6606 = VERTEX_POINT( '', #8485 );
#6607 = LINE( '', #8486, #8487 );
#6608 = LINE( '', #8488, #8489 );
#6609 = FILL_AREA_STYLE_COLOUR( '', #8490 );
#6610 = LINE( '', #8491, #8492 );
#6611 = FILL_AREA_STYLE_COLOUR( '', #8493 );
#6612 = LINE( '', #8494, #8495 );
#6613 = FILL_AREA_STYLE_COLOUR( '', #8496 );
#6614 = FILL_AREA_STYLE_COLOUR( '', #8497 );
#6615 = FILL_AREA_STYLE_COLOUR( '', #8498 );
#6616 = FILL_AREA_STYLE_COLOUR( '', #8499 );
#6617 = LINE( '', #8500, #8501 );
#6618 = FILL_AREA_STYLE_COLOUR( '', #8502 );
#6619 = FILL_AREA_STYLE_COLOUR( '', #8503 );
#6620 = FILL_AREA_STYLE_COLOUR( '', #8504 );
#6621 = FILL_AREA_STYLE_COLOUR( '', #8505 );
#6622 = FILL_AREA_STYLE_COLOUR( '', #8506 );
#6623 = FILL_AREA_STYLE_COLOUR( '', #8507 );
#6624 = FILL_AREA_STYLE_COLOUR( '', #8508 );
#6625 = FILL_AREA_STYLE_COLOUR( '', #8509 );
#6626 = FILL_AREA_STYLE_COLOUR( '', #8510 );
#6627 = LINE( '', #8511, #8512 );
#6628 = FILL_AREA_STYLE_COLOUR( '', #8513 );
#6629 = FILL_AREA_STYLE_COLOUR( '', #8514 );
#6630 = FILL_AREA_STYLE_COLOUR( '', #8515 );
#6631 = FILL_AREA_STYLE_COLOUR( '', #8516 );
#6632 = FILL_AREA_STYLE_COLOUR( '', #8517 );
#6633 = COLOUR_RGB( '', 0.333333343267441, 0.600000023841858, 0.333333343267441 );
#6634 = CARTESIAN_POINT( '', ( 2.66080314706699, 3.02264434404465, -5.20000000000000 ) );
#6635 = CARTESIAN_POINT( '', ( 2.66080314706699, 1.77540157353350, -5.20000000000000 ) );
#6636 = CARTESIAN_POINT( '', ( 2.66080314706699, 3.02264434404465, -5.20000000000000 ) );
#6637 = VECTOR( '', #8518, 1000.00000000000 );
#6638 = CARTESIAN_POINT( '', ( 2.66080314706699, 1.77540157353349, -2.80000000000000 ) );
#6639 = CARTESIAN_POINT( '', ( 2.66080314706699, 1.77540157353349, -2.80000000000000 ) );
#6640 = VECTOR( '', #8519, 1000.00000000000 );
#6641 = CARTESIAN_POINT( '', ( 2.66080314706699, 3.02264434404465, -2.80000000000000 ) );
#6642 = CARTESIAN_POINT( '', ( 2.66080314706699, 3.02264434404465, -2.80000000000000 ) );
#6643 = VECTOR( '', #8520, 1000.00000000000 );
#6644 = CARTESIAN_POINT( '', ( 2.66080314706699, 3.02264434404465, -2.80000000000000 ) );
#6645 = VECTOR( '', #8521, 1000.00000000000 );
#6646 = COLOUR_RGB( '', 0.333333343267441, 0.600000023841858, 0.333333343267441 );
#6647 = CARTESIAN_POINT( '', ( -2.88500000000000, -2.95000000000000, 6.00000000000000 ) );
#6648 = CARTESIAN_POINT( '', ( -3.21000000000000, -2.95000000000000, 4.70000000000000 ) );
#6649 = CARTESIAN_POINT( '', ( -6.19352941176469, -2.95000000000000, -7.23411764705882 ) );
#6650 = VECTOR( '', #8522, 1000.00000000000 );
#6651 = CARTESIAN_POINT( '', ( -3.21000000000000, -4.45000000000000, 4.70000000000000 ) );
#6652 = CARTESIAN_POINT( '', ( -3.21000000000000, 43.5767907131480, 4.70000000000000 ) );
#6653 = VECTOR( '', #8523, 1000.00000000000 );
#6654 = CARTESIAN_POINT( '', ( -2.88500000000000, -4.05000000000000, 6.00000000000000 ) );
#6655 = CARTESIAN_POINT( '', ( -1.80193672099714, -2.71699904122724, 10.3322531160115 ) );
#6656 = VECTOR( '', #8524, 1000.00000000000 );
#6657 = CARTESIAN_POINT( '', ( -2.88500000000000, 43.5767907131480, 6.00000000000000 ) );
#6658 = VECTOR( '', #8525, 1000.00000000000 );
#6659 = COLOUR_RGB( '', 0.333333343267441, 0.600000023841858, 0.333333343267441 );
#6660 = CARTESIAN_POINT( '', ( 2.88500000000000, -2.95000000000000, 6.00000000000000 ) );
#6661 = CARTESIAN_POINT( '', ( 2.88500000000000, -4.05000000000000, 6.00000000000000 ) );
#6662 = CARTESIAN_POINT( '', ( 2.88500000000000, 43.5767907131480, 6.00000000000000 ) );
#6663 = VECTOR( '', #8526, 1000.00000000000 );
#6664 = CARTESIAN_POINT( '', ( -14.3300000000000, -2.95000000000000, 6.00000000000000 ) );
#6665 = VECTOR( '', #8527, 1000.00000000000 );
#6666 = CARTESIAN_POINT( '', ( 22.8600000000000, -4.05000000000000, 6.00000000000000 ) );
#6667 = VECTOR( '', #8528, 1000.00000000000 );
#6668 = COLOUR_RGB( '', 0.333333343267441, 0.600000023841858, 0.333333343267441 );
#6669 = CARTESIAN_POINT( '', ( -1.68540157353350, -0.299999999999995, -5.20000000000000 ) );
#6670 = CARTESIAN_POINT( '', ( 1.68540157353349, -0.299999999999996, -5.20000000000000 ) );
#6671 = CARTESIAN_POINT( '', ( -1.68540157353350, -0.299999999999995, -5.20000000000000 ) );
#6672 = VECTOR( '', #8529, 1000.00000000000 );
#6673 = CARTESIAN_POINT( '', ( 1.68540157353349, -0.299999999999996, -2.80000000000000 ) );
#6674 = CARTESIAN_POINT( '', ( 1.68540157353349, -0.299999999999996, -2.80000000000000 ) );
#6675 = VECTOR( '', #8530, 1000.00000000000 );
#6676 = CARTESIAN_POINT( '', ( -1.68540157353350, -0.299999999999995, -2.80000000000000 ) );
#6677 = CARTESIAN_POINT( '', ( -1.68540157353350, -0.299999999999995, -2.80000000000000 ) );
#6678 = VECTOR( '', #8531, 1000.00000000000 );
#6679 = CARTESIAN_POINT( '', ( -1.68540157353350, -0.299999999999995, -2.80000000000000 ) );
#6680 = VECTOR( '', #8532, 1000.00000000000 );
#6681 = COLOUR_RGB( '', 0.333333343267441, 0.600000023841858, 0.333333343267441 );
#6682 = CARTESIAN_POINT( '', ( -4.36000000000000, -1.87459842646651, -5.20000000000000 ) );
#6683 = CARTESIAN_POINT( '', ( -4.36000000000000, -2.95000000000000, -5.20000000000000 ) );
#6684 = CARTESIAN_POINT( '', ( -4.36000000000000, -1.87459842646651, -5.20000000000000 ) );
#6685 = VECTOR( '', #8533, 1000.00000000000 );
#6686 = CARTESIAN_POINT( '', ( -4.36000000000000, -2.95000000000000, -2.80000000000000 ) );
#6687 = CARTESIAN_POINT( '', ( -4.36000000000000, -2.95000000000000, -2.80000000000000 ) );
#6688 = VECTOR( '', #8534, 1000.00000000000 );
#6689 = CARTESIAN_POINT( '', ( -4.36000000000000, -1.87459842646651, -2.80000000000000 ) );
#6690 = CARTESIAN_POINT( '', ( -4.36000000000000, -1.87459842646651, -2.80000000000000 ) );
#6691 = VECTOR( '', #8535, 1000.00000000000 );
#6692 = CARTESIAN_POINT( '', ( -4.36000000000000, -1.87459842646651, -2.80000000000000 ) );
#6693 = VECTOR( '', #8536, 1000.00000000000 );
#6694 = COLOUR_RGB( '', 0.333333343267441, 0.600000023841858, 0.333333343267441 );
#6695 = CARTESIAN_POINT( '', ( 11.9300000000000, -0.249999999999997, -1.20000000000000 ) );
#6696 = CARTESIAN_POINT( '', ( 10.9300000000000, -0.249999999999997, -1.20000000000000 ) );
#6697 = CARTESIAN_POINT( '', ( 11.9300000000000, -0.249999999999997, -1.20000000000000 ) );
#6698 = VECTOR( '', #8537, 1000.00000000000 );
#6699 = CARTESIAN_POINT( '', ( 11.9300000000000, -0.249999999999997, -5.60000000000000 ) );
#6700 = CARTESIAN_POINT( '', ( 11.9300000000000, -0.249999999999997, -49.2267907131480 ) );
#6701 = VECTOR( '', #8538, 1000.00000000000 );
#6702 = CARTESIAN_POINT( '', ( 10.9300000000000, -0.249999999999997, -5.60000000000000 ) );
#6703 = CARTESIAN_POINT( '', ( 11.9300000000000, -0.249999999999997, -5.60000000000000 ) );
#6704 = VECTOR( '', #8539, 1000.00000000000 );
#6705 = CARTESIAN_POINT( '', ( 10.9300000000000, -0.249999999999997, -49.2267907131480 ) );
#6706 = VECTOR( '', #8540, 1000.00000000000 );
#6707 = COLOUR_RGB( '', 0.333333343267441, 0.600000023841858, 0.333333343267441 );
#6708 = CARTESIAN_POINT( '', ( 11.9300000000000, 0.750000000000000, -3.45000000000000 ) );
#6709 = CARTESIAN_POINT( '', ( 10.9300000000000, 0.750000000000000, -3.45000000000000 ) );
#6710 = CARTESIAN_POINT( '', ( 10.9300000000000, 0.750000000000000, -3.45000000000000 ) );
#6711 = VECTOR( '', #8541, 1000.00000000000 );
#6712 = CARTESIAN_POINT( '', ( 10.9300000000000, 3.65000000000000, -3.45000000000000 ) );
#6713 = CARTESIAN_POINT( '', ( 10.9300000000000, -0.249999999999997, -3.45000000000000 ) );
#6714 = VECTOR( '', #8542, 1000.00000000000 );
#6715 = CARTESIAN_POINT( '', ( 11.9300000000000, 3.65000000000000, -3.45000000000000 ) );
#6716 = CARTESIAN_POINT( '', ( 10.9300000000000, 3.65000000000000, -3.45000000000000 ) );
#6717 = VECTOR( '', #8543, 1000.00000000000 );
#6718 = CARTESIAN_POINT( '', ( 11.9300000000000, -0.249999999999997, -3.45000000000000 ) );
#6719 = VECTOR( '', #8544, 1000.00000000000 );
#6720 = COLOUR_RGB( '', 0.333333343267441, 0.600000023841858, 0.333333343267441 );
#6721 = CARTESIAN_POINT( '', ( -16.9000000000000, 2.35000000000000, 6.00000000000000 ) );
#6722 = CARTESIAN_POINT( '', ( -13.5800000000000, 2.35000000000000, 6.00000000000000 ) );
#6723 = CARTESIAN_POINT( '', ( -16.9000000000000, 2.35000000000000, 6.00000000000000 ) );
#6724 = VECTOR( '', #8545, 1000.00000000000 );
#6725 = CARTESIAN_POINT( '', ( -16.9000000000000, 2.35000000000000, -5.20000000000000 ) );
#6726 = CARTESIAN_POINT( '', ( -16.9000000000000, 2.35000000000000, -5.20000000000000 ) );
#6727 = VECTOR( '', #8546, 1000.00000000000 );
#6728 = CARTESIAN_POINT( '', ( -13.5800000000000, 2.35000000000000, -5.20000000000000 ) );
#6729 = CARTESIAN_POINT( '', ( -16.9000000000000, 2.35000000000000, -5.20000000000000 ) );
#6730 = VECTOR( '', #8547, 1000.00000000000 );
#6731 = CARTESIAN_POINT( '', ( -13.5800000000000, 2.35000000000000, -5.20000000000000 ) );
#6732 = VECTOR( '', #8548, 1000.00000000000 );
#6733 = COLOUR_RGB( '', 0.333333343267441, 0.600000023841858, 0.333333343267441 );
#6734 = CARTESIAN_POINT( '', ( -12.5791968529330, 3.02264434404465, -5.20000000000000 ) );
#6735 = CARTESIAN_POINT( '', ( -12.5791968529330, 1.77540157353349, -5.20000000000000 ) );
#6736 = CARTESIAN_POINT( '', ( -12.5791968529330, 3.02264434404465, -5.20000000000000 ) );
#6737 = VECTOR( '', #8549, 1000.00000000000 );
#6738 = CARTESIAN_POINT( '', ( -12.5791968529330, 1.77540157353349, -2.80000000000000 ) );
#6739 = CARTESIAN_POINT( '', ( -12.5791968529330, 1.77540157353349, -2.80000000000000 ) );
#6740 = VECTOR( '', #8550, 1000.00000000000 );
#6741 = CARTESIAN_POINT( '', ( -12.5791968529330, 3.02264434404465, -2.80000000000000 ) );
#6742 = CARTESIAN_POINT( '', ( -12.5791968529330, 3.02264434404465, -2.80000000000000 ) );
#6743 = VECTOR( '', #8551, 1000.00000000000 );
#6744 = CARTESIAN_POINT( '', ( -12.5791968529330, 3.02264434404465, -2.80000000000000 ) );
#6745 = VECTOR( '', #8552, 1000.00000000000 );
#6746 = COLOUR_RGB( '', 0.333333343267441, 0.600000023841858, 0.333333343267441 );
#6747 = CARTESIAN_POINT( '', ( -20.5250000000000, -2.65000000000000, -5.60000000000000 ) );
#6748 = CARTESIAN_POINT( '', ( -20.5250000000000, 3.65000000000000, -5.60000000000000 ) );
#6749 = CARTESIAN_POINT( '', ( -20.5250000000000, -2.65000000000000, -5.60000000000000 ) );
#6750 = VECTOR( '', #8553, 1000.00000000000 );
#6751 = CARTESIAN_POINT( '', ( -20.5250000000000, -2.65000000000000, -6.00000000000000 ) );
#6752 = CARTESIAN_POINT( '', ( -20.5250000000000, -2.65000000000000, -5.60000000000000 ) );
#6753 = VECTOR( '', #8554, 1000.00000000000 );
#6754 = CARTESIAN_POINT( '', ( -20.5250000000000, 4.05000000000000, -6.00000000000000 ) );
#6755 = CARTESIAN_POINT( '', ( -20.5250000000000, -2.65000000000000, -6.00000000000000 ) );
#6756 = VECTOR( '', #8555, 1000.00000000000 );
#6757 = CARTESIAN_POINT( '', ( -20.5250000000000, 4.05000000000000, -2.60000000000000 ) );
#6758 = CARTESIAN_POINT( '', ( -20.5250000000000, 4.05000000000000, -6.00000000000000 ) );
#6759 = VECTOR( '', #8556, 1000.00000000000 );
#6760 = CARTESIAN_POINT( '', ( -20.5250000000000, 3.65000000000000, -2.60000000000000 ) );
#6761 = CARTESIAN_POINT( '', ( -20.5250000000000, 3.65000000000000, -2.60000000000000 ) );
#6762 = VECTOR( '', #8557, 1000.00000000000 );
#6763 = CARTESIAN_POINT( '', ( -20.5250000000000, 3.65000000000000, -6.00000000000000 ) );
#6764 = VECTOR( '', #8558, 1000.00000000000 );
#6765 = COLOUR_RGB( '', 0.333333343267441, 0.600000023841858, 0.333333343267441 );
#6766 = CARTESIAN_POINT( '', ( 19.5500000000000, 0.750000000000000, -3.45000000000000 ) );
#6767 = CARTESIAN_POINT( '', ( 18.5500000000000, 0.750000000000000, -3.45000000000000 ) );
#6768 = CARTESIAN_POINT( '', ( 18.5500000000000, 0.750000000000000, -3.45000000000000 ) );
#6769 = VECTOR( '', #8559, 1000.00000000000 );
#6770 = CARTESIAN_POINT( '', ( 18.5500000000000, 3.65000000000000, -3.45000000000000 ) );
#6771 = CARTESIAN_POINT( '', ( 18.5500000000000, -0.249999999999997, -3.45000000000000 ) );
#6772 = VECTOR( '', #8560, 1000.00000000000 );
#6773 = CARTESIAN_POINT( '', ( 19.5500000000000, 3.65000000000000, -3.45000000000000 ) );
#6774 = CARTESIAN_POINT( '', ( 18.5500000000000, 3.65000000000000, -3.45000000000000 ) );
#6775 = VECTOR( '', #8561, 1000.00000000000 );
#6776 = CARTESIAN_POINT( '', ( 19.5500000000000, -0.249999999999997, -3.45000000000000 ) );
#6777 = VECTOR( '', #8562, 1000.00000000000 );
#6778 = COLOUR_RGB( '', 0.333333343267441, 0.600000023841858, 0.333333343267441 );
#6779 = CARTESIAN_POINT( '', ( 20.5250000000000, 4.05000000000000, -2.60000000000000 ) );
#6780 = CARTESIAN_POINT( '', ( 20.5250000000000, 4.05000000000000, -6.00000000000000 ) );
#6781 = CARTESIAN_POINT( '', ( 20.5250000000000, 4.05000000000000, -2.60000000000000 ) );
#6782 = VECTOR( '', #8563, 1000.00000000000 );
#6783 = CARTESIAN_POINT( '', ( 20.5250000000000, -2.65000000000000, -6.00000000000000 ) );
#6784 = CARTESIAN_POINT( '', ( 20.5250000000000, 4.05000000000000, -6.00000000000000 ) );
#6785 = VECTOR( '', #8564, 1000.00000000000 );
#6786 = CARTESIAN_POINT( '', ( 20.5250000000000, -2.65000000000000, -5.60000000000000 ) );
#6787 = CARTESIAN_POINT( '', ( 20.5250000000000, -2.65000000000000, -6.00000000000000 ) );
#6788 = VECTOR( '', #8565, 1000.00000000000 );
#6789 = CARTESIAN_POINT( '', ( 20.5250000000000, 3.65000000000000, -5.60000000000000 ) );
#6790 = CARTESIAN_POINT( '', ( 20.5250000000000, 4.05000000000000, -5.60000000000000 ) );
#6791 = VECTOR( '', #8566, 1000.00000000000 );
#6792 = CARTESIAN_POINT( '', ( 20.5250000000000, 3.65000000000000, -2.60000000000000 ) );
#6793 = CARTESIAN_POINT( '', ( 20.5250000000000, 3.65000000000000, -2.60000000000000 ) );
#6794 = VECTOR( '', #8567, 1000.00000000000 );
#6795 = CARTESIAN_POINT( '', ( 20.5250000000000, 4.05000000000000, -2.60000000000000 ) );
#6796 = VECTOR( '', #8568, 1000.00000000000 );
#6797 = COLOUR_RGB( '', 0.333333343267441, 0.600000023841858, 0.333333343267441 );
#6798 = CARTESIAN_POINT( '', ( 19.6500000000000, -4.45000000000000, 4.70000000000000 ) );
#6799 = CARTESIAN_POINT( '', ( 19.9750000000000, -4.05000000000000, 6.00000000000000 ) );
#6800 = CARTESIAN_POINT( '', ( 19.8233748801534, -4.23661553211889, 5.39349952061361 ) );
#6801 = VECTOR( '', #8569, 1000.00000000000 );
#6802 = CARTESIAN_POINT( '', ( 22.8600000000000, -4.45000000000000, 4.70000000000000 ) );
#6803 = CARTESIAN_POINT( '', ( 22.8600000000000, -4.45000000000000, 4.70000000000000 ) );
#6804 = VECTOR( '', #8570, 1000.00000000000 );
#6805 = CARTESIAN_POINT( '', ( 22.8600000000000, -4.05000000000000, 6.00000000000000 ) );
#6806 = CARTESIAN_POINT( '', ( 22.8600000000000, -4.45000000000000, 4.70000000000000 ) );
#6807 = VECTOR( '', #8571, 1000.00000000000 );
#6808 = CARTESIAN_POINT( '', ( 22.8600000000000, -4.05000000000000, 6.00000000000000 ) );
#6809 = VECTOR( '', #8572, 1000.00000000000 );
#6810 = COLOUR_RGB( '', 0.333333343267441, 0.600000023841858, 0.333333343267441 );
#6811 = CARTESIAN_POINT( '', ( 10.5050000000000, -2.95000000000000, 6.00000000000000 ) );
#6812 = CARTESIAN_POINT( '', ( 10.5050000000000, -4.05000000000000, 6.00000000000000 ) );
#6813 = CARTESIAN_POINT( '', ( 10.5050000000000, 43.5767907131480, 6.00000000000000 ) );
#6814 = VECTOR( '', #8573, 1000.00000000000 );
#6815 = CARTESIAN_POINT( '', ( 4.73500000000000, -2.95000000000000, 6.00000000000000 ) );
#6816 = CARTESIAN_POINT( '', ( -14.3300000000000, -2.95000000000000, 6.00000000000000 ) );
#6817 = VECTOR( '', #8574, 1000.00000000000 );
#6818 = CARTESIAN_POINT( '', ( 4.73500000000000, -4.05000000000000, 6.00000000000000 ) );
#6819 = CARTESIAN_POINT( '', ( 4.73500000000000, 43.5767907131480, 6.00000000000000 ) );
#6820 = VECTOR( '', #8575, 1000.00000000000 );
#6821 = CARTESIAN_POINT( '', ( 22.8600000000000, -4.05000000000000, 6.00000000000000 ) );
#6822 = VECTOR( '', #8576, 1000.00000000000 );
#6823 = COLOUR_RGB( '', 0.333333343267441, 0.600000023841858, 0.333333343267441 );
#6824 = CARTESIAN_POINT( '', ( -4.73500000000000, -2.95000000000000, 6.00000000000000 ) );
#6825 = CARTESIAN_POINT( '', ( -4.73500000000000, -4.05000000000000, 6.00000000000000 ) );
#6826 = CARTESIAN_POINT( '', ( -4.73500000000000, 43.5767907131480, 6.00000000000000 ) );
#6827 = VECTOR( '', #8577, 1000.00000000000 );
#6828 = CARTESIAN_POINT( '', ( -10.5050000000000, -2.95000000000000, 6.00000000000000 ) );
#6829 = CARTESIAN_POINT( '', ( -14.3300000000000, -2.95000000000000, 6.00000000000000 ) );
#6830 = VECTOR( '', #8578, 1000.00000000000 );
#6831 = CARTESIAN_POINT( '', ( -10.5050000000000, -4.05000000000000, 6.00000000000000 ) );
#6832 = CARTESIAN_POINT( '', ( -10.5050000000000, 43.5767907131480, 6.00000000000000 ) );
#6833 = VECTOR( '', #8579, 1000.00000000000 );
#6834 = CARTESIAN_POINT( '', ( 22.8600000000000, -4.05000000000000, 6.00000000000000 ) );
#6835 = VECTOR( '', #8580, 1000.00000000000 );
#6836 = COLOUR_RGB( '', 0.333333343267441, 0.600000023841858, 0.333333343267441 );
#6837 = CARTESIAN_POINT( '', ( 5.28500000000000, -2.65000000000000, -6.00000000000000 ) );
#6838 = CARTESIAN_POINT( '', ( 5.28500000000000, 4.05000000000000, -6.00000000000000 ) );
#6839 = CARTESIAN_POINT( '', ( 5.28500000000000, -2.65000000000000, -6.00000000000000 ) );
#6840 = VECTOR( '', #8581, 1000.00000000000 );
#6841 = CARTESIAN_POINT( '', ( 5.28500000000000, -2.65000000000000, -5.60000000000000 ) );
#6842 = CARTESIAN_POINT( '', ( 5.28500000000000, -2.65000000000000, -6.00000000000000 ) );
#6843 = VECTOR( '', #8582, 1000.00000000000 );
#6844 = CARTESIAN_POINT( '', ( 5.28500000000000, 3.65000000000000, -5.60000000000000 ) );
#6845 = CARTESIAN_POINT( '', ( 5.28500000000000, -2.65000000000000, -5.60000000000000 ) );
#6846 = VECTOR( '', #8583, 1000.00000000000 );
#6847 = CARTESIAN_POINT( '', ( 5.28500000000000, 3.65000000000000, -2.60000000000000 ) );
#6848 = CARTESIAN_POINT( '', ( 5.28500000000000, 3.65000000000000, -6.00000000000000 ) );
#6849 = VECTOR( '', #8584, 1000.00000000000 );
#6850 = CARTESIAN_POINT( '', ( 5.28500000000000, 4.05000000000000, -2.60000000000000 ) );
#6851 = CARTESIAN_POINT( '', ( 5.28500000000000, 4.05000000000000, -2.60000000000000 ) );
#6852 = VECTOR( '', #8585, 1000.00000000000 );
#6853 = CARTESIAN_POINT( '', ( 5.28500000000000, 4.05000000000000, -6.00000000000000 ) );
#6854 = VECTOR( '', #8586, 1000.00000000000 );
#6855 = COLOUR_RGB( '', 0.333333343267441, 0.600000023841858, 0.333333343267441 );
#6856 = CARTESIAN_POINT( '', ( -19.9750000000000, -4.05000000000000, 6.00000000000000 ) );
#6857 = CARTESIAN_POINT( '', ( -19.6500000000000, -4.45000000000000, 4.70000000000000 ) );
#6858 = CARTESIAN_POINT( '', ( -17.3539980824545, -7.27584851390219, -4.48400767018213 ) );
#6859 = VECTOR( '', #8587, 1000.00000000000 );
#6860 = CARTESIAN_POINT( '', ( -22.8600000000000, -4.05000000000000, 6.00000000000000 ) );
#6861 = CARTESIAN_POINT( '', ( 22.8600000000000, -4.05000000000000, 6.00000000000000 ) );
#6862 = VECTOR( '', #8588, 1000.00000000000 );
#6863 = CARTESIAN_POINT( '', ( -22.8600000000000, -4.45000000000000, 4.70000000000000 ) );
#6864 = CARTESIAN_POINT( '', ( -22.8600000000000, -4.45000000000000, 4.70000000000000 ) );
#6865 = VECTOR( '', #8589, 1000.00000000000 );
#6866 = CARTESIAN_POINT( '', ( 22.8600000000000, -4.45000000000000, 4.70000000000000 ) );
#6867 = VECTOR( '', #8590, 1000.00000000000 );
#6868 = COLOUR_RGB( '', 0.333333343267441, 0.600000023841858, 0.333333343267441 );
#6869 = CARTESIAN_POINT( '', ( 1.66000000000000, 2.35000000000000, -5.20000000000000 ) );
#6870 = AXIS2_PLACEMENT_3D( '', #8591, #8592, #8593 );
#6871 = CARTESIAN_POINT( '', ( -1.66000000000000, 2.35000000000000, -5.20000000000000 ) );
#6872 = CARTESIAN_POINT( '', ( -1.66000000000000, 2.35000000000000, -5.20000000000000 ) );
#6873 = VECTOR( '', #8594, 1000.00000000000 );
#6874 = CARTESIAN_POINT( '', ( -2.66080314706699, 3.02264434404465, -5.20000000000000 ) );
#6875 = AXIS2_PLACEMENT_3D( '', #8595, #8596, #8597 );
#6876 = CARTESIAN_POINT( '', ( -2.66080314706699, 1.77540157353350, -5.20000000000000 ) );
#6877 = CARTESIAN_POINT( '', ( -2.66080314706699, 1.77540157353350, -5.20000000000000 ) );
#6878 = VECTOR( '', #8598, 1000.00000000000 );
#6879 = CARTESIAN_POINT( '', ( -1.68540157353350, 0.800000000000000, -5.20000000000000 ) );
#6880 = CARTESIAN_POINT( '', ( -1.68540157353350, 0.800000000000000, -5.20000000000000 ) );
#6881 = VECTOR( '', #8599, 1000.00000000000 );
#6882 = CARTESIAN_POINT( '', ( 1.68540157353349, 0.800000000000000, -5.20000000000000 ) );
#6883 = CARTESIAN_POINT( '', ( 0.910000000000000, 0.800000000000000, -5.20000000000000 ) );
#6884 = VECTOR( '', #8600, 1000.00000000000 );
#6885 = CARTESIAN_POINT( '', ( 2.66080314706699, 1.77540157353349, -5.20000000000000 ) );
#6886 = VECTOR( '', #8601, 1000.00000000000 );
#6887 = COLOUR_RGB( '', 0.740392148494720, 0.778039216995239, 0.800000011920929 );
#6888 = CARTESIAN_POINT( '', ( -0.500000000000000, 0.500000000000000, 6.37500000000000 ) );
#6889 = CARTESIAN_POINT( '', ( -0.500000000000000, 0.500000000000000, -6.37500000000000 ) );
#6890 = CARTESIAN_POINT( '', ( -0.500000000000000, 0.500000000000000, 7.37500000000000 ) );
#6891 = VECTOR( '', #8602, 1000.00000000000 );
#6892 = CARTESIAN_POINT( '', ( 0.500000000000000, 0.500000000000000, 6.37500000000000 ) );
#6893 = CARTESIAN_POINT( '', ( 0.500000000000000, 0.500000000000000, 6.37500000000000 ) );
#6894 = VECTOR( '', #8603, 1000.00000000000 );
#6895 = CARTESIAN_POINT( '', ( 0.500000000000000, 0.500000000000000, -6.37500000000000 ) );
#6896 = CARTESIAN_POINT( '', ( 0.500000000000000, 0.500000000000000, 7.37500000000000 ) );
#6897 = VECTOR( '', #8604, 1000.00000000000 );
#6898 = CARTESIAN_POINT( '', ( -0.500000000000000, 0.500000000000000, -6.37500000000000 ) );
#6899 = VECTOR( '', #8605, 1000.00000000000 );
#6900 = COLOUR_RGB( '', 0.333333343267441, 0.600000023841858, 0.333333343267441 );
#6901 = CARTESIAN_POINT( '', ( 10.8800000000000, -1.87459842646651, -5.20000000000000 ) );
#6902 = CARTESIAN_POINT( '', ( 10.8800000000000, -2.95000000000000, -5.20000000000000 ) );
#6903 = CARTESIAN_POINT( '', ( 10.8800000000000, -1.87459842646651, -5.20000000000000 ) );
#6904 = VECTOR( '', #8606, 1000.00000000000 );
#6905 = CARTESIAN_POINT( '', ( 10.8800000000000, -2.95000000000000, -2.80000000000000 ) );
#6906 = CARTESIAN_POINT( '', ( 10.8800000000000, -2.95000000000000, -2.80000000000000 ) );
#6907 = VECTOR( '', #8607, 1000.00000000000 );
#6908 = CARTESIAN_POINT( '', ( 10.8800000000000, -1.87459842646651, -2.80000000000000 ) );
#6909 = CARTESIAN_POINT( '', ( 10.8800000000000, -1.87459842646651, -2.80000000000000 ) );
#6910 = VECTOR( '', #8608, 1000.00000000000 );
#6911 = CARTESIAN_POINT( '', ( 10.8800000000000, -1.87459842646651, -2.80000000000000 ) );
#6912 = VECTOR( '', #8609, 1000.00000000000 );
#6913 = COLOUR_RGB( '', 0.333333343267441, 0.600000023841858, 0.333333343267441 );
#6914 = CARTESIAN_POINT( '', ( -1.66000000000000, 2.35000000000000, 6.00000000000000 ) );
#6915 = CARTESIAN_POINT( '', ( -1.66000000000000, 2.35000000000000, -5.20000000000000 ) );
#6916 = VECTOR( '', #8610, 1000.00000000000 );
#6917 = CARTESIAN_POINT( '', ( -5.96000000000000, 2.35000000000000, 6.00000000000000 ) );
#6918 = AXIS2_PLACEMENT_3D( '', #8611, #8612, #8613 );
#6919 = CARTESIAN_POINT( '', ( -5.96000000000000, 2.35000000000000, -5.20000000000000 ) );
#6920 = CARTESIAN_POINT( '', ( -5.96000000000000, 2.35000000000000, -5.20000000000000 ) );
#6921 = VECTOR( '', #8614, 1000.00000000000 );
#6922 = CARTESIAN_POINT( '', ( -4.95919685293301, 3.02264434404465, -5.20000000000000 ) );
#6923 = AXIS2_PLACEMENT_3D( '', #8615, #8616, #8617 );
#6924 = CARTESIAN_POINT( '', ( -4.95919685293301, 3.02264434404465, -2.80000000000000 ) );
#6925 = CARTESIAN_POINT( '', ( -4.95919685293301, 3.02264434404465, -2.80000000000000 ) );
#6926 = VECTOR( '', #8618, 1000.00000000000 );
#6927 = CARTESIAN_POINT( '', ( -2.66080314706699, 3.02264434404465, -2.80000000000000 ) );
#6928 = AXIS2_PLACEMENT_3D( '', #8619, #8620, #8621 );
#6929 = CARTESIAN_POINT( '', ( -2.66080314706699, 3.02264434404465, -2.80000000000000 ) );
#6930 = VECTOR( '', #8622, 1000.00000000000 );
#6931 = COLOUR_RGB( '', 0.333333343267441, 0.600000023841858, 0.333333343267441 );
#6932 = CARTESIAN_POINT( '', ( -4.71000000000000, 0.250000000000004, -1.20000000000000 ) );
#6933 = AXIS2_PLACEMENT_3D( '', #8623, #8624, #8625 );
#6934 = CARTESIAN_POINT( '', ( -5.21000000000000, 0.250000000000004, -1.70000000000000 ) );
#6935 = AXIS2_PLACEMENT_3D( '', #8626, #8627, #8628 );
#6936 = COLOUR_RGB( '', 0.333333343267441, 0.600000023841858, 0.333333343267441 );
#6937 = CARTESIAN_POINT( '', ( -9.95500000000000, -2.65000000000000, -6.00000000000000 ) );
#6938 = CARTESIAN_POINT( '', ( -9.95500000000000, 4.05000000000000, -6.00000000000000 ) );
#6939 = CARTESIAN_POINT( '', ( -9.95500000000000, -2.65000000000000, -6.00000000000000 ) );
#6940 = VECTOR( '', #8629, 1000.00000000000 );
#6941 = CARTESIAN_POINT( '', ( -9.95500000000000, -2.65000000000000, -5.60000000000000 ) );
#6942 = CARTESIAN_POINT( '', ( -9.95500000000000, -2.65000000000000, -6.00000000000000 ) );
#6943 = VECTOR( '', #8630, 1000.00000000000 );
#6944 = CARTESIAN_POINT( '', ( -9.95500000000000, 3.65000000000000, -5.60000000000000 ) );
#6945 = CARTESIAN_POINT( '', ( -9.95500000000000, -2.65000000000000, -5.60000000000000 ) );
#6946 = VECTOR( '', #8631, 1000.00000000000 );
#6947 = CARTESIAN_POINT( '', ( -9.95500000000000, 3.65000000000000, -2.60000000000000 ) );
#6948 = CARTESIAN_POINT( '', ( -9.95500000000000, 3.65000000000000, -6.00000000000000 ) );
#6949 = VECTOR( '', #8632, 1000.00000000000 );
#6950 = CARTESIAN_POINT( '', ( -9.95500000000000, 4.05000000000000, -2.60000000000000 ) );
#6951 = CARTESIAN_POINT( '', ( -9.95500000000000, 4.05000000000000, -2.60000000000000 ) );
#6952 = VECTOR( '', #8633, 1000.00000000000 );
#6953 = CARTESIAN_POINT( '', ( -9.95500000000000, 4.05000000000000, -6.00000000000000 ) );
#6954 = VECTOR( '', #8634, 1000.00000000000 );
#6955 = COLOUR_RGB( '', 0.333333343267441, 0.600000023841858, 0.333333343267441 );
#6956 = CARTESIAN_POINT( '', ( 4.31000000000000, 0.750000000000000, -3.45000000000000 ) );
#6957 = CARTESIAN_POINT( '', ( 3.31000000000000, 0.750000000000000, -3.45000000000000 ) );
#6958 = CARTESIAN_POINT( '', ( 3.31000000000000, 0.750000000000000, -3.45000000000000 ) );
#6959 = VECTOR( '', #8635, 1000.00000000000 );
#6960 = CARTESIAN_POINT( '', ( 3.31000000000000, 3.65000000000000, -3.45000000000000 ) );
#6961 = CARTESIAN_POINT( '', ( 3.31000000000000, -0.249999999999997, -3.45000000000000 ) );
#6962 = VECTOR( '', #8636, 1000.00000000000 );
#6963 = CARTESIAN_POINT( '', ( 4.31000000000000, 3.65000000000000, -3.45000000000000 ) );
#6964 = CARTESIAN_POINT( '', ( 3.31000000000000, 3.65000000000000, -3.45000000000000 ) );
#6965 = VECTOR( '', #8637, 1000.00000000000 );
#6966 = CARTESIAN_POINT( '', ( 4.31000000000000, -0.249999999999997, -3.45000000000000 ) );
#6967 = VECTOR( '', #8638, 1000.00000000000 );
#6968 = COLOUR_RGB( '', 0.740392148494720, 0.778039216995239, 0.800000011920929 );
#6969 = CARTESIAN_POINT( '', ( -0.250000000000000, 0.250000000000000, -7.37500000000000 ) );
#6970 = CARTESIAN_POINT( '', ( 0.250000000000000, 0.250000000000000, -7.37500000000000 ) );
#6971 = CARTESIAN_POINT( '', ( 0.000000000000000, 0.250000000000000, -7.37500000000000 ) );
#6972 = VECTOR( '', #8639, 1000.00000000000 );
#6973 = CARTESIAN_POINT( '', ( 0.250000000000000, -0.250000000000000, -7.37500000000000 ) );
#6974 = CARTESIAN_POINT( '', ( 0.250000000000000, 0.000000000000000, -7.37500000000000 ) );
#6975 = VECTOR( '', #8640, 1000.00000000000 );
#6976 = CARTESIAN_POINT( '', ( -0.250000000000000, -0.250000000000000, -7.37500000000000 ) );
#6977 = CARTESIAN_POINT( '', ( 2.71050543121377E-017, -0.250000000000000, -7.37500000000000 ) );
#6978 = VECTOR( '', #8641, 1000.00000000000 );
#6979 = CARTESIAN_POINT( '', ( -0.250000000000000, 0.000000000000000, -7.37500000000000 ) );
#6980 = VECTOR( '', #8642, 1000.00000000000 );
#6981 = COLOUR_RGB( '', 0.333333343267441, 0.600000023841858, 0.333333343267441 );
#6982 = CARTESIAN_POINT( '', ( 12.9050000000000, -2.65000000000000, -6.00000000000000 ) );
#6983 = CARTESIAN_POINT( '', ( 12.9050000000000, 4.05000000000000, -6.00000000000000 ) );
#6984 = CARTESIAN_POINT( '', ( 12.9050000000000, -2.65000000000000, -6.00000000000000 ) );
#6985 = VECTOR( '', #8643, 1000.00000000000 );
#6986 = CARTESIAN_POINT( '', ( 12.9050000000000, -2.65000000000000, -5.60000000000000 ) );
#6987 = CARTESIAN_POINT( '', ( 12.9050000000000, -2.65000000000000, -6.00000000000000 ) );
#6988 = VECTOR( '', #8644, 1000.00000000000 );
#6989 = CARTESIAN_POINT( '', ( 12.9050000000000, 3.65000000000000, -5.60000000000000 ) );
#6990 = CARTESIAN_POINT( '', ( 12.9050000000000, -2.65000000000000, -5.60000000000000 ) );
#6991 = VECTOR( '', #8645, 1000.00000000000 );
#6992 = CARTESIAN_POINT( '', ( 12.9050000000000, 3.65000000000000, -2.60000000000000 ) );
#6993 = CARTESIAN_POINT( '', ( 12.9050000000000, 3.65000000000000, -6.00000000000000 ) );
#6994 = VECTOR( '', #8646, 1000.00000000000 );
#6995 = CARTESIAN_POINT( '', ( 12.9050000000000, 4.05000000000000, -2.60000000000000 ) );
#6996 = CARTESIAN_POINT( '', ( 12.9050000000000, 4.05000000000000, -2.60000000000000 ) );
#6997 = VECTOR( '', #8647, 1000.00000000000 );
#6998 = CARTESIAN_POINT( '', ( 12.9050000000000, 4.05000000000000, -6.00000000000000 ) );
#6999 = VECTOR( '', #8648, 1000.00000000000 );
#7000 = COLOUR_RGB( '', 0.333333343267441, 0.600000023841858, 0.333333343267441 );
#7001 = CARTESIAN_POINT( '', ( 2.33500000000000, 4.05000000000000, -2.60000000000000 ) );
#7002 = CARTESIAN_POINT( '', ( 2.33500000000000, 4.05000000000000, -2.60000000000000 ) );
#7003 = VECTOR( '', #8649, 1000.00000000000 );
#7004 = CARTESIAN_POINT( '', ( 2.33500000000000, 3.65000000000000, -2.60000000000000 ) );
#7005 = CARTESIAN_POINT( '', ( 5.28500000000000, 3.65000000000000, -2.60000000000000 ) );
#7006 = VECTOR( '', #8650, 1000.00000000000 );
#7007 = CARTESIAN_POINT( '', ( 2.33500000000000, 3.65000000000000, -2.60000000000000 ) );
#7008 = VECTOR( '', #8651, 1000.00000000000 );
#7009 = COLOUR_RGB( '', 0.333333343267441, 0.600000023841858, 0.333333343267441 );
#7010 = CARTESIAN_POINT( '', ( -10.8800000000000, -2.95000000000000, -5.20000000000000 ) );
#7011 = CARTESIAN_POINT( '', ( -10.8800000000000, -1.87459842646651, -5.20000000000000 ) );
#7012 = CARTESIAN_POINT( '', ( -10.8800000000000, -2.95000000000000, -5.20000000000000 ) );
#7013 = VECTOR( '', #8652, 1000.00000000000 );
#7014 = CARTESIAN_POINT( '', ( -10.8800000000000, -1.87459842646651, -2.80000000000000 ) );
#7015 = CARTESIAN_POINT( '', ( -10.8800000000000, -1.87459842646651, -2.80000000000000 ) );
#7016 = VECTOR( '', #8653, 1000.00000000000 );
#7017 = CARTESIAN_POINT( '', ( -10.8800000000000, -2.95000000000000, -2.80000000000000 ) );
#7018 = CARTESIAN_POINT( '', ( -10.8800000000000, -2.95000000000000, -2.80000000000000 ) );
#7019 = VECTOR( '', #8654, 1000.00000000000 );
#7020 = CARTESIAN_POINT( '', ( -10.8800000000000, -2.95000000000000, -2.80000000000000 ) );
#7021 = VECTOR( '', #8655, 1000.00000000000 );
#7022 = COLOUR_RGB( '', 0.333333343267441, 0.600000023841858, 0.333333343267441 );
#7023 = CARTESIAN_POINT( '', ( 13.5800000000000, 2.35000000000000, -5.20000000000000 ) );
#7024 = CARTESIAN_POINT( '', ( 16.9000000000000, 2.35000000000000, -5.20000000000000 ) );
#7025 = CARTESIAN_POINT( '', ( 14.3300000000000, 2.35000000000000, -5.20000000000000 ) );
#7026 = VECTOR( '', #8656, 1000.00000000000 );
#7027 = CARTESIAN_POINT( '', ( 16.9000000000000, 2.35000000000000, 6.00000000000000 ) );
#7028 = CARTESIAN_POINT( '', ( 16.9000000000000, 2.35000000000000, -5.20000000000000 ) );
#7029 = VECTOR( '', #8657, 1000.00000000000 );
#7030 = CARTESIAN_POINT( '', ( 13.5800000000000, 2.35000000000000, 6.00000000000000 ) );
#7031 = CARTESIAN_POINT( '', ( 14.3300000000000, 2.35000000000000, 6.00000000000000 ) );
#7032 = VECTOR( '', #8658, 1000.00000000000 );
#7033 = CARTESIAN_POINT( '', ( 13.5800000000000, 2.35000000000000, -5.20000000000000 ) );
#7034 = VECTOR( '', #8659, 1000.00000000000 );
#7035 = COLOUR_RGB( '', 0.333333343267441, 0.600000023841858, 0.333333343267441 );
#7036 = CARTESIAN_POINT( '', ( -18.1250000000000, -2.95000000000000, 6.00000000000000 ) );
#7037 = CARTESIAN_POINT( '', ( -18.4500000000000, -2.95000000000000, 4.70000000000000 ) );
#7038 = CARTESIAN_POINT( '', ( -20.5370588235294, -2.95000000000000, -3.64823529411765 ) );
#7039 = VECTOR( '', #8660, 1000.00000000000 );
#7040 = CARTESIAN_POINT( '', ( -18.4500000000000, -4.45000000000000, 4.70000000000000 ) );
#7041 = CARTESIAN_POINT( '', ( -18.4500000000000, 43.5767907131480, 4.70000000000000 ) );
#7042 = VECTOR( '', #8661, 1000.00000000000 );
#7043 = CARTESIAN_POINT( '', ( -18.1250000000000, -4.05000000000000, 6.00000000000000 ) );
#7044 = CARTESIAN_POINT( '', ( -16.2188111217642, -1.70392138063280, 13.6247555129434 ) );
#7045 = VECTOR( '', #8662, 1000.00000000000 );
#7046 = CARTESIAN_POINT( '', ( -18.1250000000000, 43.5767907131480, 6.00000000000000 ) );
#7047 = VECTOR( '', #8663, 1000.00000000000 );
#7048 = COLOUR_RGB( '', 0.333333343267441, 0.600000023841858, 0.333333343267441 );
#7049 = CARTESIAN_POINT( '', ( 9.95500000000000, -2.65000000000000, -6.00000000000000 ) );
#7050 = CARTESIAN_POINT( '', ( 9.95500000000000, 4.05000000000000, -6.00000000000000 ) );
#7051 = CARTESIAN_POINT( '', ( 9.95500000000000, -2.65000000000000, -6.00000000000000 ) );
#7052 = VECTOR( '', #8664, 1000.00000000000 );
#7053 = CARTESIAN_POINT( '', ( 9.95500000000000, -2.65000000000000, -6.00000000000000 ) );
#7054 = VECTOR( '', #8665, 1000.00000000000 );
#7055 = CARTESIAN_POINT( '', ( 17.5750000000000, 4.05000000000000, -6.00000000000000 ) );
#7056 = CARTESIAN_POINT( '', ( 22.8600000000000, 4.05000000000000, -6.00000000000000 ) );
#7057 = VECTOR( '', #8666, 1000.00000000000 );
#7058 = CARTESIAN_POINT( '', ( 17.5750000000000, -2.65000000000000, -6.00000000000000 ) );
#7059 = CARTESIAN_POINT( '', ( 17.5750000000000, 4.05000000000000, -6.00000000000000 ) );
#7060 = VECTOR( '', #8667, 1000.00000000000 );
#7061 = CARTESIAN_POINT( '', ( 17.5750000000000, -2.65000000000000, -6.00000000000000 ) );
#7062 = VECTOR( '', #8668, 1000.00000000000 );
#7063 = CARTESIAN_POINT( '', ( 22.8600000000000, 4.05000000000000, -6.00000000000000 ) );
#7064 = CARTESIAN_POINT( '', ( 22.8600000000000, 4.05000000000000, -6.00000000000000 ) );
#7065 = VECTOR( '', #8669, 1000.00000000000 );
#7066 = CARTESIAN_POINT( '', ( 22.8600000000000, -4.05000000000000, -6.00000000000000 ) );
#7067 = CARTESIAN_POINT( '', ( 22.8600000000000, 4.05000000000000, -6.00000000000000 ) );
#7068 = VECTOR( '', #8670, 1000.00000000000 );
#7069 = CARTESIAN_POINT( '', ( -22.8600000000000, -4.05000000000000, -6.00000000000000 ) );
#7070 = CARTESIAN_POINT( '', ( 22.8600000000000, -4.05000000000000, -6.00000000000000 ) );
#7071 = VECTOR( '', #8671, 1000.00000000000 );
#7072 = CARTESIAN_POINT( '', ( -22.8600000000000, 4.05000000000000, -6.00000000000000 ) );
#7073 = CARTESIAN_POINT( '', ( -22.8600000000000, 4.05000000000000, -6.00000000000000 ) );
#7074 = VECTOR( '', #8672, 1000.00000000000 );
#7075 = CARTESIAN_POINT( '', ( 22.8600000000000, 4.05000000000000, -6.00000000000000 ) );
#7076 = VECTOR( '', #8673, 1000.00000000000 );
#7077 = CARTESIAN_POINT( '', ( -17.5750000000000, -2.65000000000000, -6.00000000000000 ) );
#7078 = CARTESIAN_POINT( '', ( -20.5250000000000, -2.65000000000000, -6.00000000000000 ) );
#7079 = VECTOR( '', #8674, 1000.00000000000 );
#7080 = CARTESIAN_POINT( '', ( -17.5750000000000, 4.05000000000000, -6.00000000000000 ) );
#7081 = CARTESIAN_POINT( '', ( -17.5750000000000, -2.65000000000000, -6.00000000000000 ) );
#7082 = VECTOR( '', #8675, 1000.00000000000 );
#7083 = CARTESIAN_POINT( '', ( -12.9050000000000, 4.05000000000000, -6.00000000000000 ) );
#7084 = CARTESIAN_POINT( '', ( 22.8600000000000, 4.05000000000000, -6.00000000000000 ) );
#7085 = VECTOR( '', #8676, 1000.00000000000 );
#7086 = CARTESIAN_POINT( '', ( -12.9050000000000, -2.65000000000000, -6.00000000000000 ) );
#7087 = CARTESIAN_POINT( '', ( -12.9050000000000, -2.65000000000000, -6.00000000000000 ) );
#7088 = VECTOR( '', #8677, 1000.00000000000 );
#7089 = CARTESIAN_POINT( '', ( -12.9050000000000, -2.65000000000000, -6.00000000000000 ) );
#7090 = VECTOR( '', #8678, 1000.00000000000 );
#7091 = CARTESIAN_POINT( '', ( -5.28500000000000, 4.05000000000000, -6.00000000000000 ) );
#7092 = CARTESIAN_POINT( '', ( 22.8600000000000, 4.05000000000000, -6.00000000000000 ) );
#7093 = VECTOR( '', #8679, 1000.00000000000 );
#7094 = CARTESIAN_POINT( '', ( -5.28500000000000, -2.65000000000000, -6.00000000000000 ) );
#7095 = CARTESIAN_POINT( '', ( -5.28500000000000, -2.65000000000000, -6.00000000000000 ) );
#7096 = VECTOR( '', #8680, 1000.00000000000 );
#7097 = CARTESIAN_POINT( '', ( -2.33500000000000, -2.65000000000000, -6.00000000000000 ) );
#7098 = CARTESIAN_POINT( '', ( -5.28500000000000, -2.65000000000000, -6.00000000000000 ) );
#7099 = VECTOR( '', #8681, 1000.00000000000 );
#7100 = CARTESIAN_POINT( '', ( -2.33500000000000, 4.05000000000000, -6.00000000000000 ) );
#7101 = CARTESIAN_POINT( '', ( -2.33500000000000, -2.65000000000000, -6.00000000000000 ) );
#7102 = VECTOR( '', #8682, 1000.00000000000 );
#7103 = CARTESIAN_POINT( '', ( 2.33500000000000, 4.05000000000000, -6.00000000000000 ) );
#7104 = CARTESIAN_POINT( '', ( 22.8600000000000, 4.05000000000000, -6.00000000000000 ) );
#7105 = VECTOR( '', #8683, 1000.00000000000 );
#7106 = CARTESIAN_POINT( '', ( 2.33500000000000, -2.65000000000000, -6.00000000000000 ) );
#7107 = CARTESIAN_POINT( '', ( 2.33500000000000, -2.65000000000000, -6.00000000000000 ) );
#7108 = VECTOR( '', #8684, 1000.00000000000 );
#7109 = CARTESIAN_POINT( '', ( 2.33500000000000, -2.65000000000000, -6.00000000000000 ) );
#7110 = VECTOR( '', #8685, 1000.00000000000 );
#7111 = CARTESIAN_POINT( '', ( 22.8600000000000, 4.05000000000000, -6.00000000000000 ) );
#7112 = VECTOR( '', #8686, 1000.00000000000 );
#7113 = COLOUR_RGB( '', 0.333333343267441, 0.600000023841858, 0.333333343267441 );
#7114 = CARTESIAN_POINT( '', ( -4.41000000000000, -4.45000000000000, 4.70000000000000 ) );
#7115 = CARTESIAN_POINT( '', ( -2.93712368168746, -6.26277085330776, -1.19150527325021 ) );
#7116 = VECTOR( '', #8687, 1000.00000000000 );
#7117 = CARTESIAN_POINT( '', ( -10.8300000000000, -4.45000000000000, 4.70000000000000 ) );
#7118 = CARTESIAN_POINT( '', ( -9.01037392138065, -2.21046021093003, 11.9785043144774 ) );
#7119 = VECTOR( '', #8688, 1000.00000000000 );
#7120 = CARTESIAN_POINT( '', ( 22.8600000000000, -4.45000000000000, 4.70000000000000 ) );
#7121 = VECTOR( '', #8689, 1000.00000000000 );
#7122 = COLOUR_RGB( '', 0.333333343267441, 0.600000023841858, 0.333333343267441 );
#7123 = CARTESIAN_POINT( '', ( -13.5545984264665, -0.299999999999996, -5.20000000000000 ) );
#7124 = CARTESIAN_POINT( '', ( -11.9800000000000, -1.87459842646651, -5.20000000000000 ) );
#7125 = CARTESIAN_POINT( '', ( -13.5545984264665, -0.299999999999996, -5.20000000000000 ) );
#7126 = VECTOR( '', #8690, 1000.00000000000 );
#7127 = CARTESIAN_POINT( '', ( -11.9800000000000, -1.87459842646651, -2.80000000000000 ) );
#7128 = CARTESIAN_POINT( '', ( -11.9800000000000, -1.87459842646651, -2.80000000000000 ) );
#7129 = VECTOR( '', #8691, 1000.00000000000 );
#7130 = CARTESIAN_POINT( '', ( -13.5545984264665, -0.299999999999996, -2.80000000000000 ) );
#7131 = CARTESIAN_POINT( '', ( -13.5545984264665, -0.299999999999996, -2.80000000000000 ) );
#7132 = VECTOR( '', #8692, 1000.00000000000 );
#7133 = CARTESIAN_POINT( '', ( -13.5545984264665, -0.299999999999996, -2.80000000000000 ) );
#7134 = VECTOR( '', #8693, 1000.00000000000 );
#7135 = COLOUR_RGB( '', 0.333333343267441, 0.600000023841858, 0.333333343267441 );
#7136 = CARTESIAN_POINT( '', ( -12.3550000000000, -2.95000000000000, 6.00000000000000 ) );
#7137 = CARTESIAN_POINT( '', ( -12.3550000000000, -4.05000000000000, 6.00000000000000 ) );
#7138 = CARTESIAN_POINT( '', ( -12.3550000000000, 43.5767907131480, 6.00000000000000 ) );
#7139 = VECTOR( '', #8694, 1000.00000000000 );
#7140 = CARTESIAN_POINT( '', ( -14.3300000000000, -2.95000000000000, 6.00000000000000 ) );
#7141 = VECTOR( '', #8695, 1000.00000000000 );
#7142 = CARTESIAN_POINT( '', ( 22.8600000000000, -4.05000000000000, 6.00000000000000 ) );
#7143 = VECTOR( '', #8696, 1000.00000000000 );
#7144 = COLOUR_RGB( '', 0.333333343267441, 0.600000023841858, 0.333333343267441 );
#7145 = CARTESIAN_POINT( '', ( -22.8600000000000, -4.05000000000000, 3.00000000000000 ) );
#7146 = CARTESIAN_POINT( '', ( -22.8600000000000, -4.45000000000000, 3.00000000000000 ) );
#7147 = CARTESIAN_POINT( '', ( -22.8600000000000, -4.05000000000000, 3.00000000000000 ) );
#7148 = VECTOR( '', #8697, 1000.00000000000 );
#7149 = CARTESIAN_POINT( '', ( 22.8600000000000, -4.05000000000000, 3.00000000000000 ) );
#7150 = CARTESIAN_POINT( '', ( 22.8600000000000, -4.05000000000000, 3.00000000000000 ) );
#7151 = VECTOR( '', #8698, 1000.00000000000 );
#7152 = CARTESIAN_POINT( '', ( 22.8600000000000, -4.45000000000000, 3.00000000000000 ) );
#7153 = CARTESIAN_POINT( '', ( 22.8600000000000, -4.05000000000000, 3.00000000000000 ) );
#7154 = VECTOR( '', #8699, 1000.00000000000 );
#7155 = CARTESIAN_POINT( '', ( 22.8600000000000, -4.45000000000000, 3.00000000000000 ) );
#7156 = VECTOR( '', #8700, 1000.00000000000 );
#7157 = COLOUR_RGB( '', 0.333333343267441, 0.600000023841858, 0.333333343267441 );
#7158 = CARTESIAN_POINT( '', ( 21.1745984264665, 0.800000000000000, -5.20000000000000 ) );
#7159 = CARTESIAN_POINT( '', ( 20.1991968529330, 1.77540157353349, -5.20000000000000 ) );
#7160 = CARTESIAN_POINT( '', ( 21.1745984264665, 0.800000000000000, -5.20000000000000 ) );
#7161 = VECTOR( '', #8701, 1000.00000000000 );
#7162 = CARTESIAN_POINT( '', ( 20.1991968529330, 1.77540157353349, -2.80000000000000 ) );
#7163 = CARTESIAN_POINT( '', ( 20.1991968529330, 1.77540157353349, -2.80000000000000 ) );
#7164 = VECTOR( '', #8702, 1000.00000000000 );
#7165 = CARTESIAN_POINT( '', ( 21.1745984264665, 0.800000000000000, -2.80000000000000 ) );
#7166 = CARTESIAN_POINT( '', ( 21.1745984264665, 0.800000000000000, -2.80000000000000 ) );
#7167 = VECTOR( '', #8703, 1000.00000000000 );
#7168 = CARTESIAN_POINT( '', ( 21.1745984264665, 0.800000000000000, -2.80000000000000 ) );
#7169 = VECTOR( '', #8704, 1000.00000000000 );
#7170 = COLOUR_RGB( '', 0.333333343267441, 0.600000023841858, 0.333333343267441 );
#7171 = CARTESIAN_POINT( '', ( -2.33500000000000, 4.05000000000000, -2.60000000000000 ) );
#7172 = CARTESIAN_POINT( '', ( -5.28500000000000, 4.05000000000000, -2.60000000000000 ) );
#7173 = CARTESIAN_POINT( '', ( -5.28500000000000, 4.05000000000000, -2.60000000000000 ) );
#7174 = VECTOR( '', #8705, 1000.00000000000 );
#7175 = CARTESIAN_POINT( '', ( -2.33500000000000, 3.65000000000000, -2.60000000000000 ) );
#7176 = CARTESIAN_POINT( '', ( -2.33500000000000, 4.05000000000000, -2.60000000000000 ) );
#7177 = VECTOR( '', #8706, 1000.00000000000 );
#7178 = CARTESIAN_POINT( '', ( -5.28500000000000, 3.65000000000000, -2.60000000000000 ) );
#7179 = CARTESIAN_POINT( '', ( -2.33500000000000, 3.65000000000000, -2.60000000000000 ) );
#7180 = VECTOR( '', #8707, 1000.00000000000 );
#7181 = CARTESIAN_POINT( '', ( -5.28500000000000, 3.65000000000000, -2.60000000000000 ) );
#7182 = VECTOR( '', #8708, 1000.00000000000 );
#7183 = COLOUR_RGB( '', 0.333333343267441, 0.600000023841858, 0.333333343267441 );
#7184 = CARTESIAN_POINT( '', ( 10.0300000000000, 0.250000000000004, -1.70000000000000 ) );
#7185 = AXIS2_PLACEMENT_3D( '', #8709, #8710, #8711 );
#7186 = CARTESIAN_POINT( '', ( 12.8300000000000, 0.250000000000004, -2.80000000000000 ) );
#7187 = AXIS2_PLACEMENT_3D( '', #8712, #8713, #8714 );
#7188 = COLOUR_RGB( '', 0.333333343267441, 0.600000023841858, 0.333333343267441 );
#7189 = CARTESIAN_POINT( '', ( -18.5500000000000, 0.750000000000000, -3.45000000000000 ) );
#7190 = CARTESIAN_POINT( '', ( -18.5500000000000, 0.750000000000000, -1.20000000000000 ) );
#7191 = CARTESIAN_POINT( '', ( -18.5500000000000, 0.750000000000000, -49.2267467147214 ) );
#7192 = VECTOR( '', #8715, 1000.00000000000 );
#7193 = CARTESIAN_POINT( '', ( -18.5500000000000, 3.65000000000000, -3.45000000000000 ) );
#7194 = CARTESIAN_POINT( '', ( -18.5500000000000, -0.249999999999997, -3.45000000000000 ) );
#7195 = VECTOR( '', #8716, 1000.00000000000 );
#7196 = CARTESIAN_POINT( '', ( -18.5500000000000, 3.65000000000000, -5.60000000000000 ) );
#7197 = CARTESIAN_POINT( '', ( -18.5500000000000, 3.65000000000000, -3.45000000000000 ) );
#7198 = VECTOR( '', #8717, 1000.00000000000 );
#7199 = CARTESIAN_POINT( '', ( -18.5500000000000, -0.249999999999997, -5.60000000000000 ) );
#7200 = CARTESIAN_POINT( '', ( -18.5500000000000, 0.750000000000000, -5.60000000000000 ) );
#7201 = VECTOR( '', #8718, 1000.00000000000 );
#7202 = CARTESIAN_POINT( '', ( -18.5500000000000, -0.249999999999997, -1.20000000000000 ) );
#7203 = CARTESIAN_POINT( '', ( -18.5500000000000, -0.249999999999997, -49.2267467147214 ) );
#7204 = VECTOR( '', #8719, 1000.00000000000 );
#7205 = CARTESIAN_POINT( '', ( -18.5500000000000, 0.750000000000000, -1.20000000000000 ) );
#7206 = VECTOR( '', #8720, 1000.00000000000 );
#7207 = COLOUR_RGB( '', 0.333333343267441, 0.600000023841858, 0.333333343267441 );
#7208 = CARTESIAN_POINT( '', ( 9.95500000000000, 4.05000000000000, -2.60000000000000 ) );
#7209 = CARTESIAN_POINT( '', ( 9.95500000000000, 4.05000000000000, -2.60000000000000 ) );
#7210 = VECTOR( '', #8721, 1000.00000000000 );
#7211 = CARTESIAN_POINT( '', ( 9.95500000000000, 3.65000000000000, -2.60000000000000 ) );
#7212 = CARTESIAN_POINT( '', ( 12.9050000000000, 3.65000000000000, -2.60000000000000 ) );
#7213 = VECTOR( '', #8722, 1000.00000000000 );
#7214 = CARTESIAN_POINT( '', ( 9.95500000000000, 3.65000000000000, -2.60000000000000 ) );
#7215 = VECTOR( '', #8723, 1000.00000000000 );
#7216 = COLOUR_RGB( '', 0.740392148494720, 0.778039216995239, 0.800000011920929 );
#7217 = CARTESIAN_POINT( '', ( 0.236111111111111, 0.236111111111111, -7.43055555555556 ) );
#7218 = VECTOR( '', #8724, 1000.00000000000 );
#7219 = CARTESIAN_POINT( '', ( 0.500000000000000, -0.500000000000000, -6.37500000000000 ) );
#7220 = CARTESIAN_POINT( '', ( 0.500000000000000, 0.500000000000000, -6.37500000000000 ) );
#7221 = VECTOR( '', #8725, 1000.00000000000 );
#7222 = CARTESIAN_POINT( '', ( 0.236111111111111, -0.236111111111111, -7.43055555555556 ) );
#7223 = VECTOR( '', #8726, 1000.00000000000 );
#7224 = COLOUR_RGB( '', 0.333333343267441, 0.600000023841858, 0.333333343267441 );
#7225 = CARTESIAN_POINT( '', ( -12.3300000000000, 0.250000000000004, -1.20000000000000 ) );
#7226 = AXIS2_PLACEMENT_3D( '', #8727, #8728, #8729 );
#7227 = CARTESIAN_POINT( '', ( -11.9300000000000, -0.249999999999997, -1.20000000000000 ) );
#7228 = CARTESIAN_POINT( '', ( -11.9300000000000, 0.750000000000000, -1.20000000000000 ) );
#7229 = CARTESIAN_POINT( '', ( -11.9300000000000, -0.249999999999997, -1.20000000000000 ) );
#7230 = VECTOR( '', #8730, 1000.00000000000 );
#7231 = CARTESIAN_POINT( '', ( -10.9300000000000, 0.750000000000000, -1.20000000000000 ) );
#7232 = CARTESIAN_POINT( '', ( -11.9300000000000, 0.750000000000000, -1.20000000000000 ) );
#7233 = VECTOR( '', #8731, 1000.00000000000 );
#7234 = CARTESIAN_POINT( '', ( -10.9300000000000, -0.249999999999997, -1.20000000000000 ) );
#7235 = CARTESIAN_POINT( '', ( -10.9300000000000, 0.750000000000000, -1.20000000000000 ) );
#7236 = VECTOR( '', #8732, 1000.00000000000 );
#7237 = CARTESIAN_POINT( '', ( -10.9300000000000, -0.249999999999997, -1.20000000000000 ) );
#7238 = VECTOR( '', #8733, 1000.00000000000 );
#7239 = COLOUR_RGB( '', 0.333333343267441, 0.600000023841858, 0.333333343267441 );
#7240 = CARTESIAN_POINT( '', ( 9.28000000000000, 2.35000000000000, 6.00000000000000 ) );
#7241 = AXIS2_PLACEMENT_3D( '', #8734, #8735, #8736 );
#7242 = CARTESIAN_POINT( '', ( 9.28000000000000, 2.35000000000000, -5.20000000000000 ) );
#7243 = CARTESIAN_POINT( '', ( 9.28000000000000, 2.35000000000000, -5.20000000000000 ) );
#7244 = VECTOR( '', #8737, 1000.00000000000 );
#7245 = CARTESIAN_POINT( '', ( 10.2808031470670, 3.02264434404465, -5.20000000000000 ) );
#7246 = AXIS2_PLACEMENT_3D( '', #8738, #8739, #8740 );
#7247 = CARTESIAN_POINT( '', ( 10.2808031470670, 3.02264434404465, -2.80000000000000 ) );
#7248 = CARTESIAN_POINT( '', ( 10.2808031470670, 3.02264434404465, -2.80000000000000 ) );
#7249 = VECTOR( '', #8741, 1000.00000000000 );
#7250 = CARTESIAN_POINT( '', ( 12.5791968529330, 3.02264434404465, -2.80000000000000 ) );
#7251 = AXIS2_PLACEMENT_3D( '', #8742, #8743, #8744 );
#7252 = CARTESIAN_POINT( '', ( 12.5791968529330, 3.02264434404465, -5.20000000000000 ) );
#7253 = CARTESIAN_POINT( '', ( 12.5791968529330, 3.02264434404465, -2.80000000000000 ) );
#7254 = VECTOR( '', #8745, 1000.00000000000 );
#7255 = AXIS2_PLACEMENT_3D( '', #8746, #8747, #8748 );
#7256 = COLOUR_RGB( '', 0.333333343267441, 0.600000023841858, 0.333333343267441 );
#7257 = CARTESIAN_POINT( '', ( 22.8600000000000, 4.05000000000000, 6.00000000000000 ) );
#7258 = CARTESIAN_POINT( '', ( -22.8600000000000, 4.05000000000000, 6.00000000000000 ) );
#7259 = CARTESIAN_POINT( '', ( 22.8600000000000, 4.05000000000000, 6.00000000000000 ) );
#7260 = VECTOR( '', #8749, 1000.00000000000 );
#7261 = CARTESIAN_POINT( '', ( -22.8600000000000, -4.05000000000000, 6.00000000000000 ) );
#7262 = VECTOR( '', #8750, 1000.00000000000 );
#7263 = CARTESIAN_POINT( '', ( -19.9750000000000, -2.95000000000000, 6.00000000000000 ) );
#7264 = CARTESIAN_POINT( '', ( -19.9750000000000, 43.5767907131480, 6.00000000000000 ) );
#7265 = VECTOR( '', #8751, 1000.00000000000 );
#7266 = CARTESIAN_POINT( '', ( -21.9500000000000, -2.95000000000000, 6.00000000000000 ) );
#7267 = CARTESIAN_POINT( '', ( -14.3300000000000, -2.95000000000000, 6.00000000000000 ) );
#7268 = VECTOR( '', #8752, 1000.00000000000 );
#7269 = CARTESIAN_POINT( '', ( -21.9500000000000, 2.35000000000000, 6.00000000000000 ) );
#7270 = CARTESIAN_POINT( '', ( -21.9500000000000, 2.35000000000000, 6.00000000000000 ) );
#7271 = VECTOR( '', #8753, 1000.00000000000 );
#7272 = CARTESIAN_POINT( '', ( -21.2000000000000, 2.35000000000000, 6.00000000000000 ) );
#7273 = CARTESIAN_POINT( '', ( -21.9500000000000, 2.35000000000000, 6.00000000000000 ) );
#7274 = VECTOR( '', #8754, 1000.00000000000 );
#7275 = AXIS2_PLACEMENT_3D( '', #8755, #8756, #8757 );
#7276 = CARTESIAN_POINT( '', ( -9.28000000000000, 2.35000000000000, 6.00000000000000 ) );
#7277 = AXIS2_PLACEMENT_3D( '', #8758, #8759, #8760 );
#7278 = CARTESIAN_POINT( '', ( -9.28000000000000, 2.35000000000000, 6.00000000000000 ) );
#7279 = VECTOR( '', #8761, 1000.00000000000 );
#7280 = CARTESIAN_POINT( '', ( 1.66000000000000, 2.35000000000000, 6.00000000000000 ) );
#7281 = CARTESIAN_POINT( '', ( -1.66000000000000, 2.35000000000000, 6.00000000000000 ) );
#7282 = VECTOR( '', #8762, 1000.00000000000 );
#7283 = CARTESIAN_POINT( '', ( 5.96000000000000, 2.35000000000000, 6.00000000000000 ) );
#7284 = AXIS2_PLACEMENT_3D( '', #8763, #8764, #8765 );
#7285 = CARTESIAN_POINT( '', ( 5.96000000000000, 2.35000000000000, 6.00000000000000 ) );
#7286 = VECTOR( '', #8766, 1000.00000000000 );
#7287 = CARTESIAN_POINT( '', ( 21.2000000000000, 2.35000000000000, 6.00000000000000 ) );
#7288 = AXIS2_PLACEMENT_3D( '', #8767, #8768, #8769 );
#7289 = CARTESIAN_POINT( '', ( 21.9500000000000, 2.35000000000000, 6.00000000000000 ) );
#7290 = CARTESIAN_POINT( '', ( 21.2000000000000, 2.35000000000000, 6.00000000000000 ) );
#7291 = VECTOR( '', #8770, 1000.00000000000 );
#7292 = CARTESIAN_POINT( '', ( 21.9500000000000, -2.95000000000000, 6.00000000000000 ) );
#7293 = CARTESIAN_POINT( '', ( 21.9500000000000, 2.35000000000000, 6.00000000000000 ) );
#7294 = VECTOR( '', #8771, 1000.00000000000 );
#7295 = CARTESIAN_POINT( '', ( 19.9750000000000, -2.95000000000000, 6.00000000000000 ) );
#7296 = CARTESIAN_POINT( '', ( 21.9500000000000, -2.95000000000000, 6.00000000000000 ) );
#7297 = VECTOR( '', #8772, 1000.00000000000 );
#7298 = CARTESIAN_POINT( '', ( 19.9750000000000, 43.5767907131480, 6.00000000000000 ) );
#7299 = VECTOR( '', #8773, 1000.00000000000 );
#7300 = CARTESIAN_POINT( '', ( 22.8600000000000, -4.05000000000000, 6.00000000000000 ) );
#7301 = VECTOR( '', #8774, 1000.00000000000 );
#7302 = COLOUR_RGB( '', 0.333333343267441, 0.600000023841858, 0.333333343267441 );
#7303 = CARTESIAN_POINT( '', ( -18.5000000000000, -1.87459842646651, -5.20000000000000 ) );
#7304 = CARTESIAN_POINT( '', ( -16.9254015735335, -0.299999999999995, -5.20000000000000 ) );
#7305 = CARTESIAN_POINT( '', ( -18.5000000000000, -1.87459842646651, -5.20000000000000 ) );
#7306 = VECTOR( '', #8775, 1000.00000000000 );
#7307 = CARTESIAN_POINT( '', ( -16.9254015735335, -0.299999999999995, -2.80000000000000 ) );
#7308 = CARTESIAN_POINT( '', ( -16.9254015735335, -0.299999999999995, -2.80000000000000 ) );
#7309 = VECTOR( '', #8776, 1000.00000000000 );
#7310 = CARTESIAN_POINT( '', ( -18.5000000000000, -1.87459842646651, -2.80000000000000 ) );
#7311 = CARTESIAN_POINT( '', ( -18.5000000000000, -1.87459842646651, -2.80000000000000 ) );
#7312 = VECTOR( '', #8777, 1000.00000000000 );
#7313 = CARTESIAN_POINT( '', ( -18.5000000000000, -1.87459842646651, -2.80000000000000 ) );
#7314 = VECTOR( '', #8778, 1000.00000000000 );
#7315 = COLOUR_RGB( '', 0.333333343267441, 0.600000023841858, 0.333333343267441 );
#7316 = CARTESIAN_POINT( '', ( -21.9500000000000, -0.300000000000000, -5.20000000000000 ) );
#7317 = CARTESIAN_POINT( '', ( -21.1745984264665, -0.299999999999996, -5.20000000000000 ) );
#7318 = CARTESIAN_POINT( '', ( -21.9500000000000, -0.300000000000000, -5.20000000000000 ) );
#7319 = VECTOR( '', #8779, 1000.00000000000 );
#7320 = CARTESIAN_POINT( '', ( -21.1745984264665, -0.299999999999996, -2.80000000000000 ) );
#7321 = CARTESIAN_POINT( '', ( -21.1745984264665, -0.299999999999996, -2.80000000000000 ) );
#7322 = VECTOR( '', #8780, 1000.00000000000 );
#7323 = CARTESIAN_POINT( '', ( -21.9500000000000, -0.300000000000000, -2.80000000000000 ) );
#7324 = CARTESIAN_POINT( '', ( -21.9500000000000, -0.300000000000000, -2.80000000000000 ) );
#7325 = VECTOR( '', #8781, 1000.00000000000 );
#7326 = CARTESIAN_POINT( '', ( -21.9500000000000, -0.300000000000000, -2.80000000000000 ) );
#7327 = VECTOR( '', #8782, 1000.00000000000 );
#7328 = COLOUR_RGB( '', 0.333333343267441, 0.600000023841858, 0.333333343267441 );
#7329 = CARTESIAN_POINT( '', ( 11.9300000000000, 0.750000000000000, -1.20000000000000 ) );
#7330 = CARTESIAN_POINT( '', ( 11.9300000000000, 0.750000000000000, -49.2267907131480 ) );
#7331 = VECTOR( '', #8783, 1000.00000000000 );
#7332 = CARTESIAN_POINT( '', ( 11.9300000000000, 3.65000000000000, -5.60000000000000 ) );
#7333 = CARTESIAN_POINT( '', ( 11.9300000000000, 3.65000000000000, -3.45000000000000 ) );
#7334 = VECTOR( '', #8784, 1000.00000000000 );
#7335 = CARTESIAN_POINT( '', ( 11.9300000000000, 0.750000000000000, -5.60000000000000 ) );
#7336 = VECTOR( '', #8785, 1000.00000000000 );
#7337 = CARTESIAN_POINT( '', ( 11.9300000000000, 0.750000000000000, -1.20000000000000 ) );
#7338 = VECTOR( '', #8786, 1000.00000000000 );
#7339 = COLOUR_RGB( '', 0.333333343267441, 0.600000023841858, 0.333333343267441 );
#7340 = CARTESIAN_POINT( '', ( 17.5750000000000, 3.65000000000000, -2.60000000000000 ) );
#7341 = CARTESIAN_POINT( '', ( 17.5750000000000, 3.65000000000000, -5.60000000000000 ) );
#7342 = CARTESIAN_POINT( '', ( 17.5750000000000, 3.65000000000000, -2.60000000000000 ) );
#7343 = VECTOR( '', #8787, 1000.00000000000 );
#7344 = CARTESIAN_POINT( '', ( 17.5750000000000, -2.65000000000000, -5.60000000000000 ) );
#7345 = CARTESIAN_POINT( '', ( 17.5750000000000, 4.05000000000000, -5.60000000000000 ) );
#7346 = VECTOR( '', #8788, 1000.00000000000 );
#7347 = CARTESIAN_POINT( '', ( 17.5750000000000, -2.65000000000000, -5.60000000000000 ) );
#7348 = VECTOR( '', #8789, 1000.00000000000 );
#7349 = CARTESIAN_POINT( '', ( 17.5750000000000, 4.05000000000000, -2.60000000000000 ) );
#7350 = CARTESIAN_POINT( '', ( 17.5750000000000, 4.05000000000000, -2.60000000000000 ) );
#7351 = VECTOR( '', #8790, 1000.00000000000 );
#7352 = CARTESIAN_POINT( '', ( 17.5750000000000, 3.65000000000000, -2.60000000000000 ) );
#7353 = VECTOR( '', #8791, 1000.00000000000 );
#7354 = COLOUR_RGB( '', 0.333333343267441, 0.600000023841858, 0.333333343267441 );
#7355 = CARTESIAN_POINT( '', ( -21.9500000000000, 2.35000000000000, -5.20000000000000 ) );
#7356 = CARTESIAN_POINT( '', ( -21.9500000000000, 2.35000000000000, -5.20000000000000 ) );
#7357 = VECTOR( '', #8792, 1000.00000000000 );
#7358 = CARTESIAN_POINT( '', ( -21.2000000000000, 2.35000000000000, -5.20000000000000 ) );
#7359 = CARTESIAN_POINT( '', ( -21.9500000000000, 2.35000000000000, -5.20000000000000 ) );
#7360 = VECTOR( '', #8793, 1000.00000000000 );
#7361 = CARTESIAN_POINT( '', ( -21.2000000000000, 2.35000000000000, -5.20000000000000 ) );
#7362 = VECTOR( '', #8794, 1000.00000000000 );
#7363 = COLOUR_RGB( '', 0.333333343267441, 0.600000023841858, 0.333333343267441 );
#7364 = CARTESIAN_POINT( '', ( 1.66000000000000, 2.35000000000000, -5.20000000000000 ) );
#7365 = VECTOR( '', #8795, 1000.00000000000 );
#7366 = COLOUR_RGB( '', 0.333333343267441, 0.600000023841858, 0.333333343267441 );
#7367 = CARTESIAN_POINT( '', ( -12.0300000000000, -2.95000000000000, 4.70000000000000 ) );
#7368 = CARTESIAN_POINT( '', ( -9.83588235294118, -2.95000000000000, -4.07647058823530 ) );
#7369 = VECTOR( '', #8796, 1000.00000000000 );
#7370 = CARTESIAN_POINT( '', ( -12.0300000000000, -4.45000000000000, 4.70000000000000 ) );
#7371 = CARTESIAN_POINT( '', ( -10.1455608820710, -6.76930968360498, -2.83775647171617 ) );
#7372 = VECTOR( '', #8797, 1000.00000000000 );
#7373 = CARTESIAN_POINT( '', ( -12.0300000000000, 43.5767907131480, 4.70000000000000 ) );
#7374 = VECTOR( '', #8798, 1000.00000000000 );
#7375 = COLOUR_RGB( '', 0.333333343267441, 0.600000023841858, 0.333333343267441 );
#7376 = CARTESIAN_POINT( '', ( -12.9050000000000, -2.65000000000000, -5.60000000000000 ) );
#7377 = CARTESIAN_POINT( '', ( -12.9050000000000, -2.65000000000000, -5.60000000000000 ) );
#7378 = VECTOR( '', #8799, 1000.00000000000 );
#7379 = CARTESIAN_POINT( '', ( -9.95500000000000, -2.65000000000000, -5.60000000000000 ) );
#7380 = VECTOR( '', #8800, 1000.00000000000 );
#7381 = COLOUR_RGB( '', 0.333333343267441, 0.600000023841858, 0.333333343267441 );
#7382 = CARTESIAN_POINT( '', ( -22.8600000000000, 4.05000000000000, 6.00000000000000 ) );
#7383 = VECTOR( '', #8801, 1000.00000000000 );
#7384 = CARTESIAN_POINT( '', ( 22.8600000000000, 4.05000000000000, 6.00000000000000 ) );
#7385 = VECTOR( '', #8802, 1000.00000000000 );
#7386 = CARTESIAN_POINT( '', ( 17.5750000000000, 4.05000000000000, -2.60000000000000 ) );
#7387 = VECTOR( '', #8803, 1000.00000000000 );
#7388 = CARTESIAN_POINT( '', ( 9.95500000000000, 4.05000000000000, -6.00000000000000 ) );
#7389 = VECTOR( '', #8804, 1000.00000000000 );
#7390 = CARTESIAN_POINT( '', ( 2.33500000000000, 4.05000000000000, -6.00000000000000 ) );
#7391 = VECTOR( '', #8805, 1000.00000000000 );
#7392 = CARTESIAN_POINT( '', ( -2.33500000000000, 4.05000000000000, -6.00000000000000 ) );
#7393 = VECTOR( '', #8806, 1000.00000000000 );
#7394 = CARTESIAN_POINT( '', ( -5.28500000000000, 4.05000000000000, -6.00000000000000 ) );
#7395 = VECTOR( '', #8807, 1000.00000000000 );
#7396 = CARTESIAN_POINT( '', ( -12.9050000000000, 4.05000000000000, -2.60000000000000 ) );
#7397 = CARTESIAN_POINT( '', ( -12.9050000000000, 4.05000000000000, -2.60000000000000 ) );
#7398 = VECTOR( '', #8808, 1000.00000000000 );
#7399 = CARTESIAN_POINT( '', ( -12.9050000000000, 4.05000000000000, -6.00000000000000 ) );
#7400 = VECTOR( '', #8809, 1000.00000000000 );
#7401 = CARTESIAN_POINT( '', ( -17.5750000000000, 4.05000000000000, -2.60000000000000 ) );
#7402 = CARTESIAN_POINT( '', ( -17.5750000000000, 4.05000000000000, -6.00000000000000 ) );
#7403 = VECTOR( '', #8810, 1000.00000000000 );
#7404 = CARTESIAN_POINT( '', ( -20.5250000000000, 4.05000000000000, -2.60000000000000 ) );
#7405 = VECTOR( '', #8811, 1000.00000000000 );
#7406 = COLOUR_RGB( '', 0.333333343267441, 0.600000023841858, 0.333333343267441 );
#7407 = CARTESIAN_POINT( '', ( 4.31000000000000, 3.65000000000000, -5.60000000000000 ) );
#7408 = CARTESIAN_POINT( '', ( 5.28500000000000, 3.65000000000000, -5.60000000000000 ) );
#7409 = VECTOR( '', #8812, 1000.00000000000 );
#7410 = CARTESIAN_POINT( '', ( 4.31000000000000, 3.65000000000000, -3.45000000000000 ) );
#7411 = VECTOR( '', #8813, 1000.00000000000 );
#7412 = CARTESIAN_POINT( '', ( 3.31000000000000, 3.65000000000000, -5.60000000000000 ) );
#7413 = CARTESIAN_POINT( '', ( 3.31000000000000, 3.65000000000000, -5.60000000000000 ) );
#7414 = VECTOR( '', #8814, 1000.00000000000 );
#7415 = CARTESIAN_POINT( '', ( 2.33500000000000, 3.65000000000000, -5.60000000000000 ) );
#7416 = CARTESIAN_POINT( '', ( 5.28500000000000, 3.65000000000000, -5.60000000000000 ) );
#7417 = VECTOR( '', #8815, 1000.00000000000 );
#7418 = CARTESIAN_POINT( '', ( 2.33500000000000, 3.65000000000000, -6.00000000000000 ) );
#7419 = VECTOR( '', #8816, 1000.00000000000 );
#7420 = COLOUR_RGB( '', 0.333333343267441, 0.600000023841858, 0.333333343267441 );
#7421 = CARTESIAN_POINT( '', ( 22.8600000000000, -4.45000000000000, 3.00000000000000 ) );
#7422 = VECTOR( '', #8817, 1000.00000000000 );
#7423 = CARTESIAN_POINT( '', ( 22.8600000000000, -4.05000000000000, -6.00000000000000 ) );
#7424 = VECTOR( '', #8818, 1000.00000000000 );
#7425 = COLOUR_RGB( '', 0.333333343267441, 0.600000023841858, 0.333333343267441 );
#7426 = CARTESIAN_POINT( '', ( 4.36000000000000, -1.87459842646650, -5.20000000000000 ) );
#7427 = CARTESIAN_POINT( '', ( 5.93459842646651, -0.299999999999995, -5.20000000000000 ) );
#7428 = CARTESIAN_POINT( '', ( 4.36000000000000, -1.87459842646651, -5.20000000000000 ) );
#7429 = VECTOR( '', #8819, 1000.00000000000 );
#7430 = CARTESIAN_POINT( '', ( 5.93459842646650, -0.299999999999995, -2.80000000000000 ) );
#7431 = CARTESIAN_POINT( '', ( 5.93459842646650, -0.299999999999995, -2.80000000000000 ) );
#7432 = VECTOR( '', #8820, 1000.00000000000 );
#7433 = CARTESIAN_POINT( '', ( 4.36000000000000, -1.87459842646651, -2.80000000000000 ) );
#7434 = CARTESIAN_POINT( '', ( 4.36000000000000, -1.87459842646651, -2.80000000000000 ) );
#7435 = VECTOR( '', #8821, 1000.00000000000 );
#7436 = CARTESIAN_POINT( '', ( 4.36000000000000, -1.87459842646651, -2.80000000000000 ) );
#7437 = VECTOR( '', #8822, 1000.00000000000 );
#7438 = COLOUR_RGB( '', 0.740392148494720, 0.778039216995239, 0.800000011920929 );
#7439 = CARTESIAN_POINT( '', ( 0.250000000000000, 0.250000000000000, 7.37500000000000 ) );
#7440 = CARTESIAN_POINT( '', ( 0.444444444444445, 0.444444444444445, 6.59722222222222 ) );
#7441 = VECTOR( '', #8823, 999.999999999999 );
#7442 = CARTESIAN_POINT( '', ( 0.250000000000000, -0.250000000000000, 7.37500000000000 ) );
#7443 = CARTESIAN_POINT( '', ( 0.250000000000000, 0.500000000000000, 7.37500000000000 ) );
#7444 = VECTOR( '', #8824, 1000.00000000000 );
#7445 = CARTESIAN_POINT( '', ( 0.500000000000000, -0.500000000000000, 6.37500000000000 ) );
#7446 = CARTESIAN_POINT( '', ( 0.500000000000000, -0.500000000000000, 6.37500000000000 ) );
#7447 = VECTOR( '', #8825, 999.999999999999 );
#7448 = CARTESIAN_POINT( '', ( 0.500000000000000, -0.500000000000000, 6.37500000000000 ) );
#7449 = VECTOR( '', #8826, 1000.00000000000 );
#7450 = COLOUR_RGB( '', 0.740392148494720, 0.778039216995239, 0.800000011920929 );
#7451 = CARTESIAN_POINT( '', ( -0.250000000000000, -0.250000000000000, 7.37500000000000 ) );
#7452 = CARTESIAN_POINT( '', ( -0.500000000000000, -0.500000000000000, 6.37500000000000 ) );
#7453 = CARTESIAN_POINT( '', ( -0.444444444444445, -0.444444444444445, 6.59722222222222 ) );
#7454 = VECTOR( '', #8827, 999.999999999999 );
#7455 = CARTESIAN_POINT( '', ( -0.500000000000000, -0.500000000000000, 6.37500000000000 ) );
#7456 = VECTOR( '', #8828, 1000.00000000000 );
#7457 = CARTESIAN_POINT( '', ( 0.500000000000000, -0.250000000000000, 7.37500000000000 ) );
#7458 = VECTOR( '', #8829, 1000.00000000000 );
#7459 = COLOUR_RGB( '', 0.333333343267441, 0.600000023841858, 0.333333343267441 );
#7460 = CARTESIAN_POINT( '', ( 16.9254015735335, -0.299999999999995, -5.20000000000000 ) );
#7461 = CARTESIAN_POINT( '', ( 18.5000000000000, -1.87459842646651, -5.20000000000000 ) );
#7462 = CARTESIAN_POINT( '', ( 16.9254015735335, -0.299999999999995, -5.20000000000000 ) );
#7463 = VECTOR( '', #8830, 1000.00000000000 );
#7464 = CARTESIAN_POINT( '', ( 18.5000000000000, -1.87459842646651, -2.80000000000000 ) );
#7465 = CARTESIAN_POINT( '', ( 18.5000000000000, -1.87459842646651, -2.80000000000000 ) );
#7466 = VECTOR( '', #8831, 1000.00000000000 );
#7467 = CARTESIAN_POINT( '', ( 16.9254015735335, -0.299999999999995, -2.80000000000000 ) );
#7468 = CARTESIAN_POINT( '', ( 16.9254015735335, -0.299999999999995, -2.80000000000000 ) );
#7469 = VECTOR( '', #8832, 1000.00000000000 );
#7470 = CARTESIAN_POINT( '', ( 16.9254015735335, -0.299999999999995, -2.80000000000000 ) );
#7471 = VECTOR( '', #8833, 1000.00000000000 );
#7472 = COLOUR_RGB( '', 0.333333343267441, 0.600000023841858, 0.333333343267441 );
#7473 = CARTESIAN_POINT( '', ( 4.31000000000000, 0.750000000000000, -1.20000000000000 ) );
#7474 = CARTESIAN_POINT( '', ( 4.31000000000000, 0.750000000000000, -49.2267907131480 ) );
#7475 = VECTOR( '', #8834, 1000.00000000000 );
#7476 = CARTESIAN_POINT( '', ( 3.31000000000000, 0.750000000000000, -1.20000000000000 ) );
#7477 = CARTESIAN_POINT( '', ( 3.31000000000000, 0.750000000000000, -1.20000000000000 ) );
#7478 = VECTOR( '', #8835, 1000.00000000000 );
#7479 = CARTESIAN_POINT( '', ( 3.31000000000000, 0.750000000000000, -49.2267907131480 ) );
#7480 = VECTOR( '', #8836, 1000.00000000000 );
#7481 = COLOUR_RGB( '', 0.333333343267441, 0.600000023841858, 0.333333343267441 );
#7482 = CARTESIAN_POINT( '', ( 4.41000000000000, -2.95000000000000, 4.70000000000000 ) );
#7483 = CARTESIAN_POINT( '', ( 3.21000000000000, -2.95000000000000, 4.70000000000000 ) );
#7484 = CARTESIAN_POINT( '', ( -14.3300000000000, -2.95000000000000, 4.70000000000000 ) );
#7485 = VECTOR( '', #8837, 1000.00000000000 );
#7486 = CARTESIAN_POINT( '', ( 3.21000000000000, -4.45000000000000, 4.70000000000000 ) );
#7487 = CARTESIAN_POINT( '', ( 3.21000000000000, 43.5767907131480, 4.70000000000000 ) );
#7488 = VECTOR( '', #8838, 1000.00000000000 );
#7489 = CARTESIAN_POINT( '', ( 4.41000000000000, -4.45000000000000, 4.70000000000000 ) );
#7490 = CARTESIAN_POINT( '', ( 3.21000000000000, -4.45000000000000, 4.70000000000000 ) );
#7491 = VECTOR( '', #8839, 1000.00000000000 );
#7492 = CARTESIAN_POINT( '', ( 4.41000000000000, 43.5767907131480, 4.70000000000000 ) );
#7493 = VECTOR( '', #8840, 1000.00000000000 );
#7494 = COLOUR_RGB( '', 0.740392148494720, 0.778039216995239, 0.800000011920929 );
#7495 = CARTESIAN_POINT( '', ( -0.236111111111111, 0.236111111111111, -7.43055555555556 ) );
#7496 = VECTOR( '', #8841, 1000.00000000000 );
#7497 = COLOUR_RGB( '', 0.333333343267441, 0.600000023841858, 0.333333343267441 );
#7498 = CARTESIAN_POINT( '', ( -10.9300000000000, 0.750000000000000, -3.45000000000000 ) );
#7499 = CARTESIAN_POINT( '', ( -11.9300000000000, 0.750000000000000, -3.45000000000000 ) );
#7500 = CARTESIAN_POINT( '', ( -11.9300000000000, 0.750000000000000, -3.45000000000000 ) );
#7501 = VECTOR( '', #8842, 1000.00000000000 );
#7502 = CARTESIAN_POINT( '', ( -11.9300000000000, 3.65000000000000, -3.45000000000000 ) );
#7503 = CARTESIAN_POINT( '', ( -11.9300000000000, -0.249999999999997, -3.45000000000000 ) );
#7504 = VECTOR( '', #8843, 1000.00000000000 );
#7505 = CARTESIAN_POINT( '', ( -10.9300000000000, 3.65000000000000, -3.45000000000000 ) );
#7506 = CARTESIAN_POINT( '', ( -11.9300000000000, 3.65000000000000, -3.45000000000000 ) );
#7507 = VECTOR( '', #8844, 1000.00000000000 );
#7508 = CARTESIAN_POINT( '', ( -10.9300000000000, -0.249999999999997, -3.45000000000000 ) );
#7509 = VECTOR( '', #8845, 1000.00000000000 );
#7510 = COLOUR_RGB( '', 0.333333343267441, 0.600000023841858, 0.333333343267441 );
#7511 = CARTESIAN_POINT( '', ( -4.95919685293302, 1.77540157353349, -5.20000000000000 ) );
#7512 = CARTESIAN_POINT( '', ( -5.93459842646651, 0.800000000000000, -5.20000000000000 ) );
#7513 = CARTESIAN_POINT( '', ( -4.95919685293302, 1.77540157353349, -5.20000000000000 ) );
#7514 = VECTOR( '', #8846, 1000.00000000000 );
#7515 = CARTESIAN_POINT( '', ( -5.93459842646651, 0.800000000000000, -2.80000000000000 ) );
#7516 = CARTESIAN_POINT( '', ( -5.93459842646651, 0.800000000000000, -2.80000000000000 ) );
#7517 = VECTOR( '', #8847, 1000.00000000000 );
#7518 = CARTESIAN_POINT( '', ( -4.95919685293302, 1.77540157353349, -2.80000000000000 ) );
#7519 = CARTESIAN_POINT( '', ( -4.95919685293302, 1.77540157353349, -2.80000000000000 ) );
#7520 = VECTOR( '', #8848, 1000.00000000000 );
#7521 = CARTESIAN_POINT( '', ( -4.95919685293302, 1.77540157353349, -2.80000000000000 ) );
#7522 = VECTOR( '', #8849, 1000.00000000000 );
#7523 = COLOUR_RGB( '', 0.333333343267441, 0.600000023841858, 0.333333343267441 );
#7524 = CARTESIAN_POINT( '', ( -12.8300000000000, 0.250000000000004, -1.70000000000000 ) );
#7525 = AXIS2_PLACEMENT_3D( '', #8850, #8851, #8852 );
#7526 = CARTESIAN_POINT( '', ( -10.0300000000000, 0.250000000000004, -2.80000000000000 ) );
#7527 = AXIS2_PLACEMENT_3D( '', #8853, #8854, #8855 );
#7528 = COLOUR_RGB( '', 0.333333343267441, 0.600000023841858, 0.333333343267441 );
#7529 = CARTESIAN_POINT( '', ( -3.31000000000000, 0.750000000000000, -3.45000000000000 ) );
#7530 = CARTESIAN_POINT( '', ( -3.31000000000000, 0.750000000000000, -1.20000000000000 ) );
#7531 = CARTESIAN_POINT( '', ( -3.31000000000000, 0.750000000000000, -49.2267907131480 ) );
#7532 = VECTOR( '', #8856, 1000.00000000000 );
#7533 = CARTESIAN_POINT( '', ( -3.31000000000000, 3.65000000000000, -3.45000000000000 ) );
#7534 = CARTESIAN_POINT( '', ( -3.31000000000000, -0.249999999999997, -3.45000000000000 ) );
#7535 = VECTOR( '', #8857, 1000.00000000000 );
#7536 = CARTESIAN_POINT( '', ( -3.31000000000000, 3.65000000000000, -5.60000000000000 ) );
#7537 = CARTESIAN_POINT( '', ( -3.31000000000000, 3.65000000000000, -3.45000000000000 ) );
#7538 = VECTOR( '', #8858, 1000.00000000000 );
#7539 = CARTESIAN_POINT( '', ( -3.31000000000000, -0.249999999999997, -5.60000000000000 ) );
#7540 = CARTESIAN_POINT( '', ( -3.31000000000000, 0.750000000000000, -5.60000000000000 ) );
#7541 = VECTOR( '', #8859, 1000.00000000000 );
#7542 = CARTESIAN_POINT( '', ( -3.31000000000000, -0.249999999999997, -1.20000000000000 ) );
#7543 = CARTESIAN_POINT( '', ( -3.31000000000000, -0.249999999999997, -49.2267907131480 ) );
#7544 = VECTOR( '', #8860, 1000.00000000000 );
#7545 = CARTESIAN_POINT( '', ( -3.31000000000000, 0.750000000000000, -1.20000000000000 ) );
#7546 = VECTOR( '', #8861, 1000.00000000000 );
#7547 = COLOUR_RGB( '', 0.333333343267441, 0.600000023841858, 0.333333343267441 );
#7548 = CARTESIAN_POINT( '', ( 13.5545984264665, 0.800000000000000, -5.20000000000000 ) );
#7549 = CARTESIAN_POINT( '', ( 12.5791968529330, 1.77540157353350, -5.20000000000000 ) );
#7550 = CARTESIAN_POINT( '', ( 13.5545984264665, 0.800000000000000, -5.20000000000000 ) );
#7551 = VECTOR( '', #8862, 1000.00000000000 );
#7552 = CARTESIAN_POINT( '', ( 16.9254015735335, 0.800000000000000, -5.20000000000000 ) );
#7553 = CARTESIAN_POINT( '', ( 16.9254015735335, 0.800000000000000, -5.20000000000000 ) );
#7554 = VECTOR( '', #8863, 1000.00000000000 );
#7555 = CARTESIAN_POINT( '', ( 17.9008031470670, 1.77540157353350, -5.20000000000000 ) );
#7556 = CARTESIAN_POINT( '', ( 17.9008031470670, 1.77540157353350, -5.20000000000000 ) );
#7557 = VECTOR( '', #8864, 1000.00000000000 );
#7558 = CARTESIAN_POINT( '', ( 17.9008031470670, 3.02264434404465, -5.20000000000000 ) );
#7559 = CARTESIAN_POINT( '', ( 17.9008031470670, 3.02264434404465, -5.20000000000000 ) );
#7560 = VECTOR( '', #8865, 1000.00000000000 );
#7561 = AXIS2_PLACEMENT_3D( '', #8866, #8867, #8868 );
#7562 = CARTESIAN_POINT( '', ( 12.5791968529330, 1.77540157353350, -5.20000000000000 ) );
#7563 = VECTOR( '', #8869, 1000.00000000000 );
#7564 = COLOUR_RGB( '', 0.333333343267441, 0.600000023841858, 0.333333343267441 );
#7565 = CARTESIAN_POINT( '', ( 17.9008031470670, 1.77540157353350, -2.80000000000000 ) );
#7566 = CARTESIAN_POINT( '', ( 17.9008031470670, 1.77540157353350, -2.80000000000000 ) );
#7567 = VECTOR( '', #8870, 1000.00000000000 );
#7568 = CARTESIAN_POINT( '', ( 17.9008031470670, 3.02264434404465, -2.80000000000000 ) );
#7569 = CARTESIAN_POINT( '', ( 17.9008031470670, 3.02264434404465, -2.80000000000000 ) );
#7570 = VECTOR( '', #8871, 1000.00000000000 );
#7571 = CARTESIAN_POINT( '', ( 17.9008031470670, 3.02264434404465, -2.80000000000000 ) );
#7572 = VECTOR( '', #8872, 1000.00000000000 );
#7573 = COLOUR_RGB( '', 0.333333343267441, 0.600000023841858, 0.333333343267441 );
#7574 = CARTESIAN_POINT( '', ( -19.5500000000000, -0.249999999999997, -1.20000000000000 ) );
#7575 = CARTESIAN_POINT( '', ( -18.5500000000000, -0.249999999999997, -1.20000000000000 ) );
#7576 = VECTOR( '', #8873, 1000.00000000000 );
#7577 = CARTESIAN_POINT( '', ( -19.5500000000000, -0.249999999999997, -5.60000000000000 ) );
#7578 = CARTESIAN_POINT( '', ( -18.5500000000000, -0.249999999999997, -5.60000000000000 ) );
#7579 = VECTOR( '', #8874, 1000.00000000000 );
#7580 = CARTESIAN_POINT( '', ( -19.5500000000000, -0.249999999999997, -49.2267467147214 ) );
#7581 = VECTOR( '', #8875, 1000.00000000000 );
#7582 = COLOUR_RGB( '', 0.333333343267441, 0.600000023841858, 0.333333343267441 );
#7583 = CARTESIAN_POINT( '', ( 2.33500000000000, -2.65000000000000, -5.60000000000000 ) );
#7584 = CARTESIAN_POINT( '', ( 2.33500000000000, -2.65000000000000, -5.60000000000000 ) );
#7585 = VECTOR( '', #8876, 1000.00000000000 );
#7586 = CARTESIAN_POINT( '', ( 2.33500000000000, -2.65000000000000, -5.60000000000000 ) );
#7587 = VECTOR( '', #8877, 1000.00000000000 );
#7588 = COLOUR_RGB( '', 0.333333343267441, 0.600000023841858, 0.333333343267441 );
#7589 = CARTESIAN_POINT( '', ( 12.5791968529330, 1.77540157353350, -2.80000000000000 ) );
#7590 = CARTESIAN_POINT( '', ( 12.5791968529330, 1.77540157353350, -2.80000000000000 ) );
#7591 = VECTOR( '', #8878, 1000.00000000000 );
#7592 = CARTESIAN_POINT( '', ( 12.5791968529330, 1.77540157353350, -2.80000000000000 ) );
#7593 = VECTOR( '', #8879, 1000.00000000000 );
#7594 = COLOUR_RGB( '', 0.333333343267441, 0.600000023841858, 0.333333343267441 );
#7595 = CARTESIAN_POINT( '', ( 12.0300000000000, -4.45000000000000, 4.70000000000000 ) );
#7596 = CARTESIAN_POINT( '', ( 12.3550000000000, -4.05000000000000, 6.00000000000000 ) );
#7597 = CARTESIAN_POINT( '', ( 12.6149376797699, -3.73007670182167, 7.03975071907957 ) );
#7598 = VECTOR( '', #8880, 1000.00000000000 );
#7599 = CARTESIAN_POINT( '', ( 18.4500000000000, -4.45000000000000, 4.70000000000000 ) );
#7600 = CARTESIAN_POINT( '', ( 22.8600000000000, -4.45000000000000, 4.70000000000000 ) );
#7601 = VECTOR( '', #8881, 1000.00000000000 );
#7602 = CARTESIAN_POINT( '', ( 18.1250000000000, -4.05000000000000, 6.00000000000000 ) );
#7603 = CARTESIAN_POINT( '', ( 18.6881879194631, -4.74315436241611, 3.74724832214765 ) );
#7604 = VECTOR( '', #8882, 1000.00000000000 );
#7605 = CARTESIAN_POINT( '', ( 22.8600000000000, -4.05000000000000, 6.00000000000000 ) );
#7606 = VECTOR( '', #8883, 1000.00000000000 );
#7607 = COLOUR_RGB( '', 0.333333343267441, 0.600000023841858, 0.333333343267441 );
#7608 = CARTESIAN_POINT( '', ( 3.26000000000000, -1.87459842646651, -5.20000000000000 ) );
#7609 = CARTESIAN_POINT( '', ( 1.68540157353349, -0.299999999999996, -5.20000000000000 ) );
#7610 = VECTOR( '', #8884, 1000.00000000000 );
#7611 = CARTESIAN_POINT( '', ( 3.26000000000000, -1.87459842646651, -2.80000000000000 ) );
#7612 = CARTESIAN_POINT( '', ( 3.26000000000000, -1.87459842646651, -2.80000000000000 ) );
#7613 = VECTOR( '', #8885, 1000.00000000000 );
#7614 = CARTESIAN_POINT( '', ( 1.68540157353349, -0.299999999999996, -2.80000000000000 ) );
#7615 = VECTOR( '', #8886, 1000.00000000000 );
#7616 = COLOUR_RGB( '', 0.333333343267441, 0.600000023841858, 0.333333343267441 );
#7617 = CARTESIAN_POINT( '', ( 10.9300000000000, 0.750000000000000, -1.20000000000000 ) );
#7618 = CARTESIAN_POINT( '', ( 10.9300000000000, -0.249999999999997, -1.20000000000000 ) );
#7619 = VECTOR( '', #8887, 1000.00000000000 );
#7620 = CARTESIAN_POINT( '', ( 10.9300000000000, 3.65000000000000, -5.60000000000000 ) );
#7621 = CARTESIAN_POINT( '', ( 10.9300000000000, -0.249999999999997, -5.60000000000000 ) );
#7622 = VECTOR( '', #8888, 1000.00000000000 );
#7623 = CARTESIAN_POINT( '', ( 10.9300000000000, 3.65000000000000, -5.60000000000000 ) );
#7624 = VECTOR( '', #8889, 1000.00000000000 );
#7625 = CARTESIAN_POINT( '', ( 10.9300000000000, 0.750000000000000, -49.2267907131480 ) );
#7626 = VECTOR( '', #8890, 1000.00000000000 );
#7627 = COLOUR_RGB( '', 0.333333343267441, 0.600000023841858, 0.333333343267441 );
#7628 = CARTESIAN_POINT( '', ( -20.1991968529330, 3.02264434404465, -5.20000000000000 ) );
#7629 = AXIS2_PLACEMENT_3D( '', #8891, #8892, #8893 );
#7630 = CARTESIAN_POINT( '', ( -20.1991968529330, 3.02264434404465, -2.80000000000000 ) );
#7631 = CARTESIAN_POINT( '', ( -20.1991968529330, 3.02264434404465, -2.80000000000000 ) );
#7632 = VECTOR( '', #8894, 1000.00000000000 );
#7633 = CARTESIAN_POINT( '', ( -17.9008031470670, 3.02264434404465, -2.80000000000000 ) );
#7634 = AXIS2_PLACEMENT_3D( '', #8895, #8896, #8897 );
#7635 = CARTESIAN_POINT( '', ( -17.9008031470670, 3.02264434404465, -5.20000000000000 ) );
#7636 = CARTESIAN_POINT( '', ( -17.9008031470670, 3.02264434404465, -2.80000000000000 ) );
#7637 = VECTOR( '', #8898, 1000.00000000000 );
#7638 = AXIS2_PLACEMENT_3D( '', #8899, #8900, #8901 );
#7639 = COLOUR_RGB( '', 0.333333343267441, 0.600000023841858, 0.333333343267441 );
#7640 = CARTESIAN_POINT( '', ( 21.9500000000000, -0.300000000000000, -2.80000000000000 ) );
#7641 = CARTESIAN_POINT( '', ( 21.9500000000000, 0.800000000000000, -2.80000000000000 ) );
#7642 = CARTESIAN_POINT( '', ( 21.9500000000000, -0.300000000000000, -2.80000000000000 ) );
#7643 = VECTOR( '', #8902, 1000.00000000000 );
#7644 = CARTESIAN_POINT( '', ( 21.9500000000000, -0.300000000000000, -5.20000000000000 ) );
#7645 = CARTESIAN_POINT( '', ( 21.9500000000000, -0.300000000000000, -2.80000000000000 ) );
#7646 = VECTOR( '', #8903, 1000.00000000000 );
#7647 = CARTESIAN_POINT( '', ( 21.9500000000000, -2.95000000000000, -5.20000000000000 ) );
#7648 = CARTESIAN_POINT( '', ( 21.9500000000000, 2.35000000000000, -5.20000000000000 ) );
#7649 = VECTOR( '', #8904, 1000.00000000000 );
#7650 = CARTESIAN_POINT( '', ( 21.9500000000000, -2.95000000000000, -5.20000000000000 ) );
#7651 = VECTOR( '', #8905, 1000.00000000000 );
#7652 = CARTESIAN_POINT( '', ( 21.9500000000000, 2.35000000000000, -5.20000000000000 ) );
#7653 = CARTESIAN_POINT( '', ( 21.9500000000000, 2.35000000000000, -5.20000000000000 ) );
#7654 = VECTOR( '', #8906, 1000.00000000000 );
#7655 = CARTESIAN_POINT( '', ( 21.9500000000000, 0.800000000000000, -5.20000000000000 ) );
#7656 = CARTESIAN_POINT( '', ( 21.9500000000000, 2.35000000000000, -5.20000000000000 ) );
#7657 = VECTOR( '', #8907, 1000.00000000000 );
#7658 = CARTESIAN_POINT( '', ( 21.9500000000000, 0.800000000000000, -2.80000000000000 ) );
#7659 = VECTOR( '', #8908, 1000.00000000000 );
#7660 = COLOUR_RGB( '', 0.333333343267441, 0.600000023841858, 0.333333343267441 );
#7661 = CARTESIAN_POINT( '', ( -19.5500000000000, 0.750000000000000, -1.20000000000000 ) );
#7662 = CARTESIAN_POINT( '', ( -19.5500000000000, -0.249999999999997, -1.20000000000000 ) );
#7663 = VECTOR( '', #8909, 1000.00000000000 );
#7664 = CARTESIAN_POINT( '', ( -19.5500000000000, 3.65000000000000, -5.60000000000000 ) );
#7665 = CARTESIAN_POINT( '', ( -19.5500000000000, -0.249999999999997, -5.60000000000000 ) );
#7666 = VECTOR( '', #8910, 1000.00000000000 );
#7667 = CARTESIAN_POINT( '', ( -19.5500000000000, 3.65000000000000, -3.45000000000000 ) );
#7668 = CARTESIAN_POINT( '', ( -19.5500000000000, 3.65000000000000, -5.60000000000000 ) );
#7669 = VECTOR( '', #8911, 1000.00000000000 );
#7670 = CARTESIAN_POINT( '', ( -19.5500000000000, 0.750000000000000, -3.45000000000000 ) );
#7671 = CARTESIAN_POINT( '', ( -19.5500000000000, -0.249999999999997, -3.45000000000000 ) );
#7672 = VECTOR( '', #8912, 1000.00000000000 );
#7673 = CARTESIAN_POINT( '', ( -19.5500000000000, 0.750000000000000, -49.2267467147214 ) );
#7674 = VECTOR( '', #8913, 1000.00000000000 );
#7675 = COLOUR_RGB( '', 0.333333343267441, 0.600000023841858, 0.333333343267441 );
#7676 = CARTESIAN_POINT( '', ( -2.33500000000000, -2.65000000000000, -5.60000000000000 ) );
#7677 = CARTESIAN_POINT( '', ( -2.33500000000000, -2.65000000000000, -6.00000000000000 ) );
#7678 = VECTOR( '', #8914, 1000.00000000000 );
#7679 = CARTESIAN_POINT( '', ( -2.33500000000000, 3.65000000000000, -5.60000000000000 ) );
#7680 = CARTESIAN_POINT( '', ( -2.33500000000000, -2.65000000000000, -5.60000000000000 ) );
#7681 = VECTOR( '', #8915, 1000.00000000000 );
#7682 = CARTESIAN_POINT( '', ( -2.33500000000000, 3.65000000000000, -6.00000000000000 ) );
#7683 = VECTOR( '', #8916, 1000.00000000000 );
#7684 = COLOUR_RGB( '', 0.333333343267441, 0.600000023841858, 0.333333343267441 );
#7685 = CARTESIAN_POINT( '', ( -12.9050000000000, 3.65000000000000, -2.60000000000000 ) );
#7686 = CARTESIAN_POINT( '', ( -9.95500000000000, 3.65000000000000, -2.60000000000000 ) );
#7687 = VECTOR( '', #8917, 1000.00000000000 );
#7688 = CARTESIAN_POINT( '', ( -12.9050000000000, 3.65000000000000, -2.60000000000000 ) );
#7689 = VECTOR( '', #8918, 1000.00000000000 );
#7690 = COLOUR_RGB( '', 0.333333343267441, 0.600000023841858, 0.333333343267441 );
#7691 = CARTESIAN_POINT( '', ( 4.50764705882353, -2.95000000000000, -0.490588235294140 ) );
#7692 = VECTOR( '', #8919, 1000.00000000000 );
#7693 = CARTESIAN_POINT( '', ( 4.27131351869606, -5.75623202301054, 0.454745925215741 ) );
#7694 = VECTOR( '', #8920, 1000.00000000000 );
#7695 = COLOUR_RGB( '', 0.333333343267441, 0.600000023841858, 0.333333343267441 );
#7696 = CARTESIAN_POINT( '', ( 4.36000000000000, -2.95000000000000, -5.20000000000000 ) );
#7697 = CARTESIAN_POINT( '', ( 4.36000000000000, -2.95000000000000, -5.20000000000000 ) );
#7698 = VECTOR( '', #8921, 1000.00000000000 );
#7699 = CARTESIAN_POINT( '', ( 4.36000000000000, -2.95000000000000, -2.80000000000000 ) );
#7700 = CARTESIAN_POINT( '', ( 4.36000000000000, -2.95000000000000, -2.80000000000000 ) );
#7701 = VECTOR( '', #8922, 1000.00000000000 );
#7702 = CARTESIAN_POINT( '', ( 4.36000000000000, -2.95000000000000, -2.80000000000000 ) );
#7703 = VECTOR( '', #8923, 1000.00000000000 );
#7704 = COLOUR_RGB( '', 0.333333343267441, 0.600000023841858, 0.333333343267441 );
#7705 = CARTESIAN_POINT( '', ( -19.6500000000000, -2.95000000000000, 4.70000000000000 ) );
#7706 = CARTESIAN_POINT( '', ( -14.3300000000000, -2.95000000000000, 4.70000000000000 ) );
#7707 = VECTOR( '', #8924, 1000.00000000000 );
#7708 = CARTESIAN_POINT( '', ( -19.6500000000000, 43.5767907131480, 4.70000000000000 ) );
#7709 = VECTOR( '', #8925, 1000.00000000000 );
#7710 = CARTESIAN_POINT( '', ( -19.6500000000000, -4.45000000000000, 4.70000000000000 ) );
#7711 = VECTOR( '', #8926, 1000.00000000000 );
#7712 = COLOUR_RGB( '', 0.333333343267441, 0.600000023841858, 0.333333343267441 );
#7713 = CARTESIAN_POINT( '', ( 21.9500000000000, 0.800000000000000, -5.20000000000000 ) );
#7714 = VECTOR( '', #8927, 1000.00000000000 );
#7715 = CARTESIAN_POINT( '', ( 21.9500000000000, 0.800000000000000, -2.80000000000000 ) );
#7716 = VECTOR( '', #8928, 1000.00000000000 );
#7717 = COLOUR_RGB( '', 0.333333343267441, 0.600000023841858, 0.333333343267441 );
#7718 = CARTESIAN_POINT( '', ( -5.28500000000000, -2.65000000000000, -5.60000000000000 ) );
#7719 = CARTESIAN_POINT( '', ( -5.28500000000000, 3.65000000000000, -5.60000000000000 ) );
#7720 = CARTESIAN_POINT( '', ( -5.28500000000000, -2.65000000000000, -5.60000000000000 ) );
#7721 = VECTOR( '', #8929, 1000.00000000000 );
#7722 = CARTESIAN_POINT( '', ( -5.28500000000000, -2.65000000000000, -5.60000000000000 ) );
#7723 = VECTOR( '', #8930, 1000.00000000000 );
#7724 = CARTESIAN_POINT( '', ( -5.28500000000000, 3.65000000000000, -6.00000000000000 ) );
#7725 = VECTOR( '', #8931, 1000.00000000000 );
#7726 = COLOUR_RGB( '', 0.333333343267441, 0.600000023841858, 0.333333343267441 );
#7727 = CARTESIAN_POINT( '', ( -21.1745984264665, 0.800000000000000, -5.20000000000000 ) );
#7728 = CARTESIAN_POINT( '', ( -21.9500000000000, 0.800000000000000, -5.20000000000000 ) );
#7729 = CARTESIAN_POINT( '', ( -21.1745984264665, 0.800000000000000, -5.20000000000000 ) );
#7730 = VECTOR( '', #8932, 1000.00000000000 );
#7731 = CARTESIAN_POINT( '', ( -21.9500000000000, 0.800000000000000, -2.80000000000000 ) );
#7732 = CARTESIAN_POINT( '', ( -21.9500000000000, 0.800000000000000, -2.80000000000000 ) );
#7733 = VECTOR( '', #8933, 1000.00000000000 );
#7734 = CARTESIAN_POINT( '', ( -21.1745984264665, 0.800000000000000, -2.80000000000000 ) );
#7735 = CARTESIAN_POINT( '', ( -21.1745984264665, 0.800000000000000, -2.80000000000000 ) );
#7736 = VECTOR( '', #8934, 1000.00000000000 );
#7737 = CARTESIAN_POINT( '', ( -21.1745984264665, 0.800000000000000, -2.80000000000000 ) );
#7738 = VECTOR( '', #8935, 1000.00000000000 );
#7739 = COLOUR_RGB( '', 0.333333343267441, 0.600000023841858, 0.333333343267441 );
#7740 = CARTESIAN_POINT( '', ( -17.5750000000000, 3.65000000000000, -2.60000000000000 ) );
#7741 = CARTESIAN_POINT( '', ( -17.5750000000000, 4.05000000000000, -2.60000000000000 ) );
#7742 = VECTOR( '', #8936, 1000.00000000000 );
#7743 = CARTESIAN_POINT( '', ( -17.5750000000000, 3.65000000000000, -2.60000000000000 ) );
#7744 = VECTOR( '', #8937, 1000.00000000000 );
#7745 = COLOUR_RGB( '', 0.740392148494720, 0.778039216995239, 0.800000011920929 );
#7746 = CARTESIAN_POINT( '', ( -0.500000000000000, -0.500000000000000, -6.37500000000000 ) );
#7747 = CARTESIAN_POINT( '', ( -0.236111111111111, -0.236111111111111, -7.43055555555556 ) );
#7748 = VECTOR( '', #8938, 1000.00000000000 );
#7749 = CARTESIAN_POINT( '', ( 0.500000000000000, -0.500000000000000, -6.37500000000000 ) );
#7750 = VECTOR( '', #8939, 1000.00000000000 );
#7751 = COLOUR_RGB( '', 0.333333343267441, 0.600000023841858, 0.333333343267441 );
#7752 = CARTESIAN_POINT( '', ( 10.2808031470670, 1.77540157353350, -5.20000000000000 ) );
#7753 = CARTESIAN_POINT( '', ( 10.2808031470670, 3.02264434404465, -5.20000000000000 ) );
#7754 = VECTOR( '', #8940, 1000.00000000000 );
#7755 = CARTESIAN_POINT( '', ( 5.96000000000000, 2.35000000000000, -5.20000000000000 ) );
#7756 = CARTESIAN_POINT( '', ( 5.96000000000000, 2.35000000000000, -5.20000000000000 ) );
#7757 = VECTOR( '', #8941, 1000.00000000000 );
#7758 = CARTESIAN_POINT( '', ( 4.95919685293302, 3.02264434404465, -5.20000000000000 ) );
#7759 = AXIS2_PLACEMENT_3D( '', #8942, #8943, #8944 );
#7760 = CARTESIAN_POINT( '', ( 4.95919685293301, 1.77540157353350, -5.20000000000000 ) );
#7761 = CARTESIAN_POINT( '', ( 4.95919685293301, 1.77540157353350, -5.20000000000000 ) );
#7762 = VECTOR( '', #8945, 1000.00000000000 );
#7763 = CARTESIAN_POINT( '', ( 5.93459842646650, 0.800000000000000, -5.20000000000000 ) );
#7764 = CARTESIAN_POINT( '', ( 5.93459842646650, 0.800000000000000, -5.20000000000000 ) );
#7765 = VECTOR( '', #8946, 1000.00000000000 );
#7766 = CARTESIAN_POINT( '', ( 9.30540157353349, 0.800000000000000, -5.20000000000000 ) );
#7767 = CARTESIAN_POINT( '', ( 8.53000000000000, 0.800000000000000, -5.20000000000000 ) );
#7768 = VECTOR( '', #8947, 1000.00000000000 );
#7769 = CARTESIAN_POINT( '', ( 10.2808031470670, 1.77540157353349, -5.20000000000000 ) );
#7770 = VECTOR( '', #8948, 1000.00000000000 );
#7771 = COLOUR_RGB( '', 0.333333343267441, 0.600000023841858, 0.333333343267441 );
#7772 = CARTESIAN_POINT( '', ( -20.1991968529330, 1.77540157353349, -5.20000000000000 ) );
#7773 = CARTESIAN_POINT( '', ( -20.1991968529330, 1.77540157353349, -5.20000000000000 ) );
#7774 = VECTOR( '', #8949, 1000.00000000000 );
#7775 = CARTESIAN_POINT( '', ( -20.1991968529330, 1.77540157353349, -2.80000000000000 ) );
#7776 = CARTESIAN_POINT( '', ( -20.1991968529330, 1.77540157353349, -2.80000000000000 ) );
#7777 = VECTOR( '', #8950, 1000.00000000000 );
#7778 = CARTESIAN_POINT( '', ( -20.1991968529330, 1.77540157353349, -2.80000000000000 ) );
#7779 = VECTOR( '', #8951, 1000.00000000000 );
#7780 = COLOUR_RGB( '', 0.333333343267441, 0.600000023841858, 0.333333343267441 );
#7781 = CARTESIAN_POINT( '', ( 10.8300000000000, -2.95000000000000, 4.70000000000000 ) );
#7782 = CARTESIAN_POINT( '', ( 11.6794117647059, -2.95000000000000, 1.30235294117644 ) );
#7783 = VECTOR( '', #8952, 1000.00000000000 );
#7784 = CARTESIAN_POINT( '', ( 10.8300000000000, -4.45000000000000, 4.70000000000000 ) );
#7785 = CARTESIAN_POINT( '', ( 11.4797507190796, -5.24969319271333, 2.10099712368170 ) );
#7786 = VECTOR( '', #8953, 1000.00000000000 );
#7787 = CARTESIAN_POINT( '', ( 10.8300000000000, 43.5767907131480, 4.70000000000000 ) );
#7788 = VECTOR( '', #8954, 1000.00000000000 );
#7789 = COLOUR_RGB( '', 0.333333343267441, 0.600000023841858, 0.333333343267441 );
#7790 = CARTESIAN_POINT( '', ( 16.9254015735335, 0.800000000000000, -2.80000000000000 ) );
#7791 = CARTESIAN_POINT( '', ( 16.9254015735335, 0.800000000000000, -2.80000000000000 ) );
#7792 = VECTOR( '', #8955, 1000.00000000000 );
#7793 = CARTESIAN_POINT( '', ( 17.9008031470670, 1.77540157353350, -2.80000000000000 ) );
#7794 = VECTOR( '', #8956, 1000.00000000000 );
#7795 = COLOUR_RGB( '', 0.333333343267441, 0.600000023841858, 0.333333343267441 );
#7796 = CARTESIAN_POINT( '', ( 9.95500000000000, -2.65000000000000, -5.60000000000000 ) );
#7797 = CARTESIAN_POINT( '', ( 9.95500000000000, 3.65000000000000, -5.60000000000000 ) );
#7798 = CARTESIAN_POINT( '', ( 9.95500000000000, -2.65000000000000, -5.60000000000000 ) );
#7799 = VECTOR( '', #8957, 1000.00000000000 );
#7800 = CARTESIAN_POINT( '', ( 9.95500000000000, -2.65000000000000, -5.60000000000000 ) );
#7801 = VECTOR( '', #8958, 1000.00000000000 );
#7802 = CARTESIAN_POINT( '', ( 9.95500000000000, 3.65000000000000, -6.00000000000000 ) );
#7803 = VECTOR( '', #8959, 1000.00000000000 );
#7804 = COLOUR_RGB( '', 0.333333343267441, 0.600000023841858, 0.333333343267441 );
#7805 = CARTESIAN_POINT( '', ( -10.2808031470670, 1.77540157353350, -5.20000000000000 ) );
#7806 = CARTESIAN_POINT( '', ( -10.2808031470670, 3.02264434404465, -5.20000000000000 ) );
#7807 = CARTESIAN_POINT( '', ( -10.2808031470670, 1.77540157353350, -5.20000000000000 ) );
#7808 = VECTOR( '', #8960, 1000.00000000000 );
#7809 = CARTESIAN_POINT( '', ( -10.2808031470670, 3.02264434404465, -2.80000000000000 ) );
#7810 = CARTESIAN_POINT( '', ( -10.2808031470670, 3.02264434404465, -2.80000000000000 ) );
#7811 = VECTOR( '', #8961, 1000.00000000000 );
#7812 = CARTESIAN_POINT( '', ( -10.2808031470670, 1.77540157353350, -2.80000000000000 ) );
#7813 = CARTESIAN_POINT( '', ( -10.2808031470670, 1.77540157353350, -2.80000000000000 ) );
#7814 = VECTOR( '', #8962, 1000.00000000000 );
#7815 = CARTESIAN_POINT( '', ( -10.2808031470670, 1.77540157353350, -2.80000000000000 ) );
#7816 = VECTOR( '', #8963, 1000.00000000000 );
#7817 = COLOUR_RGB( '', 0.333333343267441, 0.600000023841858, 0.333333343267441 );
#7818 = CARTESIAN_POINT( '', ( 10.5300000000000, 0.250000000000004, -1.20000000000000 ) );
#7819 = AXIS2_PLACEMENT_3D( '', #8964, #8965, #8966 );
#7820 = COLOUR_RGB( '', 0.333333343267441, 0.600000023841858, 0.333333343267441 );
#7821 = CARTESIAN_POINT( '', ( 12.3550000000000, -2.95000000000000, 6.00000000000000 ) );
#7822 = CARTESIAN_POINT( '', ( 12.0300000000000, -2.95000000000000, 4.70000000000000 ) );
#7823 = CARTESIAN_POINT( '', ( 8.15000000000000, -2.95000000000000, -10.8200000000000 ) );
#7824 = VECTOR( '', #8967, 1000.00000000000 );
#7825 = CARTESIAN_POINT( '', ( 12.0300000000000, 43.5767907131480, 4.70000000000000 ) );
#7826 = VECTOR( '', #8968, 1000.00000000000 );
#7827 = CARTESIAN_POINT( '', ( 12.3550000000000, 43.5767907131480, 6.00000000000000 ) );
#7828 = VECTOR( '', #8969, 1000.00000000000 );
#7829 = COLOUR_RGB( '', 0.333333343267441, 0.600000023841858, 0.333333343267441 );
#7830 = CARTESIAN_POINT( '', ( -20.4500000000000, 0.250000000000004, -1.70000000000000 ) );
#7831 = AXIS2_PLACEMENT_3D( '', #8970, #8971, #8972 );
#7832 = CARTESIAN_POINT( '', ( -17.6500000000000, 0.250000000000004, -2.80000000000000 ) );
#7833 = AXIS2_PLACEMENT_3D( '', #8973, #8974, #8975 );
#7834 = COLOUR_RGB( '', 0.333333343267441, 0.600000023841858, 0.333333343267441 );
#7835 = CARTESIAN_POINT( '', ( 9.30540157353349, 0.800000000000000, -2.80000000000000 ) );
#7836 = CARTESIAN_POINT( '', ( 9.30540157353349, 0.800000000000000, -2.80000000000000 ) );
#7837 = VECTOR( '', #8976, 1000.00000000000 );
#7838 = CARTESIAN_POINT( '', ( 10.2808031470670, 1.77540157353349, -2.80000000000000 ) );
#7839 = CARTESIAN_POINT( '', ( 10.2808031470670, 1.77540157353349, -2.80000000000000 ) );
#7840 = VECTOR( '', #8977, 1000.00000000000 );
#7841 = CARTESIAN_POINT( '', ( 10.2808031470670, 1.77540157353349, -2.80000000000000 ) );
#7842 = VECTOR( '', #8978, 1000.00000000000 );
#7843 = COLOUR_RGB( '', 0.333333343267441, 0.600000023841858, 0.333333343267441 );
#7844 = CARTESIAN_POINT( '', ( -9.30540157353349, -0.299999999999995, -5.20000000000000 ) );
#7845 = CARTESIAN_POINT( '', ( -10.8800000000000, -1.87459842646651, -5.20000000000000 ) );
#7846 = VECTOR( '', #8979, 1000.00000000000 );
#7847 = CARTESIAN_POINT( '', ( -9.30540157353349, -0.299999999999995, -2.80000000000000 ) );
#7848 = CARTESIAN_POINT( '', ( -9.30540157353349, -0.299999999999995, -2.80000000000000 ) );
#7849 = VECTOR( '', #8980, 1000.00000000000 );
#7850 = CARTESIAN_POINT( '', ( -10.8800000000000, -1.87459842646651, -2.80000000000000 ) );
#7851 = VECTOR( '', #8981, 1000.00000000000 );
#7852 = COLOUR_RGB( '', 0.333333343267441, 0.600000023841858, 0.333333343267441 );
#7853 = CARTESIAN_POINT( '', ( 3.31000000000000, -0.249999999999997, -1.20000000000000 ) );
#7854 = CARTESIAN_POINT( '', ( 3.31000000000000, -0.249999999999997, -1.20000000000000 ) );
#7855 = VECTOR( '', #8982, 1000.00000000000 );
#7856 = CARTESIAN_POINT( '', ( 3.31000000000000, -0.249999999999997, -5.60000000000000 ) );
#7857 = CARTESIAN_POINT( '', ( 3.31000000000000, -0.249999999999997, -49.2267907131480 ) );
#7858 = VECTOR( '', #8983, 1000.00000000000 );
#7859 = CARTESIAN_POINT( '', ( 3.31000000000000, -0.249999999999997, -5.60000000000000 ) );
#7860 = VECTOR( '', #8984, 1000.00000000000 );
#7861 = COLOUR_RGB( '', 0.740392148494720, 0.778039216995239, 0.800000011920929 );
#7862 = CARTESIAN_POINT( '', ( -0.250000000000000, 0.250000000000000, 7.37500000000000 ) );
#7863 = CARTESIAN_POINT( '', ( -0.444444444444445, 0.444444444444445, 6.59722222222222 ) );
#7864 = VECTOR( '', #8985, 999.999999999999 );
#7865 = CARTESIAN_POINT( '', ( -0.500000000000000, 0.250000000000000, 7.37500000000000 ) );
#7866 = VECTOR( '', #8986, 1000.00000000000 );
#7867 = COLOUR_RGB( '', 0.333333343267441, 0.600000023841858, 0.333333343267441 );
#7868 = CARTESIAN_POINT( '', ( -19.6000000000000, -1.87459842646651, -5.20000000000000 ) );
#7869 = CARTESIAN_POINT( '', ( -21.1745984264665, -0.299999999999996, -5.20000000000000 ) );
#7870 = VECTOR( '', #8987, 1000.00000000000 );
#7871 = CARTESIAN_POINT( '', ( -19.6000000000000, -1.87459842646651, -2.80000000000000 ) );
#7872 = CARTESIAN_POINT( '', ( -19.6000000000000, -1.87459842646651, -2.80000000000000 ) );
#7873 = VECTOR( '', #8988, 1000.00000000000 );
#7874 = CARTESIAN_POINT( '', ( -21.1745984264665, -0.299999999999996, -2.80000000000000 ) );
#7875 = VECTOR( '', #8989, 1000.00000000000 );
#7876 = COLOUR_RGB( '', 0.333333343267441, 0.600000023841858, 0.333333343267441 );
#7877 = CARTESIAN_POINT( '', ( -5.93459842646651, -0.299999999999995, -5.20000000000000 ) );
#7878 = CARTESIAN_POINT( '', ( -9.30540157353349, -0.299999999999995, -5.20000000000000 ) );
#7879 = VECTOR( '', #8990, 1000.00000000000 );
#7880 = CARTESIAN_POINT( '', ( -5.93459842646651, -0.299999999999996, -2.80000000000000 ) );
#7881 = CARTESIAN_POINT( '', ( -5.93459842646651, -0.299999999999996, -2.80000000000000 ) );
#7882 = VECTOR( '', #8991, 1000.00000000000 );
#7883 = CARTESIAN_POINT( '', ( -9.30540157353349, -0.299999999999995, -2.80000000000000 ) );
#7884 = VECTOR( '', #8992, 1000.00000000000 );
#7885 = COLOUR_RGB( '', 0.333333343267441, 0.600000023841858, 0.333333343267441 );
#7886 = CARTESIAN_POINT( '', ( 11.9800000000000, -2.95000000000000, -5.20000000000000 ) );
#7887 = CARTESIAN_POINT( '', ( 11.9800000000000, -1.87459842646651, -5.20000000000000 ) );
#7888 = CARTESIAN_POINT( '', ( 11.9800000000000, -2.95000000000000, -5.20000000000000 ) );
#7889 = VECTOR( '', #8993, 1000.00000000000 );
#7890 = CARTESIAN_POINT( '', ( 11.9800000000000, -1.87459842646651, -2.80000000000000 ) );
#7891 = CARTESIAN_POINT( '', ( 11.9800000000000, -1.87459842646651, -2.80000000000000 ) );
#7892 = VECTOR( '', #8994, 1000.00000000000 );
#7893 = CARTESIAN_POINT( '', ( 11.9800000000000, -2.95000000000000, -2.80000000000000 ) );
#7894 = CARTESIAN_POINT( '', ( 11.9800000000000, -2.95000000000000, -2.80000000000000 ) );
#7895 = VECTOR( '', #8995, 1000.00000000000 );
#7896 = CARTESIAN_POINT( '', ( 11.9800000000000, -2.95000000000000, -2.80000000000000 ) );
#7897 = VECTOR( '', #8996, 1000.00000000000 );
#7898 = COLOUR_RGB( '', 0.333333343267441, 0.600000023841858, 0.333333343267441 );
#7899 = CARTESIAN_POINT( '', ( -17.9008031470670, 1.77540157353350, -5.20000000000000 ) );
#7900 = CARTESIAN_POINT( '', ( -17.9008031470670, 1.77540157353350, -5.20000000000000 ) );
#7901 = VECTOR( '', #8997, 1000.00000000000 );
#7902 = CARTESIAN_POINT( '', ( -17.9008031470670, 1.77540157353350, -2.80000000000000 ) );
#7903 = CARTESIAN_POINT( '', ( -17.9008031470670, 1.77540157353350, -2.80000000000000 ) );
#7904 = VECTOR( '', #8998, 1000.00000000000 );
#7905 = CARTESIAN_POINT( '', ( -17.9008031470670, 1.77540157353350, -2.80000000000000 ) );
#7906 = VECTOR( '', #8999, 1000.00000000000 );
#7907 = COLOUR_RGB( '', 0.333333343267441, 0.600000023841858, 0.333333343267441 );
#7908 = CARTESIAN_POINT( '', ( -22.8600000000000, -4.05000000000000, -6.00000000000000 ) );
#7909 = VECTOR( '', #9000, 1000.00000000000 );
#7910 = COLOUR_RGB( '', 0.333333343267441, 0.600000023841858, 0.333333343267441 );
#7911 = CARTESIAN_POINT( '', ( 19.6500000000000, -2.95000000000000, 4.70000000000000 ) );
#7912 = CARTESIAN_POINT( '', ( 18.4500000000000, -2.95000000000000, 4.70000000000000 ) );
#7913 = CARTESIAN_POINT( '', ( 21.9500000000000, -2.95000000000000, 4.70000000000000 ) );
#7914 = VECTOR( '', #9001, 1000.00000000000 );
#7915 = CARTESIAN_POINT( '', ( 18.4500000000000, 43.5767907131480, 4.70000000000000 ) );
#7916 = VECTOR( '', #9002, 1000.00000000000 );
#7917 = CARTESIAN_POINT( '', ( 18.4500000000000, -4.45000000000000, 4.70000000000000 ) );
#7918 = VECTOR( '', #9003, 1000.00000000000 );
#7919 = CARTESIAN_POINT( '', ( 19.6500000000000, 43.5767907131480, 4.70000000000000 ) );
#7920 = VECTOR( '', #9004, 1000.00000000000 );
#7921 = COLOUR_RGB( '', 0.333333343267441, 0.600000023841858, 0.333333343267441 );
#7922 = CARTESIAN_POINT( '', ( 13.5545984264665, -0.299999999999995, -2.80000000000000 ) );
#7923 = CARTESIAN_POINT( '', ( 14.3300000000000, -0.300000000000000, -2.80000000000000 ) );
#7924 = VECTOR( '', #9005, 1000.00000000000 );
#7925 = CARTESIAN_POINT( '', ( 13.5545984264665, -0.299999999999995, -5.20000000000000 ) );
#7926 = CARTESIAN_POINT( '', ( 13.5545984264665, -0.299999999999995, -2.80000000000000 ) );
#7927 = VECTOR( '', #9006, 1000.00000000000 );
#7928 = CARTESIAN_POINT( '', ( 14.3300000000000, -0.300000000000000, -5.20000000000000 ) );
#7929 = VECTOR( '', #9007, 1000.00000000000 );
#7930 = COLOUR_RGB( '', 0.333333343267441, 0.600000023841858, 0.333333343267441 );
#7931 = CARTESIAN_POINT( '', ( -20.1991968529330, 3.02264434404465, -5.20000000000000 ) );
#7932 = VECTOR( '', #9008, 1000.00000000000 );
#7933 = CARTESIAN_POINT( '', ( -20.1991968529330, 3.02264434404465, -2.80000000000000 ) );
#7934 = VECTOR( '', #9009, 1000.00000000000 );
#7935 = COLOUR_RGB( '', 0.333333343267441, 0.600000023841858, 0.333333343267441 );
#7936 = CARTESIAN_POINT( '', ( -2.33500000000000, -2.65000000000000, -5.60000000000000 ) );
#7937 = VECTOR( '', #9010, 1000.00000000000 );
#7938 = COLOUR_RGB( '', 0.333333343267441, 0.600000023841858, 0.333333343267441 );
#7939 = CARTESIAN_POINT( '', ( -1.68540157353350, 0.800000000000000, -2.80000000000000 ) );
#7940 = CARTESIAN_POINT( '', ( -1.68540157353350, 0.800000000000000, -2.80000000000000 ) );
#7941 = VECTOR( '', #9011, 1000.00000000000 );
#7942 = CARTESIAN_POINT( '', ( 1.68540157353349, 0.800000000000000, -2.80000000000000 ) );
#7943 = CARTESIAN_POINT( '', ( 0.910000000000000, 0.800000000000000, -2.80000000000000 ) );
#7944 = VECTOR( '', #9012, 1000.00000000000 );
#7945 = CARTESIAN_POINT( '', ( 1.68540157353349, 0.800000000000000, -2.80000000000000 ) );
#7946 = VECTOR( '', #9013, 1000.00000000000 );
#7947 = COLOUR_RGB( '', 0.333333343267441, 0.600000023841858, 0.333333343267441 );
#7948 = CARTESIAN_POINT( '', ( 22.8600000000000, -4.45000000000000, 4.70000000000000 ) );
#7949 = VECTOR( '', #9014, 1000.00000000000 );
#7950 = COLOUR_RGB( '', 0.333333343267441, 0.600000023841858, 0.333333343267441 );
#7951 = CARTESIAN_POINT( '', ( 19.5500000000000, 0.750000000000000, -1.20000000000000 ) );
#7952 = CARTESIAN_POINT( '', ( 19.5500000000000, 0.750000000000000, -49.2267907131480 ) );
#7953 = VECTOR( '', #9015, 1000.00000000000 );
#7954 = CARTESIAN_POINT( '', ( 19.5500000000000, 3.65000000000000, -5.60000000000000 ) );
#7955 = CARTESIAN_POINT( '', ( 19.5500000000000, 3.65000000000000, -3.45000000000000 ) );
#7956 = VECTOR( '', #9016, 1000.00000000000 );
#7957 = CARTESIAN_POINT( '', ( 19.5500000000000, -0.249999999999997, -5.60000000000000 ) );
#7958 = CARTESIAN_POINT( '', ( 19.5500000000000, 0.750000000000000, -5.60000000000000 ) );
#7959 = VECTOR( '', #9017, 1000.00000000000 );
#7960 = CARTESIAN_POINT( '', ( 19.5500000000000, -0.249999999999997, -1.20000000000000 ) );
#7961 = CARTESIAN_POINT( '', ( 19.5500000000000, -0.249999999999997, -49.2267907131480 ) );
#7962 = VECTOR( '', #9018, 1000.00000000000 );
#7963 = CARTESIAN_POINT( '', ( 19.5500000000000, 0.750000000000000, -1.20000000000000 ) );
#7964 = VECTOR( '', #9019, 1000.00000000000 );
#7965 = COLOUR_RGB( '', 0.333333343267441, 0.600000023841858, 0.333333343267441 );
#7966 = CARTESIAN_POINT( '', ( -4.31000000000000, 0.750000000000000, -3.45000000000000 ) );
#7967 = CARTESIAN_POINT( '', ( -4.31000000000000, 0.750000000000000, -3.45000000000000 ) );
#7968 = VECTOR( '', #9020, 1000.00000000000 );
#7969 = CARTESIAN_POINT( '', ( -4.31000000000000, 3.65000000000000, -3.45000000000000 ) );
#7970 = CARTESIAN_POINT( '', ( -4.31000000000000, -0.249999999999997, -3.45000000000000 ) );
#7971 = VECTOR( '', #9021, 1000.00000000000 );
#7972 = CARTESIAN_POINT( '', ( -4.31000000000000, 3.65000000000000, -3.45000000000000 ) );
#7973 = VECTOR( '', #9022, 1000.00000000000 );
#7974 = COLOUR_RGB( '', 0.740392148494720, 0.778039216995239, 0.800000011920929 );
#7975 = CARTESIAN_POINT( '', ( -0.250000000000000, -0.500000000000000, 7.37500000000000 ) );
#7976 = VECTOR( '', #9023, 1000.00000000000 );
#7977 = COLOUR_RGB( '', 0.333333343267441, 0.600000023841858, 0.333333343267441 );
#7978 = CARTESIAN_POINT( '', ( -17.5750000000000, 3.65000000000000, -5.60000000000000 ) );
#7979 = CARTESIAN_POINT( '', ( -17.5750000000000, 3.65000000000000, -5.60000000000000 ) );
#7980 = VECTOR( '', #9024, 1000.00000000000 );
#7981 = CARTESIAN_POINT( '', ( -17.5750000000000, -2.65000000000000, -5.60000000000000 ) );
#7982 = CARTESIAN_POINT( '', ( -17.5750000000000, -2.65000000000000, -5.60000000000000 ) );
#7983 = VECTOR( '', #9025, 1000.00000000000 );
#7984 = CARTESIAN_POINT( '', ( -17.5750000000000, -2.65000000000000, -5.60000000000000 ) );
#7985 = VECTOR( '', #9026, 1000.00000000000 );
#7986 = CARTESIAN_POINT( '', ( -17.5750000000000, 3.65000000000000, -5.60000000000000 ) );
#7987 = VECTOR( '', #9027, 1000.00000000000 );
#7988 = COLOUR_RGB( '', 0.333333343267441, 0.600000023841858, 0.333333343267441 );
#7989 = CARTESIAN_POINT( '', ( -21.9500000000000, 0.800000000000000, -2.80000000000000 ) );
#7990 = VECTOR( '', #9028, 1000.00000000000 );
#7991 = CARTESIAN_POINT( '', ( -21.9500000000000, 2.35000000000000, -5.20000000000000 ) );
#7992 = VECTOR( '', #9029, 1000.00000000000 );
#7993 = CARTESIAN_POINT( '', ( -21.9500000000000, -2.95000000000000, -5.20000000000000 ) );
#7994 = CARTESIAN_POINT( '', ( -21.9500000000000, -2.95000000000000, -5.20000000000000 ) );
#7995 = VECTOR( '', #9030, 1000.00000000000 );
#7996 = CARTESIAN_POINT( '', ( -21.9500000000000, 2.35000000000000, -5.20000000000000 ) );
#7997 = VECTOR( '', #9031, 1000.00000000000 );
#7998 = COLOUR_RGB( '', 0.333333343267441, 0.600000023841858, 0.333333343267441 );
#7999 = CARTESIAN_POINT( '', ( 18.5500000000000, -0.249999999999997, -1.20000000000000 ) );
#8000 = CARTESIAN_POINT( '', ( 19.5500000000000, -0.249999999999997, -1.20000000000000 ) );
#8001 = VECTOR( '', #9032, 1000.00000000000 );
#8002 = CARTESIAN_POINT( '', ( 18.5500000000000, -0.249999999999997, -5.60000000000000 ) );
#8003 = CARTESIAN_POINT( '', ( 19.5500000000000, -0.249999999999997, -5.60000000000000 ) );
#8004 = VECTOR( '', #9033, 1000.00000000000 );
#8005 = CARTESIAN_POINT( '', ( 18.5500000000000, -0.249999999999997, -49.2267907131480 ) );
#8006 = VECTOR( '', #9034, 1000.00000000000 );
#8007 = COLOUR_RGB( '', 0.333333343267441, 0.600000023841858, 0.333333343267441 );
#8008 = CARTESIAN_POINT( '', ( -18.5000000000000, -2.95000000000000, -5.20000000000000 ) );
#8009 = CARTESIAN_POINT( '', ( -18.5000000000000, -2.95000000000000, -5.20000000000000 ) );
#8010 = VECTOR( '', #9035, 1000.00000000000 );
#8011 = CARTESIAN_POINT( '', ( -18.5000000000000, -2.95000000000000, -2.80000000000000 ) );
#8012 = CARTESIAN_POINT( '', ( -18.5000000000000, -2.95000000000000, -2.80000000000000 ) );
#8013 = VECTOR( '', #9036, 1000.00000000000 );
#8014 = CARTESIAN_POINT( '', ( -18.5000000000000, -2.95000000000000, -2.80000000000000 ) );
#8015 = VECTOR( '', #9037, 1000.00000000000 );
#8016 = COLOUR_RGB( '', 0.333333343267441, 0.600000023841858, 0.333333343267441 );
#8017 = COLOUR_RGB( '', 0.333333343267441, 0.600000023841858, 0.333333343267441 );
#8018 = CARTESIAN_POINT( '', ( -3.26000000000000, -1.87459842646651, -5.20000000000000 ) );
#8019 = CARTESIAN_POINT( '', ( -3.26000000000000, -1.87459842646651, -5.20000000000000 ) );
#8020 = VECTOR( '', #9038, 1000.00000000000 );
#8021 = CARTESIAN_POINT( '', ( -3.26000000000000, -1.87459842646651, -2.80000000000000 ) );
#8022 = CARTESIAN_POINT( '', ( -3.26000000000000, -1.87459842646651, -2.80000000000000 ) );
#8023 = VECTOR( '', #9039, 1000.00000000000 );
#8024 = CARTESIAN_POINT( '', ( -3.26000000000000, -1.87459842646651, -2.80000000000000 ) );
#8025 = VECTOR( '', #9040, 1000.00000000000 );
#8026 = COLOUR_RGB( '', 0.333333343267441, 0.600000023841858, 0.333333343267441 );
#8027 = CARTESIAN_POINT( '', ( -4.41000000000000, -2.95000000000000, 4.70000000000000 ) );
#8028 = CARTESIAN_POINT( '', ( -14.3300000000000, -2.95000000000000, 4.70000000000000 ) );
#8029 = VECTOR( '', #9041, 1000.00000000000 );
#8030 = CARTESIAN_POINT( '', ( -4.41000000000000, 43.5767907131480, 4.70000000000000 ) );
#8031 = VECTOR( '', #9042, 1000.00000000000 );
#8032 = CARTESIAN_POINT( '', ( -4.41000000000000, -4.45000000000000, 4.70000000000000 ) );
#8033 = VECTOR( '', #9043, 1000.00000000000 );
#8034 = COLOUR_RGB( '', 0.333333343267441, 0.600000023841858, 0.333333343267441 );
#8035 = CARTESIAN_POINT( '', ( -16.9254015735335, 0.800000000000000, -5.20000000000000 ) );
#8036 = CARTESIAN_POINT( '', ( -16.9254015735335, 0.800000000000000, -5.20000000000000 ) );
#8037 = VECTOR( '', #9044, 1000.00000000000 );
#8038 = CARTESIAN_POINT( '', ( -16.9254015735335, 0.800000000000000, -2.80000000000000 ) );
#8039 = CARTESIAN_POINT( '', ( -16.9254015735335, 0.800000000000000, -2.80000000000000 ) );
#8040 = VECTOR( '', #9045, 1000.00000000000 );
#8041 = CARTESIAN_POINT( '', ( -16.9254015735335, 0.800000000000000, -2.80000000000000 ) );
#8042 = VECTOR( '', #9046, 1000.00000000000 );
#8043 = COLOUR_RGB( '', 0.333333343267441, 0.600000023841858, 0.333333343267441 );
#8044 = CARTESIAN_POINT( '', ( 19.6000000000000, -2.95000000000000, -5.20000000000000 ) );
#8045 = CARTESIAN_POINT( '', ( 19.6000000000000, -1.87459842646651, -5.20000000000000 ) );
#8046 = CARTESIAN_POINT( '', ( 19.6000000000000, -2.95000000000000, -5.20000000000000 ) );
#8047 = VECTOR( '', #9047, 1000.00000000000 );
#8048 = CARTESIAN_POINT( '', ( 21.9500000000000, -2.95000000000000, -5.20000000000000 ) );
#8049 = VECTOR( '', #9048, 1000.00000000000 );
#8050 = CARTESIAN_POINT( '', ( 21.1745984264665, -0.299999999999996, -5.20000000000000 ) );
#8051 = CARTESIAN_POINT( '', ( 21.1745984264665, -0.299999999999996, -5.20000000000000 ) );
#8052 = VECTOR( '', #9049, 1000.00000000000 );
#8053 = CARTESIAN_POINT( '', ( 19.6000000000000, -1.87459842646651, -5.20000000000000 ) );
#8054 = VECTOR( '', #9050, 1000.00000000000 );
#8055 = COLOUR_RGB( '', 0.333333343267441, 0.600000023841858, 0.333333343267441 );
#8056 = CARTESIAN_POINT( '', ( -3.26000000000000, -2.95000000000000, -5.20000000000000 ) );
#8057 = CARTESIAN_POINT( '', ( -3.26000000000000, -2.95000000000000, -5.20000000000000 ) );
#8058 = VECTOR( '', #9051, 1000.00000000000 );
#8059 = CARTESIAN_POINT( '', ( -3.26000000000000, -2.95000000000000, -2.80000000000000 ) );
#8060 = CARTESIAN_POINT( '', ( -3.26000000000000, -2.95000000000000, -2.80000000000000 ) );
#8061 = VECTOR( '', #9052, 1000.00000000000 );
#8062 = CARTESIAN_POINT( '', ( -3.26000000000000, -2.95000000000000, -2.80000000000000 ) );
#8063 = VECTOR( '', #9053, 1000.00000000000 );
#8064 = COLOUR_RGB( '', 0.333333343267441, 0.600000023841858, 0.333333343267441 );
#8065 = CARTESIAN_POINT( '', ( -5.93459842646651, -0.299999999999996, -5.20000000000000 ) );
#8066 = VECTOR( '', #9054, 1000.00000000000 );
#8067 = CARTESIAN_POINT( '', ( -5.93459842646651, -0.299999999999996, -2.80000000000000 ) );
#8068 = VECTOR( '', #9055, 1000.00000000000 );
#8069 = COLOUR_RGB( '', 0.333333343267441, 0.600000023841858, 0.333333343267441 );
#8070 = CARTESIAN_POINT( '', ( 18.1250000000000, -2.95000000000000, 6.00000000000000 ) );
#8071 = CARTESIAN_POINT( '', ( 20.9852941176471, -2.95000000000000, -5.44117647058824 ) );
#8072 = VECTOR( '', #9056, 1000.00000000000 );
#8073 = CARTESIAN_POINT( '', ( 18.1250000000000, 43.5767907131480, 6.00000000000000 ) );
#8074 = VECTOR( '', #9057, 1000.00000000000 );
#8075 = COLOUR_RGB( '', 0.333333343267441, 0.600000023841858, 0.333333343267441 );
#8076 = CARTESIAN_POINT( '', ( 19.6000000000000, -1.87459842646651, -2.80000000000000 ) );
#8077 = CARTESIAN_POINT( '', ( 19.6000000000000, -1.87459842646651, -2.80000000000000 ) );
#8078 = VECTOR( '', #9058, 1000.00000000000 );
#8079 = CARTESIAN_POINT( '', ( 19.6000000000000, -2.95000000000000, -2.80000000000000 ) );
#8080 = CARTESIAN_POINT( '', ( 19.6000000000000, -2.95000000000000, -2.80000000000000 ) );
#8081 = VECTOR( '', #9059, 1000.00000000000 );
#8082 = CARTESIAN_POINT( '', ( 19.6000000000000, -2.95000000000000, -2.80000000000000 ) );
#8083 = VECTOR( '', #9060, 1000.00000000000 );
#8084 = COLOUR_RGB( '', 0.333333343267441, 0.600000023841858, 0.333333343267441 );
#8085 = CARTESIAN_POINT( '', ( 13.5545984264665, 0.800000000000000, -2.80000000000000 ) );
#8086 = CARTESIAN_POINT( '', ( 13.5545984264665, 0.800000000000000, -2.80000000000000 ) );
#8087 = VECTOR( '', #9061, 1000.00000000000 );
#8088 = CARTESIAN_POINT( '', ( 13.5545984264665, 0.800000000000000, -2.80000000000000 ) );
#8089 = VECTOR( '', #9062, 1000.00000000000 );
#8090 = COLOUR_RGB( '', 0.333333343267441, 0.600000023841858, 0.333333343267441 );
#8091 = CARTESIAN_POINT( '', ( -10.8300000000000, -2.95000000000000, 4.70000000000000 ) );
#8092 = CARTESIAN_POINT( '', ( -13.3652941176470, -2.95000000000000, -5.44117647058824 ) );
#8093 = VECTOR( '', #9063, 1000.00000000000 );
#8094 = CARTESIAN_POINT( '', ( -10.8300000000000, 43.5767907131480, 4.70000000000000 ) );
#8095 = VECTOR( '', #9064, 1000.00000000000 );
#8096 = COLOUR_RGB( '', 0.333333343267441, 0.600000023841858, 0.333333343267441 );
#8097 = CARTESIAN_POINT( '', ( -22.8600000000000, -4.45000000000000, 3.00000000000000 ) );
#8098 = VECTOR( '', #9065, 1000.00000000000 );
#8099 = CARTESIAN_POINT( '', ( 10.8300000000000, -4.45000000000000, 4.70000000000000 ) );
#8100 = VECTOR( '', #9066, 1000.00000000000 );
#8101 = CARTESIAN_POINT( '', ( 22.8600000000000, -4.45000000000000, 4.70000000000000 ) );
#8102 = VECTOR( '', #9067, 1000.00000000000 );
#8103 = CARTESIAN_POINT( '', ( 22.8600000000000, -4.45000000000000, 4.70000000000000 ) );
#8104 = VECTOR( '', #9068, 1000.00000000000 );
#8105 = CARTESIAN_POINT( '', ( -12.0300000000000, -4.45000000000000, 4.70000000000000 ) );
#8106 = VECTOR( '', #9069, 1000.00000000000 );
#8107 = COLOUR_RGB( '', 0.333333343267441, 0.600000023841858, 0.333333343267441 );
#8108 = CARTESIAN_POINT( '', ( 21.2000000000000, 2.35000000000000, -5.20000000000000 ) );
#8109 = CARTESIAN_POINT( '', ( 21.2000000000000, 2.35000000000000, -5.20000000000000 ) );
#8110 = VECTOR( '', #9070, 1000.00000000000 );
#8111 = CARTESIAN_POINT( '', ( 20.1991968529330, 3.02264434404465, -2.80000000000000 ) );
#8112 = AXIS2_PLACEMENT_3D( '', #9071, #9072, #9073 );
#8113 = CARTESIAN_POINT( '', ( 20.1991968529330, 3.02264434404465, -5.20000000000000 ) );
#8114 = CARTESIAN_POINT( '', ( 20.1991968529330, 3.02264434404465, -2.80000000000000 ) );
#8115 = VECTOR( '', #9074, 1000.00000000000 );
#8116 = AXIS2_PLACEMENT_3D( '', #9075, #9076, #9077 );
#8117 = COLOUR_RGB( '', 0.333333343267441, 0.600000023841858, 0.333333343267441 );
#8118 = CARTESIAN_POINT( '', ( 18.5500000000000, 0.750000000000000, -1.20000000000000 ) );
#8119 = CARTESIAN_POINT( '', ( 18.5500000000000, 0.750000000000000, -1.20000000000000 ) );
#8120 = VECTOR( '', #9078, 1000.00000000000 );
#8121 = CARTESIAN_POINT( '', ( 18.5500000000000, 0.750000000000000, -49.2267907131480 ) );
#8122 = VECTOR( '', #9079, 1000.00000000000 );
#8123 = COLOUR_RGB( '', 0.333333343267441, 0.600000023841858, 0.333333343267441 );
#8124 = AXIS2_PLACEMENT_3D( '', #9080, #9081, #9082 );
#8125 = CARTESIAN_POINT( '', ( -13.5545984264665, 0.800000000000000, -5.20000000000000 ) );
#8126 = CARTESIAN_POINT( '', ( -14.3300000000000, 0.800000000000000, -5.20000000000000 ) );
#8127 = VECTOR( '', #9083, 1000.00000000000 );
#8128 = CARTESIAN_POINT( '', ( -12.5791968529330, 1.77540157353349, -5.20000000000000 ) );
#8129 = VECTOR( '', #9084, 1000.00000000000 );
#8130 = COLOUR_RGB( '', 0.333333343267441, 0.600000023841858, 0.333333343267441 );
#8131 = CARTESIAN_POINT( '', ( 5.96000000000000, 2.35000000000000, -5.20000000000000 ) );
#8132 = VECTOR( '', #9085, 1000.00000000000 );
#8133 = COLOUR_RGB( '', 0.333333343267441, 0.600000023841858, 0.333333343267441 );
#8134 = CARTESIAN_POINT( '', ( -17.5750000000000, -2.65000000000000, -6.00000000000000 ) );
#8135 = VECTOR( '', #9086, 1000.00000000000 );
#8136 = CARTESIAN_POINT( '', ( -17.5750000000000, 3.65000000000000, -6.00000000000000 ) );
#8137 = VECTOR( '', #9087, 1000.00000000000 );
#8138 = COLOUR_RGB( '', 0.333333343267441, 0.600000023841858, 0.333333343267441 );
#8139 = CARTESIAN_POINT( '', ( -14.3300000000000, -2.95000000000000, 6.00000000000000 ) );
#8140 = VECTOR( '', #9088, 1000.00000000000 );
#8141 = COLOUR_RGB( '', 0.333333343267441, 0.600000023841858, 0.333333343267441 );
#8142 = CARTESIAN_POINT( '', ( 16.9254015735335, 0.800000000000000, -2.80000000000000 ) );
#8143 = VECTOR( '', #9089, 1000.00000000000 );
#8144 = COLOUR_RGB( '', 0.333333343267441, 0.600000023841858, 0.333333343267441 );
#8145 = CARTESIAN_POINT( '', ( -19.9500000000000, 0.250000000000004, -1.20000000000000 ) );
#8146 = AXIS2_PLACEMENT_3D( '', #9090, #9091, #9092 );
#8147 = CARTESIAN_POINT( '', ( -19.5500000000000, 0.750000000000000, -1.20000000000000 ) );
#8148 = VECTOR( '', #9093, 1000.00000000000 );
#8149 = COLOUR_RGB( '', 0.333333343267441, 0.600000023841858, 0.333333343267441 );
#8150 = CARTESIAN_POINT( '', ( -11.9800000000000, -2.95000000000000, -5.20000000000000 ) );
#8151 = CARTESIAN_POINT( '', ( -11.9800000000000, -1.87459842646651, -5.20000000000000 ) );
#8152 = VECTOR( '', #9094, 1000.00000000000 );
#8153 = CARTESIAN_POINT( '', ( -11.9800000000000, -2.95000000000000, -2.80000000000000 ) );
#8154 = CARTESIAN_POINT( '', ( -11.9800000000000, -2.95000000000000, -2.80000000000000 ) );
#8155 = VECTOR( '', #9095, 1000.00000000000 );
#8156 = CARTESIAN_POINT( '', ( -11.9800000000000, -1.87459842646651, -2.80000000000000 ) );
#8157 = VECTOR( '', #9096, 1000.00000000000 );
#8158 = COLOUR_RGB( '', 0.333333343267441, 0.600000023841858, 0.333333343267441 );
#8159 = CARTESIAN_POINT( '', ( -4.31000000000000, -0.249999999999997, -1.20000000000000 ) );
#8160 = CARTESIAN_POINT( '', ( -4.31000000000000, 0.750000000000000, -1.20000000000000 ) );
#8161 = CARTESIAN_POINT( '', ( -4.31000000000000, -0.249999999999997, -1.20000000000000 ) );
#8162 = VECTOR( '', #9097, 1000.00000000000 );
#8163 = CARTESIAN_POINT( '', ( -4.31000000000000, -0.249999999999997, -5.60000000000000 ) );
#8164 = CARTESIAN_POINT( '', ( -4.31000000000000, -0.249999999999997, -49.2267907131480 ) );
#8165 = VECTOR( '', #9098, 1000.00000000000 );
#8166 = CARTESIAN_POINT( '', ( -4.31000000000000, 3.65000000000000, -5.60000000000000 ) );
#8167 = CARTESIAN_POINT( '', ( -4.31000000000000, -0.249999999999997, -5.60000000000000 ) );
#8168 = VECTOR( '', #9099, 1000.00000000000 );
#8169 = CARTESIAN_POINT( '', ( -4.31000000000000, 3.65000000000000, -5.60000000000000 ) );
#8170 = VECTOR( '', #9100, 1000.00000000000 );
#8171 = CARTESIAN_POINT( '', ( -4.31000000000000, 0.750000000000000, -49.2267907131480 ) );
#8172 = VECTOR( '', #9101, 1000.00000000000 );
#8173 = COLOUR_RGB( '', 0.333333343267441, 0.600000023841858, 0.333333343267441 );
#8174 = CARTESIAN_POINT( '', ( 4.31000000000000, -0.249999999999997, -5.60000000000000 ) );
#8175 = CARTESIAN_POINT( '', ( 4.31000000000000, 0.750000000000000, -5.60000000000000 ) );
#8176 = VECTOR( '', #9102, 1000.00000000000 );
#8177 = CARTESIAN_POINT( '', ( 4.31000000000000, -0.249999999999997, -1.20000000000000 ) );
#8178 = CARTESIAN_POINT( '', ( 4.31000000000000, -0.249999999999997, -49.2267907131480 ) );
#8179 = VECTOR( '', #9103, 1000.00000000000 );
#8180 = CARTESIAN_POINT( '', ( 4.31000000000000, 0.750000000000000, -1.20000000000000 ) );
#8181 = VECTOR( '', #9104, 1000.00000000000 );
#8182 = COLOUR_RGB( '', 0.333333343267441, 0.600000023841858, 0.333333343267441 );
#8183 = CARTESIAN_POINT( '', ( -2.41000000000000, 0.250000000000004, -2.80000000000000 ) );
#8184 = AXIS2_PLACEMENT_3D( '', #9105, #9106, #9107 );
#8185 = COLOUR_RGB( '', 0.333333343267441, 0.600000023841858, 0.333333343267441 );
#8186 = CARTESIAN_POINT( '', ( 18.5500000000000, 3.65000000000000, -5.60000000000000 ) );
#8187 = CARTESIAN_POINT( '', ( 18.5500000000000, 3.65000000000000, -5.60000000000000 ) );
#8188 = VECTOR( '', #9108, 1000.00000000000 );
#8189 = CARTESIAN_POINT( '', ( 20.5250000000000, 3.65000000000000, -5.60000000000000 ) );
#8190 = VECTOR( '', #9109, 1000.00000000000 );
#8191 = CARTESIAN_POINT( '', ( 20.5250000000000, 3.65000000000000, -2.60000000000000 ) );
#8192 = VECTOR( '', #9110, 1000.00000000000 );
#8193 = CARTESIAN_POINT( '', ( 20.5250000000000, 3.65000000000000, -5.60000000000000 ) );
#8194 = VECTOR( '', #9111, 1000.00000000000 );
#8195 = COLOUR_RGB( '', 0.333333343267441, 0.600000023841858, 0.333333343267441 );
#8196 = CARTESIAN_POINT( '', ( 5.40650047938638, -3.22353787152446, 8.68600191754552 ) );
#8197 = VECTOR( '', #9112, 1000.00000000000 );
#8198 = COLOUR_RGB( '', 0.333333343267441, 0.600000023841858, 0.333333343267441 );
#8199 = CARTESIAN_POINT( '', ( -19.5500000000000, 0.750000000000000, -3.45000000000000 ) );
#8200 = VECTOR( '', #9113, 1000.00000000000 );
#8201 = COLOUR_RGB( '', 0.333333343267441, 0.600000023841858, 0.333333343267441 );
#8202 = CARTESIAN_POINT( '', ( 2.66080314706699, 1.77540157353349, -2.80000000000000 ) );
#8203 = VECTOR( '', #9114, 1000.00000000000 );
#8204 = COLOUR_RGB( '', 0.333333343267441, 0.600000023841858, 0.333333343267441 );
#8205 = CARTESIAN_POINT( '', ( 12.9050000000000, 3.65000000000000, -5.60000000000000 ) );
#8206 = VECTOR( '', #9115, 1000.00000000000 );
#8207 = CARTESIAN_POINT( '', ( 12.9050000000000, -2.65000000000000, -5.60000000000000 ) );
#8208 = VECTOR( '', #9116, 1000.00000000000 );
#8209 = CARTESIAN_POINT( '', ( 12.9050000000000, 3.65000000000000, -5.60000000000000 ) );
#8210 = VECTOR( '', #9117, 1000.00000000000 );
#8211 = COLOUR_RGB( '', 0.333333343267441, 0.600000023841858, 0.333333343267441 );
#8212 = CARTESIAN_POINT( '', ( -4.31000000000000, 0.750000000000000, -1.20000000000000 ) );
#8213 = VECTOR( '', #9118, 1000.00000000000 );
#8214 = CARTESIAN_POINT( '', ( -3.31000000000000, -0.249999999999997, -1.20000000000000 ) );
#8215 = VECTOR( '', #9119, 1000.00000000000 );
#8216 = COLOUR_RGB( '', 0.333333343267441, 0.600000023841858, 0.333333343267441 );
#8217 = CARTESIAN_POINT( '', ( 21.1745984264665, -0.299999999999996, -2.80000000000000 ) );
#8218 = CARTESIAN_POINT( '', ( 21.1745984264665, -0.299999999999996, -2.80000000000000 ) );
#8219 = VECTOR( '', #9120, 1000.00000000000 );
#8220 = CARTESIAN_POINT( '', ( 21.1745984264665, -0.299999999999996, -2.80000000000000 ) );
#8221 = VECTOR( '', #9121, 1000.00000000000 );
#8222 = COLOUR_RGB( '', 0.333333343267441, 0.600000023841858, 0.333333343267441 );
#8223 = COLOUR_RGB( '', 0.333333343267441, 0.600000023841858, 0.333333343267441 );
#8224 = CARTESIAN_POINT( '', ( 3.26000000000000, -2.95000000000000, -5.20000000000000 ) );
#8225 = CARTESIAN_POINT( '', ( 3.26000000000000, -1.87459842646651, -5.20000000000000 ) );
#8226 = VECTOR( '', #9122, 1000.00000000000 );
#8227 = CARTESIAN_POINT( '', ( 3.26000000000000, -2.95000000000000, -2.80000000000000 ) );
#8228 = CARTESIAN_POINT( '', ( 3.26000000000000, -2.95000000000000, -2.80000000000000 ) );
#8229 = VECTOR( '', #9123, 1000.00000000000 );
#8230 = CARTESIAN_POINT( '', ( 3.26000000000000, -1.87459842646651, -2.80000000000000 ) );
#8231 = VECTOR( '', #9124, 1000.00000000000 );
#8232 = COLOUR_RGB( '', 0.333333343267441, 0.600000023841858, 0.333333343267441 );
#8233 = CARTESIAN_POINT( '', ( -14.3300000000000, -2.95000000000000, 4.70000000000000 ) );
#8234 = VECTOR( '', #9125, 1000.00000000000 );
#8235 = CARTESIAN_POINT( '', ( 17.4558823529412, -2.95000000000000, -4.07647058823530 ) );
#8236 = VECTOR( '', #9126, 1000.00000000000 );
#8237 = CARTESIAN_POINT( '', ( 18.5000000000000, -2.95000000000000, -2.80000000000000 ) );
#8238 = CARTESIAN_POINT( '', ( 18.5000000000000, -2.95000000000000, -2.80000000000000 ) );
#8239 = VECTOR( '', #9127, 1000.00000000000 );
#8240 = CARTESIAN_POINT( '', ( 18.5000000000000, -2.95000000000000, -5.20000000000000 ) );
#8241 = CARTESIAN_POINT( '', ( 18.5000000000000, -2.95000000000000, -2.80000000000000 ) );
#8242 = VECTOR( '', #9128, 1000.00000000000 );
#8243 = CARTESIAN_POINT( '', ( -14.3300000000000, -2.95000000000000, -5.20000000000000 ) );
#8244 = VECTOR( '', #9129, 1000.00000000000 );
#8245 = CARTESIAN_POINT( '', ( 10.8800000000000, -2.95000000000000, -2.80000000000000 ) );
#8246 = VECTOR( '', #9130, 1000.00000000000 );
#8247 = CARTESIAN_POINT( '', ( -14.3300000000000, -2.95000000000000, -5.20000000000000 ) );
#8248 = VECTOR( '', #9131, 1000.00000000000 );
#8249 = CARTESIAN_POINT( '', ( 3.26000000000000, -2.95000000000000, -2.80000000000000 ) );
#8250 = VECTOR( '', #9132, 1000.00000000000 );
#8251 = CARTESIAN_POINT( '', ( -14.3300000000000, -2.95000000000000, -5.20000000000000 ) );
#8252 = VECTOR( '', #9133, 1000.00000000000 );
#8253 = CARTESIAN_POINT( '', ( -4.36000000000000, -2.95000000000000, -2.80000000000000 ) );
#8254 = VECTOR( '', #9134, 1000.00000000000 );
#8255 = CARTESIAN_POINT( '', ( -14.3300000000000, -2.95000000000000, -5.20000000000000 ) );
#8256 = VECTOR( '', #9135, 1000.00000000000 );
#8257 = CARTESIAN_POINT( '', ( -11.9800000000000, -2.95000000000000, -2.80000000000000 ) );
#8258 = VECTOR( '', #9136, 1000.00000000000 );
#8259 = CARTESIAN_POINT( '', ( -14.3300000000000, -2.95000000000000, -5.20000000000000 ) );
#8260 = VECTOR( '', #9137, 1000.00000000000 );
#8261 = CARTESIAN_POINT( '', ( -19.6000000000000, -2.95000000000000, -2.80000000000000 ) );
#8262 = CARTESIAN_POINT( '', ( -19.6000000000000, -2.95000000000000, -2.80000000000000 ) );
#8263 = VECTOR( '', #9138, 1000.00000000000 );
#8264 = CARTESIAN_POINT( '', ( -19.6000000000000, -2.95000000000000, -5.20000000000000 ) );
#8265 = CARTESIAN_POINT( '', ( -19.6000000000000, -2.95000000000000, -2.80000000000000 ) );
#8266 = VECTOR( '', #9139, 1000.00000000000 );
#8267 = CARTESIAN_POINT( '', ( -14.3300000000000, -2.95000000000000, -5.20000000000000 ) );
#8268 = VECTOR( '', #9140, 1000.00000000000 );
#8269 = CARTESIAN_POINT( '', ( -17.0076470588236, -2.95000000000000, -5.86941176470588 ) );
#8270 = VECTOR( '', #9141, 1000.00000000000 );
#8271 = CARTESIAN_POINT( '', ( -14.3300000000000, -2.95000000000000, 4.70000000000000 ) );
#8272 = VECTOR( '', #9142, 1000.00000000000 );
#8273 = CARTESIAN_POINT( '', ( -2.66411764705883, -2.95000000000000, -2.28352941176472 ) );
#8274 = VECTOR( '', #9143, 1000.00000000000 );
#8275 = CARTESIAN_POINT( '', ( 0.978235294117667, -2.95000000000000, -9.02705882352940 ) );
#8276 = VECTOR( '', #9144, 1000.00000000000 );
#8277 = COLOUR_RGB( '', 0.333333343267441, 0.600000023841858, 0.333333343267441 );
#8278 = CARTESIAN_POINT( '', ( -9.30540157353349, 0.800000000000000, -5.20000000000000 ) );
#8279 = CARTESIAN_POINT( '', ( -9.30540157353349, 0.800000000000000, -5.20000000000000 ) );
#8280 = VECTOR( '', #9145, 1000.00000000000 );
#8281 = CARTESIAN_POINT( '', ( -9.30540157353349, 0.800000000000000, -2.80000000000000 ) );
#8282 = CARTESIAN_POINT( '', ( -9.30540157353349, 0.800000000000000, -2.80000000000000 ) );
#8283 = VECTOR( '', #9146, 1000.00000000000 );
#8284 = CARTESIAN_POINT( '', ( -9.30540157353349, 0.800000000000000, -2.80000000000000 ) );
#8285 = VECTOR( '', #9147, 1000.00000000000 );
#8286 = COLOUR_RGB( '', 0.333333343267441, 0.600000023841858, 0.333333343267441 );
#8287 = CARTESIAN_POINT( '', ( 10.9300000000000, 0.750000000000000, -1.20000000000000 ) );
#8288 = VECTOR( '', #9148, 1000.00000000000 );
#8289 = COLOUR_RGB( '', 0.333333343267441, 0.600000023841858, 0.333333343267441 );
#8290 = CARTESIAN_POINT( '', ( 2.91000000000000, 0.250000000000004, -1.20000000000000 ) );
#8291 = AXIS2_PLACEMENT_3D( '', #9149, #9150, #9151 );
#8292 = CARTESIAN_POINT( '', ( 2.41000000000000, 0.250000000000004, -1.70000000000000 ) );
#8293 = AXIS2_PLACEMENT_3D( '', #9152, #9153, #9154 );
#8294 = COLOUR_RGB( '', 0.333333343267441, 0.600000023841858, 0.333333343267441 );
#8295 = CARTESIAN_POINT( '', ( 4.95919685293302, 3.02264434404465, -2.80000000000000 ) );
#8296 = CARTESIAN_POINT( '', ( 4.95919685293302, 3.02264434404465, -2.80000000000000 ) );
#8297 = VECTOR( '', #9155, 1000.00000000000 );
#8298 = CARTESIAN_POINT( '', ( 4.95919685293301, 1.77540157353350, -2.80000000000000 ) );
#8299 = CARTESIAN_POINT( '', ( 4.95919685293301, 1.77540157353350, -2.80000000000000 ) );
#8300 = VECTOR( '', #9156, 1000.00000000000 );
#8301 = CARTESIAN_POINT( '', ( 4.95919685293301, 1.77540157353350, -2.80000000000000 ) );
#8302 = VECTOR( '', #9157, 1000.00000000000 );
#8303 = COLOUR_RGB( '', 0.333333343267441, 0.600000023841858, 0.333333343267441 );
#8304 = CARTESIAN_POINT( '', ( 20.1991968529330, 1.77540157353349, -5.20000000000000 ) );
#8305 = VECTOR( '', #9158, 1000.00000000000 );
#8306 = CARTESIAN_POINT( '', ( 20.1991968529330, 1.77540157353349, -2.80000000000000 ) );
#8307 = VECTOR( '', #9159, 1000.00000000000 );
#8308 = COLOUR_RGB( '', 0.333333343267441, 0.600000023841858, 0.333333343267441 );
#8309 = COLOUR_RGB( '', 0.333333343267441, 0.600000023841858, 0.333333343267441 );
#8310 = CARTESIAN_POINT( '', ( -13.5545984264665, 0.800000000000000, -2.80000000000000 ) );
#8311 = CARTESIAN_POINT( '', ( -14.3300000000000, 0.800000000000000, -2.80000000000000 ) );
#8312 = VECTOR( '', #9160, 1000.00000000000 );
#8313 = CARTESIAN_POINT( '', ( -13.5545984264665, 0.800000000000000, -2.80000000000000 ) );
#8314 = VECTOR( '', #9161, 1000.00000000000 );
#8315 = COLOUR_RGB( '', 0.333333343267441, 0.600000023841858, 0.333333343267441 );
#8316 = CARTESIAN_POINT( '', ( 4.31000000000000, -0.249999999999997, -1.20000000000000 ) );
#8317 = VECTOR( '', #9162, 1000.00000000000 );
#8318 = CARTESIAN_POINT( '', ( 4.31000000000000, -0.249999999999997, -5.60000000000000 ) );
#8319 = VECTOR( '', #9163, 1000.00000000000 );
#8320 = COLOUR_RGB( '', 0.333333343267441, 0.600000023841858, 0.333333343267441 );
#8321 = CARTESIAN_POINT( '', ( -19.6000000000000, -1.87459842646651, -5.20000000000000 ) );
#8322 = VECTOR( '', #9164, 1000.00000000000 );
#8323 = COLOUR_RGB( '', 0.333333343267441, 0.600000023841858, 0.333333343267441 );
#8324 = CARTESIAN_POINT( '', ( 10.2808031470670, 3.02264434404465, -2.80000000000000 ) );
#8325 = VECTOR( '', #9165, 1000.00000000000 );
#8326 = COLOUR_RGB( '', 0.333333343267441, 0.600000023841858, 0.333333343267441 );
#8327 = CARTESIAN_POINT( '', ( 9.30540157353349, -0.299999999999996, -5.20000000000000 ) );
#8328 = CARTESIAN_POINT( '', ( 9.30540157353349, -0.299999999999996, -5.20000000000000 ) );
#8329 = VECTOR( '', #9166, 1000.00000000000 );
#8330 = CARTESIAN_POINT( '', ( 9.30540157353349, -0.299999999999996, -2.80000000000000 ) );
#8331 = CARTESIAN_POINT( '', ( 9.30540157353349, -0.299999999999996, -2.80000000000000 ) );
#8332 = VECTOR( '', #9167, 1000.00000000000 );
#8333 = CARTESIAN_POINT( '', ( 9.30540157353349, -0.299999999999996, -2.80000000000000 ) );
#8334 = VECTOR( '', #9168, 1000.00000000000 );
#8335 = COLOUR_RGB( '', 0.740392148494720, 0.778039216995239, 0.800000011920929 );
#8336 = CARTESIAN_POINT( '', ( -0.500000000000000, -0.500000000000000, -6.37500000000000 ) );
#8337 = VECTOR( '', #9169, 1000.00000000000 );
#8338 = COLOUR_RGB( '', 0.333333343267441, 0.600000023841858, 0.333333343267441 );
#8339 = COLOUR_RGB( '', 0.333333343267441, 0.600000023841858, 0.333333343267441 );
#8340 = CARTESIAN_POINT( '', ( -6.71000000000000, 0.800000000000000, -5.20000000000000 ) );
#8341 = VECTOR( '', #9170, 1000.00000000000 );
#8342 = CARTESIAN_POINT( '', ( -6.71000000000000, 0.800000000000000, -2.80000000000000 ) );
#8343 = VECTOR( '', #9171, 1000.00000000000 );
#8344 = COLOUR_RGB( '', 0.740392148494720, 0.778039216995239, 0.800000011920929 );
#8345 = CARTESIAN_POINT( '', ( -0.500000000000000, 0.500000000000000, 6.37500000000000 ) );
#8346 = VECTOR( '', #9172, 1000.00000000000 );
#8347 = COLOUR_RGB( '', 0.333333343267441, 0.600000023841858, 0.333333343267441 );
#8348 = COLOUR_RGB( '', 0.333333343267441, 0.600000023841858, 0.333333343267441 );
#8349 = CARTESIAN_POINT( '', ( -2.66080314706699, 1.77540157353350, -2.80000000000000 ) );
#8350 = CARTESIAN_POINT( '', ( -2.66080314706699, 1.77540157353350, -2.80000000000000 ) );
#8351 = VECTOR( '', #9173, 1000.00000000000 );
#8352 = CARTESIAN_POINT( '', ( -1.68540157353350, 0.800000000000000, -2.80000000000000 ) );
#8353 = VECTOR( '', #9174, 1000.00000000000 );
#8354 = COLOUR_RGB( '', 0.333333343267441, 0.600000023841858, 0.333333343267441 );
#8355 = CARTESIAN_POINT( '', ( 21.2000000000000, 2.35000000000000, -5.20000000000000 ) );
#8356 = VECTOR( '', #9175, 1000.00000000000 );
#8357 = COLOUR_RGB( '', 0.333333343267441, 0.600000023841858, 0.333333343267441 );
#8358 = CARTESIAN_POINT( '', ( 5.28500000000000, -2.65000000000000, -5.60000000000000 ) );
#8359 = VECTOR( '', #9176, 1000.00000000000 );
#8360 = COLOUR_RGB( '', 0.333333343267441, 0.600000023841858, 0.333333343267441 );
#8361 = CARTESIAN_POINT( '', ( 18.5000000000000, -1.87459842646651, -5.20000000000000 ) );
#8362 = VECTOR( '', #9177, 1000.00000000000 );
#8363 = CARTESIAN_POINT( '', ( 11.9800000000000, -1.87459842646651, -5.20000000000000 ) );
#8364 = VECTOR( '', #9178, 1000.00000000000 );
#8365 = COLOUR_RGB( '', 0.740392148494720, 0.778039216995239, 0.800000011920929 );
#8366 = CARTESIAN_POINT( '', ( 0.500000000000000, -0.500000000000000, 7.37500000000000 ) );
#8367 = VECTOR( '', #9179, 1000.00000000000 );
#8368 = COLOUR_RGB( '', 0.333333343267441, 0.600000023841858, 0.333333343267441 );
#8369 = CARTESIAN_POINT( '', ( 20.5250000000000, -2.65000000000000, -5.60000000000000 ) );
#8370 = VECTOR( '', #9180, 1000.00000000000 );
#8371 = COLOUR_RGB( '', 0.333333343267441, 0.600000023841858, 0.333333343267441 );
#8372 = COLOUR_RGB( '', 0.333333343267441, 0.600000023841858, 0.333333343267441 );
#8373 = COLOUR_RGB( '', 0.333333343267441, 0.600000023841858, 0.333333343267441 );
#8374 = CARTESIAN_POINT( '', ( -19.5500000000000, 3.65000000000000, -3.45000000000000 ) );
#8375 = VECTOR( '', #9181, 1000.00000000000 );
#8376 = COLOUR_RGB( '', 0.333333343267441, 0.600000023841858, 0.333333343267441 );
#8377 = CARTESIAN_POINT( '', ( -2.33500000000000, 3.65000000000000, -5.60000000000000 ) );
#8378 = VECTOR( '', #9182, 1000.00000000000 );
#8379 = CARTESIAN_POINT( '', ( -2.33500000000000, 3.65000000000000, -5.60000000000000 ) );
#8380 = VECTOR( '', #9183, 1000.00000000000 );
#8381 = COLOUR_RGB( '', 0.333333343267441, 0.600000023841858, 0.333333343267441 );
#8382 = COLOUR_RGB( '', 0.333333343267441, 0.600000023841858, 0.333333343267441 );
#8383 = CARTESIAN_POINT( '', ( -2.66080314706699, 1.77540157353350, -2.80000000000000 ) );
#8384 = VECTOR( '', #9184, 1000.00000000000 );
#8385 = COLOUR_RGB( '', 0.333333343267441, 0.600000023841858, 0.333333343267441 );
#8386 = CARTESIAN_POINT( '', ( 11.9800000000000, -1.87459842646651, -2.80000000000000 ) );
#8387 = VECTOR( '', #9185, 1000.00000000000 );
#8388 = COLOUR_RGB( '', 0.333333343267441, 0.600000023841858, 0.333333343267441 );
#8389 = COLOUR_RGB( '', 0.333333343267441, 0.600000023841858, 0.333333343267441 );
#8390 = COLOUR_RGB( '', 0.333333343267441, 0.600000023841858, 0.333333343267441 );
#8391 = COLOUR_RGB( '', 0.333333343267441, 0.600000023841858, 0.333333343267441 );
#8392 = COLOUR_RGB( '', 0.333333343267441, 0.600000023841858, 0.333333343267441 );
#8393 = CARTESIAN_POINT( '', ( -16.9254015735335, -0.299999999999995, -5.20000000000000 ) );
#8394 = VECTOR( '', #9186, 1000.00000000000 );
#8395 = CARTESIAN_POINT( '', ( -16.9254015735335, -0.299999999999995, -2.80000000000000 ) );
#8396 = VECTOR( '', #9187, 1000.00000000000 );
#8397 = COLOUR_RGB( '', 0.333333343267441, 0.600000023841858, 0.333333343267441 );
#8398 = CARTESIAN_POINT( '', ( 5.93459842646650, 0.800000000000000, -2.80000000000000 ) );
#8399 = CARTESIAN_POINT( '', ( 5.93459842646650, 0.800000000000000, -2.80000000000000 ) );
#8400 = VECTOR( '', #9188, 1000.00000000000 );
#8401 = CARTESIAN_POINT( '', ( 5.93459842646650, 0.800000000000000, -2.80000000000000 ) );
#8402 = VECTOR( '', #9189, 1000.00000000000 );
#8403 = COLOUR_RGB( '', 0.333333343267441, 0.600000023841858, 0.333333343267441 );
#8404 = COLOUR_RGB( '', 0.333333343267441, 0.600000023841858, 0.333333343267441 );
#8405 = CARTESIAN_POINT( '', ( 18.5500000000000, -0.249999999999997, -1.20000000000000 ) );
#8406 = VECTOR( '', #9190, 1000.00000000000 );
#8407 = CARTESIAN_POINT( '', ( 18.5500000000000, -0.249999999999997, -5.60000000000000 ) );
#8408 = VECTOR( '', #9191, 1000.00000000000 );
#8409 = COLOUR_RGB( '', 0.333333343267441, 0.600000023841858, 0.333333343267441 );
#8410 = CARTESIAN_POINT( '', ( 18.1500000000000, 0.250000000000004, -1.20000000000000 ) );
#8411 = AXIS2_PLACEMENT_3D( '', #9192, #9193, #9194 );
#8412 = CARTESIAN_POINT( '', ( 17.6500000000000, 0.250000000000004, -1.70000000000000 ) );
#8413 = AXIS2_PLACEMENT_3D( '', #9195, #9196, #9197 );
#8414 = COLOUR_RGB( '', 0.333333343267441, 0.600000023841858, 0.333333343267441 );
#8415 = CARTESIAN_POINT( '', ( 20.4500000000000, 0.250000000000004, -2.80000000000000 ) );
#8416 = AXIS2_PLACEMENT_3D( '', #9198, #9199, #9200 );
#8417 = COLOUR_RGB( '', 0.333333343267441, 0.600000023841858, 0.333333343267441 );
#8418 = CARTESIAN_POINT( '', ( -19.6000000000000, -1.87459842646651, -2.80000000000000 ) );
#8419 = VECTOR( '', #9201, 1000.00000000000 );
#8420 = COLOUR_RGB( '', 0.333333343267441, 0.600000023841858, 0.333333343267441 );
#8421 = CARTESIAN_POINT( '', ( 5.93459842646650, -0.299999999999995, -5.20000000000000 ) );
#8422 = VECTOR( '', #9202, 1000.00000000000 );
#8423 = CARTESIAN_POINT( '', ( 5.93459842646650, -0.299999999999995, -2.80000000000000 ) );
#8424 = VECTOR( '', #9203, 1000.00000000000 );
#8425 = COLOUR_RGB( '', 0.333333343267441, 0.600000023841858, 0.333333343267441 );
#8426 = CARTESIAN_POINT( '', ( -3.31000000000000, -0.249999999999997, -5.60000000000000 ) );
#8427 = VECTOR( '', #9204, 1000.00000000000 );
#8428 = COLOUR_RGB( '', 0.333333343267441, 0.600000023841858, 0.333333343267441 );
#8429 = COLOUR_RGB( '', 0.333333343267441, 0.600000023841858, 0.333333343267441 );
#8430 = CARTESIAN_POINT( '', ( -10.9300000000000, 3.65000000000000, -5.60000000000000 ) );
#8431 = CARTESIAN_POINT( '', ( -9.95500000000000, 3.65000000000000, -5.60000000000000 ) );
#8432 = VECTOR( '', #9205, 1000.00000000000 );
#8433 = CARTESIAN_POINT( '', ( -10.9300000000000, 3.65000000000000, -3.45000000000000 ) );
#8434 = VECTOR( '', #9206, 1000.00000000000 );
#8435 = CARTESIAN_POINT( '', ( -11.9300000000000, 3.65000000000000, -5.60000000000000 ) );
#8436 = CARTESIAN_POINT( '', ( -11.9300000000000, 3.65000000000000, -5.60000000000000 ) );
#8437 = VECTOR( '', #9207, 1000.00000000000 );
#8438 = CARTESIAN_POINT( '', ( -12.9050000000000, 3.65000000000000, -5.60000000000000 ) );
#8439 = CARTESIAN_POINT( '', ( -9.95500000000000, 3.65000000000000, -5.60000000000000 ) );
#8440 = VECTOR( '', #9208, 1000.00000000000 );
#8441 = CARTESIAN_POINT( '', ( -12.9050000000000, 3.65000000000000, -6.00000000000000 ) );
#8442 = VECTOR( '', #9209, 1000.00000000000 );
#8443 = COLOUR_RGB( '', 0.333333343267441, 0.600000023841858, 0.333333343267441 );
#8444 = CARTESIAN_POINT( '', ( -12.9050000000000, -2.65000000000000, -5.60000000000000 ) );
#8445 = VECTOR( '', #9210, 1000.00000000000 );
#8446 = COLOUR_RGB( '', 0.333333343267441, 0.600000023841858, 0.333333343267441 );
#8447 = CARTESIAN_POINT( '', ( -4.95919685293301, 3.02264434404465, -5.20000000000000 ) );
#8448 = VECTOR( '', #9211, 1000.00000000000 );
#8449 = CARTESIAN_POINT( '', ( -9.28000000000000, 2.35000000000000, -5.20000000000000 ) );
#8450 = CARTESIAN_POINT( '', ( -9.28000000000000, 2.35000000000000, -5.20000000000000 ) );
#8451 = VECTOR( '', #9212, 1000.00000000000 );
#8452 = AXIS2_PLACEMENT_3D( '', #9213, #9214, #9215 );
#8453 = COLOUR_RGB( '', 0.333333343267441, 0.600000023841858, 0.333333343267441 );
#8454 = CARTESIAN_POINT( '', ( 8.53000000000000, 0.800000000000000, -2.80000000000000 ) );
#8455 = VECTOR( '', #9216, 1000.00000000000 );
#8456 = COLOUR_RGB( '', 0.333333343267441, 0.600000023841858, 0.333333343267441 );
#8457 = CARTESIAN_POINT( '', ( -12.5791968529330, 1.77540157353349, -2.80000000000000 ) );
#8458 = VECTOR( '', #9217, 1000.00000000000 );
#8459 = COLOUR_RGB( '', 0.333333343267441, 0.600000023841858, 0.333333343267441 );
#8460 = COLOUR_RGB( '', 0.333333343267441, 0.600000023841858, 0.333333343267441 );
#8461 = COLOUR_RGB( '', 0.333333343267441, 0.600000023841858, 0.333333343267441 );
#8462 = CARTESIAN_POINT( '', ( 5.21000000000000, 0.250000000000004, -2.80000000000000 ) );
#8463 = AXIS2_PLACEMENT_3D( '', #9218, #9219, #9220 );
#8464 = CARTESIAN_POINT( '', ( 18.5000000000000, -1.87459842646651, -2.80000000000000 ) );
#8465 = VECTOR( '', #9221, 1000.00000000000 );
#8466 = CARTESIAN_POINT( '', ( 19.6000000000000, -1.87459842646651, -2.80000000000000 ) );
#8467 = VECTOR( '', #9222, 1000.00000000000 );
#8468 = AXIS2_PLACEMENT_3D( '', #9223, #9224, #9225 );
#8469 = CARTESIAN_POINT( '', ( -4.95919685293301, 3.02264434404465, -2.80000000000000 ) );
#8470 = VECTOR( '', #9226, 1000.00000000000 );
#8471 = AXIS2_PLACEMENT_3D( '', #9227, #9228, #9229 );
#8472 = COLOUR_RGB( '', 0.333333343267441, 0.600000023841858, 0.333333343267441 );
#8473 = COLOUR_RGB( '', 0.333333343267441, 0.600000023841858, 0.333333343267441 );
#8474 = COLOUR_RGB( '', 0.333333343267441, 0.600000023841858, 0.333333343267441 );
#8475 = COLOUR_RGB( '', 0.333333343267441, 0.600000023841858, 0.333333343267441 );
#8476 = CARTESIAN_POINT( '', ( -10.9300000000000, 0.750000000000000, -49.2267907131480 ) );
#8477 = VECTOR( '', #9230, 1000.00000000000 );
#8478 = CARTESIAN_POINT( '', ( -10.9300000000000, -0.249999999999997, -5.60000000000000 ) );
#8479 = CARTESIAN_POINT( '', ( -10.9300000000000, 0.750000000000000, -5.60000000000000 ) );
#8480 = VECTOR( '', #9231, 1000.00000000000 );
#8481 = CARTESIAN_POINT( '', ( -10.9300000000000, -0.249999999999997, -49.2267907131480 ) );
#8482 = VECTOR( '', #9232, 1000.00000000000 );
#8483 = COLOUR_RGB( '', 0.333333343267441, 0.600000023841858, 0.333333343267441 );
#8484 = COLOUR_RGB( '', 0.333333343267441, 0.600000023841858, 0.333333343267441 );
#8485 = CARTESIAN_POINT( '', ( -11.9300000000000, -0.249999999999997, -5.60000000000000 ) );
#8486 = CARTESIAN_POINT( '', ( -10.9300000000000, -0.249999999999997, -5.60000000000000 ) );
#8487 = VECTOR( '', #9233, 1000.00000000000 );
#8488 = CARTESIAN_POINT( '', ( -11.9300000000000, -0.249999999999997, -49.2267907131480 ) );
#8489 = VECTOR( '', #9234, 1000.00000000000 );
#8490 = COLOUR_RGB( '', 0.333333343267441, 0.600000023841858, 0.333333343267441 );
#8491 = CARTESIAN_POINT( '', ( -11.9300000000000, -0.249999999999997, -5.60000000000000 ) );
#8492 = VECTOR( '', #9235, 1000.00000000000 );
#8493 = COLOUR_RGB( '', 0.333333343267441, 0.600000023841858, 0.333333343267441 );
#8494 = CARTESIAN_POINT( '', ( -9.28000000000000, 2.35000000000000, -5.20000000000000 ) );
#8495 = VECTOR( '', #9236, 1000.00000000000 );
#8496 = COLOUR_RGB( '', 0.333333343267441, 0.600000023841858, 0.333333343267441 );
#8497 = COLOUR_RGB( '', 0.333333343267441, 0.600000023841858, 0.333333343267441 );
#8498 = COLOUR_RGB( '', 0.333333343267441, 0.600000023841858, 0.333333343267441 );
#8499 = COLOUR_RGB( '', 0.740392148494720, 0.778039216995239, 0.800000011920929 );
#8500 = CARTESIAN_POINT( '', ( -0.500000000000000, -0.500000000000000, 7.37500000000000 ) );
#8501 = VECTOR( '', #9237, 1000.00000000000 );
#8502 = COLOUR_RGB( '', 0.333333343267441, 0.600000023841858, 0.333333343267441 );
#8503 = COLOUR_RGB( '', 0.333333343267441, 0.600000023841858, 0.333333343267441 );
#8504 = COLOUR_RGB( '', 0.333333343267441, 0.600000023841858, 0.333333343267441 );
#8505 = COLOUR_RGB( '', 0.333333343267441, 0.600000023841858, 0.333333343267441 );
#8506 = COLOUR_RGB( '', 0.333333343267441, 0.600000023841858, 0.333333343267441 );
#8507 = COLOUR_RGB( '', 0.333333343267441, 0.600000023841858, 0.333333343267441 );
#8508 = COLOUR_RGB( '', 0.333333343267441, 0.600000023841858, 0.333333343267441 );
#8509 = COLOUR_RGB( '', 0.740392148494720, 0.778039216995239, 0.800000011920929 );
#8510 = COLOUR_RGB( '', 0.333333343267441, 0.600000023841858, 0.333333343267441 );
#8511 = CARTESIAN_POINT( '', ( -11.9300000000000, 0.750000000000000, -49.2267907131480 ) );
#8512 = VECTOR( '', #9238, 1000.00000000000 );
#8513 = COLOUR_RGB( '', 0.333333343267441, 0.600000023841858, 0.333333343267441 );
#8514 = COLOUR_RGB( '', 0.333333343267441, 0.600000023841858, 0.333333343267441 );
#8515 = COLOUR_RGB( '', 0.333333343267441, 0.600000023841858, 0.333333343267441 );
#8516 = COLOUR_RGB( '', 0.333333343267441, 0.600000023841858, 0.333333343267441 );
#8517 = COLOUR_RGB( '', 0.333333343267441, 0.600000023841858, 0.333333343267441 );
#8518 = DIRECTION( '', ( -2.78169337516524E-015, -1.00000000000000, 0.000000000000000 ) );
#8519 = DIRECTION( '', ( 0.000000000000000, 0.000000000000000, -1.00000000000000 ) );
#8520 = DIRECTION( '', ( -2.78169337516524E-015, -1.00000000000000, 0.000000000000000 ) );
#8521 = DIRECTION( '', ( 0.000000000000000, 0.000000000000000, -1.00000000000000 ) );
#8522 = DIRECTION( '', ( -0.242535625036332, -4.14106537904757E-017, -0.970142500145332 ) );
#8523 = DIRECTION( '', ( 0.000000000000000, -1.00000000000000, 0.000000000000000 ) );
#8524 = DIRECTION( '', ( 0.232402379702538, 0.286033698095432, 0.929609518810155 ) );
#8525 = DIRECTION( '', ( 0.000000000000000, -1.00000000000000, 0.000000000000000 ) );
#8526 = DIRECTION( '', ( 0.000000000000000, -1.00000000000000, 0.000000000000000 ) );
#8527 = DIRECTION( '', ( -1.00000000000000, -1.70740499604017E-016, 0.000000000000000 ) );
#8528 = DIRECTION( '', ( -1.00000000000000, 0.000000000000000, 0.000000000000000 ) );
#8529 = DIRECTION( '', ( 1.00000000000000, -7.51931389105602E-016, 0.000000000000000 ) );
#8530 = DIRECTION( '', ( 0.000000000000000, 0.000000000000000, -1.00000000000000 ) );
#8531 = DIRECTION( '', ( 1.00000000000000, -7.51931389105602E-016, 0.000000000000000 ) );
#8532 = DIRECTION( '', ( 0.000000000000000, 0.000000000000000, -1.00000000000000 ) );
#8533 = DIRECTION( '', ( 3.22618734930235E-015, -1.00000000000000, 0.000000000000000 ) );
#8534 = DIRECTION( '', ( 0.000000000000000, 0.000000000000000, -1.00000000000000 ) );
#8535 = DIRECTION( '', ( 3.22618734930235E-015, -1.00000000000000, 0.000000000000000 ) );
#8536 = DIRECTION( '', ( 0.000000000000000, 0.000000000000000, -1.00000000000000 ) );
#8537 = DIRECTION( '', ( -1.00000000000000, 0.000000000000000, 0.000000000000000 ) );
#8538 = DIRECTION( '', ( 0.000000000000000, 0.000000000000000, 1.00000000000000 ) );
#8539 = DIRECTION( '', ( 1.00000000000000, 0.000000000000000, 0.000000000000000 ) );
#8540 = DIRECTION( '', ( 0.000000000000000, 0.000000000000000, 1.00000000000000 ) );
#8541 = DIRECTION( '', ( -1.00000000000000, 0.000000000000000, 0.000000000000000 ) );
#8542 = DIRECTION( '', ( 0.000000000000000, 1.00000000000000, 0.000000000000000 ) );
#8543 = DIRECTION( '', ( 1.00000000000000, 0.000000000000000, 0.000000000000000 ) );
#8544 = DIRECTION( '', ( 0.000000000000000, 1.00000000000000, 0.000000000000000 ) );
#8545 = DIRECTION( '', ( 1.00000000000000, -3.37494839684204E-016, 0.000000000000000 ) );
#8546 = DIRECTION( '', ( 0.000000000000000, 0.000000000000000, 1.00000000000000 ) );
#8547 = DIRECTION( '', ( 1.00000000000000, -3.37494839684204E-016, 0.000000000000000 ) );
#8548 = DIRECTION( '', ( 0.000000000000000, 0.000000000000000, 1.00000000000000 ) );
#8549 = DIRECTION( '', ( -2.78169337516524E-015, -1.00000000000000, 0.000000000000000 ) );
#8550 = DIRECTION( '', ( 0.000000000000000, 0.000000000000000, -1.00000000000000 ) );
#8551 = DIRECTION( '', ( -2.78169337516524E-015, -1.00000000000000, 0.000000000000000 ) );
#8552 = DIRECTION( '', ( 0.000000000000000, 0.000000000000000, -1.00000000000000 ) );
#8553 = DIRECTION( '', ( 0.000000000000000, 1.00000000000000, 0.000000000000000 ) );
#8554 = DIRECTION( '', ( 0.000000000000000, -6.74614685102092E-016, -1.00000000000000 ) );
#8555 = DIRECTION( '', ( 0.000000000000000, 1.00000000000000, 0.000000000000000 ) );
#8556 = DIRECTION( '', ( 0.000000000000000, 0.000000000000000, 1.00000000000000 ) );
#8557 = DIRECTION( '', ( 0.000000000000000, 1.00000000000000, -7.35847025059459E-016 ) );
#8558 = DIRECTION( '', ( 0.000000000000000, 0.000000000000000, 1.00000000000000 ) );
#8559 = DIRECTION( '', ( -1.00000000000000, 0.000000000000000, 0.000000000000000 ) );
#8560 = DIRECTION( '', ( 0.000000000000000, 1.00000000000000, 0.000000000000000 ) );
#8561 = DIRECTION( '', ( 1.00000000000000, 0.000000000000000, 0.000000000000000 ) );
#8562 = DIRECTION( '', ( 0.000000000000000, 1.00000000000000, 0.000000000000000 ) );
#8563 = DIRECTION( '', ( 0.000000000000000, 0.000000000000000, -1.00000000000000 ) );
#8564 = DIRECTION( '', ( 0.000000000000000, -1.00000000000000, 0.000000000000000 ) );
#8565 = DIRECTION( '', ( 0.000000000000000, 6.74614685102092E-016, 1.00000000000000 ) );
#8566 = DIRECTION( '', ( 0.000000000000000, -1.00000000000000, 0.000000000000000 ) );
#8567 = DIRECTION( '', ( 0.000000000000000, 0.000000000000000, -1.00000000000000 ) );
#8568 = DIRECTION( '', ( 0.000000000000000, -1.00000000000000, 7.35847025059459E-016 ) );
#8569 = DIRECTION( '', ( 0.232402379702538, 0.286033698095432, 0.929609518810155 ) );
#8570 = DIRECTION( '', ( -1.00000000000000, 0.000000000000000, 0.000000000000000 ) );
#8571 = DIRECTION( '', ( 0.000000000000000, 0.294085848837523, 0.955779008721950 ) );
#8572 = DIRECTION( '', ( -1.00000000000000, 0.000000000000000, 0.000000000000000 ) );
#8573 = DIRECTION( '', ( 0.000000000000000, -1.00000000000000, 0.000000000000000 ) );
#8574 = DIRECTION( '', ( -1.00000000000000, -1.70740499604017E-016, 0.000000000000000 ) );
#8575 = DIRECTION( '', ( 0.000000000000000, -1.00000000000000, 0.000000000000000 ) );
#8576 = DIRECTION( '', ( -1.00000000000000, 0.000000000000000, 0.000000000000000 ) );
#8577 = DIRECTION( '', ( 0.000000000000000, -1.00000000000000, 0.000000000000000 ) );
#8578 = DIRECTION( '', ( -1.00000000000000, -1.70740499604017E-016, 0.000000000000000 ) );
#8579 = DIRECTION( '', ( 0.000000000000000, -1.00000000000000, 0.000000000000000 ) );
#8580 = DIRECTION( '', ( -1.00000000000000, 0.000000000000000, 0.000000000000000 ) );
#8581 = DIRECTION( '', ( 0.000000000000000, 1.00000000000000, 0.000000000000000 ) );
#8582 = DIRECTION( '', ( 0.000000000000000, 6.74614685102092E-016, 1.00000000000000 ) );
#8583 = DIRECTION( '', ( 0.000000000000000, 1.00000000000000, 0.000000000000000 ) );
#8584 = DIRECTION( '', ( 0.000000000000000, 0.000000000000000, 1.00000000000000 ) );
#8585 = DIRECTION( '', ( 0.000000000000000, -1.00000000000000, 7.35847025059459E-016 ) );
#8586 = DIRECTION( '', ( 0.000000000000000, 0.000000000000000, 1.00000000000000 ) );
#8587 = DIRECTION( '', ( 0.232402379702538, -0.286033698095432, -0.929609518810155 ) );
#8588 = DIRECTION( '', ( -1.00000000000000, 0.000000000000000, 0.000000000000000 ) );
#8589 = DIRECTION( '', ( 0.000000000000000, 0.294085848837523, 0.955779008721950 ) );
#8590 = DIRECTION( '', ( -1.00000000000000, 0.000000000000000, 0.000000000000000 ) );
#8591 = CARTESIAN_POINT( '', ( 3.81000000000000, 0.231944444444447, -5.20000000000000 ) );
#8592 = DIRECTION( '', ( 0.000000000000000, 0.000000000000000, -1.00000000000000 ) );
#8593 = DIRECTION( '', ( 1.00000000000000, 0.000000000000000, 0.000000000000000 ) );
#8594 = DIRECTION( '', ( 1.00000000000000, -3.37494839684204E-016, 0.000000000000000 ) );
#8595 = CARTESIAN_POINT( '', ( -3.81000000000000, 0.231944444444447, -5.20000000000000 ) );
#8596 = DIRECTION( '', ( 0.000000000000000, 0.000000000000000, -1.00000000000000 ) );
#8597 = DIRECTION( '', ( 1.00000000000000, 0.000000000000000, 0.000000000000000 ) );
#8598 = DIRECTION( '', ( 5.56338675033047E-015, 1.00000000000000, 0.000000000000000 ) );
#8599 = DIRECTION( '', ( -0.707106781186549, 0.707106781186546, 0.000000000000000 ) );
#8600 = DIRECTION( '', ( -1.00000000000000, 8.77253287289868E-016, 0.000000000000000 ) );
#8601 = DIRECTION( '', ( -0.707106781186549, -0.707106781186546, 0.000000000000000 ) );
#8602 = DIRECTION( '', ( 0.000000000000000, 0.000000000000000, -1.00000000000000 ) );
#8603 = DIRECTION( '', ( 1.00000000000000, 0.000000000000000, 0.000000000000000 ) );
#8604 = DIRECTION( '', ( 0.000000000000000, 0.000000000000000, -1.00000000000000 ) );
#8605 = DIRECTION( '', ( -1.00000000000000, 0.000000000000000, 0.000000000000000 ) );
#8606 = DIRECTION( '', ( 3.22618734930235E-015, -1.00000000000000, 0.000000000000000 ) );
#8607 = DIRECTION( '', ( 0.000000000000000, 0.000000000000000, -1.00000000000000 ) );
#8608 = DIRECTION( '', ( 3.22618734930235E-015, -1.00000000000000, 0.000000000000000 ) );
#8609 = DIRECTION( '', ( 0.000000000000000, 0.000000000000000, -1.00000000000000 ) );
#8610 = DIRECTION( '', ( 0.000000000000000, 0.000000000000000, 1.00000000000000 ) );
#8611 = CARTESIAN_POINT( '', ( -3.81000000000000, 0.231944444444447, 6.00000000000000 ) );
#8612 = DIRECTION( '', ( 0.000000000000000, 0.000000000000000, -1.00000000000000 ) );
#8613 = DIRECTION( '', ( 1.00000000000000, 0.000000000000000, 0.000000000000000 ) );
#8614 = DIRECTION( '', ( 0.000000000000000, 0.000000000000000, 1.00000000000000 ) );
#8615 = CARTESIAN_POINT( '', ( -3.81000000000000, 0.231944444444447, -5.20000000000000 ) );
#8616 = DIRECTION( '', ( 0.000000000000000, 0.000000000000000, -1.00000000000000 ) );
#8617 = DIRECTION( '', ( 1.00000000000000, 0.000000000000000, 0.000000000000000 ) );
#8618 = DIRECTION( '', ( 0.000000000000000, 0.000000000000000, -1.00000000000000 ) );
#8619 = CARTESIAN_POINT( '', ( -3.81000000000000, 0.231944444444447, -2.80000000000000 ) );
#8620 = DIRECTION( '', ( 0.000000000000000, 0.000000000000000, 1.00000000000000 ) );
#8621 = DIRECTION( '', ( 1.00000000000000, 0.000000000000000, 0.000000000000000 ) );
#8622 = DIRECTION( '', ( 0.000000000000000, 0.000000000000000, -1.00000000000000 ) );
#8623 = CARTESIAN_POINT( '', ( -3.81000000000000, 0.250000000000004, -1.20000000000000 ) );
#8624 = DIRECTION( '', ( 0.000000000000000, 0.000000000000000, -1.00000000000000 ) );
#8625 = DIRECTION( '', ( -1.00000000000000, 0.000000000000000, 0.000000000000000 ) );
#8626 = CARTESIAN_POINT( '', ( -3.81000000000000, 0.250000000000004, -1.70000000000000 ) );
#8627 = DIRECTION( '', ( 0.000000000000000, 0.000000000000000, -1.00000000000000 ) );
#8628 = DIRECTION( '', ( -1.00000000000000, 0.000000000000000, 0.000000000000000 ) );
#8629 = DIRECTION( '', ( 0.000000000000000, 1.00000000000000, 0.000000000000000 ) );
#8630 = DIRECTION( '', ( 0.000000000000000, 6.74614685102092E-016, 1.00000000000000 ) );
#8631 = DIRECTION( '', ( 0.000000000000000, 1.00000000000000, 0.000000000000000 ) );
#8632 = DIRECTION( '', ( 0.000000000000000, 0.000000000000000, 1.00000000000000 ) );
#8633 = DIRECTION( '', ( 0.000000000000000, -1.00000000000000, 7.35847025059459E-016 ) );
#8634 = DIRECTION( '', ( 0.000000000000000, 0.000000000000000, 1.00000000000000 ) );
#8635 = DIRECTION( '', ( -1.00000000000000, 0.000000000000000, 0.000000000000000 ) );
#8636 = DIRECTION( '', ( 0.000000000000000, 1.00000000000000, 0.000000000000000 ) );
#8637 = DIRECTION( '', ( 1.00000000000000, 0.000000000000000, 0.000000000000000 ) );
#8638 = DIRECTION( '', ( 0.000000000000000, 1.00000000000000, 0.000000000000000 ) );
#8639 = DIRECTION( '', ( 1.00000000000000, 0.000000000000000, 0.000000000000000 ) );
#8640 = DIRECTION( '', ( 0.000000000000000, -1.00000000000000, 0.000000000000000 ) );
#8641 = DIRECTION( '', ( -1.00000000000000, -1.08420217248550E-016, 0.000000000000000 ) );
#8642 = DIRECTION( '', ( 0.000000000000000, 1.00000000000000, 0.000000000000000 ) );
#8643 = DIRECTION( '', ( 0.000000000000000, 1.00000000000000, 0.000000000000000 ) );
#8644 = DIRECTION( '', ( 0.000000000000000, 6.74614685102092E-016, 1.00000000000000 ) );
#8645 = DIRECTION( '', ( 0.000000000000000, 1.00000000000000, 0.000000000000000 ) );
#8646 = DIRECTION( '', ( 0.000000000000000, 0.000000000000000, 1.00000000000000 ) );
#8647 = DIRECTION( '', ( 0.000000000000000, -1.00000000000000, 7.35847025059459E-016 ) );
#8648 = DIRECTION( '', ( 0.000000000000000, 0.000000000000000, 1.00000000000000 ) );
#8649 = DIRECTION( '', ( 1.00000000000000, 0.000000000000000, 0.000000000000000 ) );
#8650 = DIRECTION( '', ( -1.00000000000000, 0.000000000000000, 0.000000000000000 ) );
#8651 = DIRECTION( '', ( 0.000000000000000, 1.00000000000000, -7.35847025059459E-016 ) );
#8652 = DIRECTION( '', ( 0.000000000000000, 1.00000000000000, 0.000000000000000 ) );
#8653 = DIRECTION( '', ( 0.000000000000000, 0.000000000000000, -1.00000000000000 ) );
#8654 = DIRECTION( '', ( 0.000000000000000, 1.00000000000000, 0.000000000000000 ) );
#8655 = DIRECTION( '', ( 0.000000000000000, 0.000000000000000, -1.00000000000000 ) );
#8656 = DIRECTION( '', ( 1.00000000000000, 3.37494839684204E-016, 0.000000000000000 ) );
#8657 = DIRECTION( '', ( 0.000000000000000, 0.000000000000000, 1.00000000000000 ) );
#8658 = DIRECTION( '', ( 1.00000000000000, 3.37494839684204E-016, 0.000000000000000 ) );
#8659 = DIRECTION( '', ( 0.000000000000000, 0.000000000000000, 1.00000000000000 ) );
#8660 = DIRECTION( '', ( -0.242535625036332, -4.14106537904757E-017, -0.970142500145332 ) );
#8661 = DIRECTION( '', ( 0.000000000000000, -1.00000000000000, 0.000000000000000 ) );
#8662 = DIRECTION( '', ( 0.232402379702538, 0.286033698095432, 0.929609518810155 ) );
#8663 = DIRECTION( '', ( 0.000000000000000, -1.00000000000000, 0.000000000000000 ) );
#8664 = DIRECTION( '', ( 0.000000000000000, 1.00000000000000, 0.000000000000000 ) );
#8665 = DIRECTION( '', ( 1.00000000000000, 0.000000000000000, 0.000000000000000 ) );
#8666 = DIRECTION( '', ( -1.00000000000000, 0.000000000000000, 0.000000000000000 ) );
#8667 = DIRECTION( '', ( 0.000000000000000, -1.00000000000000, 0.000000000000000 ) );
#8668 = DIRECTION( '', ( 1.00000000000000, 0.000000000000000, 0.000000000000000 ) );
#8669 = DIRECTION( '', ( -1.00000000000000, 0.000000000000000, 0.000000000000000 ) );
#8670 = DIRECTION( '', ( 0.000000000000000, -1.00000000000000, 0.000000000000000 ) );
#8671 = DIRECTION( '', ( -1.00000000000000, 0.000000000000000, 0.000000000000000 ) );
#8672 = DIRECTION( '', ( 0.000000000000000, -1.00000000000000, 0.000000000000000 ) );
#8673 = DIRECTION( '', ( -1.00000000000000, 0.000000000000000, 0.000000000000000 ) );
#8674 = DIRECTION( '', ( 1.00000000000000, 0.000000000000000, 0.000000000000000 ) );
#8675 = DIRECTION( '', ( 0.000000000000000, 1.00000000000000, 0.000000000000000 ) );
#8676 = DIRECTION( '', ( -1.00000000000000, 0.000000000000000, 0.000000000000000 ) );
#8677 = DIRECTION( '', ( 0.000000000000000, 1.00000000000000, 0.000000000000000 ) );
#8678 = DIRECTION( '', ( 1.00000000000000, 0.000000000000000, 0.000000000000000 ) );
#8679 = DIRECTION( '', ( -1.00000000000000, 0.000000000000000, 0.000000000000000 ) );
#8680 = DIRECTION( '', ( 0.000000000000000, 1.00000000000000, 0.000000000000000 ) );
#8681 = DIRECTION( '', ( 1.00000000000000, 0.000000000000000, 0.000000000000000 ) );
#8682 = DIRECTION( '', ( 0.000000000000000, 1.00000000000000, 0.000000000000000 ) );
#8683 = DIRECTION( '', ( -1.00000000000000, 0.000000000000000, 0.000000000000000 ) );
#8684 = DIRECTION( '', ( 0.000000000000000, 1.00000000000000, 0.000000000000000 ) );
#8685 = DIRECTION( '', ( 1.00000000000000, 0.000000000000000, 0.000000000000000 ) );
#8686 = DIRECTION( '', ( -1.00000000000000, 0.000000000000000, 0.000000000000000 ) );
#8687 = DIRECTION( '', ( 0.232402379702538, -0.286033698095432, -0.929609518810155 ) );
#8688 = DIRECTION( '', ( 0.232402379702538, 0.286033698095432, 0.929609518810155 ) );
#8689 = DIRECTION( '', ( -1.00000000000000, 0.000000000000000, 0.000000000000000 ) );
#8690 = DIRECTION( '', ( 0.707106781186549, -0.707106781186546, 0.000000000000000 ) );
#8691 = DIRECTION( '', ( 0.000000000000000, 0.000000000000000, -1.00000000000000 ) );
#8692 = DIRECTION( '', ( 0.707106781186549, -0.707106781186546, 0.000000000000000 ) );
#8693 = DIRECTION( '', ( 0.000000000000000, 0.000000000000000, -1.00000000000000 ) );
#8694 = DIRECTION( '', ( 0.000000000000000, -1.00000000000000, 0.000000000000000 ) );
#8695 = DIRECTION( '', ( -1.00000000000000, -1.70740499604017E-016, 0.000000000000000 ) );
#8696 = DIRECTION( '', ( -1.00000000000000, 0.000000000000000, 0.000000000000000 ) );
#8697 = DIRECTION( '', ( 0.000000000000000, -1.00000000000000, -2.16840434497097E-015 ) );
#8698 = DIRECTION( '', ( -1.00000000000000, 0.000000000000000, 0.000000000000000 ) );
#8699 = DIRECTION( '', ( 0.000000000000000, -1.00000000000000, -2.16840434497097E-015 ) );
#8700 = DIRECTION( '', ( -1.00000000000000, 0.000000000000000, 0.000000000000000 ) );
#8701 = DIRECTION( '', ( -0.707106781186549, 0.707106781186546, 0.000000000000000 ) );
#8702 = DIRECTION( '', ( 0.000000000000000, 0.000000000000000, -1.00000000000000 ) );
#8703 = DIRECTION( '', ( -0.707106781186549, 0.707106781186546, 0.000000000000000 ) );
#8704 = DIRECTION( '', ( 0.000000000000000, 0.000000000000000, -1.00000000000000 ) );
#8705 = DIRECTION( '', ( 1.00000000000000, 0.000000000000000, 0.000000000000000 ) );
#8706 = DIRECTION( '', ( 0.000000000000000, -1.00000000000000, 7.35847025059459E-016 ) );
#8707 = DIRECTION( '', ( -1.00000000000000, 0.000000000000000, 0.000000000000000 ) );
#8708 = DIRECTION( '', ( 0.000000000000000, 1.00000000000000, -7.35847025059459E-016 ) );
#8709 = CARTESIAN_POINT( '', ( 11.4300000000000, 0.250000000000004, -1.70000000000000 ) );
#8710 = DIRECTION( '', ( 0.000000000000000, 0.000000000000000, -1.00000000000000 ) );
#8711 = DIRECTION( '', ( -1.00000000000000, 0.000000000000000, 0.000000000000000 ) );
#8712 = CARTESIAN_POINT( '', ( 11.4300000000000, 0.250000000000004, -2.80000000000000 ) );
#8713 = DIRECTION( '', ( 0.000000000000000, 0.000000000000000, 1.00000000000000 ) );
#8714 = DIRECTION( '', ( 1.00000000000000, 0.000000000000000, 0.000000000000000 ) );
#8715 = DIRECTION( '', ( 0.000000000000000, 0.000000000000000, 1.00000000000000 ) );
#8716 = DIRECTION( '', ( 0.000000000000000, 1.00000000000000, 0.000000000000000 ) );
#8717 = DIRECTION( '', ( 0.000000000000000, 0.000000000000000, -1.00000000000000 ) );
#8718 = DIRECTION( '', ( 0.000000000000000, 1.00000000000000, 0.000000000000000 ) );
#8719 = DIRECTION( '', ( 0.000000000000000, 0.000000000000000, 1.00000000000000 ) );
#8720 = DIRECTION( '', ( 0.000000000000000, -1.00000000000000, 0.000000000000000 ) );
#8721 = DIRECTION( '', ( 1.00000000000000, 0.000000000000000, 0.000000000000000 ) );
#8722 = DIRECTION( '', ( -1.00000000000000, 0.000000000000000, 0.000000000000000 ) );
#8723 = DIRECTION( '', ( 0.000000000000000, 1.00000000000000, -7.35847025059459E-016 ) );
#8724 = DIRECTION( '', ( -0.235702260395516, -0.235702260395516, -0.942809041582063 ) );
#8725 = DIRECTION( '', ( 0.000000000000000, 1.00000000000000, 0.000000000000000 ) );
#8726 = DIRECTION( '', ( 0.235702260395516, -0.235702260395516, 0.942809041582063 ) );
#8727 = CARTESIAN_POINT( '', ( -11.4300000000000, 0.250000000000004, -1.20000000000000 ) );
#8728 = DIRECTION( '', ( 0.000000000000000, 0.000000000000000, -1.00000000000000 ) );
#8729 = DIRECTION( '', ( -1.00000000000000, 0.000000000000000, 0.000000000000000 ) );
#8730 = DIRECTION( '', ( 0.000000000000000, 1.00000000000000, 0.000000000000000 ) );
#8731 = DIRECTION( '', ( 1.00000000000000, 0.000000000000000, 0.000000000000000 ) );
#8732 = DIRECTION( '', ( 0.000000000000000, -1.00000000000000, 0.000000000000000 ) );
#8733 = DIRECTION( '', ( -1.00000000000000, 0.000000000000000, 0.000000000000000 ) );
#8734 = CARTESIAN_POINT( '', ( 11.4300000000000, 0.231944444444447, 6.00000000000000 ) );
#8735 = DIRECTION( '', ( 0.000000000000000, 0.000000000000000, -1.00000000000000 ) );
#8736 = DIRECTION( '', ( 1.00000000000000, 0.000000000000000, 0.000000000000000 ) );
#8737 = DIRECTION( '', ( 0.000000000000000, 0.000000000000000, 1.00000000000000 ) );
#8738 = CARTESIAN_POINT( '', ( 11.4300000000000, 0.231944444444447, -5.20000000000000 ) );
#8739 = DIRECTION( '', ( 0.000000000000000, 0.000000000000000, -1.00000000000000 ) );
#8740 = DIRECTION( '', ( 1.00000000000000, 0.000000000000000, 0.000000000000000 ) );
#8741 = DIRECTION( '', ( 0.000000000000000, 0.000000000000000, -1.00000000000000 ) );
#8742 = CARTESIAN_POINT( '', ( 11.4300000000000, 0.231944444444447, -2.80000000000000 ) );
#8743 = DIRECTION( '', ( 0.000000000000000, 0.000000000000000, 1.00000000000000 ) );
#8744 = DIRECTION( '', ( 1.00000000000000, 0.000000000000000, 0.000000000000000 ) );
#8745 = DIRECTION( '', ( 0.000000000000000, 0.000000000000000, -1.00000000000000 ) );
#8746 = CARTESIAN_POINT( '', ( 11.4300000000000, 0.231944444444447, -5.20000000000000 ) );
#8747 = DIRECTION( '', ( 0.000000000000000, 0.000000000000000, -1.00000000000000 ) );
#8748 = DIRECTION( '', ( 1.00000000000000, 0.000000000000000, 0.000000000000000 ) );
#8749 = DIRECTION( '', ( -1.00000000000000, 0.000000000000000, 0.000000000000000 ) );
#8750 = DIRECTION( '', ( 0.000000000000000, 1.00000000000000, 0.000000000000000 ) );
#8751 = DIRECTION( '', ( 0.000000000000000, -1.00000000000000, 0.000000000000000 ) );
#8752 = DIRECTION( '', ( -1.00000000000000, -1.70740499604017E-016, 0.000000000000000 ) );
#8753 = DIRECTION( '', ( 0.000000000000000, 1.00000000000000, 0.000000000000000 ) );
#8754 = DIRECTION( '', ( 1.00000000000000, 0.000000000000000, 0.000000000000000 ) );
#8755 = CARTESIAN_POINT( '', ( -19.0500000000000, 0.231944444444447, 6.00000000000000 ) );
#8756 = DIRECTION( '', ( 0.000000000000000, 0.000000000000000, -1.00000000000000 ) );
#8757 = DIRECTION( '', ( 1.00000000000000, 0.000000000000000, 0.000000000000000 ) );
#8758 = CARTESIAN_POINT( '', ( -11.4300000000000, 0.231944444444447, 6.00000000000000 ) );
#8759 = DIRECTION( '', ( 0.000000000000000, 0.000000000000000, -1.00000000000000 ) );
#8760 = DIRECTION( '', ( 1.00000000000000, 0.000000000000000, 0.000000000000000 ) );
#8761 = DIRECTION( '', ( 1.00000000000000, -3.37494839684204E-016, 0.000000000000000 ) );
#8762 = DIRECTION( '', ( 1.00000000000000, -3.37494839684204E-016, 0.000000000000000 ) );
#8763 = CARTESIAN_POINT( '', ( 3.81000000000000, 0.231944444444447, 6.00000000000000 ) );
#8764 = DIRECTION( '', ( 0.000000000000000, 0.000000000000000, -1.00000000000000 ) );
#8765 = DIRECTION( '', ( 1.00000000000000, 0.000000000000000, 0.000000000000000 ) );
#8766 = DIRECTION( '', ( 1.00000000000000, -3.37494839684204E-016, 0.000000000000000 ) );
#8767 = CARTESIAN_POINT( '', ( 19.0500000000000, 0.231944444444447, 6.00000000000000 ) );
#8768 = DIRECTION( '', ( 0.000000000000000, 0.000000000000000, -1.00000000000000 ) );
#8769 = DIRECTION( '', ( -1.00000000000000, 0.000000000000000, 0.000000000000000 ) );
#8770 = DIRECTION( '', ( 1.00000000000000, 0.000000000000000, 0.000000000000000 ) );
#8771 = DIRECTION( '', ( 0.000000000000000, -1.00000000000000, 0.000000000000000 ) );
#8772 = DIRECTION( '', ( -1.00000000000000, 1.70740499604017E-016, 0.000000000000000 ) );
#8773 = DIRECTION( '', ( 0.000000000000000, -1.00000000000000, 0.000000000000000 ) );
#8774 = DIRECTION( '', ( 0.000000000000000, 1.00000000000000, 0.000000000000000 ) );
#8775 = DIRECTION( '', ( 0.707106781186547, 0.707106781186548, 0.000000000000000 ) );
#8776 = DIRECTION( '', ( 0.000000000000000, 0.000000000000000, -1.00000000000000 ) );
#8777 = DIRECTION( '', ( 0.707106781186547, 0.707106781186548, 0.000000000000000 ) );
#8778 = DIRECTION( '', ( 0.000000000000000, 0.000000000000000, -1.00000000000000 ) );
#8779 = DIRECTION( '', ( 1.00000000000000, 1.67789523698512E-015, 0.000000000000000 ) );
#8780 = DIRECTION( '', ( 0.000000000000000, 0.000000000000000, -1.00000000000000 ) );
#8781 = DIRECTION( '', ( 1.00000000000000, 1.67789523698512E-015, 0.000000000000000 ) );
#8782 = DIRECTION( '', ( 0.000000000000000, 0.000000000000000, -1.00000000000000 ) );
#8783 = DIRECTION( '', ( 0.000000000000000, 0.000000000000000, 1.00000000000000 ) );
#8784 = DIRECTION( '', ( 0.000000000000000, 0.000000000000000, -1.00000000000000 ) );
#8785 = DIRECTION( '', ( 0.000000000000000, 1.00000000000000, 0.000000000000000 ) );
#8786 = DIRECTION( '', ( 0.000000000000000, -1.00000000000000, 0.000000000000000 ) );
#8787 = DIRECTION( '', ( 0.000000000000000, 0.000000000000000, -1.00000000000000 ) );
#8788 = DIRECTION( '', ( 0.000000000000000, -1.00000000000000, 0.000000000000000 ) );
#8789 = DIRECTION( '', ( 0.000000000000000, -6.74614685102092E-016, -1.00000000000000 ) );
#8790 = DIRECTION( '', ( 0.000000000000000, 0.000000000000000, -1.00000000000000 ) );
#8791 = DIRECTION( '', ( 0.000000000000000, 1.00000000000000, -7.35847025059459E-016 ) );
#8792 = DIRECTION( '', ( 0.000000000000000, 0.000000000000000, 1.00000000000000 ) );
#8793 = DIRECTION( '', ( 1.00000000000000, 0.000000000000000, 0.000000000000000 ) );
#8794 = DIRECTION( '', ( 0.000000000000000, 0.000000000000000, 1.00000000000000 ) );
#8795 = DIRECTION( '', ( 0.000000000000000, 0.000000000000000, 1.00000000000000 ) );
#8796 = DIRECTION( '', ( -0.242535625036332, -4.14106537904757E-017, 0.970142500145332 ) );
#8797 = DIRECTION( '', ( 0.232402379702538, -0.286033698095432, -0.929609518810155 ) );
#8798 = DIRECTION( '', ( 0.000000000000000, -1.00000000000000, 0.000000000000000 ) );
#8799 = DIRECTION( '', ( 0.000000000000000, -6.74614685102092E-016, -1.00000000000000 ) );
#8800 = DIRECTION( '', ( -1.00000000000000, 0.000000000000000, 0.000000000000000 ) );
#8801 = DIRECTION( '', ( 0.000000000000000, 0.000000000000000, -1.00000000000000 ) );
#8802 = DIRECTION( '', ( 0.000000000000000, 0.000000000000000, -1.00000000000000 ) );
#8803 = DIRECTION( '', ( 1.00000000000000, 0.000000000000000, 0.000000000000000 ) );
#8804 = DIRECTION( '', ( 0.000000000000000, 0.000000000000000, 1.00000000000000 ) );
#8805 = DIRECTION( '', ( 0.000000000000000, 0.000000000000000, 1.00000000000000 ) );
#8806 = DIRECTION( '', ( 0.000000000000000, 0.000000000000000, 1.00000000000000 ) );
#8807 = DIRECTION( '', ( 0.000000000000000, 0.000000000000000, 1.00000000000000 ) );
#8808 = DIRECTION( '', ( 1.00000000000000, 0.000000000000000, 0.000000000000000 ) );
#8809 = DIRECTION( '', ( 0.000000000000000, 0.000000000000000, 1.00000000000000 ) );
#8810 = DIRECTION( '', ( 0.000000000000000, 0.000000000000000, 1.00000000000000 ) );
#8811 = DIRECTION( '', ( 1.00000000000000, 0.000000000000000, 0.000000000000000 ) );
#8812 = DIRECTION( '', ( -1.00000000000000, 0.000000000000000, 0.000000000000000 ) );
#8813 = DIRECTION( '', ( 0.000000000000000, 0.000000000000000, -1.00000000000000 ) );
#8814 = DIRECTION( '', ( 0.000000000000000, 0.000000000000000, 1.00000000000000 ) );
#8815 = DIRECTION( '', ( -1.00000000000000, 0.000000000000000, 0.000000000000000 ) );
#8816 = DIRECTION( '', ( 0.000000000000000, 0.000000000000000, 1.00000000000000 ) );
#8817 = DIRECTION( '', ( 0.000000000000000, 0.000000000000000, 1.00000000000000 ) );
#8818 = DIRECTION( '', ( 0.000000000000000, 6.74614685102092E-016, 1.00000000000000 ) );
#8819 = DIRECTION( '', ( 0.707106781186547, 0.707106781186548, 0.000000000000000 ) );
#8820 = DIRECTION( '', ( 0.000000000000000, 0.000000000000000, -1.00000000000000 ) );
#8821 = DIRECTION( '', ( 0.707106781186547, 0.707106781186548, 0.000000000000000 ) );
#8822 = DIRECTION( '', ( 0.000000000000000, 0.000000000000000, -1.00000000000000 ) );
#8823 = DIRECTION( '', ( 0.235702260395516, 0.235702260395516, -0.942809041582063 ) );
#8824 = DIRECTION( '', ( 0.000000000000000, 1.00000000000000, 0.000000000000000 ) );
#8825 = DIRECTION( '', ( -0.235702260395516, 0.235702260395516, 0.942809041582063 ) );
#8826 = DIRECTION( '', ( 0.000000000000000, -1.00000000000000, 0.000000000000000 ) );
#8827 = DIRECTION( '', ( -0.235702260395516, -0.235702260395516, -0.942809041582063 ) );
#8828 = DIRECTION( '', ( -1.00000000000000, -1.08420217248550E-016, 0.000000000000000 ) );
#8829 = DIRECTION( '', ( 1.00000000000000, 1.08420217248550E-016, 0.000000000000000 ) );
#8830 = DIRECTION( '', ( 0.707106781186547, -0.707106781186548, 0.000000000000000 ) );
#8831 = DIRECTION( '', ( 0.000000000000000, 0.000000000000000, -1.00000000000000 ) );
#8832 = DIRECTION( '', ( 0.707106781186547, -0.707106781186548, 0.000000000000000 ) );
#8833 = DIRECTION( '', ( 0.000000000000000, 0.000000000000000, -1.00000000000000 ) );
#8834 = DIRECTION( '', ( 0.000000000000000, 0.000000000000000, 1.00000000000000 ) );
#8835 = DIRECTION( '', ( 1.00000000000000, 0.000000000000000, 0.000000000000000 ) );
#8836 = DIRECTION( '', ( 0.000000000000000, 0.000000000000000, 1.00000000000000 ) );
#8837 = DIRECTION( '', ( -1.00000000000000, -1.70740499604017E-016, 0.000000000000000 ) );
#8838 = DIRECTION( '', ( 0.000000000000000, -1.00000000000000, 0.000000000000000 ) );
#8839 = DIRECTION( '', ( 1.00000000000000, 0.000000000000000, 0.000000000000000 ) );
#8840 = DIRECTION( '', ( 0.000000000000000, -1.00000000000000, 0.000000000000000 ) );
#8841 = DIRECTION( '', ( 0.235702260395516, -0.235702260395516, -0.942809041582063 ) );
#8842 = DIRECTION( '', ( -1.00000000000000, 0.000000000000000, 0.000000000000000 ) );
#8843 = DIRECTION( '', ( 0.000000000000000, 1.00000000000000, 0.000000000000000 ) );
#8844 = DIRECTION( '', ( 1.00000000000000, 0.000000000000000, 0.000000000000000 ) );
#8845 = DIRECTION( '', ( 0.000000000000000, 1.00000000000000, 0.000000000000000 ) );
#8846 = DIRECTION( '', ( -0.707106781186549, -0.707106781186546, 0.000000000000000 ) );
#8847 = DIRECTION( '', ( 0.000000000000000, 0.000000000000000, -1.00000000000000 ) );
#8848 = DIRECTION( '', ( -0.707106781186549, -0.707106781186546, 0.000000000000000 ) );
#8849 = DIRECTION( '', ( 0.000000000000000, 0.000000000000000, -1.00000000000000 ) );
#8850 = CARTESIAN_POINT( '', ( -11.4300000000000, 0.250000000000004, -1.70000000000000 ) );
#8851 = DIRECTION( '', ( 0.000000000000000, 0.000000000000000, -1.00000000000000 ) );
#8852 = DIRECTION( '', ( -1.00000000000000, 0.000000000000000, 0.000000000000000 ) );
#8853 = CARTESIAN_POINT( '', ( -11.4300000000000, 0.250000000000004, -2.80000000000000 ) );
#8854 = DIRECTION( '', ( 0.000000000000000, 0.000000000000000, 1.00000000000000 ) );
#8855 = DIRECTION( '', ( 1.00000000000000, 0.000000000000000, 0.000000000000000 ) );
#8856 = DIRECTION( '', ( 0.000000000000000, 0.000000000000000, 1.00000000000000 ) );
#8857 = DIRECTION( '', ( 0.000000000000000, 1.00000000000000, 0.000000000000000 ) );
#8858 = DIRECTION( '', ( 0.000000000000000, 0.000000000000000, -1.00000000000000 ) );
#8859 = DIRECTION( '', ( 0.000000000000000, 1.00000000000000, 0.000000000000000 ) );
#8860 = DIRECTION( '', ( 0.000000000000000, 0.000000000000000, 1.00000000000000 ) );
#8861 = DIRECTION( '', ( 0.000000000000000, -1.00000000000000, 0.000000000000000 ) );
#8862 = DIRECTION( '', ( -0.707106781186549, 0.707106781186546, 0.000000000000000 ) );
#8863 = DIRECTION( '', ( -1.00000000000000, -8.77253287289868E-016, 0.000000000000000 ) );
#8864 = DIRECTION( '', ( -0.707106781186549, -0.707106781186546, 0.000000000000000 ) );
#8865 = DIRECTION( '', ( 5.56338675033047E-015, -1.00000000000000, 0.000000000000000 ) );
#8866 = CARTESIAN_POINT( '', ( 19.0500000000000, 0.231944444444447, -5.20000000000000 ) );
#8867 = DIRECTION( '', ( 0.000000000000000, 0.000000000000000, -1.00000000000000 ) );
#8868 = DIRECTION( '', ( -1.00000000000000, 0.000000000000000, 0.000000000000000 ) );
#8869 = DIRECTION( '', ( 5.56338675033047E-015, 1.00000000000000, 0.000000000000000 ) );
#8870 = DIRECTION( '', ( 0.000000000000000, 0.000000000000000, -1.00000000000000 ) );
#8871 = DIRECTION( '', ( 5.56338675033047E-015, -1.00000000000000, 0.000000000000000 ) );
#8872 = DIRECTION( '', ( 0.000000000000000, 0.000000000000000, -1.00000000000000 ) );
#8873 = DIRECTION( '', ( -1.00000000000000, 0.000000000000000, 0.000000000000000 ) );
#8874 = DIRECTION( '', ( 1.00000000000000, 0.000000000000000, 0.000000000000000 ) );
#8875 = DIRECTION( '', ( 0.000000000000000, 0.000000000000000, 1.00000000000000 ) );
#8876 = DIRECTION( '', ( 0.000000000000000, 1.00000000000000, 0.000000000000000 ) );
#8877 = DIRECTION( '', ( 0.000000000000000, -6.74614685102092E-016, -1.00000000000000 ) );
#8878 = DIRECTION( '', ( 5.56338675033047E-015, 1.00000000000000, 0.000000000000000 ) );
#8879 = DIRECTION( '', ( 0.000000000000000, 0.000000000000000, -1.00000000000000 ) );
#8880 = DIRECTION( '', ( 0.232402379702538, 0.286033698095432, 0.929609518810155 ) );
#8881 = DIRECTION( '', ( -1.00000000000000, 0.000000000000000, 0.000000000000000 ) );
#8882 = DIRECTION( '', ( 0.232402379702538, -0.286033698095432, -0.929609518810155 ) );
#8883 = DIRECTION( '', ( -1.00000000000000, 0.000000000000000, 0.000000000000000 ) );
#8884 = DIRECTION( '', ( 0.707106781186549, -0.707106781186546, 0.000000000000000 ) );
#8885 = DIRECTION( '', ( 0.000000000000000, 0.000000000000000, -1.00000000000000 ) );
#8886 = DIRECTION( '', ( 0.707106781186549, -0.707106781186546, 0.000000000000000 ) );
#8887 = DIRECTION( '', ( 0.000000000000000, 1.00000000000000, 0.000000000000000 ) );
#8888 = DIRECTION( '', ( 0.000000000000000, -1.00000000000000, 0.000000000000000 ) );
#8889 = DIRECTION( '', ( 0.000000000000000, 0.000000000000000, 1.00000000000000 ) );
#8890 = DIRECTION( '', ( 0.000000000000000, 0.000000000000000, 1.00000000000000 ) );
#8891 = CARTESIAN_POINT( '', ( -19.0500000000000, 0.231944444444447, -5.20000000000000 ) );
#8892 = DIRECTION( '', ( 0.000000000000000, 0.000000000000000, -1.00000000000000 ) );
#8893 = DIRECTION( '', ( 1.00000000000000, 0.000000000000000, 0.000000000000000 ) );
#8894 = DIRECTION( '', ( 0.000000000000000, 0.000000000000000, -1.00000000000000 ) );
#8895 = CARTESIAN_POINT( '', ( -19.0500000000000, 0.231944444444447, -2.80000000000000 ) );
#8896 = DIRECTION( '', ( 0.000000000000000, 0.000000000000000, 1.00000000000000 ) );
#8897 = DIRECTION( '', ( 1.00000000000000, 0.000000000000000, 0.000000000000000 ) );
#8898 = DIRECTION( '', ( 0.000000000000000, 0.000000000000000, -1.00000000000000 ) );
#8899 = CARTESIAN_POINT( '', ( -19.0500000000000, 0.231944444444447, -5.20000000000000 ) );
#8900 = DIRECTION( '', ( 0.000000000000000, 0.000000000000000, -1.00000000000000 ) );
#8901 = DIRECTION( '', ( 1.00000000000000, 0.000000000000000, 0.000000000000000 ) );
#8902 = DIRECTION( '', ( 0.000000000000000, 1.00000000000000, 0.000000000000000 ) );
#8903 = DIRECTION( '', ( 0.000000000000000, 0.000000000000000, -1.00000000000000 ) );
#8904 = DIRECTION( '', ( 0.000000000000000, -1.00000000000000, 0.000000000000000 ) );
#8905 = DIRECTION( '', ( 0.000000000000000, 0.000000000000000, 1.00000000000000 ) );
#8906 = DIRECTION( '', ( 0.000000000000000, 0.000000000000000, 1.00000000000000 ) );
#8907 = DIRECTION( '', ( 0.000000000000000, -1.00000000000000, 0.000000000000000 ) );
#8908 = DIRECTION( '', ( 0.000000000000000, 0.000000000000000, -1.00000000000000 ) );
#8909 = DIRECTION( '', ( 0.000000000000000, 1.00000000000000, 0.000000000000000 ) );
#8910 = DIRECTION( '', ( 0.000000000000000, -1.00000000000000, 0.000000000000000 ) );
#8911 = DIRECTION( '', ( 0.000000000000000, 0.000000000000000, 1.00000000000000 ) );
#8912 = DIRECTION( '', ( 0.000000000000000, 1.00000000000000, 0.000000000000000 ) );
#8913 = DIRECTION( '', ( 0.000000000000000, 0.000000000000000, 1.00000000000000 ) );
#8914 = DIRECTION( '', ( 0.000000000000000, 6.74614685102092E-016, 1.00000000000000 ) );
#8915 = DIRECTION( '', ( 0.000000000000000, 1.00000000000000, 0.000000000000000 ) );
#8916 = DIRECTION( '', ( 0.000000000000000, 0.000000000000000, 1.00000000000000 ) );
#8917 = DIRECTION( '', ( -1.00000000000000, 0.000000000000000, 0.000000000000000 ) );
#8918 = DIRECTION( '', ( 0.000000000000000, 1.00000000000000, -7.35847025059459E-016 ) );
#8919 = DIRECTION( '', ( -0.242535625036332, -4.14106537904757E-017, 0.970142500145332 ) );
#8920 = DIRECTION( '', ( 0.232402379702538, -0.286033698095432, -0.929609518810155 ) );
#8921 = DIRECTION( '', ( 0.000000000000000, 1.00000000000000, 0.000000000000000 ) );
#8922 = DIRECTION( '', ( 0.000000000000000, 1.00000000000000, 0.000000000000000 ) );
#8923 = DIRECTION( '', ( 0.000000000000000, 0.000000000000000, -1.00000000000000 ) );
#8924 = DIRECTION( '', ( -1.00000000000000, -1.70740499604017E-016, 0.000000000000000 ) );
#8925 = DIRECTION( '', ( 0.000000000000000, -1.00000000000000, 0.000000000000000 ) );
#8926 = DIRECTION( '', ( 1.00000000000000, 0.000000000000000, 0.000000000000000 ) );
#8927 = DIRECTION( '', ( -1.00000000000000, 1.95754444314931E-015, 0.000000000000000 ) );
#8928 = DIRECTION( '', ( -1.00000000000000, 1.95754444314931E-015, 0.000000000000000 ) );
#8929 = DIRECTION( '', ( 0.000000000000000, 1.00000000000000, 0.000000000000000 ) );
#8930 = DIRECTION( '', ( 0.000000000000000, -6.74614685102092E-016, -1.00000000000000 ) );
#8931 = DIRECTION( '', ( 0.000000000000000, 0.000000000000000, 1.00000000000000 ) );
#8932 = DIRECTION( '', ( -1.00000000000000, -1.95754444314931E-015, 0.000000000000000 ) );
#8933 = DIRECTION( '', ( 0.000000000000000, 0.000000000000000, -1.00000000000000 ) );
#8934 = DIRECTION( '', ( -1.00000000000000, -1.95754444314931E-015, 0.000000000000000 ) );
#8935 = DIRECTION( '', ( 0.000000000000000, 0.000000000000000, -1.00000000000000 ) );
#8936 = DIRECTION( '', ( 0.000000000000000, -1.00000000000000, 7.35847025059459E-016 ) );
#8937 = DIRECTION( '', ( -1.00000000000000, 0.000000000000000, 0.000000000000000 ) );
#8938 = DIRECTION( '', ( 0.235702260395516, 0.235702260395516, -0.942809041582063 ) );
#8939 = DIRECTION( '', ( 1.00000000000000, 1.08420217248550E-016, 0.000000000000000 ) );
#8940 = DIRECTION( '', ( -2.78169337516524E-015, -1.00000000000000, 0.000000000000000 ) );
#8941 = DIRECTION( '', ( 1.00000000000000, -3.37494839684204E-016, 0.000000000000000 ) );
#8942 = CARTESIAN_POINT( '', ( 3.81000000000000, 0.231944444444447, -5.20000000000000 ) );
#8943 = DIRECTION( '', ( 0.000000000000000, 0.000000000000000, -1.00000000000000 ) );
#8944 = DIRECTION( '', ( 1.00000000000000, 0.000000000000000, 0.000000000000000 ) );
#8945 = DIRECTION( '', ( 5.56338675033047E-015, 1.00000000000000, 0.000000000000000 ) );
#8946 = DIRECTION( '', ( -0.707106781186549, 0.707106781186546, 0.000000000000000 ) );
#8947 = DIRECTION( '', ( -1.00000000000000, 8.77253287289868E-016, 0.000000000000000 ) );
#8948 = DIRECTION( '', ( -0.707106781186549, -0.707106781186546, 0.000000000000000 ) );
#8949 = DIRECTION( '', ( -0.707106781186549, -0.707106781186546, 0.000000000000000 ) );
#8950 = DIRECTION( '', ( -0.707106781186549, -0.707106781186546, 0.000000000000000 ) );
#8951 = DIRECTION( '', ( 0.000000000000000, 0.000000000000000, -1.00000000000000 ) );
#8952 = DIRECTION( '', ( -0.242535625036332, -4.14106537904757E-017, 0.970142500145332 ) );
#8953 = DIRECTION( '', ( 0.232402379702538, -0.286033698095432, -0.929609518810155 ) );
#8954 = DIRECTION( '', ( 0.000000000000000, -1.00000000000000, 0.000000000000000 ) );
#8955 = DIRECTION( '', ( 0.000000000000000, 0.000000000000000, -1.00000000000000 ) );
#8956 = DIRECTION( '', ( -0.707106781186549, -0.707106781186546, 0.000000000000000 ) );
#8957 = DIRECTION( '', ( 0.000000000000000, 1.00000000000000, 0.000000000000000 ) );
#8958 = DIRECTION( '', ( 0.000000000000000, -6.74614685102092E-016, -1.00000000000000 ) );
#8959 = DIRECTION( '', ( 0.000000000000000, 0.000000000000000, 1.00000000000000 ) );
#8960 = DIRECTION( '', ( 5.56338675033047E-015, 1.00000000000000, 0.000000000000000 ) );
#8961 = DIRECTION( '', ( 0.000000000000000, 0.000000000000000, -1.00000000000000 ) );
#8962 = DIRECTION( '', ( 5.56338675033047E-015, 1.00000000000000, 0.000000000000000 ) );
#8963 = DIRECTION( '', ( 0.000000000000000, 0.000000000000000, -1.00000000000000 ) );
#8964 = CARTESIAN_POINT( '', ( 11.4300000000000, 0.250000000000004, -1.20000000000000 ) );
#8965 = DIRECTION( '', ( 0.000000000000000, 0.000000000000000, -1.00000000000000 ) );
#8966 = DIRECTION( '', ( -1.00000000000000, 0.000000000000000, 0.000000000000000 ) );
#8967 = DIRECTION( '', ( -0.242535625036332, -4.14106537904757E-017, -0.970142500145332 ) );
#8968 = DIRECTION( '', ( 0.000000000000000, -1.00000000000000, 0.000000000000000 ) );
#8969 = DIRECTION( '', ( 0.000000000000000, -1.00000000000000, 0.000000000000000 ) );
#8970 = CARTESIAN_POINT( '', ( -19.0500000000000, 0.250000000000004, -1.70000000000000 ) );
#8971 = DIRECTION( '', ( 0.000000000000000, 0.000000000000000, -1.00000000000000 ) );
#8972 = DIRECTION( '', ( -1.00000000000000, 0.000000000000000, 0.000000000000000 ) );
#8973 = CARTESIAN_POINT( '', ( -19.0500000000000, 0.250000000000004, -2.80000000000000 ) );
#8974 = DIRECTION( '', ( 0.000000000000000, 0.000000000000000, 1.00000000000000 ) );
#8975 = DIRECTION( '', ( 1.00000000000000, 0.000000000000000, 0.000000000000000 ) );
#8976 = DIRECTION( '', ( 0.000000000000000, 0.000000000000000, -1.00000000000000 ) );
#8977 = DIRECTION( '', ( -0.707106781186549, -0.707106781186546, 0.000000000000000 ) );
#8978 = DIRECTION( '', ( 0.000000000000000, 0.000000000000000, -1.00000000000000 ) );
#8979 = DIRECTION( '', ( 0.707106781186547, 0.707106781186548, 0.000000000000000 ) );
#8980 = DIRECTION( '', ( 0.000000000000000, 0.000000000000000, -1.00000000000000 ) );
#8981 = DIRECTION( '', ( 0.707106781186547, 0.707106781186548, 0.000000000000000 ) );
#8982 = DIRECTION( '', ( 0.000000000000000, 1.00000000000000, 0.000000000000000 ) );
#8983 = DIRECTION( '', ( 0.000000000000000, 0.000000000000000, 1.00000000000000 ) );
#8984 = DIRECTION( '', ( 0.000000000000000, -1.00000000000000, 0.000000000000000 ) );
#8985 = DIRECTION( '', ( -0.235702260395516, 0.235702260395516, -0.942809041582063 ) );
#8986 = DIRECTION( '', ( -1.00000000000000, 0.000000000000000, 0.000000000000000 ) );
#8987 = DIRECTION( '', ( 0.707106781186549, -0.707106781186546, 0.000000000000000 ) );
#8988 = DIRECTION( '', ( 0.000000000000000, 0.000000000000000, -1.00000000000000 ) );
#8989 = DIRECTION( '', ( 0.707106781186549, -0.707106781186546, 0.000000000000000 ) );
#8990 = DIRECTION( '', ( 1.00000000000000, -7.51931389105602E-016, 0.000000000000000 ) );
#8991 = DIRECTION( '', ( 0.000000000000000, 0.000000000000000, -1.00000000000000 ) );
#8992 = DIRECTION( '', ( 1.00000000000000, -7.51931389105602E-016, 0.000000000000000 ) );
#8993 = DIRECTION( '', ( 0.000000000000000, 1.00000000000000, 0.000000000000000 ) );
#8994 = DIRECTION( '', ( 0.000000000000000, 0.000000000000000, -1.00000000000000 ) );
#8995 = DIRECTION( '', ( 0.000000000000000, 1.00000000000000, 0.000000000000000 ) );
#8996 = DIRECTION( '', ( 0.000000000000000, 0.000000000000000, -1.00000000000000 ) );
#8997 = DIRECTION( '', ( 5.56338675033047E-015, 1.00000000000000, 0.000000000000000 ) );
#8998 = DIRECTION( '', ( 5.56338675033047E-015, 1.00000000000000, 0.000000000000000 ) );
#8999 = DIRECTION( '', ( 0.000000000000000, 0.000000000000000, -1.00000000000000 ) );
#9000 = DIRECTION( '', ( 0.000000000000000, 6.74614685102092E-016, 1.00000000000000 ) );
#9001 = DIRECTION( '', ( -1.00000000000000, 1.70740499604017E-016, 0.000000000000000 ) );
#9002 = DIRECTION( '', ( 0.000000000000000, -1.00000000000000, 0.000000000000000 ) );
#9003 = DIRECTION( '', ( 1.00000000000000, 0.000000000000000, 0.000000000000000 ) );
#9004 = DIRECTION( '', ( 0.000000000000000, -1.00000000000000, 0.000000000000000 ) );
#9005 = DIRECTION( '', ( 1.00000000000000, 7.51931389105602E-016, 0.000000000000000 ) );
#9006 = DIRECTION( '', ( 0.000000000000000, 0.000000000000000, -1.00000000000000 ) );
#9007 = DIRECTION( '', ( 1.00000000000000, 7.51931389105602E-016, 0.000000000000000 ) );
#9008 = DIRECTION( '', ( -2.78169337516524E-015, -1.00000000000000, 0.000000000000000 ) );
#9009 = DIRECTION( '', ( -2.78169337516524E-015, -1.00000000000000, 0.000000000000000 ) );
#9010 = DIRECTION( '', ( -1.00000000000000, 0.000000000000000, 0.000000000000000 ) );
#9011 = DIRECTION( '', ( 0.000000000000000, 0.000000000000000, -1.00000000000000 ) );
#9012 = DIRECTION( '', ( -1.00000000000000, 8.77253287289868E-016, 0.000000000000000 ) );
#9013 = DIRECTION( '', ( 0.000000000000000, 0.000000000000000, -1.00000000000000 ) );
#9014 = DIRECTION( '', ( -1.00000000000000, 0.000000000000000, 0.000000000000000 ) );
#9015 = DIRECTION( '', ( 0.000000000000000, 0.000000000000000, 1.00000000000000 ) );
#9016 = DIRECTION( '', ( 0.000000000000000, 0.000000000000000, -1.00000000000000 ) );
#9017 = DIRECTION( '', ( 0.000000000000000, -1.00000000000000, 0.000000000000000 ) );
#9018 = DIRECTION( '', ( 0.000000000000000, 0.000000000000000, 1.00000000000000 ) );
#9019 = DIRECTION( '', ( 0.000000000000000, -1.00000000000000, 0.000000000000000 ) );
#9020 = DIRECTION( '', ( -1.00000000000000, 0.000000000000000, 0.000000000000000 ) );
#9021 = DIRECTION( '', ( 0.000000000000000, 1.00000000000000, 0.000000000000000 ) );
#9022 = DIRECTION( '', ( 1.00000000000000, 0.000000000000000, 0.000000000000000 ) );
#9023 = DIRECTION( '', ( 0.000000000000000, -1.00000000000000, 0.000000000000000 ) );
#9024 = DIRECTION( '', ( -1.00000000000000, 0.000000000000000, 0.000000000000000 ) );
#9025 = DIRECTION( '', ( 0.000000000000000, 1.00000000000000, 0.000000000000000 ) );
#9026 = DIRECTION( '', ( -1.00000000000000, 0.000000000000000, 0.000000000000000 ) );
#9027 = DIRECTION( '', ( -1.00000000000000, 0.000000000000000, 0.000000000000000 ) );
#9028 = DIRECTION( '', ( 0.000000000000000, -1.00000000000000, 0.000000000000000 ) );
#9029 = DIRECTION( '', ( 0.000000000000000, 1.00000000000000, 0.000000000000000 ) );
#9030 = DIRECTION( '', ( 0.000000000000000, 0.000000000000000, 1.00000000000000 ) );
#9031 = DIRECTION( '', ( 0.000000000000000, 1.00000000000000, 0.000000000000000 ) );
#9032 = DIRECTION( '', ( -1.00000000000000, 0.000000000000000, 0.000000000000000 ) );
#9033 = DIRECTION( '', ( -1.00000000000000, 0.000000000000000, 0.000000000000000 ) );
#9034 = DIRECTION( '', ( 0.000000000000000, 0.000000000000000, 1.00000000000000 ) );
#9035 = DIRECTION( '', ( 0.000000000000000, 1.00000000000000, 0.000000000000000 ) );
#9036 = DIRECTION( '', ( 0.000000000000000, 1.00000000000000, 0.000000000000000 ) );
#9037 = DIRECTION( '', ( 0.000000000000000, 0.000000000000000, -1.00000000000000 ) );
#9038 = DIRECTION( '', ( 0.707106781186547, 0.707106781186548, 0.000000000000000 ) );
#9039 = DIRECTION( '', ( 0.707106781186547, 0.707106781186548, 0.000000000000000 ) );
#9040 = DIRECTION( '', ( 0.000000000000000, 0.000000000000000, -1.00000000000000 ) );
#9041 = DIRECTION( '', ( -1.00000000000000, -1.70740499604017E-016, 0.000000000000000 ) );
#9042 = DIRECTION( '', ( 0.000000000000000, -1.00000000000000, 0.000000000000000 ) );
#9043 = DIRECTION( '', ( 1.00000000000000, 0.000000000000000, 0.000000000000000 ) );
#9044 = DIRECTION( '', ( -0.707106781186549, 0.707106781186546, 0.000000000000000 ) );
#9045 = DIRECTION( '', ( -0.707106781186549, 0.707106781186546, 0.000000000000000 ) );
#9046 = DIRECTION( '', ( 0.000000000000000, 0.000000000000000, -1.00000000000000 ) );
#9047 = DIRECTION( '', ( 3.22618734930235E-015, 1.00000000000000, 0.000000000000000 ) );
#9048 = DIRECTION( '', ( -1.00000000000000, 1.70740499604017E-016, 0.000000000000000 ) );
#9049 = DIRECTION( '', ( 1.00000000000000, -1.67789523698512E-015, 0.000000000000000 ) );
#9050 = DIRECTION( '', ( 0.707106781186549, 0.707106781186546, 0.000000000000000 ) );
#9051 = DIRECTION( '', ( 0.000000000000000, 1.00000000000000, 0.000000000000000 ) );
#9052 = DIRECTION( '', ( 0.000000000000000, 1.00000000000000, 0.000000000000000 ) );
#9053 = DIRECTION( '', ( 0.000000000000000, 0.000000000000000, -1.00000000000000 ) );
#9054 = DIRECTION( '', ( 0.707106781186549, -0.707106781186546, 0.000000000000000 ) );
#9055 = DIRECTION( '', ( 0.707106781186549, -0.707106781186546, 0.000000000000000 ) );
#9056 = DIRECTION( '', ( -0.242535625036332, 4.14106537904757E-017, 0.970142500145332 ) );
#9057 = DIRECTION( '', ( 0.000000000000000, -1.00000000000000, 0.000000000000000 ) );
#9058 = DIRECTION( '', ( 0.000000000000000, 0.000000000000000, -1.00000000000000 ) );
#9059 = DIRECTION( '', ( 3.22618734930235E-015, 1.00000000000000, 0.000000000000000 ) );
#9060 = DIRECTION( '', ( 0.000000000000000, 0.000000000000000, -1.00000000000000 ) );
#9061 = DIRECTION( '', ( -0.707106781186549, 0.707106781186546, 0.000000000000000 ) );
#9062 = DIRECTION( '', ( 0.000000000000000, 0.000000000000000, -1.00000000000000 ) );
#9063 = DIRECTION( '', ( -0.242535625036332, -4.14106537904757E-017, -0.970142500145332 ) );
#9064 = DIRECTION( '', ( 0.000000000000000, -1.00000000000000, 0.000000000000000 ) );
#9065 = DIRECTION( '', ( 0.000000000000000, 0.000000000000000, 1.00000000000000 ) );
#9066 = DIRECTION( '', ( 1.00000000000000, 0.000000000000000, 0.000000000000000 ) );
#9067 = DIRECTION( '', ( -1.00000000000000, 0.000000000000000, 0.000000000000000 ) );
#9068 = DIRECTION( '', ( -1.00000000000000, 0.000000000000000, 0.000000000000000 ) );
#9069 = DIRECTION( '', ( 1.00000000000000, 0.000000000000000, 0.000000000000000 ) );
#9070 = DIRECTION( '', ( 0.000000000000000, 0.000000000000000, 1.00000000000000 ) );
#9071 = CARTESIAN_POINT( '', ( 19.0500000000000, 0.231944444444447, -2.80000000000000 ) );
#9072 = DIRECTION( '', ( 0.000000000000000, 0.000000000000000, 1.00000000000000 ) );
#9073 = DIRECTION( '', ( -1.00000000000000, 0.000000000000000, 0.000000000000000 ) );
#9074 = DIRECTION( '', ( 0.000000000000000, 0.000000000000000, -1.00000000000000 ) );
#9075 = CARTESIAN_POINT( '', ( 19.0500000000000, 0.231944444444447, -5.20000000000000 ) );
#9076 = DIRECTION( '', ( 0.000000000000000, 0.000000000000000, -1.00000000000000 ) );
#9077 = DIRECTION( '', ( -1.00000000000000, 0.000000000000000, 0.000000000000000 ) );
#9078 = DIRECTION( '', ( 1.00000000000000, 0.000000000000000, 0.000000000000000 ) );
#9079 = DIRECTION( '', ( 0.000000000000000, 0.000000000000000, 1.00000000000000 ) );
#9080 = CARTESIAN_POINT( '', ( -11.4300000000000, 0.231944444444447, -5.20000000000000 ) );
#9081 = DIRECTION( '', ( 0.000000000000000, 0.000000000000000, -1.00000000000000 ) );
#9082 = DIRECTION( '', ( 1.00000000000000, 0.000000000000000, 0.000000000000000 ) );
#9083 = DIRECTION( '', ( -1.00000000000000, 8.77253287289868E-016, 0.000000000000000 ) );
#9084 = DIRECTION( '', ( -0.707106781186549, -0.707106781186546, 0.000000000000000 ) );
#9085 = DIRECTION( '', ( 0.000000000000000, 0.000000000000000, 1.00000000000000 ) );
#9086 = DIRECTION( '', ( 0.000000000000000, 6.74614685102092E-016, 1.00000000000000 ) );
#9087 = DIRECTION( '', ( 0.000000000000000, 0.000000000000000, 1.00000000000000 ) );
#9088 = DIRECTION( '', ( -1.00000000000000, -1.70740499604017E-016, 0.000000000000000 ) );
#9089 = DIRECTION( '', ( -1.00000000000000, -8.77253287289868E-016, 0.000000000000000 ) );
#9090 = CARTESIAN_POINT( '', ( -19.0500000000000, 0.250000000000004, -1.20000000000000 ) );
#9091 = DIRECTION( '', ( 0.000000000000000, 0.000000000000000, -1.00000000000000 ) );
#9092 = DIRECTION( '', ( -1.00000000000000, 0.000000000000000, 0.000000000000000 ) );
#9093 = DIRECTION( '', ( 1.00000000000000, 0.000000000000000, 0.000000000000000 ) );
#9094 = DIRECTION( '', ( 3.22618734930235E-015, -1.00000000000000, 0.000000000000000 ) );
#9095 = DIRECTION( '', ( 0.000000000000000, 0.000000000000000, -1.00000000000000 ) );
#9096 = DIRECTION( '', ( 3.22618734930235E-015, -1.00000000000000, 0.000000000000000 ) );
#9097 = DIRECTION( '', ( 0.000000000000000, 1.00000000000000, 0.000000000000000 ) );
#9098 = DIRECTION( '', ( 0.000000000000000, 0.000000000000000, 1.00000000000000 ) );
#9099 = DIRECTION( '', ( 0.000000000000000, -1.00000000000000, 0.000000000000000 ) );
#9100 = DIRECTION( '', ( 0.000000000000000, 0.000000000000000, 1.00000000000000 ) );
#9101 = DIRECTION( '', ( 0.000000000000000, 0.000000000000000, 1.00000000000000 ) );
#9102 = DIRECTION( '', ( 0.000000000000000, 1.00000000000000, 0.000000000000000 ) );
#9103 = DIRECTION( '', ( 0.000000000000000, 0.000000000000000, 1.00000000000000 ) );
#9104 = DIRECTION( '', ( 0.000000000000000, -1.00000000000000, 0.000000000000000 ) );
#9105 = CARTESIAN_POINT( '', ( -3.81000000000000, 0.250000000000004, -2.80000000000000 ) );
#9106 = DIRECTION( '', ( 0.000000000000000, 0.000000000000000, 1.00000000000000 ) );
#9107 = DIRECTION( '', ( 1.00000000000000, 0.000000000000000, 0.000000000000000 ) );
#9108 = DIRECTION( '', ( 0.000000000000000, 0.000000000000000, 1.00000000000000 ) );
#9109 = DIRECTION( '', ( -1.00000000000000, 0.000000000000000, 0.000000000000000 ) );
#9110 = DIRECTION( '', ( -1.00000000000000, 0.000000000000000, 0.000000000000000 ) );
#9111 = DIRECTION( '', ( -1.00000000000000, 0.000000000000000, 0.000000000000000 ) );
#9112 = DIRECTION( '', ( 0.232402379702538, 0.286033698095432, 0.929609518810155 ) );
#9113 = DIRECTION( '', ( -1.00000000000000, 0.000000000000000, 0.000000000000000 ) );
#9114 = DIRECTION( '', ( -0.707106781186549, -0.707106781186546, 0.000000000000000 ) );
#9115 = DIRECTION( '', ( -1.00000000000000, 0.000000000000000, 0.000000000000000 ) );
#9116 = DIRECTION( '', ( -1.00000000000000, 0.000000000000000, 0.000000000000000 ) );
#9117 = DIRECTION( '', ( -1.00000000000000, 0.000000000000000, 0.000000000000000 ) );
#9118 = DIRECTION( '', ( 1.00000000000000, 0.000000000000000, 0.000000000000000 ) );
#9119 = DIRECTION( '', ( -1.00000000000000, 0.000000000000000, 0.000000000000000 ) );
#9120 = DIRECTION( '', ( 1.00000000000000, -1.67789523698512E-015, 0.000000000000000 ) );
#9121 = DIRECTION( '', ( 0.000000000000000, 0.000000000000000, -1.00000000000000 ) );
#9122 = DIRECTION( '', ( 3.22618734930235E-015, -1.00000000000000, 0.000000000000000 ) );
#9123 = DIRECTION( '', ( 0.000000000000000, 0.000000000000000, -1.00000000000000 ) );
#9124 = DIRECTION( '', ( 3.22618734930235E-015, -1.00000000000000, 0.000000000000000 ) );
#9125 = DIRECTION( '', ( -1.00000000000000, -1.70740499604017E-016, 0.000000000000000 ) );
#9126 = DIRECTION( '', ( -0.242535625036332, 4.14106537904757E-017, -0.970142500145332 ) );
#9127 = DIRECTION( '', ( 1.00000000000000, 0.000000000000000, 0.000000000000000 ) );
#9128 = DIRECTION( '', ( 0.000000000000000, 0.000000000000000, -1.00000000000000 ) );
#9129 = DIRECTION( '', ( -1.00000000000000, -1.70740499604017E-016, 0.000000000000000 ) );
#9130 = DIRECTION( '', ( 1.00000000000000, 0.000000000000000, 0.000000000000000 ) );
#9131 = DIRECTION( '', ( -1.00000000000000, -1.70740499604017E-016, 0.000000000000000 ) );
#9132 = DIRECTION( '', ( 1.00000000000000, 0.000000000000000, 0.000000000000000 ) );
#9133 = DIRECTION( '', ( -1.00000000000000, -1.70740499604017E-016, 0.000000000000000 ) );
#9134 = DIRECTION( '', ( 1.00000000000000, 0.000000000000000, 0.000000000000000 ) );
#9135 = DIRECTION( '', ( -1.00000000000000, -1.70740499604017E-016, 0.000000000000000 ) );
#9136 = DIRECTION( '', ( 1.00000000000000, 0.000000000000000, 0.000000000000000 ) );
#9137 = DIRECTION( '', ( -1.00000000000000, -1.70740499604017E-016, 0.000000000000000 ) );
#9138 = DIRECTION( '', ( 1.00000000000000, 0.000000000000000, 0.000000000000000 ) );
#9139 = DIRECTION( '', ( 0.000000000000000, 0.000000000000000, -1.00000000000000 ) );
#9140 = DIRECTION( '', ( -1.00000000000000, -1.70740499604017E-016, 0.000000000000000 ) );
#9141 = DIRECTION( '', ( -0.242535625036332, -4.14106537904757E-017, 0.970142500145332 ) );
#9142 = DIRECTION( '', ( -1.00000000000000, -1.70740499604017E-016, 0.000000000000000 ) );
#9143 = DIRECTION( '', ( -0.242535625036332, -4.14106537904757E-017, 0.970142500145332 ) );
#9144 = DIRECTION( '', ( -0.242535625036332, -4.14106537904757E-017, -0.970142500145332 ) );
#9145 = DIRECTION( '', ( -0.707106781186549, 0.707106781186546, 0.000000000000000 ) );
#9146 = DIRECTION( '', ( -0.707106781186549, 0.707106781186546, 0.000000000000000 ) );
#9147 = DIRECTION( '', ( 0.000000000000000, 0.000000000000000, -1.00000000000000 ) );
#9148 = DIRECTION( '', ( 1.00000000000000, 0.000000000000000, 0.000000000000000 ) );
#9149 = CARTESIAN_POINT( '', ( 3.81000000000000, 0.250000000000004, -1.20000000000000 ) );
#9150 = DIRECTION( '', ( 0.000000000000000, 0.000000000000000, -1.00000000000000 ) );
#9151 = DIRECTION( '', ( -1.00000000000000, 0.000000000000000, 0.000000000000000 ) );
#9152 = CARTESIAN_POINT( '', ( 3.81000000000000, 0.250000000000004, -1.70000000000000 ) );
#9153 = DIRECTION( '', ( 0.000000000000000, 0.000000000000000, -1.00000000000000 ) );
#9154 = DIRECTION( '', ( -1.00000000000000, 0.000000000000000, 0.000000000000000 ) );
#9155 = DIRECTION( '', ( 0.000000000000000, 0.000000000000000, -1.00000000000000 ) );
#9156 = DIRECTION( '', ( 5.56338675033047E-015, 1.00000000000000, 0.000000000000000 ) );
#9157 = DIRECTION( '', ( 0.000000000000000, 0.000000000000000, -1.00000000000000 ) );
#9158 = DIRECTION( '', ( -2.78169337516524E-015, 1.00000000000000, 0.000000000000000 ) );
#9159 = DIRECTION( '', ( -2.78169337516524E-015, 1.00000000000000, 0.000000000000000 ) );
#9160 = DIRECTION( '', ( -1.00000000000000, 8.77253287289868E-016, 0.000000000000000 ) );
#9161 = DIRECTION( '', ( 0.000000000000000, 0.000000000000000, -1.00000000000000 ) );
#9162 = DIRECTION( '', ( -1.00000000000000, 0.000000000000000, 0.000000000000000 ) );
#9163 = DIRECTION( '', ( 1.00000000000000, 0.000000000000000, 0.000000000000000 ) );
#9164 = DIRECTION( '', ( 3.22618734930235E-015, -1.00000000000000, 0.000000000000000 ) );
#9165 = DIRECTION( '', ( -2.78169337516524E-015, -1.00000000000000, 0.000000000000000 ) );
#9166 = DIRECTION( '', ( 0.707106781186549, -0.707106781186546, 0.000000000000000 ) );
#9167 = DIRECTION( '', ( 0.707106781186549, -0.707106781186546, 0.000000000000000 ) );
#9168 = DIRECTION( '', ( 0.000000000000000, 0.000000000000000, -1.00000000000000 ) );
#9169 = DIRECTION( '', ( 0.000000000000000, -1.00000000000000, 0.000000000000000 ) );
#9170 = DIRECTION( '', ( -1.00000000000000, 8.77253287289868E-016, 0.000000000000000 ) );
#9171 = DIRECTION( '', ( -1.00000000000000, 8.77253287289868E-016, 0.000000000000000 ) );
#9172 = DIRECTION( '', ( 0.000000000000000, 1.00000000000000, 0.000000000000000 ) );
#9173 = DIRECTION( '', ( 0.000000000000000, 0.000000000000000, -1.00000000000000 ) );
#9174 = DIRECTION( '', ( -0.707106781186549, 0.707106781186546, 0.000000000000000 ) );
#9175 = DIRECTION( '', ( 1.00000000000000, 0.000000000000000, 0.000000000000000 ) );
#9176 = DIRECTION( '', ( -1.00000000000000, 0.000000000000000, 0.000000000000000 ) );
#9177 = DIRECTION( '', ( 0.000000000000000, -1.00000000000000, 0.000000000000000 ) );
#9178 = DIRECTION( '', ( 0.707106781186547, 0.707106781186548, 0.000000000000000 ) );
#9179 = DIRECTION( '', ( 0.000000000000000, 0.000000000000000, -1.00000000000000 ) );
#9180 = DIRECTION( '', ( -1.00000000000000, 0.000000000000000, 0.000000000000000 ) );
#9181 = DIRECTION( '', ( 1.00000000000000, 0.000000000000000, 0.000000000000000 ) );
#9182 = DIRECTION( '', ( -1.00000000000000, 0.000000000000000, 0.000000000000000 ) );
#9183 = DIRECTION( '', ( -1.00000000000000, 0.000000000000000, 0.000000000000000 ) );
#9184 = DIRECTION( '', ( 5.56338675033047E-015, 1.00000000000000, 0.000000000000000 ) );
#9185 = DIRECTION( '', ( 0.707106781186547, 0.707106781186548, 0.000000000000000 ) );
#9186 = DIRECTION( '', ( 1.00000000000000, -7.51931389105602E-016, 0.000000000000000 ) );
#9187 = DIRECTION( '', ( 1.00000000000000, -7.51931389105602E-016, 0.000000000000000 ) );
#9188 = DIRECTION( '', ( -0.707106781186549, 0.707106781186546, 0.000000000000000 ) );
#9189 = DIRECTION( '', ( 0.000000000000000, 0.000000000000000, -1.00000000000000 ) );
#9190 = DIRECTION( '', ( 0.000000000000000, 1.00000000000000, 0.000000000000000 ) );
#9191 = DIRECTION( '', ( 0.000000000000000, 1.00000000000000, 0.000000000000000 ) );
#9192 = CARTESIAN_POINT( '', ( 19.0500000000000, 0.250000000000004, -1.20000000000000 ) );
#9193 = DIRECTION( '', ( 0.000000000000000, 0.000000000000000, -1.00000000000000 ) );
#9194 = DIRECTION( '', ( -1.00000000000000, 0.000000000000000, 0.000000000000000 ) );
#9195 = CARTESIAN_POINT( '', ( 19.0500000000000, 0.250000000000004, -1.70000000000000 ) );
#9196 = DIRECTION( '', ( 0.000000000000000, 0.000000000000000, -1.00000000000000 ) );
#9197 = DIRECTION( '', ( -1.00000000000000, 0.000000000000000, 0.000000000000000 ) );
#9198 = CARTESIAN_POINT( '', ( 19.0500000000000, 0.250000000000004, -2.80000000000000 ) );
#9199 = DIRECTION( '', ( 0.000000000000000, 0.000000000000000, 1.00000000000000 ) );
#9200 = DIRECTION( '', ( 1.00000000000000, 0.000000000000000, 0.000000000000000 ) );
#9201 = DIRECTION( '', ( 3.22618734930235E-015, -1.00000000000000, 0.000000000000000 ) );
#9202 = DIRECTION( '', ( 1.00000000000000, -7.51931389105602E-016, 0.000000000000000 ) );
#9203 = DIRECTION( '', ( 1.00000000000000, -7.51931389105602E-016, 0.000000000000000 ) );
#9204 = DIRECTION( '', ( 1.00000000000000, 0.000000000000000, 0.000000000000000 ) );
#9205 = DIRECTION( '', ( -1.00000000000000, 0.000000000000000, 0.000000000000000 ) );
#9206 = DIRECTION( '', ( 0.000000000000000, 0.000000000000000, -1.00000000000000 ) );
#9207 = DIRECTION( '', ( 0.000000000000000, 0.000000000000000, 1.00000000000000 ) );
#9208 = DIRECTION( '', ( -1.00000000000000, 0.000000000000000, 0.000000000000000 ) );
#9209 = DIRECTION( '', ( 0.000000000000000, 0.000000000000000, 1.00000000000000 ) );
#9210 = DIRECTION( '', ( 0.000000000000000, 1.00000000000000, 0.000000000000000 ) );
#9211 = DIRECTION( '', ( -2.78169337516524E-015, -1.00000000000000, 0.000000000000000 ) );
#9212 = DIRECTION( '', ( 1.00000000000000, -3.37494839684204E-016, 0.000000000000000 ) );
#9213 = CARTESIAN_POINT( '', ( -11.4300000000000, 0.231944444444447, -5.20000000000000 ) );
#9214 = DIRECTION( '', ( 0.000000000000000, 0.000000000000000, -1.00000000000000 ) );
#9215 = DIRECTION( '', ( 1.00000000000000, 0.000000000000000, 0.000000000000000 ) );
#9216 = DIRECTION( '', ( -1.00000000000000, 8.77253287289868E-016, 0.000000000000000 ) );
#9217 = DIRECTION( '', ( -0.707106781186549, -0.707106781186546, 0.000000000000000 ) );
#9218 = CARTESIAN_POINT( '', ( 3.81000000000000, 0.250000000000004, -2.80000000000000 ) );
#9219 = DIRECTION( '', ( 0.000000000000000, 0.000000000000000, 1.00000000000000 ) );
#9220 = DIRECTION( '', ( 1.00000000000000, 0.000000000000000, 0.000000000000000 ) );
#9221 = DIRECTION( '', ( 0.000000000000000, -1.00000000000000, 0.000000000000000 ) );
#9222 = DIRECTION( '', ( 0.707106781186549, 0.707106781186546, 0.000000000000000 ) );
#9223 = CARTESIAN_POINT( '', ( 3.81000000000000, 0.231944444444447, -2.80000000000000 ) );
#9224 = DIRECTION( '', ( 0.000000000000000, 0.000000000000000, 1.00000000000000 ) );
#9225 = DIRECTION( '', ( 1.00000000000000, 0.000000000000000, 0.000000000000000 ) );
#9226 = DIRECTION( '', ( -2.78169337516524E-015, -1.00000000000000, 0.000000000000000 ) );
#9227 = CARTESIAN_POINT( '', ( -11.4300000000000, 0.231944444444447, -2.80000000000000 ) );
#9228 = DIRECTION( '', ( 0.000000000000000, 0.000000000000000, 1.00000000000000 ) );
#9229 = DIRECTION( '', ( 1.00000000000000, 0.000000000000000, 0.000000000000000 ) );
#9230 = DIRECTION( '', ( 0.000000000000000, 0.000000000000000, 1.00000000000000 ) );
#9231 = DIRECTION( '', ( 0.000000000000000, 1.00000000000000, 0.000000000000000 ) );
#9232 = DIRECTION( '', ( 0.000000000000000, 0.000000000000000, 1.00000000000000 ) );
#9233 = DIRECTION( '', ( 1.00000000000000, 0.000000000000000, 0.000000000000000 ) );
#9234 = DIRECTION( '', ( 0.000000000000000, 0.000000000000000, 1.00000000000000 ) );
#9235 = DIRECTION( '', ( 0.000000000000000, -1.00000000000000, 0.000000000000000 ) );
#9236 = DIRECTION( '', ( 0.000000000000000, 0.000000000000000, 1.00000000000000 ) );
#9237 = DIRECTION( '', ( 0.000000000000000, 0.000000000000000, -1.00000000000000 ) );
#9238 = DIRECTION( '', ( 0.000000000000000, 0.000000000000000, 1.00000000000000 ) );
ENDSEC;
END-ISO-10303-21;
