ISO-10303-21;
HEADER;
FILE_DESCRIPTION( ( 'Unknown' ), '1' );
FILE_NAME( 'C:/Documents and Settings/qlaidebeur/Bureau/Parts recr\X2\00E900E9\X0\s/691/6913124100xx/691312410006.stp', 'Unknown', ( 'Unknown' ), ( 'Unknown' ), 'PSStep 14.0', 'Unknown', '  ' );
FILE_SCHEMA( ( 'AUTOMOTIVE_DESIGN { 1 0 10303 214 1 1 1 1 }' ) );
ENDSEC;
DATA;
#1 = PRODUCT_DEFINITION_CONTEXT( '', #23, 'design' );
#2 = APPLICATION_PROTOCOL_DEFINITION( 'international standard', 'automotive_design', 2001, #23 );
#3 = PRODUCT_CATEGORY_RELATIONSHIP( 'NONE', 'NONE', #24, #25 );
#4 = SHAPE_DEFINITION_REPRESENTATION( #26, #27 );
#5 = PRODUCT_CATEGORY_RELATIONSHIP( 'NONE', 'NONE', #24, #28 );
#6 = CONTEXT_DEPENDENT_SHAPE_REPRESENTATION( #29, #30 );
#7 = SHAPE_DEFINITION_REPRESENTATION( #31, #32 );
#8 = SHAPE_REPRESENTATION_RELATIONSHIP( 'NONE', 'NONE', #32, #33 );
#9 = CONTEXT_DEPENDENT_SHAPE_REPRESENTATION( #34, #35 );
#10 = CONTEXT_DEPENDENT_SHAPE_REPRESENTATION( #36, #37 );
#11 = CONTEXT_DEPENDENT_SHAPE_REPRESENTATION( #38, #39 );
#12 = CONTEXT_DEPENDENT_SHAPE_REPRESENTATION( #40, #41 );
#13 = CONTEXT_DEPENDENT_SHAPE_REPRESENTATION( #42, #43 );
#14 = PRODUCT_CATEGORY_RELATIONSHIP( 'NONE', 'NONE', #24, #44 );
#15 = CONTEXT_DEPENDENT_SHAPE_REPRESENTATION( #45, #46 );
#16 = SHAPE_DEFINITION_REPRESENTATION( #47, #48 );
#17 = SHAPE_REPRESENTATION_RELATIONSHIP( 'NONE', 'NONE', #48, #49 );
#18 = MECHANICAL_DESIGN_GEOMETRIC_PRESENTATION_REPRESENTATION( ' ', ( #50, #51, #52, #53, #54, #55, #56, #57, #58, #59, #60, #61, #62, #63, #64, #65, #66, #67, #68, #69, #70, #71, #72, #73, #74, #75, #76, #77, #78, #79, #80, #81, #82, #83, #84, #85, #86, #87, #88, #89, #90, #91, #92, #93, #94, #95, #96, #97, #98, #99, #100, #101, #102, #103, #104, #105, #106, #107, #108, #109, #110, #111, #112, #113, #114, #115, #116, #117, #118, #119, #120, #121, #122, #123, #124, #125, #126, #127, #128, #129, #130, #131, #132, #133, #134, #135, #136, #137, #138, #139, #140, #141, #142, #143, #144, #145, #146, #147, #148, #149, #150, #151, #152, #153, #154, #155, #156, #157, #158, #159, #160, #161, #162, #163, #164, #165, #166, #167, #168, #169, #170, #171, #172, #173, #174, #175, #176, #177, #178, #179, #180, #181, #182, #183, #184, #185, #186, #187, #188, #189, #190, #191, #192, #193, #194, #195, #196, #197, #198, #199, #200, #201, #202, #203, #204, #205, #206, #207, #208, #209, #210, #211, #212, #213, #214, #215, #216, #217, #218, #219, #220, #221, #222, #223, #224, #225, #226, #227, #228, #229, #230, #231, #232, #233, #234, #235, #236, #237, #238, #239, #240, #241, #242, #243, #244, #245, #246, #247, #248, #249, #250, #251, #252, #253, #254, #255, #256, #257, #258, #259, #260, #261, #262, #263, #264, #265, #266, #267, #268, #269, #270, #271, #272, #273, #274, #275, #276, #277, #278, #279, #280, #281 ), #19 );
#19 =  ( GEOMETRIC_REPRESENTATION_CONTEXT( 3 )GLOBAL_UNCERTAINTY_ASSIGNED_CONTEXT( ( #284 ) )GLOBAL_UNIT_ASSIGNED_CONTEXT( ( #286, #287, #288 ) )REPRESENTATION_CONTEXT( 'NONE', 'WORKSPACE' ) );
#23 = APPLICATION_CONTEXT( 'core data for automotive mechanical design processes' );
#24 = PRODUCT_CATEGORY( 'part', 'NONE' );
#25 = PRODUCT_RELATED_PRODUCT_CATEGORY( 'detail', ' ', ( #290 ) );
#26 = PRODUCT_DEFINITION_SHAPE( 'NONE', 'NONE', #291 );
#27 = SHAPE_REPRESENTATION( 'Assem1', ( #292, #293, #294, #295, #296, #297, #298, #299 ), #300 );
#28 = PRODUCT_RELATED_PRODUCT_CATEGORY( 'detail', ' ', ( #301 ) );
#29 = ( REPRESENTATION_RELATIONSHIP( '', '', #32, #27 )REPRESENTATION_RELATIONSHIP_WITH_TRANSFORMATION( #304 )SHAPE_REPRESENTATION_RELATIONSHIP(  ) );
#30 = PRODUCT_DEFINITION_SHAPE( 'NAUO-PROD-DEF', 'NAUO-PROD-DEF', #306 );
#31 = PRODUCT_DEFINITION_SHAPE( 'NONE', 'NONE', #307 );
#32 = SHAPE_REPRESENTATION( '6913174100xx_PIN', ( #292 ), #300 );
#33 = ADVANCED_BREP_SHAPE_REPRESENTATION( '6913174100xx_PIN', ( #308 ), #19 );
#34 = ( REPRESENTATION_RELATIONSHIP( '', '', #32, #27 )REPRESENTATION_RELATIONSHIP_WITH_TRANSFORMATION( #311 )SHAPE_REPRESENTATION_RELATIONSHIP(  ) );
#35 = PRODUCT_DEFINITION_SHAPE( 'NAUO-PROD-DEF', 'NAUO-PROD-DEF', #313 );
#36 = ( REPRESENTATION_RELATIONSHIP( '', '', #32, #27 )REPRESENTATION_RELATIONSHIP_WITH_TRANSFORMATION( #316 )SHAPE_REPRESENTATION_RELATIONSHIP(  ) );
#37 = PRODUCT_DEFINITION_SHAPE( 'NAUO-PROD-DEF', 'NAUO-PROD-DEF', #318 );
#38 = ( REPRESENTATION_RELATIONSHIP( '', '', #32, #27 )REPRESENTATION_RELATIONSHIP_WITH_TRANSFORMATION( #321 )SHAPE_REPRESENTATION_RELATIONSHIP(  ) );
#39 = PRODUCT_DEFINITION_SHAPE( 'NAUO-PROD-DEF', 'NAUO-PROD-DEF', #323 );
#40 = ( REPRESENTATION_RELATIONSHIP( '', '', #32, #27 )REPRESENTATION_RELATIONSHIP_WITH_TRANSFORMATION( #326 )SHAPE_REPRESENTATION_RELATIONSHIP(  ) );
#41 = PRODUCT_DEFINITION_SHAPE( 'NAUO-PROD-DEF', 'NAUO-PROD-DEF', #328 );
#42 = ( REPRESENTATION_RELATIONSHIP( '', '', #32, #27 )REPRESENTATION_RELATIONSHIP_WITH_TRANSFORMATION( #331 )SHAPE_REPRESENTATION_RELATIONSHIP(  ) );
#43 = PRODUCT_DEFINITION_SHAPE( 'NAUO-PROD-DEF', 'NAUO-PROD-DEF', #333 );
#44 = PRODUCT_RELATED_PRODUCT_CATEGORY( 'detail', ' ', ( #334 ) );
#45 = ( REPRESENTATION_RELATIONSHIP( '', '', #48, #27 )REPRESENTATION_RELATIONSHIP_WITH_TRANSFORMATION( #337 )SHAPE_REPRESENTATION_RELATIONSHIP(  ) );
#46 = PRODUCT_DEFINITION_SHAPE( 'NAUO-PROD-DEF', 'NAUO-PROD-DEF', #339 );
#47 = PRODUCT_DEFINITION_SHAPE( 'NONE', 'NONE', #340 );
#48 = SHAPE_REPRESENTATION( '691318400006', ( #292 ), #300 );
#49 = ADVANCED_BREP_SHAPE_REPRESENTATION( '691318400006', ( #341 ), #19 );
#50 = STYLED_ITEM( '', ( #342 ), #343 );
#51 = STYLED_ITEM( '', ( #344 ), #345 );
#52 = STYLED_ITEM( '', ( #346 ), #347 );
#53 = STYLED_ITEM( '', ( #348 ), #349 );
#54 = STYLED_ITEM( '', ( #350 ), #351 );
#55 = STYLED_ITEM( '', ( #352 ), #353 );
#56 = STYLED_ITEM( '', ( #354 ), #355 );
#57 = STYLED_ITEM( '', ( #356 ), #357 );
#58 = STYLED_ITEM( '', ( #358 ), #359 );
#59 = STYLED_ITEM( '', ( #360 ), #361 );
#60 = STYLED_ITEM( '', ( #362 ), #363 );
#61 = STYLED_ITEM( '', ( #364 ), #365 );
#62 = STYLED_ITEM( '', ( #366 ), #367 );
#63 = STYLED_ITEM( '', ( #368 ), #369 );
#64 = STYLED_ITEM( '', ( #370 ), #371 );
#65 = STYLED_ITEM( '', ( #372 ), #373 );
#66 = STYLED_ITEM( '', ( #374 ), #375 );
#67 = STYLED_ITEM( '', ( #376 ), #377 );
#68 = STYLED_ITEM( '', ( #378 ), #379 );
#69 = STYLED_ITEM( '', ( #380 ), #381 );
#70 = STYLED_ITEM( '', ( #382 ), #383 );
#71 = STYLED_ITEM( '', ( #384 ), #385 );
#72 = STYLED_ITEM( '', ( #386 ), #387 );
#73 = STYLED_ITEM( '', ( #388 ), #389 );
#74 = STYLED_ITEM( '', ( #390 ), #391 );
#75 = STYLED_ITEM( '', ( #392 ), #393 );
#76 = STYLED_ITEM( '', ( #394 ), #395 );
#77 = STYLED_ITEM( '', ( #396 ), #397 );
#78 = STYLED_ITEM( '', ( #398 ), #399 );
#79 = STYLED_ITEM( '', ( #400 ), #401 );
#80 = STYLED_ITEM( '', ( #402 ), #403 );
#81 = STYLED_ITEM( '', ( #404 ), #405 );
#82 = STYLED_ITEM( '', ( #406 ), #407 );
#83 = STYLED_ITEM( '', ( #408 ), #409 );
#84 = STYLED_ITEM( '', ( #410 ), #411 );
#85 = STYLED_ITEM( '', ( #412 ), #413 );
#86 = STYLED_ITEM( '', ( #414 ), #415 );
#87 = STYLED_ITEM( '', ( #416 ), #417 );
#88 = STYLED_ITEM( '', ( #418 ), #419 );
#89 = STYLED_ITEM( '', ( #420 ), #421 );
#90 = STYLED_ITEM( '', ( #422 ), #423 );
#91 = STYLED_ITEM( '', ( #424 ), #425 );
#92 = STYLED_ITEM( '', ( #426 ), #427 );
#93 = STYLED_ITEM( '', ( #428 ), #429 );
#94 = STYLED_ITEM( '', ( #430 ), #431 );
#95 = STYLED_ITEM( '', ( #432 ), #433 );
#96 = STYLED_ITEM( '', ( #434 ), #435 );
#97 = STYLED_ITEM( '', ( #436 ), #437 );
#98 = STYLED_ITEM( '', ( #438 ), #439 );
#99 = STYLED_ITEM( '', ( #440 ), #441 );
#100 = STYLED_ITEM( '', ( #442 ), #443 );
#101 = STYLED_ITEM( '', ( #444 ), #445 );
#102 = STYLED_ITEM( '', ( #446 ), #447 );
#103 = STYLED_ITEM( '', ( #448 ), #449 );
#104 = STYLED_ITEM( '', ( #450 ), #451 );
#105 = STYLED_ITEM( '', ( #452 ), #453 );
#106 = STYLED_ITEM( '', ( #454 ), #455 );
#107 = STYLED_ITEM( '', ( #456 ), #457 );
#108 = STYLED_ITEM( '', ( #458 ), #459 );
#109 = STYLED_ITEM( '', ( #460 ), #461 );
#110 = STYLED_ITEM( '', ( #462 ), #463 );
#111 = STYLED_ITEM( '', ( #464 ), #465 );
#112 = STYLED_ITEM( '', ( #466 ), #467 );
#113 = STYLED_ITEM( '', ( #468 ), #469 );
#114 = STYLED_ITEM( '', ( #470 ), #471 );
#115 = STYLED_ITEM( '', ( #472 ), #473 );
#116 = STYLED_ITEM( '', ( #474 ), #475 );
#117 = STYLED_ITEM( '', ( #476 ), #477 );
#118 = STYLED_ITEM( '', ( #478 ), #479 );
#119 = STYLED_ITEM( '', ( #480 ), #481 );
#120 = STYLED_ITEM( '', ( #482 ), #483 );
#121 = STYLED_ITEM( '', ( #484 ), #485 );
#122 = STYLED_ITEM( '', ( #486 ), #487 );
#123 = STYLED_ITEM( '', ( #488 ), #489 );
#124 = STYLED_ITEM( '', ( #490 ), #491 );
#125 = STYLED_ITEM( '', ( #492 ), #493 );
#126 = STYLED_ITEM( '', ( #494 ), #495 );
#127 = STYLED_ITEM( '', ( #496 ), #497 );
#128 = STYLED_ITEM( '', ( #498 ), #499 );
#129 = STYLED_ITEM( '', ( #500 ), #501 );
#130 = STYLED_ITEM( '', ( #502 ), #503 );
#131 = STYLED_ITEM( '', ( #504 ), #505 );
#132 = STYLED_ITEM( '', ( #506 ), #507 );
#133 = STYLED_ITEM( '', ( #508 ), #509 );
#134 = STYLED_ITEM( '', ( #510 ), #511 );
#135 = STYLED_ITEM( '', ( #512 ), #513 );
#136 = STYLED_ITEM( '', ( #514 ), #515 );
#137 = STYLED_ITEM( '', ( #516 ), #517 );
#138 = STYLED_ITEM( '', ( #518 ), #519 );
#139 = STYLED_ITEM( '', ( #520 ), #521 );
#140 = STYLED_ITEM( '', ( #522 ), #523 );
#141 = STYLED_ITEM( '', ( #524 ), #525 );
#142 = STYLED_ITEM( '', ( #526 ), #527 );
#143 = STYLED_ITEM( '', ( #528 ), #529 );
#144 = STYLED_ITEM( '', ( #530 ), #531 );
#145 = STYLED_ITEM( '', ( #532 ), #533 );
#146 = STYLED_ITEM( '', ( #534 ), #535 );
#147 = STYLED_ITEM( '', ( #536 ), #537 );
#148 = STYLED_ITEM( '', ( #538 ), #539 );
#149 = STYLED_ITEM( '', ( #540 ), #541 );
#150 = STYLED_ITEM( '', ( #542 ), #543 );
#151 = STYLED_ITEM( '', ( #544 ), #545 );
#152 = STYLED_ITEM( '', ( #546 ), #547 );
#153 = STYLED_ITEM( '', ( #548 ), #549 );
#154 = STYLED_ITEM( '', ( #550 ), #551 );
#155 = STYLED_ITEM( '', ( #552 ), #553 );
#156 = STYLED_ITEM( '', ( #554 ), #555 );
#157 = STYLED_ITEM( '', ( #556 ), #557 );
#158 = STYLED_ITEM( '', ( #558 ), #559 );
#159 = STYLED_ITEM( '', ( #560 ), #561 );
#160 = STYLED_ITEM( '', ( #562 ), #563 );
#161 = STYLED_ITEM( '', ( #564 ), #565 );
#162 = STYLED_ITEM( '', ( #566 ), #567 );
#163 = STYLED_ITEM( '', ( #568 ), #569 );
#164 = STYLED_ITEM( '', ( #570 ), #571 );
#165 = STYLED_ITEM( '', ( #572 ), #573 );
#166 = STYLED_ITEM( '', ( #574 ), #575 );
#167 = STYLED_ITEM( '', ( #576 ), #577 );
#168 = STYLED_ITEM( '', ( #578 ), #579 );
#169 = STYLED_ITEM( '', ( #580 ), #581 );
#170 = STYLED_ITEM( '', ( #582 ), #583 );
#171 = STYLED_ITEM( '', ( #584 ), #585 );
#172 = STYLED_ITEM( '', ( #586 ), #587 );
#173 = STYLED_ITEM( '', ( #588 ), #589 );
#174 = STYLED_ITEM( '', ( #590 ), #591 );
#175 = STYLED_ITEM( '', ( #592 ), #593 );
#176 = STYLED_ITEM( '', ( #594 ), #595 );
#177 = STYLED_ITEM( '', ( #596 ), #597 );
#178 = STYLED_ITEM( '', ( #598 ), #599 );
#179 = STYLED_ITEM( '', ( #600 ), #601 );
#180 = STYLED_ITEM( '', ( #602 ), #603 );
#181 = STYLED_ITEM( '', ( #604 ), #605 );
#182 = STYLED_ITEM( '', ( #606 ), #607 );
#183 = STYLED_ITEM( '', ( #608 ), #609 );
#184 = STYLED_ITEM( '', ( #610 ), #611 );
#185 = STYLED_ITEM( '', ( #612 ), #613 );
#186 = STYLED_ITEM( '', ( #614 ), #615 );
#187 = STYLED_ITEM( '', ( #616 ), #617 );
#188 = STYLED_ITEM( '', ( #618 ), #619 );
#189 = STYLED_ITEM( '', ( #620 ), #621 );
#190 = STYLED_ITEM( '', ( #622 ), #623 );
#191 = STYLED_ITEM( '', ( #624 ), #625 );
#192 = STYLED_ITEM( '', ( #626 ), #627 );
#193 = STYLED_ITEM( '', ( #628 ), #629 );
#194 = STYLED_ITEM( '', ( #630 ), #631 );
#195 = STYLED_ITEM( '', ( #632 ), #633 );
#196 = STYLED_ITEM( '', ( #634 ), #635 );
#197 = STYLED_ITEM( '', ( #636 ), #637 );
#198 = STYLED_ITEM( '', ( #638 ), #639 );
#199 = STYLED_ITEM( '', ( #640 ), #641 );
#200 = STYLED_ITEM( '', ( #642 ), #643 );
#201 = STYLED_ITEM( '', ( #644 ), #645 );
#202 = STYLED_ITEM( '', ( #646 ), #647 );
#203 = STYLED_ITEM( '', ( #648 ), #649 );
#204 = STYLED_ITEM( '', ( #650 ), #651 );
#205 = STYLED_ITEM( '', ( #652 ), #653 );
#206 = STYLED_ITEM( '', ( #654 ), #655 );
#207 = STYLED_ITEM( '', ( #656 ), #657 );
#208 = STYLED_ITEM( '', ( #658 ), #659 );
#209 = STYLED_ITEM( '', ( #660 ), #661 );
#210 = STYLED_ITEM( '', ( #662 ), #663 );
#211 = STYLED_ITEM( '', ( #664 ), #665 );
#212 = STYLED_ITEM( '', ( #666 ), #667 );
#213 = STYLED_ITEM( '', ( #668 ), #669 );
#214 = STYLED_ITEM( '', ( #670 ), #671 );
#215 = STYLED_ITEM( '', ( #672 ), #673 );
#216 = STYLED_ITEM( '', ( #674 ), #675 );
#217 = STYLED_ITEM( '', ( #676 ), #677 );
#218 = STYLED_ITEM( '', ( #678 ), #679 );
#219 = STYLED_ITEM( '', ( #680 ), #681 );
#220 = STYLED_ITEM( '', ( #682 ), #683 );
#221 = STYLED_ITEM( '', ( #684 ), #685 );
#222 = STYLED_ITEM( '', ( #686 ), #687 );
#223 = STYLED_ITEM( '', ( #688 ), #689 );
#224 = STYLED_ITEM( '', ( #690 ), #691 );
#225 = STYLED_ITEM( '', ( #692 ), #693 );
#226 = STYLED_ITEM( '', ( #694 ), #695 );
#227 = STYLED_ITEM( '', ( #696 ), #697 );
#228 = STYLED_ITEM( '', ( #698 ), #699 );
#229 = STYLED_ITEM( '', ( #700 ), #701 );
#230 = STYLED_ITEM( '', ( #702 ), #703 );
#231 = STYLED_ITEM( '', ( #704 ), #705 );
#232 = STYLED_ITEM( '', ( #706 ), #707 );
#233 = STYLED_ITEM( '', ( #708 ), #709 );
#234 = STYLED_ITEM( '', ( #710 ), #711 );
#235 = STYLED_ITEM( '', ( #712 ), #713 );
#236 = STYLED_ITEM( '', ( #714 ), #715 );
#237 = STYLED_ITEM( '', ( #716 ), #717 );
#238 = STYLED_ITEM( '', ( #718 ), #719 );
#239 = STYLED_ITEM( '', ( #720 ), #721 );
#240 = STYLED_ITEM( '', ( #722 ), #723 );
#241 = STYLED_ITEM( '', ( #724 ), #725 );
#242 = STYLED_ITEM( '', ( #726 ), #727 );
#243 = STYLED_ITEM( '', ( #728 ), #729 );
#244 = STYLED_ITEM( '', ( #730 ), #731 );
#245 = STYLED_ITEM( '', ( #732 ), #733 );
#246 = STYLED_ITEM( '', ( #734 ), #735 );
#247 = STYLED_ITEM( '', ( #736 ), #737 );
#248 = STYLED_ITEM( '', ( #738 ), #739 );
#249 = STYLED_ITEM( '', ( #740 ), #741 );
#250 = STYLED_ITEM( '', ( #742 ), #743 );
#251 = STYLED_ITEM( '', ( #744 ), #745 );
#252 = STYLED_ITEM( '', ( #746 ), #747 );
#253 = STYLED_ITEM( '', ( #748 ), #749 );
#254 = STYLED_ITEM( '', ( #750 ), #751 );
#255 = STYLED_ITEM( '', ( #752 ), #753 );
#256 = STYLED_ITEM( '', ( #754 ), #755 );
#257 = STYLED_ITEM( '', ( #756 ), #757 );
#258 = STYLED_ITEM( '', ( #758 ), #759 );
#259 = STYLED_ITEM( '', ( #760 ), #761 );
#260 = STYLED_ITEM( '', ( #762 ), #763 );
#261 = STYLED_ITEM( '', ( #764 ), #765 );
#262 = STYLED_ITEM( '', ( #766 ), #767 );
#263 = STYLED_ITEM( '', ( #768 ), #769 );
#264 = STYLED_ITEM( '', ( #770 ), #771 );
#265 = STYLED_ITEM( '', ( #772 ), #773 );
#266 = STYLED_ITEM( '', ( #774 ), #775 );
#267 = STYLED_ITEM( '', ( #776 ), #777 );
#268 = STYLED_ITEM( '', ( #778 ), #779 );
#269 = STYLED_ITEM( '', ( #780 ), #781 );
#270 = STYLED_ITEM( '', ( #782 ), #783 );
#271 = STYLED_ITEM( '', ( #784 ), #785 );
#272 = STYLED_ITEM( '', ( #786 ), #787 );
#273 = STYLED_ITEM( '', ( #788 ), #789 );
#274 = STYLED_ITEM( '', ( #790 ), #791 );
#275 = STYLED_ITEM( '', ( #792 ), #793 );
#276 = STYLED_ITEM( '', ( #794 ), #795 );
#277 = STYLED_ITEM( '', ( #796 ), #797 );
#278 = STYLED_ITEM( '', ( #798 ), #799 );
#279 = STYLED_ITEM( '', ( #800 ), #801 );
#280 = STYLED_ITEM( '', ( #802 ), #803 );
#281 = STYLED_ITEM( '', ( #804 ), #805 );
#284 = UNCERTAINTY_MEASURE_WITH_UNIT( LENGTH_MEASURE( 0.00100000000000000 ), #286, '', '' );
#286 =  ( CONVERSION_BASED_UNIT( 'MILLIMETRE', #808 )LENGTH_UNIT(  )NAMED_UNIT( #811 ) );
#287 =  ( NAMED_UNIT( #813 )PLANE_ANGLE_UNIT(  )SI_UNIT( $, .RADIAN. ) );
#288 =  ( NAMED_UNIT( #813 )SI_UNIT( $, .STERADIAN. )SOLID_ANGLE_UNIT(  ) );
#290 = PRODUCT( 'Assem1', 'Assem1', 'PART-Assem1-DESC', ( #819 ) );
#291 = PRODUCT_DEFINITION( 'NONE', 'NONE', #820, #1 );
#292 = AXIS2_PLACEMENT_3D( '', #821, #822, #823 );
#293 = AXIS2_PLACEMENT_3D( '', #824, #825, #826 );
#294 = AXIS2_PLACEMENT_3D( '', #827, #828, #829 );
#295 = AXIS2_PLACEMENT_3D( '', #830, #831, #832 );
#296 = AXIS2_PLACEMENT_3D( '', #833, #834, #835 );
#297 = AXIS2_PLACEMENT_3D( '', #836, #837, #838 );
#298 = AXIS2_PLACEMENT_3D( '', #839, #840, #841 );
#299 = AXIS2_PLACEMENT_3D( '', #842, #843, #844 );
#300 =  ( GEOMETRIC_REPRESENTATION_CONTEXT( 3 )GLOBAL_UNCERTAINTY_ASSIGNED_CONTEXT( ( #847 ) )GLOBAL_UNIT_ASSIGNED_CONTEXT( ( #849, #850, #851 ) )REPRESENTATION_CONTEXT( 'NONE', 'WORKSPACE' ) );
#301 = PRODUCT( '6913174100xx_PIN', '6913174100xx_PIN', 'PART-6913174100xx_PIN-DESC', ( #819 ) );
#304 = ITEM_DEFINED_TRANSFORMATION( '', '', #292, #293 );
#306 = NEXT_ASSEMBLY_USAGE_OCCURRENCE( 'NAUO1', 'NAUO1', 'NAUO1', #291, #307, $ );
#307 = PRODUCT_DEFINITION( '6913174100xx_PIN', '6913174100xx_PIN', #853, #1 );
#308 = MANIFOLD_SOLID_BREP( '6913174100xx_PIN', #854 );
#311 = ITEM_DEFINED_TRANSFORMATION( '', '', #292, #294 );
#313 = NEXT_ASSEMBLY_USAGE_OCCURRENCE( 'NAUO2', 'NAUO2', 'NAUO2', #291, #307, $ );
#316 = ITEM_DEFINED_TRANSFORMATION( '', '', #292, #295 );
#318 = NEXT_ASSEMBLY_USAGE_OCCURRENCE( 'NAUO3', 'NAUO3', 'NAUO3', #291, #307, $ );
#321 = ITEM_DEFINED_TRANSFORMATION( '', '', #292, #296 );
#323 = NEXT_ASSEMBLY_USAGE_OCCURRENCE( 'NAUO4', 'NAUO4', 'NAUO4', #291, #307, $ );
#326 = ITEM_DEFINED_TRANSFORMATION( '', '', #292, #297 );
#328 = NEXT_ASSEMBLY_USAGE_OCCURRENCE( 'NAUO5', 'NAUO5', 'NAUO5', #291, #307, $ );
#331 = ITEM_DEFINED_TRANSFORMATION( '', '', #292, #298 );
#333 = NEXT_ASSEMBLY_USAGE_OCCURRENCE( 'NAUO6', 'NAUO6', 'NAUO6', #291, #307, $ );
#334 = PRODUCT( '691318400006', '691318400006', 'PART-691318400006-DESC', ( #819 ) );
#337 = ITEM_DEFINED_TRANSFORMATION( '', '', #292, #299 );
#339 = NEXT_ASSEMBLY_USAGE_OCCURRENCE( 'NAUO7', 'NAUO7', 'NAUO7', #291, #340, $ );
#340 = PRODUCT_DEFINITION( '691318400006', '691318400006', #855, #1 );
#341 = MANIFOLD_SOLID_BREP( '691318400006', #856 );
#342 = PRESENTATION_STYLE_ASSIGNMENT( ( #857 ) );
#343 = ADVANCED_FACE( '', ( #858 ), #859, .F. );
#344 = PRESENTATION_STYLE_ASSIGNMENT( ( #860 ) );
#345 = ADVANCED_FACE( '', ( #861, #862 ), #863, .F. );
#346 = PRESENTATION_STYLE_ASSIGNMENT( ( #864 ) );
#347 = ADVANCED_FACE( '', ( #865 ), #866, .T. );
#348 = PRESENTATION_STYLE_ASSIGNMENT( ( #867 ) );
#349 = ADVANCED_FACE( '', ( #868 ), #869, .T. );
#350 = PRESENTATION_STYLE_ASSIGNMENT( ( #870 ) );
#351 = ADVANCED_FACE( '', ( #871 ), #872, .T. );
#352 = PRESENTATION_STYLE_ASSIGNMENT( ( #873 ) );
#353 = ADVANCED_FACE( '', ( #874 ), #875, .F. );
#354 = PRESENTATION_STYLE_ASSIGNMENT( ( #876 ) );
#355 = ADVANCED_FACE( '', ( #877 ), #878, .F. );
#356 = PRESENTATION_STYLE_ASSIGNMENT( ( #879 ) );
#357 = ADVANCED_FACE( '', ( #880 ), #881, .F. );
#358 = PRESENTATION_STYLE_ASSIGNMENT( ( #882 ) );
#359 = ADVANCED_FACE( '', ( #883 ), #884, .T. );
#360 = PRESENTATION_STYLE_ASSIGNMENT( ( #885 ) );
#361 = ADVANCED_FACE( '', ( #886 ), #887, .F. );
#362 = PRESENTATION_STYLE_ASSIGNMENT( ( #888 ) );
#363 = ADVANCED_FACE( '', ( #889 ), #890, .F. );
#364 = PRESENTATION_STYLE_ASSIGNMENT( ( #891 ) );
#365 = ADVANCED_FACE( '', ( #892 ), #893, .F. );
#366 = PRESENTATION_STYLE_ASSIGNMENT( ( #894 ) );
#367 = ADVANCED_FACE( '', ( #895 ), #896, .F. );
#368 = PRESENTATION_STYLE_ASSIGNMENT( ( #897 ) );
#369 = ADVANCED_FACE( '', ( #898 ), #899, .T. );
#370 = PRESENTATION_STYLE_ASSIGNMENT( ( #900 ) );
#371 = ADVANCED_FACE( '', ( #901 ), #902, .T. );
#372 = PRESENTATION_STYLE_ASSIGNMENT( ( #903 ) );
#373 = ADVANCED_FACE( '', ( #904, #905 ), #906, .T. );
#374 = PRESENTATION_STYLE_ASSIGNMENT( ( #907 ) );
#375 = ADVANCED_FACE( '', ( #908 ), #909, .F. );
#376 = PRESENTATION_STYLE_ASSIGNMENT( ( #910 ) );
#377 = ADVANCED_FACE( '', ( #911 ), #912, .F. );
#378 = PRESENTATION_STYLE_ASSIGNMENT( ( #913 ) );
#379 = ADVANCED_FACE( '', ( #914, #915 ), #916, .T. );
#380 = PRESENTATION_STYLE_ASSIGNMENT( ( #917 ) );
#381 = ADVANCED_FACE( '', ( #918 ), #919, .F. );
#382 = PRESENTATION_STYLE_ASSIGNMENT( ( #920 ) );
#383 = ADVANCED_FACE( '', ( #921 ), #922, .F. );
#384 = PRESENTATION_STYLE_ASSIGNMENT( ( #923 ) );
#385 = ADVANCED_FACE( '', ( #924, #925 ), #926, .T. );
#386 = PRESENTATION_STYLE_ASSIGNMENT( ( #927 ) );
#387 = ADVANCED_FACE( '', ( #928 ), #929, .F. );
#388 = PRESENTATION_STYLE_ASSIGNMENT( ( #930 ) );
#389 = ADVANCED_FACE( '', ( #931 ), #932, .F. );
#390 = PRESENTATION_STYLE_ASSIGNMENT( ( #933 ) );
#391 = ADVANCED_FACE( '', ( #934 ), #935, .F. );
#392 = PRESENTATION_STYLE_ASSIGNMENT( ( #936 ) );
#393 = ADVANCED_FACE( '', ( #937 ), #938, .F. );
#394 = PRESENTATION_STYLE_ASSIGNMENT( ( #939 ) );
#395 = ADVANCED_FACE( '', ( #940 ), #941, .F. );
#396 = PRESENTATION_STYLE_ASSIGNMENT( ( #942 ) );
#397 = ADVANCED_FACE( '', ( #943 ), #944, .F. );
#398 = PRESENTATION_STYLE_ASSIGNMENT( ( #945 ) );
#399 = ADVANCED_FACE( '', ( #946 ), #947, .F. );
#400 = PRESENTATION_STYLE_ASSIGNMENT( ( #948 ) );
#401 = ADVANCED_FACE( '', ( #949 ), #950, .F. );
#402 = PRESENTATION_STYLE_ASSIGNMENT( ( #951 ) );
#403 = ADVANCED_FACE( '', ( #952 ), #953, .T. );
#404 = PRESENTATION_STYLE_ASSIGNMENT( ( #954 ) );
#405 = ADVANCED_FACE( '', ( #955 ), #956, .F. );
#406 = PRESENTATION_STYLE_ASSIGNMENT( ( #957 ) );
#407 = ADVANCED_FACE( '', ( #958, #959 ), #960, .T. );
#408 = PRESENTATION_STYLE_ASSIGNMENT( ( #961 ) );
#409 = ADVANCED_FACE( '', ( #962 ), #963, .F. );
#410 = PRESENTATION_STYLE_ASSIGNMENT( ( #964 ) );
#411 = ADVANCED_FACE( '', ( #965 ), #966, .T. );
#412 = PRESENTATION_STYLE_ASSIGNMENT( ( #967 ) );
#413 = ADVANCED_FACE( '', ( #968 ), #969, .F. );
#414 = PRESENTATION_STYLE_ASSIGNMENT( ( #970 ) );
#415 = ADVANCED_FACE( '', ( #971 ), #972, .F. );
#416 = PRESENTATION_STYLE_ASSIGNMENT( ( #973 ) );
#417 = ADVANCED_FACE( '', ( #974 ), #975, .T. );
#418 = PRESENTATION_STYLE_ASSIGNMENT( ( #976 ) );
#419 = ADVANCED_FACE( '', ( #977, #978 ), #979, .F. );
#420 = PRESENTATION_STYLE_ASSIGNMENT( ( #980 ) );
#421 = ADVANCED_FACE( '', ( #981 ), #982, .T. );
#422 = PRESENTATION_STYLE_ASSIGNMENT( ( #983 ) );
#423 = ADVANCED_FACE( '', ( #984 ), #985, .F. );
#424 = PRESENTATION_STYLE_ASSIGNMENT( ( #986 ) );
#425 = ADVANCED_FACE( '', ( #987 ), #988, .F. );
#426 = PRESENTATION_STYLE_ASSIGNMENT( ( #989 ) );
#427 = ADVANCED_FACE( '', ( #990 ), #991, .F. );
#428 = PRESENTATION_STYLE_ASSIGNMENT( ( #992 ) );
#429 = ADVANCED_FACE( '', ( #993 ), #994, .F. );
#430 = PRESENTATION_STYLE_ASSIGNMENT( ( #995 ) );
#431 = ADVANCED_FACE( '', ( #996 ), #997, .F. );
#432 = PRESENTATION_STYLE_ASSIGNMENT( ( #998 ) );
#433 = ADVANCED_FACE( '', ( #999 ), #1000, .F. );
#434 = PRESENTATION_STYLE_ASSIGNMENT( ( #1001 ) );
#435 = ADVANCED_FACE( '', ( #1002 ), #1003, .T. );
#436 = PRESENTATION_STYLE_ASSIGNMENT( ( #1004 ) );
#437 = ADVANCED_FACE( '', ( #1005 ), #1006, .T. );
#438 = PRESENTATION_STYLE_ASSIGNMENT( ( #1007 ) );
#439 = ADVANCED_FACE( '', ( #1008 ), #1009, .F. );
#440 = PRESENTATION_STYLE_ASSIGNMENT( ( #1010 ) );
#441 = ADVANCED_FACE( '', ( #1011 ), #1012, .F. );
#442 = PRESENTATION_STYLE_ASSIGNMENT( ( #1013 ) );
#443 = ADVANCED_FACE( '', ( #1014 ), #1015, .F. );
#444 = PRESENTATION_STYLE_ASSIGNMENT( ( #1016 ) );
#445 = ADVANCED_FACE( '', ( #1017 ), #1018, .F. );
#446 = PRESENTATION_STYLE_ASSIGNMENT( ( #1019 ) );
#447 = ADVANCED_FACE( '', ( #1020 ), #1021, .F. );
#448 = PRESENTATION_STYLE_ASSIGNMENT( ( #1022 ) );
#449 = ADVANCED_FACE( '', ( #1023 ), #1024, .T. );
#450 = PRESENTATION_STYLE_ASSIGNMENT( ( #1025 ) );
#451 = ADVANCED_FACE( '', ( #1026 ), #1027, .F. );
#452 = PRESENTATION_STYLE_ASSIGNMENT( ( #1028 ) );
#453 = ADVANCED_FACE( '', ( #1029 ), #1030, .T. );
#454 = PRESENTATION_STYLE_ASSIGNMENT( ( #1031 ) );
#455 = ADVANCED_FACE( '', ( #1032 ), #1033, .T. );
#456 = PRESENTATION_STYLE_ASSIGNMENT( ( #1034 ) );
#457 = ADVANCED_FACE( '', ( #1035 ), #1036, .T. );
#458 = PRESENTATION_STYLE_ASSIGNMENT( ( #1037 ) );
#459 = ADVANCED_FACE( '', ( #1038, #1039 ), #1040, .F. );
#460 = PRESENTATION_STYLE_ASSIGNMENT( ( #1041 ) );
#461 = ADVANCED_FACE( '', ( #1042, #1043 ), #1044, .F. );
#462 = PRESENTATION_STYLE_ASSIGNMENT( ( #1045 ) );
#463 = ADVANCED_FACE( '', ( #1046 ), #1047, .T. );
#464 = PRESENTATION_STYLE_ASSIGNMENT( ( #1048 ) );
#465 = ADVANCED_FACE( '', ( #1049 ), #1050, .F. );
#466 = PRESENTATION_STYLE_ASSIGNMENT( ( #1051 ) );
#467 = ADVANCED_FACE( '', ( #1052 ), #1053, .T. );
#468 = PRESENTATION_STYLE_ASSIGNMENT( ( #1054 ) );
#469 = ADVANCED_FACE( '', ( #1055 ), #1056, .T. );
#470 = PRESENTATION_STYLE_ASSIGNMENT( ( #1057 ) );
#471 = ADVANCED_FACE( '', ( #1058 ), #1059, .T. );
#472 = PRESENTATION_STYLE_ASSIGNMENT( ( #1060 ) );
#473 = ADVANCED_FACE( '', ( #1061 ), #1062, .F. );
#474 = PRESENTATION_STYLE_ASSIGNMENT( ( #1063 ) );
#475 = ADVANCED_FACE( '', ( #1064 ), #1065, .T. );
#476 = PRESENTATION_STYLE_ASSIGNMENT( ( #1066 ) );
#477 = ADVANCED_FACE( '', ( #1067 ), #1068, .F. );
#478 = PRESENTATION_STYLE_ASSIGNMENT( ( #1069 ) );
#479 = ADVANCED_FACE( '', ( #1070 ), #1071, .F. );
#480 = PRESENTATION_STYLE_ASSIGNMENT( ( #1072 ) );
#481 = ADVANCED_FACE( '', ( #1073 ), #1074, .T. );
#482 = PRESENTATION_STYLE_ASSIGNMENT( ( #1075 ) );
#483 = ADVANCED_FACE( '', ( #1076 ), #1077, .T. );
#484 = PRESENTATION_STYLE_ASSIGNMENT( ( #1078 ) );
#485 = ADVANCED_FACE( '', ( #1079 ), #1080, .F. );
#486 = PRESENTATION_STYLE_ASSIGNMENT( ( #1081 ) );
#487 = ADVANCED_FACE( '', ( #1082 ), #1083, .F. );
#488 = PRESENTATION_STYLE_ASSIGNMENT( ( #1084 ) );
#489 = ADVANCED_FACE( '', ( #1085 ), #1086, .F. );
#490 = PRESENTATION_STYLE_ASSIGNMENT( ( #1087 ) );
#491 = ADVANCED_FACE( '', ( #1088 ), #1089, .F. );
#492 = PRESENTATION_STYLE_ASSIGNMENT( ( #1090 ) );
#493 = ADVANCED_FACE( '', ( #1091 ), #1092, .F. );
#494 = PRESENTATION_STYLE_ASSIGNMENT( ( #1093 ) );
#495 = ADVANCED_FACE( '', ( #1094 ), #1095, .F. );
#496 = PRESENTATION_STYLE_ASSIGNMENT( ( #1096 ) );
#497 = ADVANCED_FACE( '', ( #1097 ), #1098, .T. );
#498 = PRESENTATION_STYLE_ASSIGNMENT( ( #1099 ) );
#499 = ADVANCED_FACE( '', ( #1100 ), #1101, .F. );
#500 = PRESENTATION_STYLE_ASSIGNMENT( ( #1102 ) );
#501 = ADVANCED_FACE( '', ( #1103 ), #1104, .F. );
#502 = PRESENTATION_STYLE_ASSIGNMENT( ( #1105 ) );
#503 = ADVANCED_FACE( '', ( #1106, #1107 ), #1108, .T. );
#504 = PRESENTATION_STYLE_ASSIGNMENT( ( #1109 ) );
#505 = ADVANCED_FACE( '', ( #1110 ), #1111, .F. );
#506 = PRESENTATION_STYLE_ASSIGNMENT( ( #1112 ) );
#507 = ADVANCED_FACE( '', ( #1113 ), #1114, .T. );
#508 = PRESENTATION_STYLE_ASSIGNMENT( ( #1115 ) );
#509 = ADVANCED_FACE( '', ( #1116 ), #1117, .F. );
#510 = PRESENTATION_STYLE_ASSIGNMENT( ( #1118 ) );
#511 = ADVANCED_FACE( '', ( #1119 ), #1120, .F. );
#512 = PRESENTATION_STYLE_ASSIGNMENT( ( #1121 ) );
#513 = ADVANCED_FACE( '', ( #1122 ), #1123, .T. );
#514 = PRESENTATION_STYLE_ASSIGNMENT( ( #1124 ) );
#515 = ADVANCED_FACE( '', ( #1125 ), #1126, .F. );
#516 = PRESENTATION_STYLE_ASSIGNMENT( ( #1127 ) );
#517 = ADVANCED_FACE( '', ( #1128 ), #1129, .F. );
#518 = PRESENTATION_STYLE_ASSIGNMENT( ( #1130 ) );
#519 = ADVANCED_FACE( '', ( #1131 ), #1132, .T. );
#520 = PRESENTATION_STYLE_ASSIGNMENT( ( #1133 ) );
#521 = ADVANCED_FACE( '', ( #1134 ), #1135, .F. );
#522 = PRESENTATION_STYLE_ASSIGNMENT( ( #1136 ) );
#523 = ADVANCED_FACE( '', ( #1137 ), #1138, .F. );
#524 = PRESENTATION_STYLE_ASSIGNMENT( ( #1139 ) );
#525 = ADVANCED_FACE( '', ( #1140 ), #1141, .F. );
#526 = PRESENTATION_STYLE_ASSIGNMENT( ( #1142 ) );
#527 = ADVANCED_FACE( '', ( #1143 ), #1144, .T. );
#528 = PRESENTATION_STYLE_ASSIGNMENT( ( #1145 ) );
#529 = ADVANCED_FACE( '', ( #1146 ), #1147, .T. );
#530 = PRESENTATION_STYLE_ASSIGNMENT( ( #1148 ) );
#531 = ADVANCED_FACE( '', ( #1149 ), #1150, .T. );
#532 = PRESENTATION_STYLE_ASSIGNMENT( ( #1151 ) );
#533 = ADVANCED_FACE( '', ( #1152 ), #1153, .F. );
#534 = PRESENTATION_STYLE_ASSIGNMENT( ( #1154 ) );
#535 = ADVANCED_FACE( '', ( #1155 ), #1156, .T. );
#536 = PRESENTATION_STYLE_ASSIGNMENT( ( #1157 ) );
#537 = ADVANCED_FACE( '', ( #1158 ), #1159, .F. );
#538 = PRESENTATION_STYLE_ASSIGNMENT( ( #1160 ) );
#539 = ADVANCED_FACE( '', ( #1161, #1162 ), #1163, .T. );
#540 = PRESENTATION_STYLE_ASSIGNMENT( ( #1164 ) );
#541 = ADVANCED_FACE( '', ( #1165 ), #1166, .F. );
#542 = PRESENTATION_STYLE_ASSIGNMENT( ( #1167 ) );
#543 = ADVANCED_FACE( '', ( #1168 ), #1169, .F. );
#544 = PRESENTATION_STYLE_ASSIGNMENT( ( #1170 ) );
#545 = ADVANCED_FACE( '', ( #1171 ), #1172, .F. );
#546 = PRESENTATION_STYLE_ASSIGNMENT( ( #1173 ) );
#547 = ADVANCED_FACE( '', ( #1174 ), #1175, .F. );
#548 = PRESENTATION_STYLE_ASSIGNMENT( ( #1176 ) );
#549 = ADVANCED_FACE( '', ( #1177 ), #1178, .F. );
#550 = PRESENTATION_STYLE_ASSIGNMENT( ( #1179 ) );
#551 = ADVANCED_FACE( '', ( #1180 ), #1181, .F. );
#552 = PRESENTATION_STYLE_ASSIGNMENT( ( #1182 ) );
#553 = ADVANCED_FACE( '', ( #1183 ), #1184, .T. );
#554 = PRESENTATION_STYLE_ASSIGNMENT( ( #1185 ) );
#555 = ADVANCED_FACE( '', ( #1186 ), #1187, .T. );
#556 = PRESENTATION_STYLE_ASSIGNMENT( ( #1188 ) );
#557 = ADVANCED_FACE( '', ( #1189 ), #1190, .T. );
#558 = PRESENTATION_STYLE_ASSIGNMENT( ( #1191 ) );
#559 = ADVANCED_FACE( '', ( #1192 ), #1193, .F. );
#560 = PRESENTATION_STYLE_ASSIGNMENT( ( #1194 ) );
#561 = ADVANCED_FACE( '', ( #1195, #1196 ), #1197, .T. );
#562 = PRESENTATION_STYLE_ASSIGNMENT( ( #1198 ) );
#563 = ADVANCED_FACE( '', ( #1199 ), #1200, .F. );
#564 = PRESENTATION_STYLE_ASSIGNMENT( ( #1201 ) );
#565 = ADVANCED_FACE( '', ( #1202 ), #1203, .F. );
#566 = PRESENTATION_STYLE_ASSIGNMENT( ( #1204 ) );
#567 = ADVANCED_FACE( '', ( #1205 ), #1206, .F. );
#568 = PRESENTATION_STYLE_ASSIGNMENT( ( #1207 ) );
#569 = ADVANCED_FACE( '', ( #1208 ), #1209, .F. );
#570 = PRESENTATION_STYLE_ASSIGNMENT( ( #1210 ) );
#571 = ADVANCED_FACE( '', ( #1211 ), #1212, .F. );
#572 = PRESENTATION_STYLE_ASSIGNMENT( ( #1213 ) );
#573 = ADVANCED_FACE( '', ( #1214 ), #1215, .F. );
#574 = PRESENTATION_STYLE_ASSIGNMENT( ( #1216 ) );
#575 = ADVANCED_FACE( '', ( #1217 ), #1218, .F. );
#576 = PRESENTATION_STYLE_ASSIGNMENT( ( #1219 ) );
#577 = ADVANCED_FACE( '', ( #1220 ), #1221, .T. );
#578 = PRESENTATION_STYLE_ASSIGNMENT( ( #1222 ) );
#579 = ADVANCED_FACE( '', ( #1223 ), #1224, .F. );
#580 = PRESENTATION_STYLE_ASSIGNMENT( ( #1225 ) );
#581 = ADVANCED_FACE( '', ( #1226 ), #1227, .F. );
#582 = PRESENTATION_STYLE_ASSIGNMENT( ( #1228 ) );
#583 = ADVANCED_FACE( '', ( #1229 ), #1230, .T. );
#584 = PRESENTATION_STYLE_ASSIGNMENT( ( #1231 ) );
#585 = ADVANCED_FACE( '', ( #1232 ), #1233, .T. );
#586 = PRESENTATION_STYLE_ASSIGNMENT( ( #1234 ) );
#587 = ADVANCED_FACE( '', ( #1235 ), #1236, .F. );
#588 = PRESENTATION_STYLE_ASSIGNMENT( ( #1237 ) );
#589 = ADVANCED_FACE( '', ( #1238 ), #1239, .F. );
#590 = PRESENTATION_STYLE_ASSIGNMENT( ( #1240 ) );
#591 = ADVANCED_FACE( '', ( #1241 ), #1242, .F. );
#592 = PRESENTATION_STYLE_ASSIGNMENT( ( #1243 ) );
#593 = ADVANCED_FACE( '', ( #1244 ), #1245, .T. );
#594 = PRESENTATION_STYLE_ASSIGNMENT( ( #1246 ) );
#595 = ADVANCED_FACE( '', ( #1247, #1248 ), #1249, .T. );
#596 = PRESENTATION_STYLE_ASSIGNMENT( ( #1250 ) );
#597 = ADVANCED_FACE( '', ( #1251 ), #1252, .F. );
#598 = PRESENTATION_STYLE_ASSIGNMENT( ( #1253 ) );
#599 = ADVANCED_FACE( '', ( #1254 ), #1255, .F. );
#600 = PRESENTATION_STYLE_ASSIGNMENT( ( #1256 ) );
#601 = ADVANCED_FACE( '', ( #1257 ), #1258, .T. );
#602 = PRESENTATION_STYLE_ASSIGNMENT( ( #1259 ) );
#603 = ADVANCED_FACE( '', ( #1260 ), #1261, .F. );
#604 = PRESENTATION_STYLE_ASSIGNMENT( ( #1262 ) );
#605 = ADVANCED_FACE( '', ( #1263 ), #1264, .F. );
#606 = PRESENTATION_STYLE_ASSIGNMENT( ( #1265 ) );
#607 = ADVANCED_FACE( '', ( #1266 ), #1267, .F. );
#608 = PRESENTATION_STYLE_ASSIGNMENT( ( #1268 ) );
#609 = ADVANCED_FACE( '', ( #1269 ), #1270, .T. );
#610 = PRESENTATION_STYLE_ASSIGNMENT( ( #1271 ) );
#611 = ADVANCED_FACE( '', ( #1272 ), #1273, .F. );
#612 = PRESENTATION_STYLE_ASSIGNMENT( ( #1274 ) );
#613 = ADVANCED_FACE( '', ( #1275 ), #1276, .F. );
#614 = PRESENTATION_STYLE_ASSIGNMENT( ( #1277 ) );
#615 = ADVANCED_FACE( '', ( #1278 ), #1279, .F. );
#616 = PRESENTATION_STYLE_ASSIGNMENT( ( #1280 ) );
#617 = ADVANCED_FACE( '', ( #1281 ), #1282, .T. );
#618 = PRESENTATION_STYLE_ASSIGNMENT( ( #1283 ) );
#619 = ADVANCED_FACE( '', ( #1284 ), #1285, .F. );
#620 = PRESENTATION_STYLE_ASSIGNMENT( ( #1286 ) );
#621 = ADVANCED_FACE( '', ( #1287 ), #1288, .F. );
#622 = PRESENTATION_STYLE_ASSIGNMENT( ( #1289 ) );
#623 = ADVANCED_FACE( '', ( #1290 ), #1291, .F. );
#624 = PRESENTATION_STYLE_ASSIGNMENT( ( #1292 ) );
#625 = ADVANCED_FACE( '', ( #1293 ), #1294, .F. );
#626 = PRESENTATION_STYLE_ASSIGNMENT( ( #1295 ) );
#627 = ADVANCED_FACE( '', ( #1296 ), #1297, .F. );
#628 = PRESENTATION_STYLE_ASSIGNMENT( ( #1298 ) );
#629 = ADVANCED_FACE( '', ( #1299 ), #1300, .F. );
#630 = PRESENTATION_STYLE_ASSIGNMENT( ( #1301 ) );
#631 = ADVANCED_FACE( '', ( #1302 ), #1303, .F. );
#632 = PRESENTATION_STYLE_ASSIGNMENT( ( #1304 ) );
#633 = ADVANCED_FACE( '', ( #1305 ), #1306, .F. );
#634 = PRESENTATION_STYLE_ASSIGNMENT( ( #1307 ) );
#635 = ADVANCED_FACE( '', ( #1308 ), #1309, .F. );
#636 = PRESENTATION_STYLE_ASSIGNMENT( ( #1310 ) );
#637 = ADVANCED_FACE( '', ( #1311 ), #1312, .F. );
#638 = PRESENTATION_STYLE_ASSIGNMENT( ( #1313 ) );
#639 = ADVANCED_FACE( '', ( #1314 ), #1315, .F. );
#640 = PRESENTATION_STYLE_ASSIGNMENT( ( #1316 ) );
#641 = ADVANCED_FACE( '', ( #1317 ), #1318, .F. );
#642 = PRESENTATION_STYLE_ASSIGNMENT( ( #1319 ) );
#643 = ADVANCED_FACE( '', ( #1320 ), #1321, .F. );
#644 = PRESENTATION_STYLE_ASSIGNMENT( ( #1322 ) );
#645 = ADVANCED_FACE( '', ( #1323 ), #1324, .F. );
#646 = PRESENTATION_STYLE_ASSIGNMENT( ( #1325 ) );
#647 = ADVANCED_FACE( '', ( #1326 ), #1327, .T. );
#648 = PRESENTATION_STYLE_ASSIGNMENT( ( #1328 ) );
#649 = ADVANCED_FACE( '', ( #1329 ), #1330, .F. );
#650 = PRESENTATION_STYLE_ASSIGNMENT( ( #1331 ) );
#651 = ADVANCED_FACE( '', ( #1332 ), #1333, .T. );
#652 = PRESENTATION_STYLE_ASSIGNMENT( ( #1334 ) );
#653 = ADVANCED_FACE( '', ( #1335 ), #1336, .F. );
#654 = PRESENTATION_STYLE_ASSIGNMENT( ( #1337 ) );
#655 = ADVANCED_FACE( '', ( #1338 ), #1339, .F. );
#656 = PRESENTATION_STYLE_ASSIGNMENT( ( #1340 ) );
#657 = ADVANCED_FACE( '', ( #1341 ), #1342, .T. );
#658 = PRESENTATION_STYLE_ASSIGNMENT( ( #1343 ) );
#659 = ADVANCED_FACE( '', ( #1344 ), #1345, .T. );
#660 = PRESENTATION_STYLE_ASSIGNMENT( ( #1346 ) );
#661 = ADVANCED_FACE( '', ( #1347 ), #1348, .T. );
#662 = PRESENTATION_STYLE_ASSIGNMENT( ( #1349 ) );
#663 = ADVANCED_FACE( '', ( #1350, #1351 ), #1352, .F. );
#664 = PRESENTATION_STYLE_ASSIGNMENT( ( #1353 ) );
#665 = ADVANCED_FACE( '', ( #1354 ), #1355, .T. );
#666 = PRESENTATION_STYLE_ASSIGNMENT( ( #1356 ) );
#667 = ADVANCED_FACE( '', ( #1357 ), #1358, .F. );
#668 = PRESENTATION_STYLE_ASSIGNMENT( ( #1359 ) );
#669 = ADVANCED_FACE( '', ( #1360 ), #1361, .T. );
#670 = PRESENTATION_STYLE_ASSIGNMENT( ( #1362 ) );
#671 = ADVANCED_FACE( '', ( #1363 ), #1364, .F. );
#672 = PRESENTATION_STYLE_ASSIGNMENT( ( #1365 ) );
#673 = ADVANCED_FACE( '', ( #1366 ), #1367, .F. );
#674 = PRESENTATION_STYLE_ASSIGNMENT( ( #1368 ) );
#675 = ADVANCED_FACE( '', ( #1369 ), #1370, .T. );
#676 = PRESENTATION_STYLE_ASSIGNMENT( ( #1371 ) );
#677 = ADVANCED_FACE( '', ( #1372 ), #1373, .F. );
#678 = PRESENTATION_STYLE_ASSIGNMENT( ( #1374 ) );
#679 = ADVANCED_FACE( '', ( #1375 ), #1376, .F. );
#680 = PRESENTATION_STYLE_ASSIGNMENT( ( #1377 ) );
#681 = ADVANCED_FACE( '', ( #1378 ), #1379, .F. );
#682 = PRESENTATION_STYLE_ASSIGNMENT( ( #1380 ) );
#683 = ADVANCED_FACE( '', ( #1381 ), #1382, .F. );
#684 = PRESENTATION_STYLE_ASSIGNMENT( ( #1383 ) );
#685 = ADVANCED_FACE( '', ( #1384 ), #1385, .F. );
#686 = PRESENTATION_STYLE_ASSIGNMENT( ( #1386 ) );
#687 = ADVANCED_FACE( '', ( #1387 ), #1388, .F. );
#688 = PRESENTATION_STYLE_ASSIGNMENT( ( #1389 ) );
#689 = ADVANCED_FACE( '', ( #1390, #1391 ), #1392, .T. );
#690 = PRESENTATION_STYLE_ASSIGNMENT( ( #1393 ) );
#691 = ADVANCED_FACE( '', ( #1394 ), #1395, .F. );
#692 = PRESENTATION_STYLE_ASSIGNMENT( ( #1396 ) );
#693 = ADVANCED_FACE( '', ( #1397 ), #1398, .F. );
#694 = PRESENTATION_STYLE_ASSIGNMENT( ( #1399 ) );
#695 = ADVANCED_FACE( '', ( #1400 ), #1401, .T. );
#696 = PRESENTATION_STYLE_ASSIGNMENT( ( #1402 ) );
#697 = ADVANCED_FACE( '', ( #1403 ), #1404, .T. );
#698 = PRESENTATION_STYLE_ASSIGNMENT( ( #1405 ) );
#699 = ADVANCED_FACE( '', ( #1406 ), #1407, .F. );
#700 = PRESENTATION_STYLE_ASSIGNMENT( ( #1408 ) );
#701 = ADVANCED_FACE( '', ( #1409 ), #1410, .T. );
#702 = PRESENTATION_STYLE_ASSIGNMENT( ( #1411 ) );
#703 = ADVANCED_FACE( '', ( #1412 ), #1413, .F. );
#704 = PRESENTATION_STYLE_ASSIGNMENT( ( #1414 ) );
#705 = ADVANCED_FACE( '', ( #1415 ), #1416, .F. );
#706 = PRESENTATION_STYLE_ASSIGNMENT( ( #1417 ) );
#707 = ADVANCED_FACE( '', ( #1418 ), #1419, .F. );
#708 = PRESENTATION_STYLE_ASSIGNMENT( ( #1420 ) );
#709 = ADVANCED_FACE( '', ( #1421 ), #1422, .T. );
#710 = PRESENTATION_STYLE_ASSIGNMENT( ( #1423 ) );
#711 = ADVANCED_FACE( '', ( #1424 ), #1425, .T. );
#712 = PRESENTATION_STYLE_ASSIGNMENT( ( #1426 ) );
#713 = ADVANCED_FACE( '', ( #1427 ), #1428, .F. );
#714 = PRESENTATION_STYLE_ASSIGNMENT( ( #1429 ) );
#715 = ADVANCED_FACE( '', ( #1430, #1431 ), #1432, .T. );
#716 = PRESENTATION_STYLE_ASSIGNMENT( ( #1433 ) );
#717 = ADVANCED_FACE( '', ( #1434 ), #1435, .F. );
#718 = PRESENTATION_STYLE_ASSIGNMENT( ( #1436 ) );
#719 = ADVANCED_FACE( '', ( #1437 ), #1438, .F. );
#720 = PRESENTATION_STYLE_ASSIGNMENT( ( #1439 ) );
#721 = ADVANCED_FACE( '', ( #1440 ), #1441, .F. );
#722 = PRESENTATION_STYLE_ASSIGNMENT( ( #1442 ) );
#723 = ADVANCED_FACE( '', ( #1443 ), #1444, .F. );
#724 = PRESENTATION_STYLE_ASSIGNMENT( ( #1445 ) );
#725 = ADVANCED_FACE( '', ( #1446 ), #1447, .T. );
#726 = PRESENTATION_STYLE_ASSIGNMENT( ( #1448 ) );
#727 = ADVANCED_FACE( '', ( #1449 ), #1450, .F. );
#728 = PRESENTATION_STYLE_ASSIGNMENT( ( #1451 ) );
#729 = ADVANCED_FACE( '', ( #1452 ), #1453, .F. );
#730 = PRESENTATION_STYLE_ASSIGNMENT( ( #1454 ) );
#731 = ADVANCED_FACE( '', ( #1455 ), #1456, .T. );
#732 = PRESENTATION_STYLE_ASSIGNMENT( ( #1457 ) );
#733 = ADVANCED_FACE( '', ( #1458 ), #1459, .F. );
#734 = PRESENTATION_STYLE_ASSIGNMENT( ( #1460 ) );
#735 = ADVANCED_FACE( '', ( #1461 ), #1462, .F. );
#736 = PRESENTATION_STYLE_ASSIGNMENT( ( #1463 ) );
#737 = ADVANCED_FACE( '', ( #1464 ), #1465, .T. );
#738 = PRESENTATION_STYLE_ASSIGNMENT( ( #1466 ) );
#739 = ADVANCED_FACE( '', ( #1467, #1468 ), #1469, .F. );
#740 = PRESENTATION_STYLE_ASSIGNMENT( ( #1470 ) );
#741 = ADVANCED_FACE( '', ( #1471 ), #1472, .F. );
#742 = PRESENTATION_STYLE_ASSIGNMENT( ( #1473 ) );
#743 = ADVANCED_FACE( '', ( #1474 ), #1475, .F. );
#744 = PRESENTATION_STYLE_ASSIGNMENT( ( #1476 ) );
#745 = ADVANCED_FACE( '', ( #1477 ), #1478, .T. );
#746 = PRESENTATION_STYLE_ASSIGNMENT( ( #1479 ) );
#747 = ADVANCED_FACE( '', ( #1480 ), #1481, .F. );
#748 = PRESENTATION_STYLE_ASSIGNMENT( ( #1482 ) );
#749 = ADVANCED_FACE( '', ( #1483 ), #1484, .F. );
#750 = PRESENTATION_STYLE_ASSIGNMENT( ( #1485 ) );
#751 = ADVANCED_FACE( '', ( #1486 ), #1487, .T. );
#752 = PRESENTATION_STYLE_ASSIGNMENT( ( #1488 ) );
#753 = ADVANCED_FACE( '', ( #1489 ), #1490, .T. );
#754 = PRESENTATION_STYLE_ASSIGNMENT( ( #1491 ) );
#755 = ADVANCED_FACE( '', ( #1492 ), #1493, .F. );
#756 = PRESENTATION_STYLE_ASSIGNMENT( ( #1494 ) );
#757 = ADVANCED_FACE( '', ( #1495 ), #1496, .T. );
#758 = PRESENTATION_STYLE_ASSIGNMENT( ( #1497 ) );
#759 = ADVANCED_FACE( '', ( #1498 ), #1499, .F. );
#760 = PRESENTATION_STYLE_ASSIGNMENT( ( #1500 ) );
#761 = ADVANCED_FACE( '', ( #1501, #1502 ), #1503, .T. );
#762 = PRESENTATION_STYLE_ASSIGNMENT( ( #1504 ) );
#763 = ADVANCED_FACE( '', ( #1505 ), #1506, .T. );
#764 = PRESENTATION_STYLE_ASSIGNMENT( ( #1507 ) );
#765 = ADVANCED_FACE( '', ( #1508 ), #1509, .T. );
#766 = PRESENTATION_STYLE_ASSIGNMENT( ( #1510 ) );
#767 = ADVANCED_FACE( '', ( #1511 ), #1512, .F. );
#768 = PRESENTATION_STYLE_ASSIGNMENT( ( #1513 ) );
#769 = ADVANCED_FACE( '', ( #1514 ), #1515, .F. );
#770 = PRESENTATION_STYLE_ASSIGNMENT( ( #1516 ) );
#771 = ADVANCED_FACE( '', ( #1517 ), #1518, .F. );
#772 = PRESENTATION_STYLE_ASSIGNMENT( ( #1519 ) );
#773 = ADVANCED_FACE( '', ( #1520 ), #1521, .F. );
#774 = PRESENTATION_STYLE_ASSIGNMENT( ( #1522 ) );
#775 = ADVANCED_FACE( '', ( #1523, #1524 ), #1525, .T. );
#776 = PRESENTATION_STYLE_ASSIGNMENT( ( #1526 ) );
#777 = ADVANCED_FACE( '', ( #1527 ), #1528, .F. );
#778 = PRESENTATION_STYLE_ASSIGNMENT( ( #1529 ) );
#779 = ADVANCED_FACE( '', ( #1530 ), #1531, .F. );
#780 = PRESENTATION_STYLE_ASSIGNMENT( ( #1532 ) );
#781 = ADVANCED_FACE( '', ( #1533 ), #1534, .T. );
#782 = PRESENTATION_STYLE_ASSIGNMENT( ( #1535 ) );
#783 = ADVANCED_FACE( '', ( #1536 ), #1537, .T. );
#784 = PRESENTATION_STYLE_ASSIGNMENT( ( #1538 ) );
#785 = ADVANCED_FACE( '', ( #1539 ), #1540, .F. );
#786 = PRESENTATION_STYLE_ASSIGNMENT( ( #1541 ) );
#787 = ADVANCED_FACE( '', ( #1542 ), #1543, .F. );
#788 = PRESENTATION_STYLE_ASSIGNMENT( ( #1544 ) );
#789 = ADVANCED_FACE( '', ( #1545 ), #1546, .F. );
#790 = PRESENTATION_STYLE_ASSIGNMENT( ( #1547 ) );
#791 = ADVANCED_FACE( '', ( #1548 ), #1549, .T. );
#792 = PRESENTATION_STYLE_ASSIGNMENT( ( #1550 ) );
#793 = ADVANCED_FACE( '', ( #1551 ), #1552, .T. );
#794 = PRESENTATION_STYLE_ASSIGNMENT( ( #1553 ) );
#795 = ADVANCED_FACE( '', ( #1554 ), #1555, .F. );
#796 = PRESENTATION_STYLE_ASSIGNMENT( ( #1556 ) );
#797 = ADVANCED_FACE( '', ( #1557 ), #1558, .F. );
#798 = PRESENTATION_STYLE_ASSIGNMENT( ( #1559 ) );
#799 = ADVANCED_FACE( '', ( #1560 ), #1561, .F. );
#800 = PRESENTATION_STYLE_ASSIGNMENT( ( #1562 ) );
#801 = ADVANCED_FACE( '', ( #1563 ), #1564, .F. );
#802 = PRESENTATION_STYLE_ASSIGNMENT( ( #1565 ) );
#803 = ADVANCED_FACE( '', ( #1566, #1567, #1568, #1569, #1570, #1571, #1572 ), #1573, .T. );
#804 = PRESENTATION_STYLE_ASSIGNMENT( ( #1574 ) );
#805 = ADVANCED_FACE( '', ( #1575 ), #1576, .F. );
#808 = LENGTH_MEASURE_WITH_UNIT( LENGTH_MEASURE( 1.00000000000000 ), #1577 );
#811 = DIMENSIONAL_EXPONENTS( 1.00000000000000, 0.000000000000000, 0.000000000000000, 0.000000000000000, 0.000000000000000, 0.000000000000000, 0.000000000000000 );
#813 = DIMENSIONAL_EXPONENTS( 0.000000000000000, 0.000000000000000, 0.000000000000000, 0.000000000000000, 0.000000000000000, 0.000000000000000, 0.000000000000000 );
#819 = PRODUCT_CONTEXT( '', #23, 'mechanical' );
#820 = PRODUCT_DEFINITION_FORMATION_WITH_SPECIFIED_SOURCE( ' ', 'NONE', #290, .NOT_KNOWN. );
#821 = CARTESIAN_POINT( '', ( 0.000000000000000, 0.000000000000000, 0.000000000000000 ) );
#822 = DIRECTION( '', ( 0.000000000000000, 0.000000000000000, 1.00000000000000 ) );
#823 = DIRECTION( '', ( 1.00000000000000, 0.000000000000000, 0.000000000000000 ) );
#824 = CARTESIAN_POINT( '', ( 19.0500000000000, 4.22500000000000, 0.375000000000000 ) );
#825 = DIRECTION( '', ( 2.22044604925032E-016, 2.22044604925031E-016, 1.00000000000000 ) );
#826 = DIRECTION( '', ( 3.88578058618805E-016, 1.00000000000000, -2.22044604925032E-016 ) );
#827 = CARTESIAN_POINT( '', ( -19.0500000000000, 4.22500000000000, 0.375000000000013 ) );
#828 = DIRECTION( '', ( -1.22090843092971E-016, -1.67400815431762E-016, 1.00000000000000 ) );
#829 = DIRECTION( '', ( -3.38822007685929E-016, 1.00000000000000, 1.67400815431761E-016 ) );
#830 = CARTESIAN_POINT( '', ( -11.4300000000000, 4.22500000000000, 0.375000000000013 ) );
#831 = DIRECTION( '', ( -1.22090843092971E-016, -1.67400815431762E-016, 1.00000000000000 ) );
#832 = DIRECTION( '', ( -3.38822007685929E-016, 1.00000000000000, 1.67400815431761E-016 ) );
#833 = CARTESIAN_POINT( '', ( -3.81000000000000, 4.22500000000000, 0.375000000000013 ) );
#834 = DIRECTION( '', ( -1.22090843092971E-016, -1.67400815431762E-016, 1.00000000000000 ) );
#835 = DIRECTION( '', ( -3.38822007685929E-016, 1.00000000000000, 1.67400815431761E-016 ) );
#836 = CARTESIAN_POINT( '', ( 3.81000000000000, 4.22500000000000, 0.375000000000013 ) );
#837 = DIRECTION( '', ( -1.22090843092971E-016, -1.67400815431762E-016, 1.00000000000000 ) );
#838 = DIRECTION( '', ( -3.38822007685929E-016, 1.00000000000000, 1.67400815431761E-016 ) );
#839 = CARTESIAN_POINT( '', ( 11.4300000000000, 4.22500000000000, 0.375000000000013 ) );
#840 = DIRECTION( '', ( -1.22090843092971E-016, -1.67400815431762E-016, 1.00000000000000 ) );
#841 = DIRECTION( '', ( -3.38822007685929E-016, 1.00000000000000, 1.67400815431761E-016 ) );
#842 = CARTESIAN_POINT( '', ( 0.000000000000000, 0.000000000000000, 0.000000000000000 ) );
#843 = DIRECTION( '', ( 0.000000000000000, 0.000000000000000, 1.00000000000000 ) );
#844 = DIRECTION( '', ( 1.00000000000000, 0.000000000000000, 0.000000000000000 ) );
#847 = UNCERTAINTY_MEASURE_WITH_UNIT( LENGTH_MEASURE( 0.00100000000000000 ), #849, '', '' );
#849 =  ( CONVERSION_BASED_UNIT( 'MILLIMETRE', #1580 )LENGTH_UNIT(  )NAMED_UNIT( #1583 ) );
#850 =  ( NAMED_UNIT( #1585 )PLANE_ANGLE_UNIT(  )SI_UNIT( $, .RADIAN. ) );
#851 =  ( NAMED_UNIT( #1585 )SI_UNIT( $, .STERADIAN. )SOLID_ANGLE_UNIT(  ) );
#853 = PRODUCT_DEFINITION_FORMATION_WITH_SPECIFIED_SOURCE( ' ', 'NONE', #301, .NOT_KNOWN. );
#854 = CLOSED_SHELL( '', ( #431, #475, #449, #653, #555, #477, #635, #649, #399, #637, #537, #409, #481, #565, #623, #683, #579 ) );
#855 = PRODUCT_DEFINITION_FORMATION_WITH_SPECIFIED_SOURCE( ' ', 'NONE', #334, .NOT_KNOWN. );
#856 = CLOSED_SHELL( '', ( #529, #385, #591, #495, #463, #483, #723, #709, #403, #665, #627, #793, #765, #617, #585, #791, #777, #543, #789, #497, #573, #421, #571, #359, #439, #417, #703, #767, #749, #343, #441, #531, #347, #377, #705, #551, #773, #351, #739, #701, #643, #433, #507, #599, #541, #459, #509, #505, #419, #393, #493, #345, #587, #499, #769, #547, #467, #391, #741, #675, #663, #621, #413, #669, #729, #401, #677, #651, #375, #751, #457, #601, #379, #801, #561, #803, #363, #473, #771, #533, #545, #491, #397, #395, #447, #743, #625, #581, #753, #619, #589, #521, #349, #461, #453, #725, #697, #781, #371, #553, #405, #685, #523, #567, #731, #655, #737, #603, #511, #569, #367, #795, #639, #727, #563, #485, #535, #469, #661, #515, #779, #443, #657, #593, #381, #679, #631, #645, #689, #595, #487, #605, #527, #711, #411, #699, #641, #479, #805, #719, #613, #787, #687, #721, #575, #755, #501, #715, #503, #783, #695, #437, #513, #451, #549, #389, #615, #707, #633, #735, #611, #525, #559, #387, #423, #597, #713, #539, #407, #471, #519, #659, #369, #691, #717, #517, #425, #427, #383, #667, #607, #629, #361, #799, #415, #775, #761, #455, #435, #583, #577, #745, #759, #673, #489, #365, #353, #693, #355, #747, #357, #733, #785, #373, #647, #757, #557, #763, #609, #681, #429, #797, #445, #671, #465 ) );
#857 = SURFACE_STYLE_USAGE( .BOTH., #1591 );
#858 = FACE_OUTER_BOUND( '', #1592, .T. );
#859 = PLANE( '', #1593 );
#860 = SURFACE_STYLE_USAGE( .BOTH., #1594 );
#861 = FACE_OUTER_BOUND( '', #1595, .T. );
#862 = FACE_BOUND( '', #1596, .T. );
#863 = PLANE( '', #1597 );
#864 = SURFACE_STYLE_USAGE( .BOTH., #1598 );
#865 = FACE_OUTER_BOUND( '', #1599, .T. );
#866 = PLANE( '', #1600 );
#867 = SURFACE_STYLE_USAGE( .BOTH., #1601 );
#868 = FACE_OUTER_BOUND( '', #1602, .T. );
#869 = PLANE( '', #1603 );
#870 = SURFACE_STYLE_USAGE( .BOTH., #1604 );
#871 = FACE_OUTER_BOUND( '', #1605, .T. );
#872 = PLANE( '', #1606 );
#873 = SURFACE_STYLE_USAGE( .BOTH., #1607 );
#874 = FACE_OUTER_BOUND( '', #1608, .T. );
#875 = PLANE( '', #1609 );
#876 = SURFACE_STYLE_USAGE( .BOTH., #1610 );
#877 = FACE_OUTER_BOUND( '', #1611, .T. );
#878 = PLANE( '', #1612 );
#879 = SURFACE_STYLE_USAGE( .BOTH., #1613 );
#880 = FACE_OUTER_BOUND( '', #1614, .T. );
#881 = PLANE( '', #1615 );
#882 = SURFACE_STYLE_USAGE( .BOTH., #1616 );
#883 = FACE_OUTER_BOUND( '', #1617, .T. );
#884 = PLANE( '', #1618 );
#885 = SURFACE_STYLE_USAGE( .BOTH., #1619 );
#886 = FACE_OUTER_BOUND( '', #1620, .T. );
#887 = PLANE( '', #1621 );
#888 = SURFACE_STYLE_USAGE( .BOTH., #1622 );
#889 = FACE_OUTER_BOUND( '', #1623, .T. );
#890 = PLANE( '', #1624 );
#891 = SURFACE_STYLE_USAGE( .BOTH., #1625 );
#892 = FACE_OUTER_BOUND( '', #1626, .T. );
#893 = PLANE( '', #1627 );
#894 = SURFACE_STYLE_USAGE( .BOTH., #1628 );
#895 = FACE_OUTER_BOUND( '', #1629, .T. );
#896 = PLANE( '', #1630 );
#897 = SURFACE_STYLE_USAGE( .BOTH., #1631 );
#898 = FACE_OUTER_BOUND( '', #1632, .T. );
#899 = PLANE( '', #1633 );
#900 = SURFACE_STYLE_USAGE( .BOTH., #1634 );
#901 = FACE_OUTER_BOUND( '', #1635, .T. );
#902 = PLANE( '', #1636 );
#903 = SURFACE_STYLE_USAGE( .BOTH., #1637 );
#904 = FACE_OUTER_BOUND( '', #1638, .T. );
#905 = FACE_OUTER_BOUND( '', #1639, .T. );
#906 = CYLINDRICAL_SURFACE( '', #1640, 1.40000000000000 );
#907 = SURFACE_STYLE_USAGE( .BOTH., #1641 );
#908 = FACE_OUTER_BOUND( '', #1642, .T. );
#909 = PLANE( '', #1643 );
#910 = SURFACE_STYLE_USAGE( .BOTH., #1644 );
#911 = FACE_OUTER_BOUND( '', #1645, .T. );
#912 = PLANE( '', #1646 );
#913 = SURFACE_STYLE_USAGE( .BOTH., #1647 );
#914 = FACE_OUTER_BOUND( '', #1648, .T. );
#915 = FACE_OUTER_BOUND( '', #1649, .T. );
#916 = TOROIDAL_SURFACE( '', #1650, 0.900000000000000, 0.500000000000000 );
#917 = SURFACE_STYLE_USAGE( .BOTH., #1651 );
#918 = FACE_OUTER_BOUND( '', #1652, .T. );
#919 = PLANE( '', #1653 );
#920 = SURFACE_STYLE_USAGE( .BOTH., #1654 );
#921 = FACE_OUTER_BOUND( '', #1655, .T. );
#922 = PLANE( '', #1656 );
#923 = SURFACE_STYLE_USAGE( .BOTH., #1657 );
#924 = FACE_OUTER_BOUND( '', #1658, .T. );
#925 = FACE_OUTER_BOUND( '', #1659, .T. );
#926 = TOROIDAL_SURFACE( '', #1660, 0.900000000000000, 0.500000000000000 );
#927 = SURFACE_STYLE_USAGE( .BOTH., #1661 );
#928 = FACE_OUTER_BOUND( '', #1662, .T. );
#929 = PLANE( '', #1663 );
#930 = SURFACE_STYLE_USAGE( .BOTH., #1664 );
#931 = FACE_OUTER_BOUND( '', #1665, .T. );
#932 = PLANE( '', #1666 );
#933 = SURFACE_STYLE_USAGE( .BOTH., #1667 );
#934 = FACE_OUTER_BOUND( '', #1668, .T. );
#935 = PLANE( '', #1669 );
#936 = SURFACE_STYLE_USAGE( .BOTH., #1670 );
#937 = FACE_OUTER_BOUND( '', #1671, .T. );
#938 = PLANE( '', #1672 );
#939 = SURFACE_STYLE_USAGE( .BOTH., #1673 );
#940 = FACE_OUTER_BOUND( '', #1674, .T. );
#941 = PLANE( '', #1675 );
#942 = SURFACE_STYLE_USAGE( .BOTH., #1676 );
#943 = FACE_OUTER_BOUND( '', #1677, .T. );
#944 = PLANE( '', #1678 );
#945 = SURFACE_STYLE_USAGE( .BOTH., #1679 );
#946 = FACE_OUTER_BOUND( '', #1680, .T. );
#947 = PLANE( '', #1681 );
#948 = SURFACE_STYLE_USAGE( .BOTH., #1682 );
#949 = FACE_OUTER_BOUND( '', #1683, .T. );
#950 = PLANE( '', #1684 );
#951 = SURFACE_STYLE_USAGE( .BOTH., #1685 );
#952 = FACE_OUTER_BOUND( '', #1686, .T. );
#953 = PLANE( '', #1687 );
#954 = SURFACE_STYLE_USAGE( .BOTH., #1688 );
#955 = FACE_OUTER_BOUND( '', #1689, .T. );
#956 = PLANE( '', #1690 );
#957 = SURFACE_STYLE_USAGE( .BOTH., #1691 );
#958 = FACE_OUTER_BOUND( '', #1692, .T. );
#959 = FACE_OUTER_BOUND( '', #1693, .T. );
#960 = TOROIDAL_SURFACE( '', #1694, 0.900000000000000, 0.500000000000000 );
#961 = SURFACE_STYLE_USAGE( .BOTH., #1695 );
#962 = FACE_OUTER_BOUND( '', #1696, .T. );
#963 = PLANE( '', #1697 );
#964 = SURFACE_STYLE_USAGE( .BOTH., #1698 );
#965 = FACE_OUTER_BOUND( '', #1699, .T. );
#966 = PLANE( '', #1700 );
#967 = SURFACE_STYLE_USAGE( .BOTH., #1701 );
#968 = FACE_OUTER_BOUND( '', #1702, .T. );
#969 = PLANE( '', #1703 );
#970 = SURFACE_STYLE_USAGE( .BOTH., #1704 );
#971 = FACE_OUTER_BOUND( '', #1705, .T. );
#972 = PLANE( '', #1706 );
#973 = SURFACE_STYLE_USAGE( .BOTH., #1707 );
#974 = FACE_OUTER_BOUND( '', #1708, .T. );
#975 = PLANE( '', #1709 );
#976 = SURFACE_STYLE_USAGE( .BOTH., #1710 );
#977 = FACE_OUTER_BOUND( '', #1711, .T. );
#978 = FACE_BOUND( '', #1712, .T. );
#979 = PLANE( '', #1713 );
#980 = SURFACE_STYLE_USAGE( .BOTH., #1714 );
#981 = FACE_OUTER_BOUND( '', #1715, .T. );
#982 = PLANE( '', #1716 );
#983 = SURFACE_STYLE_USAGE( .BOTH., #1717 );
#984 = FACE_OUTER_BOUND( '', #1718, .T. );
#985 = PLANE( '', #1719 );
#986 = SURFACE_STYLE_USAGE( .BOTH., #1720 );
#987 = FACE_OUTER_BOUND( '', #1721, .T. );
#988 = PLANE( '', #1722 );
#989 = SURFACE_STYLE_USAGE( .BOTH., #1723 );
#990 = FACE_OUTER_BOUND( '', #1724, .T. );
#991 = PLANE( '', #1725 );
#992 = SURFACE_STYLE_USAGE( .BOTH., #1726 );
#993 = FACE_OUTER_BOUND( '', #1727, .T. );
#994 = PLANE( '', #1728 );
#995 = SURFACE_STYLE_USAGE( .BOTH., #1729 );
#996 = FACE_OUTER_BOUND( '', #1730, .T. );
#997 = PLANE( '', #1731 );
#998 = SURFACE_STYLE_USAGE( .BOTH., #1732 );
#999 = FACE_OUTER_BOUND( '', #1733, .T. );
#1000 = CYLINDRICAL_SURFACE( '', #1734, 3.01805555555556 );
#1001 = SURFACE_STYLE_USAGE( .BOTH., #1735 );
#1002 = FACE_OUTER_BOUND( '', #1736, .T. );
#1003 = PLANE( '', #1737 );
#1004 = SURFACE_STYLE_USAGE( .BOTH., #1738 );
#1005 = FACE_OUTER_BOUND( '', #1739, .T. );
#1006 = PLANE( '', #1740 );
#1007 = SURFACE_STYLE_USAGE( .BOTH., #1741 );
#1008 = FACE_OUTER_BOUND( '', #1742, .T. );
#1009 = PLANE( '', #1743 );
#1010 = SURFACE_STYLE_USAGE( .BOTH., #1744 );
#1011 = FACE_OUTER_BOUND( '', #1745, .T. );
#1012 = PLANE( '', #1746 );
#1013 = SURFACE_STYLE_USAGE( .BOTH., #1747 );
#1014 = FACE_OUTER_BOUND( '', #1748, .T. );
#1015 = PLANE( '', #1749 );
#1016 = SURFACE_STYLE_USAGE( .BOTH., #1750 );
#1017 = FACE_OUTER_BOUND( '', #1751, .T. );
#1018 = PLANE( '', #1752 );
#1019 = SURFACE_STYLE_USAGE( .BOTH., #1753 );
#1020 = FACE_OUTER_BOUND( '', #1754, .T. );
#1021 = PLANE( '', #1755 );
#1022 = SURFACE_STYLE_USAGE( .BOTH., #1756 );
#1023 = FACE_OUTER_BOUND( '', #1757, .T. );
#1024 = PLANE( '', #1758 );
#1025 = SURFACE_STYLE_USAGE( .BOTH., #1759 );
#1026 = FACE_OUTER_BOUND( '', #1760, .T. );
#1027 = PLANE( '', #1761 );
#1028 = SURFACE_STYLE_USAGE( .BOTH., #1762 );
#1029 = FACE_OUTER_BOUND( '', #1763, .T. );
#1030 = PLANE( '', #1764 );
#1031 = SURFACE_STYLE_USAGE( .BOTH., #1765 );
#1032 = FACE_OUTER_BOUND( '', #1766, .T. );
#1033 = PLANE( '', #1767 );
#1034 = SURFACE_STYLE_USAGE( .BOTH., #1768 );
#1035 = FACE_OUTER_BOUND( '', #1769, .T. );
#1036 = PLANE( '', #1770 );
#1037 = SURFACE_STYLE_USAGE( .BOTH., #1771 );
#1038 = FACE_OUTER_BOUND( '', #1772, .T. );
#1039 = FACE_BOUND( '', #1773, .T. );
#1040 = PLANE( '', #1774 );
#1041 = SURFACE_STYLE_USAGE( .BOTH., #1775 );
#1042 = FACE_OUTER_BOUND( '', #1776, .T. );
#1043 = FACE_BOUND( '', #1777, .T. );
#1044 = PLANE( '', #1778 );
#1045 = SURFACE_STYLE_USAGE( .BOTH., #1779 );
#1046 = FACE_OUTER_BOUND( '', #1780, .T. );
#1047 = PLANE( '', #1781 );
#1048 = SURFACE_STYLE_USAGE( .BOTH., #1782 );
#1049 = FACE_OUTER_BOUND( '', #1783, .T. );
#1050 = PLANE( '', #1784 );
#1051 = SURFACE_STYLE_USAGE( .BOTH., #1785 );
#1052 = FACE_OUTER_BOUND( '', #1786, .T. );
#1053 = PLANE( '', #1787 );
#1054 = SURFACE_STYLE_USAGE( .BOTH., #1788 );
#1055 = FACE_OUTER_BOUND( '', #1789, .T. );
#1056 = PLANE( '', #1790 );
#1057 = SURFACE_STYLE_USAGE( .BOTH., #1791 );
#1058 = FACE_OUTER_BOUND( '', #1792, .T. );
#1059 = PLANE( '', #1793 );
#1060 = SURFACE_STYLE_USAGE( .BOTH., #1794 );
#1061 = FACE_OUTER_BOUND( '', #1795, .T. );
#1062 = PLANE( '', #1796 );
#1063 = SURFACE_STYLE_USAGE( .BOTH., #1797 );
#1064 = FACE_OUTER_BOUND( '', #1798, .T. );
#1065 = PLANE( '', #1799 );
#1066 = SURFACE_STYLE_USAGE( .BOTH., #1800 );
#1067 = FACE_OUTER_BOUND( '', #1801, .T. );
#1068 = PLANE( '', #1802 );
#1069 = SURFACE_STYLE_USAGE( .BOTH., #1803 );
#1070 = FACE_OUTER_BOUND( '', #1804, .T. );
#1071 = PLANE( '', #1805 );
#1072 = SURFACE_STYLE_USAGE( .BOTH., #1806 );
#1073 = FACE_OUTER_BOUND( '', #1807, .T. );
#1074 = PLANE( '', #1808 );
#1075 = SURFACE_STYLE_USAGE( .BOTH., #1809 );
#1076 = FACE_OUTER_BOUND( '', #1810, .T. );
#1077 = PLANE( '', #1811 );
#1078 = SURFACE_STYLE_USAGE( .BOTH., #1812 );
#1079 = FACE_OUTER_BOUND( '', #1813, .T. );
#1080 = PLANE( '', #1814 );
#1081 = SURFACE_STYLE_USAGE( .BOTH., #1815 );
#1082 = FACE_OUTER_BOUND( '', #1816, .T. );
#1083 = PLANE( '', #1817 );
#1084 = SURFACE_STYLE_USAGE( .BOTH., #1818 );
#1085 = FACE_OUTER_BOUND( '', #1819, .T. );
#1086 = PLANE( '', #1820 );
#1087 = SURFACE_STYLE_USAGE( .BOTH., #1821 );
#1088 = FACE_OUTER_BOUND( '', #1822, .T. );
#1089 = PLANE( '', #1823 );
#1090 = SURFACE_STYLE_USAGE( .BOTH., #1824 );
#1091 = FACE_OUTER_BOUND( '', #1825, .T. );
#1092 = PLANE( '', #1826 );
#1093 = SURFACE_STYLE_USAGE( .BOTH., #1827 );
#1094 = FACE_OUTER_BOUND( '', #1828, .T. );
#1095 = PLANE( '', #1829 );
#1096 = SURFACE_STYLE_USAGE( .BOTH., #1830 );
#1097 = FACE_OUTER_BOUND( '', #1831, .T. );
#1098 = PLANE( '', #1832 );
#1099 = SURFACE_STYLE_USAGE( .BOTH., #1833 );
#1100 = FACE_OUTER_BOUND( '', #1834, .T. );
#1101 = PLANE( '', #1835 );
#1102 = SURFACE_STYLE_USAGE( .BOTH., #1836 );
#1103 = FACE_OUTER_BOUND( '', #1837, .T. );
#1104 = PLANE( '', #1838 );
#1105 = SURFACE_STYLE_USAGE( .BOTH., #1839 );
#1106 = FACE_OUTER_BOUND( '', #1840, .T. );
#1107 = FACE_OUTER_BOUND( '', #1841, .T. );
#1108 = TOROIDAL_SURFACE( '', #1842, 0.900000000000000, 0.500000000000000 );
#1109 = SURFACE_STYLE_USAGE( .BOTH., #1843 );
#1110 = FACE_OUTER_BOUND( '', #1844, .T. );
#1111 = CYLINDRICAL_SURFACE( '', #1845, 3.01805555555556 );
#1112 = SURFACE_STYLE_USAGE( .BOTH., #1846 );
#1113 = FACE_OUTER_BOUND( '', #1847, .T. );
#1114 = PLANE( '', #1848 );
#1115 = SURFACE_STYLE_USAGE( .BOTH., #1849 );
#1116 = FACE_OUTER_BOUND( '', #1850, .T. );
#1117 = PLANE( '', #1851 );
#1118 = SURFACE_STYLE_USAGE( .BOTH., #1852 );
#1119 = FACE_OUTER_BOUND( '', #1853, .T. );
#1120 = PLANE( '', #1854 );
#1121 = SURFACE_STYLE_USAGE( .BOTH., #1855 );
#1122 = FACE_OUTER_BOUND( '', #1856, .T. );
#1123 = PLANE( '', #1857 );
#1124 = SURFACE_STYLE_USAGE( .BOTH., #1858 );
#1125 = FACE_OUTER_BOUND( '', #1859, .T. );
#1126 = PLANE( '', #1860 );
#1127 = SURFACE_STYLE_USAGE( .BOTH., #1861 );
#1128 = FACE_OUTER_BOUND( '', #1862, .T. );
#1129 = PLANE( '', #1863 );
#1130 = SURFACE_STYLE_USAGE( .BOTH., #1864 );
#1131 = FACE_OUTER_BOUND( '', #1865, .T. );
#1132 = PLANE( '', #1866 );
#1133 = SURFACE_STYLE_USAGE( .BOTH., #1867 );
#1134 = FACE_OUTER_BOUND( '', #1868, .T. );
#1135 = PLANE( '', #1869 );
#1136 = SURFACE_STYLE_USAGE( .BOTH., #1870 );
#1137 = FACE_OUTER_BOUND( '', #1871, .T. );
#1138 = PLANE( '', #1872 );
#1139 = SURFACE_STYLE_USAGE( .BOTH., #1873 );
#1140 = FACE_OUTER_BOUND( '', #1874, .T. );
#1141 = PLANE( '', #1875 );
#1142 = SURFACE_STYLE_USAGE( .BOTH., #1876 );
#1143 = FACE_OUTER_BOUND( '', #1877, .T. );
#1144 = PLANE( '', #1878 );
#1145 = SURFACE_STYLE_USAGE( .BOTH., #1879 );
#1146 = FACE_OUTER_BOUND( '', #1880, .T. );
#1147 = PLANE( '', #1881 );
#1148 = SURFACE_STYLE_USAGE( .BOTH., #1882 );
#1149 = FACE_OUTER_BOUND( '', #1883, .T. );
#1150 = PLANE( '', #1884 );
#1151 = SURFACE_STYLE_USAGE( .BOTH., #1885 );
#1152 = FACE_OUTER_BOUND( '', #1886, .T. );
#1153 = PLANE( '', #1887 );
#1154 = SURFACE_STYLE_USAGE( .BOTH., #1888 );
#1155 = FACE_OUTER_BOUND( '', #1889, .T. );
#1156 = PLANE( '', #1890 );
#1157 = SURFACE_STYLE_USAGE( .BOTH., #1891 );
#1158 = FACE_OUTER_BOUND( '', #1892, .T. );
#1159 = PLANE( '', #1893 );
#1160 = SURFACE_STYLE_USAGE( .BOTH., #1894 );
#1161 = FACE_OUTER_BOUND( '', #1895, .T. );
#1162 = FACE_OUTER_BOUND( '', #1896, .T. );
#1163 = CYLINDRICAL_SURFACE( '', #1897, 1.40000000000000 );
#1164 = SURFACE_STYLE_USAGE( .BOTH., #1898 );
#1165 = FACE_OUTER_BOUND( '', #1899, .T. );
#1166 = CYLINDRICAL_SURFACE( '', #1900, 3.01805555555556 );
#1167 = SURFACE_STYLE_USAGE( .BOTH., #1901 );
#1168 = FACE_OUTER_BOUND( '', #1902, .T. );
#1169 = PLANE( '', #1903 );
#1170 = SURFACE_STYLE_USAGE( .BOTH., #1904 );
#1171 = FACE_OUTER_BOUND( '', #1905, .T. );
#1172 = PLANE( '', #1906 );
#1173 = SURFACE_STYLE_USAGE( .BOTH., #1907 );
#1174 = FACE_OUTER_BOUND( '', #1908, .T. );
#1175 = PLANE( '', #1909 );
#1176 = SURFACE_STYLE_USAGE( .BOTH., #1910 );
#1177 = FACE_OUTER_BOUND( '', #1911, .T. );
#1178 = PLANE( '', #1912 );
#1179 = SURFACE_STYLE_USAGE( .BOTH., #1913 );
#1180 = FACE_OUTER_BOUND( '', #1914, .T. );
#1181 = PLANE( '', #1915 );
#1182 = SURFACE_STYLE_USAGE( .BOTH., #1916 );
#1183 = FACE_OUTER_BOUND( '', #1917, .T. );
#1184 = PLANE( '', #1918 );
#1185 = SURFACE_STYLE_USAGE( .BOTH., #1919 );
#1186 = FACE_OUTER_BOUND( '', #1920, .T. );
#1187 = CYLINDRICAL_SURFACE( '', #1921, 0.750000000000000 );
#1188 = SURFACE_STYLE_USAGE( .BOTH., #1922 );
#1189 = FACE_OUTER_BOUND( '', #1923, .T. );
#1190 = PLANE( '', #1924 );
#1191 = SURFACE_STYLE_USAGE( .BOTH., #1925 );
#1192 = FACE_OUTER_BOUND( '', #1926, .T. );
#1193 = PLANE( '', #1927 );
#1194 = SURFACE_STYLE_USAGE( .BOTH., #1928 );
#1195 = FACE_OUTER_BOUND( '', #1929, .T. );
#1196 = FACE_OUTER_BOUND( '', #1930, .T. );
#1197 = CYLINDRICAL_SURFACE( '', #1931, 1.40000000000000 );
#1198 = SURFACE_STYLE_USAGE( .BOTH., #1932 );
#1199 = FACE_OUTER_BOUND( '', #1933, .T. );
#1200 = PLANE( '', #1934 );
#1201 = SURFACE_STYLE_USAGE( .BOTH., #1935 );
#1202 = FACE_OUTER_BOUND( '', #1936, .T. );
#1203 = PLANE( '', #1937 );
#1204 = SURFACE_STYLE_USAGE( .BOTH., #1938 );
#1205 = FACE_OUTER_BOUND( '', #1939, .T. );
#1206 = PLANE( '', #1940 );
#1207 = SURFACE_STYLE_USAGE( .BOTH., #1941 );
#1208 = FACE_OUTER_BOUND( '', #1942, .T. );
#1209 = PLANE( '', #1943 );
#1210 = SURFACE_STYLE_USAGE( .BOTH., #1944 );
#1211 = FACE_OUTER_BOUND( '', #1945, .T. );
#1212 = PLANE( '', #1946 );
#1213 = SURFACE_STYLE_USAGE( .BOTH., #1947 );
#1214 = FACE_OUTER_BOUND( '', #1948, .T. );
#1215 = PLANE( '', #1949 );
#1216 = SURFACE_STYLE_USAGE( .BOTH., #1950 );
#1217 = FACE_OUTER_BOUND( '', #1951, .T. );
#1218 = PLANE( '', #1952 );
#1219 = SURFACE_STYLE_USAGE( .BOTH., #1953 );
#1220 = FACE_OUTER_BOUND( '', #1954, .T. );
#1221 = PLANE( '', #1955 );
#1222 = SURFACE_STYLE_USAGE( .BOTH., #1956 );
#1223 = FACE_OUTER_BOUND( '', #1957, .T. );
#1224 = PLANE( '', #1958 );
#1225 = SURFACE_STYLE_USAGE( .BOTH., #1959 );
#1226 = FACE_OUTER_BOUND( '', #1960, .T. );
#1227 = PLANE( '', #1961 );
#1228 = SURFACE_STYLE_USAGE( .BOTH., #1962 );
#1229 = FACE_OUTER_BOUND( '', #1963, .T. );
#1230 = PLANE( '', #1964 );
#1231 = SURFACE_STYLE_USAGE( .BOTH., #1965 );
#1232 = FACE_OUTER_BOUND( '', #1966, .T. );
#1233 = PLANE( '', #1967 );
#1234 = SURFACE_STYLE_USAGE( .BOTH., #1968 );
#1235 = FACE_OUTER_BOUND( '', #1969, .T. );
#1236 = PLANE( '', #1970 );
#1237 = SURFACE_STYLE_USAGE( .BOTH., #1971 );
#1238 = FACE_OUTER_BOUND( '', #1972, .T. );
#1239 = PLANE( '', #1973 );
#1240 = SURFACE_STYLE_USAGE( .BOTH., #1974 );
#1241 = FACE_OUTER_BOUND( '', #1975, .T. );
#1242 = PLANE( '', #1976 );
#1243 = SURFACE_STYLE_USAGE( .BOTH., #1977 );
#1244 = FACE_OUTER_BOUND( '', #1978, .T. );
#1245 = PLANE( '', #1979 );
#1246 = SURFACE_STYLE_USAGE( .BOTH., #1980 );
#1247 = FACE_OUTER_BOUND( '', #1981, .T. );
#1248 = FACE_OUTER_BOUND( '', #1982, .T. );
#1249 = TOROIDAL_SURFACE( '', #1983, 0.900000000000000, 0.500000000000000 );
#1250 = SURFACE_STYLE_USAGE( .BOTH., #1984 );
#1251 = FACE_OUTER_BOUND( '', #1985, .T. );
#1252 = PLANE( '', #1986 );
#1253 = SURFACE_STYLE_USAGE( .BOTH., #1987 );
#1254 = FACE_OUTER_BOUND( '', #1988, .T. );
#1255 = PLANE( '', #1989 );
#1256 = SURFACE_STYLE_USAGE( .BOTH., #1990 );
#1257 = FACE_OUTER_BOUND( '', #1991, .T. );
#1258 = PLANE( '', #1992 );
#1259 = SURFACE_STYLE_USAGE( .BOTH., #1993 );
#1260 = FACE_OUTER_BOUND( '', #1994, .T. );
#1261 = PLANE( '', #1995 );
#1262 = SURFACE_STYLE_USAGE( .BOTH., #1996 );
#1263 = FACE_OUTER_BOUND( '', #1997, .T. );
#1264 = PLANE( '', #1998 );
#1265 = SURFACE_STYLE_USAGE( .BOTH., #1999 );
#1266 = FACE_OUTER_BOUND( '', #2000, .T. );
#1267 = PLANE( '', #2001 );
#1268 = SURFACE_STYLE_USAGE( .BOTH., #2002 );
#1269 = FACE_OUTER_BOUND( '', #2003, .T. );
#1270 = PLANE( '', #2004 );
#1271 = SURFACE_STYLE_USAGE( .BOTH., #2005 );
#1272 = FACE_OUTER_BOUND( '', #2006, .T. );
#1273 = PLANE( '', #2007 );
#1274 = SURFACE_STYLE_USAGE( .BOTH., #2008 );
#1275 = FACE_OUTER_BOUND( '', #2009, .T. );
#1276 = PLANE( '', #2010 );
#1277 = SURFACE_STYLE_USAGE( .BOTH., #2011 );
#1278 = FACE_OUTER_BOUND( '', #2012, .T. );
#1279 = PLANE( '', #2013 );
#1280 = SURFACE_STYLE_USAGE( .BOTH., #2014 );
#1281 = FACE_OUTER_BOUND( '', #2015, .T. );
#1282 = PLANE( '', #2016 );
#1283 = SURFACE_STYLE_USAGE( .BOTH., #2017 );
#1284 = FACE_OUTER_BOUND( '', #2018, .T. );
#1285 = PLANE( '', #2019 );
#1286 = SURFACE_STYLE_USAGE( .BOTH., #2020 );
#1287 = FACE_OUTER_BOUND( '', #2021, .T. );
#1288 = PLANE( '', #2022 );
#1289 = SURFACE_STYLE_USAGE( .BOTH., #2023 );
#1290 = FACE_OUTER_BOUND( '', #2024, .T. );
#1291 = PLANE( '', #2025 );
#1292 = SURFACE_STYLE_USAGE( .BOTH., #2026 );
#1293 = FACE_OUTER_BOUND( '', #2027, .T. );
#1294 = PLANE( '', #2028 );
#1295 = SURFACE_STYLE_USAGE( .BOTH., #2029 );
#1296 = FACE_OUTER_BOUND( '', #2030, .T. );
#1297 = PLANE( '', #2031 );
#1298 = SURFACE_STYLE_USAGE( .BOTH., #2032 );
#1299 = FACE_OUTER_BOUND( '', #2033, .T. );
#1300 = PLANE( '', #2034 );
#1301 = SURFACE_STYLE_USAGE( .BOTH., #2035 );
#1302 = FACE_OUTER_BOUND( '', #2036, .T. );
#1303 = PLANE( '', #2037 );
#1304 = SURFACE_STYLE_USAGE( .BOTH., #2038 );
#1305 = FACE_OUTER_BOUND( '', #2039, .T. );
#1306 = PLANE( '', #2040 );
#1307 = SURFACE_STYLE_USAGE( .BOTH., #2041 );
#1308 = FACE_OUTER_BOUND( '', #2042, .T. );
#1309 = PLANE( '', #2043 );
#1310 = SURFACE_STYLE_USAGE( .BOTH., #2044 );
#1311 = FACE_OUTER_BOUND( '', #2045, .T. );
#1312 = PLANE( '', #2046 );
#1313 = SURFACE_STYLE_USAGE( .BOTH., #2047 );
#1314 = FACE_OUTER_BOUND( '', #2048, .T. );
#1315 = PLANE( '', #2049 );
#1316 = SURFACE_STYLE_USAGE( .BOTH., #2050 );
#1317 = FACE_OUTER_BOUND( '', #2051, .T. );
#1318 = PLANE( '', #2052 );
#1319 = SURFACE_STYLE_USAGE( .BOTH., #2053 );
#1320 = FACE_OUTER_BOUND( '', #2054, .T. );
#1321 = PLANE( '', #2055 );
#1322 = SURFACE_STYLE_USAGE( .BOTH., #2056 );
#1323 = FACE_OUTER_BOUND( '', #2057, .T. );
#1324 = PLANE( '', #2058 );
#1325 = SURFACE_STYLE_USAGE( .BOTH., #2059 );
#1326 = FACE_OUTER_BOUND( '', #2060, .T. );
#1327 = PLANE( '', #2061 );
#1328 = SURFACE_STYLE_USAGE( .BOTH., #2062 );
#1329 = FACE_OUTER_BOUND( '', #2063, .T. );
#1330 = PLANE( '', #2064 );
#1331 = SURFACE_STYLE_USAGE( .BOTH., #2065 );
#1332 = FACE_OUTER_BOUND( '', #2066, .T. );
#1333 = PLANE( '', #2067 );
#1334 = SURFACE_STYLE_USAGE( .BOTH., #2068 );
#1335 = FACE_OUTER_BOUND( '', #2069, .T. );
#1336 = PLANE( '', #2070 );
#1337 = SURFACE_STYLE_USAGE( .BOTH., #2071 );
#1338 = FACE_OUTER_BOUND( '', #2072, .T. );
#1339 = PLANE( '', #2073 );
#1340 = SURFACE_STYLE_USAGE( .BOTH., #2074 );
#1341 = FACE_OUTER_BOUND( '', #2075, .T. );
#1342 = PLANE( '', #2076 );
#1343 = SURFACE_STYLE_USAGE( .BOTH., #2077 );
#1344 = FACE_OUTER_BOUND( '', #2078, .T. );
#1345 = PLANE( '', #2079 );
#1346 = SURFACE_STYLE_USAGE( .BOTH., #2080 );
#1347 = FACE_OUTER_BOUND( '', #2081, .T. );
#1348 = PLANE( '', #2082 );
#1349 = SURFACE_STYLE_USAGE( .BOTH., #2083 );
#1350 = FACE_OUTER_BOUND( '', #2084, .T. );
#1351 = FACE_BOUND( '', #2085, .T. );
#1352 = PLANE( '', #2086 );
#1353 = SURFACE_STYLE_USAGE( .BOTH., #2087 );
#1354 = FACE_OUTER_BOUND( '', #2088, .T. );
#1355 = PLANE( '', #2089 );
#1356 = SURFACE_STYLE_USAGE( .BOTH., #2090 );
#1357 = FACE_OUTER_BOUND( '', #2091, .T. );
#1358 = PLANE( '', #2092 );
#1359 = SURFACE_STYLE_USAGE( .BOTH., #2093 );
#1360 = FACE_OUTER_BOUND( '', #2094, .T. );
#1361 = PLANE( '', #2095 );
#1362 = SURFACE_STYLE_USAGE( .BOTH., #2096 );
#1363 = FACE_OUTER_BOUND( '', #2097, .T. );
#1364 = PLANE( '', #2098 );
#1365 = SURFACE_STYLE_USAGE( .BOTH., #2099 );
#1366 = FACE_OUTER_BOUND( '', #2100, .T. );
#1367 = PLANE( '', #2101 );
#1368 = SURFACE_STYLE_USAGE( .BOTH., #2102 );
#1369 = FACE_OUTER_BOUND( '', #2103, .T. );
#1370 = PLANE( '', #2104 );
#1371 = SURFACE_STYLE_USAGE( .BOTH., #2105 );
#1372 = FACE_OUTER_BOUND( '', #2106, .T. );
#1373 = PLANE( '', #2107 );
#1374 = SURFACE_STYLE_USAGE( .BOTH., #2108 );
#1375 = FACE_OUTER_BOUND( '', #2109, .T. );
#1376 = PLANE( '', #2110 );
#1377 = SURFACE_STYLE_USAGE( .BOTH., #2111 );
#1378 = FACE_OUTER_BOUND( '', #2112, .T. );
#1379 = PLANE( '', #2113 );
#1380 = SURFACE_STYLE_USAGE( .BOTH., #2114 );
#1381 = FACE_OUTER_BOUND( '', #2115, .T. );
#1382 = PLANE( '', #2116 );
#1383 = SURFACE_STYLE_USAGE( .BOTH., #2117 );
#1384 = FACE_OUTER_BOUND( '', #2118, .T. );
#1385 = PLANE( '', #2119 );
#1386 = SURFACE_STYLE_USAGE( .BOTH., #2120 );
#1387 = FACE_OUTER_BOUND( '', #2121, .T. );
#1388 = PLANE( '', #2122 );
#1389 = SURFACE_STYLE_USAGE( .BOTH., #2123 );
#1390 = FACE_OUTER_BOUND( '', #2124, .T. );
#1391 = FACE_OUTER_BOUND( '', #2125, .T. );
#1392 = CYLINDRICAL_SURFACE( '', #2126, 1.40000000000000 );
#1393 = SURFACE_STYLE_USAGE( .BOTH., #2127 );
#1394 = FACE_OUTER_BOUND( '', #2128, .T. );
#1395 = PLANE( '', #2129 );
#1396 = SURFACE_STYLE_USAGE( .BOTH., #2130 );
#1397 = FACE_OUTER_BOUND( '', #2131, .T. );
#1398 = PLANE( '', #2132 );
#1399 = SURFACE_STYLE_USAGE( .BOTH., #2133 );
#1400 = FACE_OUTER_BOUND( '', #2134, .T. );
#1401 = PLANE( '', #2135 );
#1402 = SURFACE_STYLE_USAGE( .BOTH., #2136 );
#1403 = FACE_OUTER_BOUND( '', #2137, .T. );
#1404 = PLANE( '', #2138 );
#1405 = SURFACE_STYLE_USAGE( .BOTH., #2139 );
#1406 = FACE_OUTER_BOUND( '', #2140, .T. );
#1407 = PLANE( '', #2141 );
#1408 = SURFACE_STYLE_USAGE( .BOTH., #2142 );
#1409 = FACE_OUTER_BOUND( '', #2143, .T. );
#1410 = PLANE( '', #2144 );
#1411 = SURFACE_STYLE_USAGE( .BOTH., #2145 );
#1412 = FACE_OUTER_BOUND( '', #2146, .T. );
#1413 = PLANE( '', #2147 );
#1414 = SURFACE_STYLE_USAGE( .BOTH., #2148 );
#1415 = FACE_OUTER_BOUND( '', #2149, .T. );
#1416 = CYLINDRICAL_SURFACE( '', #2150, 3.01805555555556 );
#1417 = SURFACE_STYLE_USAGE( .BOTH., #2151 );
#1418 = FACE_OUTER_BOUND( '', #2152, .T. );
#1419 = PLANE( '', #2153 );
#1420 = SURFACE_STYLE_USAGE( .BOTH., #2154 );
#1421 = FACE_OUTER_BOUND( '', #2155, .T. );
#1422 = PLANE( '', #2156 );
#1423 = SURFACE_STYLE_USAGE( .BOTH., #2157 );
#1424 = FACE_OUTER_BOUND( '', #2158, .T. );
#1425 = PLANE( '', #2159 );
#1426 = SURFACE_STYLE_USAGE( .BOTH., #2160 );
#1427 = FACE_OUTER_BOUND( '', #2161, .T. );
#1428 = PLANE( '', #2162 );
#1429 = SURFACE_STYLE_USAGE( .BOTH., #2163 );
#1430 = FACE_OUTER_BOUND( '', #2164, .T. );
#1431 = FACE_OUTER_BOUND( '', #2165, .T. );
#1432 = CYLINDRICAL_SURFACE( '', #2166, 1.40000000000000 );
#1433 = SURFACE_STYLE_USAGE( .BOTH., #2167 );
#1434 = FACE_OUTER_BOUND( '', #2168, .T. );
#1435 = PLANE( '', #2169 );
#1436 = SURFACE_STYLE_USAGE( .BOTH., #2170 );
#1437 = FACE_OUTER_BOUND( '', #2171, .T. );
#1438 = PLANE( '', #2172 );
#1439 = SURFACE_STYLE_USAGE( .BOTH., #2173 );
#1440 = FACE_OUTER_BOUND( '', #2174, .T. );
#1441 = PLANE( '', #2175 );
#1442 = SURFACE_STYLE_USAGE( .BOTH., #2176 );
#1443 = FACE_OUTER_BOUND( '', #2177, .T. );
#1444 = PLANE( '', #2178 );
#1445 = SURFACE_STYLE_USAGE( .BOTH., #2179 );
#1446 = FACE_OUTER_BOUND( '', #2180, .T. );
#1447 = PLANE( '', #2181 );
#1448 = SURFACE_STYLE_USAGE( .BOTH., #2182 );
#1449 = FACE_OUTER_BOUND( '', #2183, .T. );
#1450 = PLANE( '', #2184 );
#1451 = SURFACE_STYLE_USAGE( .BOTH., #2185 );
#1452 = FACE_OUTER_BOUND( '', #2186, .T. );
#1453 = PLANE( '', #2187 );
#1454 = SURFACE_STYLE_USAGE( .BOTH., #2188 );
#1455 = FACE_OUTER_BOUND( '', #2189, .T. );
#1456 = PLANE( '', #2190 );
#1457 = SURFACE_STYLE_USAGE( .BOTH., #2191 );
#1458 = FACE_OUTER_BOUND( '', #2192, .T. );
#1459 = PLANE( '', #2193 );
#1460 = SURFACE_STYLE_USAGE( .BOTH., #2194 );
#1461 = FACE_OUTER_BOUND( '', #2195, .T. );
#1462 = PLANE( '', #2196 );
#1463 = SURFACE_STYLE_USAGE( .BOTH., #2197 );
#1464 = FACE_OUTER_BOUND( '', #2198, .T. );
#1465 = PLANE( '', #2199 );
#1466 = SURFACE_STYLE_USAGE( .BOTH., #2200 );
#1467 = FACE_OUTER_BOUND( '', #2201, .T. );
#1468 = FACE_BOUND( '', #2202, .T. );
#1469 = PLANE( '', #2203 );
#1470 = SURFACE_STYLE_USAGE( .BOTH., #2204 );
#1471 = FACE_OUTER_BOUND( '', #2205, .T. );
#1472 = CYLINDRICAL_SURFACE( '', #2206, 3.01805555555556 );
#1473 = SURFACE_STYLE_USAGE( .BOTH., #2207 );
#1474 = FACE_OUTER_BOUND( '', #2208, .T. );
#1475 = PLANE( '', #2209 );
#1476 = SURFACE_STYLE_USAGE( .BOTH., #2210 );
#1477 = FACE_OUTER_BOUND( '', #2211, .T. );
#1478 = PLANE( '', #2212 );
#1479 = SURFACE_STYLE_USAGE( .BOTH., #2213 );
#1480 = FACE_OUTER_BOUND( '', #2214, .T. );
#1481 = PLANE( '', #2215 );
#1482 = SURFACE_STYLE_USAGE( .BOTH., #2216 );
#1483 = FACE_OUTER_BOUND( '', #2217, .T. );
#1484 = PLANE( '', #2218 );
#1485 = SURFACE_STYLE_USAGE( .BOTH., #2219 );
#1486 = FACE_OUTER_BOUND( '', #2220, .T. );
#1487 = PLANE( '', #2221 );
#1488 = SURFACE_STYLE_USAGE( .BOTH., #2222 );
#1489 = FACE_OUTER_BOUND( '', #2223, .T. );
#1490 = PLANE( '', #2224 );
#1491 = SURFACE_STYLE_USAGE( .BOTH., #2225 );
#1492 = FACE_OUTER_BOUND( '', #2226, .T. );
#1493 = PLANE( '', #2227 );
#1494 = SURFACE_STYLE_USAGE( .BOTH., #2228 );
#1495 = FACE_OUTER_BOUND( '', #2229, .T. );
#1496 = PLANE( '', #2230 );
#1497 = SURFACE_STYLE_USAGE( .BOTH., #2231 );
#1498 = FACE_OUTER_BOUND( '', #2232, .T. );
#1499 = PLANE( '', #2233 );
#1500 = SURFACE_STYLE_USAGE( .BOTH., #2234 );
#1501 = FACE_OUTER_BOUND( '', #2235, .T. );
#1502 = FACE_OUTER_BOUND( '', #2236, .T. );
#1503 = TOROIDAL_SURFACE( '', #2237, 0.900000000000000, 0.500000000000000 );
#1504 = SURFACE_STYLE_USAGE( .BOTH., #2238 );
#1505 = FACE_OUTER_BOUND( '', #2239, .T. );
#1506 = PLANE( '', #2240 );
#1507 = SURFACE_STYLE_USAGE( .BOTH., #2241 );
#1508 = FACE_OUTER_BOUND( '', #2242, .T. );
#1509 = PLANE( '', #2243 );
#1510 = SURFACE_STYLE_USAGE( .BOTH., #2244 );
#1511 = FACE_OUTER_BOUND( '', #2245, .T. );
#1512 = PLANE( '', #2246 );
#1513 = SURFACE_STYLE_USAGE( .BOTH., #2247 );
#1514 = FACE_OUTER_BOUND( '', #2248, .T. );
#1515 = PLANE( '', #2249 );
#1516 = SURFACE_STYLE_USAGE( .BOTH., #2250 );
#1517 = FACE_OUTER_BOUND( '', #2251, .T. );
#1518 = PLANE( '', #2252 );
#1519 = SURFACE_STYLE_USAGE( .BOTH., #2253 );
#1520 = FACE_OUTER_BOUND( '', #2254, .T. );
#1521 = PLANE( '', #2255 );
#1522 = SURFACE_STYLE_USAGE( .BOTH., #2256 );
#1523 = FACE_OUTER_BOUND( '', #2257, .T. );
#1524 = FACE_OUTER_BOUND( '', #2258, .T. );
#1525 = CYLINDRICAL_SURFACE( '', #2259, 1.40000000000000 );
#1526 = SURFACE_STYLE_USAGE( .BOTH., #2260 );
#1527 = FACE_OUTER_BOUND( '', #2261, .T. );
#1528 = PLANE( '', #2262 );
#1529 = SURFACE_STYLE_USAGE( .BOTH., #2263 );
#1530 = FACE_OUTER_BOUND( '', #2264, .T. );
#1531 = PLANE( '', #2265 );
#1532 = SURFACE_STYLE_USAGE( .BOTH., #2266 );
#1533 = FACE_OUTER_BOUND( '', #2267, .T. );
#1534 = PLANE( '', #2268 );
#1535 = SURFACE_STYLE_USAGE( .BOTH., #2269 );
#1536 = FACE_OUTER_BOUND( '', #2270, .T. );
#1537 = PLANE( '', #2271 );
#1538 = SURFACE_STYLE_USAGE( .BOTH., #2272 );
#1539 = FACE_OUTER_BOUND( '', #2273, .T. );
#1540 = PLANE( '', #2274 );
#1541 = SURFACE_STYLE_USAGE( .BOTH., #2275 );
#1542 = FACE_OUTER_BOUND( '', #2276, .T. );
#1543 = PLANE( '', #2277 );
#1544 = SURFACE_STYLE_USAGE( .BOTH., #2278 );
#1545 = FACE_OUTER_BOUND( '', #2279, .T. );
#1546 = PLANE( '', #2280 );
#1547 = SURFACE_STYLE_USAGE( .BOTH., #2281 );
#1548 = FACE_OUTER_BOUND( '', #2282, .T. );
#1549 = PLANE( '', #2283 );
#1550 = SURFACE_STYLE_USAGE( .BOTH., #2284 );
#1551 = FACE_OUTER_BOUND( '', #2285, .T. );
#1552 = PLANE( '', #2286 );
#1553 = SURFACE_STYLE_USAGE( .BOTH., #2287 );
#1554 = FACE_OUTER_BOUND( '', #2288, .T. );
#1555 = PLANE( '', #2289 );
#1556 = SURFACE_STYLE_USAGE( .BOTH., #2290 );
#1557 = FACE_OUTER_BOUND( '', #2291, .T. );
#1558 = PLANE( '', #2292 );
#1559 = SURFACE_STYLE_USAGE( .BOTH., #2293 );
#1560 = FACE_OUTER_BOUND( '', #2294, .T. );
#1561 = PLANE( '', #2295 );
#1562 = SURFACE_STYLE_USAGE( .BOTH., #2296 );
#1563 = FACE_OUTER_BOUND( '', #2297, .T. );
#1564 = CYLINDRICAL_SURFACE( '', #2298, 3.01805555555556 );
#1565 = SURFACE_STYLE_USAGE( .BOTH., #2299 );
#1566 = FACE_BOUND( '', #2300, .T. );
#1567 = FACE_BOUND( '', #2301, .T. );
#1568 = FACE_BOUND( '', #2302, .T. );
#1569 = FACE_BOUND( '', #2303, .T. );
#1570 = FACE_BOUND( '', #2304, .T. );
#1571 = FACE_OUTER_BOUND( '', #2305, .T. );
#1572 = FACE_BOUND( '', #2306, .T. );
#1573 = PLANE( '', #2307 );
#1574 = SURFACE_STYLE_USAGE( .BOTH., #2308 );
#1575 = FACE_OUTER_BOUND( '', #2309, .T. );
#1576 = PLANE( '', #2310 );
#1577 =  ( LENGTH_UNIT(  )NAMED_UNIT( #811 )SI_UNIT( .MILLI., .METRE. ) );
#1580 = LENGTH_MEASURE_WITH_UNIT( LENGTH_MEASURE( 1.00000000000000 ), #2312 );
#1583 = DIMENSIONAL_EXPONENTS( 1.00000000000000, 0.000000000000000, 0.000000000000000, 0.000000000000000, 0.000000000000000, 0.000000000000000, 0.000000000000000 );
#1585 = DIMENSIONAL_EXPONENTS( 0.000000000000000, 0.000000000000000, 0.000000000000000, 0.000000000000000, 0.000000000000000, 0.000000000000000, 0.000000000000000 );
#1591 = SURFACE_SIDE_STYLE( '', ( #2313 ) );
#1592 = EDGE_LOOP( '', ( #2314, #2315, #2316, #2317 ) );
#1593 = AXIS2_PLACEMENT_3D( '', #2318, #2319, #2320 );
#1594 = SURFACE_SIDE_STYLE( '', ( #2321 ) );
#1595 = EDGE_LOOP( '', ( #2322 ) );
#1596 = EDGE_LOOP( '', ( #2323, #2324, #2325, #2326 ) );
#1597 = AXIS2_PLACEMENT_3D( '', #2327, #2328, #2329 );
#1598 = SURFACE_SIDE_STYLE( '', ( #2330 ) );
#1599 = EDGE_LOOP( '', ( #2331, #2332, #2333, #2334, #2335, #2336, #2337, #2338, #2339, #2340, #2341, #2342, #2343, #2344, #2345, #2346, #2347, #2348, #2349, #2350, #2351, #2352, #2353, #2354, #2355, #2356, #2357, #2358 ) );
#1600 = AXIS2_PLACEMENT_3D( '', #2359, #2360, #2361 );
#1601 = SURFACE_SIDE_STYLE( '', ( #2362 ) );
#1602 = EDGE_LOOP( '', ( #2363, #2364, #2365, #2366 ) );
#1603 = AXIS2_PLACEMENT_3D( '', #2367, #2368, #2369 );
#1604 = SURFACE_SIDE_STYLE( '', ( #2370 ) );
#1605 = EDGE_LOOP( '', ( #2371, #2372, #2373, #2374 ) );
#1606 = AXIS2_PLACEMENT_3D( '', #2375, #2376, #2377 );
#1607 = SURFACE_SIDE_STYLE( '', ( #2378 ) );
#1608 = EDGE_LOOP( '', ( #2379, #2380, #2381, #2382, #2383, #2384 ) );
#1609 = AXIS2_PLACEMENT_3D( '', #2385, #2386, #2387 );
#1610 = SURFACE_SIDE_STYLE( '', ( #2388 ) );
#1611 = EDGE_LOOP( '', ( #2389, #2390, #2391, #2392 ) );
#1612 = AXIS2_PLACEMENT_3D( '', #2393, #2394, #2395 );
#1613 = SURFACE_SIDE_STYLE( '', ( #2396 ) );
#1614 = EDGE_LOOP( '', ( #2397, #2398, #2399, #2400 ) );
#1615 = AXIS2_PLACEMENT_3D( '', #2401, #2402, #2403 );
#1616 = SURFACE_SIDE_STYLE( '', ( #2404 ) );
#1617 = EDGE_LOOP( '', ( #2405, #2406, #2407, #2408 ) );
#1618 = AXIS2_PLACEMENT_3D( '', #2409, #2410, #2411 );
#1619 = SURFACE_SIDE_STYLE( '', ( #2412 ) );
#1620 = EDGE_LOOP( '', ( #2413, #2414, #2415, #2416 ) );
#1621 = AXIS2_PLACEMENT_3D( '', #2417, #2418, #2419 );
#1622 = SURFACE_SIDE_STYLE( '', ( #2420 ) );
#1623 = EDGE_LOOP( '', ( #2421, #2422, #2423, #2424 ) );
#1624 = AXIS2_PLACEMENT_3D( '', #2425, #2426, #2427 );
#1625 = SURFACE_SIDE_STYLE( '', ( #2428 ) );
#1626 = EDGE_LOOP( '', ( #2429, #2430, #2431, #2432, #2433, #2434, #2435, #2436 ) );
#1627 = AXIS2_PLACEMENT_3D( '', #2437, #2438, #2439 );
#1628 = SURFACE_SIDE_STYLE( '', ( #2440 ) );
#1629 = EDGE_LOOP( '', ( #2441, #2442, #2443, #2444 ) );
#1630 = AXIS2_PLACEMENT_3D( '', #2445, #2446, #2447 );
#1631 = SURFACE_SIDE_STYLE( '', ( #2448 ) );
#1632 = EDGE_LOOP( '', ( #2449, #2450, #2451, #2452 ) );
#1633 = AXIS2_PLACEMENT_3D( '', #2453, #2454, #2455 );
#1634 = SURFACE_SIDE_STYLE( '', ( #2456 ) );
#1635 = EDGE_LOOP( '', ( #2457, #2458, #2459, #2460, #2461, #2462 ) );
#1636 = AXIS2_PLACEMENT_3D( '', #2463, #2464, #2465 );
#1637 = SURFACE_SIDE_STYLE( '', ( #2466 ) );
#1638 = EDGE_LOOP( '', ( #2467 ) );
#1639 = EDGE_LOOP( '', ( #2468 ) );
#1640 = AXIS2_PLACEMENT_3D( '', #2469, #2470, #2471 );
#1641 = SURFACE_SIDE_STYLE( '', ( #2472 ) );
#1642 = EDGE_LOOP( '', ( #2473, #2474, #2475, #2476 ) );
#1643 = AXIS2_PLACEMENT_3D( '', #2477, #2478, #2479 );
#1644 = SURFACE_SIDE_STYLE( '', ( #2480 ) );
#1645 = EDGE_LOOP( '', ( #2481, #2482, #2483, #2484 ) );
#1646 = AXIS2_PLACEMENT_3D( '', #2485, #2486, #2487 );
#1647 = SURFACE_SIDE_STYLE( '', ( #2488 ) );
#1648 = EDGE_LOOP( '', ( #2489 ) );
#1649 = EDGE_LOOP( '', ( #2490 ) );
#1650 = AXIS2_PLACEMENT_3D( '', #2491, #2492, #2493 );
#1651 = SURFACE_SIDE_STYLE( '', ( #2494 ) );
#1652 = EDGE_LOOP( '', ( #2495, #2496, #2497, #2498, #2499, #2500, #2501, #2502 ) );
#1653 = AXIS2_PLACEMENT_3D( '', #2503, #2504, #2505 );
#1654 = SURFACE_SIDE_STYLE( '', ( #2506 ) );
#1655 = EDGE_LOOP( '', ( #2507, #2508, #2509, #2510 ) );
#1656 = AXIS2_PLACEMENT_3D( '', #2511, #2512, #2513 );
#1657 = SURFACE_SIDE_STYLE( '', ( #2514 ) );
#1658 = EDGE_LOOP( '', ( #2515 ) );
#1659 = EDGE_LOOP( '', ( #2516 ) );
#1660 = AXIS2_PLACEMENT_3D( '', #2517, #2518, #2519 );
#1661 = SURFACE_SIDE_STYLE( '', ( #2520 ) );
#1662 = EDGE_LOOP( '', ( #2521, #2522, #2523, #2524 ) );
#1663 = AXIS2_PLACEMENT_3D( '', #2525, #2526, #2527 );
#1664 = SURFACE_SIDE_STYLE( '', ( #2528 ) );
#1665 = EDGE_LOOP( '', ( #2529, #2530, #2531, #2532, #2533, #2534, #2535, #2536 ) );
#1666 = AXIS2_PLACEMENT_3D( '', #2537, #2538, #2539 );
#1667 = SURFACE_SIDE_STYLE( '', ( #2540 ) );
#1668 = EDGE_LOOP( '', ( #2541, #2542, #2543, #2544, #2545 ) );
#1669 = AXIS2_PLACEMENT_3D( '', #2546, #2547, #2548 );
#1670 = SURFACE_SIDE_STYLE( '', ( #2549 ) );
#1671 = EDGE_LOOP( '', ( #2550, #2551, #2552, #2553, #2554, #2555 ) );
#1672 = AXIS2_PLACEMENT_3D( '', #2556, #2557, #2558 );
#1673 = SURFACE_SIDE_STYLE( '', ( #2559 ) );
#1674 = EDGE_LOOP( '', ( #2560, #2561, #2562, #2563 ) );
#1675 = AXIS2_PLACEMENT_3D( '', #2564, #2565, #2566 );
#1676 = SURFACE_SIDE_STYLE( '', ( #2567 ) );
#1677 = EDGE_LOOP( '', ( #2568, #2569, #2570, #2571 ) );
#1678 = AXIS2_PLACEMENT_3D( '', #2572, #2573, #2574 );
#1679 = SURFACE_SIDE_STYLE( '', ( #2575 ) );
#1680 = EDGE_LOOP( '', ( #2576, #2577, #2578, #2579 ) );
#1681 = AXIS2_PLACEMENT_3D( '', #2580, #2581, #2582 );
#1682 = SURFACE_SIDE_STYLE( '', ( #2583 ) );
#1683 = EDGE_LOOP( '', ( #2584, #2585, #2586, #2587, #2588, #2589, #2590, #2591 ) );
#1684 = AXIS2_PLACEMENT_3D( '', #2592, #2593, #2594 );
#1685 = SURFACE_SIDE_STYLE( '', ( #2595 ) );
#1686 = EDGE_LOOP( '', ( #2596, #2597, #2598, #2599 ) );
#1687 = AXIS2_PLACEMENT_3D( '', #2600, #2601, #2602 );
#1688 = SURFACE_SIDE_STYLE( '', ( #2603 ) );
#1689 = EDGE_LOOP( '', ( #2604, #2605, #2606, #2607, #2608, #2609 ) );
#1690 = AXIS2_PLACEMENT_3D( '', #2610, #2611, #2612 );
#1691 = SURFACE_SIDE_STYLE( '', ( #2613 ) );
#1692 = EDGE_LOOP( '', ( #2614 ) );
#1693 = EDGE_LOOP( '', ( #2615 ) );
#1694 = AXIS2_PLACEMENT_3D( '', #2616, #2617, #2618 );
#1695 = SURFACE_SIDE_STYLE( '', ( #2619 ) );
#1696 = EDGE_LOOP( '', ( #2620, #2621, #2622, #2623 ) );
#1697 = AXIS2_PLACEMENT_3D( '', #2624, #2625, #2626 );
#1698 = SURFACE_SIDE_STYLE( '', ( #2627 ) );
#1699 = EDGE_LOOP( '', ( #2628, #2629, #2630, #2631, #2632, #2633, #2634, #2635 ) );
#1700 = AXIS2_PLACEMENT_3D( '', #2636, #2637, #2638 );
#1701 = SURFACE_SIDE_STYLE( '', ( #2639 ) );
#1702 = EDGE_LOOP( '', ( #2640, #2641, #2642, #2643, #2644, #2645 ) );
#1703 = AXIS2_PLACEMENT_3D( '', #2646, #2647, #2648 );
#1704 = SURFACE_SIDE_STYLE( '', ( #2649 ) );
#1705 = EDGE_LOOP( '', ( #2650, #2651, #2652, #2653 ) );
#1706 = AXIS2_PLACEMENT_3D( '', #2654, #2655, #2656 );
#1707 = SURFACE_SIDE_STYLE( '', ( #2657 ) );
#1708 = EDGE_LOOP( '', ( #2658, #2659, #2660, #2661 ) );
#1709 = AXIS2_PLACEMENT_3D( '', #2662, #2663, #2664 );
#1710 = SURFACE_SIDE_STYLE( '', ( #2665 ) );
#1711 = EDGE_LOOP( '', ( #2666 ) );
#1712 = EDGE_LOOP( '', ( #2667, #2668, #2669, #2670 ) );
#1713 = AXIS2_PLACEMENT_3D( '', #2671, #2672, #2673 );
#1714 = SURFACE_SIDE_STYLE( '', ( #2674 ) );
#1715 = EDGE_LOOP( '', ( #2675, #2676, #2677, #2678 ) );
#1716 = AXIS2_PLACEMENT_3D( '', #2679, #2680, #2681 );
#1717 = SURFACE_SIDE_STYLE( '', ( #2682 ) );
#1718 = EDGE_LOOP( '', ( #2683, #2684, #2685, #2686 ) );
#1719 = AXIS2_PLACEMENT_3D( '', #2687, #2688, #2689 );
#1720 = SURFACE_SIDE_STYLE( '', ( #2690 ) );
#1721 = EDGE_LOOP( '', ( #2691, #2692, #2693, #2694 ) );
#1722 = AXIS2_PLACEMENT_3D( '', #2695, #2696, #2697 );
#1723 = SURFACE_SIDE_STYLE( '', ( #2698 ) );
#1724 = EDGE_LOOP( '', ( #2699, #2700, #2701, #2702 ) );
#1725 = AXIS2_PLACEMENT_3D( '', #2703, #2704, #2705 );
#1726 = SURFACE_SIDE_STYLE( '', ( #2706 ) );
#1727 = EDGE_LOOP( '', ( #2707, #2708, #2709, #2710 ) );
#1728 = AXIS2_PLACEMENT_3D( '', #2711, #2712, #2713 );
#1729 = SURFACE_SIDE_STYLE( '', ( #2714 ) );
#1730 = EDGE_LOOP( '', ( #2715, #2716, #2717, #2718 ) );
#1731 = AXIS2_PLACEMENT_3D( '', #2719, #2720, #2721 );
#1732 = SURFACE_SIDE_STYLE( '', ( #2722 ) );
#1733 = EDGE_LOOP( '', ( #2723, #2724, #2725, #2726, #2727, #2728, #2729, #2730 ) );
#1734 = AXIS2_PLACEMENT_3D( '', #2731, #2732, #2733 );
#1735 = SURFACE_SIDE_STYLE( '', ( #2734 ) );
#1736 = EDGE_LOOP( '', ( #2735, #2736, #2737, #2738 ) );
#1737 = AXIS2_PLACEMENT_3D( '', #2739, #2740, #2741 );
#1738 = SURFACE_SIDE_STYLE( '', ( #2742 ) );
#1739 = EDGE_LOOP( '', ( #2743, #2744, #2745, #2746, #2747, #2748 ) );
#1740 = AXIS2_PLACEMENT_3D( '', #2749, #2750, #2751 );
#1741 = SURFACE_SIDE_STYLE( '', ( #2752 ) );
#1742 = EDGE_LOOP( '', ( #2753, #2754, #2755, #2756 ) );
#1743 = AXIS2_PLACEMENT_3D( '', #2757, #2758, #2759 );
#1744 = SURFACE_SIDE_STYLE( '', ( #2760 ) );
#1745 = EDGE_LOOP( '', ( #2761, #2762, #2763, #2764 ) );
#1746 = AXIS2_PLACEMENT_3D( '', #2765, #2766, #2767 );
#1747 = SURFACE_SIDE_STYLE( '', ( #2768 ) );
#1748 = EDGE_LOOP( '', ( #2769, #2770, #2771, #2772 ) );
#1749 = AXIS2_PLACEMENT_3D( '', #2773, #2774, #2775 );
#1750 = SURFACE_SIDE_STYLE( '', ( #2776 ) );
#1751 = EDGE_LOOP( '', ( #2777, #2778, #2779, #2780, #2781, #2782, #2783, #2784 ) );
#1752 = AXIS2_PLACEMENT_3D( '', #2785, #2786, #2787 );
#1753 = SURFACE_SIDE_STYLE( '', ( #2788 ) );
#1754 = EDGE_LOOP( '', ( #2789, #2790, #2791, #2792 ) );
#1755 = AXIS2_PLACEMENT_3D( '', #2793, #2794, #2795 );
#1756 = SURFACE_SIDE_STYLE( '', ( #2796 ) );
#1757 = EDGE_LOOP( '', ( #2797, #2798, #2799, #2800, #2801, #2802, #2803 ) );
#1758 = AXIS2_PLACEMENT_3D( '', #2804, #2805, #2806 );
#1759 = SURFACE_SIDE_STYLE( '', ( #2807 ) );
#1760 = EDGE_LOOP( '', ( #2808, #2809, #2810, #2811 ) );
#1761 = AXIS2_PLACEMENT_3D( '', #2812, #2813, #2814 );
#1762 = SURFACE_SIDE_STYLE( '', ( #2815 ) );
#1763 = EDGE_LOOP( '', ( #2816, #2817, #2818, #2819 ) );
#1764 = AXIS2_PLACEMENT_3D( '', #2820, #2821, #2822 );
#1765 = SURFACE_SIDE_STYLE( '', ( #2823 ) );
#1766 = EDGE_LOOP( '', ( #2824, #2825, #2826, #2827, #2828, #2829 ) );
#1767 = AXIS2_PLACEMENT_3D( '', #2830, #2831, #2832 );
#1768 = SURFACE_SIDE_STYLE( '', ( #2833 ) );
#1769 = EDGE_LOOP( '', ( #2834, #2835, #2836, #2837 ) );
#1770 = AXIS2_PLACEMENT_3D( '', #2838, #2839, #2840 );
#1771 = SURFACE_SIDE_STYLE( '', ( #2841 ) );
#1772 = EDGE_LOOP( '', ( #2842 ) );
#1773 = EDGE_LOOP( '', ( #2843, #2844, #2845, #2846 ) );
#1774 = AXIS2_PLACEMENT_3D( '', #2847, #2848, #2849 );
#1775 = SURFACE_SIDE_STYLE( '', ( #2850 ) );
#1776 = EDGE_LOOP( '', ( #2851 ) );
#1777 = EDGE_LOOP( '', ( #2852, #2853, #2854, #2855 ) );
#1778 = AXIS2_PLACEMENT_3D( '', #2856, #2857, #2858 );
#1779 = SURFACE_SIDE_STYLE( '', ( #2859 ) );
#1780 = EDGE_LOOP( '', ( #2860, #2861, #2862, #2863 ) );
#1781 = AXIS2_PLACEMENT_3D( '', #2864, #2865, #2866 );
#1782 = SURFACE_SIDE_STYLE( '', ( #2867 ) );
#1783 = EDGE_LOOP( '', ( #2868, #2869, #2870, #2871, #2872, #2873, #2874, #2875 ) );
#1784 = AXIS2_PLACEMENT_3D( '', #2876, #2877, #2878 );
#1785 = SURFACE_SIDE_STYLE( '', ( #2879 ) );
#1786 = EDGE_LOOP( '', ( #2880, #2881, #2882, #2883 ) );
#1787 = AXIS2_PLACEMENT_3D( '', #2884, #2885, #2886 );
#1788 = SURFACE_SIDE_STYLE( '', ( #2887 ) );
#1789 = EDGE_LOOP( '', ( #2888, #2889, #2890, #2891 ) );
#1790 = AXIS2_PLACEMENT_3D( '', #2892, #2893, #2894 );
#1791 = SURFACE_SIDE_STYLE( '', ( #2895 ) );
#1792 = EDGE_LOOP( '', ( #2896, #2897, #2898, #2899, #2900, #2901 ) );
#1793 = AXIS2_PLACEMENT_3D( '', #2902, #2903, #2904 );
#1794 = SURFACE_SIDE_STYLE( '', ( #2905 ) );
#1795 = EDGE_LOOP( '', ( #2906, #2907, #2908, #2909 ) );
#1796 = AXIS2_PLACEMENT_3D( '', #2910, #2911, #2912 );
#1797 = SURFACE_SIDE_STYLE( '', ( #2913 ) );
#1798 = EDGE_LOOP( '', ( #2914, #2915, #2916, #2917 ) );
#1799 = AXIS2_PLACEMENT_3D( '', #2918, #2919, #2920 );
#1800 = SURFACE_SIDE_STYLE( '', ( #2921 ) );
#1801 = EDGE_LOOP( '', ( #2922, #2923, #2924, #2925 ) );
#1802 = AXIS2_PLACEMENT_3D( '', #2926, #2927, #2928 );
#1803 = SURFACE_SIDE_STYLE( '', ( #2929 ) );
#1804 = EDGE_LOOP( '', ( #2930, #2931, #2932, #2933 ) );
#1805 = AXIS2_PLACEMENT_3D( '', #2934, #2935, #2936 );
#1806 = SURFACE_SIDE_STYLE( '', ( #2937 ) );
#1807 = EDGE_LOOP( '', ( #2938, #2939, #2940, #2941 ) );
#1808 = AXIS2_PLACEMENT_3D( '', #2942, #2943, #2944 );
#1809 = SURFACE_SIDE_STYLE( '', ( #2945 ) );
#1810 = EDGE_LOOP( '', ( #2946, #2947, #2948, #2949, #2950, #2951, #2952, #2953, #2954, #2955, #2956, #2957, #2958, #2959, #2960, #2961 ) );
#1811 = AXIS2_PLACEMENT_3D( '', #2962, #2963, #2964 );
#1812 = SURFACE_SIDE_STYLE( '', ( #2965 ) );
#1813 = EDGE_LOOP( '', ( #2966, #2967, #2968, #2969, #2970, #2971 ) );
#1814 = AXIS2_PLACEMENT_3D( '', #2972, #2973, #2974 );
#1815 = SURFACE_SIDE_STYLE( '', ( #2975 ) );
#1816 = EDGE_LOOP( '', ( #2976, #2977, #2978, #2979 ) );
#1817 = AXIS2_PLACEMENT_3D( '', #2980, #2981, #2982 );
#1818 = SURFACE_SIDE_STYLE( '', ( #2983 ) );
#1819 = EDGE_LOOP( '', ( #2984, #2985, #2986, #2987 ) );
#1820 = AXIS2_PLACEMENT_3D( '', #2988, #2989, #2990 );
#1821 = SURFACE_SIDE_STYLE( '', ( #2991 ) );
#1822 = EDGE_LOOP( '', ( #2992, #2993, #2994, #2995 ) );
#1823 = AXIS2_PLACEMENT_3D( '', #2996, #2997, #2998 );
#1824 = SURFACE_SIDE_STYLE( '', ( #2999 ) );
#1825 = EDGE_LOOP( '', ( #3000, #3001, #3002, #3003 ) );
#1826 = AXIS2_PLACEMENT_3D( '', #3004, #3005, #3006 );
#1827 = SURFACE_SIDE_STYLE( '', ( #3007 ) );
#1828 = EDGE_LOOP( '', ( #3008, #3009, #3010, #3011 ) );
#1829 = AXIS2_PLACEMENT_3D( '', #3012, #3013, #3014 );
#1830 = SURFACE_SIDE_STYLE( '', ( #3015 ) );
#1831 = EDGE_LOOP( '', ( #3016, #3017, #3018, #3019 ) );
#1832 = AXIS2_PLACEMENT_3D( '', #3020, #3021, #3022 );
#1833 = SURFACE_SIDE_STYLE( '', ( #3023 ) );
#1834 = EDGE_LOOP( '', ( #3024, #3025, #3026, #3027 ) );
#1835 = AXIS2_PLACEMENT_3D( '', #3028, #3029, #3030 );
#1836 = SURFACE_SIDE_STYLE( '', ( #3031 ) );
#1837 = EDGE_LOOP( '', ( #3032, #3033, #3034, #3035 ) );
#1838 = AXIS2_PLACEMENT_3D( '', #3036, #3037, #3038 );
#1839 = SURFACE_SIDE_STYLE( '', ( #3039 ) );
#1840 = EDGE_LOOP( '', ( #3040 ) );
#1841 = EDGE_LOOP( '', ( #3041 ) );
#1842 = AXIS2_PLACEMENT_3D( '', #3042, #3043, #3044 );
#1843 = SURFACE_SIDE_STYLE( '', ( #3045 ) );
#1844 = EDGE_LOOP( '', ( #3046, #3047, #3048, #3049, #3050, #3051, #3052, #3053 ) );
#1845 = AXIS2_PLACEMENT_3D( '', #3054, #3055, #3056 );
#1846 = SURFACE_SIDE_STYLE( '', ( #3057 ) );
#1847 = EDGE_LOOP( '', ( #3058, #3059, #3060, #3061, #3062, #3063, #3064, #3065, #3066, #3067, #3068, #3069, #3070, #3071, #3072, #3073, #3074, #3075, #3076, #3077, #3078, #3079, #3080, #3081, #3082, #3083, #3084, #3085 ) );
#1848 = AXIS2_PLACEMENT_3D( '', #3086, #3087, #3088 );
#1849 = SURFACE_SIDE_STYLE( '', ( #3089 ) );
#1850 = EDGE_LOOP( '', ( #3090, #3091, #3092, #3093, #3094, #3095 ) );
#1851 = AXIS2_PLACEMENT_3D( '', #3096, #3097, #3098 );
#1852 = SURFACE_SIDE_STYLE( '', ( #3099 ) );
#1853 = EDGE_LOOP( '', ( #3100, #3101, #3102, #3103 ) );
#1854 = AXIS2_PLACEMENT_3D( '', #3104, #3105, #3106 );
#1855 = SURFACE_SIDE_STYLE( '', ( #3107 ) );
#1856 = EDGE_LOOP( '', ( #3108, #3109, #3110, #3111 ) );
#1857 = AXIS2_PLACEMENT_3D( '', #3112, #3113, #3114 );
#1858 = SURFACE_SIDE_STYLE( '', ( #3115 ) );
#1859 = EDGE_LOOP( '', ( #3116, #3117, #3118, #3119 ) );
#1860 = AXIS2_PLACEMENT_3D( '', #3120, #3121, #3122 );
#1861 = SURFACE_SIDE_STYLE( '', ( #3123 ) );
#1862 = EDGE_LOOP( '', ( #3124, #3125, #3126, #3127 ) );
#1863 = AXIS2_PLACEMENT_3D( '', #3128, #3129, #3130 );
#1864 = SURFACE_SIDE_STYLE( '', ( #3131 ) );
#1865 = EDGE_LOOP( '', ( #3132, #3133, #3134, #3135 ) );
#1866 = AXIS2_PLACEMENT_3D( '', #3136, #3137, #3138 );
#1867 = SURFACE_SIDE_STYLE( '', ( #3139 ) );
#1868 = EDGE_LOOP( '', ( #3140, #3141, #3142, #3143, #3144, #3145, #3146, #3147 ) );
#1869 = AXIS2_PLACEMENT_3D( '', #3148, #3149, #3150 );
#1870 = SURFACE_SIDE_STYLE( '', ( #3151 ) );
#1871 = EDGE_LOOP( '', ( #3152, #3153, #3154, #3155, #3156, #3157, #3158, #3159 ) );
#1872 = AXIS2_PLACEMENT_3D( '', #3160, #3161, #3162 );
#1873 = SURFACE_SIDE_STYLE( '', ( #3163 ) );
#1874 = EDGE_LOOP( '', ( #3164, #3165, #3166, #3167 ) );
#1875 = AXIS2_PLACEMENT_3D( '', #3168, #3169, #3170 );
#1876 = SURFACE_SIDE_STYLE( '', ( #3171 ) );
#1877 = EDGE_LOOP( '', ( #3172, #3173, #3174, #3175, #3176, #3177, #3178, #3179 ) );
#1878 = AXIS2_PLACEMENT_3D( '', #3180, #3181, #3182 );
#1879 = SURFACE_SIDE_STYLE( '', ( #3183 ) );
#1880 = EDGE_LOOP( '', ( #3184, #3185, #3186, #3187 ) );
#1881 = AXIS2_PLACEMENT_3D( '', #3188, #3189, #3190 );
#1882 = SURFACE_SIDE_STYLE( '', ( #3191 ) );
#1883 = EDGE_LOOP( '', ( #3192, #3193, #3194, #3195, #3196, #3197, #3198, #3199, #3200, #3201, #3202, #3203, #3204, #3205, #3206, #3207 ) );
#1884 = AXIS2_PLACEMENT_3D( '', #3208, #3209, #3210 );
#1885 = SURFACE_SIDE_STYLE( '', ( #3211 ) );
#1886 = EDGE_LOOP( '', ( #3212, #3213, #3214, #3215 ) );
#1887 = AXIS2_PLACEMENT_3D( '', #3216, #3217, #3218 );
#1888 = SURFACE_SIDE_STYLE( '', ( #3219 ) );
#1889 = EDGE_LOOP( '', ( #3220, #3221, #3222, #3223 ) );
#1890 = AXIS2_PLACEMENT_3D( '', #3224, #3225, #3226 );
#1891 = SURFACE_SIDE_STYLE( '', ( #3227 ) );
#1892 = EDGE_LOOP( '', ( #3228, #3229, #3230, #3231 ) );
#1893 = AXIS2_PLACEMENT_3D( '', #3232, #3233, #3234 );
#1894 = SURFACE_SIDE_STYLE( '', ( #3235 ) );
#1895 = EDGE_LOOP( '', ( #3236 ) );
#1896 = EDGE_LOOP( '', ( #3237 ) );
#1897 = AXIS2_PLACEMENT_3D( '', #3238, #3239, #3240 );
#1898 = SURFACE_SIDE_STYLE( '', ( #3241 ) );
#1899 = EDGE_LOOP( '', ( #3242, #3243, #3244, #3245, #3246, #3247, #3248, #3249 ) );
#1900 = AXIS2_PLACEMENT_3D( '', #3250, #3251, #3252 );
#1901 = SURFACE_SIDE_STYLE( '', ( #3253 ) );
#1902 = EDGE_LOOP( '', ( #3254, #3255, #3256, #3257 ) );
#1903 = AXIS2_PLACEMENT_3D( '', #3258, #3259, #3260 );
#1904 = SURFACE_SIDE_STYLE( '', ( #3261 ) );
#1905 = EDGE_LOOP( '', ( #3262, #3263, #3264, #3265 ) );
#1906 = AXIS2_PLACEMENT_3D( '', #3266, #3267, #3268 );
#1907 = SURFACE_SIDE_STYLE( '', ( #3269 ) );
#1908 = EDGE_LOOP( '', ( #3270, #3271, #3272, #3273 ) );
#1909 = AXIS2_PLACEMENT_3D( '', #3274, #3275, #3276 );
#1910 = SURFACE_SIDE_STYLE( '', ( #3277 ) );
#1911 = EDGE_LOOP( '', ( #3278, #3279, #3280, #3281 ) );
#1912 = AXIS2_PLACEMENT_3D( '', #3282, #3283, #3284 );
#1913 = SURFACE_SIDE_STYLE( '', ( #3285 ) );
#1914 = EDGE_LOOP( '', ( #3286, #3287, #3288, #3289, #3290, #3291, #3292, #3293 ) );
#1915 = AXIS2_PLACEMENT_3D( '', #3294, #3295, #3296 );
#1916 = SURFACE_SIDE_STYLE( '', ( #3297 ) );
#1917 = EDGE_LOOP( '', ( #3298, #3299, #3300, #3301 ) );
#1918 = AXIS2_PLACEMENT_3D( '', #3302, #3303, #3304 );
#1919 = SURFACE_SIDE_STYLE( '', ( #3305 ) );
#1920 = EDGE_LOOP( '', ( #3306, #3307, #3308, #3309 ) );
#1921 = AXIS2_PLACEMENT_3D( '', #3310, #3311, #3312 );
#1922 = SURFACE_SIDE_STYLE( '', ( #3313 ) );
#1923 = EDGE_LOOP( '', ( #3314, #3315, #3316, #3317, #3318, #3319 ) );
#1924 = AXIS2_PLACEMENT_3D( '', #3320, #3321, #3322 );
#1925 = SURFACE_SIDE_STYLE( '', ( #3323 ) );
#1926 = EDGE_LOOP( '', ( #3324, #3325, #3326, #3327 ) );
#1927 = AXIS2_PLACEMENT_3D( '', #3328, #3329, #3330 );
#1928 = SURFACE_SIDE_STYLE( '', ( #3331 ) );
#1929 = EDGE_LOOP( '', ( #3332 ) );
#1930 = EDGE_LOOP( '', ( #3333 ) );
#1931 = AXIS2_PLACEMENT_3D( '', #3334, #3335, #3336 );
#1932 = SURFACE_SIDE_STYLE( '', ( #3337 ) );
#1933 = EDGE_LOOP( '', ( #3338, #3339, #3340, #3341 ) );
#1934 = AXIS2_PLACEMENT_3D( '', #3342, #3343, #3344 );
#1935 = SURFACE_SIDE_STYLE( '', ( #3345 ) );
#1936 = EDGE_LOOP( '', ( #3346, #3347, #3348, #3349 ) );
#1937 = AXIS2_PLACEMENT_3D( '', #3350, #3351, #3352 );
#1938 = SURFACE_SIDE_STYLE( '', ( #3353 ) );
#1939 = EDGE_LOOP( '', ( #3354, #3355, #3356, #3357, #3358, #3359, #3360, #3361 ) );
#1940 = AXIS2_PLACEMENT_3D( '', #3362, #3363, #3364 );
#1941 = SURFACE_SIDE_STYLE( '', ( #3365 ) );
#1942 = EDGE_LOOP( '', ( #3366, #3367, #3368, #3369 ) );
#1943 = AXIS2_PLACEMENT_3D( '', #3370, #3371, #3372 );
#1944 = SURFACE_SIDE_STYLE( '', ( #3373 ) );
#1945 = EDGE_LOOP( '', ( #3374, #3375, #3376, #3377 ) );
#1946 = AXIS2_PLACEMENT_3D( '', #3378, #3379, #3380 );
#1947 = SURFACE_SIDE_STYLE( '', ( #3381 ) );
#1948 = EDGE_LOOP( '', ( #3382, #3383, #3384, #3385 ) );
#1949 = AXIS2_PLACEMENT_3D( '', #3386, #3387, #3388 );
#1950 = SURFACE_SIDE_STYLE( '', ( #3389 ) );
#1951 = EDGE_LOOP( '', ( #3390, #3391, #3392, #3393 ) );
#1952 = AXIS2_PLACEMENT_3D( '', #3394, #3395, #3396 );
#1953 = SURFACE_SIDE_STYLE( '', ( #3397 ) );
#1954 = EDGE_LOOP( '', ( #3398, #3399, #3400, #3401 ) );
#1955 = AXIS2_PLACEMENT_3D( '', #3402, #3403, #3404 );
#1956 = SURFACE_SIDE_STYLE( '', ( #3405 ) );
#1957 = EDGE_LOOP( '', ( #3406, #3407, #3408, #3409 ) );
#1958 = AXIS2_PLACEMENT_3D( '', #3410, #3411, #3412 );
#1959 = SURFACE_SIDE_STYLE( '', ( #3413 ) );
#1960 = EDGE_LOOP( '', ( #3414, #3415, #3416, #3417 ) );
#1961 = AXIS2_PLACEMENT_3D( '', #3418, #3419, #3420 );
#1962 = SURFACE_SIDE_STYLE( '', ( #3421 ) );
#1963 = EDGE_LOOP( '', ( #3422, #3423, #3424, #3425, #3426, #3427 ) );
#1964 = AXIS2_PLACEMENT_3D( '', #3428, #3429, #3430 );
#1965 = SURFACE_SIDE_STYLE( '', ( #3431 ) );
#1966 = EDGE_LOOP( '', ( #3432, #3433, #3434, #3435, #3436, #3437, #3438, #3439, #3440, #3441, #3442, #3443, #3444, #3445, #3446 ) );
#1967 = AXIS2_PLACEMENT_3D( '', #3447, #3448, #3449 );
#1968 = SURFACE_SIDE_STYLE( '', ( #3450 ) );
#1969 = EDGE_LOOP( '', ( #3451, #3452, #3453, #3454 ) );
#1970 = AXIS2_PLACEMENT_3D( '', #3455, #3456, #3457 );
#1971 = SURFACE_SIDE_STYLE( '', ( #3458 ) );
#1972 = EDGE_LOOP( '', ( #3459, #3460, #3461, #3462, #3463 ) );
#1973 = AXIS2_PLACEMENT_3D( '', #3464, #3465, #3466 );
#1974 = SURFACE_SIDE_STYLE( '', ( #3467 ) );
#1975 = EDGE_LOOP( '', ( #3468, #3469, #3470, #3471 ) );
#1976 = AXIS2_PLACEMENT_3D( '', #3472, #3473, #3474 );
#1977 = SURFACE_SIDE_STYLE( '', ( #3475 ) );
#1978 = EDGE_LOOP( '', ( #3476, #3477, #3478, #3479 ) );
#1979 = AXIS2_PLACEMENT_3D( '', #3480, #3481, #3482 );
#1980 = SURFACE_SIDE_STYLE( '', ( #3483 ) );
#1981 = EDGE_LOOP( '', ( #3484 ) );
#1982 = EDGE_LOOP( '', ( #3485 ) );
#1983 = AXIS2_PLACEMENT_3D( '', #3486, #3487, #3488 );
#1984 = SURFACE_SIDE_STYLE( '', ( #3489 ) );
#1985 = EDGE_LOOP( '', ( #3490, #3491, #3492, #3493 ) );
#1986 = AXIS2_PLACEMENT_3D( '', #3494, #3495, #3496 );
#1987 = SURFACE_SIDE_STYLE( '', ( #3497 ) );
#1988 = EDGE_LOOP( '', ( #3498, #3499, #3500, #3501, #3502, #3503 ) );
#1989 = AXIS2_PLACEMENT_3D( '', #3504, #3505, #3506 );
#1990 = SURFACE_SIDE_STYLE( '', ( #3507 ) );
#1991 = EDGE_LOOP( '', ( #3508, #3509, #3510, #3511, #3512, #3513 ) );
#1992 = AXIS2_PLACEMENT_3D( '', #3514, #3515, #3516 );
#1993 = SURFACE_SIDE_STYLE( '', ( #3517 ) );
#1994 = EDGE_LOOP( '', ( #3518, #3519, #3520, #3521, #3522, #3523 ) );
#1995 = AXIS2_PLACEMENT_3D( '', #3524, #3525, #3526 );
#1996 = SURFACE_SIDE_STYLE( '', ( #3527 ) );
#1997 = EDGE_LOOP( '', ( #3528, #3529, #3530, #3531 ) );
#1998 = AXIS2_PLACEMENT_3D( '', #3532, #3533, #3534 );
#1999 = SURFACE_SIDE_STYLE( '', ( #3535 ) );
#2000 = EDGE_LOOP( '', ( #3536, #3537, #3538, #3539 ) );
#2001 = AXIS2_PLACEMENT_3D( '', #3540, #3541, #3542 );
#2002 = SURFACE_SIDE_STYLE( '', ( #3543 ) );
#2003 = EDGE_LOOP( '', ( #3544, #3545, #3546, #3547 ) );
#2004 = AXIS2_PLACEMENT_3D( '', #3548, #3549, #3550 );
#2005 = SURFACE_SIDE_STYLE( '', ( #3551 ) );
#2006 = EDGE_LOOP( '', ( #3552, #3553, #3554, #3555 ) );
#2007 = AXIS2_PLACEMENT_3D( '', #3556, #3557, #3558 );
#2008 = SURFACE_SIDE_STYLE( '', ( #3559 ) );
#2009 = EDGE_LOOP( '', ( #3560, #3561, #3562, #3563 ) );
#2010 = AXIS2_PLACEMENT_3D( '', #3564, #3565, #3566 );
#2011 = SURFACE_SIDE_STYLE( '', ( #3567 ) );
#2012 = EDGE_LOOP( '', ( #3568, #3569, #3570, #3571, #3572, #3573, #3574, #3575 ) );
#2013 = AXIS2_PLACEMENT_3D( '', #3576, #3577, #3578 );
#2014 = SURFACE_SIDE_STYLE( '', ( #3579 ) );
#2015 = EDGE_LOOP( '', ( #3580, #3581, #3582, #3583, #3584, #3585, #3586, #3587, #3588, #3589, #3590, #3591, #3592, #3593, #3594, #3595, #3596, #3597, #3598, #3599, #3600, #3601, #3602, #3603, #3604, #3605, #3606, #3607, #3608, #3609, #3610, #3611, #3612, #3613, #3614, #3615, #3616, #3617, #3618, #3619, #3620, #3621, #3622, #3623, #3624, #3625, #3626, #3627, #3628, #3629, #3630, #3631 ) );
#2016 = AXIS2_PLACEMENT_3D( '', #3632, #3633, #3634 );
#2017 = SURFACE_SIDE_STYLE( '', ( #3635 ) );
#2018 = EDGE_LOOP( '', ( #3636, #3637, #3638, #3639, #3640, #3641 ) );
#2019 = AXIS2_PLACEMENT_3D( '', #3642, #3643, #3644 );
#2020 = SURFACE_SIDE_STYLE( '', ( #3645 ) );
#2021 = EDGE_LOOP( '', ( #3646, #3647, #3648, #3649 ) );
#2022 = AXIS2_PLACEMENT_3D( '', #3650, #3651, #3652 );
#2023 = SURFACE_SIDE_STYLE( '', ( #3653 ) );
#2024 = EDGE_LOOP( '', ( #3654, #3655, #3656, #3657 ) );
#2025 = AXIS2_PLACEMENT_3D( '', #3658, #3659, #3660 );
#2026 = SURFACE_SIDE_STYLE( '', ( #3661 ) );
#2027 = EDGE_LOOP( '', ( #3662, #3663, #3664, #3665 ) );
#2028 = AXIS2_PLACEMENT_3D( '', #3666, #3667, #3668 );
#2029 = SURFACE_SIDE_STYLE( '', ( #3669 ) );
#2030 = EDGE_LOOP( '', ( #3670, #3671, #3672, #3673 ) );
#2031 = AXIS2_PLACEMENT_3D( '', #3674, #3675, #3676 );
#2032 = SURFACE_SIDE_STYLE( '', ( #3677 ) );
#2033 = EDGE_LOOP( '', ( #3678, #3679, #3680, #3681 ) );
#2034 = AXIS2_PLACEMENT_3D( '', #3682, #3683, #3684 );
#2035 = SURFACE_SIDE_STYLE( '', ( #3685 ) );
#2036 = EDGE_LOOP( '', ( #3686, #3687, #3688, #3689, #3690, #3691, #3692, #3693 ) );
#2037 = AXIS2_PLACEMENT_3D( '', #3694, #3695, #3696 );
#2038 = SURFACE_SIDE_STYLE( '', ( #3697 ) );
#2039 = EDGE_LOOP( '', ( #3698, #3699, #3700, #3701 ) );
#2040 = AXIS2_PLACEMENT_3D( '', #3702, #3703, #3704 );
#2041 = SURFACE_SIDE_STYLE( '', ( #3705 ) );
#2042 = EDGE_LOOP( '', ( #3706, #3707, #3708, #3709 ) );
#2043 = AXIS2_PLACEMENT_3D( '', #3710, #3711, #3712 );
#2044 = SURFACE_SIDE_STYLE( '', ( #3713 ) );
#2045 = EDGE_LOOP( '', ( #3714, #3715, #3716, #3717 ) );
#2046 = AXIS2_PLACEMENT_3D( '', #3718, #3719, #3720 );
#2047 = SURFACE_SIDE_STYLE( '', ( #3721 ) );
#2048 = EDGE_LOOP( '', ( #3722, #3723, #3724, #3725 ) );
#2049 = AXIS2_PLACEMENT_3D( '', #3726, #3727, #3728 );
#2050 = SURFACE_SIDE_STYLE( '', ( #3729 ) );
#2051 = EDGE_LOOP( '', ( #3730, #3731, #3732, #3733 ) );
#2052 = AXIS2_PLACEMENT_3D( '', #3734, #3735, #3736 );
#2053 = SURFACE_SIDE_STYLE( '', ( #3737 ) );
#2054 = EDGE_LOOP( '', ( #3738, #3739, #3740, #3741, #3742, #3743 ) );
#2055 = AXIS2_PLACEMENT_3D( '', #3744, #3745, #3746 );
#2056 = SURFACE_SIDE_STYLE( '', ( #3747 ) );
#2057 = EDGE_LOOP( '', ( #3748, #3749, #3750, #3751 ) );
#2058 = AXIS2_PLACEMENT_3D( '', #3752, #3753, #3754 );
#2059 = SURFACE_SIDE_STYLE( '', ( #3755 ) );
#2060 = EDGE_LOOP( '', ( #3756, #3757, #3758, #3759, #3760, #3761 ) );
#2061 = AXIS2_PLACEMENT_3D( '', #3762, #3763, #3764 );
#2062 = SURFACE_SIDE_STYLE( '', ( #3765 ) );
#2063 = EDGE_LOOP( '', ( #3766, #3767, #3768, #3769, #3770, #3771, #3772 ) );
#2064 = AXIS2_PLACEMENT_3D( '', #3773, #3774, #3775 );
#2065 = SURFACE_SIDE_STYLE( '', ( #3776 ) );
#2066 = EDGE_LOOP( '', ( #3777, #3778, #3779, #3780 ) );
#2067 = AXIS2_PLACEMENT_3D( '', #3781, #3782, #3783 );
#2068 = SURFACE_SIDE_STYLE( '', ( #3784 ) );
#2069 = EDGE_LOOP( '', ( #3785, #3786, #3787, #3788 ) );
#2070 = AXIS2_PLACEMENT_3D( '', #3789, #3790, #3791 );
#2071 = SURFACE_SIDE_STYLE( '', ( #3792 ) );
#2072 = EDGE_LOOP( '', ( #3793, #3794, #3795, #3796, #3797, #3798 ) );
#2073 = AXIS2_PLACEMENT_3D( '', #3799, #3800, #3801 );
#2074 = SURFACE_SIDE_STYLE( '', ( #3802 ) );
#2075 = EDGE_LOOP( '', ( #3803, #3804, #3805, #3806, #3807, #3808 ) );
#2076 = AXIS2_PLACEMENT_3D( '', #3809, #3810, #3811 );
#2077 = SURFACE_SIDE_STYLE( '', ( #3812 ) );
#2078 = EDGE_LOOP( '', ( #3813, #3814, #3815, #3816, #3817, #3818 ) );
#2079 = AXIS2_PLACEMENT_3D( '', #3819, #3820, #3821 );
#2080 = SURFACE_SIDE_STYLE( '', ( #3822 ) );
#2081 = EDGE_LOOP( '', ( #3823, #3824, #3825, #3826 ) );
#2082 = AXIS2_PLACEMENT_3D( '', #3827, #3828, #3829 );
#2083 = SURFACE_SIDE_STYLE( '', ( #3830 ) );
#2084 = EDGE_LOOP( '', ( #3831 ) );
#2085 = EDGE_LOOP( '', ( #3832, #3833, #3834, #3835 ) );
#2086 = AXIS2_PLACEMENT_3D( '', #3836, #3837, #3838 );
#2087 = SURFACE_SIDE_STYLE( '', ( #3839 ) );
#2088 = EDGE_LOOP( '', ( #3840, #3841, #3842, #3843 ) );
#2089 = AXIS2_PLACEMENT_3D( '', #3844, #3845, #3846 );
#2090 = SURFACE_SIDE_STYLE( '', ( #3847 ) );
#2091 = EDGE_LOOP( '', ( #3848, #3849, #3850, #3851 ) );
#2092 = AXIS2_PLACEMENT_3D( '', #3852, #3853, #3854 );
#2093 = SURFACE_SIDE_STYLE( '', ( #3855 ) );
#2094 = EDGE_LOOP( '', ( #3856, #3857, #3858, #3859 ) );
#2095 = AXIS2_PLACEMENT_3D( '', #3860, #3861, #3862 );
#2096 = SURFACE_SIDE_STYLE( '', ( #3863 ) );
#2097 = EDGE_LOOP( '', ( #3864, #3865, #3866, #3867, #3868, #3869 ) );
#2098 = AXIS2_PLACEMENT_3D( '', #3870, #3871, #3872 );
#2099 = SURFACE_SIDE_STYLE( '', ( #3873 ) );
#2100 = EDGE_LOOP( '', ( #3874, #3875, #3876, #3877 ) );
#2101 = AXIS2_PLACEMENT_3D( '', #3878, #3879, #3880 );
#2102 = SURFACE_SIDE_STYLE( '', ( #3881 ) );
#2103 = EDGE_LOOP( '', ( #3882, #3883, #3884, #3885 ) );
#2104 = AXIS2_PLACEMENT_3D( '', #3886, #3887, #3888 );
#2105 = SURFACE_SIDE_STYLE( '', ( #3889 ) );
#2106 = EDGE_LOOP( '', ( #3890, #3891, #3892, #3893, #3894, #3895, #3896, #3897 ) );
#2107 = AXIS2_PLACEMENT_3D( '', #3898, #3899, #3900 );
#2108 = SURFACE_SIDE_STYLE( '', ( #3901 ) );
#2109 = EDGE_LOOP( '', ( #3902, #3903, #3904, #3905, #3906, #3907, #3908, #3909 ) );
#2110 = AXIS2_PLACEMENT_3D( '', #3910, #3911, #3912 );
#2111 = SURFACE_SIDE_STYLE( '', ( #3913 ) );
#2112 = EDGE_LOOP( '', ( #3914, #3915, #3916, #3917, #3918, #3919 ) );
#2113 = AXIS2_PLACEMENT_3D( '', #3920, #3921, #3922 );
#2114 = SURFACE_SIDE_STYLE( '', ( #3923 ) );
#2115 = EDGE_LOOP( '', ( #3924, #3925, #3926, #3927 ) );
#2116 = AXIS2_PLACEMENT_3D( '', #3928, #3929, #3930 );
#2117 = SURFACE_SIDE_STYLE( '', ( #3931 ) );
#2118 = EDGE_LOOP( '', ( #3932, #3933, #3934, #3935 ) );
#2119 = AXIS2_PLACEMENT_3D( '', #3936, #3937, #3938 );
#2120 = SURFACE_SIDE_STYLE( '', ( #3939 ) );
#2121 = EDGE_LOOP( '', ( #3940, #3941, #3942, #3943 ) );
#2122 = AXIS2_PLACEMENT_3D( '', #3944, #3945, #3946 );
#2123 = SURFACE_SIDE_STYLE( '', ( #3947 ) );
#2124 = EDGE_LOOP( '', ( #3948 ) );
#2125 = EDGE_LOOP( '', ( #3949 ) );
#2126 = AXIS2_PLACEMENT_3D( '', #3950, #3951, #3952 );
#2127 = SURFACE_SIDE_STYLE( '', ( #3953 ) );
#2128 = EDGE_LOOP( '', ( #3954, #3955, #3956, #3957 ) );
#2129 = AXIS2_PLACEMENT_3D( '', #3958, #3959, #3960 );
#2130 = SURFACE_SIDE_STYLE( '', ( #3961 ) );
#2131 = EDGE_LOOP( '', ( #3962, #3963, #3964, #3965, #3966, #3967, #3968, #3969 ) );
#2132 = AXIS2_PLACEMENT_3D( '', #3970, #3971, #3972 );
#2133 = SURFACE_SIDE_STYLE( '', ( #3973 ) );
#2134 = EDGE_LOOP( '', ( #3974, #3975, #3976, #3977 ) );
#2135 = AXIS2_PLACEMENT_3D( '', #3978, #3979, #3980 );
#2136 = SURFACE_SIDE_STYLE( '', ( #3981 ) );
#2137 = EDGE_LOOP( '', ( #3982, #3983, #3984, #3985 ) );
#2138 = AXIS2_PLACEMENT_3D( '', #3986, #3987, #3988 );
#2139 = SURFACE_SIDE_STYLE( '', ( #3989 ) );
#2140 = EDGE_LOOP( '', ( #3990, #3991, #3992, #3993 ) );
#2141 = AXIS2_PLACEMENT_3D( '', #3994, #3995, #3996 );
#2142 = SURFACE_SIDE_STYLE( '', ( #3997 ) );
#2143 = EDGE_LOOP( '', ( #3998, #3999, #4000, #4001 ) );
#2144 = AXIS2_PLACEMENT_3D( '', #4002, #4003, #4004 );
#2145 = SURFACE_SIDE_STYLE( '', ( #4005 ) );
#2146 = EDGE_LOOP( '', ( #4006, #4007, #4008, #4009 ) );
#2147 = AXIS2_PLACEMENT_3D( '', #4010, #4011, #4012 );
#2148 = SURFACE_SIDE_STYLE( '', ( #4013 ) );
#2149 = EDGE_LOOP( '', ( #4014, #4015, #4016, #4017, #4018, #4019, #4020, #4021 ) );
#2150 = AXIS2_PLACEMENT_3D( '', #4022, #4023, #4024 );
#2151 = SURFACE_SIDE_STYLE( '', ( #4025 ) );
#2152 = EDGE_LOOP( '', ( #4026, #4027, #4028, #4029 ) );
#2153 = AXIS2_PLACEMENT_3D( '', #4030, #4031, #4032 );
#2154 = SURFACE_SIDE_STYLE( '', ( #4033 ) );
#2155 = EDGE_LOOP( '', ( #4034, #4035, #4036, #4037 ) );
#2156 = AXIS2_PLACEMENT_3D( '', #4038, #4039, #4040 );
#2157 = SURFACE_SIDE_STYLE( '', ( #4041 ) );
#2158 = EDGE_LOOP( '', ( #4042, #4043, #4044, #4045, #4046, #4047 ) );
#2159 = AXIS2_PLACEMENT_3D( '', #4048, #4049, #4050 );
#2160 = SURFACE_SIDE_STYLE( '', ( #4051 ) );
#2161 = EDGE_LOOP( '', ( #4052, #4053, #4054, #4055 ) );
#2162 = AXIS2_PLACEMENT_3D( '', #4056, #4057, #4058 );
#2163 = SURFACE_SIDE_STYLE( '', ( #4059 ) );
#2164 = EDGE_LOOP( '', ( #4060 ) );
#2165 = EDGE_LOOP( '', ( #4061 ) );
#2166 = AXIS2_PLACEMENT_3D( '', #4062, #4063, #4064 );
#2167 = SURFACE_SIDE_STYLE( '', ( #4065 ) );
#2168 = EDGE_LOOP( '', ( #4066, #4067, #4068, #4069, #4070, #4071 ) );
#2169 = AXIS2_PLACEMENT_3D( '', #4072, #4073, #4074 );
#2170 = SURFACE_SIDE_STYLE( '', ( #4075 ) );
#2171 = EDGE_LOOP( '', ( #4076, #4077, #4078, #4079 ) );
#2172 = AXIS2_PLACEMENT_3D( '', #4080, #4081, #4082 );
#2173 = SURFACE_SIDE_STYLE( '', ( #4083 ) );
#2174 = EDGE_LOOP( '', ( #4084, #4085, #4086, #4087 ) );
#2175 = AXIS2_PLACEMENT_3D( '', #4088, #4089, #4090 );
#2176 = SURFACE_SIDE_STYLE( '', ( #4091 ) );
#2177 = EDGE_LOOP( '', ( #4092, #4093, #4094, #4095 ) );
#2178 = AXIS2_PLACEMENT_3D( '', #4096, #4097, #4098 );
#2179 = SURFACE_SIDE_STYLE( '', ( #4099 ) );
#2180 = EDGE_LOOP( '', ( #4100, #4101, #4102, #4103 ) );
#2181 = AXIS2_PLACEMENT_3D( '', #4104, #4105, #4106 );
#2182 = SURFACE_SIDE_STYLE( '', ( #4107 ) );
#2183 = EDGE_LOOP( '', ( #4108, #4109, #4110, #4111 ) );
#2184 = AXIS2_PLACEMENT_3D( '', #4112, #4113, #4114 );
#2185 = SURFACE_SIDE_STYLE( '', ( #4115 ) );
#2186 = EDGE_LOOP( '', ( #4116, #4117, #4118, #4119, #4120, #4121 ) );
#2187 = AXIS2_PLACEMENT_3D( '', #4122, #4123, #4124 );
#2188 = SURFACE_SIDE_STYLE( '', ( #4125 ) );
#2189 = EDGE_LOOP( '', ( #4126, #4127, #4128, #4129 ) );
#2190 = AXIS2_PLACEMENT_3D( '', #4130, #4131, #4132 );
#2191 = SURFACE_SIDE_STYLE( '', ( #4133 ) );
#2192 = EDGE_LOOP( '', ( #4134, #4135, #4136, #4137 ) );
#2193 = AXIS2_PLACEMENT_3D( '', #4138, #4139, #4140 );
#2194 = SURFACE_SIDE_STYLE( '', ( #4141 ) );
#2195 = EDGE_LOOP( '', ( #4142, #4143, #4144, #4145 ) );
#2196 = AXIS2_PLACEMENT_3D( '', #4146, #4147, #4148 );
#2197 = SURFACE_SIDE_STYLE( '', ( #4149 ) );
#2198 = EDGE_LOOP( '', ( #4150, #4151, #4152, #4153 ) );
#2199 = AXIS2_PLACEMENT_3D( '', #4154, #4155, #4156 );
#2200 = SURFACE_SIDE_STYLE( '', ( #4157 ) );
#2201 = EDGE_LOOP( '', ( #4158 ) );
#2202 = EDGE_LOOP( '', ( #4159, #4160, #4161, #4162 ) );
#2203 = AXIS2_PLACEMENT_3D( '', #4163, #4164, #4165 );
#2204 = SURFACE_SIDE_STYLE( '', ( #4166 ) );
#2205 = EDGE_LOOP( '', ( #4167, #4168, #4169, #4170, #4171, #4172, #4173, #4174 ) );
#2206 = AXIS2_PLACEMENT_3D( '', #4175, #4176, #4177 );
#2207 = SURFACE_SIDE_STYLE( '', ( #4178 ) );
#2208 = EDGE_LOOP( '', ( #4179, #4180, #4181, #4182 ) );
#2209 = AXIS2_PLACEMENT_3D( '', #4183, #4184, #4185 );
#2210 = SURFACE_SIDE_STYLE( '', ( #4186 ) );
#2211 = EDGE_LOOP( '', ( #4187, #4188, #4189, #4190 ) );
#2212 = AXIS2_PLACEMENT_3D( '', #4191, #4192, #4193 );
#2213 = SURFACE_SIDE_STYLE( '', ( #4194 ) );
#2214 = EDGE_LOOP( '', ( #4195, #4196, #4197, #4198 ) );
#2215 = AXIS2_PLACEMENT_3D( '', #4199, #4200, #4201 );
#2216 = SURFACE_SIDE_STYLE( '', ( #4202 ) );
#2217 = EDGE_LOOP( '', ( #4203, #4204, #4205, #4206 ) );
#2218 = AXIS2_PLACEMENT_3D( '', #4207, #4208, #4209 );
#2219 = SURFACE_SIDE_STYLE( '', ( #4210 ) );
#2220 = EDGE_LOOP( '', ( #4211, #4212, #4213, #4214, #4215, #4216 ) );
#2221 = AXIS2_PLACEMENT_3D( '', #4217, #4218, #4219 );
#2222 = SURFACE_SIDE_STYLE( '', ( #4220 ) );
#2223 = EDGE_LOOP( '', ( #4221, #4222, #4223, #4224 ) );
#2224 = AXIS2_PLACEMENT_3D( '', #4225, #4226, #4227 );
#2225 = SURFACE_SIDE_STYLE( '', ( #4228 ) );
#2226 = EDGE_LOOP( '', ( #4229, #4230, #4231, #4232 ) );
#2227 = AXIS2_PLACEMENT_3D( '', #4233, #4234, #4235 );
#2228 = SURFACE_SIDE_STYLE( '', ( #4236 ) );
#2229 = EDGE_LOOP( '', ( #4237, #4238, #4239, #4240 ) );
#2230 = AXIS2_PLACEMENT_3D( '', #4241, #4242, #4243 );
#2231 = SURFACE_SIDE_STYLE( '', ( #4244 ) );
#2232 = EDGE_LOOP( '', ( #4245, #4246, #4247, #4248, #4249, #4250 ) );
#2233 = AXIS2_PLACEMENT_3D( '', #4251, #4252, #4253 );
#2234 = SURFACE_SIDE_STYLE( '', ( #4254 ) );
#2235 = EDGE_LOOP( '', ( #4255 ) );
#2236 = EDGE_LOOP( '', ( #4256 ) );
#2237 = AXIS2_PLACEMENT_3D( '', #4257, #4258, #4259 );
#2238 = SURFACE_SIDE_STYLE( '', ( #4260 ) );
#2239 = EDGE_LOOP( '', ( #4261, #4262, #4263, #4264 ) );
#2240 = AXIS2_PLACEMENT_3D( '', #4265, #4266, #4267 );
#2241 = SURFACE_SIDE_STYLE( '', ( #4268 ) );
#2242 = EDGE_LOOP( '', ( #4269, #4270, #4271, #4272 ) );
#2243 = AXIS2_PLACEMENT_3D( '', #4273, #4274, #4275 );
#2244 = SURFACE_SIDE_STYLE( '', ( #4276 ) );
#2245 = EDGE_LOOP( '', ( #4277, #4278, #4279, #4280 ) );
#2246 = AXIS2_PLACEMENT_3D( '', #4281, #4282, #4283 );
#2247 = SURFACE_SIDE_STYLE( '', ( #4284 ) );
#2248 = EDGE_LOOP( '', ( #4285, #4286, #4287, #4288 ) );
#2249 = AXIS2_PLACEMENT_3D( '', #4289, #4290, #4291 );
#2250 = SURFACE_SIDE_STYLE( '', ( #4292 ) );
#2251 = EDGE_LOOP( '', ( #4293, #4294, #4295, #4296 ) );
#2252 = AXIS2_PLACEMENT_3D( '', #4297, #4298, #4299 );
#2253 = SURFACE_SIDE_STYLE( '', ( #4300 ) );
#2254 = EDGE_LOOP( '', ( #4301, #4302, #4303, #4304, #4305, #4306, #4307, #4308, #4309, #4310, #4311, #4312, #4313, #4314, #4315 ) );
#2255 = AXIS2_PLACEMENT_3D( '', #4316, #4317, #4318 );
#2256 = SURFACE_SIDE_STYLE( '', ( #4319 ) );
#2257 = EDGE_LOOP( '', ( #4320 ) );
#2258 = EDGE_LOOP( '', ( #4321 ) );
#2259 = AXIS2_PLACEMENT_3D( '', #4322, #4323, #4324 );
#2260 = SURFACE_SIDE_STYLE( '', ( #4325 ) );
#2261 = EDGE_LOOP( '', ( #4326, #4327, #4328, #4329 ) );
#2262 = AXIS2_PLACEMENT_3D( '', #4330, #4331, #4332 );
#2263 = SURFACE_SIDE_STYLE( '', ( #4333 ) );
#2264 = EDGE_LOOP( '', ( #4334, #4335, #4336, #4337 ) );
#2265 = AXIS2_PLACEMENT_3D( '', #4338, #4339, #4340 );
#2266 = SURFACE_SIDE_STYLE( '', ( #4341 ) );
#2267 = EDGE_LOOP( '', ( #4342, #4343, #4344, #4345, #4346, #4347 ) );
#2268 = AXIS2_PLACEMENT_3D( '', #4348, #4349, #4350 );
#2269 = SURFACE_SIDE_STYLE( '', ( #4351 ) );
#2270 = EDGE_LOOP( '', ( #4352, #4353, #4354, #4355, #4356, #4357 ) );
#2271 = AXIS2_PLACEMENT_3D( '', #4358, #4359, #4360 );
#2272 = SURFACE_SIDE_STYLE( '', ( #4361 ) );
#2273 = EDGE_LOOP( '', ( #4362, #4363, #4364, #4365 ) );
#2274 = AXIS2_PLACEMENT_3D( '', #4366, #4367, #4368 );
#2275 = SURFACE_SIDE_STYLE( '', ( #4369 ) );
#2276 = EDGE_LOOP( '', ( #4370, #4371, #4372, #4373 ) );
#2277 = AXIS2_PLACEMENT_3D( '', #4374, #4375, #4376 );
#2278 = SURFACE_SIDE_STYLE( '', ( #4377 ) );
#2279 = EDGE_LOOP( '', ( #4378, #4379, #4380, #4381 ) );
#2280 = AXIS2_PLACEMENT_3D( '', #4382, #4383, #4384 );
#2281 = SURFACE_SIDE_STYLE( '', ( #4385 ) );
#2282 = EDGE_LOOP( '', ( #4386, #4387, #4388, #4389 ) );
#2283 = AXIS2_PLACEMENT_3D( '', #4390, #4391, #4392 );
#2284 = SURFACE_SIDE_STYLE( '', ( #4393 ) );
#2285 = EDGE_LOOP( '', ( #4394, #4395, #4396, #4397 ) );
#2286 = AXIS2_PLACEMENT_3D( '', #4398, #4399, #4400 );
#2287 = SURFACE_SIDE_STYLE( '', ( #4401 ) );
#2288 = EDGE_LOOP( '', ( #4402, #4403, #4404, #4405, #4406, #4407 ) );
#2289 = AXIS2_PLACEMENT_3D( '', #4408, #4409, #4410 );
#2290 = SURFACE_SIDE_STYLE( '', ( #4411 ) );
#2291 = EDGE_LOOP( '', ( #4412, #4413, #4414, #4415 ) );
#2292 = AXIS2_PLACEMENT_3D( '', #4416, #4417, #4418 );
#2293 = SURFACE_SIDE_STYLE( '', ( #4419 ) );
#2294 = EDGE_LOOP( '', ( #4420, #4421, #4422, #4423 ) );
#2295 = AXIS2_PLACEMENT_3D( '', #4424, #4425, #4426 );
#2296 = SURFACE_SIDE_STYLE( '', ( #4427 ) );
#2297 = EDGE_LOOP( '', ( #4428, #4429, #4430, #4431, #4432, #4433, #4434, #4435 ) );
#2298 = AXIS2_PLACEMENT_3D( '', #4436, #4437, #4438 );
#2299 = SURFACE_SIDE_STYLE( '', ( #4439 ) );
#2300 = EDGE_LOOP( '', ( #4440 ) );
#2301 = EDGE_LOOP( '', ( #4441 ) );
#2302 = EDGE_LOOP( '', ( #4442 ) );
#2303 = EDGE_LOOP( '', ( #4443 ) );
#2304 = EDGE_LOOP( '', ( #4444 ) );
#2305 = EDGE_LOOP( '', ( #4445, #4446, #4447, #4448, #4449, #4450, #4451, #4452, #4453, #4454, #4455, #4456, #4457, #4458, #4459, #4460, #4461, #4462, #4463, #4464, #4465, #4466, #4467, #4468, #4469, #4470, #4471, #4472, #4473, #4474, #4475, #4476, #4477, #4478, #4479, #4480, #4481, #4482, #4483, #4484, #4485, #4486, #4487, #4488, #4489, #4490, #4491, #4492, #4493, #4494, #4495, #4496, #4497, #4498, #4499, #4500, #4501, #4502, #4503, #4504, #4505, #4506, #4507, #4508, #4509, #4510, #4511, #4512, #4513, #4514, #4515, #4516, #4517, #4518, #4519, #4520 ) );
#2306 = EDGE_LOOP( '', ( #4521 ) );
#2307 = AXIS2_PLACEMENT_3D( '', #4522, #4523, #4524 );
#2308 = SURFACE_SIDE_STYLE( '', ( #4525 ) );
#2309 = EDGE_LOOP( '', ( #4526, #4527, #4528, #4529 ) );
#2310 = AXIS2_PLACEMENT_3D( '', #4530, #4531, #4532 );
#2312 =  ( LENGTH_UNIT(  )NAMED_UNIT( #1583 )SI_UNIT( .MILLI., .METRE. ) );
#2313 = SURFACE_STYLE_FILL_AREA( #4534 );
#2314 = ORIENTED_EDGE( '', *, *, #4535, .T. );
#2315 = ORIENTED_EDGE( '', *, *, #4536, .T. );
#2316 = ORIENTED_EDGE( '', *, *, #4537, .T. );
#2317 = ORIENTED_EDGE( '', *, *, #4538, .F. );
#2318 = CARTESIAN_POINT( '', ( 2.88500000000000, 41.8475617738615, 6.00000000000000 ) );
#2319 = DIRECTION( '', ( -0.970142500145332, 0.000000000000000, -0.242535625036332 ) );
#2320 = DIRECTION( '', ( -0.242535625036332, 0.000000000000000, 0.970142500145332 ) );
#2321 = SURFACE_STYLE_FILL_AREA( #4539 );
#2322 = ORIENTED_EDGE( '', *, *, #4540, .T. );
#2323 = ORIENTED_EDGE( '', *, *, #4541, .T. );
#2324 = ORIENTED_EDGE( '', *, *, #4542, .T. );
#2325 = ORIENTED_EDGE( '', *, *, #4543, .T. );
#2326 = ORIENTED_EDGE( '', *, *, #4544, .T. );
#2327 = CARTESIAN_POINT( '', ( 3.81000000000000, 0.150000000000000, -1.20000000000000 ) );
#2328 = DIRECTION( '', ( 0.000000000000000, 0.000000000000000, -1.00000000000000 ) );
#2329 = DIRECTION( '', ( -1.00000000000000, 0.000000000000000, 0.000000000000000 ) );
#2330 = SURFACE_STYLE_FILL_AREA( #4545 );
#2331 = ORIENTED_EDGE( '', *, *, #4546, .F. );
#2332 = ORIENTED_EDGE( '', *, *, #4547, .F. );
#2333 = ORIENTED_EDGE( '', *, *, #4548, .T. );
#2334 = ORIENTED_EDGE( '', *, *, #4549, .F. );
#2335 = ORIENTED_EDGE( '', *, *, #4550, .T. );
#2336 = ORIENTED_EDGE( '', *, *, #4551, .F. );
#2337 = ORIENTED_EDGE( '', *, *, #4552, .F. );
#2338 = ORIENTED_EDGE( '', *, *, #4553, .F. );
#2339 = ORIENTED_EDGE( '', *, *, #4554, .T. );
#2340 = ORIENTED_EDGE( '', *, *, #4555, .T. );
#2341 = ORIENTED_EDGE( '', *, *, #4556, .F. );
#2342 = ORIENTED_EDGE( '', *, *, #4557, .F. );
#2343 = ORIENTED_EDGE( '', *, *, #4558, .F. );
#2344 = ORIENTED_EDGE( '', *, *, #4559, .F. );
#2345 = ORIENTED_EDGE( '', *, *, #4560, .T. );
#2346 = ORIENTED_EDGE( '', *, *, #4561, .F. );
#2347 = ORIENTED_EDGE( '', *, *, #4562, .F. );
#2348 = ORIENTED_EDGE( '', *, *, #4563, .F. );
#2349 = ORIENTED_EDGE( '', *, *, #4564, .T. );
#2350 = ORIENTED_EDGE( '', *, *, #4565, .F. );
#2351 = ORIENTED_EDGE( '', *, *, #4566, .F. );
#2352 = ORIENTED_EDGE( '', *, *, #4567, .F. );
#2353 = ORIENTED_EDGE( '', *, *, #4568, .T. );
#2354 = ORIENTED_EDGE( '', *, *, #4569, .F. );
#2355 = ORIENTED_EDGE( '', *, *, #4570, .F. );
#2356 = ORIENTED_EDGE( '', *, *, #4571, .F. );
#2357 = ORIENTED_EDGE( '', *, *, #4572, .T. );
#2358 = ORIENTED_EDGE( '', *, *, #4573, .F. );
#2359 = CARTESIAN_POINT( '', ( 21.9500000000000, 4.05000000000000, -6.00000000000000 ) );
#2360 = DIRECTION( '', ( 0.000000000000000, 0.000000000000000, -1.00000000000000 ) );
#2361 = DIRECTION( '', ( -1.00000000000000, 0.000000000000000, 0.000000000000000 ) );
#2362 = SURFACE_STYLE_FILL_AREA( #4574 );
#2363 = ORIENTED_EDGE( '', *, *, #4575, .F. );
#2364 = ORIENTED_EDGE( '', *, *, #4576, .F. );
#2365 = ORIENTED_EDGE( '', *, *, #4577, .T. );
#2366 = ORIENTED_EDGE( '', *, *, #4578, .T. );
#2367 = CARTESIAN_POINT( '', ( -16.9000000000000, 2.35000000000000, -5.20000000000000 ) );
#2368 = DIRECTION( '', ( -3.37494839684204E-016, -1.00000000000000, 0.000000000000000 ) );
#2369 = DIRECTION( '', ( 1.00000000000000, -3.37494839684204E-016, 0.000000000000000 ) );
#2370 = SURFACE_STYLE_FILL_AREA( #4579 );
#2371 = ORIENTED_EDGE( '', *, *, #4580, .T. );
#2372 = ORIENTED_EDGE( '', *, *, #4581, .F. );
#2373 = ORIENTED_EDGE( '', *, *, #4582, .T. );
#2374 = ORIENTED_EDGE( '', *, *, #4583, .T. );
#2375 = CARTESIAN_POINT( '', ( 21.9500000000000, -4.05000000000000, 6.00000000000000 ) );
#2376 = DIRECTION( '', ( 0.000000000000000, 0.000000000000000, 1.00000000000000 ) );
#2377 = DIRECTION( '', ( 1.00000000000000, 0.000000000000000, 0.000000000000000 ) );
#2378 = SURFACE_STYLE_FILL_AREA( #4584 );
#2379 = ORIENTED_EDGE( '', *, *, #4585, .F. );
#2380 = ORIENTED_EDGE( '', *, *, #4586, .F. );
#2381 = ORIENTED_EDGE( '', *, *, #4570, .T. );
#2382 = ORIENTED_EDGE( '', *, *, #4587, .T. );
#2383 = ORIENTED_EDGE( '', *, *, #4588, .T. );
#2384 = ORIENTED_EDGE( '', *, *, #4589, .F. );
#2385 = CARTESIAN_POINT( '', ( 2.33500000000000, -2.65000000000000, -5.60000000000000 ) );
#2386 = DIRECTION( '', ( -1.00000000000000, 0.000000000000000, 0.000000000000000 ) );
#2387 = DIRECTION( '', ( 0.000000000000000, 0.000000000000000, 1.00000000000000 ) );
#2388 = SURFACE_STYLE_FILL_AREA( #4590 );
#2389 = ORIENTED_EDGE( '', *, *, #4591, .T. );
#2390 = ORIENTED_EDGE( '', *, *, #4592, .F. );
#2391 = ORIENTED_EDGE( '', *, *, #4593, .F. );
#2392 = ORIENTED_EDGE( '', *, *, #4594, .T. );
#2393 = CARTESIAN_POINT( '', ( 10.4300000000000, 3.07951522256740, -2.80000000000000 ) );
#2394 = DIRECTION( '', ( 1.00000000000000, 0.000000000000000, 0.000000000000000 ) );
#2395 = DIRECTION( '', ( 0.000000000000000, 0.000000000000000, -1.00000000000000 ) );
#2396 = SURFACE_STYLE_FILL_AREA( #4595 );
#2397 = ORIENTED_EDGE( '', *, *, #4596, .T. );
#2398 = ORIENTED_EDGE( '', *, *, #4597, .F. );
#2399 = ORIENTED_EDGE( '', *, *, #4598, .F. );
#2400 = ORIENTED_EDGE( '', *, *, #4599, .T. );
#2401 = CARTESIAN_POINT( '', ( 9.38000000000000, -0.400000000000000, -2.80000000000000 ) );
#2402 = DIRECTION( '', ( 0.707106781186548, 0.707106781186547, 0.000000000000000 ) );
#2403 = DIRECTION( '', ( -0.707106781186547, 0.707106781186548, 0.000000000000000 ) );
#2404 = SURFACE_STYLE_FILL_AREA( #4600 );
#2405 = ORIENTED_EDGE( '', *, *, #4601, .F. );
#2406 = ORIENTED_EDGE( '', *, *, #4602, .T. );
#2407 = ORIENTED_EDGE( '', *, *, #4603, .F. );
#2408 = ORIENTED_EDGE( '', *, *, #4604, .F. );
#2409 = CARTESIAN_POINT( '', ( 21.9500000000000, -4.45000000000000, 4.70000000000000 ) );
#2410 = DIRECTION( '', ( 0.000000000000000, -0.955779008721950, 0.294085848837523 ) );
#2411 = DIRECTION( '', ( 0.000000000000000, -0.294085848837523, -0.955779008721950 ) );
#2412 = SURFACE_STYLE_FILL_AREA( #4605 );
#2413 = ORIENTED_EDGE( '', *, *, #4606, .T. );
#2414 = ORIENTED_EDGE( '', *, *, #4607, .F. );
#2415 = ORIENTED_EDGE( '', *, *, #4608, .F. );
#2416 = ORIENTED_EDGE( '', *, *, #4609, .T. );
#2417 = CARTESIAN_POINT( '', ( 8.53000000000000, 0.700000000000000, -2.80000000000000 ) );
#2418 = DIRECTION( '', ( -4.06068229395320E-017, -1.00000000000000, 0.000000000000000 ) );
#2419 = DIRECTION( '', ( 1.00000000000000, -4.06068229395320E-017, 0.000000000000000 ) );
#2420 = SURFACE_STYLE_FILL_AREA( #4610 );
#2421 = ORIENTED_EDGE( '', *, *, #4611, .T. );
#2422 = ORIENTED_EDGE( '', *, *, #4612, .F. );
#2423 = ORIENTED_EDGE( '', *, *, #4613, .F. );
#2424 = ORIENTED_EDGE( '', *, *, #4614, .T. );
#2425 = CARTESIAN_POINT( '', ( -18.0500000000000, 1.75000000000000, -2.80000000000000 ) );
#2426 = DIRECTION( '', ( -1.00000000000000, 0.000000000000000, 0.000000000000000 ) );
#2427 = DIRECTION( '', ( 0.000000000000000, 0.000000000000000, 1.00000000000000 ) );
#2428 = SURFACE_STYLE_FILL_AREA( #4615 );
#2429 = ORIENTED_EDGE( '', *, *, #4616, .T. );
#2430 = ORIENTED_EDGE( '', *, *, #4617, .F. );
#2431 = ORIENTED_EDGE( '', *, *, #4618, .F. );
#2432 = ORIENTED_EDGE( '', *, *, #4619, .F. );
#2433 = ORIENTED_EDGE( '', *, *, #4620, .T. );
#2434 = ORIENTED_EDGE( '', *, *, #4589, .T. );
#2435 = ORIENTED_EDGE( '', *, *, #4621, .T. );
#2436 = ORIENTED_EDGE( '', *, *, #4622, .F. );
#2437 = CARTESIAN_POINT( '', ( 5.28500000000000, 3.65000000000000, -6.00000000000000 ) );
#2438 = DIRECTION( '', ( 0.000000000000000, -1.00000000000000, 0.000000000000000 ) );
#2439 = DIRECTION( '', ( 0.000000000000000, 0.000000000000000, -1.00000000000000 ) );
#2440 = SURFACE_STYLE_FILL_AREA( #4623 );
#2441 = ORIENTED_EDGE( '', *, *, #4624, .T. );
#2442 = ORIENTED_EDGE( '', *, *, #4625, .F. );
#2443 = ORIENTED_EDGE( '', *, *, #4626, .F. );
#2444 = ORIENTED_EDGE( '', *, *, #4627, .T. );
#2445 = CARTESIAN_POINT( '', ( 18.5000000000000, -1.90000000000000, -2.80000000000000 ) );
#2446 = DIRECTION( '', ( 1.00000000000000, 0.000000000000000, 0.000000000000000 ) );
#2447 = DIRECTION( '', ( 0.000000000000000, 0.000000000000000, -1.00000000000000 ) );
#2448 = SURFACE_STYLE_FILL_AREA( #4628 );
#2449 = ORIENTED_EDGE( '', *, *, #4629, .F. );
#2450 = ORIENTED_EDGE( '', *, *, #4630, .F. );
#2451 = ORIENTED_EDGE( '', *, *, #4631, .F. );
#2452 = ORIENTED_EDGE( '', *, *, #4632, .T. );
#2453 = CARTESIAN_POINT( '', ( -3.31000000000000, -0.350000000000000, -47.4975617738615 ) );
#2454 = DIRECTION( '', ( 0.000000000000000, 1.00000000000000, 0.000000000000000 ) );
#2455 = DIRECTION( '', ( 0.000000000000000, 0.000000000000000, 1.00000000000000 ) );
#2456 = SURFACE_STYLE_FILL_AREA( #4633 );
#2457 = ORIENTED_EDGE( '', *, *, #4634, .T. );
#2458 = ORIENTED_EDGE( '', *, *, #4552, .T. );
#2459 = ORIENTED_EDGE( '', *, *, #4635, .F. );
#2460 = ORIENTED_EDGE( '', *, *, #4636, .F. );
#2461 = ORIENTED_EDGE( '', *, *, #4637, .F. );
#2462 = ORIENTED_EDGE( '', *, *, #4638, .T. );
#2463 = CARTESIAN_POINT( '', ( 20.5250000000000, 4.05000000000000, -2.60000000000000 ) );
#2464 = DIRECTION( '', ( -1.00000000000000, 0.000000000000000, 0.000000000000000 ) );
#2465 = DIRECTION( '', ( 0.000000000000000, 0.000000000000000, 1.00000000000000 ) );
#2466 = SURFACE_STYLE_FILL_AREA( #4639 );
#2467 = ORIENTED_EDGE( '', *, *, #4640, .T. );
#2468 = ORIENTED_EDGE( '', *, *, #4641, .T. );
#2469 = CARTESIAN_POINT( '', ( 11.4300000000000, 0.150000000000000, -1.20000000000000 ) );
#2470 = DIRECTION( '', ( -0.000000000000000, -0.000000000000000, 1.00000000000000 ) );
#2471 = DIRECTION( '', ( -1.00000000000000, 0.000000000000000, 0.000000000000000 ) );
#2472 = SURFACE_STYLE_FILL_AREA( #4642 );
#2473 = ORIENTED_EDGE( '', *, *, #4559, .T. );
#2474 = ORIENTED_EDGE( '', *, *, #4643, .T. );
#2475 = ORIENTED_EDGE( '', *, *, #4644, .T. );
#2476 = ORIENTED_EDGE( '', *, *, #4645, .T. );
#2477 = CARTESIAN_POINT( '', ( -19.0500000000000, -2.65000000000000, -5.80000000000000 ) );
#2478 = DIRECTION( '', ( 0.000000000000000, -1.00000000000000, 1.08420217248551E-015 ) );
#2479 = DIRECTION( '', ( 0.000000000000000, -1.08420217248551E-015, -1.00000000000000 ) );
#2480 = SURFACE_STYLE_FILL_AREA( #4646 );
#2481 = ORIENTED_EDGE( '', *, *, #4647, .T. );
#2482 = ORIENTED_EDGE( '', *, *, #4648, .F. );
#2483 = ORIENTED_EDGE( '', *, *, #4649, .F. );
#2484 = ORIENTED_EDGE( '', *, *, #4650, .T. );
#2485 = CARTESIAN_POINT( '', ( 17.0000000000000, 0.700000000000000, -2.80000000000000 ) );
#2486 = DIRECTION( '', ( 4.06068229395320E-017, -1.00000000000000, 0.000000000000000 ) );
#2487 = DIRECTION( '', ( 1.00000000000000, 4.06068229395320E-017, 0.000000000000000 ) );
#2488 = SURFACE_STYLE_FILL_AREA( #4651 );
#2489 = ORIENTED_EDGE( '', *, *, #4652, .F. );
#2490 = ORIENTED_EDGE( '', *, *, #4653, .F. );
#2491 = CARTESIAN_POINT( '', ( -19.0500000000000, 0.150000000000000, -1.70000000000000 ) );
#2492 = DIRECTION( '', ( 0.000000000000000, 0.000000000000000, -1.00000000000000 ) );
#2493 = DIRECTION( '', ( -1.00000000000000, 0.000000000000000, 0.000000000000000 ) );
#2494 = SURFACE_STYLE_FILL_AREA( #4654 );
#2495 = ORIENTED_EDGE( '', *, *, #4655, .F. );
#2496 = ORIENTED_EDGE( '', *, *, #4656, .F. );
#2497 = ORIENTED_EDGE( '', *, *, #4577, .F. );
#2498 = ORIENTED_EDGE( '', *, *, #4657, .F. );
#2499 = ORIENTED_EDGE( '', *, *, #4611, .F. );
#2500 = ORIENTED_EDGE( '', *, *, #4658, .F. );
#2501 = ORIENTED_EDGE( '', *, *, #4659, .F. );
#2502 = ORIENTED_EDGE( '', *, *, #4660, .F. );
#2503 = CARTESIAN_POINT( '', ( -19.0500000000000, 0.231944444444443, -5.20000000000000 ) );
#2504 = DIRECTION( '', ( 0.000000000000000, 0.000000000000000, -1.00000000000000 ) );
#2505 = DIRECTION( '', ( -1.00000000000000, 0.000000000000000, 0.000000000000000 ) );
#2506 = SURFACE_STYLE_FILL_AREA( #4661 );
#2507 = ORIENTED_EDGE( '', *, *, #4662, .T. );
#2508 = ORIENTED_EDGE( '', *, *, #4663, .F. );
#2509 = ORIENTED_EDGE( '', *, *, #4664, .F. );
#2510 = ORIENTED_EDGE( '', *, *, #4665, .T. );
#2511 = CARTESIAN_POINT( '', ( 3.26000000000000, -1.90000000000000, -2.80000000000000 ) );
#2512 = DIRECTION( '', ( 1.00000000000000, 0.000000000000000, 0.000000000000000 ) );
#2513 = DIRECTION( '', ( 0.000000000000000, 0.000000000000000, -1.00000000000000 ) );
#2514 = SURFACE_STYLE_FILL_AREA( #4666 );
#2515 = ORIENTED_EDGE( '', *, *, #4667, .F. );
#2516 = ORIENTED_EDGE( '', *, *, #4640, .F. );
#2517 = CARTESIAN_POINT( '', ( 11.4300000000000, 0.150000000000000, -1.70000000000000 ) );
#2518 = DIRECTION( '', ( 0.000000000000000, 0.000000000000000, -1.00000000000000 ) );
#2519 = DIRECTION( '', ( -1.00000000000000, 0.000000000000000, 0.000000000000000 ) );
#2520 = SURFACE_STYLE_FILL_AREA( #4668 );
#2521 = ORIENTED_EDGE( '', *, *, #4669, .T. );
#2522 = ORIENTED_EDGE( '', *, *, #4670, .F. );
#2523 = ORIENTED_EDGE( '', *, *, #4671, .F. );
#2524 = ORIENTED_EDGE( '', *, *, #4672, .T. );
#2525 = CARTESIAN_POINT( '', ( -1.76000000000000, -0.400000000000000, -2.80000000000000 ) );
#2526 = DIRECTION( '', ( -4.06068229395320E-017, 1.00000000000000, 0.000000000000000 ) );
#2527 = DIRECTION( '', ( -1.00000000000000, -4.06068229395320E-017, 0.000000000000000 ) );
#2528 = SURFACE_STYLE_FILL_AREA( #4673 );
#2529 = ORIENTED_EDGE( '', *, *, #4674, .T. );
#2530 = ORIENTED_EDGE( '', *, *, #4675, .F. );
#2531 = ORIENTED_EDGE( '', *, *, #4676, .F. );
#2532 = ORIENTED_EDGE( '', *, *, #4677, .F. );
#2533 = ORIENTED_EDGE( '', *, *, #4678, .T. );
#2534 = ORIENTED_EDGE( '', *, *, #4679, .T. );
#2535 = ORIENTED_EDGE( '', *, *, #4680, .T. );
#2536 = ORIENTED_EDGE( '', *, *, #4681, .F. );
#2537 = CARTESIAN_POINT( '', ( -9.95500000000000, 3.65000000000000, -6.00000000000000 ) );
#2538 = DIRECTION( '', ( 0.000000000000000, -1.00000000000000, 0.000000000000000 ) );
#2539 = DIRECTION( '', ( 0.000000000000000, 0.000000000000000, -1.00000000000000 ) );
#2540 = SURFACE_STYLE_FILL_AREA( #4682 );
#2541 = ORIENTED_EDGE( '', *, *, #4683, .F. );
#2542 = ORIENTED_EDGE( '', *, *, #4684, .F. );
#2543 = ORIENTED_EDGE( '', *, *, #4685, .F. );
#2544 = ORIENTED_EDGE( '', *, *, #4686, .F. );
#2545 = ORIENTED_EDGE( '', *, *, #4687, .F. );
#2546 = CARTESIAN_POINT( '', ( 19.0500000000000, 0.231944444444443, -5.20000000000000 ) );
#2547 = DIRECTION( '', ( 0.000000000000000, 0.000000000000000, -1.00000000000000 ) );
#2548 = DIRECTION( '', ( -1.00000000000000, 0.000000000000000, 0.000000000000000 ) );
#2549 = SURFACE_STYLE_FILL_AREA( #4688 );
#2550 = ORIENTED_EDGE( '', *, *, #4689, .F. );
#2551 = ORIENTED_EDGE( '', *, *, #4669, .F. );
#2552 = ORIENTED_EDGE( '', *, *, #4690, .F. );
#2553 = ORIENTED_EDGE( '', *, *, #4691, .F. );
#2554 = ORIENTED_EDGE( '', *, *, #4692, .F. );
#2555 = ORIENTED_EDGE( '', *, *, #4662, .F. );
#2556 = CARTESIAN_POINT( '', ( -19.0500000000000, 0.231944444444443, -5.20000000000000 ) );
#2557 = DIRECTION( '', ( 0.000000000000000, 0.000000000000000, -1.00000000000000 ) );
#2558 = DIRECTION( '', ( -1.00000000000000, 0.000000000000000, 0.000000000000000 ) );
#2559 = SURFACE_STYLE_FILL_AREA( #4693 );
#2560 = ORIENTED_EDGE( '', *, *, #4694, .T. );
#2561 = ORIENTED_EDGE( '', *, *, #4695, .F. );
#2562 = ORIENTED_EDGE( '', *, *, #4696, .F. );
#2563 = ORIENTED_EDGE( '', *, *, #4697, .T. );
#2564 = CARTESIAN_POINT( '', ( -21.1000000000000, -0.400000000000000, -2.80000000000000 ) );
#2565 = DIRECTION( '', ( 0.707106781186548, 0.707106781186547, 0.000000000000000 ) );
#2566 = DIRECTION( '', ( -0.707106781186547, 0.707106781186548, 0.000000000000000 ) );
#2567 = SURFACE_STYLE_FILL_AREA( #4698 );
#2568 = ORIENTED_EDGE( '', *, *, #4699, .T. );
#2569 = ORIENTED_EDGE( '', *, *, #4700, .F. );
#2570 = ORIENTED_EDGE( '', *, *, #4701, .F. );
#2571 = ORIENTED_EDGE( '', *, *, #4695, .T. );
#2572 = CARTESIAN_POINT( '', ( -19.6000000000000, -1.90000000000000, -2.80000000000000 ) );
#2573 = DIRECTION( '', ( 1.00000000000000, 0.000000000000000, 0.000000000000000 ) );
#2574 = DIRECTION( '', ( 0.000000000000000, 0.000000000000000, -1.00000000000000 ) );
#2575 = SURFACE_STYLE_FILL_AREA( #4702 );
#2576 = ORIENTED_EDGE( '', *, *, #4703, .T. );
#2577 = ORIENTED_EDGE( '', *, *, #4704, .F. );
#2578 = ORIENTED_EDGE( '', *, *, #4705, .T. );
#2579 = ORIENTED_EDGE( '', *, *, #4706, .F. );
#2580 = CARTESIAN_POINT( '', ( -3.57500000000000, 0.250000000000000, 4.12500000000000 ) );
#2581 = DIRECTION( '', ( -0.000000000000000, -0.970142500145332, -0.242535625036333 ) );
#2582 = DIRECTION( '', ( -1.00000000000000, 0.000000000000000, 0.000000000000000 ) );
#2583 = SURFACE_STYLE_FILL_AREA( #4707 );
#2584 = ORIENTED_EDGE( '', *, *, #4708, .T. );
#2585 = ORIENTED_EDGE( '', *, *, #4709, .F. );
#2586 = ORIENTED_EDGE( '', *, *, #4710, .F. );
#2587 = ORIENTED_EDGE( '', *, *, #4644, .F. );
#2588 = ORIENTED_EDGE( '', *, *, #4711, .T. );
#2589 = ORIENTED_EDGE( '', *, *, #4712, .F. );
#2590 = ORIENTED_EDGE( '', *, *, #4713, .T. );
#2591 = ORIENTED_EDGE( '', *, *, #4714, .T. );
#2592 = CARTESIAN_POINT( '', ( -17.5750000000000, -2.65000000000000, -5.60000000000000 ) );
#2593 = DIRECTION( '', ( 0.000000000000000, 0.000000000000000, 1.00000000000000 ) );
#2594 = DIRECTION( '', ( 1.00000000000000, 0.000000000000000, 0.000000000000000 ) );
#2595 = SURFACE_STYLE_FILL_AREA( #4715 );
#2596 = ORIENTED_EDGE( '', *, *, #4716, .F. );
#2597 = ORIENTED_EDGE( '', *, *, #4717, .F. );
#2598 = ORIENTED_EDGE( '', *, *, #4718, .F. );
#2599 = ORIENTED_EDGE( '', *, *, #4719, .T. );
#2600 = CARTESIAN_POINT( '', ( 21.9500000000000, -4.45000000000000, 4.70000000000000 ) );
#2601 = DIRECTION( '', ( 0.000000000000000, -0.955779008721950, 0.294085848837523 ) );
#2602 = DIRECTION( '', ( 0.000000000000000, -0.294085848837523, -0.955779008721950 ) );
#2603 = SURFACE_STYLE_FILL_AREA( #4720 );
#2604 = ORIENTED_EDGE( '', *, *, #4568, .F. );
#2605 = ORIENTED_EDGE( '', *, *, #4721, .F. );
#2606 = ORIENTED_EDGE( '', *, *, #4722, .T. );
#2607 = ORIENTED_EDGE( '', *, *, #4723, .T. );
#2608 = ORIENTED_EDGE( '', *, *, #4724, .T. );
#2609 = ORIENTED_EDGE( '', *, *, #4725, .F. );
#2610 = CARTESIAN_POINT( '', ( -2.33500000000000, -2.65000000000000, -6.00000000000000 ) );
#2611 = DIRECTION( '', ( 1.00000000000000, 0.000000000000000, 0.000000000000000 ) );
#2612 = DIRECTION( '', ( 0.000000000000000, 0.000000000000000, -1.00000000000000 ) );
#2613 = SURFACE_STYLE_FILL_AREA( #4726 );
#2614 = ORIENTED_EDGE( '', *, *, #4727, .F. );
#2615 = ORIENTED_EDGE( '', *, *, #4728, .F. );
#2616 = CARTESIAN_POINT( '', ( -3.81000000000000, 0.150000000000000, -1.70000000000000 ) );
#2617 = DIRECTION( '', ( 0.000000000000000, 0.000000000000000, -1.00000000000000 ) );
#2618 = DIRECTION( '', ( -1.00000000000000, 0.000000000000000, 0.000000000000000 ) );
#2619 = SURFACE_STYLE_FILL_AREA( #4729 );
#2620 = ORIENTED_EDGE( '', *, *, #4730, .T. );
#2621 = ORIENTED_EDGE( '', *, *, #4731, .F. );
#2622 = ORIENTED_EDGE( '', *, *, #4732, .F. );
#2623 = ORIENTED_EDGE( '', *, *, #4733, .F. );
#2624 = CARTESIAN_POINT( '', ( 3.82500000000000, -0.500000000000000, -4.62500000000000 ) );
#2625 = DIRECTION( '', ( -0.242535625036333, 0.000000000000000, 0.970142500145332 ) );
#2626 = DIRECTION( '', ( 0.000000000000000, 1.00000000000000, 0.000000000000000 ) );
#2627 = SURFACE_STYLE_FILL_AREA( #4734 );
#2628 = ORIENTED_EDGE( '', *, *, #4735, .F. );
#2629 = ORIENTED_EDGE( '', *, *, #4736, .T. );
#2630 = ORIENTED_EDGE( '', *, *, #4737, .F. );
#2631 = ORIENTED_EDGE( '', *, *, #4738, .T. );
#2632 = ORIENTED_EDGE( '', *, *, #4637, .T. );
#2633 = ORIENTED_EDGE( '', *, *, #4739, .T. );
#2634 = ORIENTED_EDGE( '', *, *, #4740, .F. );
#2635 = ORIENTED_EDGE( '', *, *, #4741, .F. );
#2636 = CARTESIAN_POINT( '', ( 20.5250000000000, 3.65000000000000, -2.60000000000000 ) );
#2637 = DIRECTION( '', ( 0.000000000000000, 1.00000000000000, 0.000000000000000 ) );
#2638 = DIRECTION( '', ( 0.000000000000000, 0.000000000000000, 1.00000000000000 ) );
#2639 = SURFACE_STYLE_FILL_AREA( #4742 );
#2640 = ORIENTED_EDGE( '', *, *, #4560, .F. );
#2641 = ORIENTED_EDGE( '', *, *, #4645, .F. );
#2642 = ORIENTED_EDGE( '', *, *, #4710, .T. );
#2643 = ORIENTED_EDGE( '', *, *, #4743, .T. );
#2644 = ORIENTED_EDGE( '', *, *, #4744, .T. );
#2645 = ORIENTED_EDGE( '', *, *, #4745, .F. );
#2646 = CARTESIAN_POINT( '', ( -17.5750000000000, -2.65000000000000, -6.00000000000000 ) );
#2647 = DIRECTION( '', ( 1.00000000000000, 0.000000000000000, 0.000000000000000 ) );
#2648 = DIRECTION( '', ( 0.000000000000000, 0.000000000000000, -1.00000000000000 ) );
#2649 = SURFACE_STYLE_FILL_AREA( #4746 );
#2650 = ORIENTED_EDGE( '', *, *, #4747, .T. );
#2651 = ORIENTED_EDGE( '', *, *, #4748, .F. );
#2652 = ORIENTED_EDGE( '', *, *, #4749, .F. );
#2653 = ORIENTED_EDGE( '', *, *, #4750, .T. );
#2654 = CARTESIAN_POINT( '', ( 4.81000000000000, 1.75000000000000, -2.80000000000000 ) );
#2655 = DIRECTION( '', ( -1.00000000000000, 0.000000000000000, 0.000000000000000 ) );
#2656 = DIRECTION( '', ( 0.000000000000000, 0.000000000000000, 1.00000000000000 ) );
#2657 = SURFACE_STYLE_FILL_AREA( #4751 );
#2658 = ORIENTED_EDGE( '', *, *, #4752, .F. );
#2659 = ORIENTED_EDGE( '', *, *, #4753, .T. );
#2660 = ORIENTED_EDGE( '', *, *, #4754, .T. );
#2661 = ORIENTED_EDGE( '', *, *, #4602, .F. );
#2662 = CARTESIAN_POINT( '', ( 21.9500000000000, -4.05000000000000, 6.00000000000000 ) );
#2663 = DIRECTION( '', ( 0.000000000000000, 0.000000000000000, 1.00000000000000 ) );
#2664 = DIRECTION( '', ( 1.00000000000000, 0.000000000000000, 0.000000000000000 ) );
#2665 = SURFACE_STYLE_FILL_AREA( #4755 );
#2666 = ORIENTED_EDGE( '', *, *, #4727, .T. );
#2667 = ORIENTED_EDGE( '', *, *, #4756, .T. );
#2668 = ORIENTED_EDGE( '', *, *, #4757, .T. );
#2669 = ORIENTED_EDGE( '', *, *, #4758, .T. );
#2670 = ORIENTED_EDGE( '', *, *, #4629, .T. );
#2671 = CARTESIAN_POINT( '', ( -3.81000000000000, 0.150000000000000, -1.20000000000000 ) );
#2672 = DIRECTION( '', ( 0.000000000000000, 0.000000000000000, -1.00000000000000 ) );
#2673 = DIRECTION( '', ( -1.00000000000000, 0.000000000000000, 0.000000000000000 ) );
#2674 = SURFACE_STYLE_FILL_AREA( #4759 );
#2675 = ORIENTED_EDGE( '', *, *, #4760, .F. );
#2676 = ORIENTED_EDGE( '', *, *, #4761, .T. );
#2677 = ORIENTED_EDGE( '', *, *, #4762, .F. );
#2678 = ORIENTED_EDGE( '', *, *, #4763, .F. );
#2679 = CARTESIAN_POINT( '', ( 21.9500000000000, -4.45000000000000, 4.70000000000000 ) );
#2680 = DIRECTION( '', ( 0.000000000000000, -0.955779008721950, 0.294085848837523 ) );
#2681 = DIRECTION( '', ( 0.000000000000000, -0.294085848837523, -0.955779008721950 ) );
#2682 = SURFACE_STYLE_FILL_AREA( #4764 );
#2683 = ORIENTED_EDGE( '', *, *, #4765, .T. );
#2684 = ORIENTED_EDGE( '', *, *, #4766, .F. );
#2685 = ORIENTED_EDGE( '', *, *, #4767, .F. );
#2686 = ORIENTED_EDGE( '', *, *, #4768, .T. );
#2687 = CARTESIAN_POINT( '', ( 0.910000000000000, 0.700000000000000, -2.80000000000000 ) );
#2688 = DIRECTION( '', ( -4.06068229395320E-017, -1.00000000000000, 0.000000000000000 ) );
#2689 = DIRECTION( '', ( 1.00000000000000, -4.06068229395320E-017, 0.000000000000000 ) );
#2690 = SURFACE_STYLE_FILL_AREA( #4769 );
#2691 = ORIENTED_EDGE( '', *, *, #4770, .T. );
#2692 = ORIENTED_EDGE( '', *, *, #4768, .F. );
#2693 = ORIENTED_EDGE( '', *, *, #4771, .F. );
#2694 = ORIENTED_EDGE( '', *, *, #4772, .T. );
#2695 = CARTESIAN_POINT( '', ( 2.81000000000000, 1.75000000000000, -2.80000000000000 ) );
#2696 = DIRECTION( '', ( 0.707106781186548, -0.707106781186547, 0.000000000000000 ) );
#2697 = DIRECTION( '', ( 0.707106781186547, 0.707106781186548, 0.000000000000000 ) );
#2698 = SURFACE_STYLE_FILL_AREA( #4773 );
#2699 = ORIENTED_EDGE( '', *, *, #4689, .T. );
#2700 = ORIENTED_EDGE( '', *, *, #4665, .F. );
#2701 = ORIENTED_EDGE( '', *, *, #4774, .F. );
#2702 = ORIENTED_EDGE( '', *, *, #4670, .T. );
#2703 = CARTESIAN_POINT( '', ( 1.76000000000000, -0.400000000000000, -2.80000000000000 ) );
#2704 = DIRECTION( '', ( 0.707106781186548, 0.707106781186547, 0.000000000000000 ) );
#2705 = DIRECTION( '', ( -0.707106781186547, 0.707106781186548, 0.000000000000000 ) );
#2706 = SURFACE_STYLE_FILL_AREA( #4775 );
#2707 = ORIENTED_EDGE( '', *, *, #4547, .T. );
#2708 = ORIENTED_EDGE( '', *, *, #4776, .T. );
#2709 = ORIENTED_EDGE( '', *, *, #4777, .T. );
#2710 = ORIENTED_EDGE( '', *, *, #4778, .T. );
#2711 = CARTESIAN_POINT( '', ( 11.4300000000000, -2.65000000000000, -5.80000000000000 ) );
#2712 = DIRECTION( '', ( 0.000000000000000, -1.00000000000000, 1.08420217248551E-015 ) );
#2713 = DIRECTION( '', ( 0.000000000000000, -1.08420217248551E-015, -1.00000000000000 ) );
#2714 = SURFACE_STYLE_FILL_AREA( #4779 );
#2715 = ORIENTED_EDGE( '', *, *, #4780, .T. );
#2716 = ORIENTED_EDGE( '', *, *, #4706, .T. );
#2717 = ORIENTED_EDGE( '', *, *, #4781, .T. );
#2718 = ORIENTED_EDGE( '', *, *, #4782, .T. );
#2719 = CARTESIAN_POINT( '', ( -3.57500000000000, -0.500000000000000, 4.12500000000000 ) );
#2720 = DIRECTION( '', ( 0.000000000000000, 0.000000000000000, -1.00000000000000 ) );
#2721 = DIRECTION( '', ( -1.00000000000000, 0.000000000000000, 0.000000000000000 ) );
#2722 = SURFACE_STYLE_FILL_AREA( #4783 );
#2723 = ORIENTED_EDGE( '', *, *, #4784, .T. );
#2724 = ORIENTED_EDGE( '', *, *, #4785, .F. );
#2725 = ORIENTED_EDGE( '', *, *, #4578, .F. );
#2726 = ORIENTED_EDGE( '', *, *, #4656, .T. );
#2727 = ORIENTED_EDGE( '', *, *, #4786, .F. );
#2728 = ORIENTED_EDGE( '', *, *, #4787, .F. );
#2729 = ORIENTED_EDGE( '', *, *, #4788, .T. );
#2730 = ORIENTED_EDGE( '', *, *, #4789, .T. );
#2731 = CARTESIAN_POINT( '', ( -11.4300000000000, 0.231944444444443, -5.20000000000000 ) );
#2732 = DIRECTION( '', ( -0.000000000000000, -0.000000000000000, -1.00000000000000 ) );
#2733 = DIRECTION( '', ( 1.00000000000000, 0.000000000000000, 0.000000000000000 ) );
#2734 = SURFACE_STYLE_FILL_AREA( #4790 );
#2735 = ORIENTED_EDGE( '', *, *, #4791, .F. );
#2736 = ORIENTED_EDGE( '', *, *, #4792, .T. );
#2737 = ORIENTED_EDGE( '', *, *, #4542, .F. );
#2738 = ORIENTED_EDGE( '', *, *, #4793, .F. );
#2739 = CARTESIAN_POINT( '', ( 3.31000000000000, 0.650000000000000, -47.4975617738615 ) );
#2740 = DIRECTION( '', ( 0.000000000000000, -1.00000000000000, 0.000000000000000 ) );
#2741 = DIRECTION( '', ( 0.000000000000000, 0.000000000000000, -1.00000000000000 ) );
#2742 = SURFACE_STYLE_FILL_AREA( #4794 );
#2743 = ORIENTED_EDGE( '', *, *, #4795, .F. );
#2744 = ORIENTED_EDGE( '', *, *, #4796, .T. );
#2745 = ORIENTED_EDGE( '', *, *, #4675, .T. );
#2746 = ORIENTED_EDGE( '', *, *, #4797, .F. );
#2747 = ORIENTED_EDGE( '', *, *, #4798, .T. );
#2748 = ORIENTED_EDGE( '', *, *, #4799, .F. );
#2749 = CARTESIAN_POINT( '', ( -10.9300000000000, 0.650000000000000, -47.4975617738615 ) );
#2750 = DIRECTION( '', ( -1.00000000000000, 0.000000000000000, 0.000000000000000 ) );
#2751 = DIRECTION( '', ( 0.000000000000000, 0.000000000000000, 1.00000000000000 ) );
#2752 = SURFACE_STYLE_FILL_AREA( #4800 );
#2753 = ORIENTED_EDGE( '', *, *, #4801, .T. );
#2754 = ORIENTED_EDGE( '', *, *, #4802, .T. );
#2755 = ORIENTED_EDGE( '', *, *, #4603, .T. );
#2756 = ORIENTED_EDGE( '', *, *, #4754, .F. );
#2757 = CARTESIAN_POINT( '', ( -10.8300000000000, 41.8475617738615, 4.70000000000000 ) );
#2758 = DIRECTION( '', ( 0.970142500145332, 0.000000000000000, -0.242535625036332 ) );
#2759 = DIRECTION( '', ( -0.242535625036332, 0.000000000000000, -0.970142500145332 ) );
#2760 = SURFACE_STYLE_FILL_AREA( #4803 );
#2761 = ORIENTED_EDGE( '', *, *, #4804, .T. );
#2762 = ORIENTED_EDGE( '', *, *, #4805, .T. );
#2763 = ORIENTED_EDGE( '', *, *, #4806, .T. );
#2764 = ORIENTED_EDGE( '', *, *, #4807, .F. );
#2765 = CARTESIAN_POINT( '', ( 4.41000000000000, 41.8475617738615, 4.70000000000000 ) );
#2766 = DIRECTION( '', ( 0.970142500145332, 0.000000000000000, -0.242535625036332 ) );
#2767 = DIRECTION( '', ( -0.242535625036332, 0.000000000000000, -0.970142500145332 ) );
#2768 = SURFACE_STYLE_FILL_AREA( #4808 );
#2769 = ORIENTED_EDGE( '', *, *, #4687, .T. );
#2770 = ORIENTED_EDGE( '', *, *, #4809, .F. );
#2771 = ORIENTED_EDGE( '', *, *, #4810, .F. );
#2772 = ORIENTED_EDGE( '', *, *, #4811, .T. );
#2773 = CARTESIAN_POINT( '', ( 19.6000000000000, -1.90000000000000, -2.80000000000000 ) );
#2774 = DIRECTION( '', ( -0.707106781186548, 0.707106781186547, 0.000000000000000 ) );
#2775 = DIRECTION( '', ( -0.707106781186547, -0.707106781186548, 0.000000000000000 ) );
#2776 = SURFACE_STYLE_FILL_AREA( #4812 );
#2777 = ORIENTED_EDGE( '', *, *, #4813, .T. );
#2778 = ORIENTED_EDGE( '', *, *, #4814, .F. );
#2779 = ORIENTED_EDGE( '', *, *, #4815, .F. );
#2780 = ORIENTED_EDGE( '', *, *, #4816, .F. );
#2781 = ORIENTED_EDGE( '', *, *, #4817, .T. );
#2782 = ORIENTED_EDGE( '', *, *, #4818, .T. );
#2783 = ORIENTED_EDGE( '', *, *, #4819, .T. );
#2784 = ORIENTED_EDGE( '', *, *, #4820, .F. );
#2785 = CARTESIAN_POINT( '', ( 12.9050000000000, 3.65000000000000, -6.00000000000000 ) );
#2786 = DIRECTION( '', ( 0.000000000000000, -1.00000000000000, 0.000000000000000 ) );
#2787 = DIRECTION( '', ( 0.000000000000000, 0.000000000000000, -1.00000000000000 ) );
#2788 = SURFACE_STYLE_FILL_AREA( #4821 );
#2789 = ORIENTED_EDGE( '', *, *, #4822, .T. );
#2790 = ORIENTED_EDGE( '', *, *, #4697, .F. );
#2791 = ORIENTED_EDGE( '', *, *, #4823, .F. );
#2792 = ORIENTED_EDGE( '', *, *, #4824, .T. );
#2793 = CARTESIAN_POINT( '', ( -21.9500000000000, -0.400000000000000, -2.80000000000000 ) );
#2794 = DIRECTION( '', ( 1.27553196763000E-016, 1.00000000000000, 0.000000000000000 ) );
#2795 = DIRECTION( '', ( -1.00000000000000, 1.27553196763000E-016, 0.000000000000000 ) );
#2796 = SURFACE_STYLE_FILL_AREA( #4825 );
#2797 = ORIENTED_EDGE( '', *, *, #4826, .T. );
#2798 = ORIENTED_EDGE( '', *, *, #4827, .T. );
#2799 = ORIENTED_EDGE( '', *, *, #4828, .T. );
#2800 = ORIENTED_EDGE( '', *, *, #4829, .T. );
#2801 = ORIENTED_EDGE( '', *, *, #4830, .T. );
#2802 = ORIENTED_EDGE( '', *, *, #4831, .T. );
#2803 = ORIENTED_EDGE( '', *, *, #4832, .T. );
#2804 = CARTESIAN_POINT( '', ( -3.82500000000000, -0.500000000000000, -4.12500000000000 ) );
#2805 = DIRECTION( '', ( 0.000000000000000, -1.00000000000000, 0.000000000000000 ) );
#2806 = DIRECTION( '', ( 0.000000000000000, 0.000000000000000, -1.00000000000000 ) );
#2807 = SURFACE_STYLE_FILL_AREA( #4833 );
#2808 = ORIENTED_EDGE( '', *, *, #4563, .T. );
#2809 = ORIENTED_EDGE( '', *, *, #4834, .T. );
#2810 = ORIENTED_EDGE( '', *, *, #4835, .T. );
#2811 = ORIENTED_EDGE( '', *, *, #4836, .T. );
#2812 = CARTESIAN_POINT( '', ( -11.4300000000000, -2.65000000000000, -5.80000000000000 ) );
#2813 = DIRECTION( '', ( 0.000000000000000, -1.00000000000000, 1.08420217248551E-015 ) );
#2814 = DIRECTION( '', ( 0.000000000000000, -1.08420217248551E-015, -1.00000000000000 ) );
#2815 = SURFACE_STYLE_FILL_AREA( #4837 );
#2816 = ORIENTED_EDGE( '', *, *, #4838, .F. );
#2817 = ORIENTED_EDGE( '', *, *, #4839, .F. );
#2818 = ORIENTED_EDGE( '', *, *, #4840, .T. );
#2819 = ORIENTED_EDGE( '', *, *, #4841, .T. );
#2820 = CARTESIAN_POINT( '', ( 21.9500000000000, -4.05000000000000, 3.00000000000000 ) );
#2821 = DIRECTION( '', ( 0.000000000000000, 2.16840434497097E-015, -1.00000000000000 ) );
#2822 = DIRECTION( '', ( 0.000000000000000, 1.00000000000000, 2.16840434497097E-015 ) );
#2823 = SURFACE_STYLE_FILL_AREA( #4842 );
#2824 = ORIENTED_EDGE( '', *, *, #4541, .F. );
#2825 = ORIENTED_EDGE( '', *, *, #4843, .F. );
#2826 = ORIENTED_EDGE( '', *, *, #4844, .F. );
#2827 = ORIENTED_EDGE( '', *, *, #4619, .T. );
#2828 = ORIENTED_EDGE( '', *, *, #4845, .F. );
#2829 = ORIENTED_EDGE( '', *, *, #4793, .T. );
#2830 = CARTESIAN_POINT( '', ( 3.31000000000000, -0.350000000000000, -47.4975617738615 ) );
#2831 = DIRECTION( '', ( 1.00000000000000, 0.000000000000000, 0.000000000000000 ) );
#2832 = DIRECTION( '', ( 0.000000000000000, 0.000000000000000, -1.00000000000000 ) );
#2833 = SURFACE_STYLE_FILL_AREA( #4846 );
#2834 = ORIENTED_EDGE( '', *, *, #4847, .F. );
#2835 = ORIENTED_EDGE( '', *, *, #4848, .T. );
#2836 = ORIENTED_EDGE( '', *, *, #4849, .F. );
#2837 = ORIENTED_EDGE( '', *, *, #4850, .F. );
#2838 = CARTESIAN_POINT( '', ( -19.5500000000000, 0.650000000000000, -47.4975161320778 ) );
#2839 = DIRECTION( '', ( 0.000000000000000, -1.00000000000000, 0.000000000000000 ) );
#2840 = DIRECTION( '', ( 0.000000000000000, 0.000000000000000, -1.00000000000000 ) );
#2841 = SURFACE_STYLE_FILL_AREA( #4851 );
#2842 = ORIENTED_EDGE( '', *, *, #4852, .T. );
#2843 = ORIENTED_EDGE( '', *, *, #4853, .T. );
#2844 = ORIENTED_EDGE( '', *, *, #4854, .T. );
#2845 = ORIENTED_EDGE( '', *, *, #4799, .T. );
#2846 = ORIENTED_EDGE( '', *, *, #4855, .T. );
#2847 = CARTESIAN_POINT( '', ( -11.4300000000000, 0.150000000000000, -1.20000000000000 ) );
#2848 = DIRECTION( '', ( 0.000000000000000, 0.000000000000000, -1.00000000000000 ) );
#2849 = DIRECTION( '', ( -1.00000000000000, 0.000000000000000, 0.000000000000000 ) );
#2850 = SURFACE_STYLE_FILL_AREA( #4856 );
#2851 = ORIENTED_EDGE( '', *, *, #4667, .T. );
#2852 = ORIENTED_EDGE( '', *, *, #4857, .T. );
#2853 = ORIENTED_EDGE( '', *, *, #4858, .T. );
#2854 = ORIENTED_EDGE( '', *, *, #4859, .T. );
#2855 = ORIENTED_EDGE( '', *, *, #4860, .T. );
#2856 = CARTESIAN_POINT( '', ( 11.4300000000000, 0.150000000000000, -1.20000000000000 ) );
#2857 = DIRECTION( '', ( 0.000000000000000, 0.000000000000000, -1.00000000000000 ) );
#2858 = DIRECTION( '', ( -1.00000000000000, 0.000000000000000, 0.000000000000000 ) );
#2859 = SURFACE_STYLE_FILL_AREA( #4861 );
#2860 = ORIENTED_EDGE( '', *, *, #4862, .F. );
#2861 = ORIENTED_EDGE( '', *, *, #4863, .T. );
#2862 = ORIENTED_EDGE( '', *, *, #4806, .F. );
#2863 = ORIENTED_EDGE( '', *, *, #4864, .F. );
#2864 = CARTESIAN_POINT( '', ( 21.9500000000000, -4.45000000000000, 4.70000000000000 ) );
#2865 = DIRECTION( '', ( 0.000000000000000, -0.955779008721950, 0.294085848837523 ) );
#2866 = DIRECTION( '', ( 0.000000000000000, -0.294085848837523, -0.955779008721950 ) );
#2867 = SURFACE_STYLE_FILL_AREA( #4865 );
#2868 = ORIENTED_EDGE( '', *, *, #4866, .T. );
#2869 = ORIENTED_EDGE( '', *, *, #4813, .F. );
#2870 = ORIENTED_EDGE( '', *, *, #4867, .F. );
#2871 = ORIENTED_EDGE( '', *, *, #4777, .F. );
#2872 = ORIENTED_EDGE( '', *, *, #4868, .T. );
#2873 = ORIENTED_EDGE( '', *, *, #4817, .F. );
#2874 = ORIENTED_EDGE( '', *, *, #4869, .T. );
#2875 = ORIENTED_EDGE( '', *, *, #4870, .T. );
#2876 = CARTESIAN_POINT( '', ( 12.9050000000000, -2.65000000000000, -5.60000000000000 ) );
#2877 = DIRECTION( '', ( 0.000000000000000, 0.000000000000000, 1.00000000000000 ) );
#2878 = DIRECTION( '', ( 1.00000000000000, 0.000000000000000, 0.000000000000000 ) );
#2879 = SURFACE_STYLE_FILL_AREA( #4871 );
#2880 = ORIENTED_EDGE( '', *, *, #4872, .F. );
#2881 = ORIENTED_EDGE( '', *, *, #4873, .F. );
#2882 = ORIENTED_EDGE( '', *, *, #4874, .T. );
#2883 = ORIENTED_EDGE( '', *, *, #4875, .T. );
#2884 = CARTESIAN_POINT( '', ( 21.2000000000000, 2.35000000000000, -5.20000000000000 ) );
#2885 = DIRECTION( '', ( 0.000000000000000, -1.00000000000000, 0.000000000000000 ) );
#2886 = DIRECTION( '', ( 0.000000000000000, 0.000000000000000, -1.00000000000000 ) );
#2887 = SURFACE_STYLE_FILL_AREA( #4876 );
#2888 = ORIENTED_EDGE( '', *, *, #4877, .F. );
#2889 = ORIENTED_EDGE( '', *, *, #4878, .F. );
#2890 = ORIENTED_EDGE( '', *, *, #4879, .T. );
#2891 = ORIENTED_EDGE( '', *, *, #4880, .T. );
#2892 = CARTESIAN_POINT( '', ( -1.66000000000000, 2.35000000000000, -5.20000000000000 ) );
#2893 = DIRECTION( '', ( -3.37494839684204E-016, -1.00000000000000, 0.000000000000000 ) );
#2894 = DIRECTION( '', ( 1.00000000000000, -3.37494839684204E-016, 0.000000000000000 ) );
#2895 = SURFACE_STYLE_FILL_AREA( #4881 );
#2896 = ORIENTED_EDGE( '', *, *, #4756, .F. );
#2897 = ORIENTED_EDGE( '', *, *, #4632, .F. );
#2898 = ORIENTED_EDGE( '', *, *, #4882, .F. );
#2899 = ORIENTED_EDGE( '', *, *, #4883, .T. );
#2900 = ORIENTED_EDGE( '', *, *, #4884, .F. );
#2901 = ORIENTED_EDGE( '', *, *, #4885, .T. );
#2902 = CARTESIAN_POINT( '', ( -4.31000000000000, -0.350000000000000, -47.4975617738615 ) );
#2903 = DIRECTION( '', ( 1.00000000000000, 0.000000000000000, 0.000000000000000 ) );
#2904 = DIRECTION( '', ( 0.000000000000000, 0.000000000000000, -1.00000000000000 ) );
#2905 = SURFACE_STYLE_FILL_AREA( #4886 );
#2906 = ORIENTED_EDGE( '', *, *, #4658, .T. );
#2907 = ORIENTED_EDGE( '', *, *, #4614, .F. );
#2908 = ORIENTED_EDGE( '', *, *, #4887, .F. );
#2909 = ORIENTED_EDGE( '', *, *, #4888, .T. );
#2910 = CARTESIAN_POINT( '', ( -17.0000000000000, 0.700000000000000, -2.80000000000000 ) );
#2911 = DIRECTION( '', ( -0.707106781186548, -0.707106781186547, 0.000000000000000 ) );
#2912 = DIRECTION( '', ( 0.707106781186547, -0.707106781186548, 0.000000000000000 ) );
#2913 = SURFACE_STYLE_FILL_AREA( #4889 );
#2914 = ORIENTED_EDGE( '', *, *, #4890, .F. );
#2915 = ORIENTED_EDGE( '', *, *, #4830, .F. );
#2916 = ORIENTED_EDGE( '', *, *, #4891, .F. );
#2917 = ORIENTED_EDGE( '', *, *, #4782, .F. );
#2918 = CARTESIAN_POINT( '', ( -3.82500000000000, -0.500000000000000, 3.12500000000000 ) );
#2919 = DIRECTION( '', ( 0.000000000000000, -0.970142500145332, 0.242535625036333 ) );
#2920 = DIRECTION( '', ( 1.00000000000000, 0.000000000000000, 0.000000000000000 ) );
#2921 = SURFACE_STYLE_FILL_AREA( #4892 );
#2922 = ORIENTED_EDGE( '', *, *, #4891, .T. );
#2923 = ORIENTED_EDGE( '', *, *, #4893, .F. );
#2924 = ORIENTED_EDGE( '', *, *, #4703, .F. );
#2925 = ORIENTED_EDGE( '', *, *, #4780, .F. );
#2926 = CARTESIAN_POINT( '', ( -3.82500000000000, -0.500000000000000, 4.12500000000000 ) );
#2927 = DIRECTION( '', ( -0.970142500145332, 0.000000000000000, -0.242535625036333 ) );
#2928 = DIRECTION( '', ( 0.000000000000000, 1.00000000000000, 0.000000000000000 ) );
#2929 = SURFACE_STYLE_FILL_AREA( #4894 );
#2930 = ORIENTED_EDGE( '', *, *, #4655, .T. );
#2931 = ORIENTED_EDGE( '', *, *, #4895, .F. );
#2932 = ORIENTED_EDGE( '', *, *, #4896, .F. );
#2933 = ORIENTED_EDGE( '', *, *, #4786, .T. );
#2934 = CARTESIAN_POINT( '', ( -12.4300000000000, 3.07951522256740, -2.80000000000000 ) );
#2935 = DIRECTION( '', ( 1.00000000000000, 0.000000000000000, 0.000000000000000 ) );
#2936 = DIRECTION( '', ( 0.000000000000000, 0.000000000000000, -1.00000000000000 ) );
#2937 = SURFACE_STYLE_FILL_AREA( #4897 );
#2938 = ORIENTED_EDGE( '', *, *, #4898, .F. );
#2939 = ORIENTED_EDGE( '', *, *, #4827, .F. );
#2940 = ORIENTED_EDGE( '', *, *, #4730, .F. );
#2941 = ORIENTED_EDGE( '', *, *, #4899, .F. );
#2942 = CARTESIAN_POINT( '', ( 2.82500000000000, -0.500000000000000, -4.12500000000000 ) );
#2943 = DIRECTION( '', ( 0.242535625036333, -0.970142500145332, -1.05183060627809E-016 ) );
#2944 = DIRECTION( '', ( -4.33680868994202E-016, -2.27200661348475E-031, -1.00000000000000 ) );
#2945 = SURFACE_STYLE_FILL_AREA( #4900 );
#2946 = ORIENTED_EDGE( '', *, *, #4901, .F. );
#2947 = ORIENTED_EDGE( '', *, *, #4841, .F. );
#2948 = ORIENTED_EDGE( '', *, *, #4902, .T. );
#2949 = ORIENTED_EDGE( '', *, *, #4903, .T. );
#2950 = ORIENTED_EDGE( '', *, *, #4904, .F. );
#2951 = ORIENTED_EDGE( '', *, *, #4717, .T. );
#2952 = ORIENTED_EDGE( '', *, *, #4905, .F. );
#2953 = ORIENTED_EDGE( '', *, *, #4864, .T. );
#2954 = ORIENTED_EDGE( '', *, *, #4906, .F. );
#2955 = ORIENTED_EDGE( '', *, *, #4907, .T. );
#2956 = ORIENTED_EDGE( '', *, *, #4908, .F. );
#2957 = ORIENTED_EDGE( '', *, *, #4604, .T. );
#2958 = ORIENTED_EDGE( '', *, *, #4909, .F. );
#2959 = ORIENTED_EDGE( '', *, *, #4763, .T. );
#2960 = ORIENTED_EDGE( '', *, *, #4910, .F. );
#2961 = ORIENTED_EDGE( '', *, *, #4911, .T. );
#2962 = CARTESIAN_POINT( '', ( 21.9500000000000, -4.45000000000000, 3.00000000000000 ) );
#2963 = DIRECTION( '', ( 0.000000000000000, -1.00000000000000, 0.000000000000000 ) );
#2964 = DIRECTION( '', ( 0.000000000000000, 0.000000000000000, -1.00000000000000 ) );
#2965 = SURFACE_STYLE_FILL_AREA( #4912 );
#2966 = ORIENTED_EDGE( '', *, *, #4596, .F. );
#2967 = ORIENTED_EDGE( '', *, *, #4913, .F. );
#2968 = ORIENTED_EDGE( '', *, *, #4914, .F. );
#2969 = ORIENTED_EDGE( '', *, *, #4915, .F. );
#2970 = ORIENTED_EDGE( '', *, *, #4916, .F. );
#2971 = ORIENTED_EDGE( '', *, *, #4917, .F. );
#2972 = CARTESIAN_POINT( '', ( -19.0500000000000, 0.231944444444443, -5.20000000000000 ) );
#2973 = DIRECTION( '', ( 0.000000000000000, 0.000000000000000, -1.00000000000000 ) );
#2974 = DIRECTION( '', ( -1.00000000000000, 0.000000000000000, 0.000000000000000 ) );
#2975 = SURFACE_STYLE_FILL_AREA( #4918 );
#2976 = ORIENTED_EDGE( '', *, *, #4551, .T. );
#2977 = ORIENTED_EDGE( '', *, *, #4919, .T. );
#2978 = ORIENTED_EDGE( '', *, *, #4920, .T. );
#2979 = ORIENTED_EDGE( '', *, *, #4635, .T. );
#2980 = CARTESIAN_POINT( '', ( 19.0500000000000, -2.65000000000000, -5.80000000000000 ) );
#2981 = DIRECTION( '', ( 0.000000000000000, -1.00000000000000, 1.08420217248551E-015 ) );
#2982 = DIRECTION( '', ( 0.000000000000000, -1.08420217248551E-015, -1.00000000000000 ) );
#2983 = SURFACE_STYLE_FILL_AREA( #4921 );
#2984 = ORIENTED_EDGE( '', *, *, #4791, .T. );
#2985 = ORIENTED_EDGE( '', *, *, #4845, .T. );
#2986 = ORIENTED_EDGE( '', *, *, #4618, .T. );
#2987 = ORIENTED_EDGE( '', *, *, #4922, .F. );
#2988 = CARTESIAN_POINT( '', ( 3.31000000000000, -0.350000000000000, -3.50000000000000 ) );
#2989 = DIRECTION( '', ( 0.000000000000000, 0.000000000000000, 1.00000000000000 ) );
#2990 = DIRECTION( '', ( 1.00000000000000, 0.000000000000000, 0.000000000000000 ) );
#2991 = SURFACE_STYLE_FILL_AREA( #4923 );
#2992 = ORIENTED_EDGE( '', *, *, #4924, .T. );
#2993 = ORIENTED_EDGE( '', *, *, #4925, .F. );
#2994 = ORIENTED_EDGE( '', *, *, #4926, .F. );
#2995 = ORIENTED_EDGE( '', *, *, #4927, .T. );
#2996 = CARTESIAN_POINT( '', ( -18.5000000000000, -2.95000000000000, -2.80000000000000 ) );
#2997 = DIRECTION( '', ( -1.00000000000000, 0.000000000000000, 0.000000000000000 ) );
#2998 = DIRECTION( '', ( 0.000000000000000, 0.000000000000000, 1.00000000000000 ) );
#2999 = SURFACE_STYLE_FILL_AREA( #4928 );
#3000 = ORIENTED_EDGE( '', *, *, #4929, .F. );
#3001 = ORIENTED_EDGE( '', *, *, #4930, .T. );
#3002 = ORIENTED_EDGE( '', *, *, #4931, .T. );
#3003 = ORIENTED_EDGE( '', *, *, #4932, .F. );
#3004 = CARTESIAN_POINT( '', ( 14.3300000000000, -0.400000000000000, -2.80000000000000 ) );
#3005 = DIRECTION( '', ( 4.06068229395320E-017, 1.00000000000000, 0.000000000000000 ) );
#3006 = DIRECTION( '', ( -1.00000000000000, 4.06068229395320E-017, 0.000000000000000 ) );
#3007 = SURFACE_STYLE_FILL_AREA( #4933 );
#3008 = ORIENTED_EDGE( '', *, *, #4934, .T. );
#3009 = ORIENTED_EDGE( '', *, *, #4935, .T. );
#3010 = ORIENTED_EDGE( '', *, *, #4905, .T. );
#3011 = ORIENTED_EDGE( '', *, *, #4936, .F. );
#3012 = CARTESIAN_POINT( '', ( 10.8300000000000, 41.8475617738615, 4.70000000000000 ) );
#3013 = DIRECTION( '', ( 0.000000000000000, 0.000000000000000, -1.00000000000000 ) );
#3014 = DIRECTION( '', ( -1.00000000000000, 0.000000000000000, 0.000000000000000 ) );
#3015 = SURFACE_STYLE_FILL_AREA( #4937 );
#3016 = ORIENTED_EDGE( '', *, *, #4938, .F. );
#3017 = ORIENTED_EDGE( '', *, *, #4939, .T. );
#3018 = ORIENTED_EDGE( '', *, *, #4940, .T. );
#3019 = ORIENTED_EDGE( '', *, *, #4761, .F. );
#3020 = CARTESIAN_POINT( '', ( 21.9500000000000, -4.05000000000000, 6.00000000000000 ) );
#3021 = DIRECTION( '', ( 0.000000000000000, 0.000000000000000, 1.00000000000000 ) );
#3022 = DIRECTION( '', ( 1.00000000000000, 0.000000000000000, 0.000000000000000 ) );
#3023 = SURFACE_STYLE_FILL_AREA( #4941 );
#3024 = ORIENTED_EDGE( '', *, *, #4942, .T. );
#3025 = ORIENTED_EDGE( '', *, *, #4650, .F. );
#3026 = ORIENTED_EDGE( '', *, *, #4943, .F. );
#3027 = ORIENTED_EDGE( '', *, *, #4944, .T. );
#3028 = CARTESIAN_POINT( '', ( 18.0500000000000, 1.75000000000000, -2.80000000000000 ) );
#3029 = DIRECTION( '', ( 0.707106781186548, -0.707106781186547, 0.000000000000000 ) );
#3030 = DIRECTION( '', ( 0.707106781186547, 0.707106781186548, 0.000000000000000 ) );
#3031 = SURFACE_STYLE_FILL_AREA( #4945 );
#3032 = ORIENTED_EDGE( '', *, *, #4946, .T. );
#3033 = ORIENTED_EDGE( '', *, *, #4788, .F. );
#3034 = ORIENTED_EDGE( '', *, *, #4947, .F. );
#3035 = ORIENTED_EDGE( '', *, *, #4948, .T. );
#3036 = CARTESIAN_POINT( '', ( -10.4300000000000, 1.75000000000000, -2.80000000000000 ) );
#3037 = DIRECTION( '', ( -1.00000000000000, 0.000000000000000, 0.000000000000000 ) );
#3038 = DIRECTION( '', ( 0.000000000000000, 0.000000000000000, 1.00000000000000 ) );
#3039 = SURFACE_STYLE_FILL_AREA( #4949 );
#3040 = ORIENTED_EDGE( '', *, *, #4852, .F. );
#3041 = ORIENTED_EDGE( '', *, *, #4950, .F. );
#3042 = CARTESIAN_POINT( '', ( -11.4300000000000, 0.150000000000000, -1.70000000000000 ) );
#3043 = DIRECTION( '', ( 0.000000000000000, 0.000000000000000, -1.00000000000000 ) );
#3044 = DIRECTION( '', ( -1.00000000000000, 0.000000000000000, 0.000000000000000 ) );
#3045 = SURFACE_STYLE_FILL_AREA( #4951 );
#3046 = ORIENTED_EDGE( '', *, *, #4952, .T. );
#3047 = ORIENTED_EDGE( '', *, *, #4953, .F. );
#3048 = ORIENTED_EDGE( '', *, *, #4880, .F. );
#3049 = ORIENTED_EDGE( '', *, *, #4954, .T. );
#3050 = ORIENTED_EDGE( '', *, *, #4955, .F. );
#3051 = ORIENTED_EDGE( '', *, *, #4956, .F. );
#3052 = ORIENTED_EDGE( '', *, *, #4748, .T. );
#3053 = ORIENTED_EDGE( '', *, *, #4957, .T. );
#3054 = CARTESIAN_POINT( '', ( 3.81000000000000, 0.231944444444443, -5.20000000000000 ) );
#3055 = DIRECTION( '', ( -0.000000000000000, -0.000000000000000, -1.00000000000000 ) );
#3056 = DIRECTION( '', ( 1.00000000000000, 0.000000000000000, 0.000000000000000 ) );
#3057 = SURFACE_STYLE_FILL_AREA( #4958 );
#3058 = ORIENTED_EDGE( '', *, *, #4959, .F. );
#3059 = ORIENTED_EDGE( '', *, *, #4960, .F. );
#3060 = ORIENTED_EDGE( '', *, *, #4961, .T. );
#3061 = ORIENTED_EDGE( '', *, *, #4553, .T. );
#3062 = ORIENTED_EDGE( '', *, *, #4634, .F. );
#3063 = ORIENTED_EDGE( '', *, *, #4962, .T. );
#3064 = ORIENTED_EDGE( '', *, *, #4963, .T. );
#3065 = ORIENTED_EDGE( '', *, *, #4549, .T. );
#3066 = ORIENTED_EDGE( '', *, *, #4964, .T. );
#3067 = ORIENTED_EDGE( '', *, *, #4965, .T. );
#3068 = ORIENTED_EDGE( '', *, *, #4966, .F. );
#3069 = ORIENTED_EDGE( '', *, *, #4573, .T. );
#3070 = ORIENTED_EDGE( '', *, *, #4967, .T. );
#3071 = ORIENTED_EDGE( '', *, *, #4968, .T. );
#3072 = ORIENTED_EDGE( '', *, *, #4587, .F. );
#3073 = ORIENTED_EDGE( '', *, *, #4569, .T. );
#3074 = ORIENTED_EDGE( '', *, *, #4725, .T. );
#3075 = ORIENTED_EDGE( '', *, *, #4969, .T. );
#3076 = ORIENTED_EDGE( '', *, *, #4970, .F. );
#3077 = ORIENTED_EDGE( '', *, *, #4565, .T. );
#3078 = ORIENTED_EDGE( '', *, *, #4971, .T. );
#3079 = ORIENTED_EDGE( '', *, *, #4972, .T. );
#3080 = ORIENTED_EDGE( '', *, *, #4973, .F. );
#3081 = ORIENTED_EDGE( '', *, *, #4561, .T. );
#3082 = ORIENTED_EDGE( '', *, *, #4745, .T. );
#3083 = ORIENTED_EDGE( '', *, *, #4974, .T. );
#3084 = ORIENTED_EDGE( '', *, *, #4975, .F. );
#3085 = ORIENTED_EDGE( '', *, *, #4557, .T. );
#3086 = CARTESIAN_POINT( '', ( 21.9500000000000, 4.05000000000000, 6.00000000000000 ) );
#3087 = DIRECTION( '', ( 0.000000000000000, 1.00000000000000, 0.000000000000000 ) );
#3088 = DIRECTION( '', ( 0.000000000000000, 0.000000000000000, 1.00000000000000 ) );
#3089 = SURFACE_STYLE_FILL_AREA( #4976 );
#3090 = ORIENTED_EDGE( '', *, *, #4977, .F. );
#3091 = ORIENTED_EDGE( '', *, *, #4978, .F. );
#3092 = ORIENTED_EDGE( '', *, *, #4979, .F. );
#3093 = ORIENTED_EDGE( '', *, *, #4980, .F. );
#3094 = ORIENTED_EDGE( '', *, *, #4981, .F. );
#3095 = ORIENTED_EDGE( '', *, *, #4982, .F. );
#3096 = CARTESIAN_POINT( '', ( -19.0500000000000, 0.231944444444443, -5.20000000000000 ) );
#3097 = DIRECTION( '', ( 0.000000000000000, 0.000000000000000, -1.00000000000000 ) );
#3098 = DIRECTION( '', ( -1.00000000000000, 0.000000000000000, 0.000000000000000 ) );
#3099 = SURFACE_STYLE_FILL_AREA( #4983 );
#3100 = ORIENTED_EDGE( '', *, *, #4984, .T. );
#3101 = ORIENTED_EDGE( '', *, *, #4985, .T. );
#3102 = ORIENTED_EDGE( '', *, *, #4986, .T. );
#3103 = ORIENTED_EDGE( '', *, *, #4580, .F. );
#3104 = CARTESIAN_POINT( '', ( 19.6500000000000, 41.8475617738615, 4.70000000000000 ) );
#3105 = DIRECTION( '', ( 0.970142500145332, 0.000000000000000, -0.242535625036332 ) );
#3106 = DIRECTION( '', ( -0.242535625036332, 0.000000000000000, -0.970142500145332 ) );
#3107 = SURFACE_STYLE_FILL_AREA( #4987 );
#3108 = ORIENTED_EDGE( '', *, *, #4855, .F. );
#3109 = ORIENTED_EDGE( '', *, *, #4798, .F. );
#3110 = ORIENTED_EDGE( '', *, *, #4988, .F. );
#3111 = ORIENTED_EDGE( '', *, *, #4989, .T. );
#3112 = CARTESIAN_POINT( '', ( -10.9300000000000, -0.350000000000000, -47.4975617738615 ) );
#3113 = DIRECTION( '', ( 0.000000000000000, 1.00000000000000, 0.000000000000000 ) );
#3114 = DIRECTION( '', ( 0.000000000000000, 0.000000000000000, 1.00000000000000 ) );
#3115 = SURFACE_STYLE_FILL_AREA( #4990 );
#3116 = ORIENTED_EDGE( '', *, *, #4991, .T. );
#3117 = ORIENTED_EDGE( '', *, *, #4992, .F. );
#3118 = ORIENTED_EDGE( '', *, *, #4993, .F. );
#3119 = ORIENTED_EDGE( '', *, *, #4994, .T. );
#3120 = CARTESIAN_POINT( '', ( 21.9500000000000, 0.700000000000000, -2.80000000000000 ) );
#3121 = DIRECTION( '', ( -1.27553196763000E-016, -1.00000000000000, 0.000000000000000 ) );
#3122 = DIRECTION( '', ( 1.00000000000000, -1.27553196763000E-016, 0.000000000000000 ) );
#3123 = SURFACE_STYLE_FILL_AREA( #4995 );
#3124 = ORIENTED_EDGE( '', *, *, #4996, .T. );
#3125 = ORIENTED_EDGE( '', *, *, #4772, .F. );
#3126 = ORIENTED_EDGE( '', *, *, #4997, .F. );
#3127 = ORIENTED_EDGE( '', *, *, #4955, .T. );
#3128 = CARTESIAN_POINT( '', ( 2.81000000000000, 3.07951522256740, -2.80000000000000 ) );
#3129 = DIRECTION( '', ( 1.00000000000000, 0.000000000000000, 0.000000000000000 ) );
#3130 = DIRECTION( '', ( 0.000000000000000, 0.000000000000000, -1.00000000000000 ) );
#3131 = SURFACE_STYLE_FILL_AREA( #4998 );
#3132 = ORIENTED_EDGE( '', *, *, #4999, .F. );
#3133 = ORIENTED_EDGE( '', *, *, #5000, .T. );
#3134 = ORIENTED_EDGE( '', *, *, #4757, .F. );
#3135 = ORIENTED_EDGE( '', *, *, #4885, .F. );
#3136 = CARTESIAN_POINT( '', ( -4.31000000000000, 0.650000000000000, -47.4975617738615 ) );
#3137 = DIRECTION( '', ( 0.000000000000000, -1.00000000000000, 0.000000000000000 ) );
#3138 = DIRECTION( '', ( 0.000000000000000, 0.000000000000000, -1.00000000000000 ) );
#3139 = SURFACE_STYLE_FILL_AREA( #5001 );
#3140 = ORIENTED_EDGE( '', *, *, #4591, .F. );
#3141 = ORIENTED_EDGE( '', *, *, #5002, .F. );
#3142 = ORIENTED_EDGE( '', *, *, #5003, .F. );
#3143 = ORIENTED_EDGE( '', *, *, #4957, .F. );
#3144 = ORIENTED_EDGE( '', *, *, #4747, .F. );
#3145 = ORIENTED_EDGE( '', *, *, #5004, .F. );
#3146 = ORIENTED_EDGE( '', *, *, #4606, .F. );
#3147 = ORIENTED_EDGE( '', *, *, #5005, .F. );
#3148 = CARTESIAN_POINT( '', ( -19.0500000000000, 0.231944444444443, -5.20000000000000 ) );
#3149 = DIRECTION( '', ( 0.000000000000000, 0.000000000000000, -1.00000000000000 ) );
#3150 = DIRECTION( '', ( -1.00000000000000, 0.000000000000000, 0.000000000000000 ) );
#3151 = SURFACE_STYLE_FILL_AREA( #5006 );
#3152 = ORIENTED_EDGE( '', *, *, #5007, .T. );
#3153 = ORIENTED_EDGE( '', *, *, #5008, .F. );
#3154 = ORIENTED_EDGE( '', *, *, #4722, .F. );
#3155 = ORIENTED_EDGE( '', *, *, #5009, .F. );
#3156 = ORIENTED_EDGE( '', *, *, #5010, .T. );
#3157 = ORIENTED_EDGE( '', *, *, #5011, .F. );
#3158 = ORIENTED_EDGE( '', *, *, #4882, .T. );
#3159 = ORIENTED_EDGE( '', *, *, #4631, .T. );
#3160 = CARTESIAN_POINT( '', ( -2.33500000000000, -2.65000000000000, -5.60000000000000 ) );
#3161 = DIRECTION( '', ( 0.000000000000000, 0.000000000000000, 1.00000000000000 ) );
#3162 = DIRECTION( '', ( 1.00000000000000, 0.000000000000000, 0.000000000000000 ) );
#3163 = SURFACE_STYLE_FILL_AREA( #5012 );
#3164 = ORIENTED_EDGE( '', *, *, #4691, .T. );
#3165 = ORIENTED_EDGE( '', *, *, #5013, .F. );
#3166 = ORIENTED_EDGE( '', *, *, #5014, .F. );
#3167 = ORIENTED_EDGE( '', *, *, #5015, .T. );
#3168 = CARTESIAN_POINT( '', ( -3.26000000000000, -2.95000000000000, -2.80000000000000 ) );
#3169 = DIRECTION( '', ( -1.00000000000000, 0.000000000000000, 0.000000000000000 ) );
#3170 = DIRECTION( '', ( 0.000000000000000, 0.000000000000000, 1.00000000000000 ) );
#3171 = SURFACE_STYLE_FILL_AREA( #5016 );
#3172 = ORIENTED_EDGE( '', *, *, #4736, .F. );
#3173 = ORIENTED_EDGE( '', *, *, #5017, .F. );
#3174 = ORIENTED_EDGE( '', *, *, #5018, .F. );
#3175 = ORIENTED_EDGE( '', *, *, #5019, .F. );
#3176 = ORIENTED_EDGE( '', *, *, #4739, .F. );
#3177 = ORIENTED_EDGE( '', *, *, #4636, .T. );
#3178 = ORIENTED_EDGE( '', *, *, #4920, .F. );
#3179 = ORIENTED_EDGE( '', *, *, #5020, .F. );
#3180 = CARTESIAN_POINT( '', ( 20.5250000000000, 4.05000000000000, -5.60000000000000 ) );
#3181 = DIRECTION( '', ( 0.000000000000000, 0.000000000000000, -1.00000000000000 ) );
#3182 = DIRECTION( '', ( -1.00000000000000, 0.000000000000000, 0.000000000000000 ) );
#3183 = SURFACE_STYLE_FILL_AREA( #5021 );
#3184 = ORIENTED_EDGE( '', *, *, #5022, .F. );
#3185 = ORIENTED_EDGE( '', *, *, #5023, .T. );
#3186 = ORIENTED_EDGE( '', *, *, #4807, .T. );
#3187 = ORIENTED_EDGE( '', *, *, #4863, .F. );
#3188 = CARTESIAN_POINT( '', ( 21.9500000000000, -4.05000000000000, 6.00000000000000 ) );
#3189 = DIRECTION( '', ( 0.000000000000000, 0.000000000000000, 1.00000000000000 ) );
#3190 = DIRECTION( '', ( 1.00000000000000, 0.000000000000000, 0.000000000000000 ) );
#3191 = SURFACE_STYLE_FILL_AREA( #5024 );
#3192 = ORIENTED_EDGE( '', *, *, #4960, .T. );
#3193 = ORIENTED_EDGE( '', *, *, #5025, .F. );
#3194 = ORIENTED_EDGE( '', *, *, #5026, .T. );
#3195 = ORIENTED_EDGE( '', *, *, #5027, .T. );
#3196 = ORIENTED_EDGE( '', *, *, #4575, .T. );
#3197 = ORIENTED_EDGE( '', *, *, #4785, .T. );
#3198 = ORIENTED_EDGE( '', *, *, #5028, .T. );
#3199 = ORIENTED_EDGE( '', *, *, #5029, .T. );
#3200 = ORIENTED_EDGE( '', *, *, #4877, .T. );
#3201 = ORIENTED_EDGE( '', *, *, #4953, .T. );
#3202 = ORIENTED_EDGE( '', *, *, #5030, .T. );
#3203 = ORIENTED_EDGE( '', *, *, #5031, .T. );
#3204 = ORIENTED_EDGE( '', *, *, #5032, .T. );
#3205 = ORIENTED_EDGE( '', *, *, #5033, .T. );
#3206 = ORIENTED_EDGE( '', *, *, #4872, .T. );
#3207 = ORIENTED_EDGE( '', *, *, #5034, .T. );
#3208 = CARTESIAN_POINT( '', ( 21.9500000000000, -4.05000000000000, 6.00000000000000 ) );
#3209 = DIRECTION( '', ( 0.000000000000000, 0.000000000000000, 1.00000000000000 ) );
#3210 = DIRECTION( '', ( 1.00000000000000, 0.000000000000000, 0.000000000000000 ) );
#3211 = SURFACE_STYLE_FILL_AREA( #5035 );
#3212 = ORIENTED_EDGE( '', *, *, #5036, .T. );
#3213 = ORIENTED_EDGE( '', *, *, #5037, .F. );
#3214 = ORIENTED_EDGE( '', *, *, #5038, .F. );
#3215 = ORIENTED_EDGE( '', *, *, #5039, .T. );
#3216 = CARTESIAN_POINT( '', ( -17.0000000000000, -0.400000000000000, -2.80000000000000 ) );
#3217 = DIRECTION( '', ( -4.06068229395320E-017, 1.00000000000000, 0.000000000000000 ) );
#3218 = DIRECTION( '', ( -1.00000000000000, -4.06068229395320E-017, 0.000000000000000 ) );
#3219 = SURFACE_STYLE_FILL_AREA( #5040 );
#3220 = ORIENTED_EDGE( '', *, *, #5028, .F. );
#3221 = ORIENTED_EDGE( '', *, *, #4784, .F. );
#3222 = ORIENTED_EDGE( '', *, *, #5041, .T. );
#3223 = ORIENTED_EDGE( '', *, *, #5042, .T. );
#3224 = CARTESIAN_POINT( '', ( -9.28000000000000, 2.35000000000000, -5.20000000000000 ) );
#3225 = DIRECTION( '', ( -3.37494839684204E-016, -1.00000000000000, 0.000000000000000 ) );
#3226 = DIRECTION( '', ( 1.00000000000000, -3.37494839684204E-016, 0.000000000000000 ) );
#3227 = SURFACE_STYLE_FILL_AREA( #5043 );
#3228 = ORIENTED_EDGE( '', *, *, #4898, .T. );
#3229 = ORIENTED_EDGE( '', *, *, #5044, .F. );
#3230 = ORIENTED_EDGE( '', *, *, #5045, .F. );
#3231 = ORIENTED_EDGE( '', *, *, #5046, .F. );
#3232 = CARTESIAN_POINT( '', ( 2.82500000000000, -0.500000000000000, -3.87500000000000 ) );
#3233 = DIRECTION( '', ( -0.242535625036333, 0.000000000000000, -0.970142500145332 ) );
#3234 = DIRECTION( '', ( 0.000000000000000, 1.00000000000000, 0.000000000000000 ) );
#3235 = SURFACE_STYLE_FILL_AREA( #5047 );
#3236 = ORIENTED_EDGE( '', *, *, #4728, .T. );
#3237 = ORIENTED_EDGE( '', *, *, #5048, .T. );
#3238 = CARTESIAN_POINT( '', ( -3.81000000000000, 0.150000000000000, -1.20000000000000 ) );
#3239 = DIRECTION( '', ( -0.000000000000000, -0.000000000000000, 1.00000000000000 ) );
#3240 = DIRECTION( '', ( -1.00000000000000, 0.000000000000000, 0.000000000000000 ) );
#3241 = SURFACE_STYLE_FILL_AREA( #5049 );
#3242 = ORIENTED_EDGE( '', *, *, #4878, .T. );
#3243 = ORIENTED_EDGE( '', *, *, #5029, .F. );
#3244 = ORIENTED_EDGE( '', *, *, #5042, .F. );
#3245 = ORIENTED_EDGE( '', *, *, #5050, .T. );
#3246 = ORIENTED_EDGE( '', *, *, #5051, .F. );
#3247 = ORIENTED_EDGE( '', *, *, #5052, .F. );
#3248 = ORIENTED_EDGE( '', *, *, #5053, .T. );
#3249 = ORIENTED_EDGE( '', *, *, #5054, .T. );
#3250 = CARTESIAN_POINT( '', ( -3.81000000000000, 0.231944444444443, -5.20000000000000 ) );
#3251 = DIRECTION( '', ( -0.000000000000000, -0.000000000000000, -1.00000000000000 ) );
#3252 = DIRECTION( '', ( 1.00000000000000, 0.000000000000000, 0.000000000000000 ) );
#3253 = SURFACE_STYLE_FILL_AREA( #5055 );
#3254 = ORIENTED_EDGE( '', *, *, #5056, .T. );
#3255 = ORIENTED_EDGE( '', *, *, #5057, .T. );
#3256 = ORIENTED_EDGE( '', *, *, #4910, .T. );
#3257 = ORIENTED_EDGE( '', *, *, #5058, .F. );
#3258 = CARTESIAN_POINT( '', ( -19.6500000000000, 41.8475617738615, 4.70000000000000 ) );
#3259 = DIRECTION( '', ( 0.000000000000000, 0.000000000000000, -1.00000000000000 ) );
#3260 = DIRECTION( '', ( -1.00000000000000, 0.000000000000000, 0.000000000000000 ) );
#3261 = SURFACE_STYLE_FILL_AREA( #5059 );
#3262 = ORIENTED_EDGE( '', *, *, #5060, .T. );
#3263 = ORIENTED_EDGE( '', *, *, #5039, .F. );
#3264 = ORIENTED_EDGE( '', *, *, #5061, .F. );
#3265 = ORIENTED_EDGE( '', *, *, #4925, .T. );
#3266 = CARTESIAN_POINT( '', ( -18.5000000000000, -1.90000000000000, -2.80000000000000 ) );
#3267 = DIRECTION( '', ( -0.707106781186548, 0.707106781186547, 0.000000000000000 ) );
#3268 = DIRECTION( '', ( -0.707106781186547, -0.707106781186548, 0.000000000000000 ) );
#3269 = SURFACE_STYLE_FILL_AREA( #5062 );
#3270 = ORIENTED_EDGE( '', *, *, #5063, .T. );
#3271 = ORIENTED_EDGE( '', *, *, #5064, .F. );
#3272 = ORIENTED_EDGE( '', *, *, #5065, .F. );
#3273 = ORIENTED_EDGE( '', *, *, #5066, .T. );
#3274 = CARTESIAN_POINT( '', ( 20.0500000000000, 1.75000000000000, -2.80000000000000 ) );
#3275 = DIRECTION( '', ( -1.00000000000000, 0.000000000000000, 0.000000000000000 ) );
#3276 = DIRECTION( '', ( 0.000000000000000, 0.000000000000000, 1.00000000000000 ) );
#3277 = SURFACE_STYLE_FILL_AREA( #5067 );
#3278 = ORIENTED_EDGE( '', *, *, #5068, .T. );
#3279 = ORIENTED_EDGE( '', *, *, #5069, .T. );
#3280 = ORIENTED_EDGE( '', *, *, #4676, .T. );
#3281 = ORIENTED_EDGE( '', *, *, #4796, .F. );
#3282 = CARTESIAN_POINT( '', ( -11.9300000000000, -0.350000000000000, -3.50000000000000 ) );
#3283 = DIRECTION( '', ( 0.000000000000000, 0.000000000000000, 1.00000000000000 ) );
#3284 = DIRECTION( '', ( 1.00000000000000, 0.000000000000000, 0.000000000000000 ) );
#3285 = SURFACE_STYLE_FILL_AREA( #5070 );
#3286 = ORIENTED_EDGE( '', *, *, #5071, .F. );
#3287 = ORIENTED_EDGE( '', *, *, #4647, .F. );
#3288 = ORIENTED_EDGE( '', *, *, #4942, .F. );
#3289 = ORIENTED_EDGE( '', *, *, #5072, .F. );
#3290 = ORIENTED_EDGE( '', *, *, #5073, .F. );
#3291 = ORIENTED_EDGE( '', *, *, #5074, .F. );
#3292 = ORIENTED_EDGE( '', *, *, #5075, .F. );
#3293 = ORIENTED_EDGE( '', *, *, #5076, .F. );
#3294 = CARTESIAN_POINT( '', ( -19.0500000000000, 0.231944444444443, -5.20000000000000 ) );
#3295 = DIRECTION( '', ( 0.000000000000000, 0.000000000000000, -1.00000000000000 ) );
#3296 = DIRECTION( '', ( -1.00000000000000, 0.000000000000000, 0.000000000000000 ) );
#3297 = SURFACE_STYLE_FILL_AREA( #5077 );
#3298 = ORIENTED_EDGE( '', *, *, #4962, .F. );
#3299 = ORIENTED_EDGE( '', *, *, #4638, .F. );
#3300 = ORIENTED_EDGE( '', *, *, #4738, .F. );
#3301 = ORIENTED_EDGE( '', *, *, #5078, .F. );
#3302 = CARTESIAN_POINT( '', ( 19.0500000000000, 3.85000000000000, -2.60000000000000 ) );
#3303 = DIRECTION( '', ( 0.000000000000000, -1.14543451244288E-015, -1.00000000000000 ) );
#3304 = DIRECTION( '', ( 0.000000000000000, 1.00000000000000, -1.14543451244288E-015 ) );
#3305 = SURFACE_STYLE_FILL_AREA( #5079 );
#3306 = ORIENTED_EDGE( '', *, *, #5080, .T. );
#3307 = ORIENTED_EDGE( '', *, *, #5081, .F. );
#3308 = ORIENTED_EDGE( '', *, *, #4832, .F. );
#3309 = ORIENTED_EDGE( '', *, *, #5082, .T. );
#3310 = CARTESIAN_POINT( '', ( -3.82500000000000, -0.500000000000000, -4.12500000000000 ) );
#3311 = DIRECTION( '', ( -0.000000000000000, -1.00000000000000, -0.000000000000000 ) );
#3312 = DIRECTION( '', ( 0.000000000000000, 0.000000000000000, 1.00000000000000 ) );
#3313 = SURFACE_STYLE_FILL_AREA( #5083 );
#3314 = ORIENTED_EDGE( '', *, *, #5084, .F. );
#3315 = ORIENTED_EDGE( '', *, *, #5085, .T. );
#3316 = ORIENTED_EDGE( '', *, *, #4814, .T. );
#3317 = ORIENTED_EDGE( '', *, *, #4866, .F. );
#3318 = ORIENTED_EDGE( '', *, *, #5086, .T. );
#3319 = ORIENTED_EDGE( '', *, *, #4859, .F. );
#3320 = CARTESIAN_POINT( '', ( 11.9300000000000, 0.650000000000000, -47.4975617738615 ) );
#3321 = DIRECTION( '', ( -1.00000000000000, 0.000000000000000, 0.000000000000000 ) );
#3322 = DIRECTION( '', ( 0.000000000000000, 0.000000000000000, 1.00000000000000 ) );
#3323 = SURFACE_STYLE_FILL_AREA( #5087 );
#3324 = ORIENTED_EDGE( '', *, *, #4690, .T. );
#3325 = ORIENTED_EDGE( '', *, *, #4672, .F. );
#3326 = ORIENTED_EDGE( '', *, *, #5088, .F. );
#3327 = ORIENTED_EDGE( '', *, *, #5013, .T. );
#3328 = CARTESIAN_POINT( '', ( -3.26000000000000, -1.90000000000000, -2.80000000000000 ) );
#3329 = DIRECTION( '', ( -0.707106781186548, 0.707106781186547, 0.000000000000000 ) );
#3330 = DIRECTION( '', ( -0.707106781186547, -0.707106781186548, 0.000000000000000 ) );
#3331 = SURFACE_STYLE_FILL_AREA( #5089 );
#3332 = ORIENTED_EDGE( '', *, *, #4653, .T. );
#3333 = ORIENTED_EDGE( '', *, *, #5090, .T. );
#3334 = CARTESIAN_POINT( '', ( -19.0500000000000, 0.150000000000000, -1.20000000000000 ) );
#3335 = DIRECTION( '', ( -0.000000000000000, -0.000000000000000, 1.00000000000000 ) );
#3336 = DIRECTION( '', ( -1.00000000000000, 0.000000000000000, 0.000000000000000 ) );
#3337 = SURFACE_STYLE_FILL_AREA( #5091 );
#3338 = ORIENTED_EDGE( '', *, *, #4917, .T. );
#3339 = ORIENTED_EDGE( '', *, *, #5092, .F. );
#3340 = ORIENTED_EDGE( '', *, *, #5093, .F. );
#3341 = ORIENTED_EDGE( '', *, *, #4597, .T. );
#3342 = CARTESIAN_POINT( '', ( 10.8800000000000, -1.90000000000000, -2.80000000000000 ) );
#3343 = DIRECTION( '', ( 1.00000000000000, 0.000000000000000, 0.000000000000000 ) );
#3344 = DIRECTION( '', ( 0.000000000000000, 0.000000000000000, -1.00000000000000 ) );
#3345 = SURFACE_STYLE_FILL_AREA( #5094 );
#3346 = ORIENTED_EDGE( '', *, *, #5095, .T. );
#3347 = ORIENTED_EDGE( '', *, *, #4893, .T. );
#3348 = ORIENTED_EDGE( '', *, *, #4829, .F. );
#3349 = ORIENTED_EDGE( '', *, *, #5096, .T. );
#3350 = CARTESIAN_POINT( '', ( -3.57500000000000, -0.500000000000000, 4.12500000000000 ) );
#3351 = DIRECTION( '', ( -1.00000000000000, 0.000000000000000, 0.000000000000000 ) );
#3352 = DIRECTION( '', ( 0.000000000000000, 0.000000000000000, 1.00000000000000 ) );
#3353 = SURFACE_STYLE_FILL_AREA( #5097 );
#3354 = ORIENTED_EDGE( '', *, *, #5008, .T. );
#3355 = ORIENTED_EDGE( '', *, *, #5098, .F. );
#3356 = ORIENTED_EDGE( '', *, *, #5099, .F. );
#3357 = ORIENTED_EDGE( '', *, *, #4883, .F. );
#3358 = ORIENTED_EDGE( '', *, *, #5011, .T. );
#3359 = ORIENTED_EDGE( '', *, *, #5100, .T. );
#3360 = ORIENTED_EDGE( '', *, *, #5101, .T. );
#3361 = ORIENTED_EDGE( '', *, *, #4723, .F. );
#3362 = CARTESIAN_POINT( '', ( -2.33500000000000, 3.65000000000000, -6.00000000000000 ) );
#3363 = DIRECTION( '', ( 0.000000000000000, -1.00000000000000, 0.000000000000000 ) );
#3364 = DIRECTION( '', ( 0.000000000000000, 0.000000000000000, -1.00000000000000 ) );
#3365 = SURFACE_STYLE_FILL_AREA( #5102 );
#3366 = ORIENTED_EDGE( '', *, *, #4683, .T. );
#3367 = ORIENTED_EDGE( '', *, *, #4811, .F. );
#3368 = ORIENTED_EDGE( '', *, *, #5103, .F. );
#3369 = ORIENTED_EDGE( '', *, *, #5104, .T. );
#3370 = CARTESIAN_POINT( '', ( 19.6000000000000, -2.95000000000000, -2.80000000000000 ) );
#3371 = DIRECTION( '', ( -1.00000000000000, 0.000000000000000, 0.000000000000000 ) );
#3372 = DIRECTION( '', ( 0.000000000000000, 0.000000000000000, 1.00000000000000 ) );
#3373 = SURFACE_STYLE_FILL_AREA( #5105 );
#3374 = ORIENTED_EDGE( '', *, *, #5106, .T. );
#3375 = ORIENTED_EDGE( '', *, *, #5107, .T. );
#3376 = ORIENTED_EDGE( '', *, *, #4909, .T. );
#3377 = ORIENTED_EDGE( '', *, *, #4802, .F. );
#3378 = CARTESIAN_POINT( '', ( -12.0300000000000, 41.8475617738615, 4.70000000000000 ) );
#3379 = DIRECTION( '', ( 0.000000000000000, 0.000000000000000, -1.00000000000000 ) );
#3380 = DIRECTION( '', ( -1.00000000000000, 0.000000000000000, 0.000000000000000 ) );
#3381 = SURFACE_STYLE_FILL_AREA( #5108 );
#3382 = ORIENTED_EDGE( '', *, *, #5109, .T. );
#3383 = ORIENTED_EDGE( '', *, *, #4938, .T. );
#3384 = ORIENTED_EDGE( '', *, *, #4760, .T. );
#3385 = ORIENTED_EDGE( '', *, *, #5107, .F. );
#3386 = CARTESIAN_POINT( '', ( -12.3550000000000, 41.8475617738615, 6.00000000000000 ) );
#3387 = DIRECTION( '', ( -0.970142500145332, 0.000000000000000, -0.242535625036332 ) );
#3388 = DIRECTION( '', ( -0.242535625036332, 0.000000000000000, 0.970142500145332 ) );
#3389 = SURFACE_STYLE_FILL_AREA( #5110 );
#3390 = ORIENTED_EDGE( '', *, *, #5111, .T. );
#3391 = ORIENTED_EDGE( '', *, *, #5112, .F. );
#3392 = ORIENTED_EDGE( '', *, *, #5113, .F. );
#3393 = ORIENTED_EDGE( '', *, *, #5114, .T. );
#3394 = CARTESIAN_POINT( '', ( -6.71000000000000, 0.700000000000000, -2.80000000000000 ) );
#3395 = DIRECTION( '', ( -4.06068229395320E-017, -1.00000000000000, 0.000000000000000 ) );
#3396 = DIRECTION( '', ( 1.00000000000000, -4.06068229395320E-017, 0.000000000000000 ) );
#3397 = SURFACE_STYLE_FILL_AREA( #5115 );
#3398 = ORIENTED_EDGE( '', *, *, #4544, .F. );
#3399 = ORIENTED_EDGE( '', *, *, #5116, .F. );
#3400 = ORIENTED_EDGE( '', *, *, #5117, .F. );
#3401 = ORIENTED_EDGE( '', *, *, #4843, .T. );
#3402 = CARTESIAN_POINT( '', ( 4.31000000000000, -0.350000000000000, -47.4975617738615 ) );
#3403 = DIRECTION( '', ( 0.000000000000000, 1.00000000000000, 0.000000000000000 ) );
#3404 = DIRECTION( '', ( 0.000000000000000, 0.000000000000000, 1.00000000000000 ) );
#3405 = SURFACE_STYLE_FILL_AREA( #5118 );
#3406 = ORIENTED_EDGE( '', *, *, #5119, .T. );
#3407 = ORIENTED_EDGE( '', *, *, #4731, .T. );
#3408 = ORIENTED_EDGE( '', *, *, #4826, .F. );
#3409 = ORIENTED_EDGE( '', *, *, #5081, .T. );
#3410 = CARTESIAN_POINT( '', ( -3.82500000000000, -0.500000000000000, -4.87500000000000 ) );
#3411 = DIRECTION( '', ( 0.000000000000000, 0.000000000000000, 1.00000000000000 ) );
#3412 = DIRECTION( '', ( 1.00000000000000, 0.000000000000000, 0.000000000000000 ) );
#3413 = SURFACE_STYLE_FILL_AREA( #5120 );
#3414 = ORIENTED_EDGE( '', *, *, #5121, .T. );
#3415 = ORIENTED_EDGE( '', *, *, #5122, .F. );
#3416 = ORIENTED_EDGE( '', *, *, #5123, .F. );
#3417 = ORIENTED_EDGE( '', *, *, #5124, .T. );
#3418 = CARTESIAN_POINT( '', ( -20.0500000000000, 3.07951522256740, -2.80000000000000 ) );
#3419 = DIRECTION( '', ( 1.00000000000000, 0.000000000000000, 0.000000000000000 ) );
#3420 = DIRECTION( '', ( 0.000000000000000, 0.000000000000000, -1.00000000000000 ) );
#3421 = SURFACE_STYLE_FILL_AREA( #5125 );
#3422 = ORIENTED_EDGE( '', *, *, #4792, .F. );
#3423 = ORIENTED_EDGE( '', *, *, #4922, .T. );
#3424 = ORIENTED_EDGE( '', *, *, #4617, .T. );
#3425 = ORIENTED_EDGE( '', *, *, #5126, .F. );
#3426 = ORIENTED_EDGE( '', *, *, #5116, .T. );
#3427 = ORIENTED_EDGE( '', *, *, #4543, .F. );
#3428 = CARTESIAN_POINT( '', ( 4.31000000000000, 0.650000000000000, -47.4975617738615 ) );
#3429 = DIRECTION( '', ( -1.00000000000000, 0.000000000000000, 0.000000000000000 ) );
#3430 = DIRECTION( '', ( 0.000000000000000, 0.000000000000000, 1.00000000000000 ) );
#3431 = SURFACE_STYLE_FILL_AREA( #5127 );
#3432 = ORIENTED_EDGE( '', *, *, #5128, .T. );
#3433 = ORIENTED_EDGE( '', *, *, #5129, .F. );
#3434 = ORIENTED_EDGE( '', *, *, #5130, .T. );
#3435 = ORIENTED_EDGE( '', *, *, #4824, .F. );
#3436 = ORIENTED_EDGE( '', *, *, #5131, .F. );
#3437 = ORIENTED_EDGE( '', *, *, #5132, .T. );
#3438 = ORIENTED_EDGE( '', *, *, #5133, .T. );
#3439 = ORIENTED_EDGE( '', *, *, #5134, .T. );
#3440 = ORIENTED_EDGE( '', *, *, #5025, .T. );
#3441 = ORIENTED_EDGE( '', *, *, #4959, .T. );
#3442 = ORIENTED_EDGE( '', *, *, #4556, .T. );
#3443 = ORIENTED_EDGE( '', *, *, #5135, .T. );
#3444 = ORIENTED_EDGE( '', *, *, #4838, .T. );
#3445 = ORIENTED_EDGE( '', *, *, #4901, .T. );
#3446 = ORIENTED_EDGE( '', *, *, #5136, .T. );
#3447 = CARTESIAN_POINT( '', ( -21.9500000000000, 0.000000000000000, 0.000000000000000 ) );
#3448 = DIRECTION( '', ( -1.00000000000000, 0.000000000000000, 0.000000000000000 ) );
#3449 = DIRECTION( '', ( 0.000000000000000, 0.000000000000000, 1.00000000000000 ) );
#3450 = SURFACE_STYLE_FILL_AREA( #5137 );
#3451 = ORIENTED_EDGE( '', *, *, #5138, .T. );
#3452 = ORIENTED_EDGE( '', *, *, #4627, .F. );
#3453 = ORIENTED_EDGE( '', *, *, #5139, .F. );
#3454 = ORIENTED_EDGE( '', *, *, #4932, .T. );
#3455 = CARTESIAN_POINT( '', ( 17.0000000000000, -0.400000000000000, -2.80000000000000 ) );
#3456 = DIRECTION( '', ( 0.707106781186548, 0.707106781186547, 0.000000000000000 ) );
#3457 = DIRECTION( '', ( -0.707106781186547, 0.707106781186548, 0.000000000000000 ) );
#3458 = SURFACE_STYLE_FILL_AREA( #5140 );
#3459 = ORIENTED_EDGE( '', *, *, #4822, .F. );
#3460 = ORIENTED_EDGE( '', *, *, #5130, .F. );
#3461 = ORIENTED_EDGE( '', *, *, #5141, .F. );
#3462 = ORIENTED_EDGE( '', *, *, #4699, .F. );
#3463 = ORIENTED_EDGE( '', *, *, #4694, .F. );
#3464 = CARTESIAN_POINT( '', ( -19.0500000000000, 0.231944444444443, -5.20000000000000 ) );
#3465 = DIRECTION( '', ( 0.000000000000000, 0.000000000000000, -1.00000000000000 ) );
#3466 = DIRECTION( '', ( -1.00000000000000, 0.000000000000000, 0.000000000000000 ) );
#3467 = SURFACE_STYLE_FILL_AREA( #5142 );
#3468 = ORIENTED_EDGE( '', *, *, #5143, .T. );
#3469 = ORIENTED_EDGE( '', *, *, #5022, .T. );
#3470 = ORIENTED_EDGE( '', *, *, #4862, .T. );
#3471 = ORIENTED_EDGE( '', *, *, #4935, .F. );
#3472 = CARTESIAN_POINT( '', ( 10.5050000000000, 41.8475617738615, 6.00000000000000 ) );
#3473 = DIRECTION( '', ( -0.970142500145332, 0.000000000000000, -0.242535625036332 ) );
#3474 = DIRECTION( '', ( -0.242535625036332, 0.000000000000000, 0.970142500145332 ) );
#3475 = SURFACE_STYLE_FILL_AREA( #5144 );
#3476 = ORIENTED_EDGE( '', *, *, #5145, .F. );
#3477 = ORIENTED_EDGE( '', *, *, #5146, .F. );
#3478 = ORIENTED_EDGE( '', *, *, #5018, .T. );
#3479 = ORIENTED_EDGE( '', *, *, #5147, .T. );
#3480 = CARTESIAN_POINT( '', ( 19.5500000000000, -0.350000000000000, -47.4975617738615 ) );
#3481 = DIRECTION( '', ( 0.000000000000000, 1.00000000000000, 0.000000000000000 ) );
#3482 = DIRECTION( '', ( 0.000000000000000, 0.000000000000000, 1.00000000000000 ) );
#3483 = SURFACE_STYLE_FILL_AREA( #5148 );
#3484 = ORIENTED_EDGE( '', *, *, #5149, .F. );
#3485 = ORIENTED_EDGE( '', *, *, #5150, .F. );
#3486 = CARTESIAN_POINT( '', ( 19.0500000000000, 0.150000000000000, -1.70000000000000 ) );
#3487 = DIRECTION( '', ( 0.000000000000000, 0.000000000000000, -1.00000000000000 ) );
#3488 = DIRECTION( '', ( -1.00000000000000, 0.000000000000000, 0.000000000000000 ) );
#3489 = SURFACE_STYLE_FILL_AREA( #5151 );
#3490 = ORIENTED_EDGE( '', *, *, #5152, .T. );
#3491 = ORIENTED_EDGE( '', *, *, #5153, .F. );
#3492 = ORIENTED_EDGE( '', *, *, #5154, .F. );
#3493 = ORIENTED_EDGE( '', *, *, #4766, .T. );
#3494 = CARTESIAN_POINT( '', ( -1.76000000000000, 0.700000000000000, -2.80000000000000 ) );
#3495 = DIRECTION( '', ( -0.707106781186548, -0.707106781186547, 0.000000000000000 ) );
#3496 = DIRECTION( '', ( 0.707106781186547, -0.707106781186548, 0.000000000000000 ) );
#3497 = SURFACE_STYLE_FILL_AREA( #5155 );
#3498 = ORIENTED_EDGE( '', *, *, #5156, .F. );
#3499 = ORIENTED_EDGE( '', *, *, #5036, .F. );
#3500 = ORIENTED_EDGE( '', *, *, #5060, .F. );
#3501 = ORIENTED_EDGE( '', *, *, #4924, .F. );
#3502 = ORIENTED_EDGE( '', *, *, #5157, .F. );
#3503 = ORIENTED_EDGE( '', *, *, #5158, .F. );
#3504 = CARTESIAN_POINT( '', ( -19.0500000000000, 0.231944444444443, -5.20000000000000 ) );
#3505 = DIRECTION( '', ( 0.000000000000000, 0.000000000000000, -1.00000000000000 ) );
#3506 = DIRECTION( '', ( -1.00000000000000, 0.000000000000000, 0.000000000000000 ) );
#3507 = SURFACE_STYLE_FILL_AREA( #5159 );
#3508 = ORIENTED_EDGE( '', *, *, #5160, .F. );
#3509 = ORIENTED_EDGE( '', *, *, #5161, .F. );
#3510 = ORIENTED_EDGE( '', *, *, #4713, .F. );
#3511 = ORIENTED_EDGE( '', *, *, #5162, .T. );
#3512 = ORIENTED_EDGE( '', *, *, #5163, .F. );
#3513 = ORIENTED_EDGE( '', *, *, #4850, .T. );
#3514 = CARTESIAN_POINT( '', ( -19.5500000000000, -0.350000000000000, -47.4975161320778 ) );
#3515 = DIRECTION( '', ( 1.00000000000000, 0.000000000000000, 0.000000000000000 ) );
#3516 = DIRECTION( '', ( 0.000000000000000, 0.000000000000000, -1.00000000000000 ) );
#3517 = SURFACE_STYLE_FILL_AREA( #5164 );
#3518 = ORIENTED_EDGE( '', *, *, #5165, .F. );
#3519 = ORIENTED_EDGE( '', *, *, #4834, .F. );
#3520 = ORIENTED_EDGE( '', *, *, #4562, .T. );
#3521 = ORIENTED_EDGE( '', *, *, #4973, .T. );
#3522 = ORIENTED_EDGE( '', *, *, #5166, .T. );
#3523 = ORIENTED_EDGE( '', *, *, #4679, .F. );
#3524 = CARTESIAN_POINT( '', ( -12.9050000000000, -2.65000000000000, -5.60000000000000 ) );
#3525 = DIRECTION( '', ( -1.00000000000000, 0.000000000000000, 0.000000000000000 ) );
#3526 = DIRECTION( '', ( 0.000000000000000, 0.000000000000000, 1.00000000000000 ) );
#3527 = SURFACE_STYLE_FILL_AREA( #5167 );
#3528 = ORIENTED_EDGE( '', *, *, #5168, .T. );
#3529 = ORIENTED_EDGE( '', *, *, #5169, .T. );
#3530 = ORIENTED_EDGE( '', *, *, #4741, .T. );
#3531 = ORIENTED_EDGE( '', *, *, #5170, .F. );
#3532 = CARTESIAN_POINT( '', ( 18.5500000000000, -0.350000000000000, -3.50000000000000 ) );
#3533 = DIRECTION( '', ( 0.000000000000000, 0.000000000000000, 1.00000000000000 ) );
#3534 = DIRECTION( '', ( 1.00000000000000, 0.000000000000000, 0.000000000000000 ) );
#3535 = SURFACE_STYLE_FILL_AREA( #5171 );
#3536 = ORIENTED_EDGE( '', *, *, #4914, .T. );
#3537 = ORIENTED_EDGE( '', *, *, #5172, .F. );
#3538 = ORIENTED_EDGE( '', *, *, #5173, .F. );
#3539 = ORIENTED_EDGE( '', *, *, #5174, .T. );
#3540 = CARTESIAN_POINT( '', ( 4.36000000000000, -1.90000000000000, -2.80000000000000 ) );
#3541 = DIRECTION( '', ( -0.707106781186548, 0.707106781186547, 0.000000000000000 ) );
#3542 = DIRECTION( '', ( -0.707106781186547, -0.707106781186548, 0.000000000000000 ) );
#3543 = SURFACE_STYLE_FILL_AREA( #5175 );
#3544 = ORIENTED_EDGE( '', *, *, #4965, .F. );
#3545 = ORIENTED_EDGE( '', *, *, #5176, .F. );
#3546 = ORIENTED_EDGE( '', *, *, #4819, .F. );
#3547 = ORIENTED_EDGE( '', *, *, #5177, .F. );
#3548 = CARTESIAN_POINT( '', ( 11.4300000000000, 3.85000000000000, -2.60000000000000 ) );
#3549 = DIRECTION( '', ( 0.000000000000000, -1.14543451244288E-015, -1.00000000000000 ) );
#3550 = DIRECTION( '', ( 0.000000000000000, 1.00000000000000, -1.14543451244288E-015 ) );
#3551 = SURFACE_STYLE_FILL_AREA( #5178 );
#3552 = ORIENTED_EDGE( '', *, *, #4982, .T. );
#3553 = ORIENTED_EDGE( '', *, *, #5179, .F. );
#3554 = ORIENTED_EDGE( '', *, *, #5180, .F. );
#3555 = ORIENTED_EDGE( '', *, *, #5181, .T. );
#3556 = CARTESIAN_POINT( '', ( -4.36000000000000, -1.90000000000000, -2.80000000000000 ) );
#3557 = DIRECTION( '', ( 1.00000000000000, 0.000000000000000, 0.000000000000000 ) );
#3558 = DIRECTION( '', ( 0.000000000000000, 0.000000000000000, -1.00000000000000 ) );
#3559 = SURFACE_STYLE_FILL_AREA( #5182 );
#3560 = ORIENTED_EDGE( '', *, *, #5158, .T. );
#3561 = ORIENTED_EDGE( '', *, *, #5183, .F. );
#3562 = ORIENTED_EDGE( '', *, *, #5184, .F. );
#3563 = ORIENTED_EDGE( '', *, *, #5185, .T. );
#3564 = CARTESIAN_POINT( '', ( -11.9800000000000, -1.90000000000000, -2.80000000000000 ) );
#3565 = DIRECTION( '', ( 1.00000000000000, 0.000000000000000, 0.000000000000000 ) );
#3566 = DIRECTION( '', ( 0.000000000000000, 0.000000000000000, -1.00000000000000 ) );
#3567 = SURFACE_STYLE_FILL_AREA( #5186 );
#3568 = ORIENTED_EDGE( '', *, *, #4797, .T. );
#3569 = ORIENTED_EDGE( '', *, *, #4674, .F. );
#3570 = ORIENTED_EDGE( '', *, *, #5187, .F. );
#3571 = ORIENTED_EDGE( '', *, *, #4835, .F. );
#3572 = ORIENTED_EDGE( '', *, *, #5165, .T. );
#3573 = ORIENTED_EDGE( '', *, *, #4678, .F. );
#3574 = ORIENTED_EDGE( '', *, *, #5188, .T. );
#3575 = ORIENTED_EDGE( '', *, *, #4988, .T. );
#3576 = CARTESIAN_POINT( '', ( -9.95500000000000, -2.65000000000000, -5.60000000000000 ) );
#3577 = DIRECTION( '', ( 0.000000000000000, 0.000000000000000, 1.00000000000000 ) );
#3578 = DIRECTION( '', ( 1.00000000000000, 0.000000000000000, 0.000000000000000 ) );
#3579 = SURFACE_STYLE_FILL_AREA( #5189 );
#3580 = ORIENTED_EDGE( '', *, *, #5143, .F. );
#3581 = ORIENTED_EDGE( '', *, *, #4934, .F. );
#3582 = ORIENTED_EDGE( '', *, *, #5190, .F. );
#3583 = ORIENTED_EDGE( '', *, *, #5191, .F. );
#3584 = ORIENTED_EDGE( '', *, *, #5192, .F. );
#3585 = ORIENTED_EDGE( '', *, *, #5193, .F. );
#3586 = ORIENTED_EDGE( '', *, *, #4984, .F. );
#3587 = ORIENTED_EDGE( '', *, *, #4583, .F. );
#3588 = ORIENTED_EDGE( '', *, *, #5194, .F. );
#3589 = ORIENTED_EDGE( '', *, *, #4684, .T. );
#3590 = ORIENTED_EDGE( '', *, *, #5104, .F. );
#3591 = ORIENTED_EDGE( '', *, *, #5195, .F. );
#3592 = ORIENTED_EDGE( '', *, *, #4625, .T. );
#3593 = ORIENTED_EDGE( '', *, *, #5196, .T. );
#3594 = ORIENTED_EDGE( '', *, *, #5197, .F. );
#3595 = ORIENTED_EDGE( '', *, *, #5198, .F. );
#3596 = ORIENTED_EDGE( '', *, *, #5092, .T. );
#3597 = ORIENTED_EDGE( '', *, *, #4916, .T. );
#3598 = ORIENTED_EDGE( '', *, *, #5199, .F. );
#3599 = ORIENTED_EDGE( '', *, *, #5200, .F. );
#3600 = ORIENTED_EDGE( '', *, *, #4663, .T. );
#3601 = ORIENTED_EDGE( '', *, *, #4692, .T. );
#3602 = ORIENTED_EDGE( '', *, *, #5015, .F. );
#3603 = ORIENTED_EDGE( '', *, *, #5201, .F. );
#3604 = ORIENTED_EDGE( '', *, *, #5179, .T. );
#3605 = ORIENTED_EDGE( '', *, *, #4981, .T. );
#3606 = ORIENTED_EDGE( '', *, *, #5202, .F. );
#3607 = ORIENTED_EDGE( '', *, *, #5203, .F. );
#3608 = ORIENTED_EDGE( '', *, *, #5183, .T. );
#3609 = ORIENTED_EDGE( '', *, *, #5157, .T. );
#3610 = ORIENTED_EDGE( '', *, *, #4927, .F. );
#3611 = ORIENTED_EDGE( '', *, *, #5204, .F. );
#3612 = ORIENTED_EDGE( '', *, *, #4700, .T. );
#3613 = ORIENTED_EDGE( '', *, *, #5141, .T. );
#3614 = ORIENTED_EDGE( '', *, *, #5129, .T. );
#3615 = ORIENTED_EDGE( '', *, *, #5205, .F. );
#3616 = ORIENTED_EDGE( '', *, *, #5206, .F. );
#3617 = ORIENTED_EDGE( '', *, *, #5056, .F. );
#3618 = ORIENTED_EDGE( '', *, *, #5207, .F. );
#3619 = ORIENTED_EDGE( '', *, *, #4939, .F. );
#3620 = ORIENTED_EDGE( '', *, *, #5109, .F. );
#3621 = ORIENTED_EDGE( '', *, *, #5106, .F. );
#3622 = ORIENTED_EDGE( '', *, *, #4801, .F. );
#3623 = ORIENTED_EDGE( '', *, *, #4753, .F. );
#3624 = ORIENTED_EDGE( '', *, *, #5208, .F. );
#3625 = ORIENTED_EDGE( '', *, *, #5209, .F. );
#3626 = ORIENTED_EDGE( '', *, *, #5210, .F. );
#3627 = ORIENTED_EDGE( '', *, *, #5211, .F. );
#3628 = ORIENTED_EDGE( '', *, *, #4535, .F. );
#3629 = ORIENTED_EDGE( '', *, *, #5212, .F. );
#3630 = ORIENTED_EDGE( '', *, *, #4804, .F. );
#3631 = ORIENTED_EDGE( '', *, *, #5023, .F. );
#3632 = CARTESIAN_POINT( '', ( -14.3300000000000, -2.95000000000000, -5.20000000000000 ) );
#3633 = DIRECTION( '', ( -5.69134998680055E-017, 1.00000000000000, 0.000000000000000 ) );
#3634 = DIRECTION( '', ( -1.00000000000000, -5.69134998680055E-017, 0.000000000000000 ) );
#3635 = SURFACE_STYLE_FILL_AREA( #5213 );
#3636 = ORIENTED_EDGE( '', *, *, #5121, .F. );
#3637 = ORIENTED_EDGE( '', *, *, #5214, .F. );
#3638 = ORIENTED_EDGE( '', *, *, #5215, .F. );
#3639 = ORIENTED_EDGE( '', *, *, #5133, .F. );
#3640 = ORIENTED_EDGE( '', *, *, #5216, .F. );
#3641 = ORIENTED_EDGE( '', *, *, #5217, .F. );
#3642 = CARTESIAN_POINT( '', ( -19.0500000000000, 0.231944444444443, -5.20000000000000 ) );
#3643 = DIRECTION( '', ( 0.000000000000000, 0.000000000000000, -1.00000000000000 ) );
#3644 = DIRECTION( '', ( -1.00000000000000, 0.000000000000000, 0.000000000000000 ) );
#3645 = SURFACE_STYLE_FILL_AREA( #5218 );
#3646 = ORIENTED_EDGE( '', *, *, #4847, .T. );
#3647 = ORIENTED_EDGE( '', *, *, #5163, .T. );
#3648 = ORIENTED_EDGE( '', *, *, #5219, .T. );
#3649 = ORIENTED_EDGE( '', *, *, #5220, .F. );
#3650 = CARTESIAN_POINT( '', ( -19.5500000000000, -0.350000000000000, -3.50000000000000 ) );
#3651 = DIRECTION( '', ( 0.000000000000000, 0.000000000000000, 1.00000000000000 ) );
#3652 = DIRECTION( '', ( 1.00000000000000, 0.000000000000000, 0.000000000000000 ) );
#3653 = SURFACE_STYLE_FILL_AREA( #5221 );
#3654 = ORIENTED_EDGE( '', *, *, #4828, .F. );
#3655 = ORIENTED_EDGE( '', *, *, #5046, .T. );
#3656 = ORIENTED_EDGE( '', *, *, #5222, .T. );
#3657 = ORIENTED_EDGE( '', *, *, #5096, .F. );
#3658 = CARTESIAN_POINT( '', ( -3.57500000000000, -0.500000000000000, -3.87500000000000 ) );
#3659 = DIRECTION( '', ( 0.000000000000000, 0.000000000000000, -1.00000000000000 ) );
#3660 = DIRECTION( '', ( -1.00000000000000, 0.000000000000000, 0.000000000000000 ) );
#3661 = SURFACE_STYLE_FILL_AREA( #5223 );
#3662 = ORIENTED_EDGE( '', *, *, #5217, .T. );
#3663 = ORIENTED_EDGE( '', *, *, #5224, .F. );
#3664 = ORIENTED_EDGE( '', *, *, #5225, .F. );
#3665 = ORIENTED_EDGE( '', *, *, #5122, .T. );
#3666 = CARTESIAN_POINT( '', ( -20.0500000000000, 1.75000000000000, -2.80000000000000 ) );
#3667 = DIRECTION( '', ( 0.707106781186548, -0.707106781186547, 0.000000000000000 ) );
#3668 = DIRECTION( '', ( 0.707106781186547, 0.707106781186548, 0.000000000000000 ) );
#3669 = SURFACE_STYLE_FILL_AREA( #5226 );
#3670 = ORIENTED_EDGE( '', *, *, #5210, .T. );
#3671 = ORIENTED_EDGE( '', *, *, #5227, .T. );
#3672 = ORIENTED_EDGE( '', *, *, #5228, .T. );
#3673 = ORIENTED_EDGE( '', *, *, #5229, .F. );
#3674 = CARTESIAN_POINT( '', ( -3.21000000000000, 41.8475617738615, 4.70000000000000 ) );
#3675 = DIRECTION( '', ( 0.970142500145332, 0.000000000000000, -0.242535625036332 ) );
#3676 = DIRECTION( '', ( -0.242535625036332, 0.000000000000000, -0.970142500145332 ) );
#3677 = SURFACE_STYLE_FILL_AREA( #5230 );
#3678 = ORIENTED_EDGE( '', *, *, #4913, .T. );
#3679 = ORIENTED_EDGE( '', *, *, #4599, .F. );
#3680 = ORIENTED_EDGE( '', *, *, #5231, .F. );
#3681 = ORIENTED_EDGE( '', *, *, #5172, .T. );
#3682 = CARTESIAN_POINT( '', ( 5.86000000000000, -0.400000000000000, -2.80000000000000 ) );
#3683 = DIRECTION( '', ( -4.06068229395320E-017, 1.00000000000000, 0.000000000000000 ) );
#3684 = DIRECTION( '', ( -1.00000000000000, -4.06068229395320E-017, 0.000000000000000 ) );
#3685 = SURFACE_STYLE_FILL_AREA( #5232 );
#3686 = ORIENTED_EDGE( '', *, *, #4996, .F. );
#3687 = ORIENTED_EDGE( '', *, *, #4954, .F. );
#3688 = ORIENTED_EDGE( '', *, *, #4879, .F. );
#3689 = ORIENTED_EDGE( '', *, *, #5054, .F. );
#3690 = ORIENTED_EDGE( '', *, *, #5233, .F. );
#3691 = ORIENTED_EDGE( '', *, *, #5152, .F. );
#3692 = ORIENTED_EDGE( '', *, *, #4765, .F. );
#3693 = ORIENTED_EDGE( '', *, *, #4770, .F. );
#3694 = CARTESIAN_POINT( '', ( -19.0500000000000, 0.231944444444443, -5.20000000000000 ) );
#3695 = DIRECTION( '', ( 0.000000000000000, 0.000000000000000, -1.00000000000000 ) );
#3696 = DIRECTION( '', ( -1.00000000000000, 0.000000000000000, 0.000000000000000 ) );
#3697 = SURFACE_STYLE_FILL_AREA( #5234 );
#3698 = ORIENTED_EDGE( '', *, *, #5235, .T. );
#3699 = ORIENTED_EDGE( '', *, *, #5114, .F. );
#3700 = ORIENTED_EDGE( '', *, *, #5236, .F. );
#3701 = ORIENTED_EDGE( '', *, *, #5237, .T. );
#3702 = CARTESIAN_POINT( '', ( -4.81000000000000, 1.75000000000000, -2.80000000000000 ) );
#3703 = DIRECTION( '', ( 0.707106781186548, -0.707106781186547, 0.000000000000000 ) );
#3704 = DIRECTION( '', ( 0.707106781186547, 0.707106781186548, 0.000000000000000 ) );
#3705 = SURFACE_STYLE_FILL_AREA( #5238 );
#3706 = ORIENTED_EDGE( '', *, *, #4890, .T. );
#3707 = ORIENTED_EDGE( '', *, *, #4781, .F. );
#3708 = ORIENTED_EDGE( '', *, *, #4705, .F. );
#3709 = ORIENTED_EDGE( '', *, *, #5239, .F. );
#3710 = CARTESIAN_POINT( '', ( -4.57500000000000, -0.500000000000000, 3.12500000000000 ) );
#3711 = DIRECTION( '', ( 0.970142500145332, 0.000000000000000, -0.242535625036333 ) );
#3712 = DIRECTION( '', ( 0.000000000000000, 1.00000000000000, 0.000000000000000 ) );
#3713 = SURFACE_STYLE_FILL_AREA( #5240 );
#3714 = ORIENTED_EDGE( '', *, *, #4732, .T. );
#3715 = ORIENTED_EDGE( '', *, *, #5241, .F. );
#3716 = ORIENTED_EDGE( '', *, *, #5045, .T. );
#3717 = ORIENTED_EDGE( '', *, *, #5242, .F. );
#3718 = CARTESIAN_POINT( '', ( 3.82500000000000, 0.250000000000000, -4.87500000000000 ) );
#3719 = DIRECTION( '', ( -0.242535625036333, -0.970142500145332, 1.05183060627809E-016 ) );
#3720 = DIRECTION( '', ( 4.33680868994202E-016, -2.27200661348475E-031, 1.00000000000000 ) );
#3721 = SURFACE_STYLE_FILL_AREA( #5243 );
#3722 = ORIENTED_EDGE( '', *, *, #5244, .T. );
#3723 = ORIENTED_EDGE( '', *, *, #4930, .F. );
#3724 = ORIENTED_EDGE( '', *, *, #5245, .F. );
#3725 = ORIENTED_EDGE( '', *, *, #5246, .T. );
#3726 = CARTESIAN_POINT( '', ( 11.9800000000000, -1.90000000000000, -2.80000000000000 ) );
#3727 = DIRECTION( '', ( -0.707106781186548, 0.707106781186547, 0.000000000000000 ) );
#3728 = DIRECTION( '', ( -0.707106781186547, -0.707106781186548, 0.000000000000000 ) );
#3729 = SURFACE_STYLE_FILL_AREA( #5247 );
#3730 = ORIENTED_EDGE( '', *, *, #5193, .T. );
#3731 = ORIENTED_EDGE( '', *, *, #5248, .T. );
#3732 = ORIENTED_EDGE( '', *, *, #4904, .T. );
#3733 = ORIENTED_EDGE( '', *, *, #4985, .F. );
#3734 = CARTESIAN_POINT( '', ( 18.4500000000000, 41.8475617738615, 4.70000000000000 ) );
#3735 = DIRECTION( '', ( 0.000000000000000, 0.000000000000000, -1.00000000000000 ) );
#3736 = DIRECTION( '', ( -1.00000000000000, 0.000000000000000, 0.000000000000000 ) );
#3737 = SURFACE_STYLE_FILL_AREA( #5249 );
#3738 = ORIENTED_EDGE( '', *, *, #5063, .F. );
#3739 = ORIENTED_EDGE( '', *, *, #5250, .F. );
#3740 = ORIENTED_EDGE( '', *, *, #4991, .F. );
#3741 = ORIENTED_EDGE( '', *, *, #5251, .F. );
#3742 = ORIENTED_EDGE( '', *, *, #4874, .F. );
#3743 = ORIENTED_EDGE( '', *, *, #5252, .F. );
#3744 = CARTESIAN_POINT( '', ( 19.0500000000000, 0.231944444444443, -5.20000000000000 ) );
#3745 = DIRECTION( '', ( 0.000000000000000, 0.000000000000000, -1.00000000000000 ) );
#3746 = DIRECTION( '', ( -1.00000000000000, 0.000000000000000, 0.000000000000000 ) );
#3747 = SURFACE_STYLE_FILL_AREA( #5253 );
#3748 = ORIENTED_EDGE( '', *, *, #5250, .T. );
#3749 = ORIENTED_EDGE( '', *, *, #5066, .F. );
#3750 = ORIENTED_EDGE( '', *, *, #5254, .F. );
#3751 = ORIENTED_EDGE( '', *, *, #4992, .T. );
#3752 = CARTESIAN_POINT( '', ( 21.1000000000000, 0.700000000000000, -2.80000000000000 ) );
#3753 = DIRECTION( '', ( -0.707106781186548, -0.707106781186547, 0.000000000000000 ) );
#3754 = DIRECTION( '', ( 0.707106781186547, -0.707106781186548, 0.000000000000000 ) );
#3755 = SURFACE_STYLE_FILL_AREA( #5255 );
#3756 = ORIENTED_EDGE( '', *, *, #4857, .F. );
#3757 = ORIENTED_EDGE( '', *, *, #5256, .F. );
#3758 = ORIENTED_EDGE( '', *, *, #4869, .F. );
#3759 = ORIENTED_EDGE( '', *, *, #4816, .T. );
#3760 = ORIENTED_EDGE( '', *, *, #5257, .F. );
#3761 = ORIENTED_EDGE( '', *, *, #5258, .T. );
#3762 = CARTESIAN_POINT( '', ( 10.9300000000000, -0.350000000000000, -47.4975617738615 ) );
#3763 = DIRECTION( '', ( 1.00000000000000, 0.000000000000000, 0.000000000000000 ) );
#3764 = DIRECTION( '', ( 0.000000000000000, 0.000000000000000, -1.00000000000000 ) );
#3765 = SURFACE_STYLE_FILL_AREA( #5259 );
#3766 = ORIENTED_EDGE( '', *, *, #5222, .F. );
#3767 = ORIENTED_EDGE( '', *, *, #5241, .T. );
#3768 = ORIENTED_EDGE( '', *, *, #5119, .F. );
#3769 = ORIENTED_EDGE( '', *, *, #5080, .F. );
#3770 = ORIENTED_EDGE( '', *, *, #5260, .F. );
#3771 = ORIENTED_EDGE( '', *, *, #4704, .T. );
#3772 = ORIENTED_EDGE( '', *, *, #5095, .F. );
#3773 = CARTESIAN_POINT( '', ( -3.82500000000000, 0.500000000000000, -4.12500000000000 ) );
#3774 = DIRECTION( '', ( 0.000000000000000, -1.00000000000000, 0.000000000000000 ) );
#3775 = DIRECTION( '', ( 0.000000000000000, 0.000000000000000, -1.00000000000000 ) );
#3776 = SURFACE_STYLE_FILL_AREA( #5261 );
#3777 = ORIENTED_EDGE( '', *, *, #5262, .F. );
#3778 = ORIENTED_EDGE( '', *, *, #5263, .F. );
#3779 = ORIENTED_EDGE( '', *, *, #4714, .F. );
#3780 = ORIENTED_EDGE( '', *, *, #5161, .T. );
#3781 = CARTESIAN_POINT( '', ( -18.5500000000000, -0.350000000000000, -47.4975161320778 ) );
#3782 = DIRECTION( '', ( 0.000000000000000, 1.00000000000000, 0.000000000000000 ) );
#3783 = DIRECTION( '', ( 0.000000000000000, 0.000000000000000, 1.00000000000000 ) );
#3784 = SURFACE_STYLE_FILL_AREA( #5264 );
#3785 = ORIENTED_EDGE( '', *, *, #4831, .F. );
#3786 = ORIENTED_EDGE( '', *, *, #5239, .T. );
#3787 = ORIENTED_EDGE( '', *, *, #5260, .T. );
#3788 = ORIENTED_EDGE( '', *, *, #5082, .F. );
#3789 = CARTESIAN_POINT( '', ( -4.57500000000000, -0.500000000000000, 4.12500000000000 ) );
#3790 = DIRECTION( '', ( 1.00000000000000, 0.000000000000000, 0.000000000000000 ) );
#3791 = DIRECTION( '', ( 0.000000000000000, 0.000000000000000, -1.00000000000000 ) );
#3792 = SURFACE_STYLE_FILL_AREA( #5265 );
#3793 = ORIENTED_EDGE( '', *, *, #4564, .F. );
#3794 = ORIENTED_EDGE( '', *, *, #4836, .F. );
#3795 = ORIENTED_EDGE( '', *, *, #5187, .T. );
#3796 = ORIENTED_EDGE( '', *, *, #4681, .T. );
#3797 = ORIENTED_EDGE( '', *, *, #5266, .T. );
#3798 = ORIENTED_EDGE( '', *, *, #4971, .F. );
#3799 = CARTESIAN_POINT( '', ( -9.95500000000000, -2.65000000000000, -6.00000000000000 ) );
#3800 = DIRECTION( '', ( 1.00000000000000, 0.000000000000000, 0.000000000000000 ) );
#3801 = DIRECTION( '', ( 0.000000000000000, 0.000000000000000, -1.00000000000000 ) );
#3802 = SURFACE_STYLE_FILL_AREA( #5267 );
#3803 = ORIENTED_EDGE( '', *, *, #5268, .F. );
#3804 = ORIENTED_EDGE( '', *, *, #5147, .F. );
#3805 = ORIENTED_EDGE( '', *, *, #5017, .T. );
#3806 = ORIENTED_EDGE( '', *, *, #4735, .T. );
#3807 = ORIENTED_EDGE( '', *, *, #5169, .F. );
#3808 = ORIENTED_EDGE( '', *, *, #5269, .T. );
#3809 = CARTESIAN_POINT( '', ( 18.5500000000000, -0.350000000000000, -47.4975617738615 ) );
#3810 = DIRECTION( '', ( 1.00000000000000, 0.000000000000000, 0.000000000000000 ) );
#3811 = DIRECTION( '', ( 0.000000000000000, 0.000000000000000, -1.00000000000000 ) );
#3812 = SURFACE_STYLE_FILL_AREA( #5270 );
#3813 = ORIENTED_EDGE( '', *, *, #5000, .F. );
#3814 = ORIENTED_EDGE( '', *, *, #5271, .T. );
#3815 = ORIENTED_EDGE( '', *, *, #5098, .T. );
#3816 = ORIENTED_EDGE( '', *, *, #5007, .F. );
#3817 = ORIENTED_EDGE( '', *, *, #4630, .T. );
#3818 = ORIENTED_EDGE( '', *, *, #4758, .F. );
#3819 = CARTESIAN_POINT( '', ( -3.31000000000000, 0.650000000000000, -47.4975617738615 ) );
#3820 = DIRECTION( '', ( -1.00000000000000, 0.000000000000000, 0.000000000000000 ) );
#3821 = DIRECTION( '', ( 0.000000000000000, 0.000000000000000, 1.00000000000000 ) );
#3822 = SURFACE_STYLE_FILL_AREA( #5272 );
#3823 = ORIENTED_EDGE( '', *, *, #5030, .F. );
#3824 = ORIENTED_EDGE( '', *, *, #4952, .F. );
#3825 = ORIENTED_EDGE( '', *, *, #5003, .T. );
#3826 = ORIENTED_EDGE( '', *, *, #5273, .T. );
#3827 = CARTESIAN_POINT( '', ( 5.96000000000000, 2.35000000000000, -5.20000000000000 ) );
#3828 = DIRECTION( '', ( -3.37494839684204E-016, -1.00000000000000, 0.000000000000000 ) );
#3829 = DIRECTION( '', ( 1.00000000000000, -3.37494839684204E-016, 0.000000000000000 ) );
#3830 = SURFACE_STYLE_FILL_AREA( #5274 );
#3831 = ORIENTED_EDGE( '', *, *, #5149, .T. );
#3832 = ORIENTED_EDGE( '', *, *, #5275, .T. );
#3833 = ORIENTED_EDGE( '', *, *, #5276, .T. );
#3834 = ORIENTED_EDGE( '', *, *, #5145, .T. );
#3835 = ORIENTED_EDGE( '', *, *, #5268, .T. );
#3836 = CARTESIAN_POINT( '', ( 19.0500000000000, 0.150000000000000, -1.20000000000000 ) );
#3837 = DIRECTION( '', ( 0.000000000000000, 0.000000000000000, -1.00000000000000 ) );
#3838 = DIRECTION( '', ( -1.00000000000000, 0.000000000000000, 0.000000000000000 ) );
#3839 = SURFACE_STYLE_FILL_AREA( #5277 );
#3840 = ORIENTED_EDGE( '', *, *, #4537, .F. );
#3841 = ORIENTED_EDGE( '', *, *, #5278, .T. );
#3842 = ORIENTED_EDGE( '', *, *, #5228, .F. );
#3843 = ORIENTED_EDGE( '', *, *, #4907, .F. );
#3844 = CARTESIAN_POINT( '', ( 21.9500000000000, -4.45000000000000, 4.70000000000000 ) );
#3845 = DIRECTION( '', ( 0.000000000000000, -0.955779008721950, 0.294085848837523 ) );
#3846 = DIRECTION( '', ( 0.000000000000000, -0.294085848837523, -0.955779008721950 ) );
#3847 = SURFACE_STYLE_FILL_AREA( #5279 );
#3848 = ORIENTED_EDGE( '', *, *, #4915, .T. );
#3849 = ORIENTED_EDGE( '', *, *, #5174, .F. );
#3850 = ORIENTED_EDGE( '', *, *, #5280, .F. );
#3851 = ORIENTED_EDGE( '', *, *, #5199, .T. );
#3852 = CARTESIAN_POINT( '', ( 4.36000000000000, -2.95000000000000, -2.80000000000000 ) );
#3853 = DIRECTION( '', ( -1.00000000000000, 0.000000000000000, 0.000000000000000 ) );
#3854 = DIRECTION( '', ( 0.000000000000000, 0.000000000000000, 1.00000000000000 ) );
#3855 = SURFACE_STYLE_FILL_AREA( #5281 );
#3856 = ORIENTED_EDGE( '', *, *, #4974, .F. );
#3857 = ORIENTED_EDGE( '', *, *, #4744, .F. );
#3858 = ORIENTED_EDGE( '', *, *, #5282, .F. );
#3859 = ORIENTED_EDGE( '', *, *, #5283, .F. );
#3860 = CARTESIAN_POINT( '', ( -19.0500000000000, 3.85000000000000, -2.60000000000000 ) );
#3861 = DIRECTION( '', ( 0.000000000000000, -1.14543451244288E-015, -1.00000000000000 ) );
#3862 = DIRECTION( '', ( 0.000000000000000, 1.00000000000000, -1.14543451244288E-015 ) );
#3863 = SURFACE_STYLE_FILL_AREA( #5284 );
#3864 = ORIENTED_EDGE( '', *, *, #4868, .F. );
#3865 = ORIENTED_EDGE( '', *, *, #4776, .F. );
#3866 = ORIENTED_EDGE( '', *, *, #4546, .T. );
#3867 = ORIENTED_EDGE( '', *, *, #4966, .T. );
#3868 = ORIENTED_EDGE( '', *, *, #5177, .T. );
#3869 = ORIENTED_EDGE( '', *, *, #4818, .F. );
#3870 = CARTESIAN_POINT( '', ( 9.95500000000000, -2.65000000000000, -5.60000000000000 ) );
#3871 = DIRECTION( '', ( -1.00000000000000, 0.000000000000000, 0.000000000000000 ) );
#3872 = DIRECTION( '', ( 0.000000000000000, 0.000000000000000, 1.00000000000000 ) );
#3873 = SURFACE_STYLE_FILL_AREA( #5285 );
#3874 = ORIENTED_EDGE( '', *, *, #4571, .T. );
#3875 = ORIENTED_EDGE( '', *, *, #4586, .T. );
#3876 = ORIENTED_EDGE( '', *, *, #5286, .T. );
#3877 = ORIENTED_EDGE( '', *, *, #5287, .T. );
#3878 = CARTESIAN_POINT( '', ( 3.81000000000000, -2.65000000000000, -5.80000000000000 ) );
#3879 = DIRECTION( '', ( 0.000000000000000, -1.00000000000000, 1.08420217248551E-015 ) );
#3880 = DIRECTION( '', ( 0.000000000000000, -1.08420217248551E-015, -1.00000000000000 ) );
#3881 = SURFACE_STYLE_FILL_AREA( #5288 );
#3882 = ORIENTED_EDGE( '', *, *, #5074, .T. );
#3883 = ORIENTED_EDGE( '', *, *, #5289, .T. );
#3884 = ORIENTED_EDGE( '', *, *, #5032, .F. );
#3885 = ORIENTED_EDGE( '', *, *, #5290, .F. );
#3886 = CARTESIAN_POINT( '', ( 14.3300000000000, 2.35000000000000, -5.20000000000000 ) );
#3887 = DIRECTION( '', ( 3.37494839684204E-016, -1.00000000000000, 0.000000000000000 ) );
#3888 = DIRECTION( '', ( 1.00000000000000, 3.37494839684204E-016, 0.000000000000000 ) );
#3889 = SURFACE_STYLE_FILL_AREA( #5291 );
#3890 = ORIENTED_EDGE( '', *, *, #4709, .T. );
#3891 = ORIENTED_EDGE( '', *, *, #5292, .F. );
#3892 = ORIENTED_EDGE( '', *, *, #5219, .F. );
#3893 = ORIENTED_EDGE( '', *, *, #5162, .F. );
#3894 = ORIENTED_EDGE( '', *, *, #4712, .T. );
#3895 = ORIENTED_EDGE( '', *, *, #5293, .T. );
#3896 = ORIENTED_EDGE( '', *, *, #5282, .T. );
#3897 = ORIENTED_EDGE( '', *, *, #4743, .F. );
#3898 = CARTESIAN_POINT( '', ( -17.5750000000000, 3.65000000000000, -6.00000000000000 ) );
#3899 = DIRECTION( '', ( 0.000000000000000, -1.00000000000000, 0.000000000000000 ) );
#3900 = DIRECTION( '', ( 0.000000000000000, 0.000000000000000, -1.00000000000000 ) );
#3901 = SURFACE_STYLE_FILL_AREA( #5294 );
#3902 = ORIENTED_EDGE( '', *, *, #5295, .F. );
#3903 = ORIENTED_EDGE( '', *, *, #5050, .F. );
#3904 = ORIENTED_EDGE( '', *, *, #5041, .F. );
#3905 = ORIENTED_EDGE( '', *, *, #4789, .F. );
#3906 = ORIENTED_EDGE( '', *, *, #4946, .F. );
#3907 = ORIENTED_EDGE( '', *, *, #5296, .F. );
#3908 = ORIENTED_EDGE( '', *, *, #5111, .F. );
#3909 = ORIENTED_EDGE( '', *, *, #5235, .F. );
#3910 = CARTESIAN_POINT( '', ( -19.0500000000000, 0.231944444444443, -5.20000000000000 ) );
#3911 = DIRECTION( '', ( 0.000000000000000, 0.000000000000000, -1.00000000000000 ) );
#3912 = DIRECTION( '', ( -1.00000000000000, 0.000000000000000, 0.000000000000000 ) );
#3913 = SURFACE_STYLE_FILL_AREA( #5297 );
#3914 = ORIENTED_EDGE( '', *, *, #4548, .F. );
#3915 = ORIENTED_EDGE( '', *, *, #4778, .F. );
#3916 = ORIENTED_EDGE( '', *, *, #4867, .T. );
#3917 = ORIENTED_EDGE( '', *, *, #4820, .T. );
#3918 = ORIENTED_EDGE( '', *, *, #5176, .T. );
#3919 = ORIENTED_EDGE( '', *, *, #4964, .F. );
#3920 = CARTESIAN_POINT( '', ( 12.9050000000000, -2.65000000000000, -6.00000000000000 ) );
#3921 = DIRECTION( '', ( 1.00000000000000, 0.000000000000000, 0.000000000000000 ) );
#3922 = DIRECTION( '', ( 0.000000000000000, 0.000000000000000, -1.00000000000000 ) );
#3923 = SURFACE_STYLE_FILL_AREA( #5298 );
#3924 = ORIENTED_EDGE( '', *, *, #4733, .T. );
#3925 = ORIENTED_EDGE( '', *, *, #5242, .T. );
#3926 = ORIENTED_EDGE( '', *, *, #5044, .T. );
#3927 = ORIENTED_EDGE( '', *, *, #4899, .T. );
#3928 = CARTESIAN_POINT( '', ( 3.82500000000000, -0.500000000000000, -4.87500000000000 ) );
#3929 = DIRECTION( '', ( -1.00000000000000, 0.000000000000000, 4.33680868994202E-016 ) );
#3930 = DIRECTION( '', ( 4.33680868994202E-016, 0.000000000000000, 1.00000000000000 ) );
#3931 = SURFACE_STYLE_FILL_AREA( #5299 );
#3932 = ORIENTED_EDGE( '', *, *, #4567, .T. );
#3933 = ORIENTED_EDGE( '', *, *, #5300, .T. );
#3934 = ORIENTED_EDGE( '', *, *, #5009, .T. );
#3935 = ORIENTED_EDGE( '', *, *, #4721, .T. );
#3936 = CARTESIAN_POINT( '', ( -3.81000000000000, -2.65000000000000, -5.80000000000000 ) );
#3937 = DIRECTION( '', ( 0.000000000000000, -1.00000000000000, 1.08420217248551E-015 ) );
#3938 = DIRECTION( '', ( 0.000000000000000, -1.08420217248551E-015, -1.00000000000000 ) );
#3939 = SURFACE_STYLE_FILL_AREA( #5301 );
#3940 = ORIENTED_EDGE( '', *, *, #4979, .T. );
#3941 = ORIENTED_EDGE( '', *, *, #5302, .F. );
#3942 = ORIENTED_EDGE( '', *, *, #5303, .F. );
#3943 = ORIENTED_EDGE( '', *, *, #5304, .T. );
#3944 = CARTESIAN_POINT( '', ( -10.8800000000000, -1.90000000000000, -2.80000000000000 ) );
#3945 = DIRECTION( '', ( -0.707106781186548, 0.707106781186547, 0.000000000000000 ) );
#3946 = DIRECTION( '', ( -0.707106781186547, -0.707106781186548, 0.000000000000000 ) );
#3947 = SURFACE_STYLE_FILL_AREA( #5305 );
#3948 = ORIENTED_EDGE( '', *, *, #5150, .T. );
#3949 = ORIENTED_EDGE( '', *, *, #5306, .T. );
#3950 = CARTESIAN_POINT( '', ( 19.0500000000000, 0.150000000000000, -1.20000000000000 ) );
#3951 = DIRECTION( '', ( -0.000000000000000, -0.000000000000000, 1.00000000000000 ) );
#3952 = DIRECTION( '', ( -1.00000000000000, 0.000000000000000, 0.000000000000000 ) );
#3953 = SURFACE_STYLE_FILL_AREA( #5307 );
#3954 = ORIENTED_EDGE( '', *, *, #4999, .T. );
#3955 = ORIENTED_EDGE( '', *, *, #4884, .T. );
#3956 = ORIENTED_EDGE( '', *, *, #5099, .T. );
#3957 = ORIENTED_EDGE( '', *, *, #5271, .F. );
#3958 = CARTESIAN_POINT( '', ( -4.31000000000000, -0.350000000000000, -3.50000000000000 ) );
#3959 = DIRECTION( '', ( 0.000000000000000, 0.000000000000000, 1.00000000000000 ) );
#3960 = DIRECTION( '', ( 1.00000000000000, 0.000000000000000, 0.000000000000000 ) );
#3961 = SURFACE_STYLE_FILL_AREA( #5308 );
#3962 = ORIENTED_EDGE( '', *, *, #5126, .T. );
#3963 = ORIENTED_EDGE( '', *, *, #4616, .F. );
#3964 = ORIENTED_EDGE( '', *, *, #5309, .F. );
#3965 = ORIENTED_EDGE( '', *, *, #5286, .F. );
#3966 = ORIENTED_EDGE( '', *, *, #4585, .T. );
#3967 = ORIENTED_EDGE( '', *, *, #4620, .F. );
#3968 = ORIENTED_EDGE( '', *, *, #4844, .T. );
#3969 = ORIENTED_EDGE( '', *, *, #5117, .T. );
#3970 = CARTESIAN_POINT( '', ( 5.28500000000000, -2.65000000000000, -5.60000000000000 ) );
#3971 = DIRECTION( '', ( 0.000000000000000, 0.000000000000000, 1.00000000000000 ) );
#3972 = DIRECTION( '', ( 1.00000000000000, 0.000000000000000, 0.000000000000000 ) );
#3973 = SURFACE_STYLE_FILL_AREA( #5310 );
#3974 = ORIENTED_EDGE( '', *, *, #5068, .F. );
#3975 = ORIENTED_EDGE( '', *, *, #4795, .T. );
#3976 = ORIENTED_EDGE( '', *, *, #4854, .F. );
#3977 = ORIENTED_EDGE( '', *, *, #5311, .F. );
#3978 = CARTESIAN_POINT( '', ( -11.9300000000000, 0.650000000000000, -47.4975617738615 ) );
#3979 = DIRECTION( '', ( 0.000000000000000, -1.00000000000000, 0.000000000000000 ) );
#3980 = DIRECTION( '', ( 0.000000000000000, 0.000000000000000, -1.00000000000000 ) );
#3981 = SURFACE_STYLE_FILL_AREA( #5312 );
#3982 = ORIENTED_EDGE( '', *, *, #5168, .F. );
#3983 = ORIENTED_EDGE( '', *, *, #5313, .T. );
#3984 = ORIENTED_EDGE( '', *, *, #5275, .F. );
#3985 = ORIENTED_EDGE( '', *, *, #5269, .F. );
#3986 = CARTESIAN_POINT( '', ( 18.5500000000000, 0.650000000000000, -47.4975617738615 ) );
#3987 = DIRECTION( '', ( 0.000000000000000, -1.00000000000000, 0.000000000000000 ) );
#3988 = DIRECTION( '', ( 0.000000000000000, 0.000000000000000, -1.00000000000000 ) );
#3989 = SURFACE_STYLE_FILL_AREA( #5314 );
#3990 = ORIENTED_EDGE( '', *, *, #5192, .T. );
#3991 = ORIENTED_EDGE( '', *, *, #5315, .T. );
#3992 = ORIENTED_EDGE( '', *, *, #4718, .T. );
#3993 = ORIENTED_EDGE( '', *, *, #5248, .F. );
#3994 = CARTESIAN_POINT( '', ( 18.1250000000000, 41.8475617738615, 6.00000000000000 ) );
#3995 = DIRECTION( '', ( -0.970142500145332, 0.000000000000000, -0.242535625036332 ) );
#3996 = DIRECTION( '', ( -0.242535625036332, 0.000000000000000, 0.970142500145332 ) );
#3997 = SURFACE_STYLE_FILL_AREA( #5316 );
#3998 = ORIENTED_EDGE( '', *, *, #4986, .F. );
#3999 = ORIENTED_EDGE( '', *, *, #4903, .F. );
#4000 = ORIENTED_EDGE( '', *, *, #5317, .T. );
#4001 = ORIENTED_EDGE( '', *, *, #4581, .T. );
#4002 = CARTESIAN_POINT( '', ( 21.9500000000000, -4.45000000000000, 4.70000000000000 ) );
#4003 = DIRECTION( '', ( 0.000000000000000, -0.955779008721950, 0.294085848837523 ) );
#4004 = DIRECTION( '', ( 0.000000000000000, -0.294085848837523, -0.955779008721950 ) );
#4005 = SURFACE_STYLE_FILL_AREA( #5318 );
#4006 = ORIENTED_EDGE( '', *, *, #5208, .T. );
#4007 = ORIENTED_EDGE( '', *, *, #4752, .T. );
#4008 = ORIENTED_EDGE( '', *, *, #4601, .T. );
#4009 = ORIENTED_EDGE( '', *, *, #5319, .F. );
#4010 = CARTESIAN_POINT( '', ( -4.73500000000000, 41.8475617738615, 6.00000000000000 ) );
#4011 = DIRECTION( '', ( -0.970142500145332, 0.000000000000000, -0.242535625036332 ) );
#4012 = DIRECTION( '', ( -0.242535625036332, 0.000000000000000, 0.970142500145332 ) );
#4013 = SURFACE_STYLE_FILL_AREA( #5320 );
#4014 = ORIENTED_EDGE( '', *, *, #5290, .T. );
#4015 = ORIENTED_EDGE( '', *, *, #5031, .F. );
#4016 = ORIENTED_EDGE( '', *, *, #5273, .F. );
#4017 = ORIENTED_EDGE( '', *, *, #5002, .T. );
#4018 = ORIENTED_EDGE( '', *, *, #4594, .F. );
#4019 = ORIENTED_EDGE( '', *, *, #5321, .F. );
#4020 = ORIENTED_EDGE( '', *, *, #5322, .T. );
#4021 = ORIENTED_EDGE( '', *, *, #5075, .T. );
#4022 = CARTESIAN_POINT( '', ( 11.4300000000000, 0.231944444444443, -5.20000000000000 ) );
#4023 = DIRECTION( '', ( -0.000000000000000, -0.000000000000000, -1.00000000000000 ) );
#4024 = DIRECTION( '', ( 1.00000000000000, 0.000000000000000, 0.000000000000000 ) );
#4025 = SURFACE_STYLE_FILL_AREA( #5323 );
#4026 = ORIENTED_EDGE( '', *, *, #5295, .T. );
#4027 = ORIENTED_EDGE( '', *, *, #5237, .F. );
#4028 = ORIENTED_EDGE( '', *, *, #5324, .F. );
#4029 = ORIENTED_EDGE( '', *, *, #5051, .T. );
#4030 = CARTESIAN_POINT( '', ( -4.81000000000000, 3.07951522256740, -2.80000000000000 ) );
#4031 = DIRECTION( '', ( 1.00000000000000, 0.000000000000000, 0.000000000000000 ) );
#4032 = DIRECTION( '', ( 0.000000000000000, 0.000000000000000, -1.00000000000000 ) );
#4033 = SURFACE_STYLE_FILL_AREA( #5325 );
#4034 = ORIENTED_EDGE( '', *, *, #5326, .T. );
#4035 = ORIENTED_EDGE( '', *, *, #4719, .F. );
#4036 = ORIENTED_EDGE( '', *, *, #5315, .F. );
#4037 = ORIENTED_EDGE( '', *, *, #5191, .T. );
#4038 = CARTESIAN_POINT( '', ( 21.9500000000000, -4.05000000000000, 6.00000000000000 ) );
#4039 = DIRECTION( '', ( 0.000000000000000, 0.000000000000000, 1.00000000000000 ) );
#4040 = DIRECTION( '', ( 1.00000000000000, 0.000000000000000, 0.000000000000000 ) );
#4041 = SURFACE_STYLE_FILL_AREA( #5327 );
#4042 = ORIENTED_EDGE( '', *, *, #4737, .T. );
#4043 = ORIENTED_EDGE( '', *, *, #5020, .T. );
#4044 = ORIENTED_EDGE( '', *, *, #4919, .F. );
#4045 = ORIENTED_EDGE( '', *, *, #4550, .F. );
#4046 = ORIENTED_EDGE( '', *, *, #4963, .F. );
#4047 = ORIENTED_EDGE( '', *, *, #5078, .T. );
#4048 = CARTESIAN_POINT( '', ( 17.5750000000000, 3.65000000000000, -2.60000000000000 ) );
#4049 = DIRECTION( '', ( 1.00000000000000, 0.000000000000000, 0.000000000000000 ) );
#4050 = DIRECTION( '', ( 0.000000000000000, 0.000000000000000, -1.00000000000000 ) );
#4051 = SURFACE_STYLE_FILL_AREA( #5328 );
#4052 = ORIENTED_EDGE( '', *, *, #5233, .T. );
#4053 = ORIENTED_EDGE( '', *, *, #5053, .F. );
#4054 = ORIENTED_EDGE( '', *, *, #5329, .F. );
#4055 = ORIENTED_EDGE( '', *, *, #5153, .T. );
#4056 = CARTESIAN_POINT( '', ( -2.81000000000000, 1.75000000000000, -2.80000000000000 ) );
#4057 = DIRECTION( '', ( -1.00000000000000, 0.000000000000000, 0.000000000000000 ) );
#4058 = DIRECTION( '', ( 0.000000000000000, 0.000000000000000, 1.00000000000000 ) );
#4059 = SURFACE_STYLE_FILL_AREA( #5330 );
#4060 = ORIENTED_EDGE( '', *, *, #4950, .T. );
#4061 = ORIENTED_EDGE( '', *, *, #5331, .T. );
#4062 = CARTESIAN_POINT( '', ( -11.4300000000000, 0.150000000000000, -1.20000000000000 ) );
#4063 = DIRECTION( '', ( -0.000000000000000, -0.000000000000000, 1.00000000000000 ) );
#4064 = DIRECTION( '', ( -1.00000000000000, 0.000000000000000, 0.000000000000000 ) );
#4065 = SURFACE_STYLE_FILL_AREA( #5332 );
#4066 = ORIENTED_EDGE( '', *, *, #5010, .F. );
#4067 = ORIENTED_EDGE( '', *, *, #5300, .F. );
#4068 = ORIENTED_EDGE( '', *, *, #4566, .T. );
#4069 = ORIENTED_EDGE( '', *, *, #4970, .T. );
#4070 = ORIENTED_EDGE( '', *, *, #5333, .T. );
#4071 = ORIENTED_EDGE( '', *, *, #5100, .F. );
#4072 = CARTESIAN_POINT( '', ( -5.28500000000000, -2.65000000000000, -5.60000000000000 ) );
#4073 = DIRECTION( '', ( -1.00000000000000, 0.000000000000000, 0.000000000000000 ) );
#4074 = DIRECTION( '', ( 0.000000000000000, 0.000000000000000, 1.00000000000000 ) );
#4075 = SURFACE_STYLE_FILL_AREA( #5334 );
#4076 = ORIENTED_EDGE( '', *, *, #5156, .T. );
#4077 = ORIENTED_EDGE( '', *, *, #5185, .F. );
#4078 = ORIENTED_EDGE( '', *, *, #5335, .F. );
#4079 = ORIENTED_EDGE( '', *, *, #5037, .T. );
#4080 = CARTESIAN_POINT( '', ( -13.4800000000000, -0.400000000000000, -2.80000000000000 ) );
#4081 = DIRECTION( '', ( 0.707106781186548, 0.707106781186547, 0.000000000000000 ) );
#4082 = DIRECTION( '', ( -0.707106781186547, 0.707106781186548, 0.000000000000000 ) );
#4083 = SURFACE_STYLE_FILL_AREA( #5336 );
#4084 = ORIENTED_EDGE( '', *, *, #4978, .T. );
#4085 = ORIENTED_EDGE( '', *, *, #5337, .F. );
#4086 = ORIENTED_EDGE( '', *, *, #5338, .F. );
#4087 = ORIENTED_EDGE( '', *, *, #5302, .T. );
#4088 = CARTESIAN_POINT( '', ( -9.38000000000000, -0.400000000000000, -2.80000000000000 ) );
#4089 = DIRECTION( '', ( -4.06068229395320E-017, 1.00000000000000, 0.000000000000000 ) );
#4090 = DIRECTION( '', ( -1.00000000000000, -4.06068229395320E-017, 0.000000000000000 ) );
#4091 = SURFACE_STYLE_FILL_AREA( #5339 );
#4092 = ORIENTED_EDGE( '', *, *, #5190, .T. );
#4093 = ORIENTED_EDGE( '', *, *, #4936, .T. );
#4094 = ORIENTED_EDGE( '', *, *, #4716, .T. );
#4095 = ORIENTED_EDGE( '', *, *, #5326, .F. );
#4096 = CARTESIAN_POINT( '', ( 12.0300000000000, 41.8475617738615, 4.70000000000000 ) );
#4097 = DIRECTION( '', ( 0.970142500145332, 0.000000000000000, -0.242535625036332 ) );
#4098 = DIRECTION( '', ( -0.242535625036332, 0.000000000000000, -0.970142500145332 ) );
#4099 = SURFACE_STYLE_FILL_AREA( #5340 );
#4100 = ORIENTED_EDGE( '', *, *, #5135, .F. );
#4101 = ORIENTED_EDGE( '', *, *, #4555, .F. );
#4102 = ORIENTED_EDGE( '', *, *, #5341, .T. );
#4103 = ORIENTED_EDGE( '', *, *, #4839, .T. );
#4104 = CARTESIAN_POINT( '', ( 21.9500000000000, -4.05000000000000, -6.00000000000000 ) );
#4105 = DIRECTION( '', ( 0.000000000000000, -1.00000000000000, 6.74614685102092E-016 ) );
#4106 = DIRECTION( '', ( 0.000000000000000, -6.74614685102092E-016, -1.00000000000000 ) );
#4107 = SURFACE_STYLE_FILL_AREA( #5342 );
#4108 = ORIENTED_EDGE( '', *, *, #5343, .T. );
#4109 = ORIENTED_EDGE( '', *, *, #5246, .F. );
#4110 = ORIENTED_EDGE( '', *, *, #5344, .F. );
#4111 = ORIENTED_EDGE( '', *, *, #5197, .T. );
#4112 = CARTESIAN_POINT( '', ( 11.9800000000000, -2.95000000000000, -2.80000000000000 ) );
#4113 = DIRECTION( '', ( -1.00000000000000, 0.000000000000000, 0.000000000000000 ) );
#4114 = DIRECTION( '', ( 0.000000000000000, 0.000000000000000, 1.00000000000000 ) );
#4115 = SURFACE_STYLE_FILL_AREA( #5345 );
#4116 = ORIENTED_EDGE( '', *, *, #4711, .F. );
#4117 = ORIENTED_EDGE( '', *, *, #4643, .F. );
#4118 = ORIENTED_EDGE( '', *, *, #4558, .T. );
#4119 = ORIENTED_EDGE( '', *, *, #4975, .T. );
#4120 = ORIENTED_EDGE( '', *, *, #5283, .T. );
#4121 = ORIENTED_EDGE( '', *, *, #5293, .F. );
#4122 = CARTESIAN_POINT( '', ( -20.5250000000000, -2.65000000000000, -5.60000000000000 ) );
#4123 = DIRECTION( '', ( -1.00000000000000, 0.000000000000000, 0.000000000000000 ) );
#4124 = DIRECTION( '', ( 0.000000000000000, 0.000000000000000, 1.00000000000000 ) );
#4125 = SURFACE_STYLE_FILL_AREA( #5346 );
#4126 = ORIENTED_EDGE( '', *, *, #4969, .F. );
#4127 = ORIENTED_EDGE( '', *, *, #4724, .F. );
#4128 = ORIENTED_EDGE( '', *, *, #5101, .F. );
#4129 = ORIENTED_EDGE( '', *, *, #5333, .F. );
#4130 = CARTESIAN_POINT( '', ( -3.81000000000000, 3.85000000000000, -2.60000000000000 ) );
#4131 = DIRECTION( '', ( 0.000000000000000, -1.14543451244288E-015, -1.00000000000000 ) );
#4132 = DIRECTION( '', ( 0.000000000000000, 1.00000000000000, -1.14543451244288E-015 ) );
#4133 = SURFACE_STYLE_FILL_AREA( #5347 );
#4134 = ORIENTED_EDGE( '', *, *, #5071, .T. );
#4135 = ORIENTED_EDGE( '', *, *, #5348, .F. );
#4136 = ORIENTED_EDGE( '', *, *, #5349, .F. );
#4137 = ORIENTED_EDGE( '', *, *, #4648, .T. );
#4138 = CARTESIAN_POINT( '', ( 13.4800000000000, 0.700000000000000, -2.80000000000000 ) );
#4139 = DIRECTION( '', ( -0.707106781186548, -0.707106781186547, 0.000000000000000 ) );
#4140 = DIRECTION( '', ( 0.707106781186547, -0.707106781186548, 0.000000000000000 ) );
#4141 = SURFACE_STYLE_FILL_AREA( #5350 );
#4142 = ORIENTED_EDGE( '', *, *, #4977, .T. );
#4143 = ORIENTED_EDGE( '', *, *, #5181, .F. );
#4144 = ORIENTED_EDGE( '', *, *, #5351, .F. );
#4145 = ORIENTED_EDGE( '', *, *, #5337, .T. );
#4146 = CARTESIAN_POINT( '', ( -5.86000000000000, -0.400000000000000, -2.80000000000000 ) );
#4147 = DIRECTION( '', ( 0.707106781186548, 0.707106781186547, 0.000000000000000 ) );
#4148 = DIRECTION( '', ( -0.707106781186547, 0.707106781186548, 0.000000000000000 ) );
#4149 = SURFACE_STYLE_FILL_AREA( #5352 );
#4150 = ORIENTED_EDGE( '', *, *, #4972, .F. );
#4151 = ORIENTED_EDGE( '', *, *, #5266, .F. );
#4152 = ORIENTED_EDGE( '', *, *, #4680, .F. );
#4153 = ORIENTED_EDGE( '', *, *, #5166, .F. );
#4154 = CARTESIAN_POINT( '', ( -11.4300000000000, 3.85000000000000, -2.60000000000000 ) );
#4155 = DIRECTION( '', ( 0.000000000000000, -1.14543451244288E-015, -1.00000000000000 ) );
#4156 = DIRECTION( '', ( 0.000000000000000, 1.00000000000000, -1.14543451244288E-015 ) );
#4157 = SURFACE_STYLE_FILL_AREA( #5353 );
#4158 = ORIENTED_EDGE( '', *, *, #4652, .T. );
#4159 = ORIENTED_EDGE( '', *, *, #5160, .T. );
#4160 = ORIENTED_EDGE( '', *, *, #4849, .T. );
#4161 = ORIENTED_EDGE( '', *, *, #5354, .T. );
#4162 = ORIENTED_EDGE( '', *, *, #5262, .T. );
#4163 = CARTESIAN_POINT( '', ( -19.0500000000000, 0.150000000000000, -1.20000000000000 ) );
#4164 = DIRECTION( '', ( 0.000000000000000, 0.000000000000000, -1.00000000000000 ) );
#4165 = DIRECTION( '', ( -1.00000000000000, 0.000000000000000, 0.000000000000000 ) );
#4166 = SURFACE_STYLE_FILL_AREA( #5355 );
#4167 = ORIENTED_EDGE( '', *, *, #4873, .T. );
#4168 = ORIENTED_EDGE( '', *, *, #5033, .F. );
#4169 = ORIENTED_EDGE( '', *, *, #5289, .F. );
#4170 = ORIENTED_EDGE( '', *, *, #5073, .T. );
#4171 = ORIENTED_EDGE( '', *, *, #5356, .F. );
#4172 = ORIENTED_EDGE( '', *, *, #5357, .F. );
#4173 = ORIENTED_EDGE( '', *, *, #5064, .T. );
#4174 = ORIENTED_EDGE( '', *, *, #5252, .T. );
#4175 = CARTESIAN_POINT( '', ( 19.0500000000000, 0.231944444444443, -5.20000000000000 ) );
#4176 = DIRECTION( '', ( -0.000000000000000, -0.000000000000000, -1.00000000000000 ) );
#4177 = DIRECTION( '', ( 1.00000000000000, 0.000000000000000, 0.000000000000000 ) );
#4178 = SURFACE_STYLE_FILL_AREA( #5358 );
#4179 = ORIENTED_EDGE( '', *, *, #5216, .T. );
#4180 = ORIENTED_EDGE( '', *, *, #5132, .F. );
#4181 = ORIENTED_EDGE( '', *, *, #5359, .F. );
#4182 = ORIENTED_EDGE( '', *, *, #5224, .T. );
#4183 = CARTESIAN_POINT( '', ( -21.1000000000000, 0.700000000000000, -2.80000000000000 ) );
#4184 = DIRECTION( '', ( 1.27553196763000E-016, -1.00000000000000, 0.000000000000000 ) );
#4185 = DIRECTION( '', ( 1.00000000000000, 1.27553196763000E-016, 0.000000000000000 ) );
#4186 = SURFACE_STYLE_FILL_AREA( #5360 );
#4187 = ORIENTED_EDGE( '', *, *, #4968, .F. );
#4188 = ORIENTED_EDGE( '', *, *, #5361, .F. );
#4189 = ORIENTED_EDGE( '', *, *, #4621, .F. );
#4190 = ORIENTED_EDGE( '', *, *, #4588, .F. );
#4191 = CARTESIAN_POINT( '', ( 3.81000000000000, 3.85000000000000, -2.60000000000000 ) );
#4192 = DIRECTION( '', ( 0.000000000000000, -1.14543451244288E-015, -1.00000000000000 ) );
#4193 = DIRECTION( '', ( 0.000000000000000, 1.00000000000000, -1.14543451244288E-015 ) );
#4194 = SURFACE_STYLE_FILL_AREA( #5362 );
#4195 = ORIENTED_EDGE( '', *, *, #5005, .T. );
#4196 = ORIENTED_EDGE( '', *, *, #4609, .F. );
#4197 = ORIENTED_EDGE( '', *, *, #5363, .F. );
#4198 = ORIENTED_EDGE( '', *, *, #4592, .T. );
#4199 = CARTESIAN_POINT( '', ( 10.4300000000000, 1.75000000000000, -2.80000000000000 ) );
#4200 = DIRECTION( '', ( 0.707106781186548, -0.707106781186547, 0.000000000000000 ) );
#4201 = DIRECTION( '', ( 0.707106781186547, 0.707106781186548, 0.000000000000000 ) );
#4202 = SURFACE_STYLE_FILL_AREA( #5364 );
#4203 = ORIENTED_EDGE( '', *, *, #5212, .T. );
#4204 = ORIENTED_EDGE( '', *, *, #4538, .T. );
#4205 = ORIENTED_EDGE( '', *, *, #4906, .T. );
#4206 = ORIENTED_EDGE( '', *, *, #4805, .F. );
#4207 = CARTESIAN_POINT( '', ( 3.21000000000000, 41.8475617738615, 4.70000000000000 ) );
#4208 = DIRECTION( '', ( 0.000000000000000, 0.000000000000000, -1.00000000000000 ) );
#4209 = DIRECTION( '', ( -1.00000000000000, 0.000000000000000, 0.000000000000000 ) );
#4210 = SURFACE_STYLE_FILL_AREA( #5365 );
#4211 = ORIENTED_EDGE( '', *, *, #4848, .F. );
#4212 = ORIENTED_EDGE( '', *, *, #5220, .T. );
#4213 = ORIENTED_EDGE( '', *, *, #5292, .T. );
#4214 = ORIENTED_EDGE( '', *, *, #4708, .F. );
#4215 = ORIENTED_EDGE( '', *, *, #5263, .T. );
#4216 = ORIENTED_EDGE( '', *, *, #5354, .F. );
#4217 = CARTESIAN_POINT( '', ( -18.5500000000000, 0.650000000000000, -47.4975161320778 ) );
#4218 = DIRECTION( '', ( -1.00000000000000, 0.000000000000000, 0.000000000000000 ) );
#4219 = DIRECTION( '', ( 0.000000000000000, 0.000000000000000, 1.00000000000000 ) );
#4220 = SURFACE_STYLE_FILL_AREA( #5366 );
#4221 = ORIENTED_EDGE( '', *, *, #5026, .F. );
#4222 = ORIENTED_EDGE( '', *, *, #5134, .F. );
#4223 = ORIENTED_EDGE( '', *, *, #5215, .T. );
#4224 = ORIENTED_EDGE( '', *, *, #5367, .T. );
#4225 = CARTESIAN_POINT( '', ( -21.9500000000000, 2.35000000000000, -5.20000000000000 ) );
#4226 = DIRECTION( '', ( 0.000000000000000, -1.00000000000000, 0.000000000000000 ) );
#4227 = DIRECTION( '', ( 0.000000000000000, 0.000000000000000, -1.00000000000000 ) );
#4228 = SURFACE_STYLE_FILL_AREA( #5368 );
#4229 = ORIENTED_EDGE( '', *, *, #5296, .T. );
#4230 = ORIENTED_EDGE( '', *, *, #4948, .F. );
#4231 = ORIENTED_EDGE( '', *, *, #5369, .F. );
#4232 = ORIENTED_EDGE( '', *, *, #5112, .T. );
#4233 = CARTESIAN_POINT( '', ( -9.38000000000000, 0.700000000000000, -2.80000000000000 ) );
#4234 = DIRECTION( '', ( -0.707106781186548, -0.707106781186547, 0.000000000000000 ) );
#4235 = DIRECTION( '', ( 0.707106781186547, -0.707106781186548, 0.000000000000000 ) );
#4236 = SURFACE_STYLE_FILL_AREA( #5370 );
#4237 = ORIENTED_EDGE( '', *, *, #5371, .F. );
#4238 = ORIENTED_EDGE( '', *, *, #5084, .T. );
#4239 = ORIENTED_EDGE( '', *, *, #4858, .F. );
#4240 = ORIENTED_EDGE( '', *, *, #5258, .F. );
#4241 = CARTESIAN_POINT( '', ( 10.9300000000000, 0.650000000000000, -47.4975617738615 ) );
#4242 = DIRECTION( '', ( 0.000000000000000, -1.00000000000000, 0.000000000000000 ) );
#4243 = DIRECTION( '', ( 0.000000000000000, 0.000000000000000, -1.00000000000000 ) );
#4244 = SURFACE_STYLE_FILL_AREA( #5372 );
#4245 = ORIENTED_EDGE( '', *, *, #4572, .F. );
#4246 = ORIENTED_EDGE( '', *, *, #5287, .F. );
#4247 = ORIENTED_EDGE( '', *, *, #5309, .T. );
#4248 = ORIENTED_EDGE( '', *, *, #4622, .T. );
#4249 = ORIENTED_EDGE( '', *, *, #5361, .T. );
#4250 = ORIENTED_EDGE( '', *, *, #4967, .F. );
#4251 = CARTESIAN_POINT( '', ( 5.28500000000000, -2.65000000000000, -6.00000000000000 ) );
#4252 = DIRECTION( '', ( 1.00000000000000, 0.000000000000000, 0.000000000000000 ) );
#4253 = DIRECTION( '', ( 0.000000000000000, 0.000000000000000, -1.00000000000000 ) );
#4254 = SURFACE_STYLE_FILL_AREA( #5373 );
#4255 = ORIENTED_EDGE( '', *, *, #4540, .F. );
#4256 = ORIENTED_EDGE( '', *, *, #5374, .F. );
#4257 = CARTESIAN_POINT( '', ( 3.81000000000000, 0.150000000000000, -1.70000000000000 ) );
#4258 = DIRECTION( '', ( 0.000000000000000, 0.000000000000000, -1.00000000000000 ) );
#4259 = DIRECTION( '', ( -1.00000000000000, 0.000000000000000, 0.000000000000000 ) );
#4260 = SURFACE_STYLE_FILL_AREA( #5375 );
#4261 = ORIENTED_EDGE( '', *, *, #4860, .F. );
#4262 = ORIENTED_EDGE( '', *, *, #5086, .F. );
#4263 = ORIENTED_EDGE( '', *, *, #4870, .F. );
#4264 = ORIENTED_EDGE( '', *, *, #5256, .T. );
#4265 = CARTESIAN_POINT( '', ( 11.9300000000000, -0.350000000000000, -47.4975617738615 ) );
#4266 = DIRECTION( '', ( 0.000000000000000, 1.00000000000000, 0.000000000000000 ) );
#4267 = DIRECTION( '', ( 0.000000000000000, 0.000000000000000, 1.00000000000000 ) );
#4268 = SURFACE_STYLE_FILL_AREA( #5376 );
#4269 = ORIENTED_EDGE( '', *, *, #5377, .F. );
#4270 = ORIENTED_EDGE( '', *, *, #5205, .T. );
#4271 = ORIENTED_EDGE( '', *, *, #5128, .F. );
#4272 = ORIENTED_EDGE( '', *, *, #5378, .F. );
#4273 = CARTESIAN_POINT( '', ( 21.9500000000000, -4.05000000000000, 6.00000000000000 ) );
#4274 = DIRECTION( '', ( 0.000000000000000, 0.000000000000000, 1.00000000000000 ) );
#4275 = DIRECTION( '', ( 1.00000000000000, 0.000000000000000, 0.000000000000000 ) );
#4276 = SURFACE_STYLE_FILL_AREA( #5379 );
#4277 = ORIENTED_EDGE( '', *, *, #5209, .T. );
#4278 = ORIENTED_EDGE( '', *, *, #5319, .T. );
#4279 = ORIENTED_EDGE( '', *, *, #4908, .T. );
#4280 = ORIENTED_EDGE( '', *, *, #5227, .F. );
#4281 = CARTESIAN_POINT( '', ( -4.41000000000000, 41.8475617738615, 4.70000000000000 ) );
#4282 = DIRECTION( '', ( 0.000000000000000, 0.000000000000000, -1.00000000000000 ) );
#4283 = DIRECTION( '', ( -1.00000000000000, 0.000000000000000, 0.000000000000000 ) );
#4284 = SURFACE_STYLE_FILL_AREA( #5380 );
#4285 = ORIENTED_EDGE( '', *, *, #5072, .T. );
#4286 = ORIENTED_EDGE( '', *, *, #4944, .F. );
#4287 = ORIENTED_EDGE( '', *, *, #5381, .F. );
#4288 = ORIENTED_EDGE( '', *, *, #5356, .T. );
#4289 = CARTESIAN_POINT( '', ( 18.0500000000000, 3.07951522256740, -2.80000000000000 ) );
#4290 = DIRECTION( '', ( 1.00000000000000, 0.000000000000000, 0.000000000000000 ) );
#4291 = DIRECTION( '', ( 0.000000000000000, 0.000000000000000, -1.00000000000000 ) );
#4292 = SURFACE_STYLE_FILL_AREA( #5382 );
#4293 = ORIENTED_EDGE( '', *, *, #4659, .T. );
#4294 = ORIENTED_EDGE( '', *, *, #4888, .F. );
#4295 = ORIENTED_EDGE( '', *, *, #5383, .F. );
#4296 = ORIENTED_EDGE( '', *, *, #5384, .T. );
#4297 = CARTESIAN_POINT( '', ( -14.3300000000000, 0.700000000000000, -2.80000000000000 ) );
#4298 = DIRECTION( '', ( -4.06068229395320E-017, -1.00000000000000, 0.000000000000000 ) );
#4299 = DIRECTION( '', ( 1.00000000000000, -4.06068229395320E-017, 0.000000000000000 ) );
#4300 = SURFACE_STYLE_FILL_AREA( #5385 );
#4301 = ORIENTED_EDGE( '', *, *, #4875, .F. );
#4302 = ORIENTED_EDGE( '', *, *, #5251, .T. );
#4303 = ORIENTED_EDGE( '', *, *, #4994, .F. );
#4304 = ORIENTED_EDGE( '', *, *, #5386, .F. );
#4305 = ORIENTED_EDGE( '', *, *, #5387, .T. );
#4306 = ORIENTED_EDGE( '', *, *, #4685, .T. );
#4307 = ORIENTED_EDGE( '', *, *, #5194, .T. );
#4308 = ORIENTED_EDGE( '', *, *, #4582, .F. );
#4309 = ORIENTED_EDGE( '', *, *, #5317, .F. );
#4310 = ORIENTED_EDGE( '', *, *, #4902, .F. );
#4311 = ORIENTED_EDGE( '', *, *, #4840, .F. );
#4312 = ORIENTED_EDGE( '', *, *, #5341, .F. );
#4313 = ORIENTED_EDGE( '', *, *, #4554, .F. );
#4314 = ORIENTED_EDGE( '', *, *, #4961, .F. );
#4315 = ORIENTED_EDGE( '', *, *, #5034, .F. );
#4316 = CARTESIAN_POINT( '', ( 21.9500000000000, 0.000000000000000, 0.000000000000000 ) );
#4317 = DIRECTION( '', ( -1.00000000000000, 0.000000000000000, 0.000000000000000 ) );
#4318 = DIRECTION( '', ( 0.000000000000000, 0.000000000000000, 1.00000000000000 ) );
#4319 = SURFACE_STYLE_FILL_AREA( #5388 );
#4320 = ORIENTED_EDGE( '', *, *, #5374, .T. );
#4321 = ORIENTED_EDGE( '', *, *, #5389, .T. );
#4322 = CARTESIAN_POINT( '', ( 3.81000000000000, 0.150000000000000, -1.20000000000000 ) );
#4323 = DIRECTION( '', ( -0.000000000000000, -0.000000000000000, 1.00000000000000 ) );
#4324 = DIRECTION( '', ( -1.00000000000000, 0.000000000000000, 0.000000000000000 ) );
#4325 = SURFACE_STYLE_FILL_AREA( #5390 );
#4326 = ORIENTED_EDGE( '', *, *, #5206, .T. );
#4327 = ORIENTED_EDGE( '', *, *, #5377, .T. );
#4328 = ORIENTED_EDGE( '', *, *, #5391, .T. );
#4329 = ORIENTED_EDGE( '', *, *, #5057, .F. );
#4330 = CARTESIAN_POINT( '', ( -19.9750000000000, 41.8475617738615, 6.00000000000000 ) );
#4331 = DIRECTION( '', ( -0.970142500145332, 0.000000000000000, -0.242535625036332 ) );
#4332 = DIRECTION( '', ( -0.242535625036332, 0.000000000000000, 0.970142500145332 ) );
#4333 = SURFACE_STYLE_FILL_AREA( #5392 );
#4334 = ORIENTED_EDGE( '', *, *, #4686, .T. );
#4335 = ORIENTED_EDGE( '', *, *, #5387, .F. );
#4336 = ORIENTED_EDGE( '', *, *, #5393, .F. );
#4337 = ORIENTED_EDGE( '', *, *, #4809, .T. );
#4338 = CARTESIAN_POINT( '', ( 21.1000000000000, -0.400000000000000, -2.80000000000000 ) );
#4339 = DIRECTION( '', ( -1.27553196763000E-016, 1.00000000000000, 0.000000000000000 ) );
#4340 = DIRECTION( '', ( -1.00000000000000, -1.27553196763000E-016, 0.000000000000000 ) );
#4341 = SURFACE_STYLE_FILL_AREA( #5394 );
#4342 = ORIENTED_EDGE( '', *, *, #5313, .F. );
#4343 = ORIENTED_EDGE( '', *, *, #5170, .T. );
#4344 = ORIENTED_EDGE( '', *, *, #4740, .T. );
#4345 = ORIENTED_EDGE( '', *, *, #5019, .T. );
#4346 = ORIENTED_EDGE( '', *, *, #5146, .T. );
#4347 = ORIENTED_EDGE( '', *, *, #5276, .F. );
#4348 = CARTESIAN_POINT( '', ( 19.5500000000000, 0.650000000000000, -47.4975617738615 ) );
#4349 = DIRECTION( '', ( -1.00000000000000, 0.000000000000000, 0.000000000000000 ) );
#4350 = DIRECTION( '', ( 0.000000000000000, 0.000000000000000, 1.00000000000000 ) );
#4351 = SURFACE_STYLE_FILL_AREA( #5395 );
#4352 = ORIENTED_EDGE( '', *, *, #4853, .F. );
#4353 = ORIENTED_EDGE( '', *, *, #4989, .F. );
#4354 = ORIENTED_EDGE( '', *, *, #5188, .F. );
#4355 = ORIENTED_EDGE( '', *, *, #4677, .T. );
#4356 = ORIENTED_EDGE( '', *, *, #5069, .F. );
#4357 = ORIENTED_EDGE( '', *, *, #5311, .T. );
#4358 = CARTESIAN_POINT( '', ( -11.9300000000000, -0.350000000000000, -47.4975617738615 ) );
#4359 = DIRECTION( '', ( 1.00000000000000, 0.000000000000000, 0.000000000000000 ) );
#4360 = DIRECTION( '', ( 0.000000000000000, 0.000000000000000, -1.00000000000000 ) );
#4361 = SURFACE_STYLE_FILL_AREA( #5396 );
#4362 = ORIENTED_EDGE( '', *, *, #5076, .T. );
#4363 = ORIENTED_EDGE( '', *, *, #5322, .F. );
#4364 = ORIENTED_EDGE( '', *, *, #5397, .F. );
#4365 = ORIENTED_EDGE( '', *, *, #5348, .T. );
#4366 = CARTESIAN_POINT( '', ( 12.4300000000000, 1.75000000000000, -2.80000000000000 ) );
#4367 = DIRECTION( '', ( -1.00000000000000, 0.000000000000000, 0.000000000000000 ) );
#4368 = DIRECTION( '', ( 0.000000000000000, 0.000000000000000, 1.00000000000000 ) );
#4369 = SURFACE_STYLE_FILL_AREA( #5398 );
#4370 = ORIENTED_EDGE( '', *, *, #4980, .T. );
#4371 = ORIENTED_EDGE( '', *, *, #5304, .F. );
#4372 = ORIENTED_EDGE( '', *, *, #5399, .F. );
#4373 = ORIENTED_EDGE( '', *, *, #5202, .T. );
#4374 = CARTESIAN_POINT( '', ( -10.8800000000000, -2.95000000000000, -2.80000000000000 ) );
#4375 = DIRECTION( '', ( -1.00000000000000, 0.000000000000000, 0.000000000000000 ) );
#4376 = DIRECTION( '', ( 0.000000000000000, 0.000000000000000, 1.00000000000000 ) );
#4377 = SURFACE_STYLE_FILL_AREA( #5400 );
#4378 = ORIENTED_EDGE( '', *, *, #5207, .T. );
#4379 = ORIENTED_EDGE( '', *, *, #5058, .T. );
#4380 = ORIENTED_EDGE( '', *, *, #4762, .T. );
#4381 = ORIENTED_EDGE( '', *, *, #4940, .F. );
#4382 = CARTESIAN_POINT( '', ( -18.4500000000000, 41.8475617738615, 4.70000000000000 ) );
#4383 = DIRECTION( '', ( 0.970142500145332, 0.000000000000000, -0.242535625036332 ) );
#4384 = DIRECTION( '', ( -0.242535625036332, 0.000000000000000, -0.970142500145332 ) );
#4385 = SURFACE_STYLE_FILL_AREA( #5401 );
#4386 = ORIENTED_EDGE( '', *, *, #5391, .F. );
#4387 = ORIENTED_EDGE( '', *, *, #5378, .T. );
#4388 = ORIENTED_EDGE( '', *, *, #5136, .F. );
#4389 = ORIENTED_EDGE( '', *, *, #4911, .F. );
#4390 = CARTESIAN_POINT( '', ( 21.9500000000000, -4.45000000000000, 4.70000000000000 ) );
#4391 = DIRECTION( '', ( 0.000000000000000, -0.955779008721950, 0.294085848837523 ) );
#4392 = DIRECTION( '', ( 0.000000000000000, -0.294085848837523, -0.955779008721950 ) );
#4393 = SURFACE_STYLE_FILL_AREA( #5402 );
#4394 = ORIENTED_EDGE( '', *, *, #4536, .F. );
#4395 = ORIENTED_EDGE( '', *, *, #5211, .T. );
#4396 = ORIENTED_EDGE( '', *, *, #5229, .T. );
#4397 = ORIENTED_EDGE( '', *, *, #5278, .F. );
#4398 = CARTESIAN_POINT( '', ( 21.9500000000000, -4.05000000000000, 6.00000000000000 ) );
#4399 = DIRECTION( '', ( 0.000000000000000, 0.000000000000000, 1.00000000000000 ) );
#4400 = DIRECTION( '', ( 1.00000000000000, 0.000000000000000, 0.000000000000000 ) );
#4401 = SURFACE_STYLE_FILL_AREA( #5403 );
#4402 = ORIENTED_EDGE( '', *, *, #5343, .F. );
#4403 = ORIENTED_EDGE( '', *, *, #5196, .F. );
#4404 = ORIENTED_EDGE( '', *, *, #4624, .F. );
#4405 = ORIENTED_EDGE( '', *, *, #5138, .F. );
#4406 = ORIENTED_EDGE( '', *, *, #4931, .F. );
#4407 = ORIENTED_EDGE( '', *, *, #5244, .F. );
#4408 = CARTESIAN_POINT( '', ( -19.0500000000000, 0.231944444444443, -5.20000000000000 ) );
#4409 = DIRECTION( '', ( 0.000000000000000, 0.000000000000000, -1.00000000000000 ) );
#4410 = DIRECTION( '', ( -1.00000000000000, 0.000000000000000, 0.000000000000000 ) );
#4411 = SURFACE_STYLE_FILL_AREA( #5404 );
#4412 = ORIENTED_EDGE( '', *, *, #5371, .T. );
#4413 = ORIENTED_EDGE( '', *, *, #5257, .T. );
#4414 = ORIENTED_EDGE( '', *, *, #4815, .T. );
#4415 = ORIENTED_EDGE( '', *, *, #5085, .F. );
#4416 = CARTESIAN_POINT( '', ( 10.9300000000000, -0.350000000000000, -3.50000000000000 ) );
#4417 = DIRECTION( '', ( 0.000000000000000, 0.000000000000000, 1.00000000000000 ) );
#4418 = DIRECTION( '', ( 1.00000000000000, 0.000000000000000, 0.000000000000000 ) );
#4419 = SURFACE_STYLE_FILL_AREA( #5405 );
#4420 = ORIENTED_EDGE( '', *, *, #5004, .T. );
#4421 = ORIENTED_EDGE( '', *, *, #4750, .F. );
#4422 = ORIENTED_EDGE( '', *, *, #5406, .F. );
#4423 = ORIENTED_EDGE( '', *, *, #4607, .T. );
#4424 = CARTESIAN_POINT( '', ( 5.86000000000000, 0.700000000000000, -2.80000000000000 ) );
#4425 = DIRECTION( '', ( -0.707106781186548, -0.707106781186547, 0.000000000000000 ) );
#4426 = DIRECTION( '', ( 0.707106781186547, -0.707106781186548, 0.000000000000000 ) );
#4427 = SURFACE_STYLE_FILL_AREA( #5407 );
#4428 = ORIENTED_EDGE( '', *, *, #4576, .T. );
#4429 = ORIENTED_EDGE( '', *, *, #5027, .F. );
#4430 = ORIENTED_EDGE( '', *, *, #5367, .F. );
#4431 = ORIENTED_EDGE( '', *, *, #5214, .T. );
#4432 = ORIENTED_EDGE( '', *, *, #5124, .F. );
#4433 = ORIENTED_EDGE( '', *, *, #5408, .F. );
#4434 = ORIENTED_EDGE( '', *, *, #4612, .T. );
#4435 = ORIENTED_EDGE( '', *, *, #4657, .T. );
#4436 = CARTESIAN_POINT( '', ( -19.0500000000000, 0.231944444444443, -5.20000000000000 ) );
#4437 = DIRECTION( '', ( -0.000000000000000, -0.000000000000000, -1.00000000000000 ) );
#4438 = DIRECTION( '', ( 1.00000000000000, 0.000000000000000, 0.000000000000000 ) );
#4439 = SURFACE_STYLE_FILL_AREA( #5409 );
#4440 = ORIENTED_EDGE( '', *, *, #4641, .F. );
#4441 = ORIENTED_EDGE( '', *, *, #5389, .F. );
#4442 = ORIENTED_EDGE( '', *, *, #5048, .F. );
#4443 = ORIENTED_EDGE( '', *, *, #5331, .F. );
#4444 = ORIENTED_EDGE( '', *, *, #5090, .F. );
#4445 = ORIENTED_EDGE( '', *, *, #5408, .T. );
#4446 = ORIENTED_EDGE( '', *, *, #5123, .T. );
#4447 = ORIENTED_EDGE( '', *, *, #5225, .T. );
#4448 = ORIENTED_EDGE( '', *, *, #5359, .T. );
#4449 = ORIENTED_EDGE( '', *, *, #5131, .T. );
#4450 = ORIENTED_EDGE( '', *, *, #4823, .T. );
#4451 = ORIENTED_EDGE( '', *, *, #4696, .T. );
#4452 = ORIENTED_EDGE( '', *, *, #4701, .T. );
#4453 = ORIENTED_EDGE( '', *, *, #5204, .T. );
#4454 = ORIENTED_EDGE( '', *, *, #4926, .T. );
#4455 = ORIENTED_EDGE( '', *, *, #5061, .T. );
#4456 = ORIENTED_EDGE( '', *, *, #5038, .T. );
#4457 = ORIENTED_EDGE( '', *, *, #5335, .T. );
#4458 = ORIENTED_EDGE( '', *, *, #5184, .T. );
#4459 = ORIENTED_EDGE( '', *, *, #5203, .T. );
#4460 = ORIENTED_EDGE( '', *, *, #5399, .T. );
#4461 = ORIENTED_EDGE( '', *, *, #5303, .T. );
#4462 = ORIENTED_EDGE( '', *, *, #5338, .T. );
#4463 = ORIENTED_EDGE( '', *, *, #5351, .T. );
#4464 = ORIENTED_EDGE( '', *, *, #5180, .T. );
#4465 = ORIENTED_EDGE( '', *, *, #5201, .T. );
#4466 = ORIENTED_EDGE( '', *, *, #5014, .T. );
#4467 = ORIENTED_EDGE( '', *, *, #5088, .T. );
#4468 = ORIENTED_EDGE( '', *, *, #4671, .T. );
#4469 = ORIENTED_EDGE( '', *, *, #4774, .T. );
#4470 = ORIENTED_EDGE( '', *, *, #4664, .T. );
#4471 = ORIENTED_EDGE( '', *, *, #5200, .T. );
#4472 = ORIENTED_EDGE( '', *, *, #5280, .T. );
#4473 = ORIENTED_EDGE( '', *, *, #5173, .T. );
#4474 = ORIENTED_EDGE( '', *, *, #5231, .T. );
#4475 = ORIENTED_EDGE( '', *, *, #4598, .T. );
#4476 = ORIENTED_EDGE( '', *, *, #5093, .T. );
#4477 = ORIENTED_EDGE( '', *, *, #5198, .T. );
#4478 = ORIENTED_EDGE( '', *, *, #5344, .T. );
#4479 = ORIENTED_EDGE( '', *, *, #5245, .T. );
#4480 = ORIENTED_EDGE( '', *, *, #4929, .T. );
#4481 = ORIENTED_EDGE( '', *, *, #5139, .T. );
#4482 = ORIENTED_EDGE( '', *, *, #4626, .T. );
#4483 = ORIENTED_EDGE( '', *, *, #5195, .T. );
#4484 = ORIENTED_EDGE( '', *, *, #5103, .T. );
#4485 = ORIENTED_EDGE( '', *, *, #4810, .T. );
#4486 = ORIENTED_EDGE( '', *, *, #5393, .T. );
#4487 = ORIENTED_EDGE( '', *, *, #5386, .T. );
#4488 = ORIENTED_EDGE( '', *, *, #4993, .T. );
#4489 = ORIENTED_EDGE( '', *, *, #5254, .T. );
#4490 = ORIENTED_EDGE( '', *, *, #5065, .T. );
#4491 = ORIENTED_EDGE( '', *, *, #5357, .T. );
#4492 = ORIENTED_EDGE( '', *, *, #5381, .T. );
#4493 = ORIENTED_EDGE( '', *, *, #4943, .T. );
#4494 = ORIENTED_EDGE( '', *, *, #4649, .T. );
#4495 = ORIENTED_EDGE( '', *, *, #5349, .T. );
#4496 = ORIENTED_EDGE( '', *, *, #5397, .T. );
#4497 = ORIENTED_EDGE( '', *, *, #5321, .T. );
#4498 = ORIENTED_EDGE( '', *, *, #4593, .T. );
#4499 = ORIENTED_EDGE( '', *, *, #5363, .T. );
#4500 = ORIENTED_EDGE( '', *, *, #4608, .T. );
#4501 = ORIENTED_EDGE( '', *, *, #5406, .T. );
#4502 = ORIENTED_EDGE( '', *, *, #4749, .T. );
#4503 = ORIENTED_EDGE( '', *, *, #4956, .T. );
#4504 = ORIENTED_EDGE( '', *, *, #4997, .T. );
#4505 = ORIENTED_EDGE( '', *, *, #4771, .T. );
#4506 = ORIENTED_EDGE( '', *, *, #4767, .T. );
#4507 = ORIENTED_EDGE( '', *, *, #5154, .T. );
#4508 = ORIENTED_EDGE( '', *, *, #5329, .T. );
#4509 = ORIENTED_EDGE( '', *, *, #5052, .T. );
#4510 = ORIENTED_EDGE( '', *, *, #5324, .T. );
#4511 = ORIENTED_EDGE( '', *, *, #5236, .T. );
#4512 = ORIENTED_EDGE( '', *, *, #5113, .T. );
#4513 = ORIENTED_EDGE( '', *, *, #5369, .T. );
#4514 = ORIENTED_EDGE( '', *, *, #4947, .T. );
#4515 = ORIENTED_EDGE( '', *, *, #4787, .T. );
#4516 = ORIENTED_EDGE( '', *, *, #4896, .T. );
#4517 = ORIENTED_EDGE( '', *, *, #5410, .T. );
#4518 = ORIENTED_EDGE( '', *, *, #5383, .T. );
#4519 = ORIENTED_EDGE( '', *, *, #4887, .T. );
#4520 = ORIENTED_EDGE( '', *, *, #4613, .T. );
#4521 = ORIENTED_EDGE( '', *, *, #5306, .F. );
#4522 = CARTESIAN_POINT( '', ( -19.0500000000000, 0.231944444444443, -2.80000000000000 ) );
#4523 = DIRECTION( '', ( 0.000000000000000, 0.000000000000000, 1.00000000000000 ) );
#4524 = DIRECTION( '', ( 1.00000000000000, 0.000000000000000, 0.000000000000000 ) );
#4525 = SURFACE_STYLE_FILL_AREA( #5411 );
#4526 = ORIENTED_EDGE( '', *, *, #4660, .T. );
#4527 = ORIENTED_EDGE( '', *, *, #5384, .F. );
#4528 = ORIENTED_EDGE( '', *, *, #5410, .F. );
#4529 = ORIENTED_EDGE( '', *, *, #4895, .T. );
#4530 = CARTESIAN_POINT( '', ( -12.4300000000000, 1.75000000000000, -2.80000000000000 ) );
#4531 = DIRECTION( '', ( 0.707106781186548, -0.707106781186547, 0.000000000000000 ) );
#4532 = DIRECTION( '', ( 0.707106781186547, 0.707106781186548, 0.000000000000000 ) );
#4534 = FILL_AREA_STYLE( '', ( #5412 ) );
#4535 = EDGE_CURVE( '', #5413, #5414, #5415, .T. );
#4536 = EDGE_CURVE( '', #5414, #5416, #5417, .T. );
#4537 = EDGE_CURVE( '', #5416, #5418, #5419, .T. );
#4538 = EDGE_CURVE( '', #5413, #5418, #5420, .T. );
#4539 = FILL_AREA_STYLE( '', ( #5421 ) );
#4540 = EDGE_CURVE( '', #5422, #5422, #5423, .F. );
#4541 = EDGE_CURVE( '', #5424, #5425, #5426, .T. );
#4542 = EDGE_CURVE( '', #5425, #5427, #5428, .T. );
#4543 = EDGE_CURVE( '', #5427, #5429, #5430, .T. );
#4544 = EDGE_CURVE( '', #5429, #5424, #5431, .T. );
#4545 = FILL_AREA_STYLE( '', ( #5432 ) );
#4546 = EDGE_CURVE( '', #5433, #5434, #5435, .T. );
#4547 = EDGE_CURVE( '', #5436, #5433, #5437, .F. );
#4548 = EDGE_CURVE( '', #5436, #5438, #5439, .T. );
#4549 = EDGE_CURVE( '', #5440, #5438, #5441, .T. );
#4550 = EDGE_CURVE( '', #5440, #5442, #5443, .T. );
#4551 = EDGE_CURVE( '', #5444, #5442, #5445, .F. );
#4552 = EDGE_CURVE( '', #5446, #5444, #5447, .T. );
#4553 = EDGE_CURVE( '', #5448, #5446, #5449, .T. );
#4554 = EDGE_CURVE( '', #5448, #5450, #5451, .T. );
#4555 = EDGE_CURVE( '', #5450, #5452, #5453, .T. );
#4556 = EDGE_CURVE( '', #5454, #5452, #5455, .T. );
#4557 = EDGE_CURVE( '', #5456, #5454, #5457, .T. );
#4558 = EDGE_CURVE( '', #5458, #5456, #5459, .T. );
#4559 = EDGE_CURVE( '', #5460, #5458, #5461, .F. );
#4560 = EDGE_CURVE( '', #5460, #5462, #5463, .T. );
#4561 = EDGE_CURVE( '', #5464, #5462, #5465, .T. );
#4562 = EDGE_CURVE( '', #5466, #5464, #5467, .T. );
#4563 = EDGE_CURVE( '', #5468, #5466, #5469, .F. );
#4564 = EDGE_CURVE( '', #5468, #5470, #5471, .T. );
#4565 = EDGE_CURVE( '', #5472, #5470, #5473, .T. );
#4566 = EDGE_CURVE( '', #5474, #5472, #5475, .T. );
#4567 = EDGE_CURVE( '', #5476, #5474, #5477, .F. );
#4568 = EDGE_CURVE( '', #5476, #5478, #5479, .T. );
#4569 = EDGE_CURVE( '', #5480, #5478, #5481, .T. );
#4570 = EDGE_CURVE( '', #5482, #5480, #5483, .T. );
#4571 = EDGE_CURVE( '', #5484, #5482, #5485, .F. );
#4572 = EDGE_CURVE( '', #5484, #5486, #5487, .T. );
#4573 = EDGE_CURVE( '', #5434, #5486, #5488, .T. );
#4574 = FILL_AREA_STYLE( '', ( #5489 ) );
#4575 = EDGE_CURVE( '', #5490, #5491, #5492, .T. );
#4576 = EDGE_CURVE( '', #5493, #5490, #5494, .T. );
#4577 = EDGE_CURVE( '', #5493, #5495, #5496, .T. );
#4578 = EDGE_CURVE( '', #5495, #5491, #5497, .T. );
#4579 = FILL_AREA_STYLE( '', ( #5498 ) );
#4580 = EDGE_CURVE( '', #5499, #5500, #5501, .T. );
#4581 = EDGE_CURVE( '', #5502, #5500, #5503, .T. );
#4582 = EDGE_CURVE( '', #5502, #5504, #5505, .T. );
#4583 = EDGE_CURVE( '', #5504, #5499, #5506, .T. );
#4584 = FILL_AREA_STYLE( '', ( #5507 ) );
#4585 = EDGE_CURVE( '', #5508, #5509, #5510, .T. );
#4586 = EDGE_CURVE( '', #5482, #5508, #5511, .F. );
#4587 = EDGE_CURVE( '', #5480, #5512, #5513, .T. );
#4588 = EDGE_CURVE( '', #5512, #5514, #5515, .F. );
#4589 = EDGE_CURVE( '', #5509, #5514, #5516, .T. );
#4590 = FILL_AREA_STYLE( '', ( #5517 ) );
#4591 = EDGE_CURVE( '', #5518, #5519, #5520, .T. );
#4592 = EDGE_CURVE( '', #5521, #5519, #5522, .T. );
#4593 = EDGE_CURVE( '', #5523, #5521, #5524, .T. );
#4594 = EDGE_CURVE( '', #5523, #5518, #5525, .T. );
#4595 = FILL_AREA_STYLE( '', ( #5526 ) );
#4596 = EDGE_CURVE( '', #5527, #5528, #5529, .T. );
#4597 = EDGE_CURVE( '', #5530, #5528, #5531, .T. );
#4598 = EDGE_CURVE( '', #5532, #5530, #5533, .T. );
#4599 = EDGE_CURVE( '', #5532, #5527, #5534, .T. );
#4600 = FILL_AREA_STYLE( '', ( #5535 ) );
#4601 = EDGE_CURVE( '', #5536, #5537, #5538, .T. );
#4602 = EDGE_CURVE( '', #5536, #5539, #5540, .T. );
#4603 = EDGE_CURVE( '', #5541, #5539, #5542, .T. );
#4604 = EDGE_CURVE( '', #5537, #5541, #5543, .T. );
#4605 = FILL_AREA_STYLE( '', ( #5544 ) );
#4606 = EDGE_CURVE( '', #5545, #5546, #5547, .T. );
#4607 = EDGE_CURVE( '', #5548, #5546, #5549, .T. );
#4608 = EDGE_CURVE( '', #5550, #5548, #5551, .T. );
#4609 = EDGE_CURVE( '', #5550, #5545, #5552, .T. );
#4610 = FILL_AREA_STYLE( '', ( #5553 ) );
#4611 = EDGE_CURVE( '', #5554, #5555, #5556, .T. );
#4612 = EDGE_CURVE( '', #5557, #5555, #5558, .T. );
#4613 = EDGE_CURVE( '', #5559, #5557, #5560, .T. );
#4614 = EDGE_CURVE( '', #5559, #5554, #5561, .T. );
#4615 = FILL_AREA_STYLE( '', ( #5562 ) );
#4616 = EDGE_CURVE( '', #5563, #5564, #5565, .T. );
#4617 = EDGE_CURVE( '', #5566, #5564, #5567, .T. );
#4618 = EDGE_CURVE( '', #5568, #5566, #5569, .T. );
#4619 = EDGE_CURVE( '', #5570, #5568, #5571, .T. );
#4620 = EDGE_CURVE( '', #5570, #5509, #5572, .T. );
#4621 = EDGE_CURVE( '', #5514, #5573, #5574, .F. );
#4622 = EDGE_CURVE( '', #5563, #5573, #5575, .T. );
#4623 = FILL_AREA_STYLE( '', ( #5576 ) );
#4624 = EDGE_CURVE( '', #5577, #5578, #5579, .T. );
#4625 = EDGE_CURVE( '', #5580, #5578, #5581, .T. );
#4626 = EDGE_CURVE( '', #5582, #5580, #5583, .T. );
#4627 = EDGE_CURVE( '', #5582, #5577, #5584, .T. );
#4628 = FILL_AREA_STYLE( '', ( #5585 ) );
#4629 = EDGE_CURVE( '', #5586, #5587, #5588, .T. );
#4630 = EDGE_CURVE( '', #5589, #5586, #5590, .T. );
#4631 = EDGE_CURVE( '', #5591, #5589, #5592, .T. );
#4632 = EDGE_CURVE( '', #5591, #5587, #5593, .T. );
#4633 = FILL_AREA_STYLE( '', ( #5594 ) );
#4634 = EDGE_CURVE( '', #5595, #5446, #5596, .T. );
#4635 = EDGE_CURVE( '', #5597, #5444, #5598, .F. );
#4636 = EDGE_CURVE( '', #5599, #5597, #5600, .T. );
#4637 = EDGE_CURVE( '', #5601, #5599, #5602, .T. );
#4638 = EDGE_CURVE( '', #5601, #5595, #5603, .F. );
#4639 = FILL_AREA_STYLE( '', ( #5604 ) );
#4640 = EDGE_CURVE( '', #5605, #5605, #5606, .T. );
#4641 = EDGE_CURVE( '', #5607, #5607, #5608, .T. );
#4642 = FILL_AREA_STYLE( '', ( #5609 ) );
#4643 = EDGE_CURVE( '', #5458, #5610, #5611, .F. );
#4644 = EDGE_CURVE( '', #5610, #5612, #5613, .F. );
#4645 = EDGE_CURVE( '', #5612, #5460, #5614, .F. );
#4646 = FILL_AREA_STYLE( '', ( #5615 ) );
#4647 = EDGE_CURVE( '', #5616, #5617, #5618, .T. );
#4648 = EDGE_CURVE( '', #5619, #5617, #5620, .T. );
#4649 = EDGE_CURVE( '', #5621, #5619, #5622, .T. );
#4650 = EDGE_CURVE( '', #5621, #5616, #5623, .T. );
#4651 = FILL_AREA_STYLE( '', ( #5624 ) );
#4652 = EDGE_CURVE( '', #5625, #5625, #5626, .F. );
#4653 = EDGE_CURVE( '', #5627, #5627, #5628, .T. );
#4654 = FILL_AREA_STYLE( '', ( #5629 ) );
#4655 = EDGE_CURVE( '', #5630, #5631, #5632, .T. );
#4656 = EDGE_CURVE( '', #5495, #5630, #5633, .T. );
#4657 = EDGE_CURVE( '', #5555, #5493, #5634, .T. );
#4658 = EDGE_CURVE( '', #5635, #5554, #5636, .T. );
#4659 = EDGE_CURVE( '', #5637, #5635, #5638, .T. );
#4660 = EDGE_CURVE( '', #5631, #5637, #5639, .T. );
#4661 = FILL_AREA_STYLE( '', ( #5640 ) );
#4662 = EDGE_CURVE( '', #5641, #5642, #5643, .T. );
#4663 = EDGE_CURVE( '', #5644, #5642, #5645, .T. );
#4664 = EDGE_CURVE( '', #5646, #5644, #5647, .T. );
#4665 = EDGE_CURVE( '', #5646, #5641, #5648, .T. );
#4666 = FILL_AREA_STYLE( '', ( #5649 ) );
#4667 = EDGE_CURVE( '', #5650, #5650, #5651, .F. );
#4668 = FILL_AREA_STYLE( '', ( #5652 ) );
#4669 = EDGE_CURVE( '', #5653, #5654, #5655, .T. );
#4670 = EDGE_CURVE( '', #5656, #5654, #5657, .T. );
#4671 = EDGE_CURVE( '', #5658, #5656, #5659, .T. );
#4672 = EDGE_CURVE( '', #5658, #5653, #5660, .T. );
#4673 = FILL_AREA_STYLE( '', ( #5661 ) );
#4674 = EDGE_CURVE( '', #5662, #5663, #5664, .T. );
#4675 = EDGE_CURVE( '', #5665, #5663, #5666, .T. );
#4676 = EDGE_CURVE( '', #5667, #5665, #5668, .T. );
#4677 = EDGE_CURVE( '', #5669, #5667, #5670, .T. );
#4678 = EDGE_CURVE( '', #5669, #5671, #5672, .T. );
#4679 = EDGE_CURVE( '', #5671, #5673, #5674, .T. );
#4680 = EDGE_CURVE( '', #5673, #5675, #5676, .F. );
#4681 = EDGE_CURVE( '', #5662, #5675, #5677, .T. );
#4682 = FILL_AREA_STYLE( '', ( #5678 ) );
#4683 = EDGE_CURVE( '', #5679, #5680, #5681, .T. );
#4684 = EDGE_CURVE( '', #5682, #5679, #5683, .T. );
#4685 = EDGE_CURVE( '', #5684, #5682, #5685, .T. );
#4686 = EDGE_CURVE( '', #5686, #5684, #5687, .T. );
#4687 = EDGE_CURVE( '', #5680, #5686, #5688, .T. );
#4688 = FILL_AREA_STYLE( '', ( #5689 ) );
#4689 = EDGE_CURVE( '', #5654, #5641, #5690, .T. );
#4690 = EDGE_CURVE( '', #5691, #5653, #5692, .T. );
#4691 = EDGE_CURVE( '', #5693, #5691, #5694, .T. );
#4692 = EDGE_CURVE( '', #5642, #5693, #5695, .T. );
#4693 = FILL_AREA_STYLE( '', ( #5696 ) );
#4694 = EDGE_CURVE( '', #5697, #5698, #5699, .T. );
#4695 = EDGE_CURVE( '', #5700, #5698, #5701, .T. );
#4696 = EDGE_CURVE( '', #5702, #5700, #5703, .T. );
#4697 = EDGE_CURVE( '', #5702, #5697, #5704, .T. );
#4698 = FILL_AREA_STYLE( '', ( #5705 ) );
#4699 = EDGE_CURVE( '', #5698, #5706, #5707, .T. );
#4700 = EDGE_CURVE( '', #5708, #5706, #5709, .T. );
#4701 = EDGE_CURVE( '', #5700, #5708, #5710, .T. );
#4702 = FILL_AREA_STYLE( '', ( #5711 ) );
#4703 = EDGE_CURVE( '', #5712, #5713, #5714, .F. );
#4704 = EDGE_CURVE( '', #5715, #5713, #5716, .T. );
#4705 = EDGE_CURVE( '', #5715, #5717, #5718, .F. );
#4706 = EDGE_CURVE( '', #5712, #5717, #5719, .T. );
#4707 = FILL_AREA_STYLE( '', ( #5720 ) );
#4708 = EDGE_CURVE( '', #5721, #5722, #5723, .T. );
#4709 = EDGE_CURVE( '', #5724, #5722, #5725, .T. );
#4710 = EDGE_CURVE( '', #5612, #5724, #5726, .T. );
#4711 = EDGE_CURVE( '', #5610, #5727, #5728, .T. );
#4712 = EDGE_CURVE( '', #5729, #5727, #5730, .T. );
#4713 = EDGE_CURVE( '', #5729, #5731, #5732, .T. );
#4714 = EDGE_CURVE( '', #5731, #5721, #5733, .T. );
#4715 = FILL_AREA_STYLE( '', ( #5734 ) );
#4716 = EDGE_CURVE( '', #5735, #5736, #5737, .T. );
#4717 = EDGE_CURVE( '', #5738, #5735, #5739, .T. );
#4718 = EDGE_CURVE( '', #5740, #5738, #5741, .T. );
#4719 = EDGE_CURVE( '', #5740, #5736, #5742, .T. );
#4720 = FILL_AREA_STYLE( '', ( #5743 ) );
#4721 = EDGE_CURVE( '', #5744, #5476, #5745, .F. );
#4722 = EDGE_CURVE( '', #5744, #5746, #5747, .T. );
#4723 = EDGE_CURVE( '', #5746, #5748, #5749, .T. );
#4724 = EDGE_CURVE( '', #5748, #5750, #5751, .F. );
#4725 = EDGE_CURVE( '', #5478, #5750, #5752, .T. );
#4726 = FILL_AREA_STYLE( '', ( #5753 ) );
#4727 = EDGE_CURVE( '', #5754, #5754, #5755, .F. );
#4728 = EDGE_CURVE( '', #5756, #5756, #5757, .T. );
#4729 = FILL_AREA_STYLE( '', ( #5758 ) );
#4730 = EDGE_CURVE( '', #5759, #5760, #5761, .T. );
#4731 = EDGE_CURVE( '', #5762, #5760, #5763, .T. );
#4732 = EDGE_CURVE( '', #5764, #5762, #5765, .F. );
#4733 = EDGE_CURVE( '', #5759, #5764, #5766, .T. );
#4734 = FILL_AREA_STYLE( '', ( #5767 ) );
#4735 = EDGE_CURVE( '', #5768, #5769, #5770, .T. );
#4736 = EDGE_CURVE( '', #5768, #5771, #5772, .T. );
#4737 = EDGE_CURVE( '', #5773, #5771, #5774, .T. );
#4738 = EDGE_CURVE( '', #5773, #5601, #5775, .F. );
#4739 = EDGE_CURVE( '', #5599, #5776, #5777, .T. );
#4740 = EDGE_CURVE( '', #5778, #5776, #5779, .T. );
#4741 = EDGE_CURVE( '', #5769, #5778, #5780, .T. );
#4742 = FILL_AREA_STYLE( '', ( #5781 ) );
#4743 = EDGE_CURVE( '', #5724, #5782, #5783, .T. );
#4744 = EDGE_CURVE( '', #5782, #5784, #5785, .F. );
#4745 = EDGE_CURVE( '', #5462, #5784, #5786, .T. );
#4746 = FILL_AREA_STYLE( '', ( #5787 ) );
#4747 = EDGE_CURVE( '', #5788, #5789, #5790, .T. );
#4748 = EDGE_CURVE( '', #5791, #5789, #5792, .T. );
#4749 = EDGE_CURVE( '', #5793, #5791, #5794, .T. );
#4750 = EDGE_CURVE( '', #5793, #5788, #5795, .T. );
#4751 = FILL_AREA_STYLE( '', ( #5796 ) );
#4752 = EDGE_CURVE( '', #5797, #5536, #5798, .T. );
#4753 = EDGE_CURVE( '', #5797, #5799, #5800, .T. );
#4754 = EDGE_CURVE( '', #5799, #5539, #5801, .T. );
#4755 = FILL_AREA_STYLE( '', ( #5802 ) );
#4756 = EDGE_CURVE( '', #5587, #5803, #5804, .T. );
#4757 = EDGE_CURVE( '', #5803, #5805, #5806, .T. );
#4758 = EDGE_CURVE( '', #5805, #5586, #5807, .T. );
#4759 = FILL_AREA_STYLE( '', ( #5808 ) );
#4760 = EDGE_CURVE( '', #5809, #5810, #5811, .T. );
#4761 = EDGE_CURVE( '', #5809, #5812, #5813, .T. );
#4762 = EDGE_CURVE( '', #5814, #5812, #5815, .T. );
#4763 = EDGE_CURVE( '', #5810, #5814, #5816, .T. );
#4764 = FILL_AREA_STYLE( '', ( #5817 ) );
#4765 = EDGE_CURVE( '', #5818, #5819, #5820, .T. );
#4766 = EDGE_CURVE( '', #5821, #5819, #5822, .T. );
#4767 = EDGE_CURVE( '', #5823, #5821, #5824, .T. );
#4768 = EDGE_CURVE( '', #5823, #5818, #5825, .T. );
#4769 = FILL_AREA_STYLE( '', ( #5826 ) );
#4770 = EDGE_CURVE( '', #5827, #5818, #5828, .T. );
#4771 = EDGE_CURVE( '', #5829, #5823, #5830, .T. );
#4772 = EDGE_CURVE( '', #5829, #5827, #5831, .T. );
#4773 = FILL_AREA_STYLE( '', ( #5832 ) );
#4774 = EDGE_CURVE( '', #5656, #5646, #5833, .T. );
#4775 = FILL_AREA_STYLE( '', ( #5834 ) );
#4776 = EDGE_CURVE( '', #5433, #5835, #5836, .F. );
#4777 = EDGE_CURVE( '', #5835, #5837, #5838, .F. );
#4778 = EDGE_CURVE( '', #5837, #5436, #5839, .F. );
#4779 = FILL_AREA_STYLE( '', ( #5840 ) );
#4780 = EDGE_CURVE( '', #5841, #5712, #5842, .T. );
#4781 = EDGE_CURVE( '', #5717, #5843, #5844, .T. );
#4782 = EDGE_CURVE( '', #5843, #5841, #5845, .T. );
#4783 = FILL_AREA_STYLE( '', ( #5846 ) );
#4784 = EDGE_CURVE( '', #5847, #5848, #5849, .T. );
#4785 = EDGE_CURVE( '', #5491, #5848, #5850, .T. );
#4786 = EDGE_CURVE( '', #5851, #5630, #5852, .T. );
#4787 = EDGE_CURVE( '', #5853, #5851, #5854, .T. );
#4788 = EDGE_CURVE( '', #5853, #5855, #5856, .T. );
#4789 = EDGE_CURVE( '', #5855, #5847, #5857, .T. );
#4790 = FILL_AREA_STYLE( '', ( #5858 ) );
#4791 = EDGE_CURVE( '', #5859, #5860, #5861, .T. );
#4792 = EDGE_CURVE( '', #5859, #5427, #5862, .T. );
#4793 = EDGE_CURVE( '', #5860, #5425, #5863, .T. );
#4794 = FILL_AREA_STYLE( '', ( #5864 ) );
#4795 = EDGE_CURVE( '', #5865, #5866, #5867, .T. );
#4796 = EDGE_CURVE( '', #5865, #5665, #5868, .T. );
#4797 = EDGE_CURVE( '', #5869, #5663, #5870, .T. );
#4798 = EDGE_CURVE( '', #5869, #5871, #5872, .T. );
#4799 = EDGE_CURVE( '', #5866, #5871, #5873, .T. );
#4800 = FILL_AREA_STYLE( '', ( #5874 ) );
#4801 = EDGE_CURVE( '', #5799, #5875, #5876, .T. );
#4802 = EDGE_CURVE( '', #5875, #5541, #5877, .T. );
#4803 = FILL_AREA_STYLE( '', ( #5878 ) );
#4804 = EDGE_CURVE( '', #5879, #5880, #5881, .T. );
#4805 = EDGE_CURVE( '', #5880, #5882, #5883, .T. );
#4806 = EDGE_CURVE( '', #5882, #5884, #5885, .T. );
#4807 = EDGE_CURVE( '', #5879, #5884, #5886, .T. );
#4808 = FILL_AREA_STYLE( '', ( #5887 ) );
#4809 = EDGE_CURVE( '', #5888, #5686, #5889, .T. );
#4810 = EDGE_CURVE( '', #5890, #5888, #5891, .T. );
#4811 = EDGE_CURVE( '', #5890, #5680, #5892, .T. );
#4812 = FILL_AREA_STYLE( '', ( #5893 ) );
#4813 = EDGE_CURVE( '', #5894, #5895, #5896, .T. );
#4814 = EDGE_CURVE( '', #5897, #5895, #5898, .T. );
#4815 = EDGE_CURVE( '', #5899, #5897, #5900, .T. );
#4816 = EDGE_CURVE( '', #5901, #5899, #5902, .T. );
#4817 = EDGE_CURVE( '', #5901, #5903, #5904, .T. );
#4818 = EDGE_CURVE( '', #5903, #5905, #5906, .T. );
#4819 = EDGE_CURVE( '', #5905, #5907, #5908, .F. );
#4820 = EDGE_CURVE( '', #5894, #5907, #5909, .T. );
#4821 = FILL_AREA_STYLE( '', ( #5910 ) );
#4822 = EDGE_CURVE( '', #5911, #5697, #5912, .T. );
#4823 = EDGE_CURVE( '', #5913, #5702, #5914, .T. );
#4824 = EDGE_CURVE( '', #5913, #5911, #5915, .T. );
#4825 = FILL_AREA_STYLE( '', ( #5916 ) );
#4826 = EDGE_CURVE( '', #5917, #5760, #5918, .T. );
#4827 = EDGE_CURVE( '', #5760, #5919, #5920, .T. );
#4828 = EDGE_CURVE( '', #5919, #5921, #5922, .T. );
#4829 = EDGE_CURVE( '', #5921, #5923, #5924, .T. );
#4830 = EDGE_CURVE( '', #5923, #5925, #5926, .T. );
#4831 = EDGE_CURVE( '', #5925, #5927, #5928, .T. );
#4832 = EDGE_CURVE( '', #5927, #5917, #5929, .T. );
#4833 = FILL_AREA_STYLE( '', ( #5930 ) );
#4834 = EDGE_CURVE( '', #5466, #5931, #5932, .F. );
#4835 = EDGE_CURVE( '', #5931, #5933, #5934, .F. );
#4836 = EDGE_CURVE( '', #5933, #5468, #5935, .F. );
#4837 = FILL_AREA_STYLE( '', ( #5936 ) );
#4838 = EDGE_CURVE( '', #5937, #5938, #5939, .T. );
#4839 = EDGE_CURVE( '', #5940, #5937, #5941, .T. );
#4840 = EDGE_CURVE( '', #5940, #5942, #5943, .T. );
#4841 = EDGE_CURVE( '', #5942, #5938, #5944, .T. );
#4842 = FILL_AREA_STYLE( '', ( #5945 ) );
#4843 = EDGE_CURVE( '', #5946, #5424, #5947, .T. );
#4844 = EDGE_CURVE( '', #5570, #5946, #5948, .T. );
#4845 = EDGE_CURVE( '', #5860, #5568, #5949, .T. );
#4846 = FILL_AREA_STYLE( '', ( #5950 ) );
#4847 = EDGE_CURVE( '', #5951, #5952, #5953, .T. );
#4848 = EDGE_CURVE( '', #5951, #5954, #5955, .T. );
#4849 = EDGE_CURVE( '', #5956, #5954, #5957, .T. );
#4850 = EDGE_CURVE( '', #5952, #5956, #5958, .T. );
#4851 = FILL_AREA_STYLE( '', ( #5959 ) );
#4852 = EDGE_CURVE( '', #5960, #5960, #5961, .F. );
#4853 = EDGE_CURVE( '', #5962, #5963, #5964, .T. );
#4854 = EDGE_CURVE( '', #5963, #5866, #5965, .T. );
#4855 = EDGE_CURVE( '', #5871, #5962, #5966, .T. );
#4856 = FILL_AREA_STYLE( '', ( #5967 ) );
#4857 = EDGE_CURVE( '', #5968, #5969, #5970, .T. );
#4858 = EDGE_CURVE( '', #5969, #5971, #5972, .T. );
#4859 = EDGE_CURVE( '', #5971, #5973, #5974, .T. );
#4860 = EDGE_CURVE( '', #5973, #5968, #5975, .T. );
#4861 = FILL_AREA_STYLE( '', ( #5976 ) );
#4862 = EDGE_CURVE( '', #5977, #5978, #5979, .T. );
#4863 = EDGE_CURVE( '', #5977, #5884, #5980, .T. );
#4864 = EDGE_CURVE( '', #5978, #5882, #5981, .T. );
#4865 = FILL_AREA_STYLE( '', ( #5982 ) );
#4866 = EDGE_CURVE( '', #5983, #5895, #5984, .T. );
#4867 = EDGE_CURVE( '', #5837, #5894, #5985, .T. );
#4868 = EDGE_CURVE( '', #5835, #5903, #5986, .T. );
#4869 = EDGE_CURVE( '', #5901, #5987, #5988, .T. );
#4870 = EDGE_CURVE( '', #5987, #5983, #5989, .T. );
#4871 = FILL_AREA_STYLE( '', ( #5990 ) );
#4872 = EDGE_CURVE( '', #5991, #5992, #5993, .T. );
#4873 = EDGE_CURVE( '', #5994, #5991, #5995, .T. );
#4874 = EDGE_CURVE( '', #5994, #5996, #5997, .T. );
#4875 = EDGE_CURVE( '', #5996, #5992, #5998, .T. );
#4876 = FILL_AREA_STYLE( '', ( #5999 ) );
#4877 = EDGE_CURVE( '', #6000, #6001, #6002, .T. );
#4878 = EDGE_CURVE( '', #6003, #6000, #6004, .T. );
#4879 = EDGE_CURVE( '', #6003, #6005, #6006, .T. );
#4880 = EDGE_CURVE( '', #6005, #6001, #6007, .T. );
#4881 = FILL_AREA_STYLE( '', ( #6008 ) );
#4882 = EDGE_CURVE( '', #6009, #5591, #6010, .T. );
#4883 = EDGE_CURVE( '', #6009, #6011, #6012, .T. );
#4884 = EDGE_CURVE( '', #6013, #6011, #6014, .T. );
#4885 = EDGE_CURVE( '', #6013, #5803, #6015, .T. );
#4886 = FILL_AREA_STYLE( '', ( #6016 ) );
#4887 = EDGE_CURVE( '', #6017, #5559, #6018, .T. );
#4888 = EDGE_CURVE( '', #6017, #5635, #6019, .T. );
#4889 = FILL_AREA_STYLE( '', ( #6020 ) );
#4890 = EDGE_CURVE( '', #5925, #5843, #6021, .T. );
#4891 = EDGE_CURVE( '', #5841, #5923, #6022, .F. );
#4892 = FILL_AREA_STYLE( '', ( #6023 ) );
#4893 = EDGE_CURVE( '', #5713, #5923, #6024, .T. );
#4894 = FILL_AREA_STYLE( '', ( #6025 ) );
#4895 = EDGE_CURVE( '', #6026, #5631, #6027, .T. );
#4896 = EDGE_CURVE( '', #5851, #6026, #6028, .T. );
#4897 = FILL_AREA_STYLE( '', ( #6029 ) );
#4898 = EDGE_CURVE( '', #5919, #6030, #6031, .F. );
#4899 = EDGE_CURVE( '', #6030, #5759, #6032, .T. );
#4900 = FILL_AREA_STYLE( '', ( #6033 ) );
#4901 = EDGE_CURVE( '', #5938, #6034, #6035, .T. );
#4902 = EDGE_CURVE( '', #5942, #6036, #6037, .T. );
#4903 = EDGE_CURVE( '', #6036, #6038, #6039, .T. );
#4904 = EDGE_CURVE( '', #5738, #6038, #6040, .T. );
#4905 = EDGE_CURVE( '', #5978, #5735, #6041, .T. );
#4906 = EDGE_CURVE( '', #5418, #5882, #6042, .T. );
#4907 = EDGE_CURVE( '', #5418, #6043, #6044, .T. );
#4908 = EDGE_CURVE( '', #5537, #6043, #6045, .T. );
#4909 = EDGE_CURVE( '', #5810, #5541, #6046, .T. );
#4910 = EDGE_CURVE( '', #6047, #5814, #6048, .T. );
#4911 = EDGE_CURVE( '', #6047, #6034, #6049, .T. );
#4912 = FILL_AREA_STYLE( '', ( #6050 ) );
#4913 = EDGE_CURVE( '', #6051, #5527, #6052, .T. );
#4914 = EDGE_CURVE( '', #6053, #6051, #6054, .T. );
#4915 = EDGE_CURVE( '', #6055, #6053, #6056, .T. );
#4916 = EDGE_CURVE( '', #6057, #6055, #6058, .T. );
#4917 = EDGE_CURVE( '', #5528, #6057, #6059, .T. );
#4918 = FILL_AREA_STYLE( '', ( #6060 ) );
#4919 = EDGE_CURVE( '', #5442, #6061, #6062, .F. );
#4920 = EDGE_CURVE( '', #6061, #5597, #6063, .F. );
#4921 = FILL_AREA_STYLE( '', ( #6064 ) );
#4922 = EDGE_CURVE( '', #5859, #5566, #6065, .T. );
#4923 = FILL_AREA_STYLE( '', ( #6066 ) );
#4924 = EDGE_CURVE( '', #6067, #6068, #6069, .T. );
#4925 = EDGE_CURVE( '', #6070, #6068, #6071, .T. );
#4926 = EDGE_CURVE( '', #6072, #6070, #6073, .T. );
#4927 = EDGE_CURVE( '', #6072, #6067, #6074, .T. );
#4928 = FILL_AREA_STYLE( '', ( #6075 ) );
#4929 = EDGE_CURVE( '', #6076, #6077, #6078, .T. );
#4930 = EDGE_CURVE( '', #6076, #6079, #6080, .T. );
#4931 = EDGE_CURVE( '', #6079, #6081, #6082, .T. );
#4932 = EDGE_CURVE( '', #6077, #6081, #6083, .T. );
#4933 = FILL_AREA_STYLE( '', ( #6084 ) );
#4934 = EDGE_CURVE( '', #6085, #6086, #6087, .T. );
#4935 = EDGE_CURVE( '', #6086, #5978, #6088, .T. );
#4936 = EDGE_CURVE( '', #6085, #5735, #6089, .T. );
#4937 = FILL_AREA_STYLE( '', ( #6090 ) );
#4938 = EDGE_CURVE( '', #6091, #5809, #6092, .T. );
#4939 = EDGE_CURVE( '', #6091, #6093, #6094, .T. );
#4940 = EDGE_CURVE( '', #6093, #5812, #6095, .T. );
#4941 = FILL_AREA_STYLE( '', ( #6096 ) );
#4942 = EDGE_CURVE( '', #6097, #5616, #6098, .T. );
#4943 = EDGE_CURVE( '', #6099, #5621, #6100, .T. );
#4944 = EDGE_CURVE( '', #6099, #6097, #6101, .T. );
#4945 = FILL_AREA_STYLE( '', ( #6102 ) );
#4946 = EDGE_CURVE( '', #6103, #5855, #6104, .T. );
#4947 = EDGE_CURVE( '', #6105, #5853, #6106, .T. );
#4948 = EDGE_CURVE( '', #6105, #6103, #6107, .T. );
#4949 = FILL_AREA_STYLE( '', ( #6108 ) );
#4950 = EDGE_CURVE( '', #6109, #6109, #6110, .T. );
#4951 = FILL_AREA_STYLE( '', ( #6111 ) );
#4952 = EDGE_CURVE( '', #6112, #6113, #6114, .T. );
#4953 = EDGE_CURVE( '', #6001, #6113, #6115, .T. );
#4954 = EDGE_CURVE( '', #6005, #6116, #6117, .T. );
#4955 = EDGE_CURVE( '', #6118, #6116, #6119, .T. );
#4956 = EDGE_CURVE( '', #5791, #6118, #6120, .T. );
#4957 = EDGE_CURVE( '', #5789, #6112, #6121, .T. );
#4958 = FILL_AREA_STYLE( '', ( #6122 ) );
#4959 = EDGE_CURVE( '', #6123, #5454, #6124, .T. );
#4960 = EDGE_CURVE( '', #6125, #6123, #6126, .T. );
#4961 = EDGE_CURVE( '', #6125, #5448, #6127, .T. );
#4962 = EDGE_CURVE( '', #5595, #6128, #6129, .F. );
#4963 = EDGE_CURVE( '', #6128, #5440, #6130, .T. );
#4964 = EDGE_CURVE( '', #5438, #6131, #6132, .T. );
#4965 = EDGE_CURVE( '', #6131, #6133, #6134, .F. );
#4966 = EDGE_CURVE( '', #5434, #6133, #6135, .T. );
#4967 = EDGE_CURVE( '', #5486, #6136, #6137, .T. );
#4968 = EDGE_CURVE( '', #6136, #5512, #6138, .F. );
#4969 = EDGE_CURVE( '', #5750, #6139, #6140, .F. );
#4970 = EDGE_CURVE( '', #5472, #6139, #6141, .T. );
#4971 = EDGE_CURVE( '', #5470, #6142, #6143, .T. );
#4972 = EDGE_CURVE( '', #6142, #6144, #6145, .F. );
#4973 = EDGE_CURVE( '', #5464, #6144, #6146, .T. );
#4974 = EDGE_CURVE( '', #5784, #6147, #6148, .F. );
#4975 = EDGE_CURVE( '', #5456, #6147, #6149, .T. );
#4976 = FILL_AREA_STYLE( '', ( #6150 ) );
#4977 = EDGE_CURVE( '', #6151, #6152, #6153, .T. );
#4978 = EDGE_CURVE( '', #6154, #6151, #6155, .T. );
#4979 = EDGE_CURVE( '', #6156, #6154, #6157, .T. );
#4980 = EDGE_CURVE( '', #6158, #6156, #6159, .T. );
#4981 = EDGE_CURVE( '', #6160, #6158, #6161, .T. );
#4982 = EDGE_CURVE( '', #6152, #6160, #6162, .T. );
#4983 = FILL_AREA_STYLE( '', ( #6163 ) );
#4984 = EDGE_CURVE( '', #5499, #6164, #6165, .T. );
#4985 = EDGE_CURVE( '', #6164, #6038, #6166, .T. );
#4986 = EDGE_CURVE( '', #6038, #5500, #6167, .T. );
#4987 = FILL_AREA_STYLE( '', ( #6168 ) );
#4988 = EDGE_CURVE( '', #6169, #5869, #6170, .T. );
#4989 = EDGE_CURVE( '', #6169, #5962, #6171, .T. );
#4990 = FILL_AREA_STYLE( '', ( #6172 ) );
#4991 = EDGE_CURVE( '', #6173, #6174, #6175, .T. );
#4992 = EDGE_CURVE( '', #6176, #6174, #6177, .T. );
#4993 = EDGE_CURVE( '', #6178, #6176, #6179, .T. );
#4994 = EDGE_CURVE( '', #6178, #6173, #6180, .T. );
#4995 = FILL_AREA_STYLE( '', ( #6181 ) );
#4996 = EDGE_CURVE( '', #6116, #5827, #6182, .T. );
#4997 = EDGE_CURVE( '', #6118, #5829, #6183, .T. );
#4998 = FILL_AREA_STYLE( '', ( #6184 ) );
#4999 = EDGE_CURVE( '', #6185, #6013, #6186, .T. );
#5000 = EDGE_CURVE( '', #6185, #5805, #6187, .T. );
#5001 = FILL_AREA_STYLE( '', ( #6188 ) );
#5002 = EDGE_CURVE( '', #6189, #5518, #6190, .T. );
#5003 = EDGE_CURVE( '', #6112, #6189, #6191, .T. );
#5004 = EDGE_CURVE( '', #5546, #5788, #6192, .T. );
#5005 = EDGE_CURVE( '', #5519, #5545, #6193, .T. );
#5006 = FILL_AREA_STYLE( '', ( #6194 ) );
#5007 = EDGE_CURVE( '', #5589, #6195, #6196, .T. );
#5008 = EDGE_CURVE( '', #5746, #6195, #6197, .T. );
#5009 = EDGE_CURVE( '', #6198, #5744, #6199, .F. );
#5010 = EDGE_CURVE( '', #6198, #6200, #6201, .T. );
#5011 = EDGE_CURVE( '', #6009, #6200, #6202, .T. );
#5012 = FILL_AREA_STYLE( '', ( #6203 ) );
#5013 = EDGE_CURVE( '', #6204, #5691, #6205, .T. );
#5014 = EDGE_CURVE( '', #6206, #6204, #6207, .T. );
#5015 = EDGE_CURVE( '', #6206, #5693, #6208, .T. );
#5016 = FILL_AREA_STYLE( '', ( #6209 ) );
#5017 = EDGE_CURVE( '', #6210, #5768, #6211, .T. );
#5018 = EDGE_CURVE( '', #6212, #6210, #6213, .T. );
#5019 = EDGE_CURVE( '', #5776, #6212, #6214, .T. );
#5020 = EDGE_CURVE( '', #5771, #6061, #6215, .T. );
#5021 = FILL_AREA_STYLE( '', ( #6216 ) );
#5022 = EDGE_CURVE( '', #6217, #5977, #6218, .T. );
#5023 = EDGE_CURVE( '', #6217, #5879, #6219, .T. );
#5024 = FILL_AREA_STYLE( '', ( #6220 ) );
#5025 = EDGE_CURVE( '', #6221, #6123, #6222, .T. );
#5026 = EDGE_CURVE( '', #6221, #6223, #6224, .T. );
#5027 = EDGE_CURVE( '', #6223, #5490, #6225, .T. );
#5028 = EDGE_CURVE( '', #5848, #6226, #6227, .T. );
#5029 = EDGE_CURVE( '', #6226, #6000, #6228, .T. );
#5030 = EDGE_CURVE( '', #6113, #6229, #6230, .T. );
#5031 = EDGE_CURVE( '', #6229, #6231, #6232, .T. );
#5032 = EDGE_CURVE( '', #6231, #6233, #6234, .T. );
#5033 = EDGE_CURVE( '', #6233, #5991, #6235, .T. );
#5034 = EDGE_CURVE( '', #5992, #6125, #6236, .T. );
#5035 = FILL_AREA_STYLE( '', ( #6237 ) );
#5036 = EDGE_CURVE( '', #6238, #6239, #6240, .T. );
#5037 = EDGE_CURVE( '', #6241, #6239, #6242, .T. );
#5038 = EDGE_CURVE( '', #6243, #6241, #6244, .T. );
#5039 = EDGE_CURVE( '', #6243, #6238, #6245, .T. );
#5040 = FILL_AREA_STYLE( '', ( #6246 ) );
#5041 = EDGE_CURVE( '', #5847, #6247, #6248, .T. );
#5042 = EDGE_CURVE( '', #6247, #6226, #6249, .T. );
#5043 = FILL_AREA_STYLE( '', ( #6250 ) );
#5044 = EDGE_CURVE( '', #6251, #6030, #6252, .T. );
#5045 = EDGE_CURVE( '', #6253, #6251, #6254, .F. );
#5046 = EDGE_CURVE( '', #5919, #6253, #6255, .T. );
#5047 = FILL_AREA_STYLE( '', ( #6256 ) );
#5048 = EDGE_CURVE( '', #6257, #6257, #6258, .T. );
#5049 = FILL_AREA_STYLE( '', ( #6259 ) );
#5050 = EDGE_CURVE( '', #6247, #6260, #6261, .T. );
#5051 = EDGE_CURVE( '', #6262, #6260, #6263, .T. );
#5052 = EDGE_CURVE( '', #6264, #6262, #6265, .T. );
#5053 = EDGE_CURVE( '', #6264, #6266, #6267, .T. );
#5054 = EDGE_CURVE( '', #6266, #6003, #6268, .T. );
#5055 = FILL_AREA_STYLE( '', ( #6269 ) );
#5056 = EDGE_CURVE( '', #6270, #6271, #6272, .T. );
#5057 = EDGE_CURVE( '', #6271, #6047, #6273, .T. );
#5058 = EDGE_CURVE( '', #6270, #5814, #6274, .T. );
#5059 = FILL_AREA_STYLE( '', ( #6275 ) );
#5060 = EDGE_CURVE( '', #6068, #6238, #6276, .T. );
#5061 = EDGE_CURVE( '', #6070, #6243, #6277, .T. );
#5062 = FILL_AREA_STYLE( '', ( #6278 ) );
#5063 = EDGE_CURVE( '', #6279, #6280, #6281, .T. );
#5064 = EDGE_CURVE( '', #6282, #6280, #6283, .T. );
#5065 = EDGE_CURVE( '', #6284, #6282, #6285, .T. );
#5066 = EDGE_CURVE( '', #6284, #6279, #6286, .T. );
#5067 = FILL_AREA_STYLE( '', ( #6287 ) );
#5068 = EDGE_CURVE( '', #5865, #6288, #6289, .T. );
#5069 = EDGE_CURVE( '', #6288, #5667, #6290, .T. );
#5070 = FILL_AREA_STYLE( '', ( #6291 ) );
#5071 = EDGE_CURVE( '', #5617, #6292, #6293, .T. );
#5072 = EDGE_CURVE( '', #6294, #6097, #6295, .T. );
#5073 = EDGE_CURVE( '', #6296, #6294, #6297, .T. );
#5074 = EDGE_CURVE( '', #6298, #6296, #6299, .T. );
#5075 = EDGE_CURVE( '', #6300, #6298, #6301, .T. );
#5076 = EDGE_CURVE( '', #6292, #6300, #6302, .T. );
#5077 = FILL_AREA_STYLE( '', ( #6303 ) );
#5078 = EDGE_CURVE( '', #6128, #5773, #6304, .F. );
#5079 = FILL_AREA_STYLE( '', ( #6305 ) );
#5080 = EDGE_CURVE( '', #6306, #6307, #6308, .T. );
#5081 = EDGE_CURVE( '', #5917, #6307, #6309, .T. );
#5082 = EDGE_CURVE( '', #5927, #6306, #6310, .T. );
#5083 = FILL_AREA_STYLE( '', ( #6311 ) );
#5084 = EDGE_CURVE( '', #6312, #5971, #6313, .T. );
#5085 = EDGE_CURVE( '', #6312, #5897, #6314, .T. );
#5086 = EDGE_CURVE( '', #5983, #5973, #6315, .T. );
#5087 = FILL_AREA_STYLE( '', ( #6316 ) );
#5088 = EDGE_CURVE( '', #6204, #5658, #6317, .T. );
#5089 = FILL_AREA_STYLE( '', ( #6318 ) );
#5090 = EDGE_CURVE( '', #6319, #6319, #6320, .T. );
#5091 = FILL_AREA_STYLE( '', ( #6321 ) );
#5092 = EDGE_CURVE( '', #6322, #6057, #6323, .T. );
#5093 = EDGE_CURVE( '', #5530, #6322, #6324, .T. );
#5094 = FILL_AREA_STYLE( '', ( #6325 ) );
#5095 = EDGE_CURVE( '', #6326, #5713, #6327, .T. );
#5096 = EDGE_CURVE( '', #5921, #6326, #6328, .T. );
#5097 = FILL_AREA_STYLE( '', ( #6329 ) );
#5098 = EDGE_CURVE( '', #6330, #6195, #6331, .T. );
#5099 = EDGE_CURVE( '', #6011, #6330, #6332, .T. );
#5100 = EDGE_CURVE( '', #6200, #6333, #6334, .T. );
#5101 = EDGE_CURVE( '', #6333, #5748, #6335, .F. );
#5102 = FILL_AREA_STYLE( '', ( #6336 ) );
#5103 = EDGE_CURVE( '', #6337, #5890, #6338, .T. );
#5104 = EDGE_CURVE( '', #6337, #5679, #6339, .T. );
#5105 = FILL_AREA_STYLE( '', ( #6340 ) );
#5106 = EDGE_CURVE( '', #5875, #6341, #6342, .T. );
#5107 = EDGE_CURVE( '', #6341, #5810, #6343, .T. );
#5108 = FILL_AREA_STYLE( '', ( #6344 ) );
#5109 = EDGE_CURVE( '', #6341, #6091, #6345, .T. );
#5110 = FILL_AREA_STYLE( '', ( #6346 ) );
#5111 = EDGE_CURVE( '', #6347, #6348, #6349, .T. );
#5112 = EDGE_CURVE( '', #6350, #6348, #6351, .T. );
#5113 = EDGE_CURVE( '', #6352, #6350, #6353, .T. );
#5114 = EDGE_CURVE( '', #6352, #6347, #6354, .T. );
#5115 = FILL_AREA_STYLE( '', ( #6355 ) );
#5116 = EDGE_CURVE( '', #6356, #5429, #6357, .T. );
#5117 = EDGE_CURVE( '', #5946, #6356, #6358, .T. );
#5118 = FILL_AREA_STYLE( '', ( #6359 ) );
#5119 = EDGE_CURVE( '', #6307, #5762, #6360, .T. );
#5120 = FILL_AREA_STYLE( '', ( #6361 ) );
#5121 = EDGE_CURVE( '', #6362, #6363, #6364, .T. );
#5122 = EDGE_CURVE( '', #6365, #6363, #6366, .T. );
#5123 = EDGE_CURVE( '', #6367, #6365, #6368, .T. );
#5124 = EDGE_CURVE( '', #6367, #6362, #6369, .T. );
#5125 = FILL_AREA_STYLE( '', ( #6370 ) );
#5126 = EDGE_CURVE( '', #6356, #5564, #6371, .T. );
#5127 = FILL_AREA_STYLE( '', ( #6372 ) );
#5128 = EDGE_CURVE( '', #6373, #6374, #6375, .T. );
#5129 = EDGE_CURVE( '', #6376, #6374, #6377, .T. );
#5130 = EDGE_CURVE( '', #6376, #5911, #6378, .T. );
#5131 = EDGE_CURVE( '', #6379, #5913, #6380, .T. );
#5132 = EDGE_CURVE( '', #6379, #6381, #6382, .T. );
#5133 = EDGE_CURVE( '', #6381, #6383, #6384, .T. );
#5134 = EDGE_CURVE( '', #6383, #6221, #6385, .T. );
#5135 = EDGE_CURVE( '', #5452, #5937, #6386, .T. );
#5136 = EDGE_CURVE( '', #6034, #6373, #6387, .T. );
#5137 = FILL_AREA_STYLE( '', ( #6388 ) );
#5138 = EDGE_CURVE( '', #6081, #5577, #6389, .T. );
#5139 = EDGE_CURVE( '', #6077, #5582, #6390, .T. );
#5140 = FILL_AREA_STYLE( '', ( #6391 ) );
#5141 = EDGE_CURVE( '', #5706, #6376, #6392, .T. );
#5142 = FILL_AREA_STYLE( '', ( #6393 ) );
#5143 = EDGE_CURVE( '', #6086, #6217, #6394, .T. );
#5144 = FILL_AREA_STYLE( '', ( #6395 ) );
#5145 = EDGE_CURVE( '', #6396, #6397, #6398, .T. );
#5146 = EDGE_CURVE( '', #6212, #6396, #6399, .T. );
#5147 = EDGE_CURVE( '', #6210, #6397, #6400, .T. );
#5148 = FILL_AREA_STYLE( '', ( #6401 ) );
#5149 = EDGE_CURVE( '', #6402, #6402, #6403, .F. );
#5150 = EDGE_CURVE( '', #6404, #6404, #6405, .T. );
#5151 = FILL_AREA_STYLE( '', ( #6406 ) );
#5152 = EDGE_CURVE( '', #5819, #6407, #6408, .T. );
#5153 = EDGE_CURVE( '', #6409, #6407, #6410, .T. );
#5154 = EDGE_CURVE( '', #5821, #6409, #6411, .T. );
#5155 = FILL_AREA_STYLE( '', ( #6412 ) );
#5156 = EDGE_CURVE( '', #6239, #6413, #6414, .T. );
#5157 = EDGE_CURVE( '', #6415, #6067, #6416, .T. );
#5158 = EDGE_CURVE( '', #6413, #6415, #6417, .T. );
#5159 = FILL_AREA_STYLE( '', ( #6418 ) );
#5160 = EDGE_CURVE( '', #6419, #5956, #6420, .T. );
#5161 = EDGE_CURVE( '', #5731, #6419, #6421, .T. );
#5162 = EDGE_CURVE( '', #5729, #6422, #6423, .T. );
#5163 = EDGE_CURVE( '', #5952, #6422, #6424, .T. );
#5164 = FILL_AREA_STYLE( '', ( #6425 ) );
#5165 = EDGE_CURVE( '', #5931, #5671, #6426, .T. );
#5166 = EDGE_CURVE( '', #6144, #5673, #6427, .F. );
#5167 = FILL_AREA_STYLE( '', ( #6428 ) );
#5168 = EDGE_CURVE( '', #6429, #6430, #6431, .T. );
#5169 = EDGE_CURVE( '', #6430, #5769, #6432, .T. );
#5170 = EDGE_CURVE( '', #6429, #5778, #6433, .T. );
#5171 = FILL_AREA_STYLE( '', ( #6434 ) );
#5172 = EDGE_CURVE( '', #6435, #6051, #6436, .T. );
#5173 = EDGE_CURVE( '', #6437, #6435, #6438, .T. );
#5174 = EDGE_CURVE( '', #6437, #6053, #6439, .T. );
#5175 = FILL_AREA_STYLE( '', ( #6440 ) );
#5176 = EDGE_CURVE( '', #5907, #6131, #6441, .F. );
#5177 = EDGE_CURVE( '', #6133, #5905, #6442, .F. );
#5178 = FILL_AREA_STYLE( '', ( #6443 ) );
#5179 = EDGE_CURVE( '', #6444, #6160, #6445, .T. );
#5180 = EDGE_CURVE( '', #6446, #6444, #6447, .T. );
#5181 = EDGE_CURVE( '', #6446, #6152, #6448, .T. );
#5182 = FILL_AREA_STYLE( '', ( #6449 ) );
#5183 = EDGE_CURVE( '', #6450, #6415, #6451, .T. );
#5184 = EDGE_CURVE( '', #6452, #6450, #6453, .T. );
#5185 = EDGE_CURVE( '', #6452, #6413, #6454, .T. );
#5186 = FILL_AREA_STYLE( '', ( #6455 ) );
#5187 = EDGE_CURVE( '', #5933, #5662, #6456, .T. );
#5188 = EDGE_CURVE( '', #5669, #6169, #6457, .T. );
#5189 = FILL_AREA_STYLE( '', ( #6458 ) );
#5190 = EDGE_CURVE( '', #6459, #6085, #6460, .T. );
#5191 = EDGE_CURVE( '', #6461, #6459, #6462, .T. );
#5192 = EDGE_CURVE( '', #6463, #6461, #6464, .T. );
#5193 = EDGE_CURVE( '', #6164, #6463, #6465, .T. );
#5194 = EDGE_CURVE( '', #5682, #5504, #6466, .T. );
#5195 = EDGE_CURVE( '', #5580, #6337, #6467, .T. );
#5196 = EDGE_CURVE( '', #5578, #6468, #6469, .T. );
#5197 = EDGE_CURVE( '', #6470, #6468, #6471, .T. );
#5198 = EDGE_CURVE( '', #6322, #6470, #6472, .T. );
#5199 = EDGE_CURVE( '', #6473, #6055, #6474, .T. );
#5200 = EDGE_CURVE( '', #5644, #6473, #6475, .T. );
#5201 = EDGE_CURVE( '', #6444, #6206, #6476, .T. );
#5202 = EDGE_CURVE( '', #6477, #6158, #6478, .T. );
#5203 = EDGE_CURVE( '', #6450, #6477, #6479, .T. );
#5204 = EDGE_CURVE( '', #5708, #6072, #6480, .T. );
#5205 = EDGE_CURVE( '', #6481, #6374, #6482, .T. );
#5206 = EDGE_CURVE( '', #6271, #6481, #6483, .T. );
#5207 = EDGE_CURVE( '', #6093, #6270, #6484, .T. );
#5208 = EDGE_CURVE( '', #6485, #5797, #6486, .T. );
#5209 = EDGE_CURVE( '', #6487, #6485, #6488, .T. );
#5210 = EDGE_CURVE( '', #6489, #6487, #6490, .T. );
#5211 = EDGE_CURVE( '', #5414, #6489, #6491, .T. );
#5212 = EDGE_CURVE( '', #5880, #5413, #6492, .T. );
#5213 = FILL_AREA_STYLE( '', ( #6493 ) );
#5214 = EDGE_CURVE( '', #6494, #6362, #6495, .T. );
#5215 = EDGE_CURVE( '', #6383, #6494, #6496, .T. );
#5216 = EDGE_CURVE( '', #6497, #6381, #6498, .T. );
#5217 = EDGE_CURVE( '', #6363, #6497, #6499, .T. );
#5218 = FILL_AREA_STYLE( '', ( #6500 ) );
#5219 = EDGE_CURVE( '', #6422, #6501, #6502, .T. );
#5220 = EDGE_CURVE( '', #5951, #6501, #6503, .T. );
#5221 = FILL_AREA_STYLE( '', ( #6504 ) );
#5222 = EDGE_CURVE( '', #6253, #6326, #6505, .T. );
#5223 = FILL_AREA_STYLE( '', ( #6506 ) );
#5224 = EDGE_CURVE( '', #6507, #6497, #6508, .T. );
#5225 = EDGE_CURVE( '', #6365, #6507, #6509, .T. );
#5226 = FILL_AREA_STYLE( '', ( #6510 ) );
#5227 = EDGE_CURVE( '', #6487, #6043, #6511, .T. );
#5228 = EDGE_CURVE( '', #6043, #6512, #6513, .T. );
#5229 = EDGE_CURVE( '', #6489, #6512, #6514, .T. );
#5230 = FILL_AREA_STYLE( '', ( #6515 ) );
#5231 = EDGE_CURVE( '', #6435, #5532, #6516, .T. );
#5232 = FILL_AREA_STYLE( '', ( #6517 ) );
#5233 = EDGE_CURVE( '', #6407, #6266, #6518, .T. );
#5234 = FILL_AREA_STYLE( '', ( #6519 ) );
#5235 = EDGE_CURVE( '', #6520, #6347, #6521, .T. );
#5236 = EDGE_CURVE( '', #6522, #6352, #6523, .T. );
#5237 = EDGE_CURVE( '', #6522, #6520, #6524, .T. );
#5238 = FILL_AREA_STYLE( '', ( #6525 ) );
#5239 = EDGE_CURVE( '', #5925, #5715, #6526, .T. );
#5240 = FILL_AREA_STYLE( '', ( #6527 ) );
#5241 = EDGE_CURVE( '', #6253, #5762, #6528, .T. );
#5242 = EDGE_CURVE( '', #5764, #6251, #6529, .T. );
#5243 = FILL_AREA_STYLE( '', ( #6530 ) );
#5244 = EDGE_CURVE( '', #6531, #6079, #6532, .T. );
#5245 = EDGE_CURVE( '', #6533, #6076, #6534, .T. );
#5246 = EDGE_CURVE( '', #6533, #6531, #6535, .T. );
#5247 = FILL_AREA_STYLE( '', ( #6536 ) );
#5248 = EDGE_CURVE( '', #6463, #5738, #6537, .T. );
#5249 = FILL_AREA_STYLE( '', ( #6538 ) );
#5250 = EDGE_CURVE( '', #6174, #6279, #6539, .T. );
#5251 = EDGE_CURVE( '', #5996, #6173, #6540, .T. );
#5252 = EDGE_CURVE( '', #6280, #5994, #6541, .T. );
#5253 = FILL_AREA_STYLE( '', ( #6542 ) );
#5254 = EDGE_CURVE( '', #6176, #6284, #6543, .T. );
#5255 = FILL_AREA_STYLE( '', ( #6544 ) );
#5256 = EDGE_CURVE( '', #5987, #5968, #6545, .T. );
#5257 = EDGE_CURVE( '', #6546, #5899, #6547, .T. );
#5258 = EDGE_CURVE( '', #6546, #5969, #6548, .T. );
#5259 = FILL_AREA_STYLE( '', ( #6549 ) );
#5260 = EDGE_CURVE( '', #5715, #6306, #6550, .T. );
#5261 = FILL_AREA_STYLE( '', ( #6551 ) );
#5262 = EDGE_CURVE( '', #6552, #6419, #6553, .T. );
#5263 = EDGE_CURVE( '', #5721, #6552, #6554, .T. );
#5264 = FILL_AREA_STYLE( '', ( #6555 ) );
#5265 = FILL_AREA_STYLE( '', ( #6556 ) );
#5266 = EDGE_CURVE( '', #5675, #6142, #6557, .F. );
#5267 = FILL_AREA_STYLE( '', ( #6558 ) );
#5268 = EDGE_CURVE( '', #6397, #6559, #6560, .T. );
#5269 = EDGE_CURVE( '', #6430, #6559, #6561, .T. );
#5270 = FILL_AREA_STYLE( '', ( #6562 ) );
#5271 = EDGE_CURVE( '', #6185, #6330, #6563, .T. );
#5272 = FILL_AREA_STYLE( '', ( #6564 ) );
#5273 = EDGE_CURVE( '', #6189, #6229, #6565, .T. );
#5274 = FILL_AREA_STYLE( '', ( #6566 ) );
#5275 = EDGE_CURVE( '', #6559, #6567, #6568, .T. );
#5276 = EDGE_CURVE( '', #6567, #6396, #6569, .T. );
#5277 = FILL_AREA_STYLE( '', ( #6570 ) );
#5278 = EDGE_CURVE( '', #5416, #6512, #6571, .T. );
#5279 = FILL_AREA_STYLE( '', ( #6572 ) );
#5280 = EDGE_CURVE( '', #6473, #6437, #6573, .T. );
#5281 = FILL_AREA_STYLE( '', ( #6574 ) );
#5282 = EDGE_CURVE( '', #6575, #5782, #6576, .F. );
#5283 = EDGE_CURVE( '', #6147, #6575, #6577, .F. );
#5284 = FILL_AREA_STYLE( '', ( #6578 ) );
#5285 = FILL_AREA_STYLE( '', ( #6579 ) );
#5286 = EDGE_CURVE( '', #5508, #6580, #6581, .F. );
#5287 = EDGE_CURVE( '', #6580, #5484, #6582, .F. );
#5288 = FILL_AREA_STYLE( '', ( #6583 ) );
#5289 = EDGE_CURVE( '', #6296, #6233, #6584, .T. );
#5290 = EDGE_CURVE( '', #6298, #6231, #6585, .T. );
#5291 = FILL_AREA_STYLE( '', ( #6586 ) );
#5292 = EDGE_CURVE( '', #6501, #5722, #6587, .T. );
#5293 = EDGE_CURVE( '', #5727, #6575, #6588, .T. );
#5294 = FILL_AREA_STYLE( '', ( #6589 ) );
#5295 = EDGE_CURVE( '', #6260, #6520, #6590, .T. );
#5296 = EDGE_CURVE( '', #6348, #6103, #6591, .T. );
#5297 = FILL_AREA_STYLE( '', ( #6592 ) );
#5298 = FILL_AREA_STYLE( '', ( #6593 ) );
#5299 = FILL_AREA_STYLE( '', ( #6594 ) );
#5300 = EDGE_CURVE( '', #5474, #6198, #6595, .F. );
#5301 = FILL_AREA_STYLE( '', ( #6596 ) );
#5302 = EDGE_CURVE( '', #6597, #6154, #6598, .T. );
#5303 = EDGE_CURVE( '', #6599, #6597, #6600, .T. );
#5304 = EDGE_CURVE( '', #6599, #6156, #6601, .T. );
#5305 = FILL_AREA_STYLE( '', ( #6602 ) );
#5306 = EDGE_CURVE( '', #6603, #6603, #6604, .T. );
#5307 = FILL_AREA_STYLE( '', ( #6605 ) );
#5308 = FILL_AREA_STYLE( '', ( #6606 ) );
#5309 = EDGE_CURVE( '', #6580, #5563, #6607, .T. );
#5310 = FILL_AREA_STYLE( '', ( #6608 ) );
#5311 = EDGE_CURVE( '', #6288, #5963, #6609, .T. );
#5312 = FILL_AREA_STYLE( '', ( #6610 ) );
#5313 = EDGE_CURVE( '', #6429, #6567, #6611, .T. );
#5314 = FILL_AREA_STYLE( '', ( #6612 ) );
#5315 = EDGE_CURVE( '', #6461, #5740, #6613, .T. );
#5316 = FILL_AREA_STYLE( '', ( #6614 ) );
#5317 = EDGE_CURVE( '', #6036, #5502, #6615, .T. );
#5318 = FILL_AREA_STYLE( '', ( #6616 ) );
#5319 = EDGE_CURVE( '', #6485, #5537, #6617, .T. );
#5320 = FILL_AREA_STYLE( '', ( #6618 ) );
#5321 = EDGE_CURVE( '', #6619, #5523, #6620, .T. );
#5322 = EDGE_CURVE( '', #6619, #6300, #6621, .T. );
#5323 = FILL_AREA_STYLE( '', ( #6622 ) );
#5324 = EDGE_CURVE( '', #6262, #6522, #6623, .T. );
#5325 = FILL_AREA_STYLE( '', ( #6624 ) );
#5326 = EDGE_CURVE( '', #6459, #5736, #6625, .T. );
#5327 = FILL_AREA_STYLE( '', ( #6626 ) );
#5328 = FILL_AREA_STYLE( '', ( #6627 ) );
#5329 = EDGE_CURVE( '', #6409, #6264, #6628, .T. );
#5330 = FILL_AREA_STYLE( '', ( #6629 ) );
#5331 = EDGE_CURVE( '', #6630, #6630, #6631, .T. );
#5332 = FILL_AREA_STYLE( '', ( #6632 ) );
#5333 = EDGE_CURVE( '', #6139, #6333, #6633, .F. );
#5334 = FILL_AREA_STYLE( '', ( #6634 ) );
#5335 = EDGE_CURVE( '', #6241, #6452, #6635, .T. );
#5336 = FILL_AREA_STYLE( '', ( #6636 ) );
#5337 = EDGE_CURVE( '', #6637, #6151, #6638, .T. );
#5338 = EDGE_CURVE( '', #6597, #6637, #6639, .T. );
#5339 = FILL_AREA_STYLE( '', ( #6640 ) );
#5340 = FILL_AREA_STYLE( '', ( #6641 ) );
#5341 = EDGE_CURVE( '', #5450, #5940, #6642, .T. );
#5342 = FILL_AREA_STYLE( '', ( #6643 ) );
#5343 = EDGE_CURVE( '', #6468, #6531, #6644, .T. );
#5344 = EDGE_CURVE( '', #6470, #6533, #6645, .T. );
#5345 = FILL_AREA_STYLE( '', ( #6646 ) );
#5346 = FILL_AREA_STYLE( '', ( #6647 ) );
#5347 = FILL_AREA_STYLE( '', ( #6648 ) );
#5348 = EDGE_CURVE( '', #6649, #6292, #6650, .T. );
#5349 = EDGE_CURVE( '', #5619, #6649, #6651, .T. );
#5350 = FILL_AREA_STYLE( '', ( #6652 ) );
#5351 = EDGE_CURVE( '', #6637, #6446, #6653, .T. );
#5352 = FILL_AREA_STYLE( '', ( #6654 ) );
#5353 = FILL_AREA_STYLE( '', ( #6655 ) );
#5354 = EDGE_CURVE( '', #5954, #6552, #6656, .T. );
#5355 = FILL_AREA_STYLE( '', ( #6657 ) );
#5356 = EDGE_CURVE( '', #6658, #6294, #6659, .T. );
#5357 = EDGE_CURVE( '', #6282, #6658, #6660, .T. );
#5358 = FILL_AREA_STYLE( '', ( #6661 ) );
#5359 = EDGE_CURVE( '', #6507, #6379, #6662, .T. );
#5360 = FILL_AREA_STYLE( '', ( #6663 ) );
#5361 = EDGE_CURVE( '', #5573, #6136, #6664, .F. );
#5362 = FILL_AREA_STYLE( '', ( #6665 ) );
#5363 = EDGE_CURVE( '', #5521, #5550, #6666, .T. );
#5364 = FILL_AREA_STYLE( '', ( #6667 ) );
#5365 = FILL_AREA_STYLE( '', ( #6668 ) );
#5366 = FILL_AREA_STYLE( '', ( #6669 ) );
#5367 = EDGE_CURVE( '', #6494, #6223, #6670, .T. );
#5368 = FILL_AREA_STYLE( '', ( #6671 ) );
#5369 = EDGE_CURVE( '', #6350, #6105, #6672, .T. );
#5370 = FILL_AREA_STYLE( '', ( #6673 ) );
#5371 = EDGE_CURVE( '', #6312, #6546, #6674, .T. );
#5372 = FILL_AREA_STYLE( '', ( #6675 ) );
#5373 = FILL_AREA_STYLE( '', ( #6676 ) );
#5374 = EDGE_CURVE( '', #6677, #6677, #6678, .T. );
#5375 = FILL_AREA_STYLE( '', ( #6679 ) );
#5376 = FILL_AREA_STYLE( '', ( #6680 ) );
#5377 = EDGE_CURVE( '', #6481, #6681, #6682, .T. );
#5378 = EDGE_CURVE( '', #6681, #6373, #6683, .T. );
#5379 = FILL_AREA_STYLE( '', ( #6684 ) );
#5380 = FILL_AREA_STYLE( '', ( #6685 ) );
#5381 = EDGE_CURVE( '', #6658, #6099, #6686, .T. );
#5382 = FILL_AREA_STYLE( '', ( #6687 ) );
#5383 = EDGE_CURVE( '', #6688, #6017, #6689, .T. );
#5384 = EDGE_CURVE( '', #6688, #5637, #6690, .T. );
#5385 = FILL_AREA_STYLE( '', ( #6691 ) );
#5386 = EDGE_CURVE( '', #6692, #6178, #6693, .T. );
#5387 = EDGE_CURVE( '', #6692, #5684, #6694, .T. );
#5388 = FILL_AREA_STYLE( '', ( #6695 ) );
#5389 = EDGE_CURVE( '', #6696, #6696, #6697, .T. );
#5390 = FILL_AREA_STYLE( '', ( #6698 ) );
#5391 = EDGE_CURVE( '', #6681, #6047, #6699, .T. );
#5392 = FILL_AREA_STYLE( '', ( #6700 ) );
#5393 = EDGE_CURVE( '', #5888, #6692, #6701, .T. );
#5394 = FILL_AREA_STYLE( '', ( #6702 ) );
#5395 = FILL_AREA_STYLE( '', ( #6703 ) );
#5396 = FILL_AREA_STYLE( '', ( #6704 ) );
#5397 = EDGE_CURVE( '', #6649, #6619, #6705, .T. );
#5398 = FILL_AREA_STYLE( '', ( #6706 ) );
#5399 = EDGE_CURVE( '', #6477, #6599, #6707, .T. );
#5400 = FILL_AREA_STYLE( '', ( #6708 ) );
#5401 = FILL_AREA_STYLE( '', ( #6709 ) );
#5402 = FILL_AREA_STYLE( '', ( #6710 ) );
#5403 = FILL_AREA_STYLE( '', ( #6711 ) );
#5404 = FILL_AREA_STYLE( '', ( #6712 ) );
#5405 = FILL_AREA_STYLE( '', ( #6713 ) );
#5406 = EDGE_CURVE( '', #5548, #5793, #6714, .T. );
#5407 = FILL_AREA_STYLE( '', ( #6715 ) );
#5408 = EDGE_CURVE( '', #5557, #6367, #6716, .T. );
#5409 = FILL_AREA_STYLE( '', ( #6717 ) );
#5410 = EDGE_CURVE( '', #6026, #6688, #6718, .T. );
#5411 = FILL_AREA_STYLE( '', ( #6719 ) );
#5412 = FILL_AREA_STYLE_COLOUR( '', #6720 );
#5413 = VERTEX_POINT( '', #6721 );
#5414 = VERTEX_POINT( '', #6722 );
#5415 = LINE( '', #6723, #6724 );
#5416 = VERTEX_POINT( '', #6725 );
#5417 = LINE( '', #6726, #6727 );
#5418 = VERTEX_POINT( '', #6728 );
#5419 = LINE( '', #6729, #6730 );
#5420 = LINE( '', #6731, #6732 );
#5421 = FILL_AREA_STYLE_COLOUR( '', #6733 );
#5422 = VERTEX_POINT( '', #6734 );
#5423 = CIRCLE( '', #6735, 0.900000000000000 );
#5424 = VERTEX_POINT( '', #6736 );
#5425 = VERTEX_POINT( '', #6737 );
#5426 = LINE( '', #6738, #6739 );
#5427 = VERTEX_POINT( '', #6740 );
#5428 = LINE( '', #6741, #6742 );
#5429 = VERTEX_POINT( '', #6743 );
#5430 = LINE( '', #6744, #6745 );
#5431 = LINE( '', #6746, #6747 );
#5432 = FILL_AREA_STYLE_COLOUR( '', #6748 );
#5433 = VERTEX_POINT( '', #6749 );
#5434 = VERTEX_POINT( '', #6750 );
#5435 = LINE( '', #6751, #6752 );
#5436 = VERTEX_POINT( '', #6753 );
#5437 = LINE( '', #6754, #6755 );
#5438 = VERTEX_POINT( '', #6756 );
#5439 = LINE( '', #6757, #6758 );
#5440 = VERTEX_POINT( '', #6759 );
#5441 = LINE( '', #6760, #6761 );
#5442 = VERTEX_POINT( '', #6762 );
#5443 = LINE( '', #6763, #6764 );
#5444 = VERTEX_POINT( '', #6765 );
#5445 = LINE( '', #6766, #6767 );
#5446 = VERTEX_POINT( '', #6768 );
#5447 = LINE( '', #6769, #6770 );
#5448 = VERTEX_POINT( '', #6771 );
#5449 = LINE( '', #6772, #6773 );
#5450 = VERTEX_POINT( '', #6774 );
#5451 = LINE( '', #6775, #6776 );
#5452 = VERTEX_POINT( '', #6777 );
#5453 = LINE( '', #6778, #6779 );
#5454 = VERTEX_POINT( '', #6780 );
#5455 = LINE( '', #6781, #6782 );
#5456 = VERTEX_POINT( '', #6783 );
#5457 = LINE( '', #6784, #6785 );
#5458 = VERTEX_POINT( '', #6786 );
#5459 = LINE( '', #6787, #6788 );
#5460 = VERTEX_POINT( '', #6789 );
#5461 = LINE( '', #6790, #6791 );
#5462 = VERTEX_POINT( '', #6792 );
#5463 = LINE( '', #6793, #6794 );
#5464 = VERTEX_POINT( '', #6795 );
#5465 = LINE( '', #6796, #6797 );
#5466 = VERTEX_POINT( '', #6798 );
#5467 = LINE( '', #6799, #6800 );
#5468 = VERTEX_POINT( '', #6801 );
#5469 = LINE( '', #6802, #6803 );
#5470 = VERTEX_POINT( '', #6804 );
#5471 = LINE( '', #6805, #6806 );
#5472 = VERTEX_POINT( '', #6807 );
#5473 = LINE( '', #6808, #6809 );
#5474 = VERTEX_POINT( '', #6810 );
#5475 = LINE( '', #6811, #6812 );
#5476 = VERTEX_POINT( '', #6813 );
#5477 = LINE( '', #6814, #6815 );
#5478 = VERTEX_POINT( '', #6816 );
#5479 = LINE( '', #6817, #6818 );
#5480 = VERTEX_POINT( '', #6819 );
#5481 = LINE( '', #6820, #6821 );
#5482 = VERTEX_POINT( '', #6822 );
#5483 = LINE( '', #6823, #6824 );
#5484 = VERTEX_POINT( '', #6825 );
#5485 = LINE( '', #6826, #6827 );
#5486 = VERTEX_POINT( '', #6828 );
#5487 = LINE( '', #6829, #6830 );
#5488 = LINE( '', #6831, #6832 );
#5489 = FILL_AREA_STYLE_COLOUR( '', #6833 );
#5490 = VERTEX_POINT( '', #6834 );
#5491 = VERTEX_POINT( '', #6835 );
#5492 = LINE( '', #6836, #6837 );
#5493 = VERTEX_POINT( '', #6838 );
#5494 = LINE( '', #6839, #6840 );
#5495 = VERTEX_POINT( '', #6841 );
#5496 = LINE( '', #6842, #6843 );
#5497 = LINE( '', #6844, #6845 );
#5498 = FILL_AREA_STYLE_COLOUR( '', #6846 );
#5499 = VERTEX_POINT( '', #6847 );
#5500 = VERTEX_POINT( '', #6848 );
#5501 = LINE( '', #6849, #6850 );
#5502 = VERTEX_POINT( '', #6851 );
#5503 = LINE( '', #6852, #6853 );
#5504 = VERTEX_POINT( '', #6854 );
#5505 = LINE( '', #6855, #6856 );
#5506 = LINE( '', #6857, #6858 );
#5507 = FILL_AREA_STYLE_COLOUR( '', #6859 );
#5508 = VERTEX_POINT( '', #6860 );
#5509 = VERTEX_POINT( '', #6861 );
#5510 = LINE( '', #6862, #6863 );
#5511 = LINE( '', #6864, #6865 );
#5512 = VERTEX_POINT( '', #6866 );
#5513 = LINE( '', #6867, #6868 );
#5514 = VERTEX_POINT( '', #6869 );
#5515 = LINE( '', #6870, #6871 );
#5516 = LINE( '', #6872, #6873 );
#5517 = FILL_AREA_STYLE_COLOUR( '', #6874 );
#5518 = VERTEX_POINT( '', #6875 );
#5519 = VERTEX_POINT( '', #6876 );
#5520 = LINE( '', #6877, #6878 );
#5521 = VERTEX_POINT( '', #6879 );
#5522 = LINE( '', #6880, #6881 );
#5523 = VERTEX_POINT( '', #6882 );
#5524 = LINE( '', #6883, #6884 );
#5525 = LINE( '', #6885, #6886 );
#5526 = FILL_AREA_STYLE_COLOUR( '', #6887 );
#5527 = VERTEX_POINT( '', #6888 );
#5528 = VERTEX_POINT( '', #6889 );
#5529 = LINE( '', #6890, #6891 );
#5530 = VERTEX_POINT( '', #6892 );
#5531 = LINE( '', #6893, #6894 );
#5532 = VERTEX_POINT( '', #6895 );
#5533 = LINE( '', #6896, #6897 );
#5534 = LINE( '', #6898, #6899 );
#5535 = FILL_AREA_STYLE_COLOUR( '', #6900 );
#5536 = VERTEX_POINT( '', #6901 );
#5537 = VERTEX_POINT( '', #6902 );
#5538 = LINE( '', #6903, #6904 );
#5539 = VERTEX_POINT( '', #6905 );
#5540 = LINE( '', #6906, #6907 );
#5541 = VERTEX_POINT( '', #6908 );
#5542 = LINE( '', #6909, #6910 );
#5543 = LINE( '', #6911, #6912 );
#5544 = FILL_AREA_STYLE_COLOUR( '', #6913 );
#5545 = VERTEX_POINT( '', #6914 );
#5546 = VERTEX_POINT( '', #6915 );
#5547 = LINE( '', #6916, #6917 );
#5548 = VERTEX_POINT( '', #6918 );
#5549 = LINE( '', #6919, #6920 );
#5550 = VERTEX_POINT( '', #6921 );
#5551 = LINE( '', #6922, #6923 );
#5552 = LINE( '', #6924, #6925 );
#5553 = FILL_AREA_STYLE_COLOUR( '', #6926 );
#5554 = VERTEX_POINT( '', #6927 );
#5555 = VERTEX_POINT( '', #6928 );
#5556 = LINE( '', #6929, #6930 );
#5557 = VERTEX_POINT( '', #6931 );
#5558 = LINE( '', #6932, #6933 );
#5559 = VERTEX_POINT( '', #6934 );
#5560 = LINE( '', #6935, #6936 );
#5561 = LINE( '', #6937, #6938 );
#5562 = FILL_AREA_STYLE_COLOUR( '', #6939 );
#5563 = VERTEX_POINT( '', #6940 );
#5564 = VERTEX_POINT( '', #6941 );
#5565 = LINE( '', #6942, #6943 );
#5566 = VERTEX_POINT( '', #6944 );
#5567 = LINE( '', #6945, #6946 );
#5568 = VERTEX_POINT( '', #6947 );
#5569 = LINE( '', #6948, #6949 );
#5570 = VERTEX_POINT( '', #6950 );
#5571 = LINE( '', #6951, #6952 );
#5572 = LINE( '', #6953, #6954 );
#5573 = VERTEX_POINT( '', #6955 );
#5574 = LINE( '', #6956, #6957 );
#5575 = LINE( '', #6958, #6959 );
#5576 = FILL_AREA_STYLE_COLOUR( '', #6960 );
#5577 = VERTEX_POINT( '', #6961 );
#5578 = VERTEX_POINT( '', #6962 );
#5579 = LINE( '', #6963, #6964 );
#5580 = VERTEX_POINT( '', #6965 );
#5581 = LINE( '', #6966, #6967 );
#5582 = VERTEX_POINT( '', #6968 );
#5583 = LINE( '', #6969, #6970 );
#5584 = LINE( '', #6971, #6972 );
#5585 = FILL_AREA_STYLE_COLOUR( '', #6973 );
#5586 = VERTEX_POINT( '', #6974 );
#5587 = VERTEX_POINT( '', #6975 );
#5588 = LINE( '', #6976, #6977 );
#5589 = VERTEX_POINT( '', #6978 );
#5590 = LINE( '', #6979, #6980 );
#5591 = VERTEX_POINT( '', #6981 );
#5592 = LINE( '', #6982, #6983 );
#5593 = LINE( '', #6984, #6985 );
#5594 = FILL_AREA_STYLE_COLOUR( '', #6986 );
#5595 = VERTEX_POINT( '', #6987 );
#5596 = LINE( '', #6988, #6989 );
#5597 = VERTEX_POINT( '', #6990 );
#5598 = LINE( '', #6991, #6992 );
#5599 = VERTEX_POINT( '', #6993 );
#5600 = LINE( '', #6994, #6995 );
#5601 = VERTEX_POINT( '', #6996 );
#5602 = LINE( '', #6997, #6998 );
#5603 = LINE( '', #6999, #7000 );
#5604 = FILL_AREA_STYLE_COLOUR( '', #7001 );
#5605 = VERTEX_POINT( '', #7002 );
#5606 = CIRCLE( '', #7003, 1.40000000000000 );
#5607 = VERTEX_POINT( '', #7004 );
#5608 = CIRCLE( '', #7005, 1.40000000000000 );
#5609 = FILL_AREA_STYLE_COLOUR( '', #7006 );
#5610 = VERTEX_POINT( '', #7007 );
#5611 = LINE( '', #7008, #7009 );
#5612 = VERTEX_POINT( '', #7010 );
#5613 = LINE( '', #7011, #7012 );
#5614 = LINE( '', #7013, #7014 );
#5615 = FILL_AREA_STYLE_COLOUR( '', #7015 );
#5616 = VERTEX_POINT( '', #7016 );
#5617 = VERTEX_POINT( '', #7017 );
#5618 = LINE( '', #7018, #7019 );
#5619 = VERTEX_POINT( '', #7020 );
#5620 = LINE( '', #7021, #7022 );
#5621 = VERTEX_POINT( '', #7023 );
#5622 = LINE( '', #7024, #7025 );
#5623 = LINE( '', #7026, #7027 );
#5624 = FILL_AREA_STYLE_COLOUR( '', #7028 );
#5625 = VERTEX_POINT( '', #7029 );
#5626 = CIRCLE( '', #7030, 0.900000000000000 );
#5627 = VERTEX_POINT( '', #7031 );
#5628 = CIRCLE( '', #7032, 1.40000000000000 );
#5629 = FILL_AREA_STYLE_COLOUR( '', #7033 );
#5630 = VERTEX_POINT( '', #7034 );
#5631 = VERTEX_POINT( '', #7035 );
#5632 = LINE( '', #7036, #7037 );
#5633 = CIRCLE( '', #7038, 3.01805555555556 );
#5634 = CIRCLE( '', #7039, 3.01805555555556 );
#5635 = VERTEX_POINT( '', #7040 );
#5636 = LINE( '', #7041, #7042 );
#5637 = VERTEX_POINT( '', #7043 );
#5638 = LINE( '', #7044, #7045 );
#5639 = LINE( '', #7046, #7047 );
#5640 = FILL_AREA_STYLE_COLOUR( '', #7048 );
#5641 = VERTEX_POINT( '', #7049 );
#5642 = VERTEX_POINT( '', #7050 );
#5643 = LINE( '', #7051, #7052 );
#5644 = VERTEX_POINT( '', #7053 );
#5645 = LINE( '', #7054, #7055 );
#5646 = VERTEX_POINT( '', #7056 );
#5647 = LINE( '', #7057, #7058 );
#5648 = LINE( '', #7059, #7060 );
#5649 = FILL_AREA_STYLE_COLOUR( '', #7061 );
#5650 = VERTEX_POINT( '', #7062 );
#5651 = CIRCLE( '', #7063, 0.900000000000000 );
#5652 = FILL_AREA_STYLE_COLOUR( '', #7064 );
#5653 = VERTEX_POINT( '', #7065 );
#5654 = VERTEX_POINT( '', #7066 );
#5655 = LINE( '', #7067, #7068 );
#5656 = VERTEX_POINT( '', #7069 );
#5657 = LINE( '', #7070, #7071 );
#5658 = VERTEX_POINT( '', #7072 );
#5659 = LINE( '', #7073, #7074 );
#5660 = LINE( '', #7075, #7076 );
#5661 = FILL_AREA_STYLE_COLOUR( '', #7077 );
#5662 = VERTEX_POINT( '', #7078 );
#5663 = VERTEX_POINT( '', #7079 );
#5664 = LINE( '', #7080, #7081 );
#5665 = VERTEX_POINT( '', #7082 );
#5666 = LINE( '', #7083, #7084 );
#5667 = VERTEX_POINT( '', #7085 );
#5668 = LINE( '', #7086, #7087 );
#5669 = VERTEX_POINT( '', #7088 );
#5670 = LINE( '', #7089, #7090 );
#5671 = VERTEX_POINT( '', #7091 );
#5672 = LINE( '', #7092, #7093 );
#5673 = VERTEX_POINT( '', #7094 );
#5674 = LINE( '', #7095, #7096 );
#5675 = VERTEX_POINT( '', #7097 );
#5676 = LINE( '', #7098, #7099 );
#5677 = LINE( '', #7100, #7101 );
#5678 = FILL_AREA_STYLE_COLOUR( '', #7102 );
#5679 = VERTEX_POINT( '', #7103 );
#5680 = VERTEX_POINT( '', #7104 );
#5681 = LINE( '', #7105, #7106 );
#5682 = VERTEX_POINT( '', #7107 );
#5683 = LINE( '', #7108, #7109 );
#5684 = VERTEX_POINT( '', #7110 );
#5685 = LINE( '', #7111, #7112 );
#5686 = VERTEX_POINT( '', #7113 );
#5687 = LINE( '', #7114, #7115 );
#5688 = LINE( '', #7116, #7117 );
#5689 = FILL_AREA_STYLE_COLOUR( '', #7118 );
#5690 = LINE( '', #7119, #7120 );
#5691 = VERTEX_POINT( '', #7121 );
#5692 = LINE( '', #7122, #7123 );
#5693 = VERTEX_POINT( '', #7124 );
#5694 = LINE( '', #7125, #7126 );
#5695 = LINE( '', #7127, #7128 );
#5696 = FILL_AREA_STYLE_COLOUR( '', #7129 );
#5697 = VERTEX_POINT( '', #7130 );
#5698 = VERTEX_POINT( '', #7131 );
#5699 = LINE( '', #7132, #7133 );
#5700 = VERTEX_POINT( '', #7134 );
#5701 = LINE( '', #7135, #7136 );
#5702 = VERTEX_POINT( '', #7137 );
#5703 = LINE( '', #7138, #7139 );
#5704 = LINE( '', #7140, #7141 );
#5705 = FILL_AREA_STYLE_COLOUR( '', #7142 );
#5706 = VERTEX_POINT( '', #7143 );
#5707 = LINE( '', #7144, #7145 );
#5708 = VERTEX_POINT( '', #7146 );
#5709 = LINE( '', #7147, #7148 );
#5710 = LINE( '', #7149, #7150 );
#5711 = FILL_AREA_STYLE_COLOUR( '', #7151 );
#5712 = VERTEX_POINT( '', #7152 );
#5713 = VERTEX_POINT( '', #7153 );
#5714 = LINE( '', #7154, #7155 );
#5715 = VERTEX_POINT( '', #7156 );
#5716 = LINE( '', #7157, #7158 );
#5717 = VERTEX_POINT( '', #7159 );
#5718 = LINE( '', #7160, #7161 );
#5719 = LINE( '', #7162, #7163 );
#5720 = FILL_AREA_STYLE_COLOUR( '', #7164 );
#5721 = VERTEX_POINT( '', #7165 );
#5722 = VERTEX_POINT( '', #7166 );
#5723 = LINE( '', #7167, #7168 );
#5724 = VERTEX_POINT( '', #7169 );
#5725 = LINE( '', #7170, #7171 );
#5726 = LINE( '', #7172, #7173 );
#5727 = VERTEX_POINT( '', #7174 );
#5728 = LINE( '', #7175, #7176 );
#5729 = VERTEX_POINT( '', #7177 );
#5730 = LINE( '', #7178, #7179 );
#5731 = VERTEX_POINT( '', #7180 );
#5732 = LINE( '', #7181, #7182 );
#5733 = LINE( '', #7183, #7184 );
#5734 = FILL_AREA_STYLE_COLOUR( '', #7185 );
#5735 = VERTEX_POINT( '', #7186 );
#5736 = VERTEX_POINT( '', #7187 );
#5737 = LINE( '', #7188, #7189 );
#5738 = VERTEX_POINT( '', #7190 );
#5739 = LINE( '', #7191, #7192 );
#5740 = VERTEX_POINT( '', #7193 );
#5741 = LINE( '', #7194, #7195 );
#5742 = LINE( '', #7196, #7197 );
#5743 = FILL_AREA_STYLE_COLOUR( '', #7198 );
#5744 = VERTEX_POINT( '', #7199 );
#5745 = LINE( '', #7200, #7201 );
#5746 = VERTEX_POINT( '', #7202 );
#5747 = LINE( '', #7203, #7204 );
#5748 = VERTEX_POINT( '', #7205 );
#5749 = LINE( '', #7206, #7207 );
#5750 = VERTEX_POINT( '', #7208 );
#5751 = LINE( '', #7209, #7210 );
#5752 = LINE( '', #7211, #7212 );
#5753 = FILL_AREA_STYLE_COLOUR( '', #7213 );
#5754 = VERTEX_POINT( '', #7214 );
#5755 = CIRCLE( '', #7215, 0.900000000000000 );
#5756 = VERTEX_POINT( '', #7216 );
#5757 = CIRCLE( '', #7217, 1.40000000000000 );
#5758 = FILL_AREA_STYLE_COLOUR( '', #7218 );
#5759 = VERTEX_POINT( '', #7219 );
#5760 = VERTEX_POINT( '', #7220 );
#5761 = LINE( '', #7221, #7222 );
#5762 = VERTEX_POINT( '', #7223 );
#5763 = LINE( '', #7224, #7225 );
#5764 = VERTEX_POINT( '', #7226 );
#5765 = LINE( '', #7227, #7228 );
#5766 = LINE( '', #7229, #7230 );
#5767 = FILL_AREA_STYLE_COLOUR( '', #7231 );
#5768 = VERTEX_POINT( '', #7232 );
#5769 = VERTEX_POINT( '', #7233 );
#5770 = LINE( '', #7234, #7235 );
#5771 = VERTEX_POINT( '', #7236 );
#5772 = LINE( '', #7237, #7238 );
#5773 = VERTEX_POINT( '', #7239 );
#5774 = LINE( '', #7240, #7241 );
#5775 = LINE( '', #7242, #7243 );
#5776 = VERTEX_POINT( '', #7244 );
#5777 = LINE( '', #7245, #7246 );
#5778 = VERTEX_POINT( '', #7247 );
#5779 = LINE( '', #7248, #7249 );
#5780 = LINE( '', #7250, #7251 );
#5781 = FILL_AREA_STYLE_COLOUR( '', #7252 );
#5782 = VERTEX_POINT( '', #7253 );
#5783 = LINE( '', #7254, #7255 );
#5784 = VERTEX_POINT( '', #7256 );
#5785 = LINE( '', #7257, #7258 );
#5786 = LINE( '', #7259, #7260 );
#5787 = FILL_AREA_STYLE_COLOUR( '', #7261 );
#5788 = VERTEX_POINT( '', #7262 );
#5789 = VERTEX_POINT( '', #7263 );
#5790 = LINE( '', #7264, #7265 );
#5791 = VERTEX_POINT( '', #7266 );
#5792 = LINE( '', #7267, #7268 );
#5793 = VERTEX_POINT( '', #7269 );
#5794 = LINE( '', #7270, #7271 );
#5795 = LINE( '', #7272, #7273 );
#5796 = FILL_AREA_STYLE_COLOUR( '', #7274 );
#5797 = VERTEX_POINT( '', #7275 );
#5798 = LINE( '', #7276, #7277 );
#5799 = VERTEX_POINT( '', #7278 );
#5800 = LINE( '', #7279, #7280 );
#5801 = LINE( '', #7281, #7282 );
#5802 = FILL_AREA_STYLE_COLOUR( '', #7283 );
#5803 = VERTEX_POINT( '', #7284 );
#5804 = LINE( '', #7285, #7286 );
#5805 = VERTEX_POINT( '', #7287 );
#5806 = LINE( '', #7288, #7289 );
#5807 = LINE( '', #7290, #7291 );
#5808 = FILL_AREA_STYLE_COLOUR( '', #7292 );
#5809 = VERTEX_POINT( '', #7293 );
#5810 = VERTEX_POINT( '', #7294 );
#5811 = LINE( '', #7295, #7296 );
#5812 = VERTEX_POINT( '', #7297 );
#5813 = LINE( '', #7298, #7299 );
#5814 = VERTEX_POINT( '', #7300 );
#5815 = LINE( '', #7301, #7302 );
#5816 = LINE( '', #7303, #7304 );
#5817 = FILL_AREA_STYLE_COLOUR( '', #7305 );
#5818 = VERTEX_POINT( '', #7306 );
#5819 = VERTEX_POINT( '', #7307 );
#5820 = LINE( '', #7308, #7309 );
#5821 = VERTEX_POINT( '', #7310 );
#5822 = LINE( '', #7311, #7312 );
#5823 = VERTEX_POINT( '', #7313 );
#5824 = LINE( '', #7314, #7315 );
#5825 = LINE( '', #7316, #7317 );
#5826 = FILL_AREA_STYLE_COLOUR( '', #7318 );
#5827 = VERTEX_POINT( '', #7319 );
#5828 = LINE( '', #7320, #7321 );
#5829 = VERTEX_POINT( '', #7322 );
#5830 = LINE( '', #7323, #7324 );
#5831 = LINE( '', #7325, #7326 );
#5832 = FILL_AREA_STYLE_COLOUR( '', #7327 );
#5833 = LINE( '', #7328, #7329 );
#5834 = FILL_AREA_STYLE_COLOUR( '', #7330 );
#5835 = VERTEX_POINT( '', #7331 );
#5836 = LINE( '', #7332, #7333 );
#5837 = VERTEX_POINT( '', #7334 );
#5838 = LINE( '', #7335, #7336 );
#5839 = LINE( '', #7337, #7338 );
#5840 = FILL_AREA_STYLE_COLOUR( '', #7339 );
#5841 = VERTEX_POINT( '', #7340 );
#5842 = LINE( '', #7341, #7342 );
#5843 = VERTEX_POINT( '', #7343 );
#5844 = LINE( '', #7344, #7345 );
#5845 = LINE( '', #7346, #7347 );
#5846 = FILL_AREA_STYLE_COLOUR( '', #7348 );
#5847 = VERTEX_POINT( '', #7349 );
#5848 = VERTEX_POINT( '', #7350 );
#5849 = LINE( '', #7351, #7352 );
#5850 = CIRCLE( '', #7353, 3.01805555555556 );
#5851 = VERTEX_POINT( '', #7354 );
#5852 = LINE( '', #7355, #7356 );
#5853 = VERTEX_POINT( '', #7357 );
#5854 = CIRCLE( '', #7358, 3.01805555555556 );
#5855 = VERTEX_POINT( '', #7359 );
#5856 = LINE( '', #7360, #7361 );
#5857 = CIRCLE( '', #7362, 3.01805555555556 );
#5858 = FILL_AREA_STYLE_COLOUR( '', #7363 );
#5859 = VERTEX_POINT( '', #7364 );
#5860 = VERTEX_POINT( '', #7365 );
#5861 = LINE( '', #7366, #7367 );
#5862 = LINE( '', #7368, #7369 );
#5863 = LINE( '', #7370, #7371 );
#5864 = FILL_AREA_STYLE_COLOUR( '', #7372 );
#5865 = VERTEX_POINT( '', #7373 );
#5866 = VERTEX_POINT( '', #7374 );
#5867 = LINE( '', #7375, #7376 );
#5868 = LINE( '', #7377, #7378 );
#5869 = VERTEX_POINT( '', #7379 );
#5870 = LINE( '', #7380, #7381 );
#5871 = VERTEX_POINT( '', #7382 );
#5872 = LINE( '', #7383, #7384 );
#5873 = LINE( '', #7385, #7386 );
#5874 = FILL_AREA_STYLE_COLOUR( '', #7387 );
#5875 = VERTEX_POINT( '', #7388 );
#5876 = LINE( '', #7389, #7390 );
#5877 = LINE( '', #7391, #7392 );
#5878 = FILL_AREA_STYLE_COLOUR( '', #7393 );
#5879 = VERTEX_POINT( '', #7394 );
#5880 = VERTEX_POINT( '', #7395 );
#5881 = LINE( '', #7396, #7397 );
#5882 = VERTEX_POINT( '', #7398 );
#5883 = LINE( '', #7399, #7400 );
#5884 = VERTEX_POINT( '', #7401 );
#5885 = LINE( '', #7402, #7403 );
#5886 = LINE( '', #7404, #7405 );
#5887 = FILL_AREA_STYLE_COLOUR( '', #7406 );
#5888 = VERTEX_POINT( '', #7407 );
#5889 = LINE( '', #7408, #7409 );
#5890 = VERTEX_POINT( '', #7410 );
#5891 = LINE( '', #7411, #7412 );
#5892 = LINE( '', #7413, #7414 );
#5893 = FILL_AREA_STYLE_COLOUR( '', #7415 );
#5894 = VERTEX_POINT( '', #7416 );
#5895 = VERTEX_POINT( '', #7417 );
#5896 = LINE( '', #7418, #7419 );
#5897 = VERTEX_POINT( '', #7420 );
#5898 = LINE( '', #7421, #7422 );
#5899 = VERTEX_POINT( '', #7423 );
#5900 = LINE( '', #7424, #7425 );
#5901 = VERTEX_POINT( '', #7426 );
#5902 = LINE( '', #7427, #7428 );
#5903 = VERTEX_POINT( '', #7429 );
#5904 = LINE( '', #7430, #7431 );
#5905 = VERTEX_POINT( '', #7432 );
#5906 = LINE( '', #7433, #7434 );
#5907 = VERTEX_POINT( '', #7435 );
#5908 = LINE( '', #7436, #7437 );
#5909 = LINE( '', #7438, #7439 );
#5910 = FILL_AREA_STYLE_COLOUR( '', #7440 );
#5911 = VERTEX_POINT( '', #7441 );
#5912 = LINE( '', #7442, #7443 );
#5913 = VERTEX_POINT( '', #7444 );
#5914 = LINE( '', #7445, #7446 );
#5915 = LINE( '', #7447, #7448 );
#5916 = FILL_AREA_STYLE_COLOUR( '', #7449 );
#5917 = VERTEX_POINT( '', #7450 );
#5918 = LINE( '', #7451, #7452 );
#5919 = VERTEX_POINT( '', #7453 );
#5920 = LINE( '', #7454, #7455 );
#5921 = VERTEX_POINT( '', #7456 );
#5922 = LINE( '', #7457, #7458 );
#5923 = VERTEX_POINT( '', #7459 );
#5924 = LINE( '', #7460, #7461 );
#5925 = VERTEX_POINT( '', #7462 );
#5926 = LINE( '', #7463, #7464 );
#5927 = VERTEX_POINT( '', #7465 );
#5928 = LINE( '', #7466, #7467 );
#5929 = CIRCLE( '', #7468, 0.750000000000000 );
#5930 = FILL_AREA_STYLE_COLOUR( '', #7469 );
#5931 = VERTEX_POINT( '', #7470 );
#5932 = LINE( '', #7471, #7472 );
#5933 = VERTEX_POINT( '', #7473 );
#5934 = LINE( '', #7474, #7475 );
#5935 = LINE( '', #7476, #7477 );
#5936 = FILL_AREA_STYLE_COLOUR( '', #7478 );
#5937 = VERTEX_POINT( '', #7479 );
#5938 = VERTEX_POINT( '', #7480 );
#5939 = LINE( '', #7481, #7482 );
#5940 = VERTEX_POINT( '', #7483 );
#5941 = LINE( '', #7484, #7485 );
#5942 = VERTEX_POINT( '', #7486 );
#5943 = LINE( '', #7487, #7488 );
#5944 = LINE( '', #7489, #7490 );
#5945 = FILL_AREA_STYLE_COLOUR( '', #7491 );
#5946 = VERTEX_POINT( '', #7492 );
#5947 = LINE( '', #7493, #7494 );
#5948 = LINE( '', #7495, #7496 );
#5949 = LINE( '', #7497, #7498 );
#5950 = FILL_AREA_STYLE_COLOUR( '', #7499 );
#5951 = VERTEX_POINT( '', #7500 );
#5952 = VERTEX_POINT( '', #7501 );
#5953 = LINE( '', #7502, #7503 );
#5954 = VERTEX_POINT( '', #7504 );
#5955 = LINE( '', #7505, #7506 );
#5956 = VERTEX_POINT( '', #7507 );
#5957 = LINE( '', #7508, #7509 );
#5958 = LINE( '', #7510, #7511 );
#5959 = FILL_AREA_STYLE_COLOUR( '', #7512 );
#5960 = VERTEX_POINT( '', #7513 );
#5961 = CIRCLE( '', #7514, 0.900000000000000 );
#5962 = VERTEX_POINT( '', #7515 );
#5963 = VERTEX_POINT( '', #7516 );
#5964 = LINE( '', #7517, #7518 );
#5965 = LINE( '', #7519, #7520 );
#5966 = LINE( '', #7521, #7522 );
#5967 = FILL_AREA_STYLE_COLOUR( '', #7523 );
#5968 = VERTEX_POINT( '', #7524 );
#5969 = VERTEX_POINT( '', #7525 );
#5970 = LINE( '', #7526, #7527 );
#5971 = VERTEX_POINT( '', #7528 );
#5972 = LINE( '', #7529, #7530 );
#5973 = VERTEX_POINT( '', #7531 );
#5974 = LINE( '', #7532, #7533 );
#5975 = LINE( '', #7534, #7535 );
#5976 = FILL_AREA_STYLE_COLOUR( '', #7536 );
#5977 = VERTEX_POINT( '', #7537 );
#5978 = VERTEX_POINT( '', #7538 );
#5979 = LINE( '', #7539, #7540 );
#5980 = LINE( '', #7541, #7542 );
#5981 = LINE( '', #7543, #7544 );
#5982 = FILL_AREA_STYLE_COLOUR( '', #7545 );
#5983 = VERTEX_POINT( '', #7546 );
#5984 = LINE( '', #7547, #7548 );
#5985 = LINE( '', #7549, #7550 );
#5986 = LINE( '', #7551, #7552 );
#5987 = VERTEX_POINT( '', #7553 );
#5988 = LINE( '', #7554, #7555 );
#5989 = LINE( '', #7556, #7557 );
#5990 = FILL_AREA_STYLE_COLOUR( '', #7558 );
#5991 = VERTEX_POINT( '', #7559 );
#5992 = VERTEX_POINT( '', #7560 );
#5993 = LINE( '', #7561, #7562 );
#5994 = VERTEX_POINT( '', #7563 );
#5995 = LINE( '', #7564, #7565 );
#5996 = VERTEX_POINT( '', #7566 );
#5997 = LINE( '', #7567, #7568 );
#5998 = LINE( '', #7569, #7570 );
#5999 = FILL_AREA_STYLE_COLOUR( '', #7571 );
#6000 = VERTEX_POINT( '', #7572 );
#6001 = VERTEX_POINT( '', #7573 );
#6002 = LINE( '', #7574, #7575 );
#6003 = VERTEX_POINT( '', #7576 );
#6004 = LINE( '', #7577, #7578 );
#6005 = VERTEX_POINT( '', #7579 );
#6006 = LINE( '', #7580, #7581 );
#6007 = LINE( '', #7582, #7583 );
#6008 = FILL_AREA_STYLE_COLOUR( '', #7584 );
#6009 = VERTEX_POINT( '', #7585 );
#6010 = LINE( '', #7586, #7587 );
#6011 = VERTEX_POINT( '', #7588 );
#6012 = LINE( '', #7589, #7590 );
#6013 = VERTEX_POINT( '', #7591 );
#6014 = LINE( '', #7592, #7593 );
#6015 = LINE( '', #7594, #7595 );
#6016 = FILL_AREA_STYLE_COLOUR( '', #7596 );
#6017 = VERTEX_POINT( '', #7597 );
#6018 = LINE( '', #7598, #7599 );
#6019 = LINE( '', #7600, #7601 );
#6020 = FILL_AREA_STYLE_COLOUR( '', #7602 );
#6021 = LINE( '', #7603, #7604 );
#6022 = LINE( '', #7605, #7606 );
#6023 = FILL_AREA_STYLE_COLOUR( '', #7607 );
#6024 = LINE( '', #7608, #7609 );
#6025 = FILL_AREA_STYLE_COLOUR( '', #7610 );
#6026 = VERTEX_POINT( '', #7611 );
#6027 = LINE( '', #7612, #7613 );
#6028 = LINE( '', #7614, #7615 );
#6029 = FILL_AREA_STYLE_COLOUR( '', #7616 );
#6030 = VERTEX_POINT( '', #7617 );
#6031 = LINE( '', #7618, #7619 );
#6032 = LINE( '', #7620, #7621 );
#6033 = FILL_AREA_STYLE_COLOUR( '', #7622 );
#6034 = VERTEX_POINT( '', #7623 );
#6035 = LINE( '', #7624, #7625 );
#6036 = VERTEX_POINT( '', #7626 );
#6037 = LINE( '', #7627, #7628 );
#6038 = VERTEX_POINT( '', #7629 );
#6039 = LINE( '', #7630, #7631 );
#6040 = LINE( '', #7632, #7633 );
#6041 = LINE( '', #7634, #7635 );
#6042 = LINE( '', #7636, #7637 );
#6043 = VERTEX_POINT( '', #7638 );
#6044 = LINE( '', #7639, #7640 );
#6045 = LINE( '', #7641, #7642 );
#6046 = LINE( '', #7643, #7644 );
#6047 = VERTEX_POINT( '', #7645 );
#6048 = LINE( '', #7646, #7647 );
#6049 = LINE( '', #7648, #7649 );
#6050 = FILL_AREA_STYLE_COLOUR( '', #7650 );
#6051 = VERTEX_POINT( '', #7651 );
#6052 = LINE( '', #7652, #7653 );
#6053 = VERTEX_POINT( '', #7654 );
#6054 = LINE( '', #7655, #7656 );
#6055 = VERTEX_POINT( '', #7657 );
#6056 = LINE( '', #7658, #7659 );
#6057 = VERTEX_POINT( '', #7660 );
#6058 = LINE( '', #7661, #7662 );
#6059 = LINE( '', #7663, #7664 );
#6060 = FILL_AREA_STYLE_COLOUR( '', #7665 );
#6061 = VERTEX_POINT( '', #7666 );
#6062 = LINE( '', #7667, #7668 );
#6063 = LINE( '', #7669, #7670 );
#6064 = FILL_AREA_STYLE_COLOUR( '', #7671 );
#6065 = LINE( '', #7672, #7673 );
#6066 = FILL_AREA_STYLE_COLOUR( '', #7674 );
#6067 = VERTEX_POINT( '', #7675 );
#6068 = VERTEX_POINT( '', #7676 );
#6069 = LINE( '', #7677, #7678 );
#6070 = VERTEX_POINT( '', #7679 );
#6071 = LINE( '', #7680, #7681 );
#6072 = VERTEX_POINT( '', #7682 );
#6073 = LINE( '', #7683, #7684 );
#6074 = LINE( '', #7685, #7686 );
#6075 = FILL_AREA_STYLE_COLOUR( '', #7687 );
#6076 = VERTEX_POINT( '', #7688 );
#6077 = VERTEX_POINT( '', #7689 );
#6078 = LINE( '', #7690, #7691 );
#6079 = VERTEX_POINT( '', #7692 );
#6080 = LINE( '', #7693, #7694 );
#6081 = VERTEX_POINT( '', #7695 );
#6082 = LINE( '', #7696, #7697 );
#6083 = LINE( '', #7698, #7699 );
#6084 = FILL_AREA_STYLE_COLOUR( '', #7700 );
#6085 = VERTEX_POINT( '', #7701 );
#6086 = VERTEX_POINT( '', #7702 );
#6087 = LINE( '', #7703, #7704 );
#6088 = LINE( '', #7705, #7706 );
#6089 = LINE( '', #7707, #7708 );
#6090 = FILL_AREA_STYLE_COLOUR( '', #7709 );
#6091 = VERTEX_POINT( '', #7710 );
#6092 = LINE( '', #7711, #7712 );
#6093 = VERTEX_POINT( '', #7713 );
#6094 = LINE( '', #7714, #7715 );
#6095 = LINE( '', #7716, #7717 );
#6096 = FILL_AREA_STYLE_COLOUR( '', #7718 );
#6097 = VERTEX_POINT( '', #7719 );
#6098 = LINE( '', #7720, #7721 );
#6099 = VERTEX_POINT( '', #7722 );
#6100 = LINE( '', #7723, #7724 );
#6101 = LINE( '', #7725, #7726 );
#6102 = FILL_AREA_STYLE_COLOUR( '', #7727 );
#6103 = VERTEX_POINT( '', #7728 );
#6104 = LINE( '', #7729, #7730 );
#6105 = VERTEX_POINT( '', #7731 );
#6106 = LINE( '', #7732, #7733 );
#6107 = LINE( '', #7734, #7735 );
#6108 = FILL_AREA_STYLE_COLOUR( '', #7736 );
#6109 = VERTEX_POINT( '', #7737 );
#6110 = CIRCLE( '', #7738, 1.40000000000000 );
#6111 = FILL_AREA_STYLE_COLOUR( '', #7739 );
#6112 = VERTEX_POINT( '', #7740 );
#6113 = VERTEX_POINT( '', #7741 );
#6114 = LINE( '', #7742, #7743 );
#6115 = CIRCLE( '', #7744, 3.01805555555556 );
#6116 = VERTEX_POINT( '', #7745 );
#6117 = CIRCLE( '', #7746, 3.01805555555556 );
#6118 = VERTEX_POINT( '', #7747 );
#6119 = LINE( '', #7748, #7749 );
#6120 = CIRCLE( '', #7750, 3.01805555555556 );
#6121 = CIRCLE( '', #7751, 3.01805555555556 );
#6122 = FILL_AREA_STYLE_COLOUR( '', #7752 );
#6123 = VERTEX_POINT( '', #7753 );
#6124 = LINE( '', #7754, #7755 );
#6125 = VERTEX_POINT( '', #7756 );
#6126 = LINE( '', #7757, #7758 );
#6127 = LINE( '', #7759, #7760 );
#6128 = VERTEX_POINT( '', #7761 );
#6129 = LINE( '', #7762, #7763 );
#6130 = LINE( '', #7764, #7765 );
#6131 = VERTEX_POINT( '', #7766 );
#6132 = LINE( '', #7767, #7768 );
#6133 = VERTEX_POINT( '', #7769 );
#6134 = LINE( '', #7770, #7771 );
#6135 = LINE( '', #7772, #7773 );
#6136 = VERTEX_POINT( '', #7774 );
#6137 = LINE( '', #7775, #7776 );
#6138 = LINE( '', #7777, #7778 );
#6139 = VERTEX_POINT( '', #7779 );
#6140 = LINE( '', #7780, #7781 );
#6141 = LINE( '', #7782, #7783 );
#6142 = VERTEX_POINT( '', #7784 );
#6143 = LINE( '', #7785, #7786 );
#6144 = VERTEX_POINT( '', #7787 );
#6145 = LINE( '', #7788, #7789 );
#6146 = LINE( '', #7790, #7791 );
#6147 = VERTEX_POINT( '', #7792 );
#6148 = LINE( '', #7793, #7794 );
#6149 = LINE( '', #7795, #7796 );
#6150 = FILL_AREA_STYLE_COLOUR( '', #7797 );
#6151 = VERTEX_POINT( '', #7798 );
#6152 = VERTEX_POINT( '', #7799 );
#6153 = LINE( '', #7800, #7801 );
#6154 = VERTEX_POINT( '', #7802 );
#6155 = LINE( '', #7803, #7804 );
#6156 = VERTEX_POINT( '', #7805 );
#6157 = LINE( '', #7806, #7807 );
#6158 = VERTEX_POINT( '', #7808 );
#6159 = LINE( '', #7809, #7810 );
#6160 = VERTEX_POINT( '', #7811 );
#6161 = LINE( '', #7812, #7813 );
#6162 = LINE( '', #7814, #7815 );
#6163 = FILL_AREA_STYLE_COLOUR( '', #7816 );
#6164 = VERTEX_POINT( '', #7817 );
#6165 = LINE( '', #7818, #7819 );
#6166 = LINE( '', #7820, #7821 );
#6167 = LINE( '', #7822, #7823 );
#6168 = FILL_AREA_STYLE_COLOUR( '', #7824 );
#6169 = VERTEX_POINT( '', #7825 );
#6170 = LINE( '', #7826, #7827 );
#6171 = LINE( '', #7828, #7829 );
#6172 = FILL_AREA_STYLE_COLOUR( '', #7830 );
#6173 = VERTEX_POINT( '', #7831 );
#6174 = VERTEX_POINT( '', #7832 );
#6175 = LINE( '', #7833, #7834 );
#6176 = VERTEX_POINT( '', #7835 );
#6177 = LINE( '', #7836, #7837 );
#6178 = VERTEX_POINT( '', #7838 );
#6179 = LINE( '', #7839, #7840 );
#6180 = LINE( '', #7841, #7842 );
#6181 = FILL_AREA_STYLE_COLOUR( '', #7843 );
#6182 = LINE( '', #7844, #7845 );
#6183 = LINE( '', #7846, #7847 );
#6184 = FILL_AREA_STYLE_COLOUR( '', #7848 );
#6185 = VERTEX_POINT( '', #7849 );
#6186 = LINE( '', #7850, #7851 );
#6187 = LINE( '', #7852, #7853 );
#6188 = FILL_AREA_STYLE_COLOUR( '', #7854 );
#6189 = VERTEX_POINT( '', #7855 );
#6190 = CIRCLE( '', #7856, 3.01805555555556 );
#6191 = LINE( '', #7857, #7858 );
#6192 = LINE( '', #7859, #7860 );
#6193 = LINE( '', #7861, #7862 );
#6194 = FILL_AREA_STYLE_COLOUR( '', #7863 );
#6195 = VERTEX_POINT( '', #7864 );
#6196 = LINE( '', #7865, #7866 );
#6197 = LINE( '', #7867, #7868 );
#6198 = VERTEX_POINT( '', #7869 );
#6199 = LINE( '', #7870, #7871 );
#6200 = VERTEX_POINT( '', #7872 );
#6201 = LINE( '', #7873, #7874 );
#6202 = LINE( '', #7875, #7876 );
#6203 = FILL_AREA_STYLE_COLOUR( '', #7877 );
#6204 = VERTEX_POINT( '', #7878 );
#6205 = LINE( '', #7879, #7880 );
#6206 = VERTEX_POINT( '', #7881 );
#6207 = LINE( '', #7882, #7883 );
#6208 = LINE( '', #7884, #7885 );
#6209 = FILL_AREA_STYLE_COLOUR( '', #7886 );
#6210 = VERTEX_POINT( '', #7887 );
#6211 = LINE( '', #7888, #7889 );
#6212 = VERTEX_POINT( '', #7890 );
#6213 = LINE( '', #7891, #7892 );
#6214 = LINE( '', #7893, #7894 );
#6215 = LINE( '', #7895, #7896 );
#6216 = FILL_AREA_STYLE_COLOUR( '', #7897 );
#6217 = VERTEX_POINT( '', #7898 );
#6218 = LINE( '', #7899, #7900 );
#6219 = LINE( '', #7901, #7902 );
#6220 = FILL_AREA_STYLE_COLOUR( '', #7903 );
#6221 = VERTEX_POINT( '', #7904 );
#6222 = LINE( '', #7905, #7906 );
#6223 = VERTEX_POINT( '', #7907 );
#6224 = LINE( '', #7908, #7909 );
#6225 = CIRCLE( '', #7910, 3.01805555555556 );
#6226 = VERTEX_POINT( '', #7911 );
#6227 = LINE( '', #7912, #7913 );
#6228 = CIRCLE( '', #7914, 3.01805555555556 );
#6229 = VERTEX_POINT( '', #7915 );
#6230 = LINE( '', #7916, #7917 );
#6231 = VERTEX_POINT( '', #7918 );
#6232 = CIRCLE( '', #7919, 3.01805555555556 );
#6233 = VERTEX_POINT( '', #7920 );
#6234 = LINE( '', #7921, #7922 );
#6235 = CIRCLE( '', #7923, 3.01805555555556 );
#6236 = LINE( '', #7924, #7925 );
#6237 = FILL_AREA_STYLE_COLOUR( '', #7926 );
#6238 = VERTEX_POINT( '', #7927 );
#6239 = VERTEX_POINT( '', #7928 );
#6240 = LINE( '', #7929, #7930 );
#6241 = VERTEX_POINT( '', #7931 );
#6242 = LINE( '', #7932, #7933 );
#6243 = VERTEX_POINT( '', #7934 );
#6244 = LINE( '', #7935, #7936 );
#6245 = LINE( '', #7937, #7938 );
#6246 = FILL_AREA_STYLE_COLOUR( '', #7939 );
#6247 = VERTEX_POINT( '', #7940 );
#6248 = LINE( '', #7941, #7942 );
#6249 = LINE( '', #7943, #7944 );
#6250 = FILL_AREA_STYLE_COLOUR( '', #7945 );
#6251 = VERTEX_POINT( '', #7946 );
#6252 = LINE( '', #7947, #7948 );
#6253 = VERTEX_POINT( '', #7949 );
#6254 = LINE( '', #7950, #7951 );
#6255 = LINE( '', #7952, #7953 );
#6256 = FILL_AREA_STYLE_COLOUR( '', #7954 );
#6257 = VERTEX_POINT( '', #7955 );
#6258 = CIRCLE( '', #7956, 1.40000000000000 );
#6259 = FILL_AREA_STYLE_COLOUR( '', #7957 );
#6260 = VERTEX_POINT( '', #7958 );
#6261 = CIRCLE( '', #7959, 3.01805555555556 );
#6262 = VERTEX_POINT( '', #7960 );
#6263 = LINE( '', #7961, #7962 );
#6264 = VERTEX_POINT( '', #7963 );
#6265 = CIRCLE( '', #7964, 3.01805555555556 );
#6266 = VERTEX_POINT( '', #7965 );
#6267 = LINE( '', #7966, #7967 );
#6268 = CIRCLE( '', #7968, 3.01805555555556 );
#6269 = FILL_AREA_STYLE_COLOUR( '', #7969 );
#6270 = VERTEX_POINT( '', #7970 );
#6271 = VERTEX_POINT( '', #7971 );
#6272 = LINE( '', #7972, #7973 );
#6273 = LINE( '', #7974, #7975 );
#6274 = LINE( '', #7976, #7977 );
#6275 = FILL_AREA_STYLE_COLOUR( '', #7978 );
#6276 = LINE( '', #7979, #7980 );
#6277 = LINE( '', #7981, #7982 );
#6278 = FILL_AREA_STYLE_COLOUR( '', #7983 );
#6279 = VERTEX_POINT( '', #7984 );
#6280 = VERTEX_POINT( '', #7985 );
#6281 = LINE( '', #7986, #7987 );
#6282 = VERTEX_POINT( '', #7988 );
#6283 = LINE( '', #7989, #7990 );
#6284 = VERTEX_POINT( '', #7991 );
#6285 = LINE( '', #7992, #7993 );
#6286 = LINE( '', #7994, #7995 );
#6287 = FILL_AREA_STYLE_COLOUR( '', #7996 );
#6288 = VERTEX_POINT( '', #7997 );
#6289 = LINE( '', #7998, #7999 );
#6290 = LINE( '', #8000, #8001 );
#6291 = FILL_AREA_STYLE_COLOUR( '', #8002 );
#6292 = VERTEX_POINT( '', #8003 );
#6293 = LINE( '', #8004, #8005 );
#6294 = VERTEX_POINT( '', #8006 );
#6295 = LINE( '', #8007, #8008 );
#6296 = VERTEX_POINT( '', #8009 );
#6297 = CIRCLE( '', #8010, 3.01805555555556 );
#6298 = VERTEX_POINT( '', #8011 );
#6299 = LINE( '', #8012, #8013 );
#6300 = VERTEX_POINT( '', #8014 );
#6301 = CIRCLE( '', #8015, 3.01805555555556 );
#6302 = LINE( '', #8016, #8017 );
#6303 = FILL_AREA_STYLE_COLOUR( '', #8018 );
#6304 = LINE( '', #8019, #8020 );
#6305 = FILL_AREA_STYLE_COLOUR( '', #8021 );
#6306 = VERTEX_POINT( '', #8022 );
#6307 = VERTEX_POINT( '', #8023 );
#6308 = CIRCLE( '', #8024, 0.750000000000000 );
#6309 = LINE( '', #8025, #8026 );
#6310 = LINE( '', #8027, #8028 );
#6311 = FILL_AREA_STYLE_COLOUR( '', #8029 );
#6312 = VERTEX_POINT( '', #8030 );
#6313 = LINE( '', #8031, #8032 );
#6314 = LINE( '', #8033, #8034 );
#6315 = LINE( '', #8035, #8036 );
#6316 = FILL_AREA_STYLE_COLOUR( '', #8037 );
#6317 = LINE( '', #8038, #8039 );
#6318 = FILL_AREA_STYLE_COLOUR( '', #8040 );
#6319 = VERTEX_POINT( '', #8041 );
#6320 = CIRCLE( '', #8042, 1.40000000000000 );
#6321 = FILL_AREA_STYLE_COLOUR( '', #8043 );
#6322 = VERTEX_POINT( '', #8044 );
#6323 = LINE( '', #8045, #8046 );
#6324 = LINE( '', #8047, #8048 );
#6325 = FILL_AREA_STYLE_COLOUR( '', #8049 );
#6326 = VERTEX_POINT( '', #8050 );
#6327 = LINE( '', #8051, #8052 );
#6328 = LINE( '', #8053, #8054 );
#6329 = FILL_AREA_STYLE_COLOUR( '', #8055 );
#6330 = VERTEX_POINT( '', #8056 );
#6331 = LINE( '', #8057, #8058 );
#6332 = LINE( '', #8059, #8060 );
#6333 = VERTEX_POINT( '', #8061 );
#6334 = LINE( '', #8062, #8063 );
#6335 = LINE( '', #8064, #8065 );
#6336 = FILL_AREA_STYLE_COLOUR( '', #8066 );
#6337 = VERTEX_POINT( '', #8067 );
#6338 = LINE( '', #8068, #8069 );
#6339 = LINE( '', #8070, #8071 );
#6340 = FILL_AREA_STYLE_COLOUR( '', #8072 );
#6341 = VERTEX_POINT( '', #8073 );
#6342 = LINE( '', #8074, #8075 );
#6343 = LINE( '', #8076, #8077 );
#6344 = FILL_AREA_STYLE_COLOUR( '', #8078 );
#6345 = LINE( '', #8079, #8080 );
#6346 = FILL_AREA_STYLE_COLOUR( '', #8081 );
#6347 = VERTEX_POINT( '', #8082 );
#6348 = VERTEX_POINT( '', #8083 );
#6349 = LINE( '', #8084, #8085 );
#6350 = VERTEX_POINT( '', #8086 );
#6351 = LINE( '', #8087, #8088 );
#6352 = VERTEX_POINT( '', #8089 );
#6353 = LINE( '', #8090, #8091 );
#6354 = LINE( '', #8092, #8093 );
#6355 = FILL_AREA_STYLE_COLOUR( '', #8094 );
#6356 = VERTEX_POINT( '', #8095 );
#6357 = LINE( '', #8096, #8097 );
#6358 = LINE( '', #8098, #8099 );
#6359 = FILL_AREA_STYLE_COLOUR( '', #8100 );
#6360 = LINE( '', #8101, #8102 );
#6361 = FILL_AREA_STYLE_COLOUR( '', #8103 );
#6362 = VERTEX_POINT( '', #8104 );
#6363 = VERTEX_POINT( '', #8105 );
#6364 = LINE( '', #8106, #8107 );
#6365 = VERTEX_POINT( '', #8108 );
#6366 = LINE( '', #8109, #8110 );
#6367 = VERTEX_POINT( '', #8111 );
#6368 = LINE( '', #8112, #8113 );
#6369 = LINE( '', #8114, #8115 );
#6370 = FILL_AREA_STYLE_COLOUR( '', #8116 );
#6371 = LINE( '', #8117, #8118 );
#6372 = FILL_AREA_STYLE_COLOUR( '', #8119 );
#6373 = VERTEX_POINT( '', #8120 );
#6374 = VERTEX_POINT( '', #8121 );
#6375 = LINE( '', #8122, #8123 );
#6376 = VERTEX_POINT( '', #8124 );
#6377 = LINE( '', #8125, #8126 );
#6378 = LINE( '', #8127, #8128 );
#6379 = VERTEX_POINT( '', #8129 );
#6380 = LINE( '', #8130, #8131 );
#6381 = VERTEX_POINT( '', #8132 );
#6382 = LINE( '', #8133, #8134 );
#6383 = VERTEX_POINT( '', #8135 );
#6384 = LINE( '', #8136, #8137 );
#6385 = LINE( '', #8138, #8139 );
#6386 = LINE( '', #8140, #8141 );
#6387 = LINE( '', #8142, #8143 );
#6388 = FILL_AREA_STYLE_COLOUR( '', #8144 );
#6389 = LINE( '', #8145, #8146 );
#6390 = LINE( '', #8147, #8148 );
#6391 = FILL_AREA_STYLE_COLOUR( '', #8149 );
#6392 = LINE( '', #8150, #8151 );
#6393 = FILL_AREA_STYLE_COLOUR( '', #8152 );
#6394 = LINE( '', #8153, #8154 );
#6395 = FILL_AREA_STYLE_COLOUR( '', #8155 );
#6396 = VERTEX_POINT( '', #8156 );
#6397 = VERTEX_POINT( '', #8157 );
#6398 = LINE( '', #8158, #8159 );
#6399 = LINE( '', #8160, #8161 );
#6400 = LINE( '', #8162, #8163 );
#6401 = FILL_AREA_STYLE_COLOUR( '', #8164 );
#6402 = VERTEX_POINT( '', #8165 );
#6403 = CIRCLE( '', #8166, 0.900000000000000 );
#6404 = VERTEX_POINT( '', #8167 );
#6405 = CIRCLE( '', #8168, 1.40000000000000 );
#6406 = FILL_AREA_STYLE_COLOUR( '', #8169 );
#6407 = VERTEX_POINT( '', #8170 );
#6408 = LINE( '', #8171, #8172 );
#6409 = VERTEX_POINT( '', #8173 );
#6410 = LINE( '', #8174, #8175 );
#6411 = LINE( '', #8176, #8177 );
#6412 = FILL_AREA_STYLE_COLOUR( '', #8178 );
#6413 = VERTEX_POINT( '', #8179 );
#6414 = LINE( '', #8180, #8181 );
#6415 = VERTEX_POINT( '', #8182 );
#6416 = LINE( '', #8183, #8184 );
#6417 = LINE( '', #8185, #8186 );
#6418 = FILL_AREA_STYLE_COLOUR( '', #8187 );
#6419 = VERTEX_POINT( '', #8188 );
#6420 = LINE( '', #8189, #8190 );
#6421 = LINE( '', #8191, #8192 );
#6422 = VERTEX_POINT( '', #8193 );
#6423 = LINE( '', #8194, #8195 );
#6424 = LINE( '', #8196, #8197 );
#6425 = FILL_AREA_STYLE_COLOUR( '', #8198 );
#6426 = LINE( '', #8199, #8200 );
#6427 = LINE( '', #8201, #8202 );
#6428 = FILL_AREA_STYLE_COLOUR( '', #8203 );
#6429 = VERTEX_POINT( '', #8204 );
#6430 = VERTEX_POINT( '', #8205 );
#6431 = LINE( '', #8206, #8207 );
#6432 = LINE( '', #8208, #8209 );
#6433 = LINE( '', #8210, #8211 );
#6434 = FILL_AREA_STYLE_COLOUR( '', #8212 );
#6435 = VERTEX_POINT( '', #8213 );
#6436 = LINE( '', #8214, #8215 );
#6437 = VERTEX_POINT( '', #8216 );
#6438 = LINE( '', #8217, #8218 );
#6439 = LINE( '', #8219, #8220 );
#6440 = FILL_AREA_STYLE_COLOUR( '', #8221 );
#6441 = LINE( '', #8222, #8223 );
#6442 = LINE( '', #8224, #8225 );
#6443 = FILL_AREA_STYLE_COLOUR( '', #8226 );
#6444 = VERTEX_POINT( '', #8227 );
#6445 = LINE( '', #8228, #8229 );
#6446 = VERTEX_POINT( '', #8230 );
#6447 = LINE( '', #8231, #8232 );
#6448 = LINE( '', #8233, #8234 );
#6449 = FILL_AREA_STYLE_COLOUR( '', #8235 );
#6450 = VERTEX_POINT( '', #8236 );
#6451 = LINE( '', #8237, #8238 );
#6452 = VERTEX_POINT( '', #8239 );
#6453 = LINE( '', #8240, #8241 );
#6454 = LINE( '', #8242, #8243 );
#6455 = FILL_AREA_STYLE_COLOUR( '', #8244 );
#6456 = LINE( '', #8245, #8246 );
#6457 = LINE( '', #8247, #8248 );
#6458 = FILL_AREA_STYLE_COLOUR( '', #8249 );
#6459 = VERTEX_POINT( '', #8250 );
#6460 = LINE( '', #8251, #8252 );
#6461 = VERTEX_POINT( '', #8253 );
#6462 = LINE( '', #8254, #8255 );
#6463 = VERTEX_POINT( '', #8256 );
#6464 = LINE( '', #8257, #8258 );
#6465 = LINE( '', #8259, #8260 );
#6466 = LINE( '', #8261, #8262 );
#6467 = LINE( '', #8263, #8264 );
#6468 = VERTEX_POINT( '', #8265 );
#6469 = LINE( '', #8266, #8267 );
#6470 = VERTEX_POINT( '', #8268 );
#6471 = LINE( '', #8269, #8270 );
#6472 = LINE( '', #8271, #8272 );
#6473 = VERTEX_POINT( '', #8273 );
#6474 = LINE( '', #8274, #8275 );
#6475 = LINE( '', #8276, #8277 );
#6476 = LINE( '', #8278, #8279 );
#6477 = VERTEX_POINT( '', #8280 );
#6478 = LINE( '', #8281, #8282 );
#6479 = LINE( '', #8283, #8284 );
#6480 = LINE( '', #8285, #8286 );
#6481 = VERTEX_POINT( '', #8287 );
#6482 = LINE( '', #8288, #8289 );
#6483 = LINE( '', #8290, #8291 );
#6484 = LINE( '', #8292, #8293 );
#6485 = VERTEX_POINT( '', #8294 );
#6486 = LINE( '', #8295, #8296 );
#6487 = VERTEX_POINT( '', #8297 );
#6488 = LINE( '', #8298, #8299 );
#6489 = VERTEX_POINT( '', #8300 );
#6490 = LINE( '', #8301, #8302 );
#6491 = LINE( '', #8303, #8304 );
#6492 = LINE( '', #8305, #8306 );
#6493 = FILL_AREA_STYLE_COLOUR( '', #8307 );
#6494 = VERTEX_POINT( '', #8308 );
#6495 = CIRCLE( '', #8309, 3.01805555555556 );
#6496 = LINE( '', #8310, #8311 );
#6497 = VERTEX_POINT( '', #8312 );
#6498 = LINE( '', #8313, #8314 );
#6499 = LINE( '', #8315, #8316 );
#6500 = FILL_AREA_STYLE_COLOUR( '', #8317 );
#6501 = VERTEX_POINT( '', #8318 );
#6502 = LINE( '', #8319, #8320 );
#6503 = LINE( '', #8321, #8322 );
#6504 = FILL_AREA_STYLE_COLOUR( '', #8323 );
#6505 = LINE( '', #8324, #8325 );
#6506 = FILL_AREA_STYLE_COLOUR( '', #8326 );
#6507 = VERTEX_POINT( '', #8327 );
#6508 = LINE( '', #8328, #8329 );
#6509 = LINE( '', #8330, #8331 );
#6510 = FILL_AREA_STYLE_COLOUR( '', #8332 );
#6511 = LINE( '', #8333, #8334 );
#6512 = VERTEX_POINT( '', #8335 );
#6513 = LINE( '', #8336, #8337 );
#6514 = LINE( '', #8338, #8339 );
#6515 = FILL_AREA_STYLE_COLOUR( '', #8340 );
#6516 = LINE( '', #8341, #8342 );
#6517 = FILL_AREA_STYLE_COLOUR( '', #8343 );
#6518 = LINE( '', #8344, #8345 );
#6519 = FILL_AREA_STYLE_COLOUR( '', #8346 );
#6520 = VERTEX_POINT( '', #8347 );
#6521 = LINE( '', #8348, #8349 );
#6522 = VERTEX_POINT( '', #8350 );
#6523 = LINE( '', #8351, #8352 );
#6524 = LINE( '', #8353, #8354 );
#6525 = FILL_AREA_STYLE_COLOUR( '', #8355 );
#6526 = LINE( '', #8356, #8357 );
#6527 = FILL_AREA_STYLE_COLOUR( '', #8358 );
#6528 = LINE( '', #8359, #8360 );
#6529 = LINE( '', #8361, #8362 );
#6530 = FILL_AREA_STYLE_COLOUR( '', #8363 );
#6531 = VERTEX_POINT( '', #8364 );
#6532 = LINE( '', #8365, #8366 );
#6533 = VERTEX_POINT( '', #8367 );
#6534 = LINE( '', #8368, #8369 );
#6535 = LINE( '', #8370, #8371 );
#6536 = FILL_AREA_STYLE_COLOUR( '', #8372 );
#6537 = LINE( '', #8373, #8374 );
#6538 = FILL_AREA_STYLE_COLOUR( '', #8375 );
#6539 = LINE( '', #8376, #8377 );
#6540 = LINE( '', #8378, #8379 );
#6541 = CIRCLE( '', #8380, 3.01805555555556 );
#6542 = FILL_AREA_STYLE_COLOUR( '', #8381 );
#6543 = LINE( '', #8382, #8383 );
#6544 = FILL_AREA_STYLE_COLOUR( '', #8384 );
#6545 = LINE( '', #8385, #8386 );
#6546 = VERTEX_POINT( '', #8387 );
#6547 = LINE( '', #8388, #8389 );
#6548 = LINE( '', #8390, #8391 );
#6549 = FILL_AREA_STYLE_COLOUR( '', #8392 );
#6550 = LINE( '', #8393, #8394 );
#6551 = FILL_AREA_STYLE_COLOUR( '', #8395 );
#6552 = VERTEX_POINT( '', #8396 );
#6553 = LINE( '', #8397, #8398 );
#6554 = LINE( '', #8399, #8400 );
#6555 = FILL_AREA_STYLE_COLOUR( '', #8401 );
#6556 = FILL_AREA_STYLE_COLOUR( '', #8402 );
#6557 = LINE( '', #8403, #8404 );
#6558 = FILL_AREA_STYLE_COLOUR( '', #8405 );
#6559 = VERTEX_POINT( '', #8406 );
#6560 = LINE( '', #8407, #8408 );
#6561 = LINE( '', #8409, #8410 );
#6562 = FILL_AREA_STYLE_COLOUR( '', #8411 );
#6563 = LINE( '', #8412, #8413 );
#6564 = FILL_AREA_STYLE_COLOUR( '', #8414 );
#6565 = LINE( '', #8415, #8416 );
#6566 = FILL_AREA_STYLE_COLOUR( '', #8417 );
#6567 = VERTEX_POINT( '', #8418 );
#6568 = LINE( '', #8419, #8420 );
#6569 = LINE( '', #8421, #8422 );
#6570 = FILL_AREA_STYLE_COLOUR( '', #8423 );
#6571 = LINE( '', #8424, #8425 );
#6572 = FILL_AREA_STYLE_COLOUR( '', #8426 );
#6573 = LINE( '', #8427, #8428 );
#6574 = FILL_AREA_STYLE_COLOUR( '', #8429 );
#6575 = VERTEX_POINT( '', #8430 );
#6576 = LINE( '', #8431, #8432 );
#6577 = LINE( '', #8433, #8434 );
#6578 = FILL_AREA_STYLE_COLOUR( '', #8435 );
#6579 = FILL_AREA_STYLE_COLOUR( '', #8436 );
#6580 = VERTEX_POINT( '', #8437 );
#6581 = LINE( '', #8438, #8439 );
#6582 = LINE( '', #8440, #8441 );
#6583 = FILL_AREA_STYLE_COLOUR( '', #8442 );
#6584 = LINE( '', #8443, #8444 );
#6585 = LINE( '', #8445, #8446 );
#6586 = FILL_AREA_STYLE_COLOUR( '', #8447 );
#6587 = LINE( '', #8448, #8449 );
#6588 = LINE( '', #8450, #8451 );
#6589 = FILL_AREA_STYLE_COLOUR( '', #8452 );
#6590 = LINE( '', #8453, #8454 );
#6591 = LINE( '', #8455, #8456 );
#6592 = FILL_AREA_STYLE_COLOUR( '', #8457 );
#6593 = FILL_AREA_STYLE_COLOUR( '', #8458 );
#6594 = FILL_AREA_STYLE_COLOUR( '', #8459 );
#6595 = LINE( '', #8460, #8461 );
#6596 = FILL_AREA_STYLE_COLOUR( '', #8462 );
#6597 = VERTEX_POINT( '', #8463 );
#6598 = LINE( '', #8464, #8465 );
#6599 = VERTEX_POINT( '', #8466 );
#6600 = LINE( '', #8467, #8468 );
#6601 = LINE( '', #8469, #8470 );
#6602 = FILL_AREA_STYLE_COLOUR( '', #8471 );
#6603 = VERTEX_POINT( '', #8472 );
#6604 = CIRCLE( '', #8473, 1.40000000000000 );
#6605 = FILL_AREA_STYLE_COLOUR( '', #8474 );
#6606 = FILL_AREA_STYLE_COLOUR( '', #8475 );
#6607 = LINE( '', #8476, #8477 );
#6608 = FILL_AREA_STYLE_COLOUR( '', #8478 );
#6609 = LINE( '', #8479, #8480 );
#6610 = FILL_AREA_STYLE_COLOUR( '', #8481 );
#6611 = LINE( '', #8482, #8483 );
#6612 = FILL_AREA_STYLE_COLOUR( '', #8484 );
#6613 = LINE( '', #8485, #8486 );
#6614 = FILL_AREA_STYLE_COLOUR( '', #8487 );
#6615 = LINE( '', #8488, #8489 );
#6616 = FILL_AREA_STYLE_COLOUR( '', #8490 );
#6617 = LINE( '', #8491, #8492 );
#6618 = FILL_AREA_STYLE_COLOUR( '', #8493 );
#6619 = VERTEX_POINT( '', #8494 );
#6620 = CIRCLE( '', #8495, 3.01805555555556 );
#6621 = LINE( '', #8496, #8497 );
#6622 = FILL_AREA_STYLE_COLOUR( '', #8498 );
#6623 = LINE( '', #8499, #8500 );
#6624 = FILL_AREA_STYLE_COLOUR( '', #8501 );
#6625 = LINE( '', #8502, #8503 );
#6626 = FILL_AREA_STYLE_COLOUR( '', #8504 );
#6627 = FILL_AREA_STYLE_COLOUR( '', #8505 );
#6628 = LINE( '', #8506, #8507 );
#6629 = FILL_AREA_STYLE_COLOUR( '', #8508 );
#6630 = VERTEX_POINT( '', #8509 );
#6631 = CIRCLE( '', #8510, 1.40000000000000 );
#6632 = FILL_AREA_STYLE_COLOUR( '', #8511 );
#6633 = LINE( '', #8512, #8513 );
#6634 = FILL_AREA_STYLE_COLOUR( '', #8514 );
#6635 = LINE( '', #8515, #8516 );
#6636 = FILL_AREA_STYLE_COLOUR( '', #8517 );
#6637 = VERTEX_POINT( '', #8518 );
#6638 = LINE( '', #8519, #8520 );
#6639 = LINE( '', #8521, #8522 );
#6640 = FILL_AREA_STYLE_COLOUR( '', #8523 );
#6641 = FILL_AREA_STYLE_COLOUR( '', #8524 );
#6642 = LINE( '', #8525, #8526 );
#6643 = FILL_AREA_STYLE_COLOUR( '', #8527 );
#6644 = LINE( '', #8528, #8529 );
#6645 = LINE( '', #8530, #8531 );
#6646 = FILL_AREA_STYLE_COLOUR( '', #8532 );
#6647 = FILL_AREA_STYLE_COLOUR( '', #8533 );
#6648 = FILL_AREA_STYLE_COLOUR( '', #8534 );
#6649 = VERTEX_POINT( '', #8535 );
#6650 = LINE( '', #8536, #8537 );
#6651 = LINE( '', #8538, #8539 );
#6652 = FILL_AREA_STYLE_COLOUR( '', #8540 );
#6653 = LINE( '', #8541, #8542 );
#6654 = FILL_AREA_STYLE_COLOUR( '', #8543 );
#6655 = FILL_AREA_STYLE_COLOUR( '', #8544 );
#6656 = LINE( '', #8545, #8546 );
#6657 = FILL_AREA_STYLE_COLOUR( '', #8547 );
#6658 = VERTEX_POINT( '', #8548 );
#6659 = LINE( '', #8549, #8550 );
#6660 = CIRCLE( '', #8551, 3.01805555555556 );
#6661 = FILL_AREA_STYLE_COLOUR( '', #8552 );
#6662 = LINE( '', #8553, #8554 );
#6663 = FILL_AREA_STYLE_COLOUR( '', #8555 );
#6664 = LINE( '', #8556, #8557 );
#6665 = FILL_AREA_STYLE_COLOUR( '', #8558 );
#6666 = LINE( '', #8559, #8560 );
#6667 = FILL_AREA_STYLE_COLOUR( '', #8561 );
#6668 = FILL_AREA_STYLE_COLOUR( '', #8562 );
#6669 = FILL_AREA_STYLE_COLOUR( '', #8563 );
#6670 = LINE( '', #8564, #8565 );
#6671 = FILL_AREA_STYLE_COLOUR( '', #8566 );
#6672 = LINE( '', #8567, #8568 );
#6673 = FILL_AREA_STYLE_COLOUR( '', #8569 );
#6674 = LINE( '', #8570, #8571 );
#6675 = FILL_AREA_STYLE_COLOUR( '', #8572 );
#6676 = FILL_AREA_STYLE_COLOUR( '', #8573 );
#6677 = VERTEX_POINT( '', #8574 );
#6678 = CIRCLE( '', #8575, 1.40000000000000 );
#6679 = FILL_AREA_STYLE_COLOUR( '', #8576 );
#6680 = FILL_AREA_STYLE_COLOUR( '', #8577 );
#6681 = VERTEX_POINT( '', #8578 );
#6682 = LINE( '', #8579, #8580 );
#6683 = LINE( '', #8581, #8582 );
#6684 = FILL_AREA_STYLE_COLOUR( '', #8583 );
#6685 = FILL_AREA_STYLE_COLOUR( '', #8584 );
#6686 = LINE( '', #8585, #8586 );
#6687 = FILL_AREA_STYLE_COLOUR( '', #8587 );
#6688 = VERTEX_POINT( '', #8588 );
#6689 = LINE( '', #8589, #8590 );
#6690 = LINE( '', #8591, #8592 );
#6691 = FILL_AREA_STYLE_COLOUR( '', #8593 );
#6692 = VERTEX_POINT( '', #8594 );
#6693 = LINE( '', #8595, #8596 );
#6694 = LINE( '', #8597, #8598 );
#6695 = FILL_AREA_STYLE_COLOUR( '', #8599 );
#6696 = VERTEX_POINT( '', #8600 );
#6697 = CIRCLE( '', #8601, 1.40000000000000 );
#6698 = FILL_AREA_STYLE_COLOUR( '', #8602 );
#6699 = LINE( '', #8603, #8604 );
#6700 = FILL_AREA_STYLE_COLOUR( '', #8605 );
#6701 = LINE( '', #8606, #8607 );
#6702 = FILL_AREA_STYLE_COLOUR( '', #8608 );
#6703 = FILL_AREA_STYLE_COLOUR( '', #8609 );
#6704 = FILL_AREA_STYLE_COLOUR( '', #8610 );
#6705 = LINE( '', #8611, #8612 );
#6706 = FILL_AREA_STYLE_COLOUR( '', #8613 );
#6707 = LINE( '', #8614, #8615 );
#6708 = FILL_AREA_STYLE_COLOUR( '', #8616 );
#6709 = FILL_AREA_STYLE_COLOUR( '', #8617 );
#6710 = FILL_AREA_STYLE_COLOUR( '', #8618 );
#6711 = FILL_AREA_STYLE_COLOUR( '', #8619 );
#6712 = FILL_AREA_STYLE_COLOUR( '', #8620 );
#6713 = FILL_AREA_STYLE_COLOUR( '', #8621 );
#6714 = LINE( '', #8622, #8623 );
#6715 = FILL_AREA_STYLE_COLOUR( '', #8624 );
#6716 = CIRCLE( '', #8625, 3.01805555555556 );
#6717 = FILL_AREA_STYLE_COLOUR( '', #8626 );
#6718 = LINE( '', #8627, #8628 );
#6719 = FILL_AREA_STYLE_COLOUR( '', #8629 );
#6720 = COLOUR_RGB( '', 0.333333343267441, 0.600000023841858, 0.333333343267441 );
#6721 = CARTESIAN_POINT( '', ( 3.21000000000000, -2.95000000000000, 4.70000000000000 ) );
#6722 = CARTESIAN_POINT( '', ( 2.88500000000000, -2.95000000000000, 6.00000000000000 ) );
#6723 = CARTESIAN_POINT( '', ( 4.50764705882353, -2.95000000000000, -0.490588235294140 ) );
#6724 = VECTOR( '', #8630, 1000.00000000000 );
#6725 = CARTESIAN_POINT( '', ( 2.88500000000000, -4.05000000000000, 6.00000000000000 ) );
#6726 = CARTESIAN_POINT( '', ( 2.88500000000000, 41.8475617738615, 6.00000000000000 ) );
#6727 = VECTOR( '', #8631, 1000.00000000000 );
#6728 = CARTESIAN_POINT( '', ( 3.21000000000000, -4.45000000000000, 4.70000000000000 ) );
#6729 = CARTESIAN_POINT( '', ( 4.22216363055288, -5.69573985298817, 0.651345477788446 ) );
#6730 = VECTOR( '', #8632, 1000.00000000000 );
#6731 = CARTESIAN_POINT( '', ( 3.21000000000000, 41.8475617738615, 4.70000000000000 ) );
#6732 = VECTOR( '', #8633, 1000.00000000000 );
#6733 = COLOUR_RGB( '', 0.333333343267441, 0.600000023841858, 0.333333343267441 );
#6734 = CARTESIAN_POINT( '', ( 2.91000000000000, 0.150000000000000, -1.20000000000000 ) );
#6735 = AXIS2_PLACEMENT_3D( '', #8634, #8635, #8636 );
#6736 = CARTESIAN_POINT( '', ( 3.31000000000000, -0.350000000000000, -1.20000000000000 ) );
#6737 = CARTESIAN_POINT( '', ( 3.31000000000000, 0.650000000000000, -1.20000000000000 ) );
#6738 = CARTESIAN_POINT( '', ( 3.31000000000000, -0.350000000000000, -1.20000000000000 ) );
#6739 = VECTOR( '', #8637, 1000.00000000000 );
#6740 = CARTESIAN_POINT( '', ( 4.31000000000000, 0.650000000000000, -1.20000000000000 ) );
#6741 = CARTESIAN_POINT( '', ( 3.31000000000000, 0.650000000000000, -1.20000000000000 ) );
#6742 = VECTOR( '', #8638, 1000.00000000000 );
#6743 = CARTESIAN_POINT( '', ( 4.31000000000000, -0.350000000000000, -1.20000000000000 ) );
#6744 = CARTESIAN_POINT( '', ( 4.31000000000000, 0.650000000000000, -1.20000000000000 ) );
#6745 = VECTOR( '', #8639, 1000.00000000000 );
#6746 = CARTESIAN_POINT( '', ( 4.31000000000000, -0.350000000000000, -1.20000000000000 ) );
#6747 = VECTOR( '', #8640, 1000.00000000000 );
#6748 = COLOUR_RGB( '', 0.333333343267441, 0.600000023841858, 0.333333343267441 );
#6749 = CARTESIAN_POINT( '', ( 9.95500000000000, -2.65000000000000, -6.00000000000000 ) );
#6750 = CARTESIAN_POINT( '', ( 9.95500000000000, 4.05000000000000, -6.00000000000000 ) );
#6751 = CARTESIAN_POINT( '', ( 9.95500000000000, -2.65000000000000, -6.00000000000000 ) );
#6752 = VECTOR( '', #8641, 1000.00000000000 );
#6753 = CARTESIAN_POINT( '', ( 12.9050000000000, -2.65000000000000, -6.00000000000000 ) );
#6754 = CARTESIAN_POINT( '', ( 9.95500000000000, -2.65000000000000, -6.00000000000000 ) );
#6755 = VECTOR( '', #8642, 1000.00000000000 );
#6756 = CARTESIAN_POINT( '', ( 12.9050000000000, 4.05000000000000, -6.00000000000000 ) );
#6757 = CARTESIAN_POINT( '', ( 12.9050000000000, -2.65000000000000, -6.00000000000000 ) );
#6758 = VECTOR( '', #8643, 1000.00000000000 );
#6759 = CARTESIAN_POINT( '', ( 17.5750000000000, 4.05000000000000, -6.00000000000000 ) );
#6760 = CARTESIAN_POINT( '', ( 21.9500000000000, 4.05000000000000, -6.00000000000000 ) );
#6761 = VECTOR( '', #8644, 1000.00000000000 );
#6762 = CARTESIAN_POINT( '', ( 17.5750000000000, -2.65000000000000, -6.00000000000000 ) );
#6763 = CARTESIAN_POINT( '', ( 17.5750000000000, 4.05000000000000, -6.00000000000000 ) );
#6764 = VECTOR( '', #8645, 1000.00000000000 );
#6765 = CARTESIAN_POINT( '', ( 20.5250000000000, -2.65000000000000, -6.00000000000000 ) );
#6766 = CARTESIAN_POINT( '', ( 17.5750000000000, -2.65000000000000, -6.00000000000000 ) );
#6767 = VECTOR( '', #8646, 1000.00000000000 );
#6768 = CARTESIAN_POINT( '', ( 20.5250000000000, 4.05000000000000, -6.00000000000000 ) );
#6769 = CARTESIAN_POINT( '', ( 20.5250000000000, 4.05000000000000, -6.00000000000000 ) );
#6770 = VECTOR( '', #8647, 1000.00000000000 );
#6771 = CARTESIAN_POINT( '', ( 21.9500000000000, 4.05000000000000, -6.00000000000000 ) );
#6772 = CARTESIAN_POINT( '', ( 21.9500000000000, 4.05000000000000, -6.00000000000000 ) );
#6773 = VECTOR( '', #8648, 1000.00000000000 );
#6774 = CARTESIAN_POINT( '', ( 21.9500000000000, -4.05000000000000, -6.00000000000000 ) );
#6775 = CARTESIAN_POINT( '', ( 21.9500000000000, 4.05000000000000, -6.00000000000000 ) );
#6776 = VECTOR( '', #8649, 1000.00000000000 );
#6777 = CARTESIAN_POINT( '', ( -21.9500000000000, -4.05000000000000, -6.00000000000000 ) );
#6778 = CARTESIAN_POINT( '', ( 21.9500000000000, -4.05000000000000, -6.00000000000000 ) );
#6779 = VECTOR( '', #8650, 1000.00000000000 );
#6780 = CARTESIAN_POINT( '', ( -21.9500000000000, 4.05000000000000, -6.00000000000000 ) );
#6781 = CARTESIAN_POINT( '', ( -21.9500000000000, 4.05000000000000, -6.00000000000000 ) );
#6782 = VECTOR( '', #8651, 1000.00000000000 );
#6783 = CARTESIAN_POINT( '', ( -20.5250000000000, 4.05000000000000, -6.00000000000000 ) );
#6784 = CARTESIAN_POINT( '', ( 21.9500000000000, 4.05000000000000, -6.00000000000000 ) );
#6785 = VECTOR( '', #8652, 1000.00000000000 );
#6786 = CARTESIAN_POINT( '', ( -20.5250000000000, -2.65000000000000, -6.00000000000000 ) );
#6787 = CARTESIAN_POINT( '', ( -20.5250000000000, -2.65000000000000, -6.00000000000000 ) );
#6788 = VECTOR( '', #8653, 1000.00000000000 );
#6789 = CARTESIAN_POINT( '', ( -17.5750000000000, -2.65000000000000, -6.00000000000000 ) );
#6790 = CARTESIAN_POINT( '', ( -20.5250000000000, -2.65000000000000, -6.00000000000000 ) );
#6791 = VECTOR( '', #8654, 1000.00000000000 );
#6792 = CARTESIAN_POINT( '', ( -17.5750000000000, 4.05000000000000, -6.00000000000000 ) );
#6793 = CARTESIAN_POINT( '', ( -17.5750000000000, -2.65000000000000, -6.00000000000000 ) );
#6794 = VECTOR( '', #8655, 1000.00000000000 );
#6795 = CARTESIAN_POINT( '', ( -12.9050000000000, 4.05000000000000, -6.00000000000000 ) );
#6796 = CARTESIAN_POINT( '', ( 21.9500000000000, 4.05000000000000, -6.00000000000000 ) );
#6797 = VECTOR( '', #8656, 1000.00000000000 );
#6798 = CARTESIAN_POINT( '', ( -12.9050000000000, -2.65000000000000, -6.00000000000000 ) );
#6799 = CARTESIAN_POINT( '', ( -12.9050000000000, -2.65000000000000, -6.00000000000000 ) );
#6800 = VECTOR( '', #8657, 1000.00000000000 );
#6801 = CARTESIAN_POINT( '', ( -9.95500000000000, -2.65000000000000, -6.00000000000000 ) );
#6802 = CARTESIAN_POINT( '', ( -12.9050000000000, -2.65000000000000, -6.00000000000000 ) );
#6803 = VECTOR( '', #8658, 1000.00000000000 );
#6804 = CARTESIAN_POINT( '', ( -9.95500000000000, 4.05000000000000, -6.00000000000000 ) );
#6805 = CARTESIAN_POINT( '', ( -9.95500000000000, -2.65000000000000, -6.00000000000000 ) );
#6806 = VECTOR( '', #8659, 1000.00000000000 );
#6807 = CARTESIAN_POINT( '', ( -5.28500000000000, 4.05000000000000, -6.00000000000000 ) );
#6808 = CARTESIAN_POINT( '', ( 21.9500000000000, 4.05000000000000, -6.00000000000000 ) );
#6809 = VECTOR( '', #8660, 1000.00000000000 );
#6810 = CARTESIAN_POINT( '', ( -5.28500000000000, -2.65000000000000, -6.00000000000000 ) );
#6811 = CARTESIAN_POINT( '', ( -5.28500000000000, -2.65000000000000, -6.00000000000000 ) );
#6812 = VECTOR( '', #8661, 1000.00000000000 );
#6813 = CARTESIAN_POINT( '', ( -2.33500000000000, -2.65000000000000, -6.00000000000000 ) );
#6814 = CARTESIAN_POINT( '', ( -5.28500000000000, -2.65000000000000, -6.00000000000000 ) );
#6815 = VECTOR( '', #8662, 1000.00000000000 );
#6816 = CARTESIAN_POINT( '', ( -2.33500000000000, 4.05000000000000, -6.00000000000000 ) );
#6817 = CARTESIAN_POINT( '', ( -2.33500000000000, -2.65000000000000, -6.00000000000000 ) );
#6818 = VECTOR( '', #8663, 1000.00000000000 );
#6819 = CARTESIAN_POINT( '', ( 2.33500000000000, 4.05000000000000, -6.00000000000000 ) );
#6820 = CARTESIAN_POINT( '', ( 21.9500000000000, 4.05000000000000, -6.00000000000000 ) );
#6821 = VECTOR( '', #8664, 1000.00000000000 );
#6822 = CARTESIAN_POINT( '', ( 2.33500000000000, -2.65000000000000, -6.00000000000000 ) );
#6823 = CARTESIAN_POINT( '', ( 2.33500000000000, -2.65000000000000, -6.00000000000000 ) );
#6824 = VECTOR( '', #8665, 1000.00000000000 );
#6825 = CARTESIAN_POINT( '', ( 5.28500000000000, -2.65000000000000, -6.00000000000000 ) );
#6826 = CARTESIAN_POINT( '', ( 2.33500000000000, -2.65000000000000, -6.00000000000000 ) );
#6827 = VECTOR( '', #8666, 1000.00000000000 );
#6828 = CARTESIAN_POINT( '', ( 5.28500000000000, 4.05000000000000, -6.00000000000000 ) );
#6829 = CARTESIAN_POINT( '', ( 5.28500000000000, -2.65000000000000, -6.00000000000000 ) );
#6830 = VECTOR( '', #8667, 1000.00000000000 );
#6831 = CARTESIAN_POINT( '', ( 21.9500000000000, 4.05000000000000, -6.00000000000000 ) );
#6832 = VECTOR( '', #8668, 1000.00000000000 );
#6833 = COLOUR_RGB( '', 0.333333343267441, 0.600000023841858, 0.333333343267441 );
#6834 = CARTESIAN_POINT( '', ( -16.9000000000000, 2.35000000000000, 6.00000000000000 ) );
#6835 = CARTESIAN_POINT( '', ( -13.5800000000000, 2.35000000000000, 6.00000000000000 ) );
#6836 = CARTESIAN_POINT( '', ( -16.9000000000000, 2.35000000000000, 6.00000000000000 ) );
#6837 = VECTOR( '', #8669, 1000.00000000000 );
#6838 = CARTESIAN_POINT( '', ( -16.9000000000000, 2.35000000000000, -5.20000000000000 ) );
#6839 = CARTESIAN_POINT( '', ( -16.9000000000000, 2.35000000000000, -5.20000000000000 ) );
#6840 = VECTOR( '', #8670, 1000.00000000000 );
#6841 = CARTESIAN_POINT( '', ( -13.5800000000000, 2.35000000000000, -5.20000000000000 ) );
#6842 = CARTESIAN_POINT( '', ( -16.9000000000000, 2.35000000000000, -5.20000000000000 ) );
#6843 = VECTOR( '', #8671, 1000.00000000000 );
#6844 = CARTESIAN_POINT( '', ( -13.5800000000000, 2.35000000000000, -5.20000000000000 ) );
#6845 = VECTOR( '', #8672, 1000.00000000000 );
#6846 = COLOUR_RGB( '', 0.333333343267441, 0.600000023841858, 0.333333343267441 );
#6847 = CARTESIAN_POINT( '', ( 19.9750000000000, -2.95000000000000, 6.00000000000000 ) );
#6848 = CARTESIAN_POINT( '', ( 19.9750000000000, -4.05000000000000, 6.00000000000000 ) );
#6849 = CARTESIAN_POINT( '', ( 19.9750000000000, 41.8475617738615, 6.00000000000000 ) );
#6850 = VECTOR( '', #8673, 1000.00000000000 );
#6851 = CARTESIAN_POINT( '', ( 21.9500000000000, -4.05000000000000, 6.00000000000000 ) );
#6852 = CARTESIAN_POINT( '', ( 21.9500000000000, -4.05000000000000, 6.00000000000000 ) );
#6853 = VECTOR( '', #8674, 1000.00000000000 );
#6854 = CARTESIAN_POINT( '', ( 21.9500000000000, -2.95000000000000, 6.00000000000000 ) );
#6855 = CARTESIAN_POINT( '', ( 21.9500000000000, -4.05000000000000, 6.00000000000000 ) );
#6856 = VECTOR( '', #8675, 1000.00000000000 );
#6857 = CARTESIAN_POINT( '', ( 21.9500000000000, -2.95000000000000, 6.00000000000000 ) );
#6858 = VECTOR( '', #8676, 1000.00000000000 );
#6859 = COLOUR_RGB( '', 0.333333343267441, 0.600000023841858, 0.333333343267441 );
#6860 = CARTESIAN_POINT( '', ( 2.33500000000000, -2.65000000000000, -5.60000000000000 ) );
#6861 = CARTESIAN_POINT( '', ( 2.33500000000000, 3.65000000000000, -5.60000000000000 ) );
#6862 = CARTESIAN_POINT( '', ( 2.33500000000000, -2.65000000000000, -5.60000000000000 ) );
#6863 = VECTOR( '', #8677, 1000.00000000000 );
#6864 = CARTESIAN_POINT( '', ( 2.33500000000000, -2.65000000000000, -5.60000000000000 ) );
#6865 = VECTOR( '', #8678, 1000.00000000000 );
#6866 = CARTESIAN_POINT( '', ( 2.33500000000000, 4.05000000000000, -2.60000000000000 ) );
#6867 = CARTESIAN_POINT( '', ( 2.33500000000000, 4.05000000000000, -6.00000000000000 ) );
#6868 = VECTOR( '', #8679, 1000.00000000000 );
#6869 = CARTESIAN_POINT( '', ( 2.33500000000000, 3.65000000000000, -2.60000000000000 ) );
#6870 = CARTESIAN_POINT( '', ( 2.33500000000000, 3.65000000000000, -2.60000000000000 ) );
#6871 = VECTOR( '', #8680, 1000.00000000000 );
#6872 = CARTESIAN_POINT( '', ( 2.33500000000000, 3.65000000000000, -6.00000000000000 ) );
#6873 = VECTOR( '', #8681, 1000.00000000000 );
#6874 = COLOUR_RGB( '', 0.333333343267441, 0.600000023841858, 0.333333343267441 );
#6875 = CARTESIAN_POINT( '', ( 10.4300000000000, 3.07951522256740, -5.20000000000000 ) );
#6876 = CARTESIAN_POINT( '', ( 10.4300000000000, 1.75000000000000, -5.20000000000000 ) );
#6877 = CARTESIAN_POINT( '', ( 10.4300000000000, 3.07951522256740, -5.20000000000000 ) );
#6878 = VECTOR( '', #8682, 1000.00000000000 );
#6879 = CARTESIAN_POINT( '', ( 10.4300000000000, 1.75000000000000, -2.80000000000000 ) );
#6880 = CARTESIAN_POINT( '', ( 10.4300000000000, 1.75000000000000, -2.80000000000000 ) );
#6881 = VECTOR( '', #8683, 1000.00000000000 );
#6882 = CARTESIAN_POINT( '', ( 10.4300000000000, 3.07951522256740, -2.80000000000000 ) );
#6883 = CARTESIAN_POINT( '', ( 10.4300000000000, 3.07951522256740, -2.80000000000000 ) );
#6884 = VECTOR( '', #8684, 1000.00000000000 );
#6885 = CARTESIAN_POINT( '', ( 10.4300000000000, 3.07951522256740, -2.80000000000000 ) );
#6886 = VECTOR( '', #8685, 1000.00000000000 );
#6887 = COLOUR_RGB( '', 0.333333343267441, 0.600000023841858, 0.333333343267441 );
#6888 = CARTESIAN_POINT( '', ( 9.38000000000000, -0.400000000000000, -5.20000000000000 ) );
#6889 = CARTESIAN_POINT( '', ( 10.8800000000000, -1.90000000000000, -5.20000000000000 ) );
#6890 = CARTESIAN_POINT( '', ( 9.38000000000000, -0.400000000000000, -5.20000000000000 ) );
#6891 = VECTOR( '', #8686, 1000.00000000000 );
#6892 = CARTESIAN_POINT( '', ( 10.8800000000000, -1.90000000000000, -2.80000000000000 ) );
#6893 = CARTESIAN_POINT( '', ( 10.8800000000000, -1.90000000000000, -2.80000000000000 ) );
#6894 = VECTOR( '', #8687, 1000.00000000000 );
#6895 = CARTESIAN_POINT( '', ( 9.38000000000000, -0.400000000000000, -2.80000000000000 ) );
#6896 = CARTESIAN_POINT( '', ( 9.38000000000000, -0.400000000000000, -2.80000000000000 ) );
#6897 = VECTOR( '', #8688, 1000.00000000000 );
#6898 = CARTESIAN_POINT( '', ( 9.38000000000000, -0.400000000000000, -2.80000000000000 ) );
#6899 = VECTOR( '', #8689, 1000.00000000000 );
#6900 = COLOUR_RGB( '', 0.333333343267441, 0.600000023841858, 0.333333343267441 );
#6901 = CARTESIAN_POINT( '', ( -4.73500000000000, -4.05000000000000, 6.00000000000000 ) );
#6902 = CARTESIAN_POINT( '', ( -4.41000000000000, -4.45000000000000, 4.70000000000000 ) );
#6903 = CARTESIAN_POINT( '', ( -2.98627356983063, -6.20227868328539, -0.994905720677510 ) );
#6904 = VECTOR( '', #8690, 1000.00000000000 );
#6905 = CARTESIAN_POINT( '', ( -10.5050000000000, -4.05000000000000, 6.00000000000000 ) );
#6906 = CARTESIAN_POINT( '', ( 21.9500000000000, -4.05000000000000, 6.00000000000000 ) );
#6907 = VECTOR( '', #8691, 1000.00000000000 );
#6908 = CARTESIAN_POINT( '', ( -10.8300000000000, -4.45000000000000, 4.70000000000000 ) );
#6909 = CARTESIAN_POINT( '', ( -9.05952380952382, -2.27095238095239, 11.7819047619047 ) );
#6910 = VECTOR( '', #8692, 1000.00000000000 );
#6911 = CARTESIAN_POINT( '', ( 21.9500000000000, -4.45000000000000, 4.70000000000000 ) );
#6912 = VECTOR( '', #8693, 1000.00000000000 );
#6913 = COLOUR_RGB( '', 0.333333343267441, 0.600000023841858, 0.333333343267441 );
#6914 = CARTESIAN_POINT( '', ( 9.38000000000000, 0.700000000000000, -5.20000000000000 ) );
#6915 = CARTESIAN_POINT( '', ( 5.86000000000000, 0.700000000000000, -5.20000000000000 ) );
#6916 = CARTESIAN_POINT( '', ( 8.53000000000000, 0.700000000000000, -5.20000000000000 ) );
#6917 = VECTOR( '', #8694, 1000.00000000000 );
#6918 = CARTESIAN_POINT( '', ( 5.86000000000000, 0.700000000000000, -2.80000000000000 ) );
#6919 = CARTESIAN_POINT( '', ( 5.86000000000000, 0.700000000000000, -2.80000000000000 ) );
#6920 = VECTOR( '', #8695, 1000.00000000000 );
#6921 = CARTESIAN_POINT( '', ( 9.38000000000000, 0.700000000000000, -2.80000000000000 ) );
#6922 = CARTESIAN_POINT( '', ( 8.53000000000000, 0.700000000000000, -2.80000000000000 ) );
#6923 = VECTOR( '', #8696, 1000.00000000000 );
#6924 = CARTESIAN_POINT( '', ( 9.38000000000000, 0.700000000000000, -2.80000000000000 ) );
#6925 = VECTOR( '', #8697, 1000.00000000000 );
#6926 = COLOUR_RGB( '', 0.333333343267441, 0.600000023841858, 0.333333343267441 );
#6927 = CARTESIAN_POINT( '', ( -18.0500000000000, 1.75000000000000, -5.20000000000000 ) );
#6928 = CARTESIAN_POINT( '', ( -18.0500000000000, 3.07951522256740, -5.20000000000000 ) );
#6929 = CARTESIAN_POINT( '', ( -18.0500000000000, 1.75000000000000, -5.20000000000000 ) );
#6930 = VECTOR( '', #8698, 1000.00000000000 );
#6931 = CARTESIAN_POINT( '', ( -18.0500000000000, 3.07951522256740, -2.80000000000000 ) );
#6932 = CARTESIAN_POINT( '', ( -18.0500000000000, 3.07951522256740, -2.80000000000000 ) );
#6933 = VECTOR( '', #8699, 1000.00000000000 );
#6934 = CARTESIAN_POINT( '', ( -18.0500000000000, 1.75000000000000, -2.80000000000000 ) );
#6935 = CARTESIAN_POINT( '', ( -18.0500000000000, 1.75000000000000, -2.80000000000000 ) );
#6936 = VECTOR( '', #8700, 1000.00000000000 );
#6937 = CARTESIAN_POINT( '', ( -18.0500000000000, 1.75000000000000, -2.80000000000000 ) );
#6938 = VECTOR( '', #8701, 1000.00000000000 );
#6939 = COLOUR_RGB( '', 0.333333343267441, 0.600000023841858, 0.333333343267441 );
#6940 = CARTESIAN_POINT( '', ( 5.28500000000000, 3.65000000000000, -5.60000000000000 ) );
#6941 = CARTESIAN_POINT( '', ( 4.31000000000000, 3.65000000000000, -5.60000000000000 ) );
#6942 = CARTESIAN_POINT( '', ( 5.28500000000000, 3.65000000000000, -5.60000000000000 ) );
#6943 = VECTOR( '', #8702, 1000.00000000000 );
#6944 = CARTESIAN_POINT( '', ( 4.31000000000000, 3.65000000000000, -3.50000000000000 ) );
#6945 = CARTESIAN_POINT( '', ( 4.31000000000000, 3.65000000000000, -3.50000000000000 ) );
#6946 = VECTOR( '', #8703, 1000.00000000000 );
#6947 = CARTESIAN_POINT( '', ( 3.31000000000000, 3.65000000000000, -3.50000000000000 ) );
#6948 = CARTESIAN_POINT( '', ( 3.31000000000000, 3.65000000000000, -3.50000000000000 ) );
#6949 = VECTOR( '', #8704, 1000.00000000000 );
#6950 = CARTESIAN_POINT( '', ( 3.31000000000000, 3.65000000000000, -5.60000000000000 ) );
#6951 = CARTESIAN_POINT( '', ( 3.31000000000000, 3.65000000000000, -5.60000000000000 ) );
#6952 = VECTOR( '', #8705, 1000.00000000000 );
#6953 = CARTESIAN_POINT( '', ( 5.28500000000000, 3.65000000000000, -5.60000000000000 ) );
#6954 = VECTOR( '', #8706, 1000.00000000000 );
#6955 = CARTESIAN_POINT( '', ( 5.28500000000000, 3.65000000000000, -2.60000000000000 ) );
#6956 = CARTESIAN_POINT( '', ( 5.28500000000000, 3.65000000000000, -2.60000000000000 ) );
#6957 = VECTOR( '', #8707, 1000.00000000000 );
#6958 = CARTESIAN_POINT( '', ( 5.28500000000000, 3.65000000000000, -6.00000000000000 ) );
#6959 = VECTOR( '', #8708, 1000.00000000000 );
#6960 = COLOUR_RGB( '', 0.333333343267441, 0.600000023841858, 0.333333343267441 );
#6961 = CARTESIAN_POINT( '', ( 18.5000000000000, -1.90000000000000, -5.20000000000000 ) );
#6962 = CARTESIAN_POINT( '', ( 18.5000000000000, -2.95000000000000, -5.20000000000000 ) );
#6963 = CARTESIAN_POINT( '', ( 18.5000000000000, -1.90000000000000, -5.20000000000000 ) );
#6964 = VECTOR( '', #8709, 1000.00000000000 );
#6965 = CARTESIAN_POINT( '', ( 18.5000000000000, -2.95000000000000, -2.80000000000000 ) );
#6966 = CARTESIAN_POINT( '', ( 18.5000000000000, -2.95000000000000, -2.80000000000000 ) );
#6967 = VECTOR( '', #8710, 1000.00000000000 );
#6968 = CARTESIAN_POINT( '', ( 18.5000000000000, -1.90000000000000, -2.80000000000000 ) );
#6969 = CARTESIAN_POINT( '', ( 18.5000000000000, -1.90000000000000, -2.80000000000000 ) );
#6970 = VECTOR( '', #8711, 1000.00000000000 );
#6971 = CARTESIAN_POINT( '', ( 18.5000000000000, -1.90000000000000, -2.80000000000000 ) );
#6972 = VECTOR( '', #8712, 1000.00000000000 );
#6973 = COLOUR_RGB( '', 0.333333343267441, 0.600000023841858, 0.333333343267441 );
#6974 = CARTESIAN_POINT( '', ( -3.31000000000000, -0.350000000000000, -1.20000000000000 ) );
#6975 = CARTESIAN_POINT( '', ( -4.31000000000000, -0.350000000000000, -1.20000000000000 ) );
#6976 = CARTESIAN_POINT( '', ( -3.31000000000000, -0.350000000000000, -1.20000000000000 ) );
#6977 = VECTOR( '', #8713, 1000.00000000000 );
#6978 = CARTESIAN_POINT( '', ( -3.31000000000000, -0.350000000000000, -5.60000000000000 ) );
#6979 = CARTESIAN_POINT( '', ( -3.31000000000000, -0.350000000000000, -47.4975617738615 ) );
#6980 = VECTOR( '', #8714, 1000.00000000000 );
#6981 = CARTESIAN_POINT( '', ( -4.31000000000000, -0.350000000000000, -5.60000000000000 ) );
#6982 = CARTESIAN_POINT( '', ( -3.31000000000000, -0.350000000000000, -5.60000000000000 ) );
#6983 = VECTOR( '', #8715, 1000.00000000000 );
#6984 = CARTESIAN_POINT( '', ( -4.31000000000000, -0.350000000000000, -47.4975617738615 ) );
#6985 = VECTOR( '', #8716, 1000.00000000000 );
#6986 = COLOUR_RGB( '', 0.333333343267441, 0.600000023841858, 0.333333343267441 );
#6987 = CARTESIAN_POINT( '', ( 20.5250000000000, 4.05000000000000, -2.60000000000000 ) );
#6988 = CARTESIAN_POINT( '', ( 20.5250000000000, 4.05000000000000, -2.60000000000000 ) );
#6989 = VECTOR( '', #8717, 1000.00000000000 );
#6990 = CARTESIAN_POINT( '', ( 20.5250000000000, -2.65000000000000, -5.60000000000000 ) );
#6991 = CARTESIAN_POINT( '', ( 20.5250000000000, -2.65000000000000, -6.00000000000000 ) );
#6992 = VECTOR( '', #8718, 1000.00000000000 );
#6993 = CARTESIAN_POINT( '', ( 20.5250000000000, 3.65000000000000, -5.60000000000000 ) );
#6994 = CARTESIAN_POINT( '', ( 20.5250000000000, 4.05000000000000, -5.60000000000000 ) );
#6995 = VECTOR( '', #8719, 1000.00000000000 );
#6996 = CARTESIAN_POINT( '', ( 20.5250000000000, 3.65000000000000, -2.60000000000000 ) );
#6997 = CARTESIAN_POINT( '', ( 20.5250000000000, 3.65000000000000, -2.60000000000000 ) );
#6998 = VECTOR( '', #8720, 1000.00000000000 );
#6999 = CARTESIAN_POINT( '', ( 20.5250000000000, 4.05000000000000, -2.60000000000000 ) );
#7000 = VECTOR( '', #8721, 1000.00000000000 );
#7001 = COLOUR_RGB( '', 0.333333343267441, 0.600000023841858, 0.333333343267441 );
#7002 = CARTESIAN_POINT( '', ( 10.0300000000000, 0.150000000000000, -1.70000000000000 ) );
#7003 = AXIS2_PLACEMENT_3D( '', #8722, #8723, #8724 );
#7004 = CARTESIAN_POINT( '', ( 12.8300000000000, 0.150000000000000, -2.80000000000000 ) );
#7005 = AXIS2_PLACEMENT_3D( '', #8725, #8726, #8727 );
#7006 = COLOUR_RGB( '', 0.333333343267441, 0.600000023841858, 0.333333343267441 );
#7007 = CARTESIAN_POINT( '', ( -20.5250000000000, -2.65000000000000, -5.60000000000000 ) );
#7008 = CARTESIAN_POINT( '', ( -20.5250000000000, -2.65000000000000, -5.60000000000000 ) );
#7009 = VECTOR( '', #8728, 1000.00000000000 );
#7010 = CARTESIAN_POINT( '', ( -17.5750000000000, -2.65000000000000, -5.60000000000000 ) );
#7011 = CARTESIAN_POINT( '', ( -17.5750000000000, -2.65000000000000, -5.60000000000000 ) );
#7012 = VECTOR( '', #8729, 1000.00000000000 );
#7013 = CARTESIAN_POINT( '', ( -17.5750000000000, -2.65000000000000, -6.00000000000000 ) );
#7014 = VECTOR( '', #8730, 1000.00000000000 );
#7015 = COLOUR_RGB( '', 0.333333343267441, 0.600000023841858, 0.333333343267441 );
#7016 = CARTESIAN_POINT( '', ( 17.0000000000000, 0.700000000000000, -5.20000000000000 ) );
#7017 = CARTESIAN_POINT( '', ( 13.4800000000000, 0.700000000000000, -5.20000000000000 ) );
#7018 = CARTESIAN_POINT( '', ( 17.0000000000000, 0.700000000000000, -5.20000000000000 ) );
#7019 = VECTOR( '', #8731, 1000.00000000000 );
#7020 = CARTESIAN_POINT( '', ( 13.4800000000000, 0.700000000000000, -2.80000000000000 ) );
#7021 = CARTESIAN_POINT( '', ( 13.4800000000000, 0.700000000000000, -2.80000000000000 ) );
#7022 = VECTOR( '', #8732, 1000.00000000000 );
#7023 = CARTESIAN_POINT( '', ( 17.0000000000000, 0.700000000000000, -2.80000000000000 ) );
#7024 = CARTESIAN_POINT( '', ( 17.0000000000000, 0.700000000000000, -2.80000000000000 ) );
#7025 = VECTOR( '', #8733, 1000.00000000000 );
#7026 = CARTESIAN_POINT( '', ( 17.0000000000000, 0.700000000000000, -2.80000000000000 ) );
#7027 = VECTOR( '', #8734, 1000.00000000000 );
#7028 = COLOUR_RGB( '', 0.333333343267441, 0.600000023841858, 0.333333343267441 );
#7029 = CARTESIAN_POINT( '', ( -19.9500000000000, 0.150000000000000, -1.20000000000000 ) );
#7030 = AXIS2_PLACEMENT_3D( '', #8735, #8736, #8737 );
#7031 = CARTESIAN_POINT( '', ( -20.4500000000000, 0.150000000000000, -1.70000000000000 ) );
#7032 = AXIS2_PLACEMENT_3D( '', #8738, #8739, #8740 );
#7033 = COLOUR_RGB( '', 0.333333343267441, 0.600000023841858, 0.333333343267441 );
#7034 = CARTESIAN_POINT( '', ( -12.4300000000000, 3.07951522256740, -5.20000000000000 ) );
#7035 = CARTESIAN_POINT( '', ( -12.4300000000000, 1.75000000000000, -5.20000000000000 ) );
#7036 = CARTESIAN_POINT( '', ( -12.4300000000000, 3.07951522256740, -5.20000000000000 ) );
#7037 = VECTOR( '', #8741, 1000.00000000000 );
#7038 = AXIS2_PLACEMENT_3D( '', #8742, #8743, #8744 );
#7039 = AXIS2_PLACEMENT_3D( '', #8745, #8746, #8747 );
#7040 = CARTESIAN_POINT( '', ( -17.0000000000000, 0.700000000000000, -5.20000000000000 ) );
#7041 = CARTESIAN_POINT( '', ( -17.0000000000000, 0.700000000000000, -5.20000000000000 ) );
#7042 = VECTOR( '', #8748, 1000.00000000000 );
#7043 = CARTESIAN_POINT( '', ( -13.4800000000000, 0.700000000000000, -5.20000000000000 ) );
#7044 = CARTESIAN_POINT( '', ( -14.3300000000000, 0.700000000000000, -5.20000000000000 ) );
#7045 = VECTOR( '', #8749, 1000.00000000000 );
#7046 = CARTESIAN_POINT( '', ( -12.4300000000000, 1.75000000000000, -5.20000000000000 ) );
#7047 = VECTOR( '', #8750, 1000.00000000000 );
#7048 = COLOUR_RGB( '', 0.333333343267441, 0.600000023841858, 0.333333343267441 );
#7049 = CARTESIAN_POINT( '', ( 3.26000000000000, -1.90000000000000, -5.20000000000000 ) );
#7050 = CARTESIAN_POINT( '', ( 3.26000000000000, -2.95000000000000, -5.20000000000000 ) );
#7051 = CARTESIAN_POINT( '', ( 3.26000000000000, -1.90000000000000, -5.20000000000000 ) );
#7052 = VECTOR( '', #8751, 1000.00000000000 );
#7053 = CARTESIAN_POINT( '', ( 3.26000000000000, -2.95000000000000, -2.80000000000000 ) );
#7054 = CARTESIAN_POINT( '', ( 3.26000000000000, -2.95000000000000, -2.80000000000000 ) );
#7055 = VECTOR( '', #8752, 1000.00000000000 );
#7056 = CARTESIAN_POINT( '', ( 3.26000000000000, -1.90000000000000, -2.80000000000000 ) );
#7057 = CARTESIAN_POINT( '', ( 3.26000000000000, -1.90000000000000, -2.80000000000000 ) );
#7058 = VECTOR( '', #8753, 1000.00000000000 );
#7059 = CARTESIAN_POINT( '', ( 3.26000000000000, -1.90000000000000, -2.80000000000000 ) );
#7060 = VECTOR( '', #8754, 1000.00000000000 );
#7061 = COLOUR_RGB( '', 0.333333343267441, 0.600000023841858, 0.333333343267441 );
#7062 = CARTESIAN_POINT( '', ( 10.5300000000000, 0.150000000000000, -1.20000000000000 ) );
#7063 = AXIS2_PLACEMENT_3D( '', #8755, #8756, #8757 );
#7064 = COLOUR_RGB( '', 0.333333343267441, 0.600000023841858, 0.333333343267441 );
#7065 = CARTESIAN_POINT( '', ( -1.76000000000000, -0.400000000000000, -5.20000000000000 ) );
#7066 = CARTESIAN_POINT( '', ( 1.76000000000000, -0.400000000000000, -5.20000000000000 ) );
#7067 = CARTESIAN_POINT( '', ( -1.76000000000000, -0.400000000000000, -5.20000000000000 ) );
#7068 = VECTOR( '', #8758, 1000.00000000000 );
#7069 = CARTESIAN_POINT( '', ( 1.76000000000000, -0.400000000000000, -2.80000000000000 ) );
#7070 = CARTESIAN_POINT( '', ( 1.76000000000000, -0.400000000000000, -2.80000000000000 ) );
#7071 = VECTOR( '', #8759, 1000.00000000000 );
#7072 = CARTESIAN_POINT( '', ( -1.76000000000000, -0.400000000000000, -2.80000000000000 ) );
#7073 = CARTESIAN_POINT( '', ( -1.76000000000000, -0.400000000000000, -2.80000000000000 ) );
#7074 = VECTOR( '', #8760, 1000.00000000000 );
#7075 = CARTESIAN_POINT( '', ( -1.76000000000000, -0.400000000000000, -2.80000000000000 ) );
#7076 = VECTOR( '', #8761, 1000.00000000000 );
#7077 = COLOUR_RGB( '', 0.333333343267441, 0.600000023841858, 0.333333343267441 );
#7078 = CARTESIAN_POINT( '', ( -9.95500000000000, 3.65000000000000, -5.60000000000000 ) );
#7079 = CARTESIAN_POINT( '', ( -10.9300000000000, 3.65000000000000, -5.60000000000000 ) );
#7080 = CARTESIAN_POINT( '', ( -9.95500000000000, 3.65000000000000, -5.60000000000000 ) );
#7081 = VECTOR( '', #8762, 1000.00000000000 );
#7082 = CARTESIAN_POINT( '', ( -10.9300000000000, 3.65000000000000, -3.50000000000000 ) );
#7083 = CARTESIAN_POINT( '', ( -10.9300000000000, 3.65000000000000, -3.50000000000000 ) );
#7084 = VECTOR( '', #8763, 1000.00000000000 );
#7085 = CARTESIAN_POINT( '', ( -11.9300000000000, 3.65000000000000, -3.50000000000000 ) );
#7086 = CARTESIAN_POINT( '', ( -11.9300000000000, 3.65000000000000, -3.50000000000000 ) );
#7087 = VECTOR( '', #8764, 1000.00000000000 );
#7088 = CARTESIAN_POINT( '', ( -11.9300000000000, 3.65000000000000, -5.60000000000000 ) );
#7089 = CARTESIAN_POINT( '', ( -11.9300000000000, 3.65000000000000, -5.60000000000000 ) );
#7090 = VECTOR( '', #8765, 1000.00000000000 );
#7091 = CARTESIAN_POINT( '', ( -12.9050000000000, 3.65000000000000, -5.60000000000000 ) );
#7092 = CARTESIAN_POINT( '', ( -9.95500000000000, 3.65000000000000, -5.60000000000000 ) );
#7093 = VECTOR( '', #8766, 1000.00000000000 );
#7094 = CARTESIAN_POINT( '', ( -12.9050000000000, 3.65000000000000, -2.60000000000000 ) );
#7095 = CARTESIAN_POINT( '', ( -12.9050000000000, 3.65000000000000, -6.00000000000000 ) );
#7096 = VECTOR( '', #8767, 1000.00000000000 );
#7097 = CARTESIAN_POINT( '', ( -9.95500000000000, 3.65000000000000, -2.60000000000000 ) );
#7098 = CARTESIAN_POINT( '', ( -9.95500000000000, 3.65000000000000, -2.60000000000000 ) );
#7099 = VECTOR( '', #8768, 1000.00000000000 );
#7100 = CARTESIAN_POINT( '', ( -9.95500000000000, 3.65000000000000, -6.00000000000000 ) );
#7101 = VECTOR( '', #8769, 1000.00000000000 );
#7102 = COLOUR_RGB( '', 0.333333343267441, 0.600000023841858, 0.333333343267441 );
#7103 = CARTESIAN_POINT( '', ( 19.6000000000000, -2.95000000000000, -5.20000000000000 ) );
#7104 = CARTESIAN_POINT( '', ( 19.6000000000000, -1.90000000000000, -5.20000000000000 ) );
#7105 = CARTESIAN_POINT( '', ( 19.6000000000000, -2.95000000000000, -5.20000000000000 ) );
#7106 = VECTOR( '', #8770, 1000.00000000000 );
#7107 = CARTESIAN_POINT( '', ( 21.9500000000000, -2.95000000000000, -5.20000000000000 ) );
#7108 = CARTESIAN_POINT( '', ( 21.9500000000000, -2.95000000000000, -5.20000000000000 ) );
#7109 = VECTOR( '', #8771, 1000.00000000000 );
#7110 = CARTESIAN_POINT( '', ( 21.9500000000000, -0.400000000000000, -5.20000000000000 ) );
#7111 = CARTESIAN_POINT( '', ( 21.9500000000000, 2.35000000000000, -5.20000000000000 ) );
#7112 = VECTOR( '', #8772, 1000.00000000000 );
#7113 = CARTESIAN_POINT( '', ( 21.1000000000000, -0.400000000000000, -5.20000000000000 ) );
#7114 = CARTESIAN_POINT( '', ( 21.1000000000000, -0.400000000000000, -5.20000000000000 ) );
#7115 = VECTOR( '', #8773, 1000.00000000000 );
#7116 = CARTESIAN_POINT( '', ( 19.6000000000000, -1.90000000000000, -5.20000000000000 ) );
#7117 = VECTOR( '', #8774, 1000.00000000000 );
#7118 = COLOUR_RGB( '', 0.333333343267441, 0.600000023841858, 0.333333343267441 );
#7119 = CARTESIAN_POINT( '', ( 1.76000000000000, -0.400000000000000, -5.20000000000000 ) );
#7120 = VECTOR( '', #8775, 1000.00000000000 );
#7121 = CARTESIAN_POINT( '', ( -3.26000000000000, -1.90000000000000, -5.20000000000000 ) );
#7122 = CARTESIAN_POINT( '', ( -3.26000000000000, -1.90000000000000, -5.20000000000000 ) );
#7123 = VECTOR( '', #8776, 1000.00000000000 );
#7124 = CARTESIAN_POINT( '', ( -3.26000000000000, -2.95000000000000, -5.20000000000000 ) );
#7125 = CARTESIAN_POINT( '', ( -3.26000000000000, -2.95000000000000, -5.20000000000000 ) );
#7126 = VECTOR( '', #8777, 1000.00000000000 );
#7127 = CARTESIAN_POINT( '', ( -14.3300000000000, -2.95000000000000, -5.20000000000000 ) );
#7128 = VECTOR( '', #8778, 1000.00000000000 );
#7129 = COLOUR_RGB( '', 0.333333343267441, 0.600000023841858, 0.333333343267441 );
#7130 = CARTESIAN_POINT( '', ( -21.1000000000000, -0.400000000000000, -5.20000000000000 ) );
#7131 = CARTESIAN_POINT( '', ( -19.6000000000000, -1.90000000000000, -5.20000000000000 ) );
#7132 = CARTESIAN_POINT( '', ( -21.1000000000000, -0.400000000000000, -5.20000000000000 ) );
#7133 = VECTOR( '', #8779, 1000.00000000000 );
#7134 = CARTESIAN_POINT( '', ( -19.6000000000000, -1.90000000000000, -2.80000000000000 ) );
#7135 = CARTESIAN_POINT( '', ( -19.6000000000000, -1.90000000000000, -2.80000000000000 ) );
#7136 = VECTOR( '', #8780, 1000.00000000000 );
#7137 = CARTESIAN_POINT( '', ( -21.1000000000000, -0.400000000000000, -2.80000000000000 ) );
#7138 = CARTESIAN_POINT( '', ( -21.1000000000000, -0.400000000000000, -2.80000000000000 ) );
#7139 = VECTOR( '', #8781, 1000.00000000000 );
#7140 = CARTESIAN_POINT( '', ( -21.1000000000000, -0.400000000000000, -2.80000000000000 ) );
#7141 = VECTOR( '', #8782, 1000.00000000000 );
#7142 = COLOUR_RGB( '', 0.333333343267441, 0.600000023841858, 0.333333343267441 );
#7143 = CARTESIAN_POINT( '', ( -19.6000000000000, -2.95000000000000, -5.20000000000000 ) );
#7144 = CARTESIAN_POINT( '', ( -19.6000000000000, -1.90000000000000, -5.20000000000000 ) );
#7145 = VECTOR( '', #8783, 1000.00000000000 );
#7146 = CARTESIAN_POINT( '', ( -19.6000000000000, -2.95000000000000, -2.80000000000000 ) );
#7147 = CARTESIAN_POINT( '', ( -19.6000000000000, -2.95000000000000, -2.80000000000000 ) );
#7148 = VECTOR( '', #8784, 1000.00000000000 );
#7149 = CARTESIAN_POINT( '', ( -19.6000000000000, -1.90000000000000, -2.80000000000000 ) );
#7150 = VECTOR( '', #8785, 1000.00000000000 );
#7151 = COLOUR_RGB( '', 0.740392148494720, 0.778039216995239, 0.800000011920929 );
#7152 = CARTESIAN_POINT( '', ( -3.82500000000000, 0.250000000000000, 4.12500000000000 ) );
#7153 = CARTESIAN_POINT( '', ( -3.57500000000000, 0.500000000000000, 3.12500000000000 ) );
#7154 = CARTESIAN_POINT( '', ( -3.86666666666667, 0.208333333333334, 4.29166666666667 ) );
#7155 = VECTOR( '', #8786, 1000.00000000000 );
#7156 = CARTESIAN_POINT( '', ( -4.57500000000000, 0.500000000000000, 3.12500000000000 ) );
#7157 = CARTESIAN_POINT( '', ( -3.82500000000000, 0.500000000000000, 3.12500000000000 ) );
#7158 = VECTOR( '', #8787, 1000.00000000000 );
#7159 = CARTESIAN_POINT( '', ( -4.32500000000000, 0.250000000000000, 4.12500000000000 ) );
#7160 = CARTESIAN_POINT( '', ( -4.51944444444445, 0.444444444444445, 3.34722222222223 ) );
#7161 = VECTOR( '', #8788, 1000.00000000000 );
#7162 = CARTESIAN_POINT( '', ( -3.57500000000000, 0.250000000000000, 4.12500000000000 ) );
#7163 = VECTOR( '', #8789, 1000.00000000000 );
#7164 = COLOUR_RGB( '', 0.333333343267441, 0.600000023841858, 0.333333343267441 );
#7165 = CARTESIAN_POINT( '', ( -18.5500000000000, -0.350000000000000, -5.60000000000000 ) );
#7166 = CARTESIAN_POINT( '', ( -18.5500000000000, 3.65000000000000, -5.60000000000000 ) );
#7167 = CARTESIAN_POINT( '', ( -18.5500000000000, 0.650000000000000, -5.60000000000000 ) );
#7168 = VECTOR( '', #8790, 1000.00000000000 );
#7169 = CARTESIAN_POINT( '', ( -17.5750000000000, 3.65000000000000, -5.60000000000000 ) );
#7170 = CARTESIAN_POINT( '', ( -17.5750000000000, 3.65000000000000, -5.60000000000000 ) );
#7171 = VECTOR( '', #8791, 1000.00000000000 );
#7172 = CARTESIAN_POINT( '', ( -17.5750000000000, -2.65000000000000, -5.60000000000000 ) );
#7173 = VECTOR( '', #8792, 1000.00000000000 );
#7174 = CARTESIAN_POINT( '', ( -20.5250000000000, 3.65000000000000, -5.60000000000000 ) );
#7175 = CARTESIAN_POINT( '', ( -20.5250000000000, -2.65000000000000, -5.60000000000000 ) );
#7176 = VECTOR( '', #8793, 1000.00000000000 );
#7177 = CARTESIAN_POINT( '', ( -19.5500000000000, 3.65000000000000, -5.60000000000000 ) );
#7178 = CARTESIAN_POINT( '', ( -17.5750000000000, 3.65000000000000, -5.60000000000000 ) );
#7179 = VECTOR( '', #8794, 1000.00000000000 );
#7180 = CARTESIAN_POINT( '', ( -19.5500000000000, -0.350000000000000, -5.60000000000000 ) );
#7181 = CARTESIAN_POINT( '', ( -19.5500000000000, -0.350000000000000, -5.60000000000000 ) );
#7182 = VECTOR( '', #8795, 1000.00000000000 );
#7183 = CARTESIAN_POINT( '', ( -18.5500000000000, -0.350000000000000, -5.60000000000000 ) );
#7184 = VECTOR( '', #8796, 1000.00000000000 );
#7185 = COLOUR_RGB( '', 0.333333343267441, 0.600000023841858, 0.333333343267441 );
#7186 = CARTESIAN_POINT( '', ( 12.0300000000000, -4.45000000000000, 4.70000000000000 ) );
#7187 = CARTESIAN_POINT( '', ( 12.3550000000000, -4.05000000000000, 6.00000000000000 ) );
#7188 = CARTESIAN_POINT( '', ( 12.5657877916267, -3.79056887184404, 6.84315116650686 ) );
#7189 = VECTOR( '', #8797, 1000.00000000000 );
#7190 = CARTESIAN_POINT( '', ( 18.4500000000000, -4.45000000000000, 4.70000000000000 ) );
#7191 = CARTESIAN_POINT( '', ( 21.9500000000000, -4.45000000000000, 4.70000000000000 ) );
#7192 = VECTOR( '', #8798, 1000.00000000000 );
#7193 = CARTESIAN_POINT( '', ( 18.1250000000000, -4.05000000000000, 6.00000000000000 ) );
#7194 = CARTESIAN_POINT( '', ( 18.6390380313199, -4.68266219239374, 3.94384787472036 ) );
#7195 = VECTOR( '', #8799, 1000.00000000000 );
#7196 = CARTESIAN_POINT( '', ( 21.9500000000000, -4.05000000000000, 6.00000000000000 ) );
#7197 = VECTOR( '', #8800, 1000.00000000000 );
#7198 = COLOUR_RGB( '', 0.333333343267441, 0.600000023841858, 0.333333343267441 );
#7199 = CARTESIAN_POINT( '', ( -2.33500000000000, -2.65000000000000, -5.60000000000000 ) );
#7200 = CARTESIAN_POINT( '', ( -2.33500000000000, -2.65000000000000, -6.00000000000000 ) );
#7201 = VECTOR( '', #8801, 1000.00000000000 );
#7202 = CARTESIAN_POINT( '', ( -2.33500000000000, 3.65000000000000, -5.60000000000000 ) );
#7203 = CARTESIAN_POINT( '', ( -2.33500000000000, -2.65000000000000, -5.60000000000000 ) );
#7204 = VECTOR( '', #8802, 1000.00000000000 );
#7205 = CARTESIAN_POINT( '', ( -2.33500000000000, 3.65000000000000, -2.60000000000000 ) );
#7206 = CARTESIAN_POINT( '', ( -2.33500000000000, 3.65000000000000, -6.00000000000000 ) );
#7207 = VECTOR( '', #8803, 1000.00000000000 );
#7208 = CARTESIAN_POINT( '', ( -2.33500000000000, 4.05000000000000, -2.60000000000000 ) );
#7209 = CARTESIAN_POINT( '', ( -2.33500000000000, 4.05000000000000, -2.60000000000000 ) );
#7210 = VECTOR( '', #8804, 1000.00000000000 );
#7211 = CARTESIAN_POINT( '', ( -2.33500000000000, 4.05000000000000, -6.00000000000000 ) );
#7212 = VECTOR( '', #8805, 1000.00000000000 );
#7213 = COLOUR_RGB( '', 0.333333343267441, 0.600000023841858, 0.333333343267441 );
#7214 = CARTESIAN_POINT( '', ( -4.71000000000000, 0.150000000000000, -1.20000000000000 ) );
#7215 = AXIS2_PLACEMENT_3D( '', #8806, #8807, #8808 );
#7216 = CARTESIAN_POINT( '', ( -5.21000000000000, 0.150000000000000, -1.70000000000000 ) );
#7217 = AXIS2_PLACEMENT_3D( '', #8809, #8810, #8811 );
#7218 = COLOUR_RGB( '', 0.740392148494720, 0.778039216995239, 0.800000011920929 );
#7219 = CARTESIAN_POINT( '', ( 3.82500000000000, -0.250000000000000, -4.62500000000000 ) );
#7220 = CARTESIAN_POINT( '', ( 2.82500000000000, -0.500000000000000, -4.87500000000000 ) );
#7221 = CARTESIAN_POINT( '', ( 2.99166666666666, -0.458333333333333, -4.83333333333333 ) );
#7222 = VECTOR( '', #8812, 1000.00000000000 );
#7223 = CARTESIAN_POINT( '', ( 2.82500000000000, 0.500000000000000, -4.87500000000000 ) );
#7224 = CARTESIAN_POINT( '', ( 2.82500000000000, -0.500000000000000, -4.87500000000000 ) );
#7225 = VECTOR( '', #8813, 1000.00000000000 );
#7226 = CARTESIAN_POINT( '', ( 3.82500000000000, 0.250000000000000, -4.62500000000000 ) );
#7227 = CARTESIAN_POINT( '', ( 3.99166666666667, 0.208333333333334, -4.58333333333333 ) );
#7228 = VECTOR( '', #8814, 1000.00000000000 );
#7229 = CARTESIAN_POINT( '', ( 3.82500000000000, -0.500000000000000, -4.62500000000000 ) );
#7230 = VECTOR( '', #8815, 1000.00000000000 );
#7231 = COLOUR_RGB( '', 0.333333343267441, 0.600000023841858, 0.333333343267441 );
#7232 = CARTESIAN_POINT( '', ( 18.5500000000000, 3.65000000000000, -5.60000000000000 ) );
#7233 = CARTESIAN_POINT( '', ( 18.5500000000000, 3.65000000000000, -3.50000000000000 ) );
#7234 = CARTESIAN_POINT( '', ( 18.5500000000000, 3.65000000000000, -5.60000000000000 ) );
#7235 = VECTOR( '', #8816, 1000.00000000000 );
#7236 = CARTESIAN_POINT( '', ( 17.5750000000000, 3.65000000000000, -5.60000000000000 ) );
#7237 = CARTESIAN_POINT( '', ( 20.5250000000000, 3.65000000000000, -5.60000000000000 ) );
#7238 = VECTOR( '', #8817, 1000.00000000000 );
#7239 = CARTESIAN_POINT( '', ( 17.5750000000000, 3.65000000000000, -2.60000000000000 ) );
#7240 = CARTESIAN_POINT( '', ( 17.5750000000000, 3.65000000000000, -2.60000000000000 ) );
#7241 = VECTOR( '', #8818, 1000.00000000000 );
#7242 = CARTESIAN_POINT( '', ( 20.5250000000000, 3.65000000000000, -2.60000000000000 ) );
#7243 = VECTOR( '', #8819, 1000.00000000000 );
#7244 = CARTESIAN_POINT( '', ( 19.5500000000000, 3.65000000000000, -5.60000000000000 ) );
#7245 = CARTESIAN_POINT( '', ( 20.5250000000000, 3.65000000000000, -5.60000000000000 ) );
#7246 = VECTOR( '', #8820, 1000.00000000000 );
#7247 = CARTESIAN_POINT( '', ( 19.5500000000000, 3.65000000000000, -3.50000000000000 ) );
#7248 = CARTESIAN_POINT( '', ( 19.5500000000000, 3.65000000000000, -3.50000000000000 ) );
#7249 = VECTOR( '', #8821, 1000.00000000000 );
#7250 = CARTESIAN_POINT( '', ( 18.5500000000000, 3.65000000000000, -3.50000000000000 ) );
#7251 = VECTOR( '', #8822, 1000.00000000000 );
#7252 = COLOUR_RGB( '', 0.333333343267441, 0.600000023841858, 0.333333343267441 );
#7253 = CARTESIAN_POINT( '', ( -17.5750000000000, 3.65000000000000, -2.60000000000000 ) );
#7254 = CARTESIAN_POINT( '', ( -17.5750000000000, 3.65000000000000, -6.00000000000000 ) );
#7255 = VECTOR( '', #8823, 1000.00000000000 );
#7256 = CARTESIAN_POINT( '', ( -17.5750000000000, 4.05000000000000, -2.60000000000000 ) );
#7257 = CARTESIAN_POINT( '', ( -17.5750000000000, 4.05000000000000, -2.60000000000000 ) );
#7258 = VECTOR( '', #8824, 1000.00000000000 );
#7259 = CARTESIAN_POINT( '', ( -17.5750000000000, 4.05000000000000, -6.00000000000000 ) );
#7260 = VECTOR( '', #8825, 1000.00000000000 );
#7261 = COLOUR_RGB( '', 0.333333343267441, 0.600000023841858, 0.333333343267441 );
#7262 = CARTESIAN_POINT( '', ( 4.81000000000000, 1.75000000000000, -5.20000000000000 ) );
#7263 = CARTESIAN_POINT( '', ( 4.81000000000000, 3.07951522256740, -5.20000000000000 ) );
#7264 = CARTESIAN_POINT( '', ( 4.81000000000000, 1.75000000000000, -5.20000000000000 ) );
#7265 = VECTOR( '', #8826, 1000.00000000000 );
#7266 = CARTESIAN_POINT( '', ( 4.81000000000000, 3.07951522256740, -2.80000000000000 ) );
#7267 = CARTESIAN_POINT( '', ( 4.81000000000000, 3.07951522256740, -2.80000000000000 ) );
#7268 = VECTOR( '', #8827, 1000.00000000000 );
#7269 = CARTESIAN_POINT( '', ( 4.81000000000000, 1.75000000000000, -2.80000000000000 ) );
#7270 = CARTESIAN_POINT( '', ( 4.81000000000000, 1.75000000000000, -2.80000000000000 ) );
#7271 = VECTOR( '', #8828, 1000.00000000000 );
#7272 = CARTESIAN_POINT( '', ( 4.81000000000000, 1.75000000000000, -2.80000000000000 ) );
#7273 = VECTOR( '', #8829, 1000.00000000000 );
#7274 = COLOUR_RGB( '', 0.333333343267441, 0.600000023841858, 0.333333343267441 );
#7275 = CARTESIAN_POINT( '', ( -4.73500000000000, -2.95000000000000, 6.00000000000000 ) );
#7276 = CARTESIAN_POINT( '', ( -4.73500000000000, 41.8475617738615, 6.00000000000000 ) );
#7277 = VECTOR( '', #8830, 1000.00000000000 );
#7278 = CARTESIAN_POINT( '', ( -10.5050000000000, -2.95000000000000, 6.00000000000000 ) );
#7279 = CARTESIAN_POINT( '', ( -14.3300000000000, -2.95000000000000, 6.00000000000000 ) );
#7280 = VECTOR( '', #8831, 1000.00000000000 );
#7281 = CARTESIAN_POINT( '', ( -10.5050000000000, 41.8475617738615, 6.00000000000000 ) );
#7282 = VECTOR( '', #8832, 1000.00000000000 );
#7283 = COLOUR_RGB( '', 0.333333343267441, 0.600000023841858, 0.333333343267441 );
#7284 = CARTESIAN_POINT( '', ( -4.31000000000000, 0.650000000000000, -1.20000000000000 ) );
#7285 = CARTESIAN_POINT( '', ( -4.31000000000000, -0.350000000000000, -1.20000000000000 ) );
#7286 = VECTOR( '', #8833, 1000.00000000000 );
#7287 = CARTESIAN_POINT( '', ( -3.31000000000000, 0.650000000000000, -1.20000000000000 ) );
#7288 = CARTESIAN_POINT( '', ( -4.31000000000000, 0.650000000000000, -1.20000000000000 ) );
#7289 = VECTOR( '', #8834, 1000.00000000000 );
#7290 = CARTESIAN_POINT( '', ( -3.31000000000000, 0.650000000000000, -1.20000000000000 ) );
#7291 = VECTOR( '', #8835, 1000.00000000000 );
#7292 = COLOUR_RGB( '', 0.333333343267441, 0.600000023841858, 0.333333343267441 );
#7293 = CARTESIAN_POINT( '', ( -12.3550000000000, -4.05000000000000, 6.00000000000000 ) );
#7294 = CARTESIAN_POINT( '', ( -12.0300000000000, -4.45000000000000, 4.70000000000000 ) );
#7295 = CARTESIAN_POINT( '', ( -10.1947107702141, -6.70881751358261, -2.64115691914347 ) );
#7296 = VECTOR( '', #8836, 1000.00000000000 );
#7297 = CARTESIAN_POINT( '', ( -18.1250000000000, -4.05000000000000, 6.00000000000000 ) );
#7298 = CARTESIAN_POINT( '', ( 21.9500000000000, -4.05000000000000, 6.00000000000000 ) );
#7299 = VECTOR( '', #8837, 1000.00000000000 );
#7300 = CARTESIAN_POINT( '', ( -18.4500000000000, -4.45000000000000, 4.70000000000000 ) );
#7301 = CARTESIAN_POINT( '', ( -16.2679610099073, -1.76441355065518, 13.4281559603707 ) );
#7302 = VECTOR( '', #8838, 1000.00000000000 );
#7303 = CARTESIAN_POINT( '', ( 21.9500000000000, -4.45000000000000, 4.70000000000000 ) );
#7304 = VECTOR( '', #8839, 1000.00000000000 );
#7305 = COLOUR_RGB( '', 0.333333343267441, 0.600000023841858, 0.333333343267441 );
#7306 = CARTESIAN_POINT( '', ( 1.76000000000000, 0.700000000000000, -5.20000000000000 ) );
#7307 = CARTESIAN_POINT( '', ( -1.76000000000000, 0.700000000000000, -5.20000000000000 ) );
#7308 = CARTESIAN_POINT( '', ( 0.910000000000000, 0.700000000000000, -5.20000000000000 ) );
#7309 = VECTOR( '', #8840, 1000.00000000000 );
#7310 = CARTESIAN_POINT( '', ( -1.76000000000000, 0.700000000000000, -2.80000000000000 ) );
#7311 = CARTESIAN_POINT( '', ( -1.76000000000000, 0.700000000000000, -2.80000000000000 ) );
#7312 = VECTOR( '', #8841, 1000.00000000000 );
#7313 = CARTESIAN_POINT( '', ( 1.76000000000000, 0.700000000000000, -2.80000000000000 ) );
#7314 = CARTESIAN_POINT( '', ( 0.910000000000000, 0.700000000000000, -2.80000000000000 ) );
#7315 = VECTOR( '', #8842, 1000.00000000000 );
#7316 = CARTESIAN_POINT( '', ( 1.76000000000000, 0.700000000000000, -2.80000000000000 ) );
#7317 = VECTOR( '', #8843, 1000.00000000000 );
#7318 = COLOUR_RGB( '', 0.333333343267441, 0.600000023841858, 0.333333343267441 );
#7319 = CARTESIAN_POINT( '', ( 2.81000000000000, 1.75000000000000, -5.20000000000000 ) );
#7320 = CARTESIAN_POINT( '', ( 2.81000000000000, 1.75000000000000, -5.20000000000000 ) );
#7321 = VECTOR( '', #8844, 1000.00000000000 );
#7322 = CARTESIAN_POINT( '', ( 2.81000000000000, 1.75000000000000, -2.80000000000000 ) );
#7323 = CARTESIAN_POINT( '', ( 2.81000000000000, 1.75000000000000, -2.80000000000000 ) );
#7324 = VECTOR( '', #8845, 1000.00000000000 );
#7325 = CARTESIAN_POINT( '', ( 2.81000000000000, 1.75000000000000, -2.80000000000000 ) );
#7326 = VECTOR( '', #8846, 1000.00000000000 );
#7327 = COLOUR_RGB( '', 0.333333343267441, 0.600000023841858, 0.333333343267441 );
#7328 = CARTESIAN_POINT( '', ( 1.76000000000000, -0.400000000000000, -2.80000000000000 ) );
#7329 = VECTOR( '', #8847, 1000.00000000000 );
#7330 = COLOUR_RGB( '', 0.333333343267441, 0.600000023841858, 0.333333343267441 );
#7331 = CARTESIAN_POINT( '', ( 9.95500000000000, -2.65000000000000, -5.60000000000000 ) );
#7332 = CARTESIAN_POINT( '', ( 9.95500000000000, -2.65000000000000, -5.60000000000000 ) );
#7333 = VECTOR( '', #8848, 1000.00000000000 );
#7334 = CARTESIAN_POINT( '', ( 12.9050000000000, -2.65000000000000, -5.60000000000000 ) );
#7335 = CARTESIAN_POINT( '', ( 12.9050000000000, -2.65000000000000, -5.60000000000000 ) );
#7336 = VECTOR( '', #8849, 1000.00000000000 );
#7337 = CARTESIAN_POINT( '', ( 12.9050000000000, -2.65000000000000, -6.00000000000000 ) );
#7338 = VECTOR( '', #8850, 1000.00000000000 );
#7339 = COLOUR_RGB( '', 0.740392148494720, 0.778039216995239, 0.800000011920929 );
#7340 = CARTESIAN_POINT( '', ( -3.82500000000000, -0.250000000000000, 4.12500000000000 ) );
#7341 = CARTESIAN_POINT( '', ( -3.82500000000000, -0.500000000000000, 4.12500000000000 ) );
#7342 = VECTOR( '', #8851, 1000.00000000000 );
#7343 = CARTESIAN_POINT( '', ( -4.32500000000000, -0.250000000000000, 4.12500000000000 ) );
#7344 = CARTESIAN_POINT( '', ( -4.32500000000000, -0.500000000000000, 4.12500000000000 ) );
#7345 = VECTOR( '', #8852, 1000.00000000000 );
#7346 = CARTESIAN_POINT( '', ( -3.57500000000000, -0.250000000000000, 4.12500000000000 ) );
#7347 = VECTOR( '', #8853, 1000.00000000000 );
#7348 = COLOUR_RGB( '', 0.333333343267441, 0.600000023841858, 0.333333343267441 );
#7349 = CARTESIAN_POINT( '', ( -9.28000000000000, 2.35000000000000, -5.20000000000000 ) );
#7350 = CARTESIAN_POINT( '', ( -9.28000000000000, 2.35000000000000, 6.00000000000000 ) );
#7351 = CARTESIAN_POINT( '', ( -9.28000000000000, 2.35000000000000, -5.20000000000000 ) );
#7352 = VECTOR( '', #8854, 1000.00000000000 );
#7353 = AXIS2_PLACEMENT_3D( '', #8855, #8856, #8857 );
#7354 = CARTESIAN_POINT( '', ( -12.4300000000000, 3.07951522256740, -2.80000000000000 ) );
#7355 = CARTESIAN_POINT( '', ( -12.4300000000000, 3.07951522256740, -2.80000000000000 ) );
#7356 = VECTOR( '', #8858, 1000.00000000000 );
#7357 = CARTESIAN_POINT( '', ( -10.4300000000000, 3.07951522256740, -2.80000000000000 ) );
#7358 = AXIS2_PLACEMENT_3D( '', #8859, #8860, #8861 );
#7359 = CARTESIAN_POINT( '', ( -10.4300000000000, 3.07951522256740, -5.20000000000000 ) );
#7360 = CARTESIAN_POINT( '', ( -10.4300000000000, 3.07951522256740, -2.80000000000000 ) );
#7361 = VECTOR( '', #8862, 1000.00000000000 );
#7362 = AXIS2_PLACEMENT_3D( '', #8863, #8864, #8865 );
#7363 = COLOUR_RGB( '', 0.333333343267441, 0.600000023841858, 0.333333343267441 );
#7364 = CARTESIAN_POINT( '', ( 4.31000000000000, 0.650000000000000, -3.50000000000000 ) );
#7365 = CARTESIAN_POINT( '', ( 3.31000000000000, 0.650000000000000, -3.50000000000000 ) );
#7366 = CARTESIAN_POINT( '', ( 3.31000000000000, 0.650000000000000, -3.50000000000000 ) );
#7367 = VECTOR( '', #8866, 1000.00000000000 );
#7368 = CARTESIAN_POINT( '', ( 4.31000000000000, 0.650000000000000, -47.4975617738615 ) );
#7369 = VECTOR( '', #8867, 1000.00000000000 );
#7370 = CARTESIAN_POINT( '', ( 3.31000000000000, 0.650000000000000, -47.4975617738615 ) );
#7371 = VECTOR( '', #8868, 1000.00000000000 );
#7372 = COLOUR_RGB( '', 0.333333343267441, 0.600000023841858, 0.333333343267441 );
#7373 = CARTESIAN_POINT( '', ( -10.9300000000000, 0.650000000000000, -3.50000000000000 ) );
#7374 = CARTESIAN_POINT( '', ( -10.9300000000000, 0.650000000000000, -1.20000000000000 ) );
#7375 = CARTESIAN_POINT( '', ( -10.9300000000000, 0.650000000000000, -47.4975617738615 ) );
#7376 = VECTOR( '', #8869, 1000.00000000000 );
#7377 = CARTESIAN_POINT( '', ( -10.9300000000000, -0.350000000000000, -3.50000000000000 ) );
#7378 = VECTOR( '', #8870, 1000.00000000000 );
#7379 = CARTESIAN_POINT( '', ( -10.9300000000000, -0.350000000000000, -5.60000000000000 ) );
#7380 = CARTESIAN_POINT( '', ( -10.9300000000000, 0.650000000000000, -5.60000000000000 ) );
#7381 = VECTOR( '', #8871, 1000.00000000000 );
#7382 = CARTESIAN_POINT( '', ( -10.9300000000000, -0.350000000000000, -1.20000000000000 ) );
#7383 = CARTESIAN_POINT( '', ( -10.9300000000000, -0.350000000000000, -47.4975617738615 ) );
#7384 = VECTOR( '', #8872, 1000.00000000000 );
#7385 = CARTESIAN_POINT( '', ( -10.9300000000000, 0.650000000000000, -1.20000000000000 ) );
#7386 = VECTOR( '', #8873, 1000.00000000000 );
#7387 = COLOUR_RGB( '', 0.333333343267441, 0.600000023841858, 0.333333343267441 );
#7388 = CARTESIAN_POINT( '', ( -10.8300000000000, -2.95000000000000, 4.70000000000000 ) );
#7389 = CARTESIAN_POINT( '', ( -13.3652941176470, -2.95000000000000, -5.44117647058824 ) );
#7390 = VECTOR( '', #8874, 1000.00000000000 );
#7391 = CARTESIAN_POINT( '', ( -10.8300000000000, 41.8475617738615, 4.70000000000000 ) );
#7392 = VECTOR( '', #8875, 1000.00000000000 );
#7393 = COLOUR_RGB( '', 0.333333343267441, 0.600000023841858, 0.333333343267441 );
#7394 = CARTESIAN_POINT( '', ( 4.73500000000000, -2.95000000000000, 6.00000000000000 ) );
#7395 = CARTESIAN_POINT( '', ( 4.41000000000000, -2.95000000000000, 4.70000000000000 ) );
#7396 = CARTESIAN_POINT( '', ( 0.978235294117665, -2.95000000000000, -9.02705882352940 ) );
#7397 = VECTOR( '', #8876, 1000.00000000000 );
#7398 = CARTESIAN_POINT( '', ( 4.41000000000000, -4.45000000000000, 4.70000000000000 ) );
#7399 = CARTESIAN_POINT( '', ( 4.41000000000000, 41.8475617738615, 4.70000000000000 ) );
#7400 = VECTOR( '', #8877, 1000.00000000000 );
#7401 = CARTESIAN_POINT( '', ( 4.73500000000000, -4.05000000000000, 6.00000000000000 ) );
#7402 = CARTESIAN_POINT( '', ( 5.35735059124320, -3.28403004154683, 8.48940236497282 ) );
#7403 = VECTOR( '', #8878, 1000.00000000000 );
#7404 = CARTESIAN_POINT( '', ( 4.73500000000000, 41.8475617738615, 6.00000000000000 ) );
#7405 = VECTOR( '', #8879, 1000.00000000000 );
#7406 = COLOUR_RGB( '', 0.333333343267441, 0.600000023841858, 0.333333343267441 );
#7407 = CARTESIAN_POINT( '', ( 21.1000000000000, -0.400000000000000, -2.80000000000000 ) );
#7408 = CARTESIAN_POINT( '', ( 21.1000000000000, -0.400000000000000, -2.80000000000000 ) );
#7409 = VECTOR( '', #8880, 1000.00000000000 );
#7410 = CARTESIAN_POINT( '', ( 19.6000000000000, -1.90000000000000, -2.80000000000000 ) );
#7411 = CARTESIAN_POINT( '', ( 19.6000000000000, -1.90000000000000, -2.80000000000000 ) );
#7412 = VECTOR( '', #8881, 1000.00000000000 );
#7413 = CARTESIAN_POINT( '', ( 19.6000000000000, -1.90000000000000, -2.80000000000000 ) );
#7414 = VECTOR( '', #8882, 1000.00000000000 );
#7415 = COLOUR_RGB( '', 0.333333343267441, 0.600000023841858, 0.333333343267441 );
#7416 = CARTESIAN_POINT( '', ( 12.9050000000000, 3.65000000000000, -5.60000000000000 ) );
#7417 = CARTESIAN_POINT( '', ( 11.9300000000000, 3.65000000000000, -5.60000000000000 ) );
#7418 = CARTESIAN_POINT( '', ( 12.9050000000000, 3.65000000000000, -5.60000000000000 ) );
#7419 = VECTOR( '', #8883, 1000.00000000000 );
#7420 = CARTESIAN_POINT( '', ( 11.9300000000000, 3.65000000000000, -3.50000000000000 ) );
#7421 = CARTESIAN_POINT( '', ( 11.9300000000000, 3.65000000000000, -3.50000000000000 ) );
#7422 = VECTOR( '', #8884, 1000.00000000000 );
#7423 = CARTESIAN_POINT( '', ( 10.9300000000000, 3.65000000000000, -3.50000000000000 ) );
#7424 = CARTESIAN_POINT( '', ( 10.9300000000000, 3.65000000000000, -3.50000000000000 ) );
#7425 = VECTOR( '', #8885, 1000.00000000000 );
#7426 = CARTESIAN_POINT( '', ( 10.9300000000000, 3.65000000000000, -5.60000000000000 ) );
#7427 = CARTESIAN_POINT( '', ( 10.9300000000000, 3.65000000000000, -5.60000000000000 ) );
#7428 = VECTOR( '', #8886, 1000.00000000000 );
#7429 = CARTESIAN_POINT( '', ( 9.95500000000000, 3.65000000000000, -5.60000000000000 ) );
#7430 = CARTESIAN_POINT( '', ( 12.9050000000000, 3.65000000000000, -5.60000000000000 ) );
#7431 = VECTOR( '', #8887, 1000.00000000000 );
#7432 = CARTESIAN_POINT( '', ( 9.95500000000000, 3.65000000000000, -2.60000000000000 ) );
#7433 = CARTESIAN_POINT( '', ( 9.95500000000000, 3.65000000000000, -6.00000000000000 ) );
#7434 = VECTOR( '', #8888, 1000.00000000000 );
#7435 = CARTESIAN_POINT( '', ( 12.9050000000000, 3.65000000000000, -2.60000000000000 ) );
#7436 = CARTESIAN_POINT( '', ( 12.9050000000000, 3.65000000000000, -2.60000000000000 ) );
#7437 = VECTOR( '', #8889, 1000.00000000000 );
#7438 = CARTESIAN_POINT( '', ( 12.9050000000000, 3.65000000000000, -6.00000000000000 ) );
#7439 = VECTOR( '', #8890, 1000.00000000000 );
#7440 = COLOUR_RGB( '', 0.333333343267441, 0.600000023841858, 0.333333343267441 );
#7441 = CARTESIAN_POINT( '', ( -21.9500000000000, -0.400000000000000, -5.20000000000000 ) );
#7442 = CARTESIAN_POINT( '', ( -21.9500000000000, -0.400000000000000, -5.20000000000000 ) );
#7443 = VECTOR( '', #8891, 1000.00000000000 );
#7444 = CARTESIAN_POINT( '', ( -21.9500000000000, -0.400000000000000, -2.80000000000000 ) );
#7445 = CARTESIAN_POINT( '', ( -21.9500000000000, -0.400000000000000, -2.80000000000000 ) );
#7446 = VECTOR( '', #8892, 1000.00000000000 );
#7447 = CARTESIAN_POINT( '', ( -21.9500000000000, -0.400000000000000, -2.80000000000000 ) );
#7448 = VECTOR( '', #8893, 1000.00000000000 );
#7449 = COLOUR_RGB( '', 0.740392148494720, 0.778039216995239, 0.800000011920929 );
#7450 = CARTESIAN_POINT( '', ( -3.82500000000000, -0.500000000000000, -4.87500000000000 ) );
#7451 = CARTESIAN_POINT( '', ( -3.82500000000000, -0.500000000000000, -4.87500000000000 ) );
#7452 = VECTOR( '', #8894, 1000.00000000000 );
#7453 = CARTESIAN_POINT( '', ( 2.82500000000000, -0.500000000000000, -3.87500000000000 ) );
#7454 = CARTESIAN_POINT( '', ( 2.82500000000000, -0.500000000000000, -3.87500000000000 ) );
#7455 = VECTOR( '', #8895, 1000.00000000000 );
#7456 = CARTESIAN_POINT( '', ( -3.57500000000000, -0.500000000000000, -3.87500000000000 ) );
#7457 = CARTESIAN_POINT( '', ( -3.57500000000000, -0.500000000000000, -3.87500000000000 ) );
#7458 = VECTOR( '', #8896, 1000.00000000000 );
#7459 = CARTESIAN_POINT( '', ( -3.57500000000000, -0.500000000000000, 3.12500000000000 ) );
#7460 = CARTESIAN_POINT( '', ( -3.57500000000000, -0.500000000000000, 4.12500000000000 ) );
#7461 = VECTOR( '', #8897, 1000.00000000000 );
#7462 = CARTESIAN_POINT( '', ( -4.57500000000000, -0.500000000000000, 3.12500000000000 ) );
#7463 = CARTESIAN_POINT( '', ( -4.57500000000000, -0.500000000000000, 3.12500000000000 ) );
#7464 = VECTOR( '', #8898, 1000.00000000000 );
#7465 = CARTESIAN_POINT( '', ( -4.57500000000000, -0.500000000000000, -4.12500000000000 ) );
#7466 = CARTESIAN_POINT( '', ( -4.57500000000000, -0.500000000000000, 4.12500000000000 ) );
#7467 = VECTOR( '', #8899, 1000.00000000000 );
#7468 = AXIS2_PLACEMENT_3D( '', #8900, #8901, #8902 );
#7469 = COLOUR_RGB( '', 0.333333343267441, 0.600000023841858, 0.333333343267441 );
#7470 = CARTESIAN_POINT( '', ( -12.9050000000000, -2.65000000000000, -5.60000000000000 ) );
#7471 = CARTESIAN_POINT( '', ( -12.9050000000000, -2.65000000000000, -5.60000000000000 ) );
#7472 = VECTOR( '', #8903, 1000.00000000000 );
#7473 = CARTESIAN_POINT( '', ( -9.95500000000000, -2.65000000000000, -5.60000000000000 ) );
#7474 = CARTESIAN_POINT( '', ( -9.95500000000000, -2.65000000000000, -5.60000000000000 ) );
#7475 = VECTOR( '', #8904, 1000.00000000000 );
#7476 = CARTESIAN_POINT( '', ( -9.95500000000000, -2.65000000000000, -6.00000000000000 ) );
#7477 = VECTOR( '', #8905, 1000.00000000000 );
#7478 = COLOUR_RGB( '', 0.333333343267441, 0.600000023841858, 0.333333343267441 );
#7479 = CARTESIAN_POINT( '', ( -21.9500000000000, -4.05000000000000, 3.00000000000000 ) );
#7480 = CARTESIAN_POINT( '', ( -21.9500000000000, -4.45000000000000, 3.00000000000000 ) );
#7481 = CARTESIAN_POINT( '', ( -21.9500000000000, -4.05000000000000, 3.00000000000000 ) );
#7482 = VECTOR( '', #8906, 1000.00000000000 );
#7483 = CARTESIAN_POINT( '', ( 21.9500000000000, -4.05000000000000, 3.00000000000000 ) );
#7484 = CARTESIAN_POINT( '', ( 21.9500000000000, -4.05000000000000, 3.00000000000000 ) );
#7485 = VECTOR( '', #8907, 1000.00000000000 );
#7486 = CARTESIAN_POINT( '', ( 21.9500000000000, -4.45000000000000, 3.00000000000000 ) );
#7487 = CARTESIAN_POINT( '', ( 21.9500000000000, -4.05000000000000, 3.00000000000000 ) );
#7488 = VECTOR( '', #8908, 1000.00000000000 );
#7489 = CARTESIAN_POINT( '', ( 21.9500000000000, -4.45000000000000, 3.00000000000000 ) );
#7490 = VECTOR( '', #8909, 1000.00000000000 );
#7491 = COLOUR_RGB( '', 0.333333343267441, 0.600000023841858, 0.333333343267441 );
#7492 = CARTESIAN_POINT( '', ( 3.31000000000000, -0.350000000000000, -5.60000000000000 ) );
#7493 = CARTESIAN_POINT( '', ( 3.31000000000000, -0.350000000000000, -47.4975617738615 ) );
#7494 = VECTOR( '', #8910, 1000.00000000000 );
#7495 = CARTESIAN_POINT( '', ( 3.31000000000000, -0.350000000000000, -5.60000000000000 ) );
#7496 = VECTOR( '', #8911, 1000.00000000000 );
#7497 = CARTESIAN_POINT( '', ( 3.31000000000000, -0.350000000000000, -3.50000000000000 ) );
#7498 = VECTOR( '', #8912, 1000.00000000000 );
#7499 = COLOUR_RGB( '', 0.333333343267441, 0.600000023841858, 0.333333343267441 );
#7500 = CARTESIAN_POINT( '', ( -18.5500000000000, 0.650000000000000, -3.50000000000000 ) );
#7501 = CARTESIAN_POINT( '', ( -19.5500000000000, 0.650000000000000, -3.50000000000000 ) );
#7502 = CARTESIAN_POINT( '', ( -19.5500000000000, 0.650000000000000, -3.50000000000000 ) );
#7503 = VECTOR( '', #8913, 1000.00000000000 );
#7504 = CARTESIAN_POINT( '', ( -18.5500000000000, 0.650000000000000, -1.20000000000000 ) );
#7505 = CARTESIAN_POINT( '', ( -18.5500000000000, 0.650000000000000, -47.4975161320778 ) );
#7506 = VECTOR( '', #8914, 1000.00000000000 );
#7507 = CARTESIAN_POINT( '', ( -19.5500000000000, 0.650000000000000, -1.20000000000000 ) );
#7508 = CARTESIAN_POINT( '', ( -19.5500000000000, 0.650000000000000, -1.20000000000000 ) );
#7509 = VECTOR( '', #8915, 1000.00000000000 );
#7510 = CARTESIAN_POINT( '', ( -19.5500000000000, 0.650000000000000, -47.4975161320778 ) );
#7511 = VECTOR( '', #8916, 1000.00000000000 );
#7512 = COLOUR_RGB( '', 0.333333343267441, 0.600000023841858, 0.333333343267441 );
#7513 = CARTESIAN_POINT( '', ( -12.3300000000000, 0.150000000000000, -1.20000000000000 ) );
#7514 = AXIS2_PLACEMENT_3D( '', #8917, #8918, #8919 );
#7515 = CARTESIAN_POINT( '', ( -11.9300000000000, -0.350000000000000, -1.20000000000000 ) );
#7516 = CARTESIAN_POINT( '', ( -11.9300000000000, 0.650000000000000, -1.20000000000000 ) );
#7517 = CARTESIAN_POINT( '', ( -11.9300000000000, -0.350000000000000, -1.20000000000000 ) );
#7518 = VECTOR( '', #8920, 1000.00000000000 );
#7519 = CARTESIAN_POINT( '', ( -11.9300000000000, 0.650000000000000, -1.20000000000000 ) );
#7520 = VECTOR( '', #8921, 1000.00000000000 );
#7521 = CARTESIAN_POINT( '', ( -10.9300000000000, -0.350000000000000, -1.20000000000000 ) );
#7522 = VECTOR( '', #8922, 1000.00000000000 );
#7523 = COLOUR_RGB( '', 0.333333343267441, 0.600000023841858, 0.333333343267441 );
#7524 = CARTESIAN_POINT( '', ( 10.9300000000000, -0.350000000000000, -1.20000000000000 ) );
#7525 = CARTESIAN_POINT( '', ( 10.9300000000000, 0.650000000000000, -1.20000000000000 ) );
#7526 = CARTESIAN_POINT( '', ( 10.9300000000000, -0.350000000000000, -1.20000000000000 ) );
#7527 = VECTOR( '', #8923, 1000.00000000000 );
#7528 = CARTESIAN_POINT( '', ( 11.9300000000000, 0.650000000000000, -1.20000000000000 ) );
#7529 = CARTESIAN_POINT( '', ( 10.9300000000000, 0.650000000000000, -1.20000000000000 ) );
#7530 = VECTOR( '', #8924, 1000.00000000000 );
#7531 = CARTESIAN_POINT( '', ( 11.9300000000000, -0.350000000000000, -1.20000000000000 ) );
#7532 = CARTESIAN_POINT( '', ( 11.9300000000000, 0.650000000000000, -1.20000000000000 ) );
#7533 = VECTOR( '', #8925, 1000.00000000000 );
#7534 = CARTESIAN_POINT( '', ( 11.9300000000000, -0.350000000000000, -1.20000000000000 ) );
#7535 = VECTOR( '', #8926, 1000.00000000000 );
#7536 = COLOUR_RGB( '', 0.333333343267441, 0.600000023841858, 0.333333343267441 );
#7537 = CARTESIAN_POINT( '', ( 10.5050000000000, -4.05000000000000, 6.00000000000000 ) );
#7538 = CARTESIAN_POINT( '', ( 10.8300000000000, -4.45000000000000, 4.70000000000000 ) );
#7539 = CARTESIAN_POINT( '', ( 11.4306008309364, -5.18920102269095, 2.29759667625441 ) );
#7540 = VECTOR( '', #8927, 1000.00000000000 );
#7541 = CARTESIAN_POINT( '', ( 21.9500000000000, -4.05000000000000, 6.00000000000000 ) );
#7542 = VECTOR( '', #8928, 1000.00000000000 );
#7543 = CARTESIAN_POINT( '', ( 21.9500000000000, -4.45000000000000, 4.70000000000000 ) );
#7544 = VECTOR( '', #8929, 1000.00000000000 );
#7545 = COLOUR_RGB( '', 0.333333343267441, 0.600000023841858, 0.333333343267441 );
#7546 = CARTESIAN_POINT( '', ( 11.9300000000000, -0.350000000000000, -5.60000000000000 ) );
#7547 = CARTESIAN_POINT( '', ( 11.9300000000000, 0.650000000000000, -5.60000000000000 ) );
#7548 = VECTOR( '', #8930, 1000.00000000000 );
#7549 = CARTESIAN_POINT( '', ( 12.9050000000000, -2.65000000000000, -5.60000000000000 ) );
#7550 = VECTOR( '', #8931, 1000.00000000000 );
#7551 = CARTESIAN_POINT( '', ( 9.95500000000000, -2.65000000000000, -5.60000000000000 ) );
#7552 = VECTOR( '', #8932, 1000.00000000000 );
#7553 = CARTESIAN_POINT( '', ( 10.9300000000000, -0.350000000000000, -5.60000000000000 ) );
#7554 = CARTESIAN_POINT( '', ( 10.9300000000000, -0.350000000000000, -5.60000000000000 ) );
#7555 = VECTOR( '', #8933, 1000.00000000000 );
#7556 = CARTESIAN_POINT( '', ( 11.9300000000000, -0.350000000000000, -5.60000000000000 ) );
#7557 = VECTOR( '', #8934, 1000.00000000000 );
#7558 = COLOUR_RGB( '', 0.333333343267441, 0.600000023841858, 0.333333343267441 );
#7559 = CARTESIAN_POINT( '', ( 21.2000000000000, 2.35000000000000, 6.00000000000000 ) );
#7560 = CARTESIAN_POINT( '', ( 21.9500000000000, 2.35000000000000, 6.00000000000000 ) );
#7561 = CARTESIAN_POINT( '', ( 21.2000000000000, 2.35000000000000, 6.00000000000000 ) );
#7562 = VECTOR( '', #8935, 1000.00000000000 );
#7563 = CARTESIAN_POINT( '', ( 21.2000000000000, 2.35000000000000, -5.20000000000000 ) );
#7564 = CARTESIAN_POINT( '', ( 21.2000000000000, 2.35000000000000, -5.20000000000000 ) );
#7565 = VECTOR( '', #8936, 1000.00000000000 );
#7566 = CARTESIAN_POINT( '', ( 21.9500000000000, 2.35000000000000, -5.20000000000000 ) );
#7567 = CARTESIAN_POINT( '', ( 21.2000000000000, 2.35000000000000, -5.20000000000000 ) );
#7568 = VECTOR( '', #8937, 1000.00000000000 );
#7569 = CARTESIAN_POINT( '', ( 21.9500000000000, 2.35000000000000, -5.20000000000000 ) );
#7570 = VECTOR( '', #8938, 1000.00000000000 );
#7571 = COLOUR_RGB( '', 0.333333343267441, 0.600000023841858, 0.333333343267441 );
#7572 = CARTESIAN_POINT( '', ( -1.66000000000000, 2.35000000000000, 6.00000000000000 ) );
#7573 = CARTESIAN_POINT( '', ( 1.66000000000000, 2.35000000000000, 6.00000000000000 ) );
#7574 = CARTESIAN_POINT( '', ( -1.66000000000000, 2.35000000000000, 6.00000000000000 ) );
#7575 = VECTOR( '', #8939, 1000.00000000000 );
#7576 = CARTESIAN_POINT( '', ( -1.66000000000000, 2.35000000000000, -5.20000000000000 ) );
#7577 = CARTESIAN_POINT( '', ( -1.66000000000000, 2.35000000000000, -5.20000000000000 ) );
#7578 = VECTOR( '', #8940, 1000.00000000000 );
#7579 = CARTESIAN_POINT( '', ( 1.66000000000000, 2.35000000000000, -5.20000000000000 ) );
#7580 = CARTESIAN_POINT( '', ( -1.66000000000000, 2.35000000000000, -5.20000000000000 ) );
#7581 = VECTOR( '', #8941, 1000.00000000000 );
#7582 = CARTESIAN_POINT( '', ( 1.66000000000000, 2.35000000000000, -5.20000000000000 ) );
#7583 = VECTOR( '', #8942, 1000.00000000000 );
#7584 = COLOUR_RGB( '', 0.333333343267441, 0.600000023841858, 0.333333343267441 );
#7585 = CARTESIAN_POINT( '', ( -4.31000000000000, 3.65000000000000, -5.60000000000000 ) );
#7586 = CARTESIAN_POINT( '', ( -4.31000000000000, -0.350000000000000, -5.60000000000000 ) );
#7587 = VECTOR( '', #8943, 1000.00000000000 );
#7588 = CARTESIAN_POINT( '', ( -4.31000000000000, 3.65000000000000, -3.50000000000000 ) );
#7589 = CARTESIAN_POINT( '', ( -4.31000000000000, 3.65000000000000, -5.60000000000000 ) );
#7590 = VECTOR( '', #8944, 1000.00000000000 );
#7591 = CARTESIAN_POINT( '', ( -4.31000000000000, 0.650000000000000, -3.50000000000000 ) );
#7592 = CARTESIAN_POINT( '', ( -4.31000000000000, -0.350000000000000, -3.50000000000000 ) );
#7593 = VECTOR( '', #8945, 1000.00000000000 );
#7594 = CARTESIAN_POINT( '', ( -4.31000000000000, 0.650000000000000, -47.4975617738615 ) );
#7595 = VECTOR( '', #8946, 1000.00000000000 );
#7596 = COLOUR_RGB( '', 0.333333343267441, 0.600000023841858, 0.333333343267441 );
#7597 = CARTESIAN_POINT( '', ( -17.0000000000000, 0.700000000000000, -2.80000000000000 ) );
#7598 = CARTESIAN_POINT( '', ( -17.0000000000000, 0.700000000000000, -2.80000000000000 ) );
#7599 = VECTOR( '', #8947, 1000.00000000000 );
#7600 = CARTESIAN_POINT( '', ( -17.0000000000000, 0.700000000000000, -2.80000000000000 ) );
#7601 = VECTOR( '', #8948, 1000.00000000000 );
#7602 = COLOUR_RGB( '', 0.740392148494720, 0.778039216995239, 0.800000011920929 );
#7603 = CARTESIAN_POINT( '', ( -4.53333333333334, -0.458333333333333, 3.29166666666667 ) );
#7604 = VECTOR( '', #8949, 1000.00000000000 );
#7605 = CARTESIAN_POINT( '', ( -3.81111111111111, -0.263888888888889, 4.06944444444444 ) );
#7606 = VECTOR( '', #8950, 1000.00000000000 );
#7607 = COLOUR_RGB( '', 0.740392148494720, 0.778039216995239, 0.800000011920929 );
#7608 = CARTESIAN_POINT( '', ( -3.57500000000000, -0.500000000000000, 3.12500000000000 ) );
#7609 = VECTOR( '', #8951, 1000.00000000000 );
#7610 = COLOUR_RGB( '', 0.333333343267441, 0.600000023841858, 0.333333343267441 );
#7611 = CARTESIAN_POINT( '', ( -12.4300000000000, 1.75000000000000, -2.80000000000000 ) );
#7612 = CARTESIAN_POINT( '', ( -12.4300000000000, 1.75000000000000, -2.80000000000000 ) );
#7613 = VECTOR( '', #8952, 1000.00000000000 );
#7614 = CARTESIAN_POINT( '', ( -12.4300000000000, 3.07951522256740, -2.80000000000000 ) );
#7615 = VECTOR( '', #8953, 1000.00000000000 );
#7616 = COLOUR_RGB( '', 0.740392148494720, 0.778039216995239, 0.800000011920929 );
#7617 = CARTESIAN_POINT( '', ( 3.82500000000000, -0.250000000000000, -4.12500000000000 ) );
#7618 = CARTESIAN_POINT( '', ( 2.82500000000000, -0.500000000000000, -3.87500000000000 ) );
#7619 = VECTOR( '', #8954, 1000.00000000000 );
#7620 = CARTESIAN_POINT( '', ( 3.82500000000000, -0.250000000000000, -4.87500000000000 ) );
#7621 = VECTOR( '', #8955, 1000.00000000000 );
#7622 = COLOUR_RGB( '', 0.333333343267441, 0.600000023841858, 0.333333343267441 );
#7623 = CARTESIAN_POINT( '', ( -21.9500000000000, -4.45000000000000, 4.70000000000000 ) );
#7624 = CARTESIAN_POINT( '', ( -21.9500000000000, -4.45000000000000, 3.00000000000000 ) );
#7625 = VECTOR( '', #8956, 1000.00000000000 );
#7626 = CARTESIAN_POINT( '', ( 21.9500000000000, -4.45000000000000, 4.70000000000000 ) );
#7627 = CARTESIAN_POINT( '', ( 21.9500000000000, -4.45000000000000, 3.00000000000000 ) );
#7628 = VECTOR( '', #8957, 1000.00000000000 );
#7629 = CARTESIAN_POINT( '', ( 19.6500000000000, -4.45000000000000, 4.70000000000000 ) );
#7630 = CARTESIAN_POINT( '', ( 21.9500000000000, -4.45000000000000, 4.70000000000000 ) );
#7631 = VECTOR( '', #8958, 1000.00000000000 );
#7632 = CARTESIAN_POINT( '', ( 18.4500000000000, -4.45000000000000, 4.70000000000000 ) );
#7633 = VECTOR( '', #8959, 1000.00000000000 );
#7634 = CARTESIAN_POINT( '', ( 10.8300000000000, -4.45000000000000, 4.70000000000000 ) );
#7635 = VECTOR( '', #8960, 1000.00000000000 );
#7636 = CARTESIAN_POINT( '', ( 3.21000000000000, -4.45000000000000, 4.70000000000000 ) );
#7637 = VECTOR( '', #8961, 1000.00000000000 );
#7638 = CARTESIAN_POINT( '', ( -3.21000000000000, -4.45000000000000, 4.70000000000000 ) );
#7639 = CARTESIAN_POINT( '', ( 21.9500000000000, -4.45000000000000, 4.70000000000000 ) );
#7640 = VECTOR( '', #8962, 1000.00000000000 );
#7641 = CARTESIAN_POINT( '', ( -4.41000000000000, -4.45000000000000, 4.70000000000000 ) );
#7642 = VECTOR( '', #8963, 1000.00000000000 );
#7643 = CARTESIAN_POINT( '', ( -12.0300000000000, -4.45000000000000, 4.70000000000000 ) );
#7644 = VECTOR( '', #8964, 1000.00000000000 );
#7645 = CARTESIAN_POINT( '', ( -19.6500000000000, -4.45000000000000, 4.70000000000000 ) );
#7646 = CARTESIAN_POINT( '', ( -19.6500000000000, -4.45000000000000, 4.70000000000000 ) );
#7647 = VECTOR( '', #8965, 1000.00000000000 );
#7648 = CARTESIAN_POINT( '', ( 21.9500000000000, -4.45000000000000, 4.70000000000000 ) );
#7649 = VECTOR( '', #8966, 1000.00000000000 );
#7650 = COLOUR_RGB( '', 0.333333343267441, 0.600000023841858, 0.333333343267441 );
#7651 = CARTESIAN_POINT( '', ( 5.86000000000000, -0.400000000000000, -5.20000000000000 ) );
#7652 = CARTESIAN_POINT( '', ( 5.86000000000000, -0.400000000000000, -5.20000000000000 ) );
#7653 = VECTOR( '', #8967, 1000.00000000000 );
#7654 = CARTESIAN_POINT( '', ( 4.36000000000000, -1.90000000000000, -5.20000000000000 ) );
#7655 = CARTESIAN_POINT( '', ( 4.36000000000000, -1.90000000000000, -5.20000000000000 ) );
#7656 = VECTOR( '', #8968, 1000.00000000000 );
#7657 = CARTESIAN_POINT( '', ( 4.36000000000000, -2.95000000000000, -5.20000000000000 ) );
#7658 = CARTESIAN_POINT( '', ( 4.36000000000000, -2.95000000000000, -5.20000000000000 ) );
#7659 = VECTOR( '', #8969, 1000.00000000000 );
#7660 = CARTESIAN_POINT( '', ( 10.8800000000000, -2.95000000000000, -5.20000000000000 ) );
#7661 = CARTESIAN_POINT( '', ( -14.3300000000000, -2.95000000000000, -5.20000000000000 ) );
#7662 = VECTOR( '', #8970, 1000.00000000000 );
#7663 = CARTESIAN_POINT( '', ( 10.8800000000000, -1.90000000000000, -5.20000000000000 ) );
#7664 = VECTOR( '', #8971, 1000.00000000000 );
#7665 = COLOUR_RGB( '', 0.333333343267441, 0.600000023841858, 0.333333343267441 );
#7666 = CARTESIAN_POINT( '', ( 17.5750000000000, -2.65000000000000, -5.60000000000000 ) );
#7667 = CARTESIAN_POINT( '', ( 17.5750000000000, -2.65000000000000, -5.60000000000000 ) );
#7668 = VECTOR( '', #8972, 1000.00000000000 );
#7669 = CARTESIAN_POINT( '', ( 20.5250000000000, -2.65000000000000, -5.60000000000000 ) );
#7670 = VECTOR( '', #8973, 1000.00000000000 );
#7671 = COLOUR_RGB( '', 0.333333343267441, 0.600000023841858, 0.333333343267441 );
#7672 = CARTESIAN_POINT( '', ( 4.31000000000000, -0.350000000000000, -3.50000000000000 ) );
#7673 = VECTOR( '', #8974, 1000.00000000000 );
#7674 = COLOUR_RGB( '', 0.333333343267441, 0.600000023841858, 0.333333343267441 );
#7675 = CARTESIAN_POINT( '', ( -18.5000000000000, -2.95000000000000, -5.20000000000000 ) );
#7676 = CARTESIAN_POINT( '', ( -18.5000000000000, -1.90000000000000, -5.20000000000000 ) );
#7677 = CARTESIAN_POINT( '', ( -18.5000000000000, -2.95000000000000, -5.20000000000000 ) );
#7678 = VECTOR( '', #8975, 1000.00000000000 );
#7679 = CARTESIAN_POINT( '', ( -18.5000000000000, -1.90000000000000, -2.80000000000000 ) );
#7680 = CARTESIAN_POINT( '', ( -18.5000000000000, -1.90000000000000, -2.80000000000000 ) );
#7681 = VECTOR( '', #8976, 1000.00000000000 );
#7682 = CARTESIAN_POINT( '', ( -18.5000000000000, -2.95000000000000, -2.80000000000000 ) );
#7683 = CARTESIAN_POINT( '', ( -18.5000000000000, -2.95000000000000, -2.80000000000000 ) );
#7684 = VECTOR( '', #8977, 1000.00000000000 );
#7685 = CARTESIAN_POINT( '', ( -18.5000000000000, -2.95000000000000, -2.80000000000000 ) );
#7686 = VECTOR( '', #8978, 1000.00000000000 );
#7687 = COLOUR_RGB( '', 0.333333343267441, 0.600000023841858, 0.333333343267441 );
#7688 = CARTESIAN_POINT( '', ( 13.4800000000000, -0.400000000000000, -2.80000000000000 ) );
#7689 = CARTESIAN_POINT( '', ( 17.0000000000000, -0.400000000000000, -2.80000000000000 ) );
#7690 = CARTESIAN_POINT( '', ( 14.3300000000000, -0.400000000000000, -2.80000000000000 ) );
#7691 = VECTOR( '', #8979, 1000.00000000000 );
#7692 = CARTESIAN_POINT( '', ( 13.4800000000000, -0.400000000000000, -5.20000000000000 ) );
#7693 = CARTESIAN_POINT( '', ( 13.4800000000000, -0.400000000000000, -2.80000000000000 ) );
#7694 = VECTOR( '', #8980, 1000.00000000000 );
#7695 = CARTESIAN_POINT( '', ( 17.0000000000000, -0.400000000000000, -5.20000000000000 ) );
#7696 = CARTESIAN_POINT( '', ( 14.3300000000000, -0.400000000000000, -5.20000000000000 ) );
#7697 = VECTOR( '', #8981, 1000.00000000000 );
#7698 = CARTESIAN_POINT( '', ( 17.0000000000000, -0.400000000000000, -2.80000000000000 ) );
#7699 = VECTOR( '', #8982, 1000.00000000000 );
#7700 = COLOUR_RGB( '', 0.333333343267441, 0.600000023841858, 0.333333343267441 );
#7701 = CARTESIAN_POINT( '', ( 12.0300000000000, -2.95000000000000, 4.70000000000000 ) );
#7702 = CARTESIAN_POINT( '', ( 10.8300000000000, -2.95000000000000, 4.70000000000000 ) );
#7703 = CARTESIAN_POINT( '', ( -14.3300000000000, -2.95000000000000, 4.70000000000000 ) );
#7704 = VECTOR( '', #8983, 1000.00000000000 );
#7705 = CARTESIAN_POINT( '', ( 10.8300000000000, 41.8475617738615, 4.70000000000000 ) );
#7706 = VECTOR( '', #8984, 1000.00000000000 );
#7707 = CARTESIAN_POINT( '', ( 12.0300000000000, 41.8475617738615, 4.70000000000000 ) );
#7708 = VECTOR( '', #8985, 1000.00000000000 );
#7709 = COLOUR_RGB( '', 0.333333343267441, 0.600000023841858, 0.333333343267441 );
#7710 = CARTESIAN_POINT( '', ( -12.3550000000000, -2.95000000000000, 6.00000000000000 ) );
#7711 = CARTESIAN_POINT( '', ( -12.3550000000000, 41.8475617738615, 6.00000000000000 ) );
#7712 = VECTOR( '', #8986, 1000.00000000000 );
#7713 = CARTESIAN_POINT( '', ( -18.1250000000000, -2.95000000000000, 6.00000000000000 ) );
#7714 = CARTESIAN_POINT( '', ( -14.3300000000000, -2.95000000000000, 6.00000000000000 ) );
#7715 = VECTOR( '', #8987, 1000.00000000000 );
#7716 = CARTESIAN_POINT( '', ( -18.1250000000000, 41.8475617738615, 6.00000000000000 ) );
#7717 = VECTOR( '', #8988, 1000.00000000000 );
#7718 = COLOUR_RGB( '', 0.333333343267441, 0.600000023841858, 0.333333343267441 );
#7719 = CARTESIAN_POINT( '', ( 18.0500000000000, 1.75000000000000, -5.20000000000000 ) );
#7720 = CARTESIAN_POINT( '', ( 18.0500000000000, 1.75000000000000, -5.20000000000000 ) );
#7721 = VECTOR( '', #8989, 1000.00000000000 );
#7722 = CARTESIAN_POINT( '', ( 18.0500000000000, 1.75000000000000, -2.80000000000000 ) );
#7723 = CARTESIAN_POINT( '', ( 18.0500000000000, 1.75000000000000, -2.80000000000000 ) );
#7724 = VECTOR( '', #8990, 1000.00000000000 );
#7725 = CARTESIAN_POINT( '', ( 18.0500000000000, 1.75000000000000, -2.80000000000000 ) );
#7726 = VECTOR( '', #8991, 1000.00000000000 );
#7727 = COLOUR_RGB( '', 0.333333343267441, 0.600000023841858, 0.333333343267441 );
#7728 = CARTESIAN_POINT( '', ( -10.4300000000000, 1.75000000000000, -5.20000000000000 ) );
#7729 = CARTESIAN_POINT( '', ( -10.4300000000000, 1.75000000000000, -5.20000000000000 ) );
#7730 = VECTOR( '', #8992, 1000.00000000000 );
#7731 = CARTESIAN_POINT( '', ( -10.4300000000000, 1.75000000000000, -2.80000000000000 ) );
#7732 = CARTESIAN_POINT( '', ( -10.4300000000000, 1.75000000000000, -2.80000000000000 ) );
#7733 = VECTOR( '', #8993, 1000.00000000000 );
#7734 = CARTESIAN_POINT( '', ( -10.4300000000000, 1.75000000000000, -2.80000000000000 ) );
#7735 = VECTOR( '', #8994, 1000.00000000000 );
#7736 = COLOUR_RGB( '', 0.333333343267441, 0.600000023841858, 0.333333343267441 );
#7737 = CARTESIAN_POINT( '', ( -12.8300000000000, 0.150000000000000, -1.70000000000000 ) );
#7738 = AXIS2_PLACEMENT_3D( '', #8995, #8996, #8997 );
#7739 = COLOUR_RGB( '', 0.333333343267441, 0.600000023841858, 0.333333343267441 );
#7740 = CARTESIAN_POINT( '', ( 5.96000000000000, 2.35000000000000, -5.20000000000000 ) );
#7741 = CARTESIAN_POINT( '', ( 5.96000000000000, 2.35000000000000, 6.00000000000000 ) );
#7742 = CARTESIAN_POINT( '', ( 5.96000000000000, 2.35000000000000, -5.20000000000000 ) );
#7743 = VECTOR( '', #8998, 1000.00000000000 );
#7744 = AXIS2_PLACEMENT_3D( '', #8999, #9000, #9001 );
#7745 = CARTESIAN_POINT( '', ( 2.81000000000000, 3.07951522256740, -5.20000000000000 ) );
#7746 = AXIS2_PLACEMENT_3D( '', #9002, #9003, #9004 );
#7747 = CARTESIAN_POINT( '', ( 2.81000000000000, 3.07951522256740, -2.80000000000000 ) );
#7748 = CARTESIAN_POINT( '', ( 2.81000000000000, 3.07951522256740, -2.80000000000000 ) );
#7749 = VECTOR( '', #9005, 1000.00000000000 );
#7750 = AXIS2_PLACEMENT_3D( '', #9006, #9007, #9008 );
#7751 = AXIS2_PLACEMENT_3D( '', #9009, #9010, #9011 );
#7752 = COLOUR_RGB( '', 0.333333343267441, 0.600000023841858, 0.333333343267441 );
#7753 = CARTESIAN_POINT( '', ( -21.9500000000000, 4.05000000000000, 6.00000000000000 ) );
#7754 = CARTESIAN_POINT( '', ( -21.9500000000000, 4.05000000000000, 6.00000000000000 ) );
#7755 = VECTOR( '', #9012, 1000.00000000000 );
#7756 = CARTESIAN_POINT( '', ( 21.9500000000000, 4.05000000000000, 6.00000000000000 ) );
#7757 = CARTESIAN_POINT( '', ( 21.9500000000000, 4.05000000000000, 6.00000000000000 ) );
#7758 = VECTOR( '', #9013, 1000.00000000000 );
#7759 = CARTESIAN_POINT( '', ( 21.9500000000000, 4.05000000000000, 6.00000000000000 ) );
#7760 = VECTOR( '', #9014, 1000.00000000000 );
#7761 = CARTESIAN_POINT( '', ( 17.5750000000000, 4.05000000000000, -2.60000000000000 ) );
#7762 = CARTESIAN_POINT( '', ( 17.5750000000000, 4.05000000000000, -2.60000000000000 ) );
#7763 = VECTOR( '', #9015, 1000.00000000000 );
#7764 = CARTESIAN_POINT( '', ( 17.5750000000000, 4.05000000000000, -2.60000000000000 ) );
#7765 = VECTOR( '', #9016, 1000.00000000000 );
#7766 = CARTESIAN_POINT( '', ( 12.9050000000000, 4.05000000000000, -2.60000000000000 ) );
#7767 = CARTESIAN_POINT( '', ( 12.9050000000000, 4.05000000000000, -6.00000000000000 ) );
#7768 = VECTOR( '', #9017, 1000.00000000000 );
#7769 = CARTESIAN_POINT( '', ( 9.95500000000000, 4.05000000000000, -2.60000000000000 ) );
#7770 = CARTESIAN_POINT( '', ( 9.95500000000000, 4.05000000000000, -2.60000000000000 ) );
#7771 = VECTOR( '', #9018, 1000.00000000000 );
#7772 = CARTESIAN_POINT( '', ( 9.95500000000000, 4.05000000000000, -6.00000000000000 ) );
#7773 = VECTOR( '', #9019, 1000.00000000000 );
#7774 = CARTESIAN_POINT( '', ( 5.28500000000000, 4.05000000000000, -2.60000000000000 ) );
#7775 = CARTESIAN_POINT( '', ( 5.28500000000000, 4.05000000000000, -6.00000000000000 ) );
#7776 = VECTOR( '', #9020, 1000.00000000000 );
#7777 = CARTESIAN_POINT( '', ( 2.33500000000000, 4.05000000000000, -2.60000000000000 ) );
#7778 = VECTOR( '', #9021, 1000.00000000000 );
#7779 = CARTESIAN_POINT( '', ( -5.28500000000000, 4.05000000000000, -2.60000000000000 ) );
#7780 = CARTESIAN_POINT( '', ( -5.28500000000000, 4.05000000000000, -2.60000000000000 ) );
#7781 = VECTOR( '', #9022, 1000.00000000000 );
#7782 = CARTESIAN_POINT( '', ( -5.28500000000000, 4.05000000000000, -6.00000000000000 ) );
#7783 = VECTOR( '', #9023, 1000.00000000000 );
#7784 = CARTESIAN_POINT( '', ( -9.95500000000000, 4.05000000000000, -2.60000000000000 ) );
#7785 = CARTESIAN_POINT( '', ( -9.95500000000000, 4.05000000000000, -6.00000000000000 ) );
#7786 = VECTOR( '', #9024, 1000.00000000000 );
#7787 = CARTESIAN_POINT( '', ( -12.9050000000000, 4.05000000000000, -2.60000000000000 ) );
#7788 = CARTESIAN_POINT( '', ( -12.9050000000000, 4.05000000000000, -2.60000000000000 ) );
#7789 = VECTOR( '', #9025, 1000.00000000000 );
#7790 = CARTESIAN_POINT( '', ( -12.9050000000000, 4.05000000000000, -6.00000000000000 ) );
#7791 = VECTOR( '', #9026, 1000.00000000000 );
#7792 = CARTESIAN_POINT( '', ( -20.5250000000000, 4.05000000000000, -2.60000000000000 ) );
#7793 = CARTESIAN_POINT( '', ( -20.5250000000000, 4.05000000000000, -2.60000000000000 ) );
#7794 = VECTOR( '', #9027, 1000.00000000000 );
#7795 = CARTESIAN_POINT( '', ( -20.5250000000000, 4.05000000000000, -6.00000000000000 ) );
#7796 = VECTOR( '', #9028, 1000.00000000000 );
#7797 = COLOUR_RGB( '', 0.333333343267441, 0.600000023841858, 0.333333343267441 );
#7798 = CARTESIAN_POINT( '', ( -5.86000000000000, -0.400000000000000, -5.20000000000000 ) );
#7799 = CARTESIAN_POINT( '', ( -4.36000000000000, -1.90000000000000, -5.20000000000000 ) );
#7800 = CARTESIAN_POINT( '', ( -5.86000000000000, -0.400000000000000, -5.20000000000000 ) );
#7801 = VECTOR( '', #9029, 1000.00000000000 );
#7802 = CARTESIAN_POINT( '', ( -9.38000000000000, -0.400000000000000, -5.20000000000000 ) );
#7803 = CARTESIAN_POINT( '', ( -9.38000000000000, -0.400000000000000, -5.20000000000000 ) );
#7804 = VECTOR( '', #9030, 1000.00000000000 );
#7805 = CARTESIAN_POINT( '', ( -10.8800000000000, -1.90000000000000, -5.20000000000000 ) );
#7806 = CARTESIAN_POINT( '', ( -10.8800000000000, -1.90000000000000, -5.20000000000000 ) );
#7807 = VECTOR( '', #9031, 1000.00000000000 );
#7808 = CARTESIAN_POINT( '', ( -10.8800000000000, -2.95000000000000, -5.20000000000000 ) );
#7809 = CARTESIAN_POINT( '', ( -10.8800000000000, -2.95000000000000, -5.20000000000000 ) );
#7810 = VECTOR( '', #9032, 1000.00000000000 );
#7811 = CARTESIAN_POINT( '', ( -4.36000000000000, -2.95000000000000, -5.20000000000000 ) );
#7812 = CARTESIAN_POINT( '', ( -14.3300000000000, -2.95000000000000, -5.20000000000000 ) );
#7813 = VECTOR( '', #9033, 1000.00000000000 );
#7814 = CARTESIAN_POINT( '', ( -4.36000000000000, -1.90000000000000, -5.20000000000000 ) );
#7815 = VECTOR( '', #9034, 1000.00000000000 );
#7816 = COLOUR_RGB( '', 0.333333343267441, 0.600000023841858, 0.333333343267441 );
#7817 = CARTESIAN_POINT( '', ( 19.6500000000000, -2.95000000000000, 4.70000000000000 ) );
#7818 = CARTESIAN_POINT( '', ( 17.4558823529412, -2.95000000000000, -4.07647058823530 ) );
#7819 = VECTOR( '', #9035, 1000.00000000000 );
#7820 = CARTESIAN_POINT( '', ( 19.6500000000000, 41.8475617738615, 4.70000000000000 ) );
#7821 = VECTOR( '', #9036, 1000.00000000000 );
#7822 = CARTESIAN_POINT( '', ( 19.7742249920102, -4.29710770214126, 5.19689996804091 ) );
#7823 = VECTOR( '', #9037, 1000.00000000000 );
#7824 = COLOUR_RGB( '', 0.333333343267441, 0.600000023841858, 0.333333343267441 );
#7825 = CARTESIAN_POINT( '', ( -11.9300000000000, -0.350000000000000, -5.60000000000000 ) );
#7826 = CARTESIAN_POINT( '', ( -10.9300000000000, -0.350000000000000, -5.60000000000000 ) );
#7827 = VECTOR( '', #9038, 1000.00000000000 );
#7828 = CARTESIAN_POINT( '', ( -11.9300000000000, -0.350000000000000, -47.4975617738615 ) );
#7829 = VECTOR( '', #9039, 1000.00000000000 );
#7830 = COLOUR_RGB( '', 0.333333343267441, 0.600000023841858, 0.333333343267441 );
#7831 = CARTESIAN_POINT( '', ( 21.9500000000000, 0.700000000000000, -5.20000000000000 ) );
#7832 = CARTESIAN_POINT( '', ( 21.1000000000000, 0.700000000000000, -5.20000000000000 ) );
#7833 = CARTESIAN_POINT( '', ( 21.9500000000000, 0.700000000000000, -5.20000000000000 ) );
#7834 = VECTOR( '', #9040, 1000.00000000000 );
#7835 = CARTESIAN_POINT( '', ( 21.1000000000000, 0.700000000000000, -2.80000000000000 ) );
#7836 = CARTESIAN_POINT( '', ( 21.1000000000000, 0.700000000000000, -2.80000000000000 ) );
#7837 = VECTOR( '', #9041, 1000.00000000000 );
#7838 = CARTESIAN_POINT( '', ( 21.9500000000000, 0.700000000000000, -2.80000000000000 ) );
#7839 = CARTESIAN_POINT( '', ( 21.9500000000000, 0.700000000000000, -2.80000000000000 ) );
#7840 = VECTOR( '', #9042, 1000.00000000000 );
#7841 = CARTESIAN_POINT( '', ( 21.9500000000000, 0.700000000000000, -2.80000000000000 ) );
#7842 = VECTOR( '', #9043, 1000.00000000000 );
#7843 = COLOUR_RGB( '', 0.333333343267441, 0.600000023841858, 0.333333343267441 );
#7844 = CARTESIAN_POINT( '', ( 2.81000000000000, 3.07951522256740, -5.20000000000000 ) );
#7845 = VECTOR( '', #9044, 1000.00000000000 );
#7846 = CARTESIAN_POINT( '', ( 2.81000000000000, 3.07951522256740, -2.80000000000000 ) );
#7847 = VECTOR( '', #9045, 1000.00000000000 );
#7848 = COLOUR_RGB( '', 0.333333343267441, 0.600000023841858, 0.333333343267441 );
#7849 = CARTESIAN_POINT( '', ( -3.31000000000000, 0.650000000000000, -3.50000000000000 ) );
#7850 = CARTESIAN_POINT( '', ( -4.31000000000000, 0.650000000000000, -3.50000000000000 ) );
#7851 = VECTOR( '', #9046, 1000.00000000000 );
#7852 = CARTESIAN_POINT( '', ( -3.31000000000000, 0.650000000000000, -47.4975617738615 ) );
#7853 = VECTOR( '', #9047, 1000.00000000000 );
#7854 = COLOUR_RGB( '', 0.333333343267441, 0.600000023841858, 0.333333343267441 );
#7855 = CARTESIAN_POINT( '', ( 9.28000000000000, 2.35000000000000, -5.20000000000000 ) );
#7856 = AXIS2_PLACEMENT_3D( '', #9048, #9049, #9050 );
#7857 = CARTESIAN_POINT( '', ( 5.96000000000000, 2.35000000000000, -5.20000000000000 ) );
#7858 = VECTOR( '', #9051, 1000.00000000000 );
#7859 = CARTESIAN_POINT( '', ( 5.86000000000000, 0.700000000000000, -5.20000000000000 ) );
#7860 = VECTOR( '', #9052, 1000.00000000000 );
#7861 = CARTESIAN_POINT( '', ( 10.4300000000000, 1.75000000000000, -5.20000000000000 ) );
#7862 = VECTOR( '', #9053, 1000.00000000000 );
#7863 = COLOUR_RGB( '', 0.333333343267441, 0.600000023841858, 0.333333343267441 );
#7864 = CARTESIAN_POINT( '', ( -3.31000000000000, 3.65000000000000, -5.60000000000000 ) );
#7865 = CARTESIAN_POINT( '', ( -3.31000000000000, 0.650000000000000, -5.60000000000000 ) );
#7866 = VECTOR( '', #9054, 1000.00000000000 );
#7867 = CARTESIAN_POINT( '', ( -2.33500000000000, 3.65000000000000, -5.60000000000000 ) );
#7868 = VECTOR( '', #9055, 1000.00000000000 );
#7869 = CARTESIAN_POINT( '', ( -5.28500000000000, -2.65000000000000, -5.60000000000000 ) );
#7870 = CARTESIAN_POINT( '', ( -2.33500000000000, -2.65000000000000, -5.60000000000000 ) );
#7871 = VECTOR( '', #9056, 1000.00000000000 );
#7872 = CARTESIAN_POINT( '', ( -5.28500000000000, 3.65000000000000, -5.60000000000000 ) );
#7873 = CARTESIAN_POINT( '', ( -5.28500000000000, -2.65000000000000, -5.60000000000000 ) );
#7874 = VECTOR( '', #9057, 1000.00000000000 );
#7875 = CARTESIAN_POINT( '', ( -2.33500000000000, 3.65000000000000, -5.60000000000000 ) );
#7876 = VECTOR( '', #9058, 1000.00000000000 );
#7877 = COLOUR_RGB( '', 0.333333343267441, 0.600000023841858, 0.333333343267441 );
#7878 = CARTESIAN_POINT( '', ( -3.26000000000000, -1.90000000000000, -2.80000000000000 ) );
#7879 = CARTESIAN_POINT( '', ( -3.26000000000000, -1.90000000000000, -2.80000000000000 ) );
#7880 = VECTOR( '', #9059, 1000.00000000000 );
#7881 = CARTESIAN_POINT( '', ( -3.26000000000000, -2.95000000000000, -2.80000000000000 ) );
#7882 = CARTESIAN_POINT( '', ( -3.26000000000000, -2.95000000000000, -2.80000000000000 ) );
#7883 = VECTOR( '', #9060, 1000.00000000000 );
#7884 = CARTESIAN_POINT( '', ( -3.26000000000000, -2.95000000000000, -2.80000000000000 ) );
#7885 = VECTOR( '', #9061, 1000.00000000000 );
#7886 = COLOUR_RGB( '', 0.333333343267441, 0.600000023841858, 0.333333343267441 );
#7887 = CARTESIAN_POINT( '', ( 18.5500000000000, -0.350000000000000, -5.60000000000000 ) );
#7888 = CARTESIAN_POINT( '', ( 18.5500000000000, -0.350000000000000, -5.60000000000000 ) );
#7889 = VECTOR( '', #9062, 1000.00000000000 );
#7890 = CARTESIAN_POINT( '', ( 19.5500000000000, -0.350000000000000, -5.60000000000000 ) );
#7891 = CARTESIAN_POINT( '', ( 19.5500000000000, -0.350000000000000, -5.60000000000000 ) );
#7892 = VECTOR( '', #9063, 1000.00000000000 );
#7893 = CARTESIAN_POINT( '', ( 19.5500000000000, 0.650000000000000, -5.60000000000000 ) );
#7894 = VECTOR( '', #9064, 1000.00000000000 );
#7895 = CARTESIAN_POINT( '', ( 17.5750000000000, 4.05000000000000, -5.60000000000000 ) );
#7896 = VECTOR( '', #9065, 1000.00000000000 );
#7897 = COLOUR_RGB( '', 0.333333343267441, 0.600000023841858, 0.333333343267441 );
#7898 = CARTESIAN_POINT( '', ( 10.5050000000000, -2.95000000000000, 6.00000000000000 ) );
#7899 = CARTESIAN_POINT( '', ( 10.5050000000000, 41.8475617738615, 6.00000000000000 ) );
#7900 = VECTOR( '', #9066, 1000.00000000000 );
#7901 = CARTESIAN_POINT( '', ( -14.3300000000000, -2.95000000000000, 6.00000000000000 ) );
#7902 = VECTOR( '', #9067, 1000.00000000000 );
#7903 = COLOUR_RGB( '', 0.333333343267441, 0.600000023841858, 0.333333343267441 );
#7904 = CARTESIAN_POINT( '', ( -21.9500000000000, 2.35000000000000, 6.00000000000000 ) );
#7905 = CARTESIAN_POINT( '', ( -21.9500000000000, -4.05000000000000, 6.00000000000000 ) );
#7906 = VECTOR( '', #9068, 1000.00000000000 );
#7907 = CARTESIAN_POINT( '', ( -21.2000000000000, 2.35000000000000, 6.00000000000000 ) );
#7908 = CARTESIAN_POINT( '', ( -21.9500000000000, 2.35000000000000, 6.00000000000000 ) );
#7909 = VECTOR( '', #9069, 1000.00000000000 );
#7910 = AXIS2_PLACEMENT_3D( '', #9070, #9071, #9072 );
#7911 = CARTESIAN_POINT( '', ( -5.96000000000000, 2.35000000000000, 6.00000000000000 ) );
#7912 = CARTESIAN_POINT( '', ( -9.28000000000000, 2.35000000000000, 6.00000000000000 ) );
#7913 = VECTOR( '', #9073, 1000.00000000000 );
#7914 = AXIS2_PLACEMENT_3D( '', #9074, #9075, #9076 );
#7915 = CARTESIAN_POINT( '', ( 9.28000000000000, 2.35000000000000, 6.00000000000000 ) );
#7916 = CARTESIAN_POINT( '', ( 5.96000000000000, 2.35000000000000, 6.00000000000000 ) );
#7917 = VECTOR( '', #9077, 1000.00000000000 );
#7918 = CARTESIAN_POINT( '', ( 13.5800000000000, 2.35000000000000, 6.00000000000000 ) );
#7919 = AXIS2_PLACEMENT_3D( '', #9078, #9079, #9080 );
#7920 = CARTESIAN_POINT( '', ( 16.9000000000000, 2.35000000000000, 6.00000000000000 ) );
#7921 = CARTESIAN_POINT( '', ( 14.3300000000000, 2.35000000000000, 6.00000000000000 ) );
#7922 = VECTOR( '', #9081, 1000.00000000000 );
#7923 = AXIS2_PLACEMENT_3D( '', #9082, #9083, #9084 );
#7924 = CARTESIAN_POINT( '', ( 21.9500000000000, -4.05000000000000, 6.00000000000000 ) );
#7925 = VECTOR( '', #9085, 1000.00000000000 );
#7926 = COLOUR_RGB( '', 0.333333343267441, 0.600000023841858, 0.333333343267441 );
#7927 = CARTESIAN_POINT( '', ( -17.0000000000000, -0.400000000000000, -5.20000000000000 ) );
#7928 = CARTESIAN_POINT( '', ( -13.4800000000000, -0.400000000000000, -5.20000000000000 ) );
#7929 = CARTESIAN_POINT( '', ( -17.0000000000000, -0.400000000000000, -5.20000000000000 ) );
#7930 = VECTOR( '', #9086, 1000.00000000000 );
#7931 = CARTESIAN_POINT( '', ( -13.4800000000000, -0.400000000000000, -2.80000000000000 ) );
#7932 = CARTESIAN_POINT( '', ( -13.4800000000000, -0.400000000000000, -2.80000000000000 ) );
#7933 = VECTOR( '', #9087, 1000.00000000000 );
#7934 = CARTESIAN_POINT( '', ( -17.0000000000000, -0.400000000000000, -2.80000000000000 ) );
#7935 = CARTESIAN_POINT( '', ( -17.0000000000000, -0.400000000000000, -2.80000000000000 ) );
#7936 = VECTOR( '', #9088, 1000.00000000000 );
#7937 = CARTESIAN_POINT( '', ( -17.0000000000000, -0.400000000000000, -2.80000000000000 ) );
#7938 = VECTOR( '', #9089, 1000.00000000000 );
#7939 = COLOUR_RGB( '', 0.333333343267441, 0.600000023841858, 0.333333343267441 );
#7940 = CARTESIAN_POINT( '', ( -5.96000000000000, 2.35000000000000, -5.20000000000000 ) );
#7941 = CARTESIAN_POINT( '', ( -9.28000000000000, 2.35000000000000, -5.20000000000000 ) );
#7942 = VECTOR( '', #9090, 1000.00000000000 );
#7943 = CARTESIAN_POINT( '', ( -5.96000000000000, 2.35000000000000, -5.20000000000000 ) );
#7944 = VECTOR( '', #9091, 1000.00000000000 );
#7945 = COLOUR_RGB( '', 0.740392148494720, 0.778039216995239, 0.800000011920929 );
#7946 = CARTESIAN_POINT( '', ( 3.82500000000000, 0.250000000000000, -4.12500000000000 ) );
#7947 = CARTESIAN_POINT( '', ( 3.82500000000000, -0.500000000000000, -4.12500000000000 ) );
#7948 = VECTOR( '', #9092, 1000.00000000000 );
#7949 = CARTESIAN_POINT( '', ( 2.82500000000000, 0.500000000000000, -3.87500000000000 ) );
#7950 = CARTESIAN_POINT( '', ( 3.04722222222223, 0.444444444444445, -3.93055555555556 ) );
#7951 = VECTOR( '', #9093, 1000.00000000000 );
#7952 = CARTESIAN_POINT( '', ( 2.82500000000000, -0.500000000000000, -3.87500000000000 ) );
#7953 = VECTOR( '', #9094, 1000.00000000000 );
#7954 = COLOUR_RGB( '', 0.333333343267441, 0.600000023841858, 0.333333343267441 );
#7955 = CARTESIAN_POINT( '', ( -2.41000000000000, 0.150000000000000, -2.80000000000000 ) );
#7956 = AXIS2_PLACEMENT_3D( '', #9095, #9096, #9097 );
#7957 = COLOUR_RGB( '', 0.333333343267441, 0.600000023841858, 0.333333343267441 );
#7958 = CARTESIAN_POINT( '', ( -4.81000000000000, 3.07951522256740, -5.20000000000000 ) );
#7959 = AXIS2_PLACEMENT_3D( '', #9098, #9099, #9100 );
#7960 = CARTESIAN_POINT( '', ( -4.81000000000000, 3.07951522256740, -2.80000000000000 ) );
#7961 = CARTESIAN_POINT( '', ( -4.81000000000000, 3.07951522256740, -2.80000000000000 ) );
#7962 = VECTOR( '', #9101, 1000.00000000000 );
#7963 = CARTESIAN_POINT( '', ( -2.81000000000000, 3.07951522256740, -2.80000000000000 ) );
#7964 = AXIS2_PLACEMENT_3D( '', #9102, #9103, #9104 );
#7965 = CARTESIAN_POINT( '', ( -2.81000000000000, 3.07951522256740, -5.20000000000000 ) );
#7966 = CARTESIAN_POINT( '', ( -2.81000000000000, 3.07951522256740, -2.80000000000000 ) );
#7967 = VECTOR( '', #9105, 1000.00000000000 );
#7968 = AXIS2_PLACEMENT_3D( '', #9106, #9107, #9108 );
#7969 = COLOUR_RGB( '', 0.333333343267441, 0.600000023841858, 0.333333343267441 );
#7970 = CARTESIAN_POINT( '', ( -18.4500000000000, -2.95000000000000, 4.70000000000000 ) );
#7971 = CARTESIAN_POINT( '', ( -19.6500000000000, -2.95000000000000, 4.70000000000000 ) );
#7972 = CARTESIAN_POINT( '', ( -14.3300000000000, -2.95000000000000, 4.70000000000000 ) );
#7973 = VECTOR( '', #9109, 1000.00000000000 );
#7974 = CARTESIAN_POINT( '', ( -19.6500000000000, 41.8475617738615, 4.70000000000000 ) );
#7975 = VECTOR( '', #9110, 1000.00000000000 );
#7976 = CARTESIAN_POINT( '', ( -18.4500000000000, 41.8475617738615, 4.70000000000000 ) );
#7977 = VECTOR( '', #9111, 1000.00000000000 );
#7978 = COLOUR_RGB( '', 0.333333343267441, 0.600000023841858, 0.333333343267441 );
#7979 = CARTESIAN_POINT( '', ( -18.5000000000000, -1.90000000000000, -5.20000000000000 ) );
#7980 = VECTOR( '', #9112, 1000.00000000000 );
#7981 = CARTESIAN_POINT( '', ( -18.5000000000000, -1.90000000000000, -2.80000000000000 ) );
#7982 = VECTOR( '', #9113, 1000.00000000000 );
#7983 = COLOUR_RGB( '', 0.333333343267441, 0.600000023841858, 0.333333343267441 );
#7984 = CARTESIAN_POINT( '', ( 20.0500000000000, 1.75000000000000, -5.20000000000000 ) );
#7985 = CARTESIAN_POINT( '', ( 20.0500000000000, 3.07951522256740, -5.20000000000000 ) );
#7986 = CARTESIAN_POINT( '', ( 20.0500000000000, 1.75000000000000, -5.20000000000000 ) );
#7987 = VECTOR( '', #9114, 1000.00000000000 );
#7988 = CARTESIAN_POINT( '', ( 20.0500000000000, 3.07951522256740, -2.80000000000000 ) );
#7989 = CARTESIAN_POINT( '', ( 20.0500000000000, 3.07951522256740, -2.80000000000000 ) );
#7990 = VECTOR( '', #9115, 1000.00000000000 );
#7991 = CARTESIAN_POINT( '', ( 20.0500000000000, 1.75000000000000, -2.80000000000000 ) );
#7992 = CARTESIAN_POINT( '', ( 20.0500000000000, 1.75000000000000, -2.80000000000000 ) );
#7993 = VECTOR( '', #9116, 1000.00000000000 );
#7994 = CARTESIAN_POINT( '', ( 20.0500000000000, 1.75000000000000, -2.80000000000000 ) );
#7995 = VECTOR( '', #9117, 1000.00000000000 );
#7996 = COLOUR_RGB( '', 0.333333343267441, 0.600000023841858, 0.333333343267441 );
#7997 = CARTESIAN_POINT( '', ( -11.9300000000000, 0.650000000000000, -3.50000000000000 ) );
#7998 = CARTESIAN_POINT( '', ( -11.9300000000000, 0.650000000000000, -3.50000000000000 ) );
#7999 = VECTOR( '', #9118, 1000.00000000000 );
#8000 = CARTESIAN_POINT( '', ( -11.9300000000000, -0.350000000000000, -3.50000000000000 ) );
#8001 = VECTOR( '', #9119, 1000.00000000000 );
#8002 = COLOUR_RGB( '', 0.333333343267441, 0.600000023841858, 0.333333343267441 );
#8003 = CARTESIAN_POINT( '', ( 12.4300000000000, 1.75000000000000, -5.20000000000000 ) );
#8004 = CARTESIAN_POINT( '', ( 13.4800000000000, 0.700000000000000, -5.20000000000000 ) );
#8005 = VECTOR( '', #9120, 1000.00000000000 );
#8006 = CARTESIAN_POINT( '', ( 18.0500000000000, 3.07951522256740, -5.20000000000000 ) );
#8007 = CARTESIAN_POINT( '', ( 18.0500000000000, 3.07951522256740, -5.20000000000000 ) );
#8008 = VECTOR( '', #9121, 1000.00000000000 );
#8009 = CARTESIAN_POINT( '', ( 16.9000000000000, 2.35000000000000, -5.20000000000000 ) );
#8010 = AXIS2_PLACEMENT_3D( '', #9122, #9123, #9124 );
#8011 = CARTESIAN_POINT( '', ( 13.5800000000000, 2.35000000000000, -5.20000000000000 ) );
#8012 = CARTESIAN_POINT( '', ( 14.3300000000000, 2.35000000000000, -5.20000000000000 ) );
#8013 = VECTOR( '', #9125, 1000.00000000000 );
#8014 = CARTESIAN_POINT( '', ( 12.4300000000000, 3.07951522256740, -5.20000000000000 ) );
#8015 = AXIS2_PLACEMENT_3D( '', #9126, #9127, #9128 );
#8016 = CARTESIAN_POINT( '', ( 12.4300000000000, 1.75000000000000, -5.20000000000000 ) );
#8017 = VECTOR( '', #9129, 1000.00000000000 );
#8018 = COLOUR_RGB( '', 0.333333343267441, 0.600000023841858, 0.333333343267441 );
#8019 = CARTESIAN_POINT( '', ( 17.5750000000000, 3.65000000000000, -2.60000000000000 ) );
#8020 = VECTOR( '', #9130, 1000.00000000000 );
#8021 = COLOUR_RGB( '', 0.740392148494720, 0.778039216995239, 0.800000011920929 );
#8022 = CARTESIAN_POINT( '', ( -4.57500000000000, 0.500000000000000, -4.12500000000000 ) );
#8023 = CARTESIAN_POINT( '', ( -3.82500000000000, 0.500000000000000, -4.87500000000000 ) );
#8024 = AXIS2_PLACEMENT_3D( '', #9131, #9132, #9133 );
#8025 = CARTESIAN_POINT( '', ( -3.82500000000000, -0.500000000000000, -4.87500000000000 ) );
#8026 = VECTOR( '', #9134, 1000.00000000000 );
#8027 = CARTESIAN_POINT( '', ( -4.57500000000000, -0.500000000000000, -4.12500000000000 ) );
#8028 = VECTOR( '', #9135, 1000.00000000000 );
#8029 = COLOUR_RGB( '', 0.333333343267441, 0.600000023841858, 0.333333343267441 );
#8030 = CARTESIAN_POINT( '', ( 11.9300000000000, 0.650000000000000, -3.50000000000000 ) );
#8031 = CARTESIAN_POINT( '', ( 11.9300000000000, 0.650000000000000, -47.4975617738615 ) );
#8032 = VECTOR( '', #9136, 1000.00000000000 );
#8033 = CARTESIAN_POINT( '', ( 11.9300000000000, -0.350000000000000, -3.50000000000000 ) );
#8034 = VECTOR( '', #9137, 1000.00000000000 );
#8035 = CARTESIAN_POINT( '', ( 11.9300000000000, -0.350000000000000, -47.4975617738615 ) );
#8036 = VECTOR( '', #9138, 1000.00000000000 );
#8037 = COLOUR_RGB( '', 0.333333343267441, 0.600000023841858, 0.333333343267441 );
#8038 = CARTESIAN_POINT( '', ( -3.26000000000000, -1.90000000000000, -2.80000000000000 ) );
#8039 = VECTOR( '', #9139, 1000.00000000000 );
#8040 = COLOUR_RGB( '', 0.333333343267441, 0.600000023841858, 0.333333343267441 );
#8041 = CARTESIAN_POINT( '', ( -17.6500000000000, 0.150000000000000, -2.80000000000000 ) );
#8042 = AXIS2_PLACEMENT_3D( '', #9140, #9141, #9142 );
#8043 = COLOUR_RGB( '', 0.333333343267441, 0.600000023841858, 0.333333343267441 );
#8044 = CARTESIAN_POINT( '', ( 10.8800000000000, -2.95000000000000, -2.80000000000000 ) );
#8045 = CARTESIAN_POINT( '', ( 10.8800000000000, -2.95000000000000, -2.80000000000000 ) );
#8046 = VECTOR( '', #9143, 1000.00000000000 );
#8047 = CARTESIAN_POINT( '', ( 10.8800000000000, -1.90000000000000, -2.80000000000000 ) );
#8048 = VECTOR( '', #9144, 1000.00000000000 );
#8049 = COLOUR_RGB( '', 0.740392148494720, 0.778039216995239, 0.800000011920929 );
#8050 = CARTESIAN_POINT( '', ( -3.57500000000000, 0.500000000000000, -3.87500000000000 ) );
#8051 = CARTESIAN_POINT( '', ( -3.57500000000000, 0.500000000000000, 4.12500000000000 ) );
#8052 = VECTOR( '', #9145, 1000.00000000000 );
#8053 = CARTESIAN_POINT( '', ( -3.57500000000000, -0.500000000000000, -3.87500000000000 ) );
#8054 = VECTOR( '', #9146, 1000.00000000000 );
#8055 = COLOUR_RGB( '', 0.333333343267441, 0.600000023841858, 0.333333343267441 );
#8056 = CARTESIAN_POINT( '', ( -3.31000000000000, 3.65000000000000, -3.50000000000000 ) );
#8057 = CARTESIAN_POINT( '', ( -3.31000000000000, 3.65000000000000, -3.50000000000000 ) );
#8058 = VECTOR( '', #9147, 1000.00000000000 );
#8059 = CARTESIAN_POINT( '', ( -4.31000000000000, 3.65000000000000, -3.50000000000000 ) );
#8060 = VECTOR( '', #9148, 1000.00000000000 );
#8061 = CARTESIAN_POINT( '', ( -5.28500000000000, 3.65000000000000, -2.60000000000000 ) );
#8062 = CARTESIAN_POINT( '', ( -5.28500000000000, 3.65000000000000, -6.00000000000000 ) );
#8063 = VECTOR( '', #9149, 1000.00000000000 );
#8064 = CARTESIAN_POINT( '', ( -2.33500000000000, 3.65000000000000, -2.60000000000000 ) );
#8065 = VECTOR( '', #9150, 1000.00000000000 );
#8066 = COLOUR_RGB( '', 0.333333343267441, 0.600000023841858, 0.333333343267441 );
#8067 = CARTESIAN_POINT( '', ( 19.6000000000000, -2.95000000000000, -2.80000000000000 ) );
#8068 = CARTESIAN_POINT( '', ( 19.6000000000000, -2.95000000000000, -2.80000000000000 ) );
#8069 = VECTOR( '', #9151, 1000.00000000000 );
#8070 = CARTESIAN_POINT( '', ( 19.6000000000000, -2.95000000000000, -2.80000000000000 ) );
#8071 = VECTOR( '', #9152, 1000.00000000000 );
#8072 = COLOUR_RGB( '', 0.333333343267441, 0.600000023841858, 0.333333343267441 );
#8073 = CARTESIAN_POINT( '', ( -12.0300000000000, -2.95000000000000, 4.70000000000000 ) );
#8074 = CARTESIAN_POINT( '', ( -14.3300000000000, -2.95000000000000, 4.70000000000000 ) );
#8075 = VECTOR( '', #9153, 1000.00000000000 );
#8076 = CARTESIAN_POINT( '', ( -12.0300000000000, 41.8475617738615, 4.70000000000000 ) );
#8077 = VECTOR( '', #9154, 1000.00000000000 );
#8078 = COLOUR_RGB( '', 0.333333343267441, 0.600000023841858, 0.333333343267441 );
#8079 = CARTESIAN_POINT( '', ( -9.83588235294118, -2.95000000000000, -4.07647058823530 ) );
#8080 = VECTOR( '', #9155, 1000.00000000000 );
#8081 = COLOUR_RGB( '', 0.333333343267441, 0.600000023841858, 0.333333343267441 );
#8082 = CARTESIAN_POINT( '', ( -5.86000000000000, 0.700000000000000, -5.20000000000000 ) );
#8083 = CARTESIAN_POINT( '', ( -9.38000000000000, 0.700000000000000, -5.20000000000000 ) );
#8084 = CARTESIAN_POINT( '', ( -6.71000000000000, 0.700000000000000, -5.20000000000000 ) );
#8085 = VECTOR( '', #9156, 1000.00000000000 );
#8086 = CARTESIAN_POINT( '', ( -9.38000000000000, 0.700000000000000, -2.80000000000000 ) );
#8087 = CARTESIAN_POINT( '', ( -9.38000000000000, 0.700000000000000, -2.80000000000000 ) );
#8088 = VECTOR( '', #9157, 1000.00000000000 );
#8089 = CARTESIAN_POINT( '', ( -5.86000000000000, 0.700000000000000, -2.80000000000000 ) );
#8090 = CARTESIAN_POINT( '', ( -6.71000000000000, 0.700000000000000, -2.80000000000000 ) );
#8091 = VECTOR( '', #9158, 1000.00000000000 );
#8092 = CARTESIAN_POINT( '', ( -5.86000000000000, 0.700000000000000, -2.80000000000000 ) );
#8093 = VECTOR( '', #9159, 1000.00000000000 );
#8094 = COLOUR_RGB( '', 0.333333343267441, 0.600000023841858, 0.333333343267441 );
#8095 = CARTESIAN_POINT( '', ( 4.31000000000000, -0.350000000000000, -5.60000000000000 ) );
#8096 = CARTESIAN_POINT( '', ( 4.31000000000000, -0.350000000000000, -47.4975617738615 ) );
#8097 = VECTOR( '', #9160, 1000.00000000000 );
#8098 = CARTESIAN_POINT( '', ( 4.31000000000000, -0.350000000000000, -5.60000000000000 ) );
#8099 = VECTOR( '', #9161, 1000.00000000000 );
#8100 = COLOUR_RGB( '', 0.740392148494720, 0.778039216995239, 0.800000011920929 );
#8101 = CARTESIAN_POINT( '', ( -3.82500000000000, 0.500000000000000, -4.87500000000000 ) );
#8102 = VECTOR( '', #9162, 1000.00000000000 );
#8103 = COLOUR_RGB( '', 0.333333343267441, 0.600000023841858, 0.333333343267441 );
#8104 = CARTESIAN_POINT( '', ( -20.0500000000000, 3.07951522256740, -5.20000000000000 ) );
#8105 = CARTESIAN_POINT( '', ( -20.0500000000000, 1.75000000000000, -5.20000000000000 ) );
#8106 = CARTESIAN_POINT( '', ( -20.0500000000000, 3.07951522256740, -5.20000000000000 ) );
#8107 = VECTOR( '', #9163, 1000.00000000000 );
#8108 = CARTESIAN_POINT( '', ( -20.0500000000000, 1.75000000000000, -2.80000000000000 ) );
#8109 = CARTESIAN_POINT( '', ( -20.0500000000000, 1.75000000000000, -2.80000000000000 ) );
#8110 = VECTOR( '', #9164, 1000.00000000000 );
#8111 = CARTESIAN_POINT( '', ( -20.0500000000000, 3.07951522256740, -2.80000000000000 ) );
#8112 = CARTESIAN_POINT( '', ( -20.0500000000000, 3.07951522256740, -2.80000000000000 ) );
#8113 = VECTOR( '', #9165, 1000.00000000000 );
#8114 = CARTESIAN_POINT( '', ( -20.0500000000000, 3.07951522256740, -2.80000000000000 ) );
#8115 = VECTOR( '', #9166, 1000.00000000000 );
#8116 = COLOUR_RGB( '', 0.333333343267441, 0.600000023841858, 0.333333343267441 );
#8117 = CARTESIAN_POINT( '', ( 4.31000000000000, 0.650000000000000, -5.60000000000000 ) );
#8118 = VECTOR( '', #9167, 1000.00000000000 );
#8119 = COLOUR_RGB( '', 0.333333343267441, 0.600000023841858, 0.333333343267441 );
#8120 = CARTESIAN_POINT( '', ( -21.9500000000000, -4.05000000000000, 6.00000000000000 ) );
#8121 = CARTESIAN_POINT( '', ( -21.9500000000000, -2.95000000000000, 6.00000000000000 ) );
#8122 = CARTESIAN_POINT( '', ( -21.9500000000000, -4.05000000000000, 6.00000000000000 ) );
#8123 = VECTOR( '', #9168, 1000.00000000000 );
#8124 = CARTESIAN_POINT( '', ( -21.9500000000000, -2.95000000000000, -5.20000000000000 ) );
#8125 = CARTESIAN_POINT( '', ( -21.9500000000000, -2.95000000000000, -5.20000000000000 ) );
#8126 = VECTOR( '', #9169, 1000.00000000000 );
#8127 = CARTESIAN_POINT( '', ( -21.9500000000000, -2.95000000000000, -5.20000000000000 ) );
#8128 = VECTOR( '', #9170, 1000.00000000000 );
#8129 = CARTESIAN_POINT( '', ( -21.9500000000000, 0.700000000000000, -2.80000000000000 ) );
#8130 = CARTESIAN_POINT( '', ( -21.9500000000000, 0.700000000000000, -2.80000000000000 ) );
#8131 = VECTOR( '', #9171, 1000.00000000000 );
#8132 = CARTESIAN_POINT( '', ( -21.9500000000000, 0.700000000000000, -5.20000000000000 ) );
#8133 = CARTESIAN_POINT( '', ( -21.9500000000000, 0.700000000000000, -2.80000000000000 ) );
#8134 = VECTOR( '', #9172, 1000.00000000000 );
#8135 = CARTESIAN_POINT( '', ( -21.9500000000000, 2.35000000000000, -5.20000000000000 ) );
#8136 = CARTESIAN_POINT( '', ( -21.9500000000000, -2.95000000000000, -5.20000000000000 ) );
#8137 = VECTOR( '', #9173, 1000.00000000000 );
#8138 = CARTESIAN_POINT( '', ( -21.9500000000000, 2.35000000000000, -5.20000000000000 ) );
#8139 = VECTOR( '', #9174, 1000.00000000000 );
#8140 = CARTESIAN_POINT( '', ( -21.9500000000000, -4.05000000000000, -6.00000000000000 ) );
#8141 = VECTOR( '', #9175, 1000.00000000000 );
#8142 = CARTESIAN_POINT( '', ( -21.9500000000000, -4.45000000000000, 4.70000000000000 ) );
#8143 = VECTOR( '', #9176, 1000.00000000000 );
#8144 = COLOUR_RGB( '', 0.333333343267441, 0.600000023841858, 0.333333343267441 );
#8145 = CARTESIAN_POINT( '', ( 17.0000000000000, -0.400000000000000, -5.20000000000000 ) );
#8146 = VECTOR( '', #9177, 1000.00000000000 );
#8147 = CARTESIAN_POINT( '', ( 17.0000000000000, -0.400000000000000, -2.80000000000000 ) );
#8148 = VECTOR( '', #9178, 1000.00000000000 );
#8149 = COLOUR_RGB( '', 0.333333343267441, 0.600000023841858, 0.333333343267441 );
#8150 = CARTESIAN_POINT( '', ( -14.3300000000000, -2.95000000000000, -5.20000000000000 ) );
#8151 = VECTOR( '', #9179, 1000.00000000000 );
#8152 = COLOUR_RGB( '', 0.333333343267441, 0.600000023841858, 0.333333343267441 );
#8153 = CARTESIAN_POINT( '', ( 11.6794117647059, -2.95000000000000, 1.30235294117644 ) );
#8154 = VECTOR( '', #9180, 1000.00000000000 );
#8155 = COLOUR_RGB( '', 0.333333343267441, 0.600000023841858, 0.333333343267441 );
#8156 = CARTESIAN_POINT( '', ( 19.5500000000000, -0.350000000000000, -1.20000000000000 ) );
#8157 = CARTESIAN_POINT( '', ( 18.5500000000000, -0.350000000000000, -1.20000000000000 ) );
#8158 = CARTESIAN_POINT( '', ( 19.5500000000000, -0.350000000000000, -1.20000000000000 ) );
#8159 = VECTOR( '', #9181, 1000.00000000000 );
#8160 = CARTESIAN_POINT( '', ( 19.5500000000000, -0.350000000000000, -47.4975617738615 ) );
#8161 = VECTOR( '', #9182, 1000.00000000000 );
#8162 = CARTESIAN_POINT( '', ( 18.5500000000000, -0.350000000000000, -47.4975617738615 ) );
#8163 = VECTOR( '', #9183, 1000.00000000000 );
#8164 = COLOUR_RGB( '', 0.333333343267441, 0.600000023841858, 0.333333343267441 );
#8165 = CARTESIAN_POINT( '', ( 18.1500000000000, 0.150000000000000, -1.20000000000000 ) );
#8166 = AXIS2_PLACEMENT_3D( '', #9184, #9185, #9186 );
#8167 = CARTESIAN_POINT( '', ( 17.6500000000000, 0.150000000000000, -1.70000000000000 ) );
#8168 = AXIS2_PLACEMENT_3D( '', #9187, #9188, #9189 );
#8169 = COLOUR_RGB( '', 0.333333343267441, 0.600000023841858, 0.333333343267441 );
#8170 = CARTESIAN_POINT( '', ( -2.81000000000000, 1.75000000000000, -5.20000000000000 ) );
#8171 = CARTESIAN_POINT( '', ( -1.76000000000000, 0.700000000000000, -5.20000000000000 ) );
#8172 = VECTOR( '', #9190, 1000.00000000000 );
#8173 = CARTESIAN_POINT( '', ( -2.81000000000000, 1.75000000000000, -2.80000000000000 ) );
#8174 = CARTESIAN_POINT( '', ( -2.81000000000000, 1.75000000000000, -2.80000000000000 ) );
#8175 = VECTOR( '', #9191, 1000.00000000000 );
#8176 = CARTESIAN_POINT( '', ( -1.76000000000000, 0.700000000000000, -2.80000000000000 ) );
#8177 = VECTOR( '', #9192, 1000.00000000000 );
#8178 = COLOUR_RGB( '', 0.333333343267441, 0.600000023841858, 0.333333343267441 );
#8179 = CARTESIAN_POINT( '', ( -11.9800000000000, -1.90000000000000, -5.20000000000000 ) );
#8180 = CARTESIAN_POINT( '', ( -13.4800000000000, -0.400000000000000, -5.20000000000000 ) );
#8181 = VECTOR( '', #9193, 1000.00000000000 );
#8182 = CARTESIAN_POINT( '', ( -11.9800000000000, -2.95000000000000, -5.20000000000000 ) );
#8183 = CARTESIAN_POINT( '', ( -14.3300000000000, -2.95000000000000, -5.20000000000000 ) );
#8184 = VECTOR( '', #9194, 1000.00000000000 );
#8185 = CARTESIAN_POINT( '', ( -11.9800000000000, -1.90000000000000, -5.20000000000000 ) );
#8186 = VECTOR( '', #9195, 1000.00000000000 );
#8187 = COLOUR_RGB( '', 0.333333343267441, 0.600000023841858, 0.333333343267441 );
#8188 = CARTESIAN_POINT( '', ( -19.5500000000000, -0.350000000000000, -1.20000000000000 ) );
#8189 = CARTESIAN_POINT( '', ( -19.5500000000000, -0.350000000000000, -1.20000000000000 ) );
#8190 = VECTOR( '', #9196, 1000.00000000000 );
#8191 = CARTESIAN_POINT( '', ( -19.5500000000000, -0.350000000000000, -47.4975161320778 ) );
#8192 = VECTOR( '', #9197, 1000.00000000000 );
#8193 = CARTESIAN_POINT( '', ( -19.5500000000000, 3.65000000000000, -3.50000000000000 ) );
#8194 = CARTESIAN_POINT( '', ( -19.5500000000000, 3.65000000000000, -5.60000000000000 ) );
#8195 = VECTOR( '', #9198, 1000.00000000000 );
#8196 = CARTESIAN_POINT( '', ( -19.5500000000000, -0.350000000000000, -3.50000000000000 ) );
#8197 = VECTOR( '', #9199, 1000.00000000000 );
#8198 = COLOUR_RGB( '', 0.333333343267441, 0.600000023841858, 0.333333343267441 );
#8199 = CARTESIAN_POINT( '', ( -12.9050000000000, -2.65000000000000, -5.60000000000000 ) );
#8200 = VECTOR( '', #9200, 1000.00000000000 );
#8201 = CARTESIAN_POINT( '', ( -12.9050000000000, 3.65000000000000, -2.60000000000000 ) );
#8202 = VECTOR( '', #9201, 1000.00000000000 );
#8203 = COLOUR_RGB( '', 0.333333343267441, 0.600000023841858, 0.333333343267441 );
#8204 = CARTESIAN_POINT( '', ( 19.5500000000000, 0.650000000000000, -3.50000000000000 ) );
#8205 = CARTESIAN_POINT( '', ( 18.5500000000000, 0.650000000000000, -3.50000000000000 ) );
#8206 = CARTESIAN_POINT( '', ( 18.5500000000000, 0.650000000000000, -3.50000000000000 ) );
#8207 = VECTOR( '', #9202, 1000.00000000000 );
#8208 = CARTESIAN_POINT( '', ( 18.5500000000000, -0.350000000000000, -3.50000000000000 ) );
#8209 = VECTOR( '', #9203, 1000.00000000000 );
#8210 = CARTESIAN_POINT( '', ( 19.5500000000000, -0.350000000000000, -3.50000000000000 ) );
#8211 = VECTOR( '', #9204, 1000.00000000000 );
#8212 = COLOUR_RGB( '', 0.333333343267441, 0.600000023841858, 0.333333343267441 );
#8213 = CARTESIAN_POINT( '', ( 5.86000000000000, -0.400000000000000, -2.80000000000000 ) );
#8214 = CARTESIAN_POINT( '', ( 5.86000000000000, -0.400000000000000, -2.80000000000000 ) );
#8215 = VECTOR( '', #9205, 1000.00000000000 );
#8216 = CARTESIAN_POINT( '', ( 4.36000000000000, -1.90000000000000, -2.80000000000000 ) );
#8217 = CARTESIAN_POINT( '', ( 4.36000000000000, -1.90000000000000, -2.80000000000000 ) );
#8218 = VECTOR( '', #9206, 1000.00000000000 );
#8219 = CARTESIAN_POINT( '', ( 4.36000000000000, -1.90000000000000, -2.80000000000000 ) );
#8220 = VECTOR( '', #9207, 1000.00000000000 );
#8221 = COLOUR_RGB( '', 0.333333343267441, 0.600000023841858, 0.333333343267441 );
#8222 = CARTESIAN_POINT( '', ( 12.9050000000000, 4.05000000000000, -2.60000000000000 ) );
#8223 = VECTOR( '', #9208, 1000.00000000000 );
#8224 = CARTESIAN_POINT( '', ( 9.95500000000000, 3.65000000000000, -2.60000000000000 ) );
#8225 = VECTOR( '', #9209, 1000.00000000000 );
#8226 = COLOUR_RGB( '', 0.333333343267441, 0.600000023841858, 0.333333343267441 );
#8227 = CARTESIAN_POINT( '', ( -4.36000000000000, -2.95000000000000, -2.80000000000000 ) );
#8228 = CARTESIAN_POINT( '', ( -4.36000000000000, -2.95000000000000, -2.80000000000000 ) );
#8229 = VECTOR( '', #9210, 1000.00000000000 );
#8230 = CARTESIAN_POINT( '', ( -4.36000000000000, -1.90000000000000, -2.80000000000000 ) );
#8231 = CARTESIAN_POINT( '', ( -4.36000000000000, -1.90000000000000, -2.80000000000000 ) );
#8232 = VECTOR( '', #9211, 1000.00000000000 );
#8233 = CARTESIAN_POINT( '', ( -4.36000000000000, -1.90000000000000, -2.80000000000000 ) );
#8234 = VECTOR( '', #9212, 1000.00000000000 );
#8235 = COLOUR_RGB( '', 0.333333343267441, 0.600000023841858, 0.333333343267441 );
#8236 = CARTESIAN_POINT( '', ( -11.9800000000000, -2.95000000000000, -2.80000000000000 ) );
#8237 = CARTESIAN_POINT( '', ( -11.9800000000000, -2.95000000000000, -2.80000000000000 ) );
#8238 = VECTOR( '', #9213, 1000.00000000000 );
#8239 = CARTESIAN_POINT( '', ( -11.9800000000000, -1.90000000000000, -2.80000000000000 ) );
#8240 = CARTESIAN_POINT( '', ( -11.9800000000000, -1.90000000000000, -2.80000000000000 ) );
#8241 = VECTOR( '', #9214, 1000.00000000000 );
#8242 = CARTESIAN_POINT( '', ( -11.9800000000000, -1.90000000000000, -2.80000000000000 ) );
#8243 = VECTOR( '', #9215, 1000.00000000000 );
#8244 = COLOUR_RGB( '', 0.333333343267441, 0.600000023841858, 0.333333343267441 );
#8245 = CARTESIAN_POINT( '', ( -9.95500000000000, -2.65000000000000, -5.60000000000000 ) );
#8246 = VECTOR( '', #9216, 1000.00000000000 );
#8247 = CARTESIAN_POINT( '', ( -11.9300000000000, -0.350000000000000, -5.60000000000000 ) );
#8248 = VECTOR( '', #9217, 1000.00000000000 );
#8249 = COLOUR_RGB( '', 0.333333343267441, 0.600000023841858, 0.333333343267441 );
#8250 = CARTESIAN_POINT( '', ( 12.3550000000000, -2.95000000000000, 6.00000000000000 ) );
#8251 = CARTESIAN_POINT( '', ( 8.15000000000000, -2.95000000000000, -10.8200000000000 ) );
#8252 = VECTOR( '', #9218, 1000.00000000000 );
#8253 = CARTESIAN_POINT( '', ( 18.1250000000000, -2.95000000000000, 6.00000000000000 ) );
#8254 = CARTESIAN_POINT( '', ( -14.3300000000000, -2.95000000000000, 6.00000000000000 ) );
#8255 = VECTOR( '', #9219, 1000.00000000000 );
#8256 = CARTESIAN_POINT( '', ( 18.4500000000000, -2.95000000000000, 4.70000000000000 ) );
#8257 = CARTESIAN_POINT( '', ( 20.9852941176471, -2.95000000000000, -5.44117647058824 ) );
#8258 = VECTOR( '', #9220, 1000.00000000000 );
#8259 = CARTESIAN_POINT( '', ( 21.9500000000000, -2.95000000000000, 4.70000000000000 ) );
#8260 = VECTOR( '', #9221, 1000.00000000000 );
#8261 = CARTESIAN_POINT( '', ( 21.9500000000000, -2.95000000000000, -5.20000000000000 ) );
#8262 = VECTOR( '', #9222, 1000.00000000000 );
#8263 = CARTESIAN_POINT( '', ( 18.5000000000000, -2.95000000000000, -2.80000000000000 ) );
#8264 = VECTOR( '', #9223, 1000.00000000000 );
#8265 = CARTESIAN_POINT( '', ( 11.9800000000000, -2.95000000000000, -5.20000000000000 ) );
#8266 = CARTESIAN_POINT( '', ( -14.3300000000000, -2.95000000000000, -5.20000000000000 ) );
#8267 = VECTOR( '', #9224, 1000.00000000000 );
#8268 = CARTESIAN_POINT( '', ( 11.9800000000000, -2.95000000000000, -2.80000000000000 ) );
#8269 = CARTESIAN_POINT( '', ( 11.9800000000000, -2.95000000000000, -2.80000000000000 ) );
#8270 = VECTOR( '', #9225, 1000.00000000000 );
#8271 = CARTESIAN_POINT( '', ( 10.8800000000000, -2.95000000000000, -2.80000000000000 ) );
#8272 = VECTOR( '', #9226, 1000.00000000000 );
#8273 = CARTESIAN_POINT( '', ( 4.36000000000000, -2.95000000000000, -2.80000000000000 ) );
#8274 = CARTESIAN_POINT( '', ( 4.36000000000000, -2.95000000000000, -2.80000000000000 ) );
#8275 = VECTOR( '', #9227, 1000.00000000000 );
#8276 = CARTESIAN_POINT( '', ( 3.26000000000000, -2.95000000000000, -2.80000000000000 ) );
#8277 = VECTOR( '', #9228, 1000.00000000000 );
#8278 = CARTESIAN_POINT( '', ( -4.36000000000000, -2.95000000000000, -2.80000000000000 ) );
#8279 = VECTOR( '', #9229, 1000.00000000000 );
#8280 = CARTESIAN_POINT( '', ( -10.8800000000000, -2.95000000000000, -2.80000000000000 ) );
#8281 = CARTESIAN_POINT( '', ( -10.8800000000000, -2.95000000000000, -2.80000000000000 ) );
#8282 = VECTOR( '', #9230, 1000.00000000000 );
#8283 = CARTESIAN_POINT( '', ( -11.9800000000000, -2.95000000000000, -2.80000000000000 ) );
#8284 = VECTOR( '', #9231, 1000.00000000000 );
#8285 = CARTESIAN_POINT( '', ( -19.6000000000000, -2.95000000000000, -2.80000000000000 ) );
#8286 = VECTOR( '', #9232, 1000.00000000000 );
#8287 = CARTESIAN_POINT( '', ( -19.9750000000000, -2.95000000000000, 6.00000000000000 ) );
#8288 = CARTESIAN_POINT( '', ( -14.3300000000000, -2.95000000000000, 6.00000000000000 ) );
#8289 = VECTOR( '', #9233, 1000.00000000000 );
#8290 = CARTESIAN_POINT( '', ( -17.0076470588236, -2.95000000000000, -5.86941176470588 ) );
#8291 = VECTOR( '', #9234, 1000.00000000000 );
#8292 = CARTESIAN_POINT( '', ( -20.5370588235294, -2.95000000000000, -3.64823529411765 ) );
#8293 = VECTOR( '', #9235, 1000.00000000000 );
#8294 = CARTESIAN_POINT( '', ( -4.41000000000000, -2.95000000000000, 4.70000000000000 ) );
#8295 = CARTESIAN_POINT( '', ( -2.66411764705883, -2.95000000000000, -2.28352941176472 ) );
#8296 = VECTOR( '', #9236, 1000.00000000000 );
#8297 = CARTESIAN_POINT( '', ( -3.21000000000000, -2.95000000000000, 4.70000000000000 ) );
#8298 = CARTESIAN_POINT( '', ( -14.3300000000000, -2.95000000000000, 4.70000000000000 ) );
#8299 = VECTOR( '', #9237, 1000.00000000000 );
#8300 = CARTESIAN_POINT( '', ( -2.88500000000000, -2.95000000000000, 6.00000000000000 ) );
#8301 = CARTESIAN_POINT( '', ( -6.19352941176469, -2.95000000000000, -7.23411764705882 ) );
#8302 = VECTOR( '', #9238, 1000.00000000000 );
#8303 = CARTESIAN_POINT( '', ( -14.3300000000000, -2.95000000000000, 6.00000000000000 ) );
#8304 = VECTOR( '', #9239, 1000.00000000000 );
#8305 = CARTESIAN_POINT( '', ( -14.3300000000000, -2.95000000000000, 4.70000000000000 ) );
#8306 = VECTOR( '', #9240, 1000.00000000000 );
#8307 = COLOUR_RGB( '', 0.333333343267441, 0.600000023841858, 0.333333343267441 );
#8308 = CARTESIAN_POINT( '', ( -21.2000000000000, 2.35000000000000, -5.20000000000000 ) );
#8309 = AXIS2_PLACEMENT_3D( '', #9241, #9242, #9243 );
#8310 = CARTESIAN_POINT( '', ( -21.9500000000000, 2.35000000000000, -5.20000000000000 ) );
#8311 = VECTOR( '', #9244, 1000.00000000000 );
#8312 = CARTESIAN_POINT( '', ( -21.1000000000000, 0.700000000000000, -5.20000000000000 ) );
#8313 = CARTESIAN_POINT( '', ( -21.1000000000000, 0.700000000000000, -5.20000000000000 ) );
#8314 = VECTOR( '', #9245, 1000.00000000000 );
#8315 = CARTESIAN_POINT( '', ( -20.0500000000000, 1.75000000000000, -5.20000000000000 ) );
#8316 = VECTOR( '', #9246, 1000.00000000000 );
#8317 = COLOUR_RGB( '', 0.333333343267441, 0.600000023841858, 0.333333343267441 );
#8318 = CARTESIAN_POINT( '', ( -18.5500000000000, 3.65000000000000, -3.50000000000000 ) );
#8319 = CARTESIAN_POINT( '', ( -19.5500000000000, 3.65000000000000, -3.50000000000000 ) );
#8320 = VECTOR( '', #9247, 1000.00000000000 );
#8321 = CARTESIAN_POINT( '', ( -18.5500000000000, -0.350000000000000, -3.50000000000000 ) );
#8322 = VECTOR( '', #9248, 1000.00000000000 );
#8323 = COLOUR_RGB( '', 0.740392148494720, 0.778039216995239, 0.800000011920929 );
#8324 = CARTESIAN_POINT( '', ( -3.57500000000000, 0.500000000000000, -3.87500000000000 ) );
#8325 = VECTOR( '', #9249, 1000.00000000000 );
#8326 = COLOUR_RGB( '', 0.333333343267441, 0.600000023841858, 0.333333343267441 );
#8327 = CARTESIAN_POINT( '', ( -21.1000000000000, 0.700000000000000, -2.80000000000000 ) );
#8328 = CARTESIAN_POINT( '', ( -21.1000000000000, 0.700000000000000, -2.80000000000000 ) );
#8329 = VECTOR( '', #9250, 1000.00000000000 );
#8330 = CARTESIAN_POINT( '', ( -20.0500000000000, 1.75000000000000, -2.80000000000000 ) );
#8331 = VECTOR( '', #9251, 1000.00000000000 );
#8332 = COLOUR_RGB( '', 0.333333343267441, 0.600000023841858, 0.333333343267441 );
#8333 = CARTESIAN_POINT( '', ( -3.21000000000000, 41.8475617738615, 4.70000000000000 ) );
#8334 = VECTOR( '', #9252, 1000.00000000000 );
#8335 = CARTESIAN_POINT( '', ( -2.88500000000000, -4.05000000000000, 6.00000000000000 ) );
#8336 = CARTESIAN_POINT( '', ( -1.85108660914031, -2.77749121124961, 10.1356535634388 ) );
#8337 = VECTOR( '', #9253, 1000.00000000000 );
#8338 = CARTESIAN_POINT( '', ( -2.88500000000000, 41.8475617738615, 6.00000000000000 ) );
#8339 = VECTOR( '', #9254, 1000.00000000000 );
#8340 = COLOUR_RGB( '', 0.333333343267441, 0.600000023841858, 0.333333343267441 );
#8341 = CARTESIAN_POINT( '', ( 5.86000000000000, -0.400000000000000, -2.80000000000000 ) );
#8342 = VECTOR( '', #9255, 1000.00000000000 );
#8343 = COLOUR_RGB( '', 0.333333343267441, 0.600000023841858, 0.333333343267441 );
#8344 = CARTESIAN_POINT( '', ( -2.81000000000000, 1.75000000000000, -5.20000000000000 ) );
#8345 = VECTOR( '', #9256, 1000.00000000000 );
#8346 = COLOUR_RGB( '', 0.333333343267441, 0.600000023841858, 0.333333343267441 );
#8347 = CARTESIAN_POINT( '', ( -4.81000000000000, 1.75000000000000, -5.20000000000000 ) );
#8348 = CARTESIAN_POINT( '', ( -4.81000000000000, 1.75000000000000, -5.20000000000000 ) );
#8349 = VECTOR( '', #9257, 1000.00000000000 );
#8350 = CARTESIAN_POINT( '', ( -4.81000000000000, 1.75000000000000, -2.80000000000000 ) );
#8351 = CARTESIAN_POINT( '', ( -4.81000000000000, 1.75000000000000, -2.80000000000000 ) );
#8352 = VECTOR( '', #9258, 1000.00000000000 );
#8353 = CARTESIAN_POINT( '', ( -4.81000000000000, 1.75000000000000, -2.80000000000000 ) );
#8354 = VECTOR( '', #9259, 1000.00000000000 );
#8355 = COLOUR_RGB( '', 0.740392148494720, 0.778039216995239, 0.800000011920929 );
#8356 = CARTESIAN_POINT( '', ( -4.57500000000000, -0.500000000000000, 3.12500000000000 ) );
#8357 = VECTOR( '', #9260, 1000.00000000000 );
#8358 = COLOUR_RGB( '', 0.740392148494720, 0.778039216995239, 0.800000011920929 );
#8359 = CARTESIAN_POINT( '', ( 2.82500000000000, 0.500000000000000, -4.12500000000000 ) );
#8360 = VECTOR( '', #9261, 1000.00000000000 );
#8361 = CARTESIAN_POINT( '', ( 3.82500000000000, 0.250000000000000, -4.87500000000000 ) );
#8362 = VECTOR( '', #9262, 1000.00000000000 );
#8363 = COLOUR_RGB( '', 0.333333343267441, 0.600000023841858, 0.333333343267441 );
#8364 = CARTESIAN_POINT( '', ( 11.9800000000000, -1.90000000000000, -5.20000000000000 ) );
#8365 = CARTESIAN_POINT( '', ( 11.9800000000000, -1.90000000000000, -5.20000000000000 ) );
#8366 = VECTOR( '', #9263, 1000.00000000000 );
#8367 = CARTESIAN_POINT( '', ( 11.9800000000000, -1.90000000000000, -2.80000000000000 ) );
#8368 = CARTESIAN_POINT( '', ( 11.9800000000000, -1.90000000000000, -2.80000000000000 ) );
#8369 = VECTOR( '', #9264, 1000.00000000000 );
#8370 = CARTESIAN_POINT( '', ( 11.9800000000000, -1.90000000000000, -2.80000000000000 ) );
#8371 = VECTOR( '', #9265, 1000.00000000000 );
#8372 = COLOUR_RGB( '', 0.333333343267441, 0.600000023841858, 0.333333343267441 );
#8373 = CARTESIAN_POINT( '', ( 18.4500000000000, 41.8475617738615, 4.70000000000000 ) );
#8374 = VECTOR( '', #9266, 1000.00000000000 );
#8375 = COLOUR_RGB( '', 0.333333343267441, 0.600000023841858, 0.333333343267441 );
#8376 = CARTESIAN_POINT( '', ( 21.1000000000000, 0.700000000000000, -5.20000000000000 ) );
#8377 = VECTOR( '', #9267, 1000.00000000000 );
#8378 = CARTESIAN_POINT( '', ( 21.9500000000000, 2.35000000000000, -5.20000000000000 ) );
#8379 = VECTOR( '', #9268, 1000.00000000000 );
#8380 = AXIS2_PLACEMENT_3D( '', #9269, #9270, #9271 );
#8381 = COLOUR_RGB( '', 0.333333343267441, 0.600000023841858, 0.333333343267441 );
#8382 = CARTESIAN_POINT( '', ( 21.1000000000000, 0.700000000000000, -2.80000000000000 ) );
#8383 = VECTOR( '', #9272, 1000.00000000000 );
#8384 = COLOUR_RGB( '', 0.333333343267441, 0.600000023841858, 0.333333343267441 );
#8385 = CARTESIAN_POINT( '', ( 10.9300000000000, -0.350000000000000, -47.4975617738615 ) );
#8386 = VECTOR( '', #9273, 1000.00000000000 );
#8387 = CARTESIAN_POINT( '', ( 10.9300000000000, 0.650000000000000, -3.50000000000000 ) );
#8388 = CARTESIAN_POINT( '', ( 10.9300000000000, -0.350000000000000, -3.50000000000000 ) );
#8389 = VECTOR( '', #9274, 1000.00000000000 );
#8390 = CARTESIAN_POINT( '', ( 10.9300000000000, 0.650000000000000, -47.4975617738615 ) );
#8391 = VECTOR( '', #9275, 1000.00000000000 );
#8392 = COLOUR_RGB( '', 0.740392148494720, 0.778039216995239, 0.800000011920929 );
#8393 = CARTESIAN_POINT( '', ( -4.57500000000000, 0.500000000000000, 4.12500000000000 ) );
#8394 = VECTOR( '', #9276, 1000.00000000000 );
#8395 = COLOUR_RGB( '', 0.333333343267441, 0.600000023841858, 0.333333343267441 );
#8396 = CARTESIAN_POINT( '', ( -18.5500000000000, -0.350000000000000, -1.20000000000000 ) );
#8397 = CARTESIAN_POINT( '', ( -18.5500000000000, -0.350000000000000, -1.20000000000000 ) );
#8398 = VECTOR( '', #9277, 1000.00000000000 );
#8399 = CARTESIAN_POINT( '', ( -18.5500000000000, -0.350000000000000, -47.4975161320778 ) );
#8400 = VECTOR( '', #9278, 1000.00000000000 );
#8401 = COLOUR_RGB( '', 0.740392148494720, 0.778039216995239, 0.800000011920929 );
#8402 = COLOUR_RGB( '', 0.333333343267441, 0.600000023841858, 0.333333343267441 );
#8403 = CARTESIAN_POINT( '', ( -9.95500000000000, 4.05000000000000, -2.60000000000000 ) );
#8404 = VECTOR( '', #9279, 1000.00000000000 );
#8405 = COLOUR_RGB( '', 0.333333343267441, 0.600000023841858, 0.333333343267441 );
#8406 = CARTESIAN_POINT( '', ( 18.5500000000000, 0.650000000000000, -1.20000000000000 ) );
#8407 = CARTESIAN_POINT( '', ( 18.5500000000000, -0.350000000000000, -1.20000000000000 ) );
#8408 = VECTOR( '', #9280, 1000.00000000000 );
#8409 = CARTESIAN_POINT( '', ( 18.5500000000000, 0.650000000000000, -47.4975617738615 ) );
#8410 = VECTOR( '', #9281, 1000.00000000000 );
#8411 = COLOUR_RGB( '', 0.333333343267441, 0.600000023841858, 0.333333343267441 );
#8412 = CARTESIAN_POINT( '', ( -3.31000000000000, -0.350000000000000, -3.50000000000000 ) );
#8413 = VECTOR( '', #9282, 1000.00000000000 );
#8414 = COLOUR_RGB( '', 0.333333343267441, 0.600000023841858, 0.333333343267441 );
#8415 = CARTESIAN_POINT( '', ( 9.28000000000000, 2.35000000000000, -5.20000000000000 ) );
#8416 = VECTOR( '', #9283, 1000.00000000000 );
#8417 = COLOUR_RGB( '', 0.333333343267441, 0.600000023841858, 0.333333343267441 );
#8418 = CARTESIAN_POINT( '', ( 19.5500000000000, 0.650000000000000, -1.20000000000000 ) );
#8419 = CARTESIAN_POINT( '', ( 18.5500000000000, 0.650000000000000, -1.20000000000000 ) );
#8420 = VECTOR( '', #9284, 1000.00000000000 );
#8421 = CARTESIAN_POINT( '', ( 19.5500000000000, 0.650000000000000, -1.20000000000000 ) );
#8422 = VECTOR( '', #9285, 1000.00000000000 );
#8423 = COLOUR_RGB( '', 0.333333343267441, 0.600000023841858, 0.333333343267441 );
#8424 = CARTESIAN_POINT( '', ( 21.9500000000000, -4.05000000000000, 6.00000000000000 ) );
#8425 = VECTOR( '', #9286, 1000.00000000000 );
#8426 = COLOUR_RGB( '', 0.333333343267441, 0.600000023841858, 0.333333343267441 );
#8427 = CARTESIAN_POINT( '', ( 4.36000000000000, -2.95000000000000, -2.80000000000000 ) );
#8428 = VECTOR( '', #9287, 1000.00000000000 );
#8429 = COLOUR_RGB( '', 0.333333343267441, 0.600000023841858, 0.333333343267441 );
#8430 = CARTESIAN_POINT( '', ( -20.5250000000000, 3.65000000000000, -2.60000000000000 ) );
#8431 = CARTESIAN_POINT( '', ( -17.5750000000000, 3.65000000000000, -2.60000000000000 ) );
#8432 = VECTOR( '', #9288, 1000.00000000000 );
#8433 = CARTESIAN_POINT( '', ( -20.5250000000000, 3.65000000000000, -2.60000000000000 ) );
#8434 = VECTOR( '', #9289, 1000.00000000000 );
#8435 = COLOUR_RGB( '', 0.333333343267441, 0.600000023841858, 0.333333343267441 );
#8436 = COLOUR_RGB( '', 0.333333343267441, 0.600000023841858, 0.333333343267441 );
#8437 = CARTESIAN_POINT( '', ( 5.28500000000000, -2.65000000000000, -5.60000000000000 ) );
#8438 = CARTESIAN_POINT( '', ( 5.28500000000000, -2.65000000000000, -5.60000000000000 ) );
#8439 = VECTOR( '', #9290, 1000.00000000000 );
#8440 = CARTESIAN_POINT( '', ( 5.28500000000000, -2.65000000000000, -6.00000000000000 ) );
#8441 = VECTOR( '', #9291, 1000.00000000000 );
#8442 = COLOUR_RGB( '', 0.333333343267441, 0.600000023841858, 0.333333343267441 );
#8443 = CARTESIAN_POINT( '', ( 16.9000000000000, 2.35000000000000, -5.20000000000000 ) );
#8444 = VECTOR( '', #9292, 1000.00000000000 );
#8445 = CARTESIAN_POINT( '', ( 13.5800000000000, 2.35000000000000, -5.20000000000000 ) );
#8446 = VECTOR( '', #9293, 1000.00000000000 );
#8447 = COLOUR_RGB( '', 0.333333343267441, 0.600000023841858, 0.333333343267441 );
#8448 = CARTESIAN_POINT( '', ( -18.5500000000000, 3.65000000000000, -3.50000000000000 ) );
#8449 = VECTOR( '', #9294, 1000.00000000000 );
#8450 = CARTESIAN_POINT( '', ( -20.5250000000000, 3.65000000000000, -6.00000000000000 ) );
#8451 = VECTOR( '', #9295, 1000.00000000000 );
#8452 = COLOUR_RGB( '', 0.333333343267441, 0.600000023841858, 0.333333343267441 );
#8453 = CARTESIAN_POINT( '', ( -4.81000000000000, 3.07951522256740, -5.20000000000000 ) );
#8454 = VECTOR( '', #9296, 1000.00000000000 );
#8455 = CARTESIAN_POINT( '', ( -9.38000000000000, 0.700000000000000, -5.20000000000000 ) );
#8456 = VECTOR( '', #9297, 1000.00000000000 );
#8457 = COLOUR_RGB( '', 0.333333343267441, 0.600000023841858, 0.333333343267441 );
#8458 = COLOUR_RGB( '', 0.740392148494720, 0.778039216995239, 0.800000011920929 );
#8459 = COLOUR_RGB( '', 0.333333343267441, 0.600000023841858, 0.333333343267441 );
#8460 = CARTESIAN_POINT( '', ( -5.28500000000000, -2.65000000000000, -5.60000000000000 ) );
#8461 = VECTOR( '', #9298, 1000.00000000000 );
#8462 = COLOUR_RGB( '', 0.333333343267441, 0.600000023841858, 0.333333343267441 );
#8463 = CARTESIAN_POINT( '', ( -9.38000000000000, -0.400000000000000, -2.80000000000000 ) );
#8464 = CARTESIAN_POINT( '', ( -9.38000000000000, -0.400000000000000, -2.80000000000000 ) );
#8465 = VECTOR( '', #9299, 1000.00000000000 );
#8466 = CARTESIAN_POINT( '', ( -10.8800000000000, -1.90000000000000, -2.80000000000000 ) );
#8467 = CARTESIAN_POINT( '', ( -10.8800000000000, -1.90000000000000, -2.80000000000000 ) );
#8468 = VECTOR( '', #9300, 1000.00000000000 );
#8469 = CARTESIAN_POINT( '', ( -10.8800000000000, -1.90000000000000, -2.80000000000000 ) );
#8470 = VECTOR( '', #9301, 1000.00000000000 );
#8471 = COLOUR_RGB( '', 0.333333343267441, 0.600000023841858, 0.333333343267441 );
#8472 = CARTESIAN_POINT( '', ( 20.4500000000000, 0.150000000000000, -2.80000000000000 ) );
#8473 = AXIS2_PLACEMENT_3D( '', #9302, #9303, #9304 );
#8474 = COLOUR_RGB( '', 0.333333343267441, 0.600000023841858, 0.333333343267441 );
#8475 = COLOUR_RGB( '', 0.333333343267441, 0.600000023841858, 0.333333343267441 );
#8476 = CARTESIAN_POINT( '', ( 5.28500000000000, -2.65000000000000, -5.60000000000000 ) );
#8477 = VECTOR( '', #9305, 1000.00000000000 );
#8478 = COLOUR_RGB( '', 0.333333343267441, 0.600000023841858, 0.333333343267441 );
#8479 = CARTESIAN_POINT( '', ( -11.9300000000000, 0.650000000000000, -47.4975617738615 ) );
#8480 = VECTOR( '', #9306, 1000.00000000000 );
#8481 = COLOUR_RGB( '', 0.333333343267441, 0.600000023841858, 0.333333343267441 );
#8482 = CARTESIAN_POINT( '', ( 19.5500000000000, 0.650000000000000, -47.4975617738615 ) );
#8483 = VECTOR( '', #9307, 1000.00000000000 );
#8484 = COLOUR_RGB( '', 0.333333343267441, 0.600000023841858, 0.333333343267441 );
#8485 = CARTESIAN_POINT( '', ( 18.1250000000000, 41.8475617738615, 6.00000000000000 ) );
#8486 = VECTOR( '', #9308, 1000.00000000000 );
#8487 = COLOUR_RGB( '', 0.333333343267441, 0.600000023841858, 0.333333343267441 );
#8488 = CARTESIAN_POINT( '', ( 21.9500000000000, -4.45000000000000, 4.70000000000000 ) );
#8489 = VECTOR( '', #9309, 1000.00000000000 );
#8490 = COLOUR_RGB( '', 0.333333343267441, 0.600000023841858, 0.333333343267441 );
#8491 = CARTESIAN_POINT( '', ( -4.41000000000000, 41.8475617738615, 4.70000000000000 ) );
#8492 = VECTOR( '', #9310, 1000.00000000000 );
#8493 = COLOUR_RGB( '', 0.333333343267441, 0.600000023841858, 0.333333343267441 );
#8494 = CARTESIAN_POINT( '', ( 12.4300000000000, 3.07951522256740, -2.80000000000000 ) );
#8495 = AXIS2_PLACEMENT_3D( '', #9311, #9312, #9313 );
#8496 = CARTESIAN_POINT( '', ( 12.4300000000000, 3.07951522256740, -2.80000000000000 ) );
#8497 = VECTOR( '', #9314, 1000.00000000000 );
#8498 = COLOUR_RGB( '', 0.333333343267441, 0.600000023841858, 0.333333343267441 );
#8499 = CARTESIAN_POINT( '', ( -4.81000000000000, 3.07951522256740, -2.80000000000000 ) );
#8500 = VECTOR( '', #9315, 1000.00000000000 );
#8501 = COLOUR_RGB( '', 0.333333343267441, 0.600000023841858, 0.333333343267441 );
#8502 = CARTESIAN_POINT( '', ( 12.3550000000000, 41.8475617738615, 6.00000000000000 ) );
#8503 = VECTOR( '', #9316, 1000.00000000000 );
#8504 = COLOUR_RGB( '', 0.333333343267441, 0.600000023841858, 0.333333343267441 );
#8505 = COLOUR_RGB( '', 0.333333343267441, 0.600000023841858, 0.333333343267441 );
#8506 = CARTESIAN_POINT( '', ( -2.81000000000000, 1.75000000000000, -2.80000000000000 ) );
#8507 = VECTOR( '', #9317, 1000.00000000000 );
#8508 = COLOUR_RGB( '', 0.333333343267441, 0.600000023841858, 0.333333343267441 );
#8509 = CARTESIAN_POINT( '', ( -10.0300000000000, 0.150000000000000, -2.80000000000000 ) );
#8510 = AXIS2_PLACEMENT_3D( '', #9318, #9319, #9320 );
#8511 = COLOUR_RGB( '', 0.333333343267441, 0.600000023841858, 0.333333343267441 );
#8512 = CARTESIAN_POINT( '', ( -5.28500000000000, 3.65000000000000, -2.60000000000000 ) );
#8513 = VECTOR( '', #9321, 1000.00000000000 );
#8514 = COLOUR_RGB( '', 0.333333343267441, 0.600000023841858, 0.333333343267441 );
#8515 = CARTESIAN_POINT( '', ( -13.4800000000000, -0.400000000000000, -2.80000000000000 ) );
#8516 = VECTOR( '', #9322, 1000.00000000000 );
#8517 = COLOUR_RGB( '', 0.333333343267441, 0.600000023841858, 0.333333343267441 );
#8518 = CARTESIAN_POINT( '', ( -5.86000000000000, -0.400000000000000, -2.80000000000000 ) );
#8519 = CARTESIAN_POINT( '', ( -5.86000000000000, -0.400000000000000, -2.80000000000000 ) );
#8520 = VECTOR( '', #9323, 1000.00000000000 );
#8521 = CARTESIAN_POINT( '', ( -9.38000000000000, -0.400000000000000, -2.80000000000000 ) );
#8522 = VECTOR( '', #9324, 1000.00000000000 );
#8523 = COLOUR_RGB( '', 0.333333343267441, 0.600000023841858, 0.333333343267441 );
#8524 = COLOUR_RGB( '', 0.333333343267441, 0.600000023841858, 0.333333343267441 );
#8525 = CARTESIAN_POINT( '', ( 21.9500000000000, -4.05000000000000, -6.00000000000000 ) );
#8526 = VECTOR( '', #9325, 1000.00000000000 );
#8527 = COLOUR_RGB( '', 0.333333343267441, 0.600000023841858, 0.333333343267441 );
#8528 = CARTESIAN_POINT( '', ( 11.9800000000000, -2.95000000000000, -5.20000000000000 ) );
#8529 = VECTOR( '', #9326, 1000.00000000000 );
#8530 = CARTESIAN_POINT( '', ( 11.9800000000000, -2.95000000000000, -2.80000000000000 ) );
#8531 = VECTOR( '', #9327, 1000.00000000000 );
#8532 = COLOUR_RGB( '', 0.333333343267441, 0.600000023841858, 0.333333343267441 );
#8533 = COLOUR_RGB( '', 0.333333343267441, 0.600000023841858, 0.333333343267441 );
#8534 = COLOUR_RGB( '', 0.333333343267441, 0.600000023841858, 0.333333343267441 );
#8535 = CARTESIAN_POINT( '', ( 12.4300000000000, 1.75000000000000, -2.80000000000000 ) );
#8536 = CARTESIAN_POINT( '', ( 12.4300000000000, 1.75000000000000, -2.80000000000000 ) );
#8537 = VECTOR( '', #9328, 1000.00000000000 );
#8538 = CARTESIAN_POINT( '', ( 13.4800000000000, 0.700000000000000, -2.80000000000000 ) );
#8539 = VECTOR( '', #9329, 1000.00000000000 );
#8540 = COLOUR_RGB( '', 0.333333343267441, 0.600000023841858, 0.333333343267441 );
#8541 = CARTESIAN_POINT( '', ( -5.86000000000000, -0.400000000000000, -2.80000000000000 ) );
#8542 = VECTOR( '', #9330, 1000.00000000000 );
#8543 = COLOUR_RGB( '', 0.333333343267441, 0.600000023841858, 0.333333343267441 );
#8544 = COLOUR_RGB( '', 0.333333343267441, 0.600000023841858, 0.333333343267441 );
#8545 = CARTESIAN_POINT( '', ( -18.5500000000000, 0.650000000000000, -1.20000000000000 ) );
#8546 = VECTOR( '', #9331, 1000.00000000000 );
#8547 = COLOUR_RGB( '', 0.333333343267441, 0.600000023841858, 0.333333343267441 );
#8548 = CARTESIAN_POINT( '', ( 18.0500000000000, 3.07951522256740, -2.80000000000000 ) );
#8549 = CARTESIAN_POINT( '', ( 18.0500000000000, 3.07951522256740, -2.80000000000000 ) );
#8550 = VECTOR( '', #9332, 1000.00000000000 );
#8551 = AXIS2_PLACEMENT_3D( '', #9333, #9334, #9335 );
#8552 = COLOUR_RGB( '', 0.333333343267441, 0.600000023841858, 0.333333343267441 );
#8553 = CARTESIAN_POINT( '', ( -21.1000000000000, 0.700000000000000, -2.80000000000000 ) );
#8554 = VECTOR( '', #9336, 1000.00000000000 );
#8555 = COLOUR_RGB( '', 0.333333343267441, 0.600000023841858, 0.333333343267441 );
#8556 = CARTESIAN_POINT( '', ( 5.28500000000000, 4.05000000000000, -2.60000000000000 ) );
#8557 = VECTOR( '', #9337, 1000.00000000000 );
#8558 = COLOUR_RGB( '', 0.333333343267441, 0.600000023841858, 0.333333343267441 );
#8559 = CARTESIAN_POINT( '', ( 10.4300000000000, 1.75000000000000, -2.80000000000000 ) );
#8560 = VECTOR( '', #9338, 1000.00000000000 );
#8561 = COLOUR_RGB( '', 0.333333343267441, 0.600000023841858, 0.333333343267441 );
#8562 = COLOUR_RGB( '', 0.333333343267441, 0.600000023841858, 0.333333343267441 );
#8563 = COLOUR_RGB( '', 0.333333343267441, 0.600000023841858, 0.333333343267441 );
#8564 = CARTESIAN_POINT( '', ( -21.2000000000000, 2.35000000000000, -5.20000000000000 ) );
#8565 = VECTOR( '', #9339, 1000.00000000000 );
#8566 = COLOUR_RGB( '', 0.333333343267441, 0.600000023841858, 0.333333343267441 );
#8567 = CARTESIAN_POINT( '', ( -9.38000000000000, 0.700000000000000, -2.80000000000000 ) );
#8568 = VECTOR( '', #9340, 1000.00000000000 );
#8569 = COLOUR_RGB( '', 0.333333343267441, 0.600000023841858, 0.333333343267441 );
#8570 = CARTESIAN_POINT( '', ( 10.9300000000000, 0.650000000000000, -3.50000000000000 ) );
#8571 = VECTOR( '', #9341, 1000.00000000000 );
#8572 = COLOUR_RGB( '', 0.333333343267441, 0.600000023841858, 0.333333343267441 );
#8573 = COLOUR_RGB( '', 0.333333343267441, 0.600000023841858, 0.333333343267441 );
#8574 = CARTESIAN_POINT( '', ( 2.41000000000000, 0.150000000000000, -1.70000000000000 ) );
#8575 = AXIS2_PLACEMENT_3D( '', #9342, #9343, #9344 );
#8576 = COLOUR_RGB( '', 0.333333343267441, 0.600000023841858, 0.333333343267441 );
#8577 = COLOUR_RGB( '', 0.333333343267441, 0.600000023841858, 0.333333343267441 );
#8578 = CARTESIAN_POINT( '', ( -19.9750000000000, -4.05000000000000, 6.00000000000000 ) );
#8579 = CARTESIAN_POINT( '', ( -19.9750000000000, 41.8475617738615, 6.00000000000000 ) );
#8580 = VECTOR( '', #9345, 1000.00000000000 );
#8581 = CARTESIAN_POINT( '', ( 21.9500000000000, -4.05000000000000, 6.00000000000000 ) );
#8582 = VECTOR( '', #9346, 1000.00000000000 );
#8583 = COLOUR_RGB( '', 0.333333343267441, 0.600000023841858, 0.333333343267441 );
#8584 = COLOUR_RGB( '', 0.333333343267441, 0.600000023841858, 0.333333343267441 );
#8585 = CARTESIAN_POINT( '', ( 18.0500000000000, 3.07951522256740, -2.80000000000000 ) );
#8586 = VECTOR( '', #9347, 1000.00000000000 );
#8587 = COLOUR_RGB( '', 0.333333343267441, 0.600000023841858, 0.333333343267441 );
#8588 = CARTESIAN_POINT( '', ( -13.4800000000000, 0.700000000000000, -2.80000000000000 ) );
#8589 = CARTESIAN_POINT( '', ( -14.3300000000000, 0.700000000000000, -2.80000000000000 ) );
#8590 = VECTOR( '', #9348, 1000.00000000000 );
#8591 = CARTESIAN_POINT( '', ( -13.4800000000000, 0.700000000000000, -2.80000000000000 ) );
#8592 = VECTOR( '', #9349, 1000.00000000000 );
#8593 = COLOUR_RGB( '', 0.333333343267441, 0.600000023841858, 0.333333343267441 );
#8594 = CARTESIAN_POINT( '', ( 21.9500000000000, -0.400000000000000, -2.80000000000000 ) );
#8595 = CARTESIAN_POINT( '', ( 21.9500000000000, -0.400000000000000, -2.80000000000000 ) );
#8596 = VECTOR( '', #9350, 1000.00000000000 );
#8597 = CARTESIAN_POINT( '', ( 21.9500000000000, -0.400000000000000, -2.80000000000000 ) );
#8598 = VECTOR( '', #9351, 1000.00000000000 );
#8599 = COLOUR_RGB( '', 0.333333343267441, 0.600000023841858, 0.333333343267441 );
#8600 = CARTESIAN_POINT( '', ( 5.21000000000000, 0.150000000000000, -2.80000000000000 ) );
#8601 = AXIS2_PLACEMENT_3D( '', #9352, #9353, #9354 );
#8602 = COLOUR_RGB( '', 0.333333343267441, 0.600000023841858, 0.333333343267441 );
#8603 = CARTESIAN_POINT( '', ( -17.4031479705977, -7.21535634387982, -4.28740811760943 ) );
#8604 = VECTOR( '', #9355, 1000.00000000000 );
#8605 = COLOUR_RGB( '', 0.333333343267441, 0.600000023841858, 0.333333343267441 );
#8606 = CARTESIAN_POINT( '', ( 21.1000000000000, -0.400000000000000, -2.80000000000000 ) );
#8607 = VECTOR( '', #9356, 1000.00000000000 );
#8608 = COLOUR_RGB( '', 0.333333343267441, 0.600000023841858, 0.333333343267441 );
#8609 = COLOUR_RGB( '', 0.333333343267441, 0.600000023841858, 0.333333343267441 );
#8610 = COLOUR_RGB( '', 0.333333343267441, 0.600000023841858, 0.333333343267441 );
#8611 = CARTESIAN_POINT( '', ( 12.4300000000000, 1.75000000000000, -2.80000000000000 ) );
#8612 = VECTOR( '', #9357, 1000.00000000000 );
#8613 = COLOUR_RGB( '', 0.333333343267441, 0.600000023841858, 0.333333343267441 );
#8614 = CARTESIAN_POINT( '', ( -10.8800000000000, -2.95000000000000, -2.80000000000000 ) );
#8615 = VECTOR( '', #9358, 1000.00000000000 );
#8616 = COLOUR_RGB( '', 0.333333343267441, 0.600000023841858, 0.333333343267441 );
#8617 = COLOUR_RGB( '', 0.333333343267441, 0.600000023841858, 0.333333343267441 );
#8618 = COLOUR_RGB( '', 0.333333343267441, 0.600000023841858, 0.333333343267441 );
#8619 = COLOUR_RGB( '', 0.333333343267441, 0.600000023841858, 0.333333343267441 );
#8620 = COLOUR_RGB( '', 0.333333343267441, 0.600000023841858, 0.333333343267441 );
#8621 = COLOUR_RGB( '', 0.333333343267441, 0.600000023841858, 0.333333343267441 );
#8622 = CARTESIAN_POINT( '', ( 5.86000000000000, 0.700000000000000, -2.80000000000000 ) );
#8623 = VECTOR( '', #9359, 1000.00000000000 );
#8624 = COLOUR_RGB( '', 0.333333343267441, 0.600000023841858, 0.333333343267441 );
#8625 = AXIS2_PLACEMENT_3D( '', #9360, #9361, #9362 );
#8626 = COLOUR_RGB( '', 0.333333343267441, 0.600000023841858, 0.333333343267441 );
#8627 = CARTESIAN_POINT( '', ( -12.4300000000000, 1.75000000000000, -2.80000000000000 ) );
#8628 = VECTOR( '', #9363, 1000.00000000000 );
#8629 = COLOUR_RGB( '', 0.333333343267441, 0.600000023841858, 0.333333343267441 );
#8630 = DIRECTION( '', ( -0.242535625036332, -1.38035512634919E-017, 0.970142500145332 ) );
#8631 = DIRECTION( '', ( 0.000000000000000, -1.00000000000000, 0.000000000000000 ) );
#8632 = DIRECTION( '', ( 0.232402379702538, -0.286033698095432, -0.929609518810156 ) );
#8633 = DIRECTION( '', ( 0.000000000000000, -1.00000000000000, 0.000000000000000 ) );
#8634 = CARTESIAN_POINT( '', ( 3.81000000000000, 0.150000000000000, -1.20000000000000 ) );
#8635 = DIRECTION( '', ( 0.000000000000000, 0.000000000000000, -1.00000000000000 ) );
#8636 = DIRECTION( '', ( -1.00000000000000, 0.000000000000000, 0.000000000000000 ) );
#8637 = DIRECTION( '', ( 0.000000000000000, 1.00000000000000, 0.000000000000000 ) );
#8638 = DIRECTION( '', ( 1.00000000000000, 0.000000000000000, 0.000000000000000 ) );
#8639 = DIRECTION( '', ( 0.000000000000000, -1.00000000000000, 0.000000000000000 ) );
#8640 = DIRECTION( '', ( -1.00000000000000, 0.000000000000000, 0.000000000000000 ) );
#8641 = DIRECTION( '', ( 0.000000000000000, 1.00000000000000, 0.000000000000000 ) );
#8642 = DIRECTION( '', ( 1.00000000000000, 0.000000000000000, 0.000000000000000 ) );
#8643 = DIRECTION( '', ( 0.000000000000000, 1.00000000000000, 0.000000000000000 ) );
#8644 = DIRECTION( '', ( -1.00000000000000, 0.000000000000000, 0.000000000000000 ) );
#8645 = DIRECTION( '', ( 0.000000000000000, -1.00000000000000, 0.000000000000000 ) );
#8646 = DIRECTION( '', ( 1.00000000000000, 0.000000000000000, 0.000000000000000 ) );
#8647 = DIRECTION( '', ( 0.000000000000000, -1.00000000000000, 0.000000000000000 ) );
#8648 = DIRECTION( '', ( -1.00000000000000, 0.000000000000000, 0.000000000000000 ) );
#8649 = DIRECTION( '', ( 0.000000000000000, -1.00000000000000, 0.000000000000000 ) );
#8650 = DIRECTION( '', ( -1.00000000000000, 0.000000000000000, 0.000000000000000 ) );
#8651 = DIRECTION( '', ( 0.000000000000000, -1.00000000000000, 0.000000000000000 ) );
#8652 = DIRECTION( '', ( -1.00000000000000, 0.000000000000000, 0.000000000000000 ) );
#8653 = DIRECTION( '', ( 0.000000000000000, 1.00000000000000, 0.000000000000000 ) );
#8654 = DIRECTION( '', ( 1.00000000000000, 0.000000000000000, 0.000000000000000 ) );
#8655 = DIRECTION( '', ( 0.000000000000000, 1.00000000000000, 0.000000000000000 ) );
#8656 = DIRECTION( '', ( -1.00000000000000, 0.000000000000000, 0.000000000000000 ) );
#8657 = DIRECTION( '', ( 0.000000000000000, 1.00000000000000, 0.000000000000000 ) );
#8658 = DIRECTION( '', ( 1.00000000000000, 0.000000000000000, 0.000000000000000 ) );
#8659 = DIRECTION( '', ( 0.000000000000000, 1.00000000000000, 0.000000000000000 ) );
#8660 = DIRECTION( '', ( -1.00000000000000, 0.000000000000000, 0.000000000000000 ) );
#8661 = DIRECTION( '', ( 0.000000000000000, 1.00000000000000, 0.000000000000000 ) );
#8662 = DIRECTION( '', ( 1.00000000000000, 0.000000000000000, 0.000000000000000 ) );
#8663 = DIRECTION( '', ( 0.000000000000000, 1.00000000000000, 0.000000000000000 ) );
#8664 = DIRECTION( '', ( -1.00000000000000, 0.000000000000000, 0.000000000000000 ) );
#8665 = DIRECTION( '', ( 0.000000000000000, 1.00000000000000, 0.000000000000000 ) );
#8666 = DIRECTION( '', ( 1.00000000000000, 0.000000000000000, 0.000000000000000 ) );
#8667 = DIRECTION( '', ( 0.000000000000000, 1.00000000000000, 0.000000000000000 ) );
#8668 = DIRECTION( '', ( -1.00000000000000, 0.000000000000000, 0.000000000000000 ) );
#8669 = DIRECTION( '', ( 1.00000000000000, -3.37494839684204E-016, 0.000000000000000 ) );
#8670 = DIRECTION( '', ( 0.000000000000000, 0.000000000000000, 1.00000000000000 ) );
#8671 = DIRECTION( '', ( 1.00000000000000, -3.37494839684204E-016, 0.000000000000000 ) );
#8672 = DIRECTION( '', ( 0.000000000000000, 0.000000000000000, 1.00000000000000 ) );
#8673 = DIRECTION( '', ( 0.000000000000000, -1.00000000000000, 0.000000000000000 ) );
#8674 = DIRECTION( '', ( -1.00000000000000, 0.000000000000000, 0.000000000000000 ) );
#8675 = DIRECTION( '', ( 0.000000000000000, 1.00000000000000, 0.000000000000000 ) );
#8676 = DIRECTION( '', ( -1.00000000000000, 5.69134998680055E-017, 0.000000000000000 ) );
#8677 = DIRECTION( '', ( 0.000000000000000, 1.00000000000000, 0.000000000000000 ) );
#8678 = DIRECTION( '', ( 0.000000000000000, -6.74614685102092E-016, -1.00000000000000 ) );
#8679 = DIRECTION( '', ( 0.000000000000000, 0.000000000000000, 1.00000000000000 ) );
#8680 = DIRECTION( '', ( 0.000000000000000, 1.00000000000000, -7.35847025059459E-016 ) );
#8681 = DIRECTION( '', ( 0.000000000000000, 0.000000000000000, 1.00000000000000 ) );
#8682 = DIRECTION( '', ( 0.000000000000000, -1.00000000000000, 0.000000000000000 ) );
#8683 = DIRECTION( '', ( 0.000000000000000, 0.000000000000000, -1.00000000000000 ) );
#8684 = DIRECTION( '', ( 0.000000000000000, -1.00000000000000, 0.000000000000000 ) );
#8685 = DIRECTION( '', ( 0.000000000000000, 0.000000000000000, -1.00000000000000 ) );
#8686 = DIRECTION( '', ( 0.707106781186547, -0.707106781186548, 0.000000000000000 ) );
#8687 = DIRECTION( '', ( 0.000000000000000, 0.000000000000000, -1.00000000000000 ) );
#8688 = DIRECTION( '', ( 0.707106781186547, -0.707106781186548, 0.000000000000000 ) );
#8689 = DIRECTION( '', ( 0.000000000000000, 0.000000000000000, -1.00000000000000 ) );
#8690 = DIRECTION( '', ( 0.232402379702538, -0.286033698095432, -0.929609518810156 ) );
#8691 = DIRECTION( '', ( -1.00000000000000, 0.000000000000000, 0.000000000000000 ) );
#8692 = DIRECTION( '', ( 0.232402379702538, 0.286033698095432, 0.929609518810156 ) );
#8693 = DIRECTION( '', ( -1.00000000000000, 0.000000000000000, 0.000000000000000 ) );
#8694 = DIRECTION( '', ( -1.00000000000000, 4.06068229395320E-017, 0.000000000000000 ) );
#8695 = DIRECTION( '', ( 0.000000000000000, 0.000000000000000, -1.00000000000000 ) );
#8696 = DIRECTION( '', ( -1.00000000000000, 4.06068229395320E-017, 0.000000000000000 ) );
#8697 = DIRECTION( '', ( 0.000000000000000, 0.000000000000000, -1.00000000000000 ) );
#8698 = DIRECTION( '', ( 0.000000000000000, 1.00000000000000, 0.000000000000000 ) );
#8699 = DIRECTION( '', ( 0.000000000000000, 0.000000000000000, -1.00000000000000 ) );
#8700 = DIRECTION( '', ( 0.000000000000000, 1.00000000000000, 0.000000000000000 ) );
#8701 = DIRECTION( '', ( 0.000000000000000, 0.000000000000000, -1.00000000000000 ) );
#8702 = DIRECTION( '', ( -1.00000000000000, 0.000000000000000, 0.000000000000000 ) );
#8703 = DIRECTION( '', ( 0.000000000000000, 0.000000000000000, -1.00000000000000 ) );
#8704 = DIRECTION( '', ( 1.00000000000000, 0.000000000000000, 0.000000000000000 ) );
#8705 = DIRECTION( '', ( 0.000000000000000, 0.000000000000000, 1.00000000000000 ) );
#8706 = DIRECTION( '', ( -1.00000000000000, 0.000000000000000, 0.000000000000000 ) );
#8707 = DIRECTION( '', ( -1.00000000000000, 0.000000000000000, 0.000000000000000 ) );
#8708 = DIRECTION( '', ( 0.000000000000000, 0.000000000000000, 1.00000000000000 ) );
#8709 = DIRECTION( '', ( 0.000000000000000, -1.00000000000000, 0.000000000000000 ) );
#8710 = DIRECTION( '', ( 0.000000000000000, 0.000000000000000, -1.00000000000000 ) );
#8711 = DIRECTION( '', ( 0.000000000000000, -1.00000000000000, 0.000000000000000 ) );
#8712 = DIRECTION( '', ( 0.000000000000000, 0.000000000000000, -1.00000000000000 ) );
#8713 = DIRECTION( '', ( -1.00000000000000, 0.000000000000000, 0.000000000000000 ) );
#8714 = DIRECTION( '', ( 0.000000000000000, 0.000000000000000, 1.00000000000000 ) );
#8715 = DIRECTION( '', ( 1.00000000000000, 0.000000000000000, 0.000000000000000 ) );
#8716 = DIRECTION( '', ( 0.000000000000000, 0.000000000000000, 1.00000000000000 ) );
#8717 = DIRECTION( '', ( 0.000000000000000, 0.000000000000000, -1.00000000000000 ) );
#8718 = DIRECTION( '', ( 0.000000000000000, 6.74614685102092E-016, 1.00000000000000 ) );
#8719 = DIRECTION( '', ( 0.000000000000000, -1.00000000000000, 0.000000000000000 ) );
#8720 = DIRECTION( '', ( 0.000000000000000, 0.000000000000000, -1.00000000000000 ) );
#8721 = DIRECTION( '', ( 0.000000000000000, -1.00000000000000, 7.35847025059459E-016 ) );
#8722 = CARTESIAN_POINT( '', ( 11.4300000000000, 0.150000000000000, -1.70000000000000 ) );
#8723 = DIRECTION( '', ( 0.000000000000000, 0.000000000000000, -1.00000000000000 ) );
#8724 = DIRECTION( '', ( -1.00000000000000, 0.000000000000000, 0.000000000000000 ) );
#8725 = CARTESIAN_POINT( '', ( 11.4300000000000, 0.150000000000000, -2.80000000000000 ) );
#8726 = DIRECTION( '', ( 0.000000000000000, 0.000000000000000, 1.00000000000000 ) );
#8727 = DIRECTION( '', ( 1.00000000000000, 0.000000000000000, 0.000000000000000 ) );
#8728 = DIRECTION( '', ( 0.000000000000000, -6.74614685102092E-016, -1.00000000000000 ) );
#8729 = DIRECTION( '', ( -1.00000000000000, 0.000000000000000, 0.000000000000000 ) );
#8730 = DIRECTION( '', ( 0.000000000000000, 6.74614685102092E-016, 1.00000000000000 ) );
#8731 = DIRECTION( '', ( -1.00000000000000, -4.06068229395320E-017, 0.000000000000000 ) );
#8732 = DIRECTION( '', ( 0.000000000000000, 0.000000000000000, -1.00000000000000 ) );
#8733 = DIRECTION( '', ( -1.00000000000000, -4.06068229395320E-017, 0.000000000000000 ) );
#8734 = DIRECTION( '', ( 0.000000000000000, 0.000000000000000, -1.00000000000000 ) );
#8735 = CARTESIAN_POINT( '', ( -19.0500000000000, 0.150000000000000, -1.20000000000000 ) );
#8736 = DIRECTION( '', ( 0.000000000000000, 0.000000000000000, -1.00000000000000 ) );
#8737 = DIRECTION( '', ( -1.00000000000000, 0.000000000000000, 0.000000000000000 ) );
#8738 = CARTESIAN_POINT( '', ( -19.0500000000000, 0.150000000000000, -1.70000000000000 ) );
#8739 = DIRECTION( '', ( 0.000000000000000, 0.000000000000000, -1.00000000000000 ) );
#8740 = DIRECTION( '', ( -1.00000000000000, 0.000000000000000, 0.000000000000000 ) );
#8741 = DIRECTION( '', ( 0.000000000000000, -1.00000000000000, 0.000000000000000 ) );
#8742 = CARTESIAN_POINT( '', ( -11.4300000000000, 0.231944444444443, -5.20000000000000 ) );
#8743 = DIRECTION( '', ( 0.000000000000000, 0.000000000000000, -1.00000000000000 ) );
#8744 = DIRECTION( '', ( 1.00000000000000, 0.000000000000000, 0.000000000000000 ) );
#8745 = CARTESIAN_POINT( '', ( -19.0500000000000, 0.231944444444443, -5.20000000000000 ) );
#8746 = DIRECTION( '', ( 0.000000000000000, 0.000000000000000, -1.00000000000000 ) );
#8747 = DIRECTION( '', ( 1.00000000000000, 0.000000000000000, 0.000000000000000 ) );
#8748 = DIRECTION( '', ( -0.707106781186547, 0.707106781186548, 0.000000000000000 ) );
#8749 = DIRECTION( '', ( -1.00000000000000, 4.06068229395320E-017, 0.000000000000000 ) );
#8750 = DIRECTION( '', ( -0.707106781186547, -0.707106781186548, 0.000000000000000 ) );
#8751 = DIRECTION( '', ( 0.000000000000000, -1.00000000000000, 0.000000000000000 ) );
#8752 = DIRECTION( '', ( 0.000000000000000, 0.000000000000000, -1.00000000000000 ) );
#8753 = DIRECTION( '', ( 0.000000000000000, -1.00000000000000, 0.000000000000000 ) );
#8754 = DIRECTION( '', ( 0.000000000000000, 0.000000000000000, -1.00000000000000 ) );
#8755 = CARTESIAN_POINT( '', ( 11.4300000000000, 0.150000000000000, -1.20000000000000 ) );
#8756 = DIRECTION( '', ( 0.000000000000000, 0.000000000000000, -1.00000000000000 ) );
#8757 = DIRECTION( '', ( -1.00000000000000, 0.000000000000000, 0.000000000000000 ) );
#8758 = DIRECTION( '', ( 1.00000000000000, 4.06068229395320E-017, 0.000000000000000 ) );
#8759 = DIRECTION( '', ( 0.000000000000000, 0.000000000000000, -1.00000000000000 ) );
#8760 = DIRECTION( '', ( 1.00000000000000, 4.06068229395320E-017, 0.000000000000000 ) );
#8761 = DIRECTION( '', ( 0.000000000000000, 0.000000000000000, -1.00000000000000 ) );
#8762 = DIRECTION( '', ( -1.00000000000000, 0.000000000000000, 0.000000000000000 ) );
#8763 = DIRECTION( '', ( 0.000000000000000, 0.000000000000000, -1.00000000000000 ) );
#8764 = DIRECTION( '', ( 1.00000000000000, 0.000000000000000, 0.000000000000000 ) );
#8765 = DIRECTION( '', ( 0.000000000000000, 0.000000000000000, 1.00000000000000 ) );
#8766 = DIRECTION( '', ( -1.00000000000000, 0.000000000000000, 0.000000000000000 ) );
#8767 = DIRECTION( '', ( 0.000000000000000, 0.000000000000000, 1.00000000000000 ) );
#8768 = DIRECTION( '', ( -1.00000000000000, 0.000000000000000, 0.000000000000000 ) );
#8769 = DIRECTION( '', ( 0.000000000000000, 0.000000000000000, 1.00000000000000 ) );
#8770 = DIRECTION( '', ( 0.000000000000000, 1.00000000000000, 0.000000000000000 ) );
#8771 = DIRECTION( '', ( -1.00000000000000, 5.69134998680055E-017, 0.000000000000000 ) );
#8772 = DIRECTION( '', ( 0.000000000000000, -1.00000000000000, 0.000000000000000 ) );
#8773 = DIRECTION( '', ( 1.00000000000000, 1.27553196763000E-016, 0.000000000000000 ) );
#8774 = DIRECTION( '', ( 0.707106781186547, 0.707106781186548, 0.000000000000000 ) );
#8775 = DIRECTION( '', ( 0.707106781186547, -0.707106781186548, 0.000000000000000 ) );
#8776 = DIRECTION( '', ( 0.707106781186547, 0.707106781186548, 0.000000000000000 ) );
#8777 = DIRECTION( '', ( 0.000000000000000, 1.00000000000000, 0.000000000000000 ) );
#8778 = DIRECTION( '', ( -1.00000000000000, -5.69134998680055E-017, 0.000000000000000 ) );
#8779 = DIRECTION( '', ( 0.707106781186547, -0.707106781186548, 0.000000000000000 ) );
#8780 = DIRECTION( '', ( 0.000000000000000, 0.000000000000000, -1.00000000000000 ) );
#8781 = DIRECTION( '', ( 0.707106781186547, -0.707106781186548, 0.000000000000000 ) );
#8782 = DIRECTION( '', ( 0.000000000000000, 0.000000000000000, -1.00000000000000 ) );
#8783 = DIRECTION( '', ( 0.000000000000000, -1.00000000000000, 0.000000000000000 ) );
#8784 = DIRECTION( '', ( 0.000000000000000, 0.000000000000000, -1.00000000000000 ) );
#8785 = DIRECTION( '', ( 0.000000000000000, -1.00000000000000, 0.000000000000000 ) );
#8786 = DIRECTION( '', ( -0.235702260395516, -0.235702260395516, 0.942809041582063 ) );
#8787 = DIRECTION( '', ( 1.00000000000000, 0.000000000000000, 0.000000000000000 ) );
#8788 = DIRECTION( '', ( -0.235702260395516, 0.235702260395516, -0.942809041582063 ) );
#8789 = DIRECTION( '', ( -1.00000000000000, 0.000000000000000, 0.000000000000000 ) );
#8790 = DIRECTION( '', ( 0.000000000000000, 1.00000000000000, 0.000000000000000 ) );
#8791 = DIRECTION( '', ( -1.00000000000000, 0.000000000000000, 0.000000000000000 ) );
#8792 = DIRECTION( '', ( 0.000000000000000, 1.00000000000000, 0.000000000000000 ) );
#8793 = DIRECTION( '', ( 0.000000000000000, 1.00000000000000, 0.000000000000000 ) );
#8794 = DIRECTION( '', ( -1.00000000000000, 0.000000000000000, 0.000000000000000 ) );
#8795 = DIRECTION( '', ( 0.000000000000000, -1.00000000000000, 0.000000000000000 ) );
#8796 = DIRECTION( '', ( 1.00000000000000, 0.000000000000000, 0.000000000000000 ) );
#8797 = DIRECTION( '', ( 0.232402379702538, 0.286033698095432, 0.929609518810156 ) );
#8798 = DIRECTION( '', ( -1.00000000000000, 0.000000000000000, 0.000000000000000 ) );
#8799 = DIRECTION( '', ( 0.232402379702538, -0.286033698095432, -0.929609518810156 ) );
#8800 = DIRECTION( '', ( -1.00000000000000, 0.000000000000000, 0.000000000000000 ) );
#8801 = DIRECTION( '', ( 0.000000000000000, 6.74614685102092E-016, 1.00000000000000 ) );
#8802 = DIRECTION( '', ( 0.000000000000000, 1.00000000000000, 0.000000000000000 ) );
#8803 = DIRECTION( '', ( 0.000000000000000, 0.000000000000000, 1.00000000000000 ) );
#8804 = DIRECTION( '', ( 0.000000000000000, -1.00000000000000, 7.35847025059459E-016 ) );
#8805 = DIRECTION( '', ( 0.000000000000000, 0.000000000000000, 1.00000000000000 ) );
#8806 = CARTESIAN_POINT( '', ( -3.81000000000000, 0.150000000000000, -1.20000000000000 ) );
#8807 = DIRECTION( '', ( 0.000000000000000, 0.000000000000000, -1.00000000000000 ) );
#8808 = DIRECTION( '', ( -1.00000000000000, 0.000000000000000, 0.000000000000000 ) );
#8809 = CARTESIAN_POINT( '', ( -3.81000000000000, 0.150000000000000, -1.70000000000000 ) );
#8810 = DIRECTION( '', ( 0.000000000000000, 0.000000000000000, -1.00000000000000 ) );
#8811 = DIRECTION( '', ( -1.00000000000000, 0.000000000000000, 0.000000000000000 ) );
#8812 = DIRECTION( '', ( -0.942809041582063, -0.235702260395516, -0.235702260395516 ) );
#8813 = DIRECTION( '', ( 0.000000000000000, -1.00000000000000, 0.000000000000000 ) );
#8814 = DIRECTION( '', ( 0.942809041582063, -0.235702260395516, 0.235702260395516 ) );
#8815 = DIRECTION( '', ( 0.000000000000000, 1.00000000000000, 0.000000000000000 ) );
#8816 = DIRECTION( '', ( 0.000000000000000, 0.000000000000000, 1.00000000000000 ) );
#8817 = DIRECTION( '', ( -1.00000000000000, 0.000000000000000, 0.000000000000000 ) );
#8818 = DIRECTION( '', ( 0.000000000000000, 0.000000000000000, -1.00000000000000 ) );
#8819 = DIRECTION( '', ( -1.00000000000000, 0.000000000000000, 0.000000000000000 ) );
#8820 = DIRECTION( '', ( -1.00000000000000, 0.000000000000000, 0.000000000000000 ) );
#8821 = DIRECTION( '', ( 0.000000000000000, 0.000000000000000, -1.00000000000000 ) );
#8822 = DIRECTION( '', ( 1.00000000000000, 0.000000000000000, 0.000000000000000 ) );
#8823 = DIRECTION( '', ( 0.000000000000000, 0.000000000000000, 1.00000000000000 ) );
#8824 = DIRECTION( '', ( 0.000000000000000, -1.00000000000000, 7.35847025059459E-016 ) );
#8825 = DIRECTION( '', ( 0.000000000000000, 0.000000000000000, 1.00000000000000 ) );
#8826 = DIRECTION( '', ( 0.000000000000000, 1.00000000000000, 0.000000000000000 ) );
#8827 = DIRECTION( '', ( 0.000000000000000, 0.000000000000000, -1.00000000000000 ) );
#8828 = DIRECTION( '', ( 0.000000000000000, 1.00000000000000, 0.000000000000000 ) );
#8829 = DIRECTION( '', ( 0.000000000000000, 0.000000000000000, -1.00000000000000 ) );
#8830 = DIRECTION( '', ( 0.000000000000000, -1.00000000000000, 0.000000000000000 ) );
#8831 = DIRECTION( '', ( -1.00000000000000, -5.69134998680055E-017, 0.000000000000000 ) );
#8832 = DIRECTION( '', ( 0.000000000000000, -1.00000000000000, 0.000000000000000 ) );
#8833 = DIRECTION( '', ( 0.000000000000000, 1.00000000000000, 0.000000000000000 ) );
#8834 = DIRECTION( '', ( 1.00000000000000, 0.000000000000000, 0.000000000000000 ) );
#8835 = DIRECTION( '', ( 0.000000000000000, -1.00000000000000, 0.000000000000000 ) );
#8836 = DIRECTION( '', ( 0.232402379702538, -0.286033698095432, -0.929609518810156 ) );
#8837 = DIRECTION( '', ( -1.00000000000000, 0.000000000000000, 0.000000000000000 ) );
#8838 = DIRECTION( '', ( 0.232402379702538, 0.286033698095432, 0.929609518810156 ) );
#8839 = DIRECTION( '', ( -1.00000000000000, 0.000000000000000, 0.000000000000000 ) );
#8840 = DIRECTION( '', ( -1.00000000000000, 4.06068229395320E-017, 0.000000000000000 ) );
#8841 = DIRECTION( '', ( 0.000000000000000, 0.000000000000000, -1.00000000000000 ) );
#8842 = DIRECTION( '', ( -1.00000000000000, 4.06068229395320E-017, 0.000000000000000 ) );
#8843 = DIRECTION( '', ( 0.000000000000000, 0.000000000000000, -1.00000000000000 ) );
#8844 = DIRECTION( '', ( -0.707106781186547, -0.707106781186548, 0.000000000000000 ) );
#8845 = DIRECTION( '', ( -0.707106781186547, -0.707106781186548, 0.000000000000000 ) );
#8846 = DIRECTION( '', ( 0.000000000000000, 0.000000000000000, -1.00000000000000 ) );
#8847 = DIRECTION( '', ( 0.707106781186547, -0.707106781186548, 0.000000000000000 ) );
#8848 = DIRECTION( '', ( 0.000000000000000, -6.74614685102092E-016, -1.00000000000000 ) );
#8849 = DIRECTION( '', ( -1.00000000000000, 0.000000000000000, 0.000000000000000 ) );
#8850 = DIRECTION( '', ( 0.000000000000000, 6.74614685102092E-016, 1.00000000000000 ) );
#8851 = DIRECTION( '', ( 0.000000000000000, 1.00000000000000, 0.000000000000000 ) );
#8852 = DIRECTION( '', ( 0.000000000000000, -1.00000000000000, 0.000000000000000 ) );
#8853 = DIRECTION( '', ( 1.00000000000000, 0.000000000000000, 0.000000000000000 ) );
#8854 = DIRECTION( '', ( 0.000000000000000, 0.000000000000000, 1.00000000000000 ) );
#8855 = CARTESIAN_POINT( '', ( -11.4300000000000, 0.231944444444443, 6.00000000000000 ) );
#8856 = DIRECTION( '', ( 0.000000000000000, 0.000000000000000, -1.00000000000000 ) );
#8857 = DIRECTION( '', ( 1.00000000000000, 0.000000000000000, 0.000000000000000 ) );
#8858 = DIRECTION( '', ( 0.000000000000000, 0.000000000000000, -1.00000000000000 ) );
#8859 = CARTESIAN_POINT( '', ( -11.4300000000000, 0.231944444444443, -2.80000000000000 ) );
#8860 = DIRECTION( '', ( 0.000000000000000, 0.000000000000000, 1.00000000000000 ) );
#8861 = DIRECTION( '', ( 1.00000000000000, 0.000000000000000, 0.000000000000000 ) );
#8862 = DIRECTION( '', ( 0.000000000000000, 0.000000000000000, -1.00000000000000 ) );
#8863 = CARTESIAN_POINT( '', ( -11.4300000000000, 0.231944444444443, -5.20000000000000 ) );
#8864 = DIRECTION( '', ( 0.000000000000000, 0.000000000000000, -1.00000000000000 ) );
#8865 = DIRECTION( '', ( 1.00000000000000, 0.000000000000000, 0.000000000000000 ) );
#8866 = DIRECTION( '', ( -1.00000000000000, 0.000000000000000, 0.000000000000000 ) );
#8867 = DIRECTION( '', ( 0.000000000000000, 0.000000000000000, 1.00000000000000 ) );
#8868 = DIRECTION( '', ( 0.000000000000000, 0.000000000000000, 1.00000000000000 ) );
#8869 = DIRECTION( '', ( 0.000000000000000, 0.000000000000000, 1.00000000000000 ) );
#8870 = DIRECTION( '', ( 0.000000000000000, 1.00000000000000, 0.000000000000000 ) );
#8871 = DIRECTION( '', ( 0.000000000000000, 1.00000000000000, 0.000000000000000 ) );
#8872 = DIRECTION( '', ( 0.000000000000000, 0.000000000000000, 1.00000000000000 ) );
#8873 = DIRECTION( '', ( 0.000000000000000, -1.00000000000000, 0.000000000000000 ) );
#8874 = DIRECTION( '', ( -0.242535625036332, -1.38035512634919E-017, -0.970142500145332 ) );
#8875 = DIRECTION( '', ( 0.000000000000000, -1.00000000000000, 0.000000000000000 ) );
#8876 = DIRECTION( '', ( -0.242535625036332, -1.38035512634919E-017, -0.970142500145332 ) );
#8877 = DIRECTION( '', ( 0.000000000000000, -1.00000000000000, 0.000000000000000 ) );
#8878 = DIRECTION( '', ( 0.232402379702538, 0.286033698095432, 0.929609518810156 ) );
#8879 = DIRECTION( '', ( 0.000000000000000, -1.00000000000000, 0.000000000000000 ) );
#8880 = DIRECTION( '', ( 0.000000000000000, 0.000000000000000, -1.00000000000000 ) );
#8881 = DIRECTION( '', ( 0.707106781186547, 0.707106781186548, 0.000000000000000 ) );
#8882 = DIRECTION( '', ( 0.000000000000000, 0.000000000000000, -1.00000000000000 ) );
#8883 = DIRECTION( '', ( -1.00000000000000, 0.000000000000000, 0.000000000000000 ) );
#8884 = DIRECTION( '', ( 0.000000000000000, 0.000000000000000, -1.00000000000000 ) );
#8885 = DIRECTION( '', ( 1.00000000000000, 0.000000000000000, 0.000000000000000 ) );
#8886 = DIRECTION( '', ( 0.000000000000000, 0.000000000000000, 1.00000000000000 ) );
#8887 = DIRECTION( '', ( -1.00000000000000, 0.000000000000000, 0.000000000000000 ) );
#8888 = DIRECTION( '', ( 0.000000000000000, 0.000000000000000, 1.00000000000000 ) );
#8889 = DIRECTION( '', ( -1.00000000000000, 0.000000000000000, 0.000000000000000 ) );
#8890 = DIRECTION( '', ( 0.000000000000000, 0.000000000000000, 1.00000000000000 ) );
#8891 = DIRECTION( '', ( 1.00000000000000, -1.27553196763000E-016, 0.000000000000000 ) );
#8892 = DIRECTION( '', ( 1.00000000000000, -1.27553196763000E-016, 0.000000000000000 ) );
#8893 = DIRECTION( '', ( 0.000000000000000, 0.000000000000000, -1.00000000000000 ) );
#8894 = DIRECTION( '', ( 1.00000000000000, 0.000000000000000, 0.000000000000000 ) );
#8895 = DIRECTION( '', ( 4.33680868994202E-016, 0.000000000000000, 1.00000000000000 ) );
#8896 = DIRECTION( '', ( -1.00000000000000, 0.000000000000000, 0.000000000000000 ) );
#8897 = DIRECTION( '', ( 0.000000000000000, 0.000000000000000, 1.00000000000000 ) );
#8898 = DIRECTION( '', ( -1.00000000000000, 0.000000000000000, 0.000000000000000 ) );
#8899 = DIRECTION( '', ( 0.000000000000000, 0.000000000000000, -1.00000000000000 ) );
#8900 = CARTESIAN_POINT( '', ( -3.82500000000000, -0.500000000000000, -4.12500000000000 ) );
#8901 = DIRECTION( '', ( 0.000000000000000, -1.00000000000000, 0.000000000000000 ) );
#8902 = DIRECTION( '', ( 1.00000000000000, 0.000000000000000, 0.000000000000000 ) );
#8903 = DIRECTION( '', ( 0.000000000000000, -6.74614685102092E-016, -1.00000000000000 ) );
#8904 = DIRECTION( '', ( -1.00000000000000, 0.000000000000000, 0.000000000000000 ) );
#8905 = DIRECTION( '', ( 0.000000000000000, 6.74614685102092E-016, 1.00000000000000 ) );
#8906 = DIRECTION( '', ( 0.000000000000000, -1.00000000000000, -2.16840434497097E-015 ) );
#8907 = DIRECTION( '', ( -1.00000000000000, 0.000000000000000, 0.000000000000000 ) );
#8908 = DIRECTION( '', ( 0.000000000000000, -1.00000000000000, -2.16840434497097E-015 ) );
#8909 = DIRECTION( '', ( -1.00000000000000, 0.000000000000000, 0.000000000000000 ) );
#8910 = DIRECTION( '', ( 0.000000000000000, 0.000000000000000, 1.00000000000000 ) );
#8911 = DIRECTION( '', ( 0.000000000000000, -1.00000000000000, 0.000000000000000 ) );
#8912 = DIRECTION( '', ( 0.000000000000000, 1.00000000000000, 0.000000000000000 ) );
#8913 = DIRECTION( '', ( -1.00000000000000, 0.000000000000000, 0.000000000000000 ) );
#8914 = DIRECTION( '', ( 0.000000000000000, 0.000000000000000, 1.00000000000000 ) );
#8915 = DIRECTION( '', ( 1.00000000000000, 0.000000000000000, 0.000000000000000 ) );
#8916 = DIRECTION( '', ( 0.000000000000000, 0.000000000000000, 1.00000000000000 ) );
#8917 = CARTESIAN_POINT( '', ( -11.4300000000000, 0.150000000000000, -1.20000000000000 ) );
#8918 = DIRECTION( '', ( 0.000000000000000, 0.000000000000000, -1.00000000000000 ) );
#8919 = DIRECTION( '', ( -1.00000000000000, 0.000000000000000, 0.000000000000000 ) );
#8920 = DIRECTION( '', ( 0.000000000000000, 1.00000000000000, 0.000000000000000 ) );
#8921 = DIRECTION( '', ( 1.00000000000000, 0.000000000000000, 0.000000000000000 ) );
#8922 = DIRECTION( '', ( -1.00000000000000, 0.000000000000000, 0.000000000000000 ) );
#8923 = DIRECTION( '', ( 0.000000000000000, 1.00000000000000, 0.000000000000000 ) );
#8924 = DIRECTION( '', ( 1.00000000000000, 0.000000000000000, 0.000000000000000 ) );
#8925 = DIRECTION( '', ( 0.000000000000000, -1.00000000000000, 0.000000000000000 ) );
#8926 = DIRECTION( '', ( -1.00000000000000, 0.000000000000000, 0.000000000000000 ) );
#8927 = DIRECTION( '', ( 0.232402379702538, -0.286033698095432, -0.929609518810156 ) );
#8928 = DIRECTION( '', ( -1.00000000000000, 0.000000000000000, 0.000000000000000 ) );
#8929 = DIRECTION( '', ( -1.00000000000000, 0.000000000000000, 0.000000000000000 ) );
#8930 = DIRECTION( '', ( 0.000000000000000, 1.00000000000000, 0.000000000000000 ) );
#8931 = DIRECTION( '', ( 0.000000000000000, 1.00000000000000, 0.000000000000000 ) );
#8932 = DIRECTION( '', ( 0.000000000000000, 1.00000000000000, 0.000000000000000 ) );
#8933 = DIRECTION( '', ( 0.000000000000000, -1.00000000000000, 0.000000000000000 ) );
#8934 = DIRECTION( '', ( 1.00000000000000, 0.000000000000000, 0.000000000000000 ) );
#8935 = DIRECTION( '', ( 1.00000000000000, 0.000000000000000, 0.000000000000000 ) );
#8936 = DIRECTION( '', ( 0.000000000000000, 0.000000000000000, 1.00000000000000 ) );
#8937 = DIRECTION( '', ( 1.00000000000000, 0.000000000000000, 0.000000000000000 ) );
#8938 = DIRECTION( '', ( 0.000000000000000, 0.000000000000000, 1.00000000000000 ) );
#8939 = DIRECTION( '', ( 1.00000000000000, -3.37494839684204E-016, 0.000000000000000 ) );
#8940 = DIRECTION( '', ( 0.000000000000000, 0.000000000000000, 1.00000000000000 ) );
#8941 = DIRECTION( '', ( 1.00000000000000, -3.37494839684204E-016, 0.000000000000000 ) );
#8942 = DIRECTION( '', ( 0.000000000000000, 0.000000000000000, 1.00000000000000 ) );
#8943 = DIRECTION( '', ( 0.000000000000000, -1.00000000000000, 0.000000000000000 ) );
#8944 = DIRECTION( '', ( 0.000000000000000, 0.000000000000000, 1.00000000000000 ) );
#8945 = DIRECTION( '', ( 0.000000000000000, 1.00000000000000, 0.000000000000000 ) );
#8946 = DIRECTION( '', ( 0.000000000000000, 0.000000000000000, 1.00000000000000 ) );
#8947 = DIRECTION( '', ( -0.707106781186547, 0.707106781186548, 0.000000000000000 ) );
#8948 = DIRECTION( '', ( 0.000000000000000, 0.000000000000000, -1.00000000000000 ) );
#8949 = DIRECTION( '', ( 0.235702260395516, 0.235702260395516, 0.942809041582063 ) );
#8950 = DIRECTION( '', ( -0.235702260395516, 0.235702260395516, 0.942809041582063 ) );
#8951 = DIRECTION( '', ( 0.000000000000000, -1.00000000000000, 0.000000000000000 ) );
#8952 = DIRECTION( '', ( 0.000000000000000, 0.000000000000000, -1.00000000000000 ) );
#8953 = DIRECTION( '', ( 0.000000000000000, -1.00000000000000, 0.000000000000000 ) );
#8954 = DIRECTION( '', ( -0.942809041582063, -0.235702260395516, 0.235702260395517 ) );
#8955 = DIRECTION( '', ( -4.33680868994202E-016, 0.000000000000000, -1.00000000000000 ) );
#8956 = DIRECTION( '', ( 0.000000000000000, 0.000000000000000, 1.00000000000000 ) );
#8957 = DIRECTION( '', ( 0.000000000000000, 0.000000000000000, 1.00000000000000 ) );
#8958 = DIRECTION( '', ( -1.00000000000000, 0.000000000000000, 0.000000000000000 ) );
#8959 = DIRECTION( '', ( 1.00000000000000, 0.000000000000000, 0.000000000000000 ) );
#8960 = DIRECTION( '', ( 1.00000000000000, 0.000000000000000, 0.000000000000000 ) );
#8961 = DIRECTION( '', ( 1.00000000000000, 0.000000000000000, 0.000000000000000 ) );
#8962 = DIRECTION( '', ( -1.00000000000000, 0.000000000000000, 0.000000000000000 ) );
#8963 = DIRECTION( '', ( 1.00000000000000, 0.000000000000000, 0.000000000000000 ) );
#8964 = DIRECTION( '', ( 1.00000000000000, 0.000000000000000, 0.000000000000000 ) );
#8965 = DIRECTION( '', ( 1.00000000000000, 0.000000000000000, 0.000000000000000 ) );
#8966 = DIRECTION( '', ( -1.00000000000000, 0.000000000000000, 0.000000000000000 ) );
#8967 = DIRECTION( '', ( 1.00000000000000, 4.06068229395320E-017, 0.000000000000000 ) );
#8968 = DIRECTION( '', ( 0.707106781186547, 0.707106781186548, 0.000000000000000 ) );
#8969 = DIRECTION( '', ( 0.000000000000000, 1.00000000000000, 0.000000000000000 ) );
#8970 = DIRECTION( '', ( -1.00000000000000, -5.69134998680055E-017, 0.000000000000000 ) );
#8971 = DIRECTION( '', ( 0.000000000000000, -1.00000000000000, 0.000000000000000 ) );
#8972 = DIRECTION( '', ( 0.000000000000000, -6.74614685102092E-016, -1.00000000000000 ) );
#8973 = DIRECTION( '', ( -1.00000000000000, 0.000000000000000, 0.000000000000000 ) );
#8974 = DIRECTION( '', ( 0.000000000000000, 1.00000000000000, 0.000000000000000 ) );
#8975 = DIRECTION( '', ( 0.000000000000000, 1.00000000000000, 0.000000000000000 ) );
#8976 = DIRECTION( '', ( 0.000000000000000, 0.000000000000000, -1.00000000000000 ) );
#8977 = DIRECTION( '', ( 0.000000000000000, 1.00000000000000, 0.000000000000000 ) );
#8978 = DIRECTION( '', ( 0.000000000000000, 0.000000000000000, -1.00000000000000 ) );
#8979 = DIRECTION( '', ( 1.00000000000000, -4.06068229395320E-017, 0.000000000000000 ) );
#8980 = DIRECTION( '', ( 0.000000000000000, 0.000000000000000, -1.00000000000000 ) );
#8981 = DIRECTION( '', ( 1.00000000000000, -4.06068229395320E-017, 0.000000000000000 ) );
#8982 = DIRECTION( '', ( 0.000000000000000, 0.000000000000000, -1.00000000000000 ) );
#8983 = DIRECTION( '', ( -1.00000000000000, -5.69134998680055E-017, 0.000000000000000 ) );
#8984 = DIRECTION( '', ( 0.000000000000000, -1.00000000000000, 0.000000000000000 ) );
#8985 = DIRECTION( '', ( 0.000000000000000, -1.00000000000000, 0.000000000000000 ) );
#8986 = DIRECTION( '', ( 0.000000000000000, -1.00000000000000, 0.000000000000000 ) );
#8987 = DIRECTION( '', ( -1.00000000000000, -5.69134998680055E-017, 0.000000000000000 ) );
#8988 = DIRECTION( '', ( 0.000000000000000, -1.00000000000000, 0.000000000000000 ) );
#8989 = DIRECTION( '', ( -0.707106781186547, -0.707106781186548, 0.000000000000000 ) );
#8990 = DIRECTION( '', ( -0.707106781186547, -0.707106781186548, 0.000000000000000 ) );
#8991 = DIRECTION( '', ( 0.000000000000000, 0.000000000000000, -1.00000000000000 ) );
#8992 = DIRECTION( '', ( 0.000000000000000, 1.00000000000000, 0.000000000000000 ) );
#8993 = DIRECTION( '', ( 0.000000000000000, 1.00000000000000, 0.000000000000000 ) );
#8994 = DIRECTION( '', ( 0.000000000000000, 0.000000000000000, -1.00000000000000 ) );
#8995 = CARTESIAN_POINT( '', ( -11.4300000000000, 0.150000000000000, -1.70000000000000 ) );
#8996 = DIRECTION( '', ( 0.000000000000000, 0.000000000000000, -1.00000000000000 ) );
#8997 = DIRECTION( '', ( -1.00000000000000, 0.000000000000000, 0.000000000000000 ) );
#8998 = DIRECTION( '', ( 0.000000000000000, 0.000000000000000, 1.00000000000000 ) );
#8999 = CARTESIAN_POINT( '', ( 3.81000000000000, 0.231944444444443, 6.00000000000000 ) );
#9000 = DIRECTION( '', ( 0.000000000000000, 0.000000000000000, -1.00000000000000 ) );
#9001 = DIRECTION( '', ( 1.00000000000000, 0.000000000000000, 0.000000000000000 ) );
#9002 = CARTESIAN_POINT( '', ( 3.81000000000000, 0.231944444444443, -5.20000000000000 ) );
#9003 = DIRECTION( '', ( 0.000000000000000, 0.000000000000000, -1.00000000000000 ) );
#9004 = DIRECTION( '', ( 1.00000000000000, 0.000000000000000, 0.000000000000000 ) );
#9005 = DIRECTION( '', ( 0.000000000000000, 0.000000000000000, -1.00000000000000 ) );
#9006 = CARTESIAN_POINT( '', ( 3.81000000000000, 0.231944444444443, -2.80000000000000 ) );
#9007 = DIRECTION( '', ( 0.000000000000000, 0.000000000000000, 1.00000000000000 ) );
#9008 = DIRECTION( '', ( 1.00000000000000, 0.000000000000000, 0.000000000000000 ) );
#9009 = CARTESIAN_POINT( '', ( 3.81000000000000, 0.231944444444443, -5.20000000000000 ) );
#9010 = DIRECTION( '', ( 0.000000000000000, 0.000000000000000, -1.00000000000000 ) );
#9011 = DIRECTION( '', ( 1.00000000000000, 0.000000000000000, 0.000000000000000 ) );
#9012 = DIRECTION( '', ( 0.000000000000000, 0.000000000000000, -1.00000000000000 ) );
#9013 = DIRECTION( '', ( -1.00000000000000, 0.000000000000000, 0.000000000000000 ) );
#9014 = DIRECTION( '', ( 0.000000000000000, 0.000000000000000, -1.00000000000000 ) );
#9015 = DIRECTION( '', ( 1.00000000000000, 0.000000000000000, 0.000000000000000 ) );
#9016 = DIRECTION( '', ( 0.000000000000000, 0.000000000000000, -1.00000000000000 ) );
#9017 = DIRECTION( '', ( 0.000000000000000, 0.000000000000000, 1.00000000000000 ) );
#9018 = DIRECTION( '', ( 1.00000000000000, 0.000000000000000, 0.000000000000000 ) );
#9019 = DIRECTION( '', ( 0.000000000000000, 0.000000000000000, 1.00000000000000 ) );
#9020 = DIRECTION( '', ( 0.000000000000000, 0.000000000000000, 1.00000000000000 ) );
#9021 = DIRECTION( '', ( 1.00000000000000, 0.000000000000000, 0.000000000000000 ) );
#9022 = DIRECTION( '', ( 1.00000000000000, 0.000000000000000, 0.000000000000000 ) );
#9023 = DIRECTION( '', ( 0.000000000000000, 0.000000000000000, 1.00000000000000 ) );
#9024 = DIRECTION( '', ( 0.000000000000000, 0.000000000000000, 1.00000000000000 ) );
#9025 = DIRECTION( '', ( 1.00000000000000, 0.000000000000000, 0.000000000000000 ) );
#9026 = DIRECTION( '', ( 0.000000000000000, 0.000000000000000, 1.00000000000000 ) );
#9027 = DIRECTION( '', ( 1.00000000000000, 0.000000000000000, 0.000000000000000 ) );
#9028 = DIRECTION( '', ( 0.000000000000000, 0.000000000000000, 1.00000000000000 ) );
#9029 = DIRECTION( '', ( 0.707106781186547, -0.707106781186548, 0.000000000000000 ) );
#9030 = DIRECTION( '', ( 1.00000000000000, 4.06068229395320E-017, 0.000000000000000 ) );
#9031 = DIRECTION( '', ( 0.707106781186547, 0.707106781186548, 0.000000000000000 ) );
#9032 = DIRECTION( '', ( 0.000000000000000, 1.00000000000000, 0.000000000000000 ) );
#9033 = DIRECTION( '', ( -1.00000000000000, -5.69134998680055E-017, 0.000000000000000 ) );
#9034 = DIRECTION( '', ( 0.000000000000000, -1.00000000000000, 0.000000000000000 ) );
#9035 = DIRECTION( '', ( -0.242535625036332, 1.38035512634919E-017, -0.970142500145332 ) );
#9036 = DIRECTION( '', ( 0.000000000000000, -1.00000000000000, 0.000000000000000 ) );
#9037 = DIRECTION( '', ( 0.232402379702538, 0.286033698095432, 0.929609518810156 ) );
#9038 = DIRECTION( '', ( 1.00000000000000, 0.000000000000000, 0.000000000000000 ) );
#9039 = DIRECTION( '', ( 0.000000000000000, 0.000000000000000, 1.00000000000000 ) );
#9040 = DIRECTION( '', ( -1.00000000000000, 1.27553196763000E-016, 0.000000000000000 ) );
#9041 = DIRECTION( '', ( 0.000000000000000, 0.000000000000000, -1.00000000000000 ) );
#9042 = DIRECTION( '', ( -1.00000000000000, 1.27553196763000E-016, 0.000000000000000 ) );
#9043 = DIRECTION( '', ( 0.000000000000000, 0.000000000000000, -1.00000000000000 ) );
#9044 = DIRECTION( '', ( 0.000000000000000, -1.00000000000000, 0.000000000000000 ) );
#9045 = DIRECTION( '', ( 0.000000000000000, -1.00000000000000, 0.000000000000000 ) );
#9046 = DIRECTION( '', ( -1.00000000000000, 0.000000000000000, 0.000000000000000 ) );
#9047 = DIRECTION( '', ( 0.000000000000000, 0.000000000000000, 1.00000000000000 ) );
#9048 = CARTESIAN_POINT( '', ( 11.4300000000000, 0.231944444444443, -5.20000000000000 ) );
#9049 = DIRECTION( '', ( 0.000000000000000, 0.000000000000000, -1.00000000000000 ) );
#9050 = DIRECTION( '', ( 1.00000000000000, 0.000000000000000, 0.000000000000000 ) );
#9051 = DIRECTION( '', ( 1.00000000000000, -3.37494839684204E-016, 0.000000000000000 ) );
#9052 = DIRECTION( '', ( -0.707106781186547, 0.707106781186548, 0.000000000000000 ) );
#9053 = DIRECTION( '', ( -0.707106781186547, -0.707106781186548, 0.000000000000000 ) );
#9054 = DIRECTION( '', ( 0.000000000000000, 1.00000000000000, 0.000000000000000 ) );
#9055 = DIRECTION( '', ( -1.00000000000000, 0.000000000000000, 0.000000000000000 ) );
#9056 = DIRECTION( '', ( -1.00000000000000, 0.000000000000000, 0.000000000000000 ) );
#9057 = DIRECTION( '', ( 0.000000000000000, 1.00000000000000, 0.000000000000000 ) );
#9058 = DIRECTION( '', ( -1.00000000000000, 0.000000000000000, 0.000000000000000 ) );
#9059 = DIRECTION( '', ( 0.000000000000000, 0.000000000000000, -1.00000000000000 ) );
#9060 = DIRECTION( '', ( 0.000000000000000, 1.00000000000000, 0.000000000000000 ) );
#9061 = DIRECTION( '', ( 0.000000000000000, 0.000000000000000, -1.00000000000000 ) );
#9062 = DIRECTION( '', ( 0.000000000000000, 1.00000000000000, 0.000000000000000 ) );
#9063 = DIRECTION( '', ( -1.00000000000000, 0.000000000000000, 0.000000000000000 ) );
#9064 = DIRECTION( '', ( 0.000000000000000, -1.00000000000000, 0.000000000000000 ) );
#9065 = DIRECTION( '', ( 0.000000000000000, -1.00000000000000, 0.000000000000000 ) );
#9066 = DIRECTION( '', ( 0.000000000000000, -1.00000000000000, 0.000000000000000 ) );
#9067 = DIRECTION( '', ( -1.00000000000000, -5.69134998680055E-017, 0.000000000000000 ) );
#9068 = DIRECTION( '', ( 0.000000000000000, 1.00000000000000, 0.000000000000000 ) );
#9069 = DIRECTION( '', ( 1.00000000000000, 0.000000000000000, 0.000000000000000 ) );
#9070 = CARTESIAN_POINT( '', ( -19.0500000000000, 0.231944444444443, 6.00000000000000 ) );
#9071 = DIRECTION( '', ( 0.000000000000000, 0.000000000000000, -1.00000000000000 ) );
#9072 = DIRECTION( '', ( 1.00000000000000, 0.000000000000000, 0.000000000000000 ) );
#9073 = DIRECTION( '', ( 1.00000000000000, -3.37494839684204E-016, 0.000000000000000 ) );
#9074 = CARTESIAN_POINT( '', ( -3.81000000000000, 0.231944444444443, 6.00000000000000 ) );
#9075 = DIRECTION( '', ( 0.000000000000000, 0.000000000000000, -1.00000000000000 ) );
#9076 = DIRECTION( '', ( 1.00000000000000, 0.000000000000000, 0.000000000000000 ) );
#9077 = DIRECTION( '', ( 1.00000000000000, -3.37494839684204E-016, 0.000000000000000 ) );
#9078 = CARTESIAN_POINT( '', ( 11.4300000000000, 0.231944444444443, 6.00000000000000 ) );
#9079 = DIRECTION( '', ( 0.000000000000000, 0.000000000000000, -1.00000000000000 ) );
#9080 = DIRECTION( '', ( 1.00000000000000, 0.000000000000000, 0.000000000000000 ) );
#9081 = DIRECTION( '', ( 1.00000000000000, 3.37494839684204E-016, 0.000000000000000 ) );
#9082 = CARTESIAN_POINT( '', ( 19.0500000000000, 0.231944444444443, 6.00000000000000 ) );
#9083 = DIRECTION( '', ( 0.000000000000000, 0.000000000000000, -1.00000000000000 ) );
#9084 = DIRECTION( '', ( -1.00000000000000, 0.000000000000000, 0.000000000000000 ) );
#9085 = DIRECTION( '', ( 0.000000000000000, 1.00000000000000, 0.000000000000000 ) );
#9086 = DIRECTION( '', ( 1.00000000000000, 4.06068229395320E-017, 0.000000000000000 ) );
#9087 = DIRECTION( '', ( 0.000000000000000, 0.000000000000000, -1.00000000000000 ) );
#9088 = DIRECTION( '', ( 1.00000000000000, 4.06068229395320E-017, 0.000000000000000 ) );
#9089 = DIRECTION( '', ( 0.000000000000000, 0.000000000000000, -1.00000000000000 ) );
#9090 = DIRECTION( '', ( 1.00000000000000, -3.37494839684204E-016, 0.000000000000000 ) );
#9091 = DIRECTION( '', ( 0.000000000000000, 0.000000000000000, 1.00000000000000 ) );
#9092 = DIRECTION( '', ( 0.000000000000000, -1.00000000000000, 0.000000000000000 ) );
#9093 = DIRECTION( '', ( -0.942809041582063, 0.235702260395516, 0.235702260395517 ) );
#9094 = DIRECTION( '', ( 0.000000000000000, 1.00000000000000, 0.000000000000000 ) );
#9095 = CARTESIAN_POINT( '', ( -3.81000000000000, 0.150000000000000, -2.80000000000000 ) );
#9096 = DIRECTION( '', ( 0.000000000000000, 0.000000000000000, 1.00000000000000 ) );
#9097 = DIRECTION( '', ( 1.00000000000000, 0.000000000000000, 0.000000000000000 ) );
#9098 = CARTESIAN_POINT( '', ( -3.81000000000000, 0.231944444444443, -5.20000000000000 ) );
#9099 = DIRECTION( '', ( 0.000000000000000, 0.000000000000000, -1.00000000000000 ) );
#9100 = DIRECTION( '', ( 1.00000000000000, 0.000000000000000, 0.000000000000000 ) );
#9101 = DIRECTION( '', ( 0.000000000000000, 0.000000000000000, -1.00000000000000 ) );
#9102 = CARTESIAN_POINT( '', ( -3.81000000000000, 0.231944444444443, -2.80000000000000 ) );
#9103 = DIRECTION( '', ( 0.000000000000000, 0.000000000000000, 1.00000000000000 ) );
#9104 = DIRECTION( '', ( 1.00000000000000, 0.000000000000000, 0.000000000000000 ) );
#9105 = DIRECTION( '', ( 0.000000000000000, 0.000000000000000, -1.00000000000000 ) );
#9106 = CARTESIAN_POINT( '', ( -3.81000000000000, 0.231944444444443, -5.20000000000000 ) );
#9107 = DIRECTION( '', ( 0.000000000000000, 0.000000000000000, -1.00000000000000 ) );
#9108 = DIRECTION( '', ( 1.00000000000000, 0.000000000000000, 0.000000000000000 ) );
#9109 = DIRECTION( '', ( -1.00000000000000, -5.69134998680055E-017, 0.000000000000000 ) );
#9110 = DIRECTION( '', ( 0.000000000000000, -1.00000000000000, 0.000000000000000 ) );
#9111 = DIRECTION( '', ( 0.000000000000000, -1.00000000000000, 0.000000000000000 ) );
#9112 = DIRECTION( '', ( 0.707106781186547, 0.707106781186548, 0.000000000000000 ) );
#9113 = DIRECTION( '', ( 0.707106781186547, 0.707106781186548, 0.000000000000000 ) );
#9114 = DIRECTION( '', ( 0.000000000000000, 1.00000000000000, 0.000000000000000 ) );
#9115 = DIRECTION( '', ( 0.000000000000000, 0.000000000000000, -1.00000000000000 ) );
#9116 = DIRECTION( '', ( 0.000000000000000, 1.00000000000000, 0.000000000000000 ) );
#9117 = DIRECTION( '', ( 0.000000000000000, 0.000000000000000, -1.00000000000000 ) );
#9118 = DIRECTION( '', ( -1.00000000000000, 0.000000000000000, 0.000000000000000 ) );
#9119 = DIRECTION( '', ( 0.000000000000000, 1.00000000000000, 0.000000000000000 ) );
#9120 = DIRECTION( '', ( -0.707106781186547, 0.707106781186548, 0.000000000000000 ) );
#9121 = DIRECTION( '', ( 0.000000000000000, -1.00000000000000, 0.000000000000000 ) );
#9122 = CARTESIAN_POINT( '', ( 19.0500000000000, 0.231944444444443, -5.20000000000000 ) );
#9123 = DIRECTION( '', ( 0.000000000000000, 0.000000000000000, -1.00000000000000 ) );
#9124 = DIRECTION( '', ( -1.00000000000000, 0.000000000000000, 0.000000000000000 ) );
#9125 = DIRECTION( '', ( 1.00000000000000, 3.37494839684204E-016, 0.000000000000000 ) );
#9126 = CARTESIAN_POINT( '', ( 11.4300000000000, 0.231944444444443, -5.20000000000000 ) );
#9127 = DIRECTION( '', ( 0.000000000000000, 0.000000000000000, -1.00000000000000 ) );
#9128 = DIRECTION( '', ( 1.00000000000000, 0.000000000000000, 0.000000000000000 ) );
#9129 = DIRECTION( '', ( 0.000000000000000, 1.00000000000000, 0.000000000000000 ) );
#9130 = DIRECTION( '', ( 0.000000000000000, 1.00000000000000, -7.35847025059459E-016 ) );
#9131 = CARTESIAN_POINT( '', ( -3.82500000000000, 0.500000000000000, -4.12500000000000 ) );
#9132 = DIRECTION( '', ( 0.000000000000000, -1.00000000000000, 0.000000000000000 ) );
#9133 = DIRECTION( '', ( 1.00000000000000, 0.000000000000000, 0.000000000000000 ) );
#9134 = DIRECTION( '', ( 0.000000000000000, 1.00000000000000, 0.000000000000000 ) );
#9135 = DIRECTION( '', ( 0.000000000000000, 1.00000000000000, 0.000000000000000 ) );
#9136 = DIRECTION( '', ( 0.000000000000000, 0.000000000000000, 1.00000000000000 ) );
#9137 = DIRECTION( '', ( 0.000000000000000, 1.00000000000000, 0.000000000000000 ) );
#9138 = DIRECTION( '', ( 0.000000000000000, 0.000000000000000, 1.00000000000000 ) );
#9139 = DIRECTION( '', ( 0.707106781186547, 0.707106781186548, 0.000000000000000 ) );
#9140 = CARTESIAN_POINT( '', ( -19.0500000000000, 0.150000000000000, -2.80000000000000 ) );
#9141 = DIRECTION( '', ( 0.000000000000000, 0.000000000000000, 1.00000000000000 ) );
#9142 = DIRECTION( '', ( 1.00000000000000, 0.000000000000000, 0.000000000000000 ) );
#9143 = DIRECTION( '', ( 0.000000000000000, 0.000000000000000, -1.00000000000000 ) );
#9144 = DIRECTION( '', ( 0.000000000000000, -1.00000000000000, 0.000000000000000 ) );
#9145 = DIRECTION( '', ( 0.000000000000000, 0.000000000000000, 1.00000000000000 ) );
#9146 = DIRECTION( '', ( 0.000000000000000, 1.00000000000000, 0.000000000000000 ) );
#9147 = DIRECTION( '', ( 0.000000000000000, 0.000000000000000, -1.00000000000000 ) );
#9148 = DIRECTION( '', ( 1.00000000000000, 0.000000000000000, 0.000000000000000 ) );
#9149 = DIRECTION( '', ( 0.000000000000000, 0.000000000000000, 1.00000000000000 ) );
#9150 = DIRECTION( '', ( -1.00000000000000, 0.000000000000000, 0.000000000000000 ) );
#9151 = DIRECTION( '', ( 0.000000000000000, 1.00000000000000, 0.000000000000000 ) );
#9152 = DIRECTION( '', ( 0.000000000000000, 0.000000000000000, -1.00000000000000 ) );
#9153 = DIRECTION( '', ( -1.00000000000000, -5.69134998680055E-017, 0.000000000000000 ) );
#9154 = DIRECTION( '', ( 0.000000000000000, -1.00000000000000, 0.000000000000000 ) );
#9155 = DIRECTION( '', ( -0.242535625036332, -1.38035512634919E-017, 0.970142500145332 ) );
#9156 = DIRECTION( '', ( -1.00000000000000, 4.06068229395320E-017, 0.000000000000000 ) );
#9157 = DIRECTION( '', ( 0.000000000000000, 0.000000000000000, -1.00000000000000 ) );
#9158 = DIRECTION( '', ( -1.00000000000000, 4.06068229395320E-017, 0.000000000000000 ) );
#9159 = DIRECTION( '', ( 0.000000000000000, 0.000000000000000, -1.00000000000000 ) );
#9160 = DIRECTION( '', ( 0.000000000000000, 0.000000000000000, 1.00000000000000 ) );
#9161 = DIRECTION( '', ( 1.00000000000000, 0.000000000000000, 0.000000000000000 ) );
#9162 = DIRECTION( '', ( 1.00000000000000, 0.000000000000000, 0.000000000000000 ) );
#9163 = DIRECTION( '', ( 0.000000000000000, -1.00000000000000, 0.000000000000000 ) );
#9164 = DIRECTION( '', ( 0.000000000000000, 0.000000000000000, -1.00000000000000 ) );
#9165 = DIRECTION( '', ( 0.000000000000000, -1.00000000000000, 0.000000000000000 ) );
#9166 = DIRECTION( '', ( 0.000000000000000, 0.000000000000000, -1.00000000000000 ) );
#9167 = DIRECTION( '', ( 0.000000000000000, 1.00000000000000, 0.000000000000000 ) );
#9168 = DIRECTION( '', ( 0.000000000000000, 1.00000000000000, 0.000000000000000 ) );
#9169 = DIRECTION( '', ( 0.000000000000000, 0.000000000000000, 1.00000000000000 ) );
#9170 = DIRECTION( '', ( 0.000000000000000, 1.00000000000000, 0.000000000000000 ) );
#9171 = DIRECTION( '', ( 0.000000000000000, -1.00000000000000, 0.000000000000000 ) );
#9172 = DIRECTION( '', ( 0.000000000000000, 0.000000000000000, -1.00000000000000 ) );
#9173 = DIRECTION( '', ( 0.000000000000000, 1.00000000000000, 0.000000000000000 ) );
#9174 = DIRECTION( '', ( 0.000000000000000, 0.000000000000000, 1.00000000000000 ) );
#9175 = DIRECTION( '', ( 0.000000000000000, 6.74614685102092E-016, 1.00000000000000 ) );
#9176 = DIRECTION( '', ( 0.000000000000000, 0.294085848837523, 0.955779008721950 ) );
#9177 = DIRECTION( '', ( 0.707106781186547, -0.707106781186548, 0.000000000000000 ) );
#9178 = DIRECTION( '', ( 0.707106781186547, -0.707106781186548, 0.000000000000000 ) );
#9179 = DIRECTION( '', ( -1.00000000000000, -5.69134998680055E-017, 0.000000000000000 ) );
#9180 = DIRECTION( '', ( -0.242535625036332, -1.38035512634919E-017, 0.970142500145332 ) );
#9181 = DIRECTION( '', ( -1.00000000000000, 0.000000000000000, 0.000000000000000 ) );
#9182 = DIRECTION( '', ( 0.000000000000000, 0.000000000000000, 1.00000000000000 ) );
#9183 = DIRECTION( '', ( 0.000000000000000, 0.000000000000000, 1.00000000000000 ) );
#9184 = CARTESIAN_POINT( '', ( 19.0500000000000, 0.150000000000000, -1.20000000000000 ) );
#9185 = DIRECTION( '', ( 0.000000000000000, 0.000000000000000, -1.00000000000000 ) );
#9186 = DIRECTION( '', ( -1.00000000000000, 0.000000000000000, 0.000000000000000 ) );
#9187 = CARTESIAN_POINT( '', ( 19.0500000000000, 0.150000000000000, -1.70000000000000 ) );
#9188 = DIRECTION( '', ( 0.000000000000000, 0.000000000000000, -1.00000000000000 ) );
#9189 = DIRECTION( '', ( -1.00000000000000, 0.000000000000000, 0.000000000000000 ) );
#9190 = DIRECTION( '', ( -0.707106781186547, 0.707106781186548, 0.000000000000000 ) );
#9191 = DIRECTION( '', ( 0.000000000000000, 0.000000000000000, -1.00000000000000 ) );
#9192 = DIRECTION( '', ( -0.707106781186547, 0.707106781186548, 0.000000000000000 ) );
#9193 = DIRECTION( '', ( 0.707106781186547, -0.707106781186548, 0.000000000000000 ) );
#9194 = DIRECTION( '', ( -1.00000000000000, -5.69134998680055E-017, 0.000000000000000 ) );
#9195 = DIRECTION( '', ( 0.000000000000000, -1.00000000000000, 0.000000000000000 ) );
#9196 = DIRECTION( '', ( 0.000000000000000, 1.00000000000000, 0.000000000000000 ) );
#9197 = DIRECTION( '', ( 0.000000000000000, 0.000000000000000, 1.00000000000000 ) );
#9198 = DIRECTION( '', ( 0.000000000000000, 0.000000000000000, 1.00000000000000 ) );
#9199 = DIRECTION( '', ( 0.000000000000000, 1.00000000000000, 0.000000000000000 ) );
#9200 = DIRECTION( '', ( 0.000000000000000, 1.00000000000000, 0.000000000000000 ) );
#9201 = DIRECTION( '', ( 0.000000000000000, 1.00000000000000, -7.35847025059459E-016 ) );
#9202 = DIRECTION( '', ( -1.00000000000000, 0.000000000000000, 0.000000000000000 ) );
#9203 = DIRECTION( '', ( 0.000000000000000, 1.00000000000000, 0.000000000000000 ) );
#9204 = DIRECTION( '', ( 0.000000000000000, 1.00000000000000, 0.000000000000000 ) );
#9205 = DIRECTION( '', ( 0.000000000000000, 0.000000000000000, -1.00000000000000 ) );
#9206 = DIRECTION( '', ( 0.707106781186547, 0.707106781186548, 0.000000000000000 ) );
#9207 = DIRECTION( '', ( 0.000000000000000, 0.000000000000000, -1.00000000000000 ) );
#9208 = DIRECTION( '', ( 0.000000000000000, -1.00000000000000, 7.35847025059459E-016 ) );
#9209 = DIRECTION( '', ( 0.000000000000000, 1.00000000000000, -7.35847025059459E-016 ) );
#9210 = DIRECTION( '', ( 0.000000000000000, 0.000000000000000, -1.00000000000000 ) );
#9211 = DIRECTION( '', ( 0.000000000000000, -1.00000000000000, 0.000000000000000 ) );
#9212 = DIRECTION( '', ( 0.000000000000000, 0.000000000000000, -1.00000000000000 ) );
#9213 = DIRECTION( '', ( 0.000000000000000, 0.000000000000000, -1.00000000000000 ) );
#9214 = DIRECTION( '', ( 0.000000000000000, -1.00000000000000, 0.000000000000000 ) );
#9215 = DIRECTION( '', ( 0.000000000000000, 0.000000000000000, -1.00000000000000 ) );
#9216 = DIRECTION( '', ( 0.000000000000000, 1.00000000000000, 0.000000000000000 ) );
#9217 = DIRECTION( '', ( 0.000000000000000, -1.00000000000000, 0.000000000000000 ) );
#9218 = DIRECTION( '', ( -0.242535625036332, -1.38035512634919E-017, -0.970142500145332 ) );
#9219 = DIRECTION( '', ( -1.00000000000000, -5.69134998680055E-017, 0.000000000000000 ) );
#9220 = DIRECTION( '', ( -0.242535625036332, 1.38035512634919E-017, 0.970142500145332 ) );
#9221 = DIRECTION( '', ( -1.00000000000000, 5.69134998680055E-017, 0.000000000000000 ) );
#9222 = DIRECTION( '', ( 0.000000000000000, 0.000000000000000, 1.00000000000000 ) );
#9223 = DIRECTION( '', ( 1.00000000000000, 0.000000000000000, 0.000000000000000 ) );
#9224 = DIRECTION( '', ( -1.00000000000000, -5.69134998680055E-017, 0.000000000000000 ) );
#9225 = DIRECTION( '', ( 0.000000000000000, 0.000000000000000, -1.00000000000000 ) );
#9226 = DIRECTION( '', ( 1.00000000000000, 0.000000000000000, 0.000000000000000 ) );
#9227 = DIRECTION( '', ( 0.000000000000000, 0.000000000000000, -1.00000000000000 ) );
#9228 = DIRECTION( '', ( 1.00000000000000, 0.000000000000000, 0.000000000000000 ) );
#9229 = DIRECTION( '', ( 1.00000000000000, 0.000000000000000, 0.000000000000000 ) );
#9230 = DIRECTION( '', ( 0.000000000000000, 0.000000000000000, -1.00000000000000 ) );
#9231 = DIRECTION( '', ( 1.00000000000000, 0.000000000000000, 0.000000000000000 ) );
#9232 = DIRECTION( '', ( 1.00000000000000, 0.000000000000000, 0.000000000000000 ) );
#9233 = DIRECTION( '', ( -1.00000000000000, -5.69134998680055E-017, 0.000000000000000 ) );
#9234 = DIRECTION( '', ( -0.242535625036332, -1.38035512634919E-017, 0.970142500145332 ) );
#9235 = DIRECTION( '', ( -0.242535625036332, -1.38035512634919E-017, -0.970142500145332 ) );
#9236 = DIRECTION( '', ( -0.242535625036332, -1.38035512634919E-017, 0.970142500145332 ) );
#9237 = DIRECTION( '', ( -1.00000000000000, -5.69134998680055E-017, 0.000000000000000 ) );
#9238 = DIRECTION( '', ( -0.242535625036332, -1.38035512634919E-017, -0.970142500145332 ) );
#9239 = DIRECTION( '', ( -1.00000000000000, -5.69134998680055E-017, 0.000000000000000 ) );
#9240 = DIRECTION( '', ( -1.00000000000000, -5.69134998680055E-017, 0.000000000000000 ) );
#9241 = CARTESIAN_POINT( '', ( -19.0500000000000, 0.231944444444443, -5.20000000000000 ) );
#9242 = DIRECTION( '', ( 0.000000000000000, 0.000000000000000, -1.00000000000000 ) );
#9243 = DIRECTION( '', ( 1.00000000000000, 0.000000000000000, 0.000000000000000 ) );
#9244 = DIRECTION( '', ( 1.00000000000000, 0.000000000000000, 0.000000000000000 ) );
#9245 = DIRECTION( '', ( -1.00000000000000, -1.27553196763000E-016, 0.000000000000000 ) );
#9246 = DIRECTION( '', ( -0.707106781186547, -0.707106781186548, 0.000000000000000 ) );
#9247 = DIRECTION( '', ( 1.00000000000000, 0.000000000000000, 0.000000000000000 ) );
#9248 = DIRECTION( '', ( 0.000000000000000, 1.00000000000000, 0.000000000000000 ) );
#9249 = DIRECTION( '', ( -1.00000000000000, 0.000000000000000, 0.000000000000000 ) );
#9250 = DIRECTION( '', ( 0.000000000000000, 0.000000000000000, -1.00000000000000 ) );
#9251 = DIRECTION( '', ( -0.707106781186547, -0.707106781186548, 0.000000000000000 ) );
#9252 = DIRECTION( '', ( 0.000000000000000, -1.00000000000000, 0.000000000000000 ) );
#9253 = DIRECTION( '', ( 0.232402379702538, 0.286033698095432, 0.929609518810156 ) );
#9254 = DIRECTION( '', ( 0.000000000000000, -1.00000000000000, 0.000000000000000 ) );
#9255 = DIRECTION( '', ( 1.00000000000000, 4.06068229395320E-017, 0.000000000000000 ) );
#9256 = DIRECTION( '', ( 0.000000000000000, 1.00000000000000, 0.000000000000000 ) );
#9257 = DIRECTION( '', ( -0.707106781186547, -0.707106781186548, 0.000000000000000 ) );
#9258 = DIRECTION( '', ( -0.707106781186547, -0.707106781186548, 0.000000000000000 ) );
#9259 = DIRECTION( '', ( 0.000000000000000, 0.000000000000000, -1.00000000000000 ) );
#9260 = DIRECTION( '', ( 0.000000000000000, 1.00000000000000, 0.000000000000000 ) );
#9261 = DIRECTION( '', ( -4.33680868994202E-016, 0.000000000000000, -1.00000000000000 ) );
#9262 = DIRECTION( '', ( 4.33680868994202E-016, 0.000000000000000, 1.00000000000000 ) );
#9263 = DIRECTION( '', ( 0.707106781186547, 0.707106781186548, 0.000000000000000 ) );
#9264 = DIRECTION( '', ( 0.707106781186547, 0.707106781186548, 0.000000000000000 ) );
#9265 = DIRECTION( '', ( 0.000000000000000, 0.000000000000000, -1.00000000000000 ) );
#9266 = DIRECTION( '', ( 0.000000000000000, -1.00000000000000, 0.000000000000000 ) );
#9267 = DIRECTION( '', ( -0.707106781186547, 0.707106781186548, 0.000000000000000 ) );
#9268 = DIRECTION( '', ( 0.000000000000000, -1.00000000000000, 0.000000000000000 ) );
#9269 = CARTESIAN_POINT( '', ( 19.0500000000000, 0.231944444444443, -5.20000000000000 ) );
#9270 = DIRECTION( '', ( 0.000000000000000, 0.000000000000000, -1.00000000000000 ) );
#9271 = DIRECTION( '', ( -1.00000000000000, 0.000000000000000, 0.000000000000000 ) );
#9272 = DIRECTION( '', ( -0.707106781186547, 0.707106781186548, 0.000000000000000 ) );
#9273 = DIRECTION( '', ( 0.000000000000000, 0.000000000000000, 1.00000000000000 ) );
#9274 = DIRECTION( '', ( 0.000000000000000, 1.00000000000000, 0.000000000000000 ) );
#9275 = DIRECTION( '', ( 0.000000000000000, 0.000000000000000, 1.00000000000000 ) );
#9276 = DIRECTION( '', ( 0.000000000000000, 0.000000000000000, -1.00000000000000 ) );
#9277 = DIRECTION( '', ( -1.00000000000000, 0.000000000000000, 0.000000000000000 ) );
#9278 = DIRECTION( '', ( 0.000000000000000, 0.000000000000000, 1.00000000000000 ) );
#9279 = DIRECTION( '', ( 0.000000000000000, -1.00000000000000, 7.35847025059459E-016 ) );
#9280 = DIRECTION( '', ( 0.000000000000000, 1.00000000000000, 0.000000000000000 ) );
#9281 = DIRECTION( '', ( 0.000000000000000, 0.000000000000000, 1.00000000000000 ) );
#9282 = DIRECTION( '', ( 0.000000000000000, 1.00000000000000, 0.000000000000000 ) );
#9283 = DIRECTION( '', ( 0.000000000000000, 0.000000000000000, 1.00000000000000 ) );
#9284 = DIRECTION( '', ( 1.00000000000000, 0.000000000000000, 0.000000000000000 ) );
#9285 = DIRECTION( '', ( 0.000000000000000, -1.00000000000000, 0.000000000000000 ) );
#9286 = DIRECTION( '', ( -1.00000000000000, 0.000000000000000, 0.000000000000000 ) );
#9287 = DIRECTION( '', ( 0.000000000000000, 1.00000000000000, 0.000000000000000 ) );
#9288 = DIRECTION( '', ( -1.00000000000000, 0.000000000000000, 0.000000000000000 ) );
#9289 = DIRECTION( '', ( 0.000000000000000, 1.00000000000000, -7.35847025059459E-016 ) );
#9290 = DIRECTION( '', ( -1.00000000000000, 0.000000000000000, 0.000000000000000 ) );
#9291 = DIRECTION( '', ( 0.000000000000000, 6.74614685102092E-016, 1.00000000000000 ) );
#9292 = DIRECTION( '', ( 0.000000000000000, 0.000000000000000, 1.00000000000000 ) );
#9293 = DIRECTION( '', ( 0.000000000000000, 0.000000000000000, 1.00000000000000 ) );
#9294 = DIRECTION( '', ( 0.000000000000000, 0.000000000000000, -1.00000000000000 ) );
#9295 = DIRECTION( '', ( 0.000000000000000, 0.000000000000000, 1.00000000000000 ) );
#9296 = DIRECTION( '', ( 0.000000000000000, -1.00000000000000, 0.000000000000000 ) );
#9297 = DIRECTION( '', ( -0.707106781186547, 0.707106781186548, 0.000000000000000 ) );
#9298 = DIRECTION( '', ( 0.000000000000000, -6.74614685102092E-016, -1.00000000000000 ) );
#9299 = DIRECTION( '', ( 0.000000000000000, 0.000000000000000, -1.00000000000000 ) );
#9300 = DIRECTION( '', ( 0.707106781186547, 0.707106781186548, 0.000000000000000 ) );
#9301 = DIRECTION( '', ( 0.000000000000000, 0.000000000000000, -1.00000000000000 ) );
#9302 = CARTESIAN_POINT( '', ( 19.0500000000000, 0.150000000000000, -2.80000000000000 ) );
#9303 = DIRECTION( '', ( 0.000000000000000, 0.000000000000000, 1.00000000000000 ) );
#9304 = DIRECTION( '', ( 1.00000000000000, 0.000000000000000, 0.000000000000000 ) );
#9305 = DIRECTION( '', ( 0.000000000000000, 1.00000000000000, 0.000000000000000 ) );
#9306 = DIRECTION( '', ( 0.000000000000000, 0.000000000000000, 1.00000000000000 ) );
#9307 = DIRECTION( '', ( 0.000000000000000, 0.000000000000000, 1.00000000000000 ) );
#9308 = DIRECTION( '', ( 0.000000000000000, -1.00000000000000, 0.000000000000000 ) );
#9309 = DIRECTION( '', ( 0.000000000000000, 0.294085848837523, 0.955779008721950 ) );
#9310 = DIRECTION( '', ( 0.000000000000000, -1.00000000000000, 0.000000000000000 ) );
#9311 = CARTESIAN_POINT( '', ( 11.4300000000000, 0.231944444444443, -2.80000000000000 ) );
#9312 = DIRECTION( '', ( 0.000000000000000, 0.000000000000000, 1.00000000000000 ) );
#9313 = DIRECTION( '', ( 1.00000000000000, 0.000000000000000, 0.000000000000000 ) );
#9314 = DIRECTION( '', ( 0.000000000000000, 0.000000000000000, -1.00000000000000 ) );
#9315 = DIRECTION( '', ( 0.000000000000000, -1.00000000000000, 0.000000000000000 ) );
#9316 = DIRECTION( '', ( 0.000000000000000, -1.00000000000000, 0.000000000000000 ) );
#9317 = DIRECTION( '', ( 0.000000000000000, 1.00000000000000, 0.000000000000000 ) );
#9318 = CARTESIAN_POINT( '', ( -11.4300000000000, 0.150000000000000, -2.80000000000000 ) );
#9319 = DIRECTION( '', ( 0.000000000000000, 0.000000000000000, 1.00000000000000 ) );
#9320 = DIRECTION( '', ( 1.00000000000000, 0.000000000000000, 0.000000000000000 ) );
#9321 = DIRECTION( '', ( 0.000000000000000, 1.00000000000000, -7.35847025059459E-016 ) );
#9322 = DIRECTION( '', ( 0.707106781186547, -0.707106781186548, 0.000000000000000 ) );
#9323 = DIRECTION( '', ( 0.000000000000000, 0.000000000000000, -1.00000000000000 ) );
#9324 = DIRECTION( '', ( 1.00000000000000, 4.06068229395320E-017, 0.000000000000000 ) );
#9325 = DIRECTION( '', ( 0.000000000000000, 6.74614685102092E-016, 1.00000000000000 ) );
#9326 = DIRECTION( '', ( 0.000000000000000, 1.00000000000000, 0.000000000000000 ) );
#9327 = DIRECTION( '', ( 0.000000000000000, 1.00000000000000, 0.000000000000000 ) );
#9328 = DIRECTION( '', ( 0.000000000000000, 0.000000000000000, -1.00000000000000 ) );
#9329 = DIRECTION( '', ( -0.707106781186547, 0.707106781186548, 0.000000000000000 ) );
#9330 = DIRECTION( '', ( 0.707106781186547, -0.707106781186548, 0.000000000000000 ) );
#9331 = DIRECTION( '', ( 0.000000000000000, -1.00000000000000, 0.000000000000000 ) );
#9332 = DIRECTION( '', ( 0.000000000000000, 0.000000000000000, -1.00000000000000 ) );
#9333 = CARTESIAN_POINT( '', ( 19.0500000000000, 0.231944444444443, -2.80000000000000 ) );
#9334 = DIRECTION( '', ( 0.000000000000000, 0.000000000000000, 1.00000000000000 ) );
#9335 = DIRECTION( '', ( -1.00000000000000, 0.000000000000000, 0.000000000000000 ) );
#9336 = DIRECTION( '', ( -1.00000000000000, -1.27553196763000E-016, 0.000000000000000 ) );
#9337 = DIRECTION( '', ( 0.000000000000000, -1.00000000000000, 7.35847025059459E-016 ) );
#9338 = DIRECTION( '', ( -0.707106781186547, -0.707106781186548, 0.000000000000000 ) );
#9339 = DIRECTION( '', ( 0.000000000000000, 0.000000000000000, 1.00000000000000 ) );
#9340 = DIRECTION( '', ( -0.707106781186547, 0.707106781186548, 0.000000000000000 ) );
#9341 = DIRECTION( '', ( -1.00000000000000, 0.000000000000000, 0.000000000000000 ) );
#9342 = CARTESIAN_POINT( '', ( 3.81000000000000, 0.150000000000000, -1.70000000000000 ) );
#9343 = DIRECTION( '', ( 0.000000000000000, 0.000000000000000, -1.00000000000000 ) );
#9344 = DIRECTION( '', ( -1.00000000000000, 0.000000000000000, 0.000000000000000 ) );
#9345 = DIRECTION( '', ( 0.000000000000000, -1.00000000000000, 0.000000000000000 ) );
#9346 = DIRECTION( '', ( -1.00000000000000, 0.000000000000000, 0.000000000000000 ) );
#9347 = DIRECTION( '', ( 0.000000000000000, -1.00000000000000, 0.000000000000000 ) );
#9348 = DIRECTION( '', ( -1.00000000000000, 4.06068229395320E-017, 0.000000000000000 ) );
#9349 = DIRECTION( '', ( 0.000000000000000, 0.000000000000000, -1.00000000000000 ) );
#9350 = DIRECTION( '', ( 0.000000000000000, 1.00000000000000, 0.000000000000000 ) );
#9351 = DIRECTION( '', ( 0.000000000000000, 0.000000000000000, -1.00000000000000 ) );
#9352 = CARTESIAN_POINT( '', ( 3.81000000000000, 0.150000000000000, -2.80000000000000 ) );
#9353 = DIRECTION( '', ( 0.000000000000000, 0.000000000000000, 1.00000000000000 ) );
#9354 = DIRECTION( '', ( 1.00000000000000, 0.000000000000000, 0.000000000000000 ) );
#9355 = DIRECTION( '', ( 0.232402379702538, -0.286033698095432, -0.929609518810156 ) );
#9356 = DIRECTION( '', ( 1.00000000000000, 1.27553196763000E-016, 0.000000000000000 ) );
#9357 = DIRECTION( '', ( 0.000000000000000, 1.00000000000000, 0.000000000000000 ) );
#9358 = DIRECTION( '', ( 0.000000000000000, 1.00000000000000, 0.000000000000000 ) );
#9359 = DIRECTION( '', ( -0.707106781186547, 0.707106781186548, 0.000000000000000 ) );
#9360 = CARTESIAN_POINT( '', ( -19.0500000000000, 0.231944444444443, -2.80000000000000 ) );
#9361 = DIRECTION( '', ( 0.000000000000000, 0.000000000000000, 1.00000000000000 ) );
#9362 = DIRECTION( '', ( 1.00000000000000, 0.000000000000000, 0.000000000000000 ) );
#9363 = DIRECTION( '', ( -0.707106781186547, -0.707106781186548, 0.000000000000000 ) );
ENDSEC;
END-ISO-10303-21;
