ISO-10303-21;
HEADER;
/* Generated by software containing ST-Developer
 * from STEP Tools, Inc. (www.steptools.com) 
 */
/* OPTION: using custom renumber hook */

FILE_DESCRIPTION(
/* description */ ('STEP AP242',
'CAx-IF Rec.Pracs.---Representation and Presentation of Product Manufa
cturing Information (PMI)---4.0---2014-10-13',
'CAx-IF Rec.Pracs.---3D Tessellated Geometry---0.4---2014-09-14','2;1'),

/* implementation_level */ '2;1');

FILE_NAME(
/* name */ 'G12JVCF',
/* time_stamp */ '2026-05-08T03:12:14+02:00',
/* author */ ('License CC BY-ND 4.0'),
/* organization */ ('CADENAS'),
/* preprocessor_version */ 'ST-DEVELOPER v20',
/* originating_system */ 'PARTsolutions',
/* authorisation */ '  ');

FILE_SCHEMA (('AP242_MANAGED_MODEL_BASED_3D_ENGINEERING_MIM_LF { 1 0 10303 442 1 1 4 }'));
ENDSEC;

DATA;
#10=TOROIDAL_SURFACE('',#2756,0.0185000000000001,0.0149999999999999);
#11=TOROIDAL_SURFACE('',#2765,0.0185,0.015);
#12=TOROIDAL_SURFACE('',#2798,0.024,0.008);
#13=TOROIDAL_SURFACE('',#2800,0.024,0.008);
#14=TOROIDAL_SURFACE('',#2802,0.024,0.008);
#15=TOROIDAL_SURFACE('',#2825,0.024,0.008);
#16=TOROIDAL_SURFACE('',#2827,0.024,0.008);
#17=TOROIDAL_SURFACE('',#2829,0.024,0.008);
#18=COLOUR_RGB('',0.689999997615814,0.689999997615814,0.689999997615814);
#19=COLOUR_RGB('',0.961000025272369,0.885999977588654,0.344999998807907);
#20=CONTEXT_DEPENDENT_SHAPE_REPRESENTATION(#30,#4323);
#21=CONTEXT_DEPENDENT_SHAPE_REPRESENTATION(#31,#4325);
#22=CONTEXT_DEPENDENT_SHAPE_REPRESENTATION(#32,#4327);
#23=CONTEXT_DEPENDENT_SHAPE_REPRESENTATION(#33,#4329);
#24=CONTEXT_DEPENDENT_SHAPE_REPRESENTATION(#34,#4331);
#25=NEXT_ASSEMBLY_USAGE_OCCURRENCE('NAUO1','GP-body-ill','GP-body-ill',
#4332,#4333,'');
#26=NEXT_ASSEMBLY_USAGE_OCCURRENCE('NAUO2','GV-th','GV-th',#4332,#4334,
'');
#27=NEXT_ASSEMBLY_USAGE_OCCURRENCE('NAUO3','GCF-actuator-green',
'GCF-actuator-green',#4332,#4335,'');
#28=NEXT_ASSEMBLY_USAGE_OCCURRENCE('NAUO4','GCF-actuator-red',
'GCF-actuator-red',#4332,#4336,'');
#29=NEXT_ASSEMBLY_USAGE_OCCURRENCE('NAUO5','GV-terminals',
'GV-terminals',#4332,#4337,'');
#30=(
REPRESENTATION_RELATIONSHIP(' ',' ',#2603,#2602)
REPRESENTATION_RELATIONSHIP_WITH_TRANSFORMATION(#35)
SHAPE_REPRESENTATION_RELATIONSHIP()
);
#31=(
REPRESENTATION_RELATIONSHIP(' ',' ',#2604,#2602)
REPRESENTATION_RELATIONSHIP_WITH_TRANSFORMATION(#36)
SHAPE_REPRESENTATION_RELATIONSHIP()
);
#32=(
REPRESENTATION_RELATIONSHIP(' ',' ',#2605,#2602)
REPRESENTATION_RELATIONSHIP_WITH_TRANSFORMATION(#37)
SHAPE_REPRESENTATION_RELATIONSHIP()
);
#33=(
REPRESENTATION_RELATIONSHIP(' ',' ',#2606,#2602)
REPRESENTATION_RELATIONSHIP_WITH_TRANSFORMATION(#38)
SHAPE_REPRESENTATION_RELATIONSHIP()
);
#34=(
REPRESENTATION_RELATIONSHIP(' ',' ',#2607,#2602)
REPRESENTATION_RELATIONSHIP_WITH_TRANSFORMATION(#39)
SHAPE_REPRESENTATION_RELATIONSHIP()
);
#35=ITEM_DEFINED_TRANSFORMATION(' ',' ',#2608,#2696);
#36=ITEM_DEFINED_TRANSFORMATION(' ',' ',#2608,#2751);
#37=ITEM_DEFINED_TRANSFORMATION(' ',' ',#2608,#2762);
#38=ITEM_DEFINED_TRANSFORMATION(' ',' ',#2608,#2773);
#39=ITEM_DEFINED_TRANSFORMATION(' ',' ',#2608,#2840);
#40=SHAPE_REPRESENTATION_RELATIONSHIP('','',#2603,#45);
#41=SHAPE_REPRESENTATION_RELATIONSHIP('','',#2604,#46);
#42=SHAPE_REPRESENTATION_RELATIONSHIP('','',#2605,#47);
#43=SHAPE_REPRESENTATION_RELATIONSHIP('','',#2606,#48);
#44=SHAPE_REPRESENTATION_RELATIONSHIP('','',#2607,#49);
#45=ADVANCED_BREP_SHAPE_REPRESENTATION('',(#2591),#4304);
#46=ADVANCED_BREP_SHAPE_REPRESENTATION('',(#2592),#4305);
#47=ADVANCED_BREP_SHAPE_REPRESENTATION('',(#2593),#4306);
#48=ADVANCED_BREP_SHAPE_REPRESENTATION('',(#2594),#4307);
#49=ADVANCED_BREP_SHAPE_REPRESENTATION('',(#2595),#4308);
#50=B_SPLINE_CURVE_WITH_KNOTS('',3,(#3879,#3880,#3881,#3882),
 .UNSPECIFIED.,.F.,.F.,(4,4),(0.000535319078897541,0.0008954774442896),
 .UNSPECIFIED.);
#51=B_SPLINE_CURVE_WITH_KNOTS('',3,(#3883,#3884,#3885,#3886),
 .UNSPECIFIED.,.F.,.F.,(4,4),(0.000536360619636382,0.00089651898502844),
 .UNSPECIFIED.);
#52=CONICAL_SURFACE('',#2663,0.0685,0.785398163397447);
#53=CYLINDRICAL_SURFACE('',#2659,0.0440000206912625);
#54=CYLINDRICAL_SURFACE('',#2665,0.0785);
#55=CYLINDRICAL_SURFACE('',#2682,0.01);
#56=CYLINDRICAL_SURFACE('',#2684,0.00999999999999996);
#57=CYLINDRICAL_SURFACE('',#2685,0.01);
#58=CYLINDRICAL_SURFACE('',#2687,0.00999999999999998);
#59=CYLINDRICAL_SURFACE('',#2698,0.0199999999999999);
#60=CYLINDRICAL_SURFACE('',#2702,0.02);
#61=CYLINDRICAL_SURFACE('',#2720,0.0199999999999999);
#62=CYLINDRICAL_SURFACE('',#2724,0.02);
#63=CYLINDRICAL_SURFACE('',#2728,0.0199999999999999);
#64=CYLINDRICAL_SURFACE('',#2732,0.0199999999999999);
#65=CYLINDRICAL_SURFACE('',#2736,0.0199999999999999);
#66=CYLINDRICAL_SURFACE('',#2740,0.0199999999999997);
#67=CYLINDRICAL_SURFACE('',#2745,0.008);
#68=CYLINDRICAL_SURFACE('',#2748,0.008);
#69=CYLINDRICAL_SURFACE('',#2754,0.0335);
#70=CYLINDRICAL_SURFACE('',#2769,0.0335);
#71=CYLINDRICAL_SURFACE('',#2788,0.008);
#72=CYLINDRICAL_SURFACE('',#2792,0.008);
#73=CYLINDRICAL_SURFACE('',#2796,0.008);
#74=CYLINDRICAL_SURFACE('',#2804,0.008);
#75=CYLINDRICAL_SURFACE('',#2807,0.008);
#76=CYLINDRICAL_SURFACE('',#2810,0.008);
#77=CYLINDRICAL_SURFACE('',#2815,0.008);
#78=CYLINDRICAL_SURFACE('',#2819,0.008);
#79=CYLINDRICAL_SURFACE('',#2823,0.008);
#80=CYLINDRICAL_SURFACE('',#2831,0.008);
#81=CYLINDRICAL_SURFACE('',#2834,0.008);
#82=CYLINDRICAL_SURFACE('',#2837,0.008);
#83=CIRCLE('',#2620,0.01);
#84=CIRCLE('',#2621,0.00999999999999996);
#85=CIRCLE('',#2627,0.0785);
#86=CIRCLE('',#2629,0.0785);
#87=CIRCLE('',#2635,0.01);
#88=CIRCLE('',#2636,0.00999999999999998);
#89=CIRCLE('',#2656,0.0785);
#90=CIRCLE('',#2658,0.0440000206912625);
#91=CIRCLE('',#2660,0.0440000206912625);
#92=CIRCLE('',#2662,0.0685);
#93=CIRCLE('',#2664,0.0785);
#94=CIRCLE('',#2666,0.0785);
#95=CIRCLE('',#2667,0.0785);
#96=CIRCLE('',#2678,0.00999999999999996);
#97=CIRCLE('',#2679,0.01);
#98=CIRCLE('',#2680,0.00999999999999998);
#99=CIRCLE('',#2681,0.01);
#100=CIRCLE('',#2699,0.0199999999999999);
#101=CIRCLE('',#2700,0.0199999999999999);
#102=CIRCLE('',#2703,0.02);
#103=CIRCLE('',#2704,0.02);
#104=CIRCLE('',#2706,0.008);
#105=CIRCLE('',#2708,0.008);
#106=CIRCLE('',#2717,0.008);
#107=CIRCLE('',#2719,0.008);
#108=CIRCLE('',#2721,0.0199999999999999);
#109=CIRCLE('',#2722,0.0199999999999999);
#110=CIRCLE('',#2725,0.02);
#111=CIRCLE('',#2726,0.02);
#112=CIRCLE('',#2729,0.0199999999999999);
#113=CIRCLE('',#2730,0.0199999999999999);
#114=CIRCLE('',#2733,0.0199999999999999);
#115=CIRCLE('',#2734,0.0199999999999999);
#116=CIRCLE('',#2737,0.0199999999999999);
#117=CIRCLE('',#2738,0.0199999999999999);
#118=CIRCLE('',#2741,0.0199999999999997);
#119=CIRCLE('',#2742,0.0199999999999997);
#120=CIRCLE('',#2746,0.008);
#121=CIRCLE('',#2749,0.008);
#122=CIRCLE('',#2753,0.0335);
#123=CIRCLE('',#2755,0.0335);
#124=CIRCLE('',#2757,0.0185);
#125=CIRCLE('',#2758,0.0149999999999999);
#126=CIRCLE('',#2759,0.0149999999999999);
#127=CIRCLE('',#2764,0.0185);
#128=CIRCLE('',#2766,0.0335);
#129=CIRCLE('',#2767,0.015);
#130=CIRCLE('',#2768,0.015);
#131=CIRCLE('',#2770,0.0335);
#132=CIRCLE('',#2780,0.008);
#133=CIRCLE('',#2781,0.008);
#134=CIRCLE('',#2782,0.008);
#135=CIRCLE('',#2783,0.008);
#136=CIRCLE('',#2784,0.008);
#137=CIRCLE('',#2785,0.008);
#138=CIRCLE('',#2787,0.008);
#139=CIRCLE('',#2789,0.008);
#140=CIRCLE('',#2791,0.008);
#141=CIRCLE('',#2793,0.008);
#142=CIRCLE('',#2795,0.008);
#143=CIRCLE('',#2797,0.008);
#144=CIRCLE('',#2799,0.008);
#145=CIRCLE('',#2801,0.008);
#146=CIRCLE('',#2803,0.008);
#147=CIRCLE('',#2805,0.008);
#148=CIRCLE('',#2808,0.008);
#149=CIRCLE('',#2811,0.008);
#150=CIRCLE('',#2814,0.008);
#151=CIRCLE('',#2816,0.008);
#152=CIRCLE('',#2818,0.008);
#153=CIRCLE('',#2820,0.008);
#154=CIRCLE('',#2822,0.008);
#155=CIRCLE('',#2824,0.008);
#156=CIRCLE('',#2826,0.008);
#157=CIRCLE('',#2828,0.008);
#158=CIRCLE('',#2830,0.008);
#159=CIRCLE('',#2832,0.008);
#160=CIRCLE('',#2835,0.008);
#161=CIRCLE('',#2838,0.008);
#162=ORIENTED_EDGE('',*,*,#848,.F.);
#163=ORIENTED_EDGE('',*,*,#849,.F.);
#164=ORIENTED_EDGE('',*,*,#850,.T.);
#165=ORIENTED_EDGE('',*,*,#851,.F.);
#166=ORIENTED_EDGE('',*,*,#852,.F.);
#167=ORIENTED_EDGE('',*,*,#853,.T.);
#168=ORIENTED_EDGE('',*,*,#854,.F.);
#169=ORIENTED_EDGE('',*,*,#855,.F.);
#170=ORIENTED_EDGE('',*,*,#856,.F.);
#171=ORIENTED_EDGE('',*,*,#857,.F.);
#172=ORIENTED_EDGE('',*,*,#858,.T.);
#173=ORIENTED_EDGE('',*,*,#859,.T.);
#174=ORIENTED_EDGE('',*,*,#853,.F.);
#175=ORIENTED_EDGE('',*,*,#860,.F.);
#176=ORIENTED_EDGE('',*,*,#850,.F.);
#177=ORIENTED_EDGE('',*,*,#861,.F.);
#178=ORIENTED_EDGE('',*,*,#862,.T.);
#179=ORIENTED_EDGE('',*,*,#863,.F.);
#180=ORIENTED_EDGE('',*,*,#862,.F.);
#181=ORIENTED_EDGE('',*,*,#864,.T.);
#182=ORIENTED_EDGE('',*,*,#865,.T.);
#183=ORIENTED_EDGE('',*,*,#866,.T.);
#184=ORIENTED_EDGE('',*,*,#867,.F.);
#185=ORIENTED_EDGE('',*,*,#868,.T.);
#186=ORIENTED_EDGE('',*,*,#869,.T.);
#187=ORIENTED_EDGE('',*,*,#858,.F.);
#188=ORIENTED_EDGE('',*,*,#870,.F.);
#189=ORIENTED_EDGE('',*,*,#871,.T.);
#190=ORIENTED_EDGE('',*,*,#866,.F.);
#191=ORIENTED_EDGE('',*,*,#872,.T.);
#192=ORIENTED_EDGE('',*,*,#852,.T.);
#193=ORIENTED_EDGE('',*,*,#873,.F.);
#194=ORIENTED_EDGE('',*,*,#856,.T.);
#195=ORIENTED_EDGE('',*,*,#874,.F.);
#196=ORIENTED_EDGE('',*,*,#871,.F.);
#197=ORIENTED_EDGE('',*,*,#875,.F.);
#198=ORIENTED_EDGE('',*,*,#876,.T.);
#199=ORIENTED_EDGE('',*,*,#877,.F.);
#200=ORIENTED_EDGE('',*,*,#878,.T.);
#201=ORIENTED_EDGE('',*,*,#879,.T.);
#202=ORIENTED_EDGE('',*,*,#880,.T.);
#203=ORIENTED_EDGE('',*,*,#881,.F.);
#204=ORIENTED_EDGE('',*,*,#882,.F.);
#205=ORIENTED_EDGE('',*,*,#883,.T.);
#206=ORIENTED_EDGE('',*,*,#873,.T.);
#207=ORIENTED_EDGE('',*,*,#851,.T.);
#208=ORIENTED_EDGE('',*,*,#863,.T.);
#209=ORIENTED_EDGE('',*,*,#867,.T.);
#210=ORIENTED_EDGE('',*,*,#884,.T.);
#211=ORIENTED_EDGE('',*,*,#885,.F.);
#212=ORIENTED_EDGE('',*,*,#886,.T.);
#213=ORIENTED_EDGE('',*,*,#887,.T.);
#214=ORIENTED_EDGE('',*,*,#888,.T.);
#215=ORIENTED_EDGE('',*,*,#889,.F.);
#216=ORIENTED_EDGE('',*,*,#890,.T.);
#217=ORIENTED_EDGE('',*,*,#891,.T.);
#218=ORIENTED_EDGE('',*,*,#860,.T.);
#219=ORIENTED_EDGE('',*,*,#857,.T.);
#220=ORIENTED_EDGE('',*,*,#875,.T.);
#221=ORIENTED_EDGE('',*,*,#870,.T.);
#222=ORIENTED_EDGE('',*,*,#892,.T.);
#223=ORIENTED_EDGE('',*,*,#893,.T.);
#224=ORIENTED_EDGE('',*,*,#894,.T.);
#225=ORIENTED_EDGE('',*,*,#895,.T.);
#226=ORIENTED_EDGE('',*,*,#896,.T.);
#227=ORIENTED_EDGE('',*,*,#897,.F.);
#228=ORIENTED_EDGE('',*,*,#898,.F.);
#229=ORIENTED_EDGE('',*,*,#886,.F.);
#230=ORIENTED_EDGE('',*,*,#899,.F.);
#231=ORIENTED_EDGE('',*,*,#900,.F.);
#232=ORIENTED_EDGE('',*,*,#901,.F.);
#233=ORIENTED_EDGE('',*,*,#902,.T.);
#234=ORIENTED_EDGE('',*,*,#903,.F.);
#235=ORIENTED_EDGE('',*,*,#904,.F.);
#236=ORIENTED_EDGE('',*,*,#905,.T.);
#237=ORIENTED_EDGE('',*,*,#897,.T.);
#238=ORIENTED_EDGE('',*,*,#906,.F.);
#239=ORIENTED_EDGE('',*,*,#907,.T.);
#240=ORIENTED_EDGE('',*,*,#908,.F.);
#241=ORIENTED_EDGE('',*,*,#909,.F.);
#242=ORIENTED_EDGE('',*,*,#910,.T.);
#243=ORIENTED_EDGE('',*,*,#911,.T.);
#244=ORIENTED_EDGE('',*,*,#912,.F.);
#245=ORIENTED_EDGE('',*,*,#900,.T.);
#246=ORIENTED_EDGE('',*,*,#913,.F.);
#247=ORIENTED_EDGE('',*,*,#914,.F.);
#248=ORIENTED_EDGE('',*,*,#915,.T.);
#249=ORIENTED_EDGE('',*,*,#916,.T.);
#250=ORIENTED_EDGE('',*,*,#917,.F.);
#251=ORIENTED_EDGE('',*,*,#918,.T.);
#252=ORIENTED_EDGE('',*,*,#919,.F.);
#253=ORIENTED_EDGE('',*,*,#920,.F.);
#254=ORIENTED_EDGE('',*,*,#921,.T.);
#255=ORIENTED_EDGE('',*,*,#922,.T.);
#256=ORIENTED_EDGE('',*,*,#923,.T.);
#257=ORIENTED_EDGE('',*,*,#924,.T.);
#258=ORIENTED_EDGE('',*,*,#925,.F.);
#259=ORIENTED_EDGE('',*,*,#926,.F.);
#260=ORIENTED_EDGE('',*,*,#927,.F.);
#261=ORIENTED_EDGE('',*,*,#928,.T.);
#262=ORIENTED_EDGE('',*,*,#929,.T.);
#263=ORIENTED_EDGE('',*,*,#930,.T.);
#264=ORIENTED_EDGE('',*,*,#931,.F.);
#265=ORIENTED_EDGE('',*,*,#932,.F.);
#266=ORIENTED_EDGE('',*,*,#933,.T.);
#267=ORIENTED_EDGE('',*,*,#929,.F.);
#268=ORIENTED_EDGE('',*,*,#934,.F.);
#269=ORIENTED_EDGE('',*,*,#923,.F.);
#270=ORIENTED_EDGE('',*,*,#935,.T.);
#271=ORIENTED_EDGE('',*,*,#936,.F.);
#272=ORIENTED_EDGE('',*,*,#937,.F.);
#273=ORIENTED_EDGE('',*,*,#938,.T.);
#274=ORIENTED_EDGE('',*,*,#939,.F.);
#275=ORIENTED_EDGE('',*,*,#940,.F.);
#276=ORIENTED_EDGE('',*,*,#941,.T.);
#277=ORIENTED_EDGE('',*,*,#925,.T.);
#278=ORIENTED_EDGE('',*,*,#942,.T.);
#279=ORIENTED_EDGE('',*,*,#927,.T.);
#280=ORIENTED_EDGE('',*,*,#943,.T.);
#281=ORIENTED_EDGE('',*,*,#944,.F.);
#282=ORIENTED_EDGE('',*,*,#945,.F.);
#283=ORIENTED_EDGE('',*,*,#946,.F.);
#284=ORIENTED_EDGE('',*,*,#947,.F.);
#285=ORIENTED_EDGE('',*,*,#913,.T.);
#286=ORIENTED_EDGE('',*,*,#899,.T.);
#287=ORIENTED_EDGE('',*,*,#885,.T.);
#288=ORIENTED_EDGE('',*,*,#948,.T.);
#289=ORIENTED_EDGE('',*,*,#949,.F.);
#290=ORIENTED_EDGE('',*,*,#946,.T.);
#291=ORIENTED_EDGE('',*,*,#950,.F.);
#292=ORIENTED_EDGE('',*,*,#951,.T.);
#293=ORIENTED_EDGE('',*,*,#879,.F.);
#294=ORIENTED_EDGE('',*,*,#952,.T.);
#295=ORIENTED_EDGE('',*,*,#921,.F.);
#296=ORIENTED_EDGE('',*,*,#953,.F.);
#297=ORIENTED_EDGE('',*,*,#908,.T.);
#298=ORIENTED_EDGE('',*,*,#954,.T.);
#299=ORIENTED_EDGE('',*,*,#877,.T.);
#300=ORIENTED_EDGE('',*,*,#955,.T.);
#301=ORIENTED_EDGE('',*,*,#956,.F.);
#302=ORIENTED_EDGE('',*,*,#938,.F.);
#303=ORIENTED_EDGE('',*,*,#957,.F.);
#304=ORIENTED_EDGE('',*,*,#958,.T.);
#305=ORIENTED_EDGE('',*,*,#887,.F.);
#306=ORIENTED_EDGE('',*,*,#898,.T.);
#307=ORIENTED_EDGE('',*,*,#905,.F.);
#308=ORIENTED_EDGE('',*,*,#959,.T.);
#309=ORIENTED_EDGE('',*,*,#922,.F.);
#310=ORIENTED_EDGE('',*,*,#952,.F.);
#311=ORIENTED_EDGE('',*,*,#878,.F.);
#312=ORIENTED_EDGE('',*,*,#954,.F.);
#313=ORIENTED_EDGE('',*,*,#907,.F.);
#314=ORIENTED_EDGE('',*,*,#960,.T.);
#315=ORIENTED_EDGE('',*,*,#961,.T.);
#316=ORIENTED_EDGE('',*,*,#962,.T.);
#317=ORIENTED_EDGE('',*,*,#963,.T.);
#318=ORIENTED_EDGE('',*,*,#964,.F.);
#319=ORIENTED_EDGE('',*,*,#965,.F.);
#320=ORIENTED_EDGE('',*,*,#943,.F.);
#321=ORIENTED_EDGE('',*,*,#930,.F.);
#322=ORIENTED_EDGE('',*,*,#933,.F.);
#323=ORIENTED_EDGE('',*,*,#966,.F.);
#324=ORIENTED_EDGE('',*,*,#967,.F.);
#325=ORIENTED_EDGE('',*,*,#882,.T.);
#326=ORIENTED_EDGE('',*,*,#968,.F.);
#327=ORIENTED_EDGE('',*,*,#969,.F.);
#328=ORIENTED_EDGE('',*,*,#935,.F.);
#329=ORIENTED_EDGE('',*,*,#926,.T.);
#330=ORIENTED_EDGE('',*,*,#941,.F.);
#331=ORIENTED_EDGE('',*,*,#970,.F.);
#332=ORIENTED_EDGE('',*,*,#971,.F.);
#333=ORIENTED_EDGE('',*,*,#890,.F.);
#334=ORIENTED_EDGE('',*,*,#940,.T.);
#335=ORIENTED_EDGE('',*,*,#972,.T.);
#336=ORIENTED_EDGE('',*,*,#973,.T.);
#337=ORIENTED_EDGE('',*,*,#970,.T.);
#338=ORIENTED_EDGE('',*,*,#971,.T.);
#339=ORIENTED_EDGE('',*,*,#973,.F.);
#340=ORIENTED_EDGE('',*,*,#974,.T.);
#341=ORIENTED_EDGE('',*,*,#975,.T.);
#342=ORIENTED_EDGE('',*,*,#891,.F.);
#343=ORIENTED_EDGE('',*,*,#975,.F.);
#344=ORIENTED_EDGE('',*,*,#976,.F.);
#345=ORIENTED_EDGE('',*,*,#948,.F.);
#346=ORIENTED_EDGE('',*,*,#884,.F.);
#347=ORIENTED_EDGE('',*,*,#939,.T.);
#348=ORIENTED_EDGE('',*,*,#949,.T.);
#349=ORIENTED_EDGE('',*,*,#976,.T.);
#350=ORIENTED_EDGE('',*,*,#974,.F.);
#351=ORIENTED_EDGE('',*,*,#972,.F.);
#352=ORIENTED_EDGE('',*,*,#936,.T.);
#353=ORIENTED_EDGE('',*,*,#969,.T.);
#354=ORIENTED_EDGE('',*,*,#977,.T.);
#355=ORIENTED_EDGE('',*,*,#978,.T.);
#356=ORIENTED_EDGE('',*,*,#968,.T.);
#357=ORIENTED_EDGE('',*,*,#889,.T.);
#358=ORIENTED_EDGE('',*,*,#979,.T.);
#359=ORIENTED_EDGE('',*,*,#980,.F.);
#360=ORIENTED_EDGE('',*,*,#977,.F.);
#361=ORIENTED_EDGE('',*,*,#958,.F.);
#362=ORIENTED_EDGE('',*,*,#981,.F.);
#363=ORIENTED_EDGE('',*,*,#979,.F.);
#364=ORIENTED_EDGE('',*,*,#888,.F.);
#365=ORIENTED_EDGE('',*,*,#937,.T.);
#366=ORIENTED_EDGE('',*,*,#978,.F.);
#367=ORIENTED_EDGE('',*,*,#980,.T.);
#368=ORIENTED_EDGE('',*,*,#981,.T.);
#369=ORIENTED_EDGE('',*,*,#957,.T.);
#370=ORIENTED_EDGE('',*,*,#932,.T.);
#371=ORIENTED_EDGE('',*,*,#982,.T.);
#372=ORIENTED_EDGE('',*,*,#983,.T.);
#373=ORIENTED_EDGE('',*,*,#966,.T.);
#374=ORIENTED_EDGE('',*,*,#967,.T.);
#375=ORIENTED_EDGE('',*,*,#983,.F.);
#376=ORIENTED_EDGE('',*,*,#984,.T.);
#377=ORIENTED_EDGE('',*,*,#985,.T.);
#378=ORIENTED_EDGE('',*,*,#883,.F.);
#379=ORIENTED_EDGE('',*,*,#985,.F.);
#380=ORIENTED_EDGE('',*,*,#986,.F.);
#381=ORIENTED_EDGE('',*,*,#955,.F.);
#382=ORIENTED_EDGE('',*,*,#876,.F.);
#383=ORIENTED_EDGE('',*,*,#931,.T.);
#384=ORIENTED_EDGE('',*,*,#956,.T.);
#385=ORIENTED_EDGE('',*,*,#986,.T.);
#386=ORIENTED_EDGE('',*,*,#984,.F.);
#387=ORIENTED_EDGE('',*,*,#982,.F.);
#388=ORIENTED_EDGE('',*,*,#951,.F.);
#389=ORIENTED_EDGE('',*,*,#987,.F.);
#390=ORIENTED_EDGE('',*,*,#988,.F.);
#391=ORIENTED_EDGE('',*,*,#880,.F.);
#392=ORIENTED_EDGE('',*,*,#944,.T.);
#393=ORIENTED_EDGE('',*,*,#965,.T.);
#394=ORIENTED_EDGE('',*,*,#989,.T.);
#395=ORIENTED_EDGE('',*,*,#990,.T.);
#396=ORIENTED_EDGE('',*,*,#945,.T.);
#397=ORIENTED_EDGE('',*,*,#990,.F.);
#398=ORIENTED_EDGE('',*,*,#991,.T.);
#399=ORIENTED_EDGE('',*,*,#987,.T.);
#400=ORIENTED_EDGE('',*,*,#950,.T.);
#401=ORIENTED_EDGE('',*,*,#964,.T.);
#402=ORIENTED_EDGE('',*,*,#881,.T.);
#403=ORIENTED_EDGE('',*,*,#988,.T.);
#404=ORIENTED_EDGE('',*,*,#991,.F.);
#405=ORIENTED_EDGE('',*,*,#989,.F.);
#406=ORIENTED_EDGE('',*,*,#992,.T.);
#407=ORIENTED_EDGE('',*,*,#934,.T.);
#408=ORIENTED_EDGE('',*,*,#993,.F.);
#409=ORIENTED_EDGE('',*,*,#994,.F.);
#410=ORIENTED_EDGE('',*,*,#993,.T.);
#411=ORIENTED_EDGE('',*,*,#995,.F.);
#412=ORIENTED_EDGE('',*,*,#996,.F.);
#413=ORIENTED_EDGE('',*,*,#997,.F.);
#414=ORIENTED_EDGE('',*,*,#998,.F.);
#415=ORIENTED_EDGE('',*,*,#994,.T.);
#416=ORIENTED_EDGE('',*,*,#999,.F.);
#417=ORIENTED_EDGE('',*,*,#1000,.T.);
#418=ORIENTED_EDGE('',*,*,#995,.T.);
#419=ORIENTED_EDGE('',*,*,#1001,.T.);
#420=ORIENTED_EDGE('',*,*,#992,.F.);
#421=ORIENTED_EDGE('',*,*,#928,.F.);
#422=ORIENTED_EDGE('',*,*,#1002,.F.);
#423=ORIENTED_EDGE('',*,*,#924,.F.);
#424=ORIENTED_EDGE('',*,*,#1003,.T.);
#425=ORIENTED_EDGE('',*,*,#999,.T.);
#426=ORIENTED_EDGE('',*,*,#942,.F.);
#427=ORIENTED_EDGE('',*,*,#1002,.T.);
#428=ORIENTED_EDGE('',*,*,#903,.T.);
#429=ORIENTED_EDGE('',*,*,#1004,.T.);
#430=ORIENTED_EDGE('',*,*,#910,.F.);
#431=ORIENTED_EDGE('',*,*,#1005,.F.);
#432=ORIENTED_EDGE('',*,*,#953,.T.);
#433=ORIENTED_EDGE('',*,*,#904,.T.);
#434=ORIENTED_EDGE('',*,*,#1005,.T.);
#435=ORIENTED_EDGE('',*,*,#909,.T.);
#436=ORIENTED_EDGE('',*,*,#947,.T.);
#437=ORIENTED_EDGE('',*,*,#920,.T.);
#438=ORIENTED_EDGE('',*,*,#1006,.T.);
#439=ORIENTED_EDGE('',*,*,#914,.T.);
#440=ORIENTED_EDGE('',*,*,#919,.T.);
#441=ORIENTED_EDGE('',*,*,#1007,.T.);
#442=ORIENTED_EDGE('',*,*,#915,.F.);
#443=ORIENTED_EDGE('',*,*,#1006,.F.);
#444=ORIENTED_EDGE('',*,*,#901,.T.);
#445=ORIENTED_EDGE('',*,*,#896,.F.);
#446=ORIENTED_EDGE('',*,*,#1008,.F.);
#447=ORIENTED_EDGE('',*,*,#1009,.T.);
#448=ORIENTED_EDGE('',*,*,#906,.T.);
#449=ORIENTED_EDGE('',*,*,#1010,.T.);
#450=ORIENTED_EDGE('',*,*,#1011,.T.);
#451=ORIENTED_EDGE('',*,*,#960,.F.);
#452=ORIENTED_EDGE('',*,*,#912,.T.);
#453=ORIENTED_EDGE('',*,*,#1012,.T.);
#454=ORIENTED_EDGE('',*,*,#1013,.T.);
#455=ORIENTED_EDGE('',*,*,#892,.F.);
#456=ORIENTED_EDGE('',*,*,#917,.T.);
#457=ORIENTED_EDGE('',*,*,#959,.F.);
#458=ORIENTED_EDGE('',*,*,#1014,.F.);
#459=ORIENTED_EDGE('',*,*,#1015,.T.);
#460=ORIENTED_EDGE('',*,*,#1009,.F.);
#461=ORIENTED_EDGE('',*,*,#1016,.F.);
#462=ORIENTED_EDGE('',*,*,#1017,.F.);
#463=ORIENTED_EDGE('',*,*,#1018,.F.);
#464=ORIENTED_EDGE('',*,*,#1012,.F.);
#465=ORIENTED_EDGE('',*,*,#916,.F.);
#466=ORIENTED_EDGE('',*,*,#1007,.F.);
#467=ORIENTED_EDGE('',*,*,#918,.F.);
#468=ORIENTED_EDGE('',*,*,#1015,.F.);
#469=ORIENTED_EDGE('',*,*,#1019,.F.);
#470=ORIENTED_EDGE('',*,*,#1020,.F.);
#471=ORIENTED_EDGE('',*,*,#1021,.F.);
#472=ORIENTED_EDGE('',*,*,#1010,.F.);
#473=ORIENTED_EDGE('',*,*,#911,.F.);
#474=ORIENTED_EDGE('',*,*,#1004,.F.);
#475=ORIENTED_EDGE('',*,*,#902,.F.);
#476=ORIENTED_EDGE('',*,*,#893,.F.);
#477=ORIENTED_EDGE('',*,*,#1013,.F.);
#478=ORIENTED_EDGE('',*,*,#1018,.T.);
#479=ORIENTED_EDGE('',*,*,#1022,.T.);
#480=ORIENTED_EDGE('',*,*,#894,.F.);
#481=ORIENTED_EDGE('',*,*,#1022,.F.);
#482=ORIENTED_EDGE('',*,*,#1017,.T.);
#483=ORIENTED_EDGE('',*,*,#1023,.T.);
#484=ORIENTED_EDGE('',*,*,#895,.F.);
#485=ORIENTED_EDGE('',*,*,#1023,.F.);
#486=ORIENTED_EDGE('',*,*,#1016,.T.);
#487=ORIENTED_EDGE('',*,*,#1008,.T.);
#488=ORIENTED_EDGE('',*,*,#961,.F.);
#489=ORIENTED_EDGE('',*,*,#1011,.F.);
#490=ORIENTED_EDGE('',*,*,#1021,.T.);
#491=ORIENTED_EDGE('',*,*,#1024,.T.);
#492=ORIENTED_EDGE('',*,*,#962,.F.);
#493=ORIENTED_EDGE('',*,*,#1024,.F.);
#494=ORIENTED_EDGE('',*,*,#1020,.T.);
#495=ORIENTED_EDGE('',*,*,#1025,.T.);
#496=ORIENTED_EDGE('',*,*,#963,.F.);
#497=ORIENTED_EDGE('',*,*,#1025,.F.);
#498=ORIENTED_EDGE('',*,*,#1019,.T.);
#499=ORIENTED_EDGE('',*,*,#1014,.T.);
#500=ORIENTED_EDGE('',*,*,#1026,.F.);
#501=ORIENTED_EDGE('',*,*,#1027,.T.);
#502=ORIENTED_EDGE('',*,*,#996,.T.);
#503=ORIENTED_EDGE('',*,*,#1000,.F.);
#504=ORIENTED_EDGE('',*,*,#998,.T.);
#505=ORIENTED_EDGE('',*,*,#1028,.F.);
#506=ORIENTED_EDGE('',*,*,#1029,.F.);
#507=ORIENTED_EDGE('',*,*,#1001,.F.);
#508=ORIENTED_EDGE('',*,*,#1003,.F.);
#509=ORIENTED_EDGE('',*,*,#1029,.T.);
#510=ORIENTED_EDGE('',*,*,#1030,.T.);
#511=ORIENTED_EDGE('',*,*,#1026,.T.);
#512=ORIENTED_EDGE('',*,*,#997,.T.);
#513=ORIENTED_EDGE('',*,*,#1027,.F.);
#514=ORIENTED_EDGE('',*,*,#1030,.F.);
#515=ORIENTED_EDGE('',*,*,#1028,.T.);
#516=ORIENTED_EDGE('',*,*,#855,.T.);
#517=ORIENTED_EDGE('',*,*,#1031,.F.);
#518=ORIENTED_EDGE('',*,*,#868,.F.);
#519=ORIENTED_EDGE('',*,*,#874,.T.);
#520=ORIENTED_EDGE('',*,*,#854,.T.);
#521=ORIENTED_EDGE('',*,*,#859,.F.);
#522=ORIENTED_EDGE('',*,*,#869,.F.);
#523=ORIENTED_EDGE('',*,*,#1031,.T.);
#524=ORIENTED_EDGE('',*,*,#849,.T.);
#525=ORIENTED_EDGE('',*,*,#1032,.F.);
#526=ORIENTED_EDGE('',*,*,#864,.F.);
#527=ORIENTED_EDGE('',*,*,#861,.T.);
#528=ORIENTED_EDGE('',*,*,#848,.T.);
#529=ORIENTED_EDGE('',*,*,#872,.F.);
#530=ORIENTED_EDGE('',*,*,#865,.F.);
#531=ORIENTED_EDGE('',*,*,#1032,.T.);
#532=ORIENTED_EDGE('',*,*,#1033,.T.);
#533=ORIENTED_EDGE('',*,*,#1034,.F.);
#534=ORIENTED_EDGE('',*,*,#1035,.F.);
#535=ORIENTED_EDGE('',*,*,#1036,.T.);
#536=ORIENTED_EDGE('',*,*,#1037,.T.);
#537=ORIENTED_EDGE('',*,*,#1038,.F.);
#538=ORIENTED_EDGE('',*,*,#1039,.F.);
#539=ORIENTED_EDGE('',*,*,#1034,.T.);
#540=ORIENTED_EDGE('',*,*,#1040,.T.);
#541=ORIENTED_EDGE('',*,*,#1041,.F.);
#542=ORIENTED_EDGE('',*,*,#1042,.F.);
#543=ORIENTED_EDGE('',*,*,#1038,.T.);
#544=ORIENTED_EDGE('',*,*,#1043,.T.);
#545=ORIENTED_EDGE('',*,*,#1044,.F.);
#546=ORIENTED_EDGE('',*,*,#1045,.F.);
#547=ORIENTED_EDGE('',*,*,#1041,.T.);
#548=ORIENTED_EDGE('',*,*,#1046,.T.);
#549=ORIENTED_EDGE('',*,*,#1047,.T.);
#550=ORIENTED_EDGE('',*,*,#1048,.F.);
#551=ORIENTED_EDGE('',*,*,#1044,.T.);
#552=ORIENTED_EDGE('',*,*,#1049,.F.);
#553=ORIENTED_EDGE('',*,*,#1050,.T.);
#554=ORIENTED_EDGE('',*,*,#1051,.T.);
#555=ORIENTED_EDGE('',*,*,#1052,.F.);
#556=ORIENTED_EDGE('',*,*,#1053,.T.);
#557=ORIENTED_EDGE('',*,*,#1054,.F.);
#558=ORIENTED_EDGE('',*,*,#1055,.F.);
#559=ORIENTED_EDGE('',*,*,#1052,.T.);
#560=ORIENTED_EDGE('',*,*,#1056,.T.);
#561=ORIENTED_EDGE('',*,*,#1057,.F.);
#562=ORIENTED_EDGE('',*,*,#1058,.F.);
#563=ORIENTED_EDGE('',*,*,#1054,.T.);
#564=ORIENTED_EDGE('',*,*,#1059,.T.);
#565=ORIENTED_EDGE('',*,*,#1060,.F.);
#566=ORIENTED_EDGE('',*,*,#1061,.F.);
#567=ORIENTED_EDGE('',*,*,#1057,.T.);
#568=ORIENTED_EDGE('',*,*,#1062,.T.);
#569=ORIENTED_EDGE('',*,*,#1063,.F.);
#570=ORIENTED_EDGE('',*,*,#1064,.F.);
#571=ORIENTED_EDGE('',*,*,#1060,.T.);
#572=ORIENTED_EDGE('',*,*,#1065,.T.);
#573=ORIENTED_EDGE('',*,*,#1066,.F.);
#574=ORIENTED_EDGE('',*,*,#1067,.F.);
#575=ORIENTED_EDGE('',*,*,#1063,.T.);
#576=ORIENTED_EDGE('',*,*,#1068,.T.);
#577=ORIENTED_EDGE('',*,*,#1069,.F.);
#578=ORIENTED_EDGE('',*,*,#1070,.F.);
#579=ORIENTED_EDGE('',*,*,#1066,.T.);
#580=ORIENTED_EDGE('',*,*,#1071,.T.);
#581=ORIENTED_EDGE('',*,*,#1072,.F.);
#582=ORIENTED_EDGE('',*,*,#1073,.F.);
#583=ORIENTED_EDGE('',*,*,#1069,.T.);
#584=ORIENTED_EDGE('',*,*,#1074,.T.);
#585=ORIENTED_EDGE('',*,*,#1075,.T.);
#586=ORIENTED_EDGE('',*,*,#1076,.F.);
#587=ORIENTED_EDGE('',*,*,#1072,.T.);
#588=ORIENTED_EDGE('',*,*,#1077,.F.);
#589=ORIENTED_EDGE('',*,*,#1078,.T.);
#590=ORIENTED_EDGE('',*,*,#1079,.T.);
#591=ORIENTED_EDGE('',*,*,#1080,.F.);
#592=ORIENTED_EDGE('',*,*,#1081,.T.);
#593=ORIENTED_EDGE('',*,*,#1082,.F.);
#594=ORIENTED_EDGE('',*,*,#1083,.F.);
#595=ORIENTED_EDGE('',*,*,#1080,.T.);
#596=ORIENTED_EDGE('',*,*,#1084,.T.);
#597=ORIENTED_EDGE('',*,*,#1085,.F.);
#598=ORIENTED_EDGE('',*,*,#1086,.F.);
#599=ORIENTED_EDGE('',*,*,#1082,.T.);
#600=ORIENTED_EDGE('',*,*,#1087,.T.);
#601=ORIENTED_EDGE('',*,*,#1088,.F.);
#602=ORIENTED_EDGE('',*,*,#1089,.F.);
#603=ORIENTED_EDGE('',*,*,#1085,.T.);
#604=ORIENTED_EDGE('',*,*,#1090,.T.);
#605=ORIENTED_EDGE('',*,*,#1091,.F.);
#606=ORIENTED_EDGE('',*,*,#1092,.F.);
#607=ORIENTED_EDGE('',*,*,#1088,.T.);
#608=ORIENTED_EDGE('',*,*,#1093,.T.);
#609=ORIENTED_EDGE('',*,*,#1094,.F.);
#610=ORIENTED_EDGE('',*,*,#1095,.F.);
#611=ORIENTED_EDGE('',*,*,#1091,.T.);
#612=ORIENTED_EDGE('',*,*,#1096,.T.);
#613=ORIENTED_EDGE('',*,*,#1097,.F.);
#614=ORIENTED_EDGE('',*,*,#1098,.F.);
#615=ORIENTED_EDGE('',*,*,#1094,.T.);
#616=ORIENTED_EDGE('',*,*,#1099,.T.);
#617=ORIENTED_EDGE('',*,*,#1100,.F.);
#618=ORIENTED_EDGE('',*,*,#1101,.F.);
#619=ORIENTED_EDGE('',*,*,#1097,.T.);
#620=ORIENTED_EDGE('',*,*,#1102,.T.);
#621=ORIENTED_EDGE('',*,*,#1103,.F.);
#622=ORIENTED_EDGE('',*,*,#1104,.F.);
#623=ORIENTED_EDGE('',*,*,#1100,.T.);
#624=ORIENTED_EDGE('',*,*,#1105,.T.);
#625=ORIENTED_EDGE('',*,*,#1106,.F.);
#626=ORIENTED_EDGE('',*,*,#1107,.F.);
#627=ORIENTED_EDGE('',*,*,#1103,.T.);
#628=ORIENTED_EDGE('',*,*,#1108,.T.);
#629=ORIENTED_EDGE('',*,*,#1109,.F.);
#630=ORIENTED_EDGE('',*,*,#1110,.F.);
#631=ORIENTED_EDGE('',*,*,#1106,.T.);
#632=ORIENTED_EDGE('',*,*,#1111,.T.);
#633=ORIENTED_EDGE('',*,*,#1036,.F.);
#634=ORIENTED_EDGE('',*,*,#1112,.F.);
#635=ORIENTED_EDGE('',*,*,#1109,.T.);
#636=ORIENTED_EDGE('',*,*,#1035,.T.);
#637=ORIENTED_EDGE('',*,*,#1039,.T.);
#638=ORIENTED_EDGE('',*,*,#1042,.T.);
#639=ORIENTED_EDGE('',*,*,#1045,.T.);
#640=ORIENTED_EDGE('',*,*,#1048,.T.);
#641=ORIENTED_EDGE('',*,*,#1113,.T.);
#642=ORIENTED_EDGE('',*,*,#1049,.T.);
#643=ORIENTED_EDGE('',*,*,#1055,.T.);
#644=ORIENTED_EDGE('',*,*,#1058,.T.);
#645=ORIENTED_EDGE('',*,*,#1061,.T.);
#646=ORIENTED_EDGE('',*,*,#1064,.T.);
#647=ORIENTED_EDGE('',*,*,#1067,.T.);
#648=ORIENTED_EDGE('',*,*,#1070,.T.);
#649=ORIENTED_EDGE('',*,*,#1073,.T.);
#650=ORIENTED_EDGE('',*,*,#1076,.T.);
#651=ORIENTED_EDGE('',*,*,#1114,.T.);
#652=ORIENTED_EDGE('',*,*,#1077,.T.);
#653=ORIENTED_EDGE('',*,*,#1083,.T.);
#654=ORIENTED_EDGE('',*,*,#1086,.T.);
#655=ORIENTED_EDGE('',*,*,#1089,.T.);
#656=ORIENTED_EDGE('',*,*,#1092,.T.);
#657=ORIENTED_EDGE('',*,*,#1095,.T.);
#658=ORIENTED_EDGE('',*,*,#1098,.T.);
#659=ORIENTED_EDGE('',*,*,#1101,.T.);
#660=ORIENTED_EDGE('',*,*,#1104,.T.);
#661=ORIENTED_EDGE('',*,*,#1107,.T.);
#662=ORIENTED_EDGE('',*,*,#1110,.T.);
#663=ORIENTED_EDGE('',*,*,#1112,.T.);
#664=ORIENTED_EDGE('',*,*,#1033,.F.);
#665=ORIENTED_EDGE('',*,*,#1111,.F.);
#666=ORIENTED_EDGE('',*,*,#1108,.F.);
#667=ORIENTED_EDGE('',*,*,#1105,.F.);
#668=ORIENTED_EDGE('',*,*,#1102,.F.);
#669=ORIENTED_EDGE('',*,*,#1099,.F.);
#670=ORIENTED_EDGE('',*,*,#1096,.F.);
#671=ORIENTED_EDGE('',*,*,#1093,.F.);
#672=ORIENTED_EDGE('',*,*,#1090,.F.);
#673=ORIENTED_EDGE('',*,*,#1087,.F.);
#674=ORIENTED_EDGE('',*,*,#1084,.F.);
#675=ORIENTED_EDGE('',*,*,#1081,.F.);
#676=ORIENTED_EDGE('',*,*,#1079,.F.);
#677=ORIENTED_EDGE('',*,*,#1115,.F.);
#678=ORIENTED_EDGE('',*,*,#1074,.F.);
#679=ORIENTED_EDGE('',*,*,#1071,.F.);
#680=ORIENTED_EDGE('',*,*,#1068,.F.);
#681=ORIENTED_EDGE('',*,*,#1065,.F.);
#682=ORIENTED_EDGE('',*,*,#1062,.F.);
#683=ORIENTED_EDGE('',*,*,#1059,.F.);
#684=ORIENTED_EDGE('',*,*,#1056,.F.);
#685=ORIENTED_EDGE('',*,*,#1053,.F.);
#686=ORIENTED_EDGE('',*,*,#1051,.F.);
#687=ORIENTED_EDGE('',*,*,#1116,.F.);
#688=ORIENTED_EDGE('',*,*,#1046,.F.);
#689=ORIENTED_EDGE('',*,*,#1043,.F.);
#690=ORIENTED_EDGE('',*,*,#1040,.F.);
#691=ORIENTED_EDGE('',*,*,#1037,.F.);
#692=ORIENTED_EDGE('',*,*,#1117,.T.);
#693=ORIENTED_EDGE('',*,*,#1114,.F.);
#694=ORIENTED_EDGE('',*,*,#1075,.F.);
#695=ORIENTED_EDGE('',*,*,#1115,.T.);
#696=ORIENTED_EDGE('',*,*,#1078,.F.);
#697=ORIENTED_EDGE('',*,*,#1117,.F.);
#698=ORIENTED_EDGE('',*,*,#1118,.T.);
#699=ORIENTED_EDGE('',*,*,#1113,.F.);
#700=ORIENTED_EDGE('',*,*,#1047,.F.);
#701=ORIENTED_EDGE('',*,*,#1116,.T.);
#702=ORIENTED_EDGE('',*,*,#1050,.F.);
#703=ORIENTED_EDGE('',*,*,#1118,.F.);
#704=ORIENTED_EDGE('',*,*,#1119,.F.);
#705=ORIENTED_EDGE('',*,*,#1120,.F.);
#706=ORIENTED_EDGE('',*,*,#1121,.F.);
#707=ORIENTED_EDGE('',*,*,#1122,.F.);
#708=ORIENTED_EDGE('',*,*,#1119,.T.);
#709=ORIENTED_EDGE('',*,*,#1123,.T.);
#710=ORIENTED_EDGE('',*,*,#1124,.F.);
#711=ORIENTED_EDGE('',*,*,#1125,.T.);
#712=ORIENTED_EDGE('',*,*,#1121,.T.);
#713=ORIENTED_EDGE('',*,*,#1126,.F.);
#714=ORIENTED_EDGE('',*,*,#1127,.F.);
#715=ORIENTED_EDGE('',*,*,#1124,.T.);
#716=ORIENTED_EDGE('',*,*,#1127,.T.);
#717=ORIENTED_EDGE('',*,*,#1126,.T.);
#718=ORIENTED_EDGE('',*,*,#1123,.F.);
#719=ORIENTED_EDGE('',*,*,#1120,.T.);
#720=ORIENTED_EDGE('',*,*,#1122,.T.);
#721=ORIENTED_EDGE('',*,*,#1125,.F.);
#722=ORIENTED_EDGE('',*,*,#1128,.F.);
#723=ORIENTED_EDGE('',*,*,#1129,.F.);
#724=ORIENTED_EDGE('',*,*,#1130,.F.);
#725=ORIENTED_EDGE('',*,*,#1131,.T.);
#726=ORIENTED_EDGE('',*,*,#1128,.T.);
#727=ORIENTED_EDGE('',*,*,#1132,.F.);
#728=ORIENTED_EDGE('',*,*,#1133,.F.);
#729=ORIENTED_EDGE('',*,*,#1134,.F.);
#730=ORIENTED_EDGE('',*,*,#1130,.T.);
#731=ORIENTED_EDGE('',*,*,#1135,.T.);
#732=ORIENTED_EDGE('',*,*,#1136,.F.);
#733=ORIENTED_EDGE('',*,*,#1133,.T.);
#734=ORIENTED_EDGE('',*,*,#1136,.T.);
#735=ORIENTED_EDGE('',*,*,#1135,.F.);
#736=ORIENTED_EDGE('',*,*,#1132,.T.);
#737=ORIENTED_EDGE('',*,*,#1129,.T.);
#738=ORIENTED_EDGE('',*,*,#1131,.F.);
#739=ORIENTED_EDGE('',*,*,#1134,.T.);
#740=ORIENTED_EDGE('',*,*,#1137,.T.);
#741=ORIENTED_EDGE('',*,*,#1138,.F.);
#742=ORIENTED_EDGE('',*,*,#1139,.F.);
#743=ORIENTED_EDGE('',*,*,#1140,.T.);
#744=ORIENTED_EDGE('',*,*,#1141,.T.);
#745=ORIENTED_EDGE('',*,*,#1142,.T.);
#746=ORIENTED_EDGE('',*,*,#1143,.T.);
#747=ORIENTED_EDGE('',*,*,#1144,.T.);
#748=ORIENTED_EDGE('',*,*,#1145,.T.);
#749=ORIENTED_EDGE('',*,*,#1146,.T.);
#750=ORIENTED_EDGE('',*,*,#1147,.T.);
#751=ORIENTED_EDGE('',*,*,#1148,.F.);
#752=ORIENTED_EDGE('',*,*,#1149,.F.);
#753=ORIENTED_EDGE('',*,*,#1138,.T.);
#754=ORIENTED_EDGE('',*,*,#1150,.T.);
#755=ORIENTED_EDGE('',*,*,#1151,.F.);
#756=ORIENTED_EDGE('',*,*,#1152,.F.);
#757=ORIENTED_EDGE('',*,*,#1148,.T.);
#758=ORIENTED_EDGE('',*,*,#1153,.T.);
#759=ORIENTED_EDGE('',*,*,#1154,.T.);
#760=ORIENTED_EDGE('',*,*,#1155,.T.);
#761=ORIENTED_EDGE('',*,*,#1156,.T.);
#762=ORIENTED_EDGE('',*,*,#1157,.T.);
#763=ORIENTED_EDGE('',*,*,#1158,.T.);
#764=ORIENTED_EDGE('',*,*,#1159,.T.);
#765=ORIENTED_EDGE('',*,*,#1140,.F.);
#766=ORIENTED_EDGE('',*,*,#1160,.F.);
#767=ORIENTED_EDGE('',*,*,#1151,.T.);
#768=ORIENTED_EDGE('',*,*,#1139,.T.);
#769=ORIENTED_EDGE('',*,*,#1149,.T.);
#770=ORIENTED_EDGE('',*,*,#1152,.T.);
#771=ORIENTED_EDGE('',*,*,#1160,.T.);
#772=ORIENTED_EDGE('',*,*,#1147,.F.);
#773=ORIENTED_EDGE('',*,*,#1161,.T.);
#774=ORIENTED_EDGE('',*,*,#1145,.F.);
#775=ORIENTED_EDGE('',*,*,#1162,.T.);
#776=ORIENTED_EDGE('',*,*,#1143,.F.);
#777=ORIENTED_EDGE('',*,*,#1163,.T.);
#778=ORIENTED_EDGE('',*,*,#1141,.F.);
#779=ORIENTED_EDGE('',*,*,#1137,.F.);
#780=ORIENTED_EDGE('',*,*,#1159,.F.);
#781=ORIENTED_EDGE('',*,*,#1164,.T.);
#782=ORIENTED_EDGE('',*,*,#1157,.F.);
#783=ORIENTED_EDGE('',*,*,#1165,.T.);
#784=ORIENTED_EDGE('',*,*,#1155,.F.);
#785=ORIENTED_EDGE('',*,*,#1166,.T.);
#786=ORIENTED_EDGE('',*,*,#1153,.F.);
#787=ORIENTED_EDGE('',*,*,#1150,.F.);
#788=ORIENTED_EDGE('',*,*,#1158,.F.);
#789=ORIENTED_EDGE('',*,*,#1167,.T.);
#790=ORIENTED_EDGE('',*,*,#1168,.T.);
#791=ORIENTED_EDGE('',*,*,#1164,.F.);
#792=ORIENTED_EDGE('',*,*,#1167,.F.);
#793=ORIENTED_EDGE('',*,*,#1156,.F.);
#794=ORIENTED_EDGE('',*,*,#1169,.T.);
#795=ORIENTED_EDGE('',*,*,#1170,.T.);
#796=ORIENTED_EDGE('',*,*,#1165,.F.);
#797=ORIENTED_EDGE('',*,*,#1169,.F.);
#798=ORIENTED_EDGE('',*,*,#1154,.F.);
#799=ORIENTED_EDGE('',*,*,#1171,.T.);
#800=ORIENTED_EDGE('',*,*,#1172,.T.);
#801=ORIENTED_EDGE('',*,*,#1166,.F.);
#802=ORIENTED_EDGE('',*,*,#1171,.F.);
#803=ORIENTED_EDGE('',*,*,#1173,.F.);
#804=ORIENTED_EDGE('',*,*,#1168,.F.);
#805=ORIENTED_EDGE('',*,*,#1174,.F.);
#806=ORIENTED_EDGE('',*,*,#1170,.F.);
#807=ORIENTED_EDGE('',*,*,#1175,.F.);
#808=ORIENTED_EDGE('',*,*,#1172,.F.);
#809=ORIENTED_EDGE('',*,*,#1176,.F.);
#810=ORIENTED_EDGE('',*,*,#1173,.T.);
#811=ORIENTED_EDGE('',*,*,#1176,.T.);
#812=ORIENTED_EDGE('',*,*,#1177,.F.);
#813=ORIENTED_EDGE('',*,*,#1174,.T.);
#814=ORIENTED_EDGE('',*,*,#1177,.T.);
#815=ORIENTED_EDGE('',*,*,#1178,.F.);
#816=ORIENTED_EDGE('',*,*,#1175,.T.);
#817=ORIENTED_EDGE('',*,*,#1178,.T.);
#818=ORIENTED_EDGE('',*,*,#1142,.F.);
#819=ORIENTED_EDGE('',*,*,#1179,.T.);
#820=ORIENTED_EDGE('',*,*,#1180,.T.);
#821=ORIENTED_EDGE('',*,*,#1179,.F.);
#822=ORIENTED_EDGE('',*,*,#1163,.F.);
#823=ORIENTED_EDGE('',*,*,#1144,.F.);
#824=ORIENTED_EDGE('',*,*,#1181,.T.);
#825=ORIENTED_EDGE('',*,*,#1182,.T.);
#826=ORIENTED_EDGE('',*,*,#1181,.F.);
#827=ORIENTED_EDGE('',*,*,#1162,.F.);
#828=ORIENTED_EDGE('',*,*,#1146,.F.);
#829=ORIENTED_EDGE('',*,*,#1183,.T.);
#830=ORIENTED_EDGE('',*,*,#1184,.T.);
#831=ORIENTED_EDGE('',*,*,#1183,.F.);
#832=ORIENTED_EDGE('',*,*,#1161,.F.);
#833=ORIENTED_EDGE('',*,*,#1185,.F.);
#834=ORIENTED_EDGE('',*,*,#1180,.F.);
#835=ORIENTED_EDGE('',*,*,#1186,.F.);
#836=ORIENTED_EDGE('',*,*,#1182,.F.);
#837=ORIENTED_EDGE('',*,*,#1187,.F.);
#838=ORIENTED_EDGE('',*,*,#1184,.F.);
#839=ORIENTED_EDGE('',*,*,#1188,.F.);
#840=ORIENTED_EDGE('',*,*,#1185,.T.);
#841=ORIENTED_EDGE('',*,*,#1188,.T.);
#842=ORIENTED_EDGE('',*,*,#1189,.F.);
#843=ORIENTED_EDGE('',*,*,#1186,.T.);
#844=ORIENTED_EDGE('',*,*,#1189,.T.);
#845=ORIENTED_EDGE('',*,*,#1190,.F.);
#846=ORIENTED_EDGE('',*,*,#1187,.T.);
#847=ORIENTED_EDGE('',*,*,#1190,.T.);
#848=EDGE_CURVE('',#1191,#1192,#1421,.T.);
#849=EDGE_CURVE('',#1193,#1191,#1422,.T.);
#850=EDGE_CURVE('',#1193,#1194,#1423,.T.);
#851=EDGE_CURVE('',#1195,#1194,#1424,.T.);
#852=EDGE_CURVE('',#1192,#1195,#1425,.T.);
#853=EDGE_CURVE('',#1196,#1197,#1426,.T.);
#854=EDGE_CURVE('',#1198,#1197,#1427,.T.);
#855=EDGE_CURVE('',#1199,#1198,#1428,.T.);
#856=EDGE_CURVE('',#1200,#1199,#1429,.T.);
#857=EDGE_CURVE('',#1196,#1200,#1430,.T.);
#858=EDGE_CURVE('',#1201,#1202,#1431,.T.);
#859=EDGE_CURVE('',#1202,#1197,#1432,.T.);
#860=EDGE_CURVE('',#1201,#1196,#1433,.T.);
#861=EDGE_CURVE('',#1203,#1193,#1434,.T.);
#862=EDGE_CURVE('',#1203,#1204,#1435,.T.);
#863=EDGE_CURVE('',#1194,#1204,#1436,.T.);
#864=EDGE_CURVE('',#1203,#1205,#1437,.T.);
#865=EDGE_CURVE('',#1205,#1206,#1438,.T.);
#866=EDGE_CURVE('',#1206,#1207,#1439,.T.);
#867=EDGE_CURVE('',#1204,#1207,#1440,.T.);
#868=EDGE_CURVE('',#1208,#1209,#1441,.T.);
#869=EDGE_CURVE('',#1209,#1202,#1442,.T.);
#870=EDGE_CURVE('',#1210,#1201,#1443,.T.);
#871=EDGE_CURVE('',#1210,#1208,#1444,.T.);
#872=EDGE_CURVE('',#1206,#1192,#1445,.T.);
#873=EDGE_CURVE('',#1207,#1195,#1446,.T.);
#874=EDGE_CURVE('',#1208,#1199,#1447,.T.);
#875=EDGE_CURVE('',#1200,#1210,#1448,.T.);
#876=EDGE_CURVE('',#1211,#1212,#1449,.T.);
#877=EDGE_CURVE('',#1213,#1212,#1450,.T.);
#878=EDGE_CURVE('',#1213,#1214,#1451,.T.);
#879=EDGE_CURVE('',#1214,#1215,#1452,.T.);
#880=EDGE_CURVE('',#1215,#1216,#1453,.T.);
#881=EDGE_CURVE('',#1217,#1216,#1454,.T.);
#882=EDGE_CURVE('',#1218,#1217,#1455,.T.);
#883=EDGE_CURVE('',#1218,#1211,#1456,.T.);
#884=EDGE_CURVE('',#1219,#1220,#1457,.T.);
#885=EDGE_CURVE('',#1221,#1220,#1458,.T.);
#886=EDGE_CURVE('',#1221,#1222,#1459,.T.);
#887=EDGE_CURVE('',#1222,#1223,#1460,.T.);
#888=EDGE_CURVE('',#1223,#1224,#1461,.T.);
#889=EDGE_CURVE('',#1225,#1224,#1462,.T.);
#890=EDGE_CURVE('',#1225,#1226,#1463,.T.);
#891=EDGE_CURVE('',#1226,#1219,#1464,.T.);
#892=EDGE_CURVE('',#1227,#1228,#1465,.T.);
#893=EDGE_CURVE('',#1228,#1229,#83,.T.);
#894=EDGE_CURVE('',#1229,#1230,#1466,.T.);
#895=EDGE_CURVE('',#1230,#1231,#84,.T.);
#896=EDGE_CURVE('',#1231,#1232,#1467,.T.);
#897=EDGE_CURVE('',#1233,#1232,#1468,.T.);
#898=EDGE_CURVE('',#1222,#1233,#1469,.T.);
#899=EDGE_CURVE('',#1234,#1221,#1470,.T.);
#900=EDGE_CURVE('',#1227,#1234,#1471,.T.);
#901=EDGE_CURVE('',#1235,#1232,#1472,.T.);
#902=EDGE_CURVE('',#1235,#1236,#1473,.T.);
#903=EDGE_CURVE('',#1237,#1236,#1474,.T.);
#904=EDGE_CURVE('',#1238,#1237,#1475,.T.);
#905=EDGE_CURVE('',#1238,#1233,#1476,.T.);
#906=EDGE_CURVE('',#1239,#1240,#1477,.T.);
#907=EDGE_CURVE('',#1239,#1241,#1478,.T.);
#908=EDGE_CURVE('',#1242,#1241,#1479,.T.);
#909=EDGE_CURVE('',#1243,#1242,#1480,.T.);
#910=EDGE_CURVE('',#1243,#1244,#1481,.T.);
#911=EDGE_CURVE('',#1244,#1240,#1482,.T.);
#912=EDGE_CURVE('',#1227,#1245,#1483,.T.);
#913=EDGE_CURVE('',#1246,#1234,#1484,.T.);
#914=EDGE_CURVE('',#1247,#1246,#1485,.T.);
#915=EDGE_CURVE('',#1247,#1248,#1486,.T.);
#916=EDGE_CURVE('',#1248,#1245,#1487,.T.);
#917=EDGE_CURVE('',#1249,#1250,#1488,.T.);
#918=EDGE_CURVE('',#1249,#1251,#1489,.T.);
#919=EDGE_CURVE('',#1252,#1251,#1490,.T.);
#920=EDGE_CURVE('',#1253,#1252,#1491,.T.);
#921=EDGE_CURVE('',#1253,#1254,#1492,.T.);
#922=EDGE_CURVE('',#1254,#1250,#1493,.T.);
#923=EDGE_CURVE('',#1255,#1256,#1494,.T.);
#924=EDGE_CURVE('',#1256,#1257,#85,.T.);
#925=EDGE_CURVE('',#1258,#1257,#1495,.T.);
#926=EDGE_CURVE('',#1255,#1258,#1496,.T.);
#927=EDGE_CURVE('',#1259,#1260,#1497,.T.);
#928=EDGE_CURVE('',#1259,#1261,#86,.T.);
#929=EDGE_CURVE('',#1261,#1262,#1498,.T.);
#930=EDGE_CURVE('',#1262,#1260,#1499,.T.);
#931=EDGE_CURVE('',#1263,#1264,#1500,.T.);
#932=EDGE_CURVE('',#1265,#1263,#1501,.T.);
#933=EDGE_CURVE('',#1265,#1262,#1502,.T.);
#934=EDGE_CURVE('',#1256,#1261,#1503,.T.);
#935=EDGE_CURVE('',#1255,#1266,#1504,.T.);
#936=EDGE_CURVE('',#1267,#1266,#1505,.T.);
#937=EDGE_CURVE('',#1268,#1267,#1506,.T.);
#938=EDGE_CURVE('',#1268,#1264,#1507,.T.);
#939=EDGE_CURVE('',#1269,#1270,#1508,.T.);
#940=EDGE_CURVE('',#1271,#1269,#1509,.T.);
#941=EDGE_CURVE('',#1271,#1258,#1510,.T.);
#942=EDGE_CURVE('',#1257,#1259,#1511,.T.);
#943=EDGE_CURVE('',#1260,#1272,#1512,.T.);
#944=EDGE_CURVE('',#1273,#1272,#1513,.T.);
#945=EDGE_CURVE('',#1274,#1273,#1514,.T.);
#946=EDGE_CURVE('',#1270,#1274,#1515,.T.);
#947=EDGE_CURVE('',#1246,#1253,#1516,.T.);
#948=EDGE_CURVE('',#1220,#1275,#1517,.T.);
#949=EDGE_CURVE('',#1270,#1275,#1518,.T.);
#950=EDGE_CURVE('',#1276,#1274,#1519,.T.);
#951=EDGE_CURVE('',#1276,#1215,#1520,.T.);
#952=EDGE_CURVE('',#1214,#1254,#1521,.T.);
#953=EDGE_CURVE('',#1242,#1238,#1522,.T.);
#954=EDGE_CURVE('',#1241,#1213,#1523,.T.);
#955=EDGE_CURVE('',#1212,#1277,#1524,.T.);
#956=EDGE_CURVE('',#1264,#1277,#1525,.T.);
#957=EDGE_CURVE('',#1278,#1268,#1526,.T.);
#958=EDGE_CURVE('',#1278,#1223,#1527,.T.);
#959=EDGE_CURVE('',#1279,#1250,#1528,.T.);
#960=EDGE_CURVE('',#1239,#1280,#1529,.T.);
#961=EDGE_CURVE('',#1280,#1281,#87,.T.);
#962=EDGE_CURVE('',#1281,#1282,#1530,.T.);
#963=EDGE_CURVE('',#1282,#1279,#88,.T.);
#964=EDGE_CURVE('',#1283,#1217,#1531,.T.);
#965=EDGE_CURVE('',#1272,#1283,#1532,.T.);
#966=EDGE_CURVE('',#1284,#1265,#1533,.T.);
#967=EDGE_CURVE('',#1218,#1284,#1534,.T.);
#968=EDGE_CURVE('',#1285,#1225,#1535,.T.);
#969=EDGE_CURVE('',#1266,#1285,#1536,.T.);
#970=EDGE_CURVE('',#1286,#1271,#1537,.T.);
#971=EDGE_CURVE('',#1226,#1286,#1538,.T.);
#972=EDGE_CURVE('',#1269,#1287,#1539,.T.);
#973=EDGE_CURVE('',#1287,#1286,#1540,.T.);
#974=EDGE_CURVE('',#1287,#1288,#1541,.T.);
#975=EDGE_CURVE('',#1288,#1219,#1542,.T.);
#976=EDGE_CURVE('',#1275,#1288,#1543,.T.);
#977=EDGE_CURVE('',#1285,#1289,#1544,.T.);
#978=EDGE_CURVE('',#1289,#1267,#1545,.T.);
#979=EDGE_CURVE('',#1224,#1290,#1546,.T.);
#980=EDGE_CURVE('',#1289,#1290,#1547,.T.);
#981=EDGE_CURVE('',#1290,#1278,#1548,.T.);
#982=EDGE_CURVE('',#1263,#1291,#1549,.T.);
#983=EDGE_CURVE('',#1291,#1284,#1550,.T.);
#984=EDGE_CURVE('',#1291,#1292,#1551,.T.);
#985=EDGE_CURVE('',#1292,#1211,#1552,.T.);
#986=EDGE_CURVE('',#1277,#1292,#1553,.T.);
#987=EDGE_CURVE('',#1293,#1276,#1554,.T.);
#988=EDGE_CURVE('',#1216,#1293,#1555,.T.);
#989=EDGE_CURVE('',#1283,#1294,#1556,.T.);
#990=EDGE_CURVE('',#1294,#1273,#1557,.T.);
#991=EDGE_CURVE('',#1294,#1293,#1558,.T.);
#992=EDGE_CURVE('',#1261,#1256,#89,.T.);
#993=EDGE_CURVE('',#1295,#1295,#90,.T.);
#994=EDGE_CURVE('',#1296,#1296,#91,.T.);
#995=EDGE_CURVE('',#1297,#1298,#92,.T.);
#996=EDGE_CURVE('',#1299,#1297,#1559,.T.);
#997=EDGE_CURVE('',#1300,#1299,#1560,.T.);
#998=EDGE_CURVE('',#1298,#1300,#1561,.T.);
#999=EDGE_CURVE('',#1301,#1302,#93,.T.);
#1000=EDGE_CURVE('',#1301,#1297,#50,.T.);
#1001=EDGE_CURVE('',#1298,#1302,#51,.T.);
#1002=EDGE_CURVE('',#1257,#1259,#94,.T.);
#1003=EDGE_CURVE('',#1302,#1301,#95,.T.);
#1004=EDGE_CURVE('',#1236,#1244,#1562,.T.);
#1005=EDGE_CURVE('',#1237,#1243,#1563,.T.);
#1006=EDGE_CURVE('',#1252,#1247,#1564,.T.);
#1007=EDGE_CURVE('',#1251,#1248,#1565,.T.);
#1008=EDGE_CURVE('',#1303,#1231,#1566,.T.);
#1009=EDGE_CURVE('',#1303,#1235,#1567,.T.);
#1010=EDGE_CURVE('',#1240,#1304,#1568,.T.);
#1011=EDGE_CURVE('',#1304,#1280,#1569,.T.);
#1012=EDGE_CURVE('',#1245,#1305,#1570,.T.);
#1013=EDGE_CURVE('',#1305,#1228,#1571,.T.);
#1014=EDGE_CURVE('',#1306,#1279,#1572,.T.);
#1015=EDGE_CURVE('',#1306,#1249,#1573,.T.);
#1016=EDGE_CURVE('',#1307,#1303,#96,.T.);
#1017=EDGE_CURVE('',#1308,#1307,#1574,.T.);
#1018=EDGE_CURVE('',#1305,#1308,#97,.T.);
#1019=EDGE_CURVE('',#1309,#1306,#98,.T.);
#1020=EDGE_CURVE('',#1310,#1309,#1575,.T.);
#1021=EDGE_CURVE('',#1304,#1310,#99,.T.);
#1022=EDGE_CURVE('',#1308,#1229,#1576,.T.);
#1023=EDGE_CURVE('',#1307,#1230,#1577,.T.);
#1024=EDGE_CURVE('',#1310,#1281,#1578,.T.);
#1025=EDGE_CURVE('',#1309,#1282,#1579,.T.);
#1026=EDGE_CURVE('',#1311,#1301,#1580,.T.);
#1027=EDGE_CURVE('',#1311,#1299,#1581,.T.);
#1028=EDGE_CURVE('',#1312,#1300,#1582,.T.);
#1029=EDGE_CURVE('',#1302,#1312,#1583,.T.);
#1030=EDGE_CURVE('',#1312,#1311,#1584,.T.);
#1031=EDGE_CURVE('',#1209,#1198,#1585,.T.);
#1032=EDGE_CURVE('',#1205,#1191,#1586,.T.);
#1033=EDGE_CURVE('',#1313,#1314,#1587,.T.);
#1034=EDGE_CURVE('',#1315,#1314,#1588,.T.);
#1035=EDGE_CURVE('',#1316,#1315,#1589,.T.);
#1036=EDGE_CURVE('',#1316,#1313,#1590,.T.);
#1037=EDGE_CURVE('',#1314,#1317,#100,.T.);
#1038=EDGE_CURVE('',#1318,#1317,#1591,.T.);
#1039=EDGE_CURVE('',#1315,#1318,#101,.T.);
#1040=EDGE_CURVE('',#1317,#1319,#1592,.T.);
#1041=EDGE_CURVE('',#1320,#1319,#1593,.T.);
#1042=EDGE_CURVE('',#1318,#1320,#1594,.T.);
#1043=EDGE_CURVE('',#1319,#1321,#102,.T.);
#1044=EDGE_CURVE('',#1322,#1321,#1595,.T.);
#1045=EDGE_CURVE('',#1320,#1322,#103,.T.);
#1046=EDGE_CURVE('',#1321,#1323,#1596,.T.);
#1047=EDGE_CURVE('',#1323,#1324,#104,.T.);
#1048=EDGE_CURVE('',#1322,#1324,#1597,.T.);
#1049=EDGE_CURVE('',#1325,#1326,#1598,.T.);
#1050=EDGE_CURVE('',#1325,#1327,#105,.T.);
#1051=EDGE_CURVE('',#1327,#1328,#1599,.T.);
#1052=EDGE_CURVE('',#1326,#1328,#1600,.T.);
#1053=EDGE_CURVE('',#1328,#1329,#1601,.T.);
#1054=EDGE_CURVE('',#1330,#1329,#1602,.T.);
#1055=EDGE_CURVE('',#1326,#1330,#1603,.T.);
#1056=EDGE_CURVE('',#1329,#1331,#1604,.T.);
#1057=EDGE_CURVE('',#1332,#1331,#1605,.T.);
#1058=EDGE_CURVE('',#1330,#1332,#1606,.T.);
#1059=EDGE_CURVE('',#1331,#1333,#1607,.T.);
#1060=EDGE_CURVE('',#1334,#1333,#1608,.T.);
#1061=EDGE_CURVE('',#1332,#1334,#1609,.T.);
#1062=EDGE_CURVE('',#1333,#1335,#1610,.T.);
#1063=EDGE_CURVE('',#1336,#1335,#1611,.T.);
#1064=EDGE_CURVE('',#1334,#1336,#1612,.T.);
#1065=EDGE_CURVE('',#1335,#1337,#1613,.T.);
#1066=EDGE_CURVE('',#1338,#1337,#1614,.T.);
#1067=EDGE_CURVE('',#1336,#1338,#1615,.T.);
#1068=EDGE_CURVE('',#1337,#1339,#1616,.T.);
#1069=EDGE_CURVE('',#1340,#1339,#1617,.T.);
#1070=EDGE_CURVE('',#1338,#1340,#1618,.T.);
#1071=EDGE_CURVE('',#1339,#1341,#1619,.T.);
#1072=EDGE_CURVE('',#1342,#1341,#1620,.T.);
#1073=EDGE_CURVE('',#1340,#1342,#1621,.T.);
#1074=EDGE_CURVE('',#1341,#1343,#1622,.T.);
#1075=EDGE_CURVE('',#1343,#1344,#106,.T.);
#1076=EDGE_CURVE('',#1342,#1344,#1623,.T.);
#1077=EDGE_CURVE('',#1345,#1346,#1624,.T.);
#1078=EDGE_CURVE('',#1345,#1347,#107,.T.);
#1079=EDGE_CURVE('',#1347,#1348,#1625,.T.);
#1080=EDGE_CURVE('',#1346,#1348,#1626,.T.);
#1081=EDGE_CURVE('',#1348,#1349,#108,.T.);
#1082=EDGE_CURVE('',#1350,#1349,#1627,.T.);
#1083=EDGE_CURVE('',#1346,#1350,#109,.T.);
#1084=EDGE_CURVE('',#1349,#1351,#1628,.T.);
#1085=EDGE_CURVE('',#1352,#1351,#1629,.T.);
#1086=EDGE_CURVE('',#1350,#1352,#1630,.T.);
#1087=EDGE_CURVE('',#1351,#1353,#110,.T.);
#1088=EDGE_CURVE('',#1354,#1353,#1631,.T.);
#1089=EDGE_CURVE('',#1352,#1354,#111,.T.);
#1090=EDGE_CURVE('',#1353,#1355,#1632,.T.);
#1091=EDGE_CURVE('',#1356,#1355,#1633,.T.);
#1092=EDGE_CURVE('',#1354,#1356,#1634,.T.);
#1093=EDGE_CURVE('',#1355,#1357,#112,.T.);
#1094=EDGE_CURVE('',#1358,#1357,#1635,.T.);
#1095=EDGE_CURVE('',#1356,#1358,#113,.T.);
#1096=EDGE_CURVE('',#1357,#1359,#1636,.T.);
#1097=EDGE_CURVE('',#1360,#1359,#1637,.T.);
#1098=EDGE_CURVE('',#1358,#1360,#1638,.T.);
#1099=EDGE_CURVE('',#1359,#1361,#114,.T.);
#1100=EDGE_CURVE('',#1362,#1361,#1639,.T.);
#1101=EDGE_CURVE('',#1360,#1362,#115,.T.);
#1102=EDGE_CURVE('',#1361,#1363,#1640,.T.);
#1103=EDGE_CURVE('',#1364,#1363,#1641,.T.);
#1104=EDGE_CURVE('',#1362,#1364,#1642,.T.);
#1105=EDGE_CURVE('',#1363,#1365,#116,.T.);
#1106=EDGE_CURVE('',#1366,#1365,#1643,.T.);
#1107=EDGE_CURVE('',#1364,#1366,#117,.T.);
#1108=EDGE_CURVE('',#1365,#1367,#1644,.T.);
#1109=EDGE_CURVE('',#1368,#1367,#1645,.T.);
#1110=EDGE_CURVE('',#1366,#1368,#1646,.T.);
#1111=EDGE_CURVE('',#1367,#1313,#118,.T.);
#1112=EDGE_CURVE('',#1368,#1316,#119,.T.);
#1113=EDGE_CURVE('',#1324,#1325,#1647,.T.);
#1114=EDGE_CURVE('',#1344,#1345,#1648,.T.);
#1115=EDGE_CURVE('',#1343,#1347,#1649,.T.);
#1116=EDGE_CURVE('',#1323,#1327,#1650,.T.);
#1117=EDGE_CURVE('',#1369,#1369,#120,.T.);
#1118=EDGE_CURVE('',#1370,#1370,#121,.T.);
#1119=EDGE_CURVE('',#1371,#1372,#122,.T.);
#1120=EDGE_CURVE('',#1372,#1371,#1651,.T.);
#1121=EDGE_CURVE('',#1373,#1374,#123,.T.);
#1122=EDGE_CURVE('',#1371,#1373,#1652,.T.);
#1123=EDGE_CURVE('',#1372,#1374,#1653,.T.);
#1124=EDGE_CURVE('',#1375,#1376,#124,.T.);
#1125=EDGE_CURVE('',#1375,#1373,#125,.T.);
#1126=EDGE_CURVE('',#1376,#1374,#126,.T.);
#1127=EDGE_CURVE('',#1375,#1376,#1654,.T.);
#1128=EDGE_CURVE('',#1377,#1378,#127,.T.);
#1129=EDGE_CURVE('',#1378,#1377,#1655,.T.);
#1130=EDGE_CURVE('',#1379,#1380,#128,.T.);
#1131=EDGE_CURVE('',#1379,#1377,#129,.T.);
#1132=EDGE_CURVE('',#1380,#1378,#130,.T.);
#1133=EDGE_CURVE('',#1381,#1382,#131,.T.);
#1134=EDGE_CURVE('',#1379,#1381,#1656,.T.);
#1135=EDGE_CURVE('',#1380,#1382,#1657,.T.);
#1136=EDGE_CURVE('',#1381,#1382,#1658,.T.);
#1137=EDGE_CURVE('',#1383,#1384,#1659,.T.);
#1138=EDGE_CURVE('',#1385,#1384,#1660,.T.);
#1139=EDGE_CURVE('',#1386,#1385,#1661,.T.);
#1140=EDGE_CURVE('',#1386,#1383,#1662,.T.);
#1141=EDGE_CURVE('',#1384,#1387,#1663,.T.);
#1142=EDGE_CURVE('',#1387,#1388,#1664,.T.);
#1143=EDGE_CURVE('',#1388,#1389,#1665,.T.);
#1144=EDGE_CURVE('',#1389,#1390,#1666,.T.);
#1145=EDGE_CURVE('',#1390,#1391,#1667,.T.);
#1146=EDGE_CURVE('',#1391,#1392,#1668,.T.);
#1147=EDGE_CURVE('',#1392,#1393,#1669,.T.);
#1148=EDGE_CURVE('',#1394,#1393,#1670,.T.);
#1149=EDGE_CURVE('',#1385,#1394,#1671,.T.);
#1150=EDGE_CURVE('',#1393,#1395,#1672,.T.);
#1151=EDGE_CURVE('',#1396,#1395,#1673,.T.);
#1152=EDGE_CURVE('',#1394,#1396,#1674,.T.);
#1153=EDGE_CURVE('',#1395,#1397,#1675,.T.);
#1154=EDGE_CURVE('',#1397,#1398,#1676,.T.);
#1155=EDGE_CURVE('',#1398,#1399,#1677,.T.);
#1156=EDGE_CURVE('',#1399,#1400,#1678,.T.);
#1157=EDGE_CURVE('',#1400,#1401,#1679,.T.);
#1158=EDGE_CURVE('',#1401,#1402,#1680,.T.);
#1159=EDGE_CURVE('',#1402,#1383,#1681,.T.);
#1160=EDGE_CURVE('',#1396,#1386,#1682,.T.);
#1161=EDGE_CURVE('',#1392,#1391,#132,.T.);
#1162=EDGE_CURVE('',#1390,#1389,#133,.T.);
#1163=EDGE_CURVE('',#1388,#1387,#134,.T.);
#1164=EDGE_CURVE('',#1402,#1401,#135,.T.);
#1165=EDGE_CURVE('',#1400,#1399,#136,.T.);
#1166=EDGE_CURVE('',#1398,#1397,#137,.T.);
#1167=EDGE_CURVE('',#1401,#1402,#138,.T.);
#1168=EDGE_CURVE('',#1403,#1403,#139,.T.);
#1169=EDGE_CURVE('',#1399,#1400,#140,.T.);
#1170=EDGE_CURVE('',#1404,#1404,#141,.T.);
#1171=EDGE_CURVE('',#1397,#1398,#142,.T.);
#1172=EDGE_CURVE('',#1405,#1405,#143,.T.);
#1173=EDGE_CURVE('',#1406,#1406,#144,.T.);
#1174=EDGE_CURVE('',#1407,#1407,#145,.T.);
#1175=EDGE_CURVE('',#1408,#1408,#146,.T.);
#1176=EDGE_CURVE('',#1409,#1409,#147,.T.);
#1177=EDGE_CURVE('',#1410,#1410,#148,.T.);
#1178=EDGE_CURVE('',#1411,#1411,#149,.T.);
#1179=EDGE_CURVE('',#1387,#1388,#150,.T.);
#1180=EDGE_CURVE('',#1412,#1412,#151,.T.);
#1181=EDGE_CURVE('',#1389,#1390,#152,.T.);
#1182=EDGE_CURVE('',#1413,#1413,#153,.T.);
#1183=EDGE_CURVE('',#1391,#1392,#154,.T.);
#1184=EDGE_CURVE('',#1414,#1414,#155,.T.);
#1185=EDGE_CURVE('',#1415,#1415,#156,.T.);
#1186=EDGE_CURVE('',#1416,#1416,#157,.T.);
#1187=EDGE_CURVE('',#1417,#1417,#158,.T.);
#1188=EDGE_CURVE('',#1418,#1418,#159,.T.);
#1189=EDGE_CURVE('',#1419,#1419,#160,.T.);
#1190=EDGE_CURVE('',#1420,#1420,#161,.T.);
#1191=VERTEX_POINT('',#3572);
#1192=VERTEX_POINT('',#3573);
#1193=VERTEX_POINT('',#3575);
#1194=VERTEX_POINT('',#3577);
#1195=VERTEX_POINT('',#3579);
#1196=VERTEX_POINT('',#3583);
#1197=VERTEX_POINT('',#3584);
#1198=VERTEX_POINT('',#3586);
#1199=VERTEX_POINT('',#3588);
#1200=VERTEX_POINT('',#3590);
#1201=VERTEX_POINT('',#3594);
#1202=VERTEX_POINT('',#3595);
#1203=VERTEX_POINT('',#3600);
#1204=VERTEX_POINT('',#3602);
#1205=VERTEX_POINT('',#3606);
#1206=VERTEX_POINT('',#3608);
#1207=VERTEX_POINT('',#3610);
#1208=VERTEX_POINT('',#3614);
#1209=VERTEX_POINT('',#3615);
#1210=VERTEX_POINT('',#3618);
#1211=VERTEX_POINT('',#3628);
#1212=VERTEX_POINT('',#3629);
#1213=VERTEX_POINT('',#3631);
#1214=VERTEX_POINT('',#3633);
#1215=VERTEX_POINT('',#3635);
#1216=VERTEX_POINT('',#3637);
#1217=VERTEX_POINT('',#3639);
#1218=VERTEX_POINT('',#3641);
#1219=VERTEX_POINT('',#3645);
#1220=VERTEX_POINT('',#3646);
#1221=VERTEX_POINT('',#3648);
#1222=VERTEX_POINT('',#3650);
#1223=VERTEX_POINT('',#3652);
#1224=VERTEX_POINT('',#3654);
#1225=VERTEX_POINT('',#3656);
#1226=VERTEX_POINT('',#3658);
#1227=VERTEX_POINT('',#3662);
#1228=VERTEX_POINT('',#3663);
#1229=VERTEX_POINT('',#3665);
#1230=VERTEX_POINT('',#3667);
#1231=VERTEX_POINT('',#3669);
#1232=VERTEX_POINT('',#3671);
#1233=VERTEX_POINT('',#3673);
#1234=VERTEX_POINT('',#3676);
#1235=VERTEX_POINT('',#3680);
#1236=VERTEX_POINT('',#3682);
#1237=VERTEX_POINT('',#3684);
#1238=VERTEX_POINT('',#3686);
#1239=VERTEX_POINT('',#3690);
#1240=VERTEX_POINT('',#3691);
#1241=VERTEX_POINT('',#3693);
#1242=VERTEX_POINT('',#3695);
#1243=VERTEX_POINT('',#3697);
#1244=VERTEX_POINT('',#3699);
#1245=VERTEX_POINT('',#3703);
#1246=VERTEX_POINT('',#3705);
#1247=VERTEX_POINT('',#3707);
#1248=VERTEX_POINT('',#3709);
#1249=VERTEX_POINT('',#3713);
#1250=VERTEX_POINT('',#3714);
#1251=VERTEX_POINT('',#3716);
#1252=VERTEX_POINT('',#3718);
#1253=VERTEX_POINT('',#3720);
#1254=VERTEX_POINT('',#3722);
#1255=VERTEX_POINT('',#3726);
#1256=VERTEX_POINT('',#3727);
#1257=VERTEX_POINT('',#3729);
#1258=VERTEX_POINT('',#3731);
#1259=VERTEX_POINT('',#3735);
#1260=VERTEX_POINT('',#3736);
#1261=VERTEX_POINT('',#3738);
#1262=VERTEX_POINT('',#3740);
#1263=VERTEX_POINT('',#3744);
#1264=VERTEX_POINT('',#3745);
#1265=VERTEX_POINT('',#3747);
#1266=VERTEX_POINT('',#3751);
#1267=VERTEX_POINT('',#3753);
#1268=VERTEX_POINT('',#3755);
#1269=VERTEX_POINT('',#3759);
#1270=VERTEX_POINT('',#3760);
#1271=VERTEX_POINT('',#3762);
#1272=VERTEX_POINT('',#3766);
#1273=VERTEX_POINT('',#3768);
#1274=VERTEX_POINT('',#3770);
#1275=VERTEX_POINT('',#3775);
#1276=VERTEX_POINT('',#3778);
#1277=VERTEX_POINT('',#3785);
#1278=VERTEX_POINT('',#3788);
#1279=VERTEX_POINT('',#3792);
#1280=VERTEX_POINT('',#3794);
#1281=VERTEX_POINT('',#3796);
#1282=VERTEX_POINT('',#3798);
#1283=VERTEX_POINT('',#3802);
#1284=VERTEX_POINT('',#3805);
#1285=VERTEX_POINT('',#3809);
#1286=VERTEX_POINT('',#3812);
#1287=VERTEX_POINT('',#3816);
#1288=VERTEX_POINT('',#3820);
#1289=VERTEX_POINT('',#3827);
#1290=VERTEX_POINT('',#3831);
#1291=VERTEX_POINT('',#3838);
#1292=VERTEX_POINT('',#3842);
#1293=VERTEX_POINT('',#3849);
#1294=VERTEX_POINT('',#3853);
#1295=VERTEX_POINT('',#3862);
#1296=VERTEX_POINT('',#3865);
#1297=VERTEX_POINT('',#3868);
#1298=VERTEX_POINT('',#3869);
#1299=VERTEX_POINT('',#3871);
#1300=VERTEX_POINT('',#3873);
#1301=VERTEX_POINT('',#3877);
#1302=VERTEX_POINT('',#3878);
#1303=VERTEX_POINT('',#3901);
#1304=VERTEX_POINT('',#3905);
#1305=VERTEX_POINT('',#3909);
#1306=VERTEX_POINT('',#3913);
#1307=VERTEX_POINT('',#3917);
#1308=VERTEX_POINT('',#3919);
#1309=VERTEX_POINT('',#3922);
#1310=VERTEX_POINT('',#3924);
#1311=VERTEX_POINT('',#3938);
#1312=VERTEX_POINT('',#3942);
#1313=VERTEX_POINT('',#3956);
#1314=VERTEX_POINT('',#3957);
#1315=VERTEX_POINT('',#3959);
#1316=VERTEX_POINT('',#3961);
#1317=VERTEX_POINT('',#3965);
#1318=VERTEX_POINT('',#3967);
#1319=VERTEX_POINT('',#3971);
#1320=VERTEX_POINT('',#3973);
#1321=VERTEX_POINT('',#3977);
#1322=VERTEX_POINT('',#3979);
#1323=VERTEX_POINT('',#3983);
#1324=VERTEX_POINT('',#3985);
#1325=VERTEX_POINT('',#3989);
#1326=VERTEX_POINT('',#3990);
#1327=VERTEX_POINT('',#3992);
#1328=VERTEX_POINT('',#3994);
#1329=VERTEX_POINT('',#3998);
#1330=VERTEX_POINT('',#4000);
#1331=VERTEX_POINT('',#4004);
#1332=VERTEX_POINT('',#4006);
#1333=VERTEX_POINT('',#4010);
#1334=VERTEX_POINT('',#4012);
#1335=VERTEX_POINT('',#4016);
#1336=VERTEX_POINT('',#4018);
#1337=VERTEX_POINT('',#4022);
#1338=VERTEX_POINT('',#4024);
#1339=VERTEX_POINT('',#4028);
#1340=VERTEX_POINT('',#4030);
#1341=VERTEX_POINT('',#4034);
#1342=VERTEX_POINT('',#4036);
#1343=VERTEX_POINT('',#4040);
#1344=VERTEX_POINT('',#4042);
#1345=VERTEX_POINT('',#4046);
#1346=VERTEX_POINT('',#4047);
#1347=VERTEX_POINT('',#4049);
#1348=VERTEX_POINT('',#4051);
#1349=VERTEX_POINT('',#4055);
#1350=VERTEX_POINT('',#4057);
#1351=VERTEX_POINT('',#4061);
#1352=VERTEX_POINT('',#4063);
#1353=VERTEX_POINT('',#4067);
#1354=VERTEX_POINT('',#4069);
#1355=VERTEX_POINT('',#4073);
#1356=VERTEX_POINT('',#4075);
#1357=VERTEX_POINT('',#4079);
#1358=VERTEX_POINT('',#4081);
#1359=VERTEX_POINT('',#4085);
#1360=VERTEX_POINT('',#4087);
#1361=VERTEX_POINT('',#4091);
#1362=VERTEX_POINT('',#4093);
#1363=VERTEX_POINT('',#4097);
#1364=VERTEX_POINT('',#4099);
#1365=VERTEX_POINT('',#4103);
#1366=VERTEX_POINT('',#4105);
#1367=VERTEX_POINT('',#4109);
#1368=VERTEX_POINT('',#4111);
#1369=VERTEX_POINT('',#4124);
#1370=VERTEX_POINT('',#4128);
#1371=VERTEX_POINT('',#4133);
#1372=VERTEX_POINT('',#4134);
#1373=VERTEX_POINT('',#4138);
#1374=VERTEX_POINT('',#4139);
#1375=VERTEX_POINT('',#4144);
#1376=VERTEX_POINT('',#4145);
#1377=VERTEX_POINT('',#4154);
#1378=VERTEX_POINT('',#4155);
#1379=VERTEX_POINT('',#4159);
#1380=VERTEX_POINT('',#4160);
#1381=VERTEX_POINT('',#4165);
#1382=VERTEX_POINT('',#4166);
#1383=VERTEX_POINT('',#4175);
#1384=VERTEX_POINT('',#4176);
#1385=VERTEX_POINT('',#4178);
#1386=VERTEX_POINT('',#4180);
#1387=VERTEX_POINT('',#4184);
#1388=VERTEX_POINT('',#4186);
#1389=VERTEX_POINT('',#4188);
#1390=VERTEX_POINT('',#4190);
#1391=VERTEX_POINT('',#4192);
#1392=VERTEX_POINT('',#4194);
#1393=VERTEX_POINT('',#4196);
#1394=VERTEX_POINT('',#4198);
#1395=VERTEX_POINT('',#4202);
#1396=VERTEX_POINT('',#4204);
#1397=VERTEX_POINT('',#4208);
#1398=VERTEX_POINT('',#4210);
#1399=VERTEX_POINT('',#4212);
#1400=VERTEX_POINT('',#4214);
#1401=VERTEX_POINT('',#4216);
#1402=VERTEX_POINT('',#4218);
#1403=VERTEX_POINT('',#4233);
#1404=VERTEX_POINT('',#4238);
#1405=VERTEX_POINT('',#4243);
#1406=VERTEX_POINT('',#4246);
#1407=VERTEX_POINT('',#4249);
#1408=VERTEX_POINT('',#4252);
#1409=VERTEX_POINT('',#4255);
#1410=VERTEX_POINT('',#4259);
#1411=VERTEX_POINT('',#4263);
#1412=VERTEX_POINT('',#4269);
#1413=VERTEX_POINT('',#4274);
#1414=VERTEX_POINT('',#4279);
#1415=VERTEX_POINT('',#4282);
#1416=VERTEX_POINT('',#4285);
#1417=VERTEX_POINT('',#4288);
#1418=VERTEX_POINT('',#4291);
#1419=VERTEX_POINT('',#4295);
#1420=VERTEX_POINT('',#4299);
#1421=LINE('',#3571,#1683);
#1422=LINE('',#3574,#1684);
#1423=LINE('',#3576,#1685);
#1424=LINE('',#3578,#1686);
#1425=LINE('',#3580,#1687);
#1426=LINE('',#3582,#1688);
#1427=LINE('',#3585,#1689);
#1428=LINE('',#3587,#1690);
#1429=LINE('',#3589,#1691);
#1430=LINE('',#3591,#1692);
#1431=LINE('',#3593,#1693);
#1432=LINE('',#3596,#1694);
#1433=LINE('',#3597,#1695);
#1434=LINE('',#3599,#1696);
#1435=LINE('',#3601,#1697);
#1436=LINE('',#3603,#1698);
#1437=LINE('',#3605,#1699);
#1438=LINE('',#3607,#1700);
#1439=LINE('',#3609,#1701);
#1440=LINE('',#3611,#1702);
#1441=LINE('',#3613,#1703);
#1442=LINE('',#3616,#1704);
#1443=LINE('',#3617,#1705);
#1444=LINE('',#3619,#1706);
#1445=LINE('',#3621,#1707);
#1446=LINE('',#3622,#1708);
#1447=LINE('',#3624,#1709);
#1448=LINE('',#3625,#1710);
#1449=LINE('',#3627,#1711);
#1450=LINE('',#3630,#1712);
#1451=LINE('',#3632,#1713);
#1452=LINE('',#3634,#1714);
#1453=LINE('',#3636,#1715);
#1454=LINE('',#3638,#1716);
#1455=LINE('',#3640,#1717);
#1456=LINE('',#3642,#1718);
#1457=LINE('',#3644,#1719);
#1458=LINE('',#3647,#1720);
#1459=LINE('',#3649,#1721);
#1460=LINE('',#3651,#1722);
#1461=LINE('',#3653,#1723);
#1462=LINE('',#3655,#1724);
#1463=LINE('',#3657,#1725);
#1464=LINE('',#3659,#1726);
#1465=LINE('',#3661,#1727);
#1466=LINE('',#3666,#1728);
#1467=LINE('',#3670,#1729);
#1468=LINE('',#3672,#1730);
#1469=LINE('',#3674,#1731);
#1470=LINE('',#3675,#1732);
#1471=LINE('',#3677,#1733);
#1472=LINE('',#3679,#1734);
#1473=LINE('',#3681,#1735);
#1474=LINE('',#3683,#1736);
#1475=LINE('',#3685,#1737);
#1476=LINE('',#3687,#1738);
#1477=LINE('',#3689,#1739);
#1478=LINE('',#3692,#1740);
#1479=LINE('',#3694,#1741);
#1480=LINE('',#3696,#1742);
#1481=LINE('',#3698,#1743);
#1482=LINE('',#3700,#1744);
#1483=LINE('',#3702,#1745);
#1484=LINE('',#3704,#1746);
#1485=LINE('',#3706,#1747);
#1486=LINE('',#3708,#1748);
#1487=LINE('',#3710,#1749);
#1488=LINE('',#3712,#1750);
#1489=LINE('',#3715,#1751);
#1490=LINE('',#3717,#1752);
#1491=LINE('',#3719,#1753);
#1492=LINE('',#3721,#1754);
#1493=LINE('',#3723,#1755);
#1494=LINE('',#3725,#1756);
#1495=LINE('',#3730,#1757);
#1496=LINE('',#3732,#1758);
#1497=LINE('',#3734,#1759);
#1498=LINE('',#3739,#1760);
#1499=LINE('',#3741,#1761);
#1500=LINE('',#3743,#1762);
#1501=LINE('',#3746,#1763);
#1502=LINE('',#3748,#1764);
#1503=LINE('',#3749,#1765);
#1504=LINE('',#3750,#1766);
#1505=LINE('',#3752,#1767);
#1506=LINE('',#3754,#1768);
#1507=LINE('',#3756,#1769);
#1508=LINE('',#3758,#1770);
#1509=LINE('',#3761,#1771);
#1510=LINE('',#3763,#1772);
#1511=LINE('',#3764,#1773);
#1512=LINE('',#3765,#1774);
#1513=LINE('',#3767,#1775);
#1514=LINE('',#3769,#1776);
#1515=LINE('',#3771,#1777);
#1516=LINE('',#3773,#1778);
#1517=LINE('',#3774,#1779);
#1518=LINE('',#3776,#1780);
#1519=LINE('',#3777,#1781);
#1520=LINE('',#3779,#1782);
#1521=LINE('',#3780,#1783);
#1522=LINE('',#3782,#1784);
#1523=LINE('',#3783,#1785);
#1524=LINE('',#3784,#1786);
#1525=LINE('',#3786,#1787);
#1526=LINE('',#3787,#1788);
#1527=LINE('',#3789,#1789);
#1528=LINE('',#3791,#1790);
#1529=LINE('',#3793,#1791);
#1530=LINE('',#3797,#1792);
#1531=LINE('',#3801,#1793);
#1532=LINE('',#3803,#1794);
#1533=LINE('',#3804,#1795);
#1534=LINE('',#3806,#1796);
#1535=LINE('',#3808,#1797);
#1536=LINE('',#3810,#1798);
#1537=LINE('',#3811,#1799);
#1538=LINE('',#3813,#1800);
#1539=LINE('',#3815,#1801);
#1540=LINE('',#3817,#1802);
#1541=LINE('',#3819,#1803);
#1542=LINE('',#3821,#1804);
#1543=LINE('',#3823,#1805);
#1544=LINE('',#3826,#1806);
#1545=LINE('',#3828,#1807);
#1546=LINE('',#3830,#1808);
#1547=LINE('',#3832,#1809);
#1548=LINE('',#3834,#1810);
#1549=LINE('',#3837,#1811);
#1550=LINE('',#3839,#1812);
#1551=LINE('',#3841,#1813);
#1552=LINE('',#3843,#1814);
#1553=LINE('',#3845,#1815);
#1554=LINE('',#3848,#1816);
#1555=LINE('',#3850,#1817);
#1556=LINE('',#3852,#1818);
#1557=LINE('',#3854,#1819);
#1558=LINE('',#3856,#1820);
#1559=LINE('',#3870,#1821);
#1560=LINE('',#3872,#1822);
#1561=LINE('',#3874,#1823);
#1562=LINE('',#3892,#1824);
#1563=LINE('',#3893,#1825);
#1564=LINE('',#3896,#1826);
#1565=LINE('',#3898,#1827);
#1566=LINE('',#3900,#1828);
#1567=LINE('',#3902,#1829);
#1568=LINE('',#3904,#1830);
#1569=LINE('',#3906,#1831);
#1570=LINE('',#3908,#1832);
#1571=LINE('',#3910,#1833);
#1572=LINE('',#3912,#1834);
#1573=LINE('',#3914,#1835);
#1574=LINE('',#3918,#1836);
#1575=LINE('',#3923,#1837);
#1576=LINE('',#3927,#1838);
#1577=LINE('',#3929,#1839);
#1578=LINE('',#3932,#1840);
#1579=LINE('',#3934,#1841);
#1580=LINE('',#3937,#1842);
#1581=LINE('',#3939,#1843);
#1582=LINE('',#3941,#1844);
#1583=LINE('',#3943,#1845);
#1584=LINE('',#3945,#1846);
#1585=LINE('',#3948,#1847);
#1586=LINE('',#3951,#1848);
#1587=LINE('',#3955,#1849);
#1588=LINE('',#3958,#1850);
#1589=LINE('',#3960,#1851);
#1590=LINE('',#3962,#1852);
#1591=LINE('',#3966,#1853);
#1592=LINE('',#3970,#1854);
#1593=LINE('',#3972,#1855);
#1594=LINE('',#3974,#1856);
#1595=LINE('',#3978,#1857);
#1596=LINE('',#3982,#1858);
#1597=LINE('',#3986,#1859);
#1598=LINE('',#3988,#1860);
#1599=LINE('',#3993,#1861);
#1600=LINE('',#3995,#1862);
#1601=LINE('',#3997,#1863);
#1602=LINE('',#3999,#1864);
#1603=LINE('',#4001,#1865);
#1604=LINE('',#4003,#1866);
#1605=LINE('',#4005,#1867);
#1606=LINE('',#4007,#1868);
#1607=LINE('',#4009,#1869);
#1608=LINE('',#4011,#1870);
#1609=LINE('',#4013,#1871);
#1610=LINE('',#4015,#1872);
#1611=LINE('',#4017,#1873);
#1612=LINE('',#4019,#1874);
#1613=LINE('',#4021,#1875);
#1614=LINE('',#4023,#1876);
#1615=LINE('',#4025,#1877);
#1616=LINE('',#4027,#1878);
#1617=LINE('',#4029,#1879);
#1618=LINE('',#4031,#1880);
#1619=LINE('',#4033,#1881);
#1620=LINE('',#4035,#1882);
#1621=LINE('',#4037,#1883);
#1622=LINE('',#4039,#1884);
#1623=LINE('',#4043,#1885);
#1624=LINE('',#4045,#1886);
#1625=LINE('',#4050,#1887);
#1626=LINE('',#4052,#1888);
#1627=LINE('',#4056,#1889);
#1628=LINE('',#4060,#1890);
#1629=LINE('',#4062,#1891);
#1630=LINE('',#4064,#1892);
#1631=LINE('',#4068,#1893);
#1632=LINE('',#4072,#1894);
#1633=LINE('',#4074,#1895);
#1634=LINE('',#4076,#1896);
#1635=LINE('',#4080,#1897);
#1636=LINE('',#4084,#1898);
#1637=LINE('',#4086,#1899);
#1638=LINE('',#4088,#1900);
#1639=LINE('',#4092,#1901);
#1640=LINE('',#4096,#1902);
#1641=LINE('',#4098,#1903);
#1642=LINE('',#4100,#1904);
#1643=LINE('',#4104,#1905);
#1644=LINE('',#4108,#1906);
#1645=LINE('',#4110,#1907);
#1646=LINE('',#4112,#1908);
#1647=LINE('',#4117,#1909);
#1648=LINE('',#4118,#1910);
#1649=LINE('',#4120,#1911);
#1650=LINE('',#4121,#1912);
#1651=LINE('',#4135,#1913);
#1652=LINE('',#4140,#1914);
#1653=LINE('',#4141,#1915);
#1654=LINE('',#4149,#1916);
#1655=LINE('',#4156,#1917);
#1656=LINE('',#4167,#1918);
#1657=LINE('',#4168,#1919);
#1658=LINE('',#4170,#1920);
#1659=LINE('',#4174,#1921);
#1660=LINE('',#4177,#1922);
#1661=LINE('',#4179,#1923);
#1662=LINE('',#4181,#1924);
#1663=LINE('',#4183,#1925);
#1664=LINE('',#4185,#1926);
#1665=LINE('',#4187,#1927);
#1666=LINE('',#4189,#1928);
#1667=LINE('',#4191,#1929);
#1668=LINE('',#4193,#1930);
#1669=LINE('',#4195,#1931);
#1670=LINE('',#4197,#1932);
#1671=LINE('',#4199,#1933);
#1672=LINE('',#4201,#1934);
#1673=LINE('',#4203,#1935);
#1674=LINE('',#4205,#1936);
#1675=LINE('',#4207,#1937);
#1676=LINE('',#4209,#1938);
#1677=LINE('',#4211,#1939);
#1678=LINE('',#4213,#1940);
#1679=LINE('',#4215,#1941);
#1680=LINE('',#4217,#1942);
#1681=LINE('',#4219,#1943);
#1682=LINE('',#4220,#1944);
#1683=VECTOR('',#2845,39.3700787401575);
#1684=VECTOR('',#2846,39.3700787401575);
#1685=VECTOR('',#2847,39.3700787401575);
#1686=VECTOR('',#2848,39.3700787401575);
#1687=VECTOR('',#2849,39.3700787401575);
#1688=VECTOR('',#2852,39.3700787401575);
#1689=VECTOR('',#2853,39.3700787401575);
#1690=VECTOR('',#2854,39.3700787401575);
#1691=VECTOR('',#2855,39.3700787401575);
#1692=VECTOR('',#2856,39.3700787401575);
#1693=VECTOR('',#2859,39.3700787401575);
#1694=VECTOR('',#2860,39.3700787401575);
#1695=VECTOR('',#2861,39.3700787401575);
#1696=VECTOR('',#2864,39.3700787401575);
#1697=VECTOR('',#2865,39.3700787401575);
#1698=VECTOR('',#2866,39.3700787401575);
#1699=VECTOR('',#2869,39.3700787401575);
#1700=VECTOR('',#2870,39.3700787401575);
#1701=VECTOR('',#2871,39.3700787401575);
#1702=VECTOR('',#2872,39.3700787401575);
#1703=VECTOR('',#2875,39.3700787401575);
#1704=VECTOR('',#2876,39.3700787401575);
#1705=VECTOR('',#2877,39.3700787401575);
#1706=VECTOR('',#2878,39.3700787401575);
#1707=VECTOR('',#2881,39.3700787401575);
#1708=VECTOR('',#2882,39.3700787401575);
#1709=VECTOR('',#2885,39.3700787401575);
#1710=VECTOR('',#2886,39.3700787401575);
#1711=VECTOR('',#2889,39.3700787401575);
#1712=VECTOR('',#2890,39.3700787401575);
#1713=VECTOR('',#2891,39.3700787401575);
#1714=VECTOR('',#2892,39.3700787401575);
#1715=VECTOR('',#2893,39.3700787401575);
#1716=VECTOR('',#2894,39.3700787401575);
#1717=VECTOR('',#2895,39.3700787401575);
#1718=VECTOR('',#2896,39.3700787401575);
#1719=VECTOR('',#2899,39.3700787401575);
#1720=VECTOR('',#2900,39.3700787401575);
#1721=VECTOR('',#2901,39.3700787401575);
#1722=VECTOR('',#2902,39.3700787401575);
#1723=VECTOR('',#2903,39.3700787401575);
#1724=VECTOR('',#2904,39.3700787401575);
#1725=VECTOR('',#2905,39.3700787401575);
#1726=VECTOR('',#2906,39.3700787401575);
#1727=VECTOR('',#2909,39.3700787401575);
#1728=VECTOR('',#2912,39.3700787401575);
#1729=VECTOR('',#2915,39.3700787401575);
#1730=VECTOR('',#2916,39.3700787401575);
#1731=VECTOR('',#2917,39.3700787401575);
#1732=VECTOR('',#2918,39.3700787401575);
#1733=VECTOR('',#2919,39.3700787401575);
#1734=VECTOR('',#2922,39.3700787401575);
#1735=VECTOR('',#2923,39.3700787401575);
#1736=VECTOR('',#2924,39.3700787401575);
#1737=VECTOR('',#2925,39.3700787401575);
#1738=VECTOR('',#2926,39.3700787401575);
#1739=VECTOR('',#2929,39.3700787401575);
#1740=VECTOR('',#2930,39.3700787401575);
#1741=VECTOR('',#2931,39.3700787401575);
#1742=VECTOR('',#2932,39.3700787401575);
#1743=VECTOR('',#2933,39.3700787401575);
#1744=VECTOR('',#2934,39.3700787401575);
#1745=VECTOR('',#2937,39.3700787401575);
#1746=VECTOR('',#2938,39.3700787401575);
#1747=VECTOR('',#2939,39.3700787401575);
#1748=VECTOR('',#2940,39.3700787401575);
#1749=VECTOR('',#2941,39.3700787401575);
#1750=VECTOR('',#2944,39.3700787401575);
#1751=VECTOR('',#2945,39.3700787401575);
#1752=VECTOR('',#2946,39.3700787401575);
#1753=VECTOR('',#2947,39.3700787401575);
#1754=VECTOR('',#2948,39.3700787401575);
#1755=VECTOR('',#2949,39.3700787401575);
#1756=VECTOR('',#2952,39.3700787401575);
#1757=VECTOR('',#2955,39.3700787401575);
#1758=VECTOR('',#2956,39.3700787401575);
#1759=VECTOR('',#2959,39.3700787401575);
#1760=VECTOR('',#2962,39.3700787401575);
#1761=VECTOR('',#2963,39.3700787401575);
#1762=VECTOR('',#2966,39.3700787401575);
#1763=VECTOR('',#2967,39.3700787401575);
#1764=VECTOR('',#2968,39.3700787401575);
#1765=VECTOR('',#2969,39.3700787401575);
#1766=VECTOR('',#2970,39.3700787401575);
#1767=VECTOR('',#2971,39.3700787401575);
#1768=VECTOR('',#2972,39.3700787401575);
#1769=VECTOR('',#2973,39.3700787401575);
#1770=VECTOR('',#2976,39.3700787401575);
#1771=VECTOR('',#2977,39.3700787401575);
#1772=VECTOR('',#2978,39.3700787401575);
#1773=VECTOR('',#2979,39.3700787401575);
#1774=VECTOR('',#2980,39.3700787401575);
#1775=VECTOR('',#2981,39.3700787401575);
#1776=VECTOR('',#2982,39.3700787401575);
#1777=VECTOR('',#2983,39.3700787401575);
#1778=VECTOR('',#2986,39.3700787401575);
#1779=VECTOR('',#2987,39.3700787401575);
#1780=VECTOR('',#2988,39.3700787401575);
#1781=VECTOR('',#2989,39.3700787401575);
#1782=VECTOR('',#2990,39.3700787401575);
#1783=VECTOR('',#2991,39.3700787401575);
#1784=VECTOR('',#2994,39.3700787401575);
#1785=VECTOR('',#2995,39.3700787401575);
#1786=VECTOR('',#2996,39.3700787401575);
#1787=VECTOR('',#2997,39.3700787401575);
#1788=VECTOR('',#2998,39.3700787401575);
#1789=VECTOR('',#2999,39.3700787401575);
#1790=VECTOR('',#3002,39.3700787401575);
#1791=VECTOR('',#3003,39.3700787401575);
#1792=VECTOR('',#3006,39.3700787401575);
#1793=VECTOR('',#3011,39.3700787401575);
#1794=VECTOR('',#3012,39.3700787401575);
#1795=VECTOR('',#3013,39.3700787401575);
#1796=VECTOR('',#3014,39.3700787401575);
#1797=VECTOR('',#3017,39.3700787401575);
#1798=VECTOR('',#3018,39.3700787401575);
#1799=VECTOR('',#3019,39.3700787401575);
#1800=VECTOR('',#3020,39.3700787401575);
#1801=VECTOR('',#3023,39.3700787401575);
#1802=VECTOR('',#3024,39.3700787401575);
#1803=VECTOR('',#3027,39.3700787401575);
#1804=VECTOR('',#3028,39.3700787401575);
#1805=VECTOR('',#3031,39.3700787401575);
#1806=VECTOR('',#3036,39.3700787401575);
#1807=VECTOR('',#3037,39.3700787401575);
#1808=VECTOR('',#3040,39.3700787401575);
#1809=VECTOR('',#3041,39.3700787401575);
#1810=VECTOR('',#3044,39.3700787401575);
#1811=VECTOR('',#3049,39.3700787401575);
#1812=VECTOR('',#3050,39.3700787401575);
#1813=VECTOR('',#3053,39.3700787401575);
#1814=VECTOR('',#3054,39.3700787401575);
#1815=VECTOR('',#3057,39.3700787401575);
#1816=VECTOR('',#3062,39.3700787401575);
#1817=VECTOR('',#3063,39.3700787401575);
#1818=VECTOR('',#3066,39.3700787401575);
#1819=VECTOR('',#3067,39.3700787401575);
#1820=VECTOR('',#3070,39.3700787401575);
#1821=VECTOR('',#3089,39.3700787401575);
#1822=VECTOR('',#3090,39.3700787401575);
#1823=VECTOR('',#3091,39.3700787401575);
#1824=VECTOR('',#3106,39.3700787401575);
#1825=VECTOR('',#3107,39.3700787401575);
#1826=VECTOR('',#3112,39.3700787401575);
#1827=VECTOR('',#3115,39.3700787401575);
#1828=VECTOR('',#3118,39.3700787401575);
#1829=VECTOR('',#3119,39.3700787401575);
#1830=VECTOR('',#3122,39.3700787401575);
#1831=VECTOR('',#3123,39.3700787401575);
#1832=VECTOR('',#3126,39.3700787401575);
#1833=VECTOR('',#3127,39.3700787401575);
#1834=VECTOR('',#3130,39.3700787401575);
#1835=VECTOR('',#3131,39.3700787401575);
#1836=VECTOR('',#3136,39.3700787401575);
#1837=VECTOR('',#3141,39.3700787401575);
#1838=VECTOR('',#3146,39.3700787401575);
#1839=VECTOR('',#3149,39.3700787401575);
#1840=VECTOR('',#3154,39.3700787401575);
#1841=VECTOR('',#3157,39.3700787401575);
#1842=VECTOR('',#3162,39.3700787401575);
#1843=VECTOR('',#3163,39.3700787401575);
#1844=VECTOR('',#3166,39.3700787401575);
#1845=VECTOR('',#3167,39.3700787401575);
#1846=VECTOR('',#3170,39.3700787401575);
#1847=VECTOR('',#3175,39.3700787401575);
#1848=VECTOR('',#3180,39.3700787401575);
#1849=VECTOR('',#3187,39.3700787401575);
#1850=VECTOR('',#3188,39.3700787401575);
#1851=VECTOR('',#3189,39.3700787401575);
#1852=VECTOR('',#3190,39.3700787401575);
#1853=VECTOR('',#3195,39.3700787401575);
#1854=VECTOR('',#3200,39.3700787401575);
#1855=VECTOR('',#3201,39.3700787401575);
#1856=VECTOR('',#3202,39.3700787401575);
#1857=VECTOR('',#3207,39.3700787401575);
#1858=VECTOR('',#3212,39.3700787401575);
#1859=VECTOR('',#3215,39.3700787401575);
#1860=VECTOR('',#3218,39.3700787401575);
#1861=VECTOR('',#3221,39.3700787401575);
#1862=VECTOR('',#3222,39.3700787401575);
#1863=VECTOR('',#3225,39.3700787401575);
#1864=VECTOR('',#3226,39.3700787401575);
#1865=VECTOR('',#3227,39.3700787401575);
#1866=VECTOR('',#3230,39.3700787401575);
#1867=VECTOR('',#3231,39.3700787401575);
#1868=VECTOR('',#3232,39.3700787401575);
#1869=VECTOR('',#3235,39.3700787401575);
#1870=VECTOR('',#3236,39.3700787401575);
#1871=VECTOR('',#3237,39.3700787401575);
#1872=VECTOR('',#3240,39.3700787401575);
#1873=VECTOR('',#3241,39.3700787401575);
#1874=VECTOR('',#3242,39.3700787401575);
#1875=VECTOR('',#3245,39.3700787401575);
#1876=VECTOR('',#3246,39.3700787401575);
#1877=VECTOR('',#3247,39.3700787401575);
#1878=VECTOR('',#3250,39.3700787401575);
#1879=VECTOR('',#3251,39.3700787401575);
#1880=VECTOR('',#3252,39.3700787401575);
#1881=VECTOR('',#3255,39.3700787401575);
#1882=VECTOR('',#3256,39.3700787401575);
#1883=VECTOR('',#3257,39.3700787401575);
#1884=VECTOR('',#3260,39.3700787401575);
#1885=VECTOR('',#3263,39.3700787401575);
#1886=VECTOR('',#3266,39.3700787401575);
#1887=VECTOR('',#3269,39.3700787401575);
#1888=VECTOR('',#3270,39.3700787401575);
#1889=VECTOR('',#3275,39.3700787401575);
#1890=VECTOR('',#3280,39.3700787401575);
#1891=VECTOR('',#3281,39.3700787401575);
#1892=VECTOR('',#3282,39.3700787401575);
#1893=VECTOR('',#3287,39.3700787401575);
#1894=VECTOR('',#3292,39.3700787401575);
#1895=VECTOR('',#3293,39.3700787401575);
#1896=VECTOR('',#3294,39.3700787401575);
#1897=VECTOR('',#3299,39.3700787401575);
#1898=VECTOR('',#3304,39.3700787401575);
#1899=VECTOR('',#3305,39.3700787401575);
#1900=VECTOR('',#3306,39.3700787401575);
#1901=VECTOR('',#3311,39.3700787401575);
#1902=VECTOR('',#3316,39.3700787401575);
#1903=VECTOR('',#3317,39.3700787401575);
#1904=VECTOR('',#3318,39.3700787401575);
#1905=VECTOR('',#3323,39.3700787401575);
#1906=VECTOR('',#3328,39.3700787401575);
#1907=VECTOR('',#3329,39.3700787401575);
#1908=VECTOR('',#3330,39.3700787401575);
#1909=VECTOR('',#3339,39.3700787401575);
#1910=VECTOR('',#3340,39.3700787401575);
#1911=VECTOR('',#3343,39.3700787401575);
#1912=VECTOR('',#3344,39.3700787401575);
#1913=VECTOR('',#3363,39.3700787401575);
#1914=VECTOR('',#3368,39.3700787401575);
#1915=VECTOR('',#3369,39.3700787401575);
#1916=VECTOR('',#3380,39.3700787401575);
#1917=VECTOR('',#3389,39.3700787401575);
#1918=VECTOR('',#3402,39.3700787401575);
#1919=VECTOR('',#3403,39.3700787401575);
#1920=VECTOR('',#3406,39.3700787401575);
#1921=VECTOR('',#3413,39.3700787401575);
#1922=VECTOR('',#3414,39.3700787401575);
#1923=VECTOR('',#3415,39.3700787401575);
#1924=VECTOR('',#3416,39.3700787401575);
#1925=VECTOR('',#3419,39.3700787401575);
#1926=VECTOR('',#3420,39.3700787401575);
#1927=VECTOR('',#3421,39.3700787401575);
#1928=VECTOR('',#3422,39.3700787401575);
#1929=VECTOR('',#3423,39.3700787401575);
#1930=VECTOR('',#3424,39.3700787401575);
#1931=VECTOR('',#3425,39.3700787401575);
#1932=VECTOR('',#3426,39.3700787401575);
#1933=VECTOR('',#3427,39.3700787401575);
#1934=VECTOR('',#3430,39.3700787401575);
#1935=VECTOR('',#3431,39.3700787401575);
#1936=VECTOR('',#3432,39.3700787401575);
#1937=VECTOR('',#3435,39.3700787401575);
#1938=VECTOR('',#3436,39.3700787401575);
#1939=VECTOR('',#3437,39.3700787401575);
#1940=VECTOR('',#3438,39.3700787401575);
#1941=VECTOR('',#3439,39.3700787401575);
#1942=VECTOR('',#3440,39.3700787401575);
#1943=VECTOR('',#3441,39.3700787401575);
#1944=VECTOR('',#3442,39.3700787401575);
#1945=EDGE_LOOP('',(#162,#163,#164,#165,#166));
#1946=EDGE_LOOP('',(#167,#168,#169,#170,#171));
#1947=EDGE_LOOP('',(#172,#173,#174,#175));
#1948=EDGE_LOOP('',(#176,#177,#178,#179));
#1949=EDGE_LOOP('',(#180,#181,#182,#183,#184));
#1950=EDGE_LOOP('',(#185,#186,#187,#188,#189));
#1951=EDGE_LOOP('',(#190,#191,#192,#193));
#1952=EDGE_LOOP('',(#194,#195,#196,#197));
#1953=EDGE_LOOP('',(#198,#199,#200,#201,#202,#203,#204,#205));
#1954=EDGE_LOOP('',(#206,#207,#208,#209));
#1955=EDGE_LOOP('',(#210,#211,#212,#213,#214,#215,#216,#217));
#1956=EDGE_LOOP('',(#218,#219,#220,#221));
#1957=EDGE_LOOP('',(#222,#223,#224,#225,#226,#227,#228,#229,#230,#231));
#1958=EDGE_LOOP('',(#232,#233,#234,#235,#236,#237));
#1959=EDGE_LOOP('',(#238,#239,#240,#241,#242,#243));
#1960=EDGE_LOOP('',(#244,#245,#246,#247,#248,#249));
#1961=EDGE_LOOP('',(#250,#251,#252,#253,#254,#255));
#1962=EDGE_LOOP('',(#256,#257,#258,#259));
#1963=EDGE_LOOP('',(#260,#261,#262,#263));
#1964=EDGE_LOOP('',(#264,#265,#266,#267,#268,#269,#270,#271,#272,#273));
#1965=EDGE_LOOP('',(#274,#275,#276,#277,#278,#279,#280,#281,#282,#283));
#1966=EDGE_LOOP('',(#284,#285,#286,#287,#288,#289,#290,#291,#292,#293,#294,
#295));
#1967=EDGE_LOOP('',(#296,#297,#298,#299,#300,#301,#302,#303,#304,#305,#306,
#307));
#1968=EDGE_LOOP('',(#308,#309,#310,#311,#312,#313,#314,#315,#316,#317));
#1969=EDGE_LOOP('',(#318,#319,#320,#321,#322,#323,#324,#325));
#1970=EDGE_LOOP('',(#326,#327,#328,#329,#330,#331,#332,#333));
#1971=EDGE_LOOP('',(#334,#335,#336,#337));
#1972=EDGE_LOOP('',(#338,#339,#340,#341,#342));
#1973=EDGE_LOOP('',(#343,#344,#345,#346));
#1974=EDGE_LOOP('',(#347,#348,#349,#350,#351));
#1975=EDGE_LOOP('',(#352,#353,#354,#355));
#1976=EDGE_LOOP('',(#356,#357,#358,#359,#360));
#1977=EDGE_LOOP('',(#361,#362,#363,#364));
#1978=EDGE_LOOP('',(#365,#366,#367,#368,#369));
#1979=EDGE_LOOP('',(#370,#371,#372,#373));
#1980=EDGE_LOOP('',(#374,#375,#376,#377,#378));
#1981=EDGE_LOOP('',(#379,#380,#381,#382));
#1982=EDGE_LOOP('',(#383,#384,#385,#386,#387));
#1983=EDGE_LOOP('',(#388,#389,#390,#391));
#1984=EDGE_LOOP('',(#392,#393,#394,#395));
#1985=EDGE_LOOP('',(#396,#397,#398,#399,#400));
#1986=EDGE_LOOP('',(#401,#402,#403,#404,#405));
#1987=EDGE_LOOP('',(#406,#407));
#1988=EDGE_LOOP('',(#408));
#1989=EDGE_LOOP('',(#409));
#1990=EDGE_LOOP('',(#410));
#1991=EDGE_LOOP('',(#411,#412,#413,#414));
#1992=EDGE_LOOP('',(#415));
#1993=EDGE_LOOP('',(#416,#417,#418,#419));
#1994=EDGE_LOOP('',(#420,#421,#422,#423));
#1995=EDGE_LOOP('',(#424,#425));
#1996=EDGE_LOOP('',(#426,#427));
#1997=EDGE_LOOP('',(#428,#429,#430,#431));
#1998=EDGE_LOOP('',(#432,#433,#434,#435));
#1999=EDGE_LOOP('',(#436,#437,#438,#439));
#2000=EDGE_LOOP('',(#440,#441,#442,#443));
#2001=EDGE_LOOP('',(#444,#445,#446,#447));
#2002=EDGE_LOOP('',(#448,#449,#450,#451));
#2003=EDGE_LOOP('',(#452,#453,#454,#455));
#2004=EDGE_LOOP('',(#456,#457,#458,#459));
#2005=EDGE_LOOP('',(#460,#461,#462,#463,#464,#465,#466,#467,#468,#469,#470,
#471,#472,#473,#474,#475));
#2006=EDGE_LOOP('',(#476,#477,#478,#479));
#2007=EDGE_LOOP('',(#480,#481,#482,#483));
#2008=EDGE_LOOP('',(#484,#485,#486,#487));
#2009=EDGE_LOOP('',(#488,#489,#490,#491));
#2010=EDGE_LOOP('',(#492,#493,#494,#495));
#2011=EDGE_LOOP('',(#496,#497,#498,#499));
#2012=EDGE_LOOP('',(#500,#501,#502,#503));
#2013=EDGE_LOOP('',(#504,#505,#506,#507));
#2014=EDGE_LOOP('',(#508,#509,#510,#511));
#2015=EDGE_LOOP('',(#512,#513,#514,#515));
#2016=EDGE_LOOP('',(#516,#517,#518,#519));
#2017=EDGE_LOOP('',(#520,#521,#522,#523));
#2018=EDGE_LOOP('',(#524,#525,#526,#527));
#2019=EDGE_LOOP('',(#528,#529,#530,#531));
#2020=EDGE_LOOP('',(#532,#533,#534,#535));
#2021=EDGE_LOOP('',(#536,#537,#538,#539));
#2022=EDGE_LOOP('',(#540,#541,#542,#543));
#2023=EDGE_LOOP('',(#544,#545,#546,#547));
#2024=EDGE_LOOP('',(#548,#549,#550,#551));
#2025=EDGE_LOOP('',(#552,#553,#554,#555));
#2026=EDGE_LOOP('',(#556,#557,#558,#559));
#2027=EDGE_LOOP('',(#560,#561,#562,#563));
#2028=EDGE_LOOP('',(#564,#565,#566,#567));
#2029=EDGE_LOOP('',(#568,#569,#570,#571));
#2030=EDGE_LOOP('',(#572,#573,#574,#575));
#2031=EDGE_LOOP('',(#576,#577,#578,#579));
#2032=EDGE_LOOP('',(#580,#581,#582,#583));
#2033=EDGE_LOOP('',(#584,#585,#586,#587));
#2034=EDGE_LOOP('',(#588,#589,#590,#591));
#2035=EDGE_LOOP('',(#592,#593,#594,#595));
#2036=EDGE_LOOP('',(#596,#597,#598,#599));
#2037=EDGE_LOOP('',(#600,#601,#602,#603));
#2038=EDGE_LOOP('',(#604,#605,#606,#607));
#2039=EDGE_LOOP('',(#608,#609,#610,#611));
#2040=EDGE_LOOP('',(#612,#613,#614,#615));
#2041=EDGE_LOOP('',(#616,#617,#618,#619));
#2042=EDGE_LOOP('',(#620,#621,#622,#623));
#2043=EDGE_LOOP('',(#624,#625,#626,#627));
#2044=EDGE_LOOP('',(#628,#629,#630,#631));
#2045=EDGE_LOOP('',(#632,#633,#634,#635));
#2046=EDGE_LOOP('',(#636,#637,#638,#639,#640,#641,#642,#643,#644,#645,#646,
#647,#648,#649,#650,#651,#652,#653,#654,#655,#656,#657,#658,#659,#660,#661,
#662,#663));
#2047=EDGE_LOOP('',(#664,#665,#666,#667,#668,#669,#670,#671,#672,#673,#674,
#675,#676,#677,#678,#679,#680,#681,#682,#683,#684,#685,#686,#687,#688,#689,
#690,#691));
#2048=EDGE_LOOP('',(#692));
#2049=EDGE_LOOP('',(#693,#694,#695,#696));
#2050=EDGE_LOOP('',(#697));
#2051=EDGE_LOOP('',(#698));
#2052=EDGE_LOOP('',(#699,#700,#701,#702));
#2053=EDGE_LOOP('',(#703));
#2054=EDGE_LOOP('',(#704,#705));
#2055=EDGE_LOOP('',(#706,#707,#708,#709));
#2056=EDGE_LOOP('',(#710,#711,#712,#713));
#2057=EDGE_LOOP('',(#714,#715));
#2058=EDGE_LOOP('',(#716,#717,#718,#719,#720,#721));
#2059=EDGE_LOOP('',(#722,#723));
#2060=EDGE_LOOP('',(#724,#725,#726,#727));
#2061=EDGE_LOOP('',(#728,#729,#730,#731));
#2062=EDGE_LOOP('',(#732,#733));
#2063=EDGE_LOOP('',(#734,#735,#736,#737,#738,#739));
#2064=EDGE_LOOP('',(#740,#741,#742,#743));
#2065=EDGE_LOOP('',(#744,#745,#746,#747,#748,#749,#750,#751,#752,#753));
#2066=EDGE_LOOP('',(#754,#755,#756,#757));
#2067=EDGE_LOOP('',(#758,#759,#760,#761,#762,#763,#764,#765,#766,#767));
#2068=EDGE_LOOP('',(#768,#769,#770,#771));
#2069=EDGE_LOOP('',(#772,#773,#774,#775,#776,#777,#778,#779,#780,#781,#782,
#783,#784,#785,#786,#787));
#2070=EDGE_LOOP('',(#788,#789));
#2071=EDGE_LOOP('',(#790));
#2072=EDGE_LOOP('',(#791,#792));
#2073=EDGE_LOOP('',(#793,#794));
#2074=EDGE_LOOP('',(#795));
#2075=EDGE_LOOP('',(#796,#797));
#2076=EDGE_LOOP('',(#798,#799));
#2077=EDGE_LOOP('',(#800));
#2078=EDGE_LOOP('',(#801,#802));
#2079=EDGE_LOOP('',(#803));
#2080=EDGE_LOOP('',(#804));
#2081=EDGE_LOOP('',(#805));
#2082=EDGE_LOOP('',(#806));
#2083=EDGE_LOOP('',(#807));
#2084=EDGE_LOOP('',(#808));
#2085=EDGE_LOOP('',(#809));
#2086=EDGE_LOOP('',(#810));
#2087=EDGE_LOOP('',(#811));
#2088=EDGE_LOOP('',(#812));
#2089=EDGE_LOOP('',(#813));
#2090=EDGE_LOOP('',(#814));
#2091=EDGE_LOOP('',(#815));
#2092=EDGE_LOOP('',(#816));
#2093=EDGE_LOOP('',(#817));
#2094=EDGE_LOOP('',(#818,#819));
#2095=EDGE_LOOP('',(#820));
#2096=EDGE_LOOP('',(#821,#822));
#2097=EDGE_LOOP('',(#823,#824));
#2098=EDGE_LOOP('',(#825));
#2099=EDGE_LOOP('',(#826,#827));
#2100=EDGE_LOOP('',(#828,#829));
#2101=EDGE_LOOP('',(#830));
#2102=EDGE_LOOP('',(#831,#832));
#2103=EDGE_LOOP('',(#833));
#2104=EDGE_LOOP('',(#834));
#2105=EDGE_LOOP('',(#835));
#2106=EDGE_LOOP('',(#836));
#2107=EDGE_LOOP('',(#837));
#2108=EDGE_LOOP('',(#838));
#2109=EDGE_LOOP('',(#839));
#2110=EDGE_LOOP('',(#840));
#2111=EDGE_LOOP('',(#841));
#2112=EDGE_LOOP('',(#842));
#2113=EDGE_LOOP('',(#843));
#2114=EDGE_LOOP('',(#844));
#2115=EDGE_LOOP('',(#845));
#2116=EDGE_LOOP('',(#846));
#2117=EDGE_LOOP('',(#847));
#2118=FACE_BOUND('',#1945,.T.);
#2119=FACE_BOUND('',#1946,.T.);
#2120=FACE_BOUND('',#1947,.T.);
#2121=FACE_BOUND('',#1948,.T.);
#2122=FACE_BOUND('',#1949,.T.);
#2123=FACE_BOUND('',#1950,.T.);
#2124=FACE_BOUND('',#1951,.T.);
#2125=FACE_BOUND('',#1952,.T.);
#2126=FACE_BOUND('',#1953,.T.);
#2127=FACE_BOUND('',#1954,.T.);
#2128=FACE_BOUND('',#1955,.T.);
#2129=FACE_BOUND('',#1956,.T.);
#2130=FACE_BOUND('',#1957,.T.);
#2131=FACE_BOUND('',#1958,.T.);
#2132=FACE_BOUND('',#1959,.T.);
#2133=FACE_BOUND('',#1960,.T.);
#2134=FACE_BOUND('',#1961,.T.);
#2135=FACE_BOUND('',#1962,.T.);
#2136=FACE_BOUND('',#1963,.T.);
#2137=FACE_BOUND('',#1964,.T.);
#2138=FACE_BOUND('',#1965,.T.);
#2139=FACE_BOUND('',#1966,.T.);
#2140=FACE_BOUND('',#1967,.T.);
#2141=FACE_BOUND('',#1968,.T.);
#2142=FACE_BOUND('',#1969,.T.);
#2143=FACE_BOUND('',#1970,.T.);
#2144=FACE_BOUND('',#1971,.T.);
#2145=FACE_BOUND('',#1972,.T.);
#2146=FACE_BOUND('',#1973,.T.);
#2147=FACE_BOUND('',#1974,.T.);
#2148=FACE_BOUND('',#1975,.T.);
#2149=FACE_BOUND('',#1976,.T.);
#2150=FACE_BOUND('',#1977,.T.);
#2151=FACE_BOUND('',#1978,.T.);
#2152=FACE_BOUND('',#1979,.T.);
#2153=FACE_BOUND('',#1980,.T.);
#2154=FACE_BOUND('',#1981,.T.);
#2155=FACE_BOUND('',#1982,.T.);
#2156=FACE_BOUND('',#1983,.T.);
#2157=FACE_BOUND('',#1984,.T.);
#2158=FACE_BOUND('',#1985,.T.);
#2159=FACE_BOUND('',#1986,.T.);
#2160=FACE_BOUND('',#1987,.T.);
#2161=FACE_BOUND('',#1988,.T.);
#2162=FACE_BOUND('',#1989,.T.);
#2163=FACE_BOUND('',#1990,.T.);
#2164=FACE_BOUND('',#1991,.T.);
#2165=FACE_BOUND('',#1992,.T.);
#2166=FACE_BOUND('',#1993,.T.);
#2167=FACE_BOUND('',#1994,.T.);
#2168=FACE_BOUND('',#1995,.T.);
#2169=FACE_BOUND('',#1996,.T.);
#2170=FACE_BOUND('',#1997,.T.);
#2171=FACE_BOUND('',#1998,.T.);
#2172=FACE_BOUND('',#1999,.T.);
#2173=FACE_BOUND('',#2000,.T.);
#2174=FACE_BOUND('',#2001,.T.);
#2175=FACE_BOUND('',#2002,.T.);
#2176=FACE_BOUND('',#2003,.T.);
#2177=FACE_BOUND('',#2004,.T.);
#2178=FACE_BOUND('',#2005,.T.);
#2179=FACE_BOUND('',#2006,.T.);
#2180=FACE_BOUND('',#2007,.T.);
#2181=FACE_BOUND('',#2008,.T.);
#2182=FACE_BOUND('',#2009,.T.);
#2183=FACE_BOUND('',#2010,.T.);
#2184=FACE_BOUND('',#2011,.T.);
#2185=FACE_BOUND('',#2012,.T.);
#2186=FACE_BOUND('',#2013,.T.);
#2187=FACE_BOUND('',#2014,.T.);
#2188=FACE_BOUND('',#2015,.T.);
#2189=FACE_BOUND('',#2016,.T.);
#2190=FACE_BOUND('',#2017,.T.);
#2191=FACE_BOUND('',#2018,.T.);
#2192=FACE_BOUND('',#2019,.T.);
#2193=FACE_BOUND('',#2020,.T.);
#2194=FACE_BOUND('',#2021,.T.);
#2195=FACE_BOUND('',#2022,.T.);
#2196=FACE_BOUND('',#2023,.T.);
#2197=FACE_BOUND('',#2024,.T.);
#2198=FACE_BOUND('',#2025,.T.);
#2199=FACE_BOUND('',#2026,.T.);
#2200=FACE_BOUND('',#2027,.T.);
#2201=FACE_BOUND('',#2028,.T.);
#2202=FACE_BOUND('',#2029,.T.);
#2203=FACE_BOUND('',#2030,.T.);
#2204=FACE_BOUND('',#2031,.T.);
#2205=FACE_BOUND('',#2032,.T.);
#2206=FACE_BOUND('',#2033,.T.);
#2207=FACE_BOUND('',#2034,.T.);
#2208=FACE_BOUND('',#2035,.T.);
#2209=FACE_BOUND('',#2036,.T.);
#2210=FACE_BOUND('',#2037,.T.);
#2211=FACE_BOUND('',#2038,.T.);
#2212=FACE_BOUND('',#2039,.T.);
#2213=FACE_BOUND('',#2040,.T.);
#2214=FACE_BOUND('',#2041,.T.);
#2215=FACE_BOUND('',#2042,.T.);
#2216=FACE_BOUND('',#2043,.T.);
#2217=FACE_BOUND('',#2044,.T.);
#2218=FACE_BOUND('',#2045,.T.);
#2219=FACE_BOUND('',#2046,.T.);
#2220=FACE_BOUND('',#2047,.T.);
#2221=FACE_BOUND('',#2048,.T.);
#2222=FACE_BOUND('',#2049,.T.);
#2223=FACE_BOUND('',#2050,.T.);
#2224=FACE_BOUND('',#2051,.T.);
#2225=FACE_BOUND('',#2052,.T.);
#2226=FACE_BOUND('',#2053,.T.);
#2227=FACE_BOUND('',#2054,.T.);
#2228=FACE_BOUND('',#2055,.T.);
#2229=FACE_BOUND('',#2056,.T.);
#2230=FACE_BOUND('',#2057,.T.);
#2231=FACE_BOUND('',#2058,.T.);
#2232=FACE_BOUND('',#2059,.T.);
#2233=FACE_BOUND('',#2060,.T.);
#2234=FACE_BOUND('',#2061,.T.);
#2235=FACE_BOUND('',#2062,.T.);
#2236=FACE_BOUND('',#2063,.T.);
#2237=FACE_BOUND('',#2064,.T.);
#2238=FACE_BOUND('',#2065,.T.);
#2239=FACE_BOUND('',#2066,.T.);
#2240=FACE_BOUND('',#2067,.T.);
#2241=FACE_BOUND('',#2068,.T.);
#2242=FACE_BOUND('',#2069,.T.);
#2243=FACE_BOUND('',#2070,.T.);
#2244=FACE_BOUND('',#2071,.T.);
#2245=FACE_BOUND('',#2072,.T.);
#2246=FACE_BOUND('',#2073,.T.);
#2247=FACE_BOUND('',#2074,.T.);
#2248=FACE_BOUND('',#2075,.T.);
#2249=FACE_BOUND('',#2076,.T.);
#2250=FACE_BOUND('',#2077,.T.);
#2251=FACE_BOUND('',#2078,.T.);
#2252=FACE_BOUND('',#2079,.T.);
#2253=FACE_BOUND('',#2080,.T.);
#2254=FACE_BOUND('',#2081,.T.);
#2255=FACE_BOUND('',#2082,.T.);
#2256=FACE_BOUND('',#2083,.T.);
#2257=FACE_BOUND('',#2084,.T.);
#2258=FACE_BOUND('',#2085,.T.);
#2259=FACE_BOUND('',#2086,.T.);
#2260=FACE_BOUND('',#2087,.T.);
#2261=FACE_BOUND('',#2088,.T.);
#2262=FACE_BOUND('',#2089,.T.);
#2263=FACE_BOUND('',#2090,.T.);
#2264=FACE_BOUND('',#2091,.T.);
#2265=FACE_BOUND('',#2092,.T.);
#2266=FACE_BOUND('',#2093,.T.);
#2267=FACE_BOUND('',#2094,.T.);
#2268=FACE_BOUND('',#2095,.T.);
#2269=FACE_BOUND('',#2096,.T.);
#2270=FACE_BOUND('',#2097,.T.);
#2271=FACE_BOUND('',#2098,.T.);
#2272=FACE_BOUND('',#2099,.T.);
#2273=FACE_BOUND('',#2100,.T.);
#2274=FACE_BOUND('',#2101,.T.);
#2275=FACE_BOUND('',#2102,.T.);
#2276=FACE_BOUND('',#2103,.T.);
#2277=FACE_BOUND('',#2104,.T.);
#2278=FACE_BOUND('',#2105,.T.);
#2279=FACE_BOUND('',#2106,.T.);
#2280=FACE_BOUND('',#2107,.T.);
#2281=FACE_BOUND('',#2108,.T.);
#2282=FACE_BOUND('',#2109,.T.);
#2283=FACE_BOUND('',#2110,.T.);
#2284=FACE_BOUND('',#2111,.T.);
#2285=FACE_BOUND('',#2112,.T.);
#2286=FACE_BOUND('',#2113,.T.);
#2287=FACE_BOUND('',#2114,.T.);
#2288=FACE_BOUND('',#2115,.T.);
#2289=FACE_BOUND('',#2116,.T.);
#2290=FACE_BOUND('',#2117,.T.);
#2291=PLANE('',#2609);
#2292=PLANE('',#2610);
#2293=PLANE('',#2611);
#2294=PLANE('',#2612);
#2295=PLANE('',#2613);
#2296=PLANE('',#2614);
#2297=PLANE('',#2615);
#2298=PLANE('',#2616);
#2299=PLANE('',#2617);
#2300=PLANE('',#2618);
#2301=PLANE('',#2619);
#2302=PLANE('',#2622);
#2303=PLANE('',#2623);
#2304=PLANE('',#2624);
#2305=PLANE('',#2625);
#2306=PLANE('',#2626);
#2307=PLANE('',#2628);
#2308=PLANE('',#2630);
#2309=PLANE('',#2631);
#2310=PLANE('',#2632);
#2311=PLANE('',#2633);
#2312=PLANE('',#2634);
#2313=PLANE('',#2637);
#2314=PLANE('',#2638);
#2315=PLANE('',#2639);
#2316=PLANE('',#2640);
#2317=PLANE('',#2641);
#2318=PLANE('',#2642);
#2319=PLANE('',#2643);
#2320=PLANE('',#2644);
#2321=PLANE('',#2645);
#2322=PLANE('',#2646);
#2323=PLANE('',#2647);
#2324=PLANE('',#2648);
#2325=PLANE('',#2649);
#2326=PLANE('',#2650);
#2327=PLANE('',#2651);
#2328=PLANE('',#2652);
#2329=PLANE('',#2653);
#2330=PLANE('',#2654);
#2331=PLANE('',#2655);
#2332=PLANE('',#2657);
#2333=PLANE('',#2661);
#2334=PLANE('',#2668);
#2335=PLANE('',#2669);
#2336=PLANE('',#2670);
#2337=PLANE('',#2671);
#2338=PLANE('',#2672);
#2339=PLANE('',#2673);
#2340=PLANE('',#2674);
#2341=PLANE('',#2675);
#2342=PLANE('',#2676);
#2343=PLANE('',#2677);
#2344=PLANE('',#2683);
#2345=PLANE('',#2686);
#2346=PLANE('',#2688);
#2347=PLANE('',#2689);
#2348=PLANE('',#2690);
#2349=PLANE('',#2691);
#2350=PLANE('',#2692);
#2351=PLANE('',#2693);
#2352=PLANE('',#2694);
#2353=PLANE('',#2695);
#2354=PLANE('',#2697);
#2355=PLANE('',#2701);
#2356=PLANE('',#2705);
#2357=PLANE('',#2707);
#2358=PLANE('',#2709);
#2359=PLANE('',#2710);
#2360=PLANE('',#2711);
#2361=PLANE('',#2712);
#2362=PLANE('',#2713);
#2363=PLANE('',#2714);
#2364=PLANE('',#2715);
#2365=PLANE('',#2716);
#2366=PLANE('',#2718);
#2367=PLANE('',#2723);
#2368=PLANE('',#2727);
#2369=PLANE('',#2731);
#2370=PLANE('',#2735);
#2371=PLANE('',#2739);
#2372=PLANE('',#2743);
#2373=PLANE('',#2744);
#2374=PLANE('',#2747);
#2375=PLANE('',#2750);
#2376=PLANE('',#2752);
#2377=PLANE('',#2760);
#2378=PLANE('',#2761);
#2379=PLANE('',#2763);
#2380=PLANE('',#2771);
#2381=PLANE('',#2772);
#2382=PLANE('',#2774);
#2383=PLANE('',#2775);
#2384=PLANE('',#2776);
#2385=PLANE('',#2777);
#2386=PLANE('',#2778);
#2387=PLANE('',#2779);
#2388=PLANE('',#2786);
#2389=PLANE('',#2790);
#2390=PLANE('',#2794);
#2391=PLANE('',#2806);
#2392=PLANE('',#2809);
#2393=PLANE('',#2812);
#2394=PLANE('',#2813);
#2395=PLANE('',#2817);
#2396=PLANE('',#2821);
#2397=PLANE('',#2833);
#2398=PLANE('',#2836);
#2399=PLANE('',#2839);
#2400=ADVANCED_FACE('',(#2118),#2291,.T.);
#2401=ADVANCED_FACE('',(#2119),#2292,.T.);
#2402=ADVANCED_FACE('',(#2120),#2293,.T.);
#2403=ADVANCED_FACE('',(#2121),#2294,.T.);
#2404=ADVANCED_FACE('',(#2122),#2295,.T.);
#2405=ADVANCED_FACE('',(#2123),#2296,.T.);
#2406=ADVANCED_FACE('',(#2124),#2297,.T.);
#2407=ADVANCED_FACE('',(#2125),#2298,.T.);
#2408=ADVANCED_FACE('',(#2126,#2127),#2299,.T.);
#2409=ADVANCED_FACE('',(#2128,#2129),#2300,.T.);
#2410=ADVANCED_FACE('',(#2130),#2301,.F.);
#2411=ADVANCED_FACE('',(#2131),#2302,.F.);
#2412=ADVANCED_FACE('',(#2132),#2303,.F.);
#2413=ADVANCED_FACE('',(#2133),#2304,.F.);
#2414=ADVANCED_FACE('',(#2134),#2305,.F.);
#2415=ADVANCED_FACE('',(#2135),#2306,.T.);
#2416=ADVANCED_FACE('',(#2136),#2307,.T.);
#2417=ADVANCED_FACE('',(#2137),#2308,.T.);
#2418=ADVANCED_FACE('',(#2138),#2309,.T.);
#2419=ADVANCED_FACE('',(#2139),#2310,.T.);
#2420=ADVANCED_FACE('',(#2140),#2311,.T.);
#2421=ADVANCED_FACE('',(#2141),#2312,.F.);
#2422=ADVANCED_FACE('',(#2142),#2313,.T.);
#2423=ADVANCED_FACE('',(#2143),#2314,.T.);
#2424=ADVANCED_FACE('',(#2144),#2315,.F.);
#2425=ADVANCED_FACE('',(#2145),#2316,.F.);
#2426=ADVANCED_FACE('',(#2146),#2317,.T.);
#2427=ADVANCED_FACE('',(#2147),#2318,.F.);
#2428=ADVANCED_FACE('',(#2148),#2319,.F.);
#2429=ADVANCED_FACE('',(#2149),#2320,.F.);
#2430=ADVANCED_FACE('',(#2150),#2321,.T.);
#2431=ADVANCED_FACE('',(#2151),#2322,.F.);
#2432=ADVANCED_FACE('',(#2152),#2323,.F.);
#2433=ADVANCED_FACE('',(#2153),#2324,.F.);
#2434=ADVANCED_FACE('',(#2154),#2325,.T.);
#2435=ADVANCED_FACE('',(#2155),#2326,.F.);
#2436=ADVANCED_FACE('',(#2156),#2327,.T.);
#2437=ADVANCED_FACE('',(#2157),#2328,.F.);
#2438=ADVANCED_FACE('',(#2158),#2329,.F.);
#2439=ADVANCED_FACE('',(#2159),#2330,.F.);
#2440=ADVANCED_FACE('',(#2160),#2331,.F.);
#2441=ADVANCED_FACE('',(#2161),#2332,.F.);
#2442=ADVANCED_FACE('',(#2162,#2163),#53,.F.);
#2443=ADVANCED_FACE('',(#2164,#2165),#2333,.F.);
#2444=ADVANCED_FACE('',(#2166),#52,.T.);
#2445=ADVANCED_FACE('',(#2167,#2168),#54,.T.);
#2446=ADVANCED_FACE('',(#2169),#2334,.F.);
#2447=ADVANCED_FACE('',(#2170),#2335,.F.);
#2448=ADVANCED_FACE('',(#2171),#2336,.F.);
#2449=ADVANCED_FACE('',(#2172),#2337,.F.);
#2450=ADVANCED_FACE('',(#2173),#2338,.F.);
#2451=ADVANCED_FACE('',(#2174),#2339,.T.);
#2452=ADVANCED_FACE('',(#2175),#2340,.T.);
#2453=ADVANCED_FACE('',(#2176),#2341,.T.);
#2454=ADVANCED_FACE('',(#2177),#2342,.T.);
#2455=ADVANCED_FACE('',(#2178),#2343,.F.);
#2456=ADVANCED_FACE('',(#2179),#55,.F.);
#2457=ADVANCED_FACE('',(#2180),#2344,.T.);
#2458=ADVANCED_FACE('',(#2181),#56,.F.);
#2459=ADVANCED_FACE('',(#2182),#57,.F.);
#2460=ADVANCED_FACE('',(#2183),#2345,.T.);
#2461=ADVANCED_FACE('',(#2184),#58,.F.);
#2462=ADVANCED_FACE('',(#2185),#2346,.F.);
#2463=ADVANCED_FACE('',(#2186),#2347,.F.);
#2464=ADVANCED_FACE('',(#2187),#2348,.T.);
#2465=ADVANCED_FACE('',(#2188),#2349,.F.);
#2466=ADVANCED_FACE('',(#2189),#2350,.F.);
#2467=ADVANCED_FACE('',(#2190),#2351,.F.);
#2468=ADVANCED_FACE('',(#2191),#2352,.F.);
#2469=ADVANCED_FACE('',(#2192),#2353,.F.);
#2470=ADVANCED_FACE('',(#2193),#2354,.F.);
#2471=ADVANCED_FACE('',(#2194),#59,.T.);
#2472=ADVANCED_FACE('',(#2195),#2355,.F.);
#2473=ADVANCED_FACE('',(#2196),#60,.T.);
#2474=ADVANCED_FACE('',(#2197),#2356,.F.);
#2475=ADVANCED_FACE('',(#2198),#2357,.F.);
#2476=ADVANCED_FACE('',(#2199),#2358,.F.);
#2477=ADVANCED_FACE('',(#2200),#2359,.F.);
#2478=ADVANCED_FACE('',(#2201),#2360,.F.);
#2479=ADVANCED_FACE('',(#2202),#2361,.F.);
#2480=ADVANCED_FACE('',(#2203),#2362,.F.);
#2481=ADVANCED_FACE('',(#2204),#2363,.F.);
#2482=ADVANCED_FACE('',(#2205),#2364,.F.);
#2483=ADVANCED_FACE('',(#2206),#2365,.F.);
#2484=ADVANCED_FACE('',(#2207),#2366,.F.);
#2485=ADVANCED_FACE('',(#2208),#61,.T.);
#2486=ADVANCED_FACE('',(#2209),#2367,.F.);
#2487=ADVANCED_FACE('',(#2210),#62,.T.);
#2488=ADVANCED_FACE('',(#2211),#2368,.F.);
#2489=ADVANCED_FACE('',(#2212),#63,.T.);
#2490=ADVANCED_FACE('',(#2213),#2369,.F.);
#2491=ADVANCED_FACE('',(#2214),#64,.T.);
#2492=ADVANCED_FACE('',(#2215),#2370,.F.);
#2493=ADVANCED_FACE('',(#2216),#65,.T.);
#2494=ADVANCED_FACE('',(#2217),#2371,.F.);
#2495=ADVANCED_FACE('',(#2218),#66,.T.);
#2496=ADVANCED_FACE('',(#2219),#2372,.T.);
#2497=ADVANCED_FACE('',(#2220),#2373,.F.);
#2498=ADVANCED_FACE('',(#2221,#2222),#67,.T.);
#2499=ADVANCED_FACE('',(#2223),#2374,.F.);
#2500=ADVANCED_FACE('',(#2224,#2225),#68,.T.);
#2501=ADVANCED_FACE('',(#2226),#2375,.F.);
#2502=ADVANCED_FACE('',(#2227),#2376,.F.);
#2503=ADVANCED_FACE('',(#2228),#69,.T.);
#2504=ADVANCED_FACE('',(#2229),#10,.T.);
#2505=ADVANCED_FACE('',(#2230),#2377,.F.);
#2506=ADVANCED_FACE('',(#2231),#2378,.F.);
#2507=ADVANCED_FACE('',(#2232),#2379,.F.);
#2508=ADVANCED_FACE('',(#2233),#11,.T.);
#2509=ADVANCED_FACE('',(#2234),#70,.T.);
#2510=ADVANCED_FACE('',(#2235),#2380,.F.);
#2511=ADVANCED_FACE('',(#2236),#2381,.F.);
#2512=ADVANCED_FACE('',(#2237),#2382,.F.);
#2513=ADVANCED_FACE('',(#2238),#2383,.F.);
#2514=ADVANCED_FACE('',(#2239),#2384,.F.);
#2515=ADVANCED_FACE('',(#2240),#2385,.F.);
#2516=ADVANCED_FACE('',(#2241),#2386,.T.);
#2517=ADVANCED_FACE('',(#2242),#2387,.F.);
#2518=ADVANCED_FACE('',(#2243),#2388,.T.);
#2519=ADVANCED_FACE('',(#2244,#2245),#71,.T.);
#2520=ADVANCED_FACE('',(#2246),#2389,.T.);
#2521=ADVANCED_FACE('',(#2247,#2248),#72,.T.);
#2522=ADVANCED_FACE('',(#2249),#2390,.T.);
#2523=ADVANCED_FACE('',(#2250,#2251),#73,.T.);
#2524=ADVANCED_FACE('',(#2252,#2253),#12,.T.);
#2525=ADVANCED_FACE('',(#2254,#2255),#13,.T.);
#2526=ADVANCED_FACE('',(#2256,#2257),#14,.T.);
#2527=ADVANCED_FACE('',(#2258,#2259),#74,.T.);
#2528=ADVANCED_FACE('',(#2260),#2391,.T.);
#2529=ADVANCED_FACE('',(#2261,#2262),#75,.T.);
#2530=ADVANCED_FACE('',(#2263),#2392,.T.);
#2531=ADVANCED_FACE('',(#2264,#2265),#76,.T.);
#2532=ADVANCED_FACE('',(#2266),#2393,.T.);
#2533=ADVANCED_FACE('',(#2267),#2394,.T.);
#2534=ADVANCED_FACE('',(#2268,#2269),#77,.T.);
#2535=ADVANCED_FACE('',(#2270),#2395,.T.);
#2536=ADVANCED_FACE('',(#2271,#2272),#78,.T.);
#2537=ADVANCED_FACE('',(#2273),#2396,.T.);
#2538=ADVANCED_FACE('',(#2274,#2275),#79,.T.);
#2539=ADVANCED_FACE('',(#2276,#2277),#15,.T.);
#2540=ADVANCED_FACE('',(#2278,#2279),#16,.T.);
#2541=ADVANCED_FACE('',(#2280,#2281),#17,.T.);
#2542=ADVANCED_FACE('',(#2282,#2283),#80,.T.);
#2543=ADVANCED_FACE('',(#2284),#2397,.T.);
#2544=ADVANCED_FACE('',(#2285,#2286),#81,.T.);
#2545=ADVANCED_FACE('',(#2287),#2398,.T.);
#2546=ADVANCED_FACE('',(#2288,#2289),#82,.T.);
#2547=ADVANCED_FACE('',(#2290),#2399,.T.);
#2548=CLOSED_SHELL('',(#2400,#2401,#2402,#2403,#2404,#2405,#2406,#2407,
#2408,#2409,#2410,#2411,#2412,#2413,#2414,#2415,#2416,#2417,#2418,#2419,
#2420,#2421,#2422,#2423,#2424,#2425,#2426,#2427,#2428,#2429,#2430,#2431,
#2432,#2433,#2434,#2435,#2436,#2437,#2438,#2439,#2440,#2441,#2442,#2443,
#2444,#2445,#2446,#2447,#2448,#2449,#2450,#2451,#2452,#2453,#2454,#2455,
#2456,#2457,#2458,#2459,#2460,#2461,#2462,#2463,#2464,#2465,#2466,#2467,
#2468,#2469));
#2549=CLOSED_SHELL('',(#2470,#2471,#2472,#2473,#2474,#2475,#2476,#2477,
#2478,#2479,#2480,#2481,#2482,#2483,#2484,#2485,#2486,#2487,#2488,#2489,
#2490,#2491,#2492,#2493,#2494,#2495,#2496,#2497,#2498,#2499,#2500,#2501));
#2550=CLOSED_SHELL('',(#2502,#2503,#2504,#2505,#2506));
#2551=CLOSED_SHELL('',(#2507,#2508,#2509,#2510,#2511));
#2552=CLOSED_SHELL('',(#2512,#2513,#2514,#2515,#2516,#2517,#2518,#2519,
#2520,#2521,#2522,#2523,#2524,#2525,#2526,#2527,#2528,#2529,#2530,#2531,
#2532,#2533,#2534,#2535,#2536,#2537,#2538,#2539,#2540,#2541,#2542,#2543,
#2544,#2545,#2546,#2547));
#2553=STYLED_ITEM('',(#2558),#2591);
#2554=STYLED_ITEM('',(#2559),#2592);
#2555=STYLED_ITEM('',(#2560),#2593);
#2556=STYLED_ITEM('',(#2561),#2594);
#2557=STYLED_ITEM('',(#2562),#2595);
#2558=PRESENTATION_STYLE_ASSIGNMENT((#2563));
#2559=PRESENTATION_STYLE_ASSIGNMENT((#2564));
#2560=PRESENTATION_STYLE_ASSIGNMENT((#2565));
#2561=PRESENTATION_STYLE_ASSIGNMENT((#2566));
#2562=PRESENTATION_STYLE_ASSIGNMENT((#2567));
#2563=SURFACE_STYLE_USAGE(.BOTH.,#2568);
#2564=SURFACE_STYLE_USAGE(.BOTH.,#2569);
#2565=SURFACE_STYLE_USAGE(.BOTH.,#2570);
#2566=SURFACE_STYLE_USAGE(.BOTH.,#2571);
#2567=SURFACE_STYLE_USAGE(.BOTH.,#2572);
#2568=SURFACE_SIDE_STYLE('',(#2573));
#2569=SURFACE_SIDE_STYLE('',(#2574));
#2570=SURFACE_SIDE_STYLE('',(#2575));
#2571=SURFACE_SIDE_STYLE('',(#2576));
#2572=SURFACE_SIDE_STYLE('',(#2577));
#2573=SURFACE_STYLE_FILL_AREA(#2578);
#2574=SURFACE_STYLE_FILL_AREA(#2579);
#2575=SURFACE_STYLE_FILL_AREA(#2580);
#2576=SURFACE_STYLE_FILL_AREA(#2581);
#2577=SURFACE_STYLE_FILL_AREA(#2582);
#2578=FILL_AREA_STYLE('',(#2583));
#2579=FILL_AREA_STYLE('',(#2584));
#2580=FILL_AREA_STYLE('',(#2585));
#2581=FILL_AREA_STYLE('',(#2586));
#2582=FILL_AREA_STYLE('',(#2587));
#2583=FILL_AREA_STYLE_COLOUR('',#2588);
#2584=FILL_AREA_STYLE_COLOUR('',#18);
#2585=FILL_AREA_STYLE_COLOUR('',#2589);
#2586=FILL_AREA_STYLE_COLOUR('',#2590);
#2587=FILL_AREA_STYLE_COLOUR('',#19);
#2588=DRAUGHTING_PRE_DEFINED_COLOUR('black');
#2589=DRAUGHTING_PRE_DEFINED_COLOUR('green');
#2590=DRAUGHTING_PRE_DEFINED_COLOUR('red');
#2591=MANIFOLD_SOLID_BREP('GP-body-ill',#2548);
#2592=MANIFOLD_SOLID_BREP('GV-th',#2549);
#2593=MANIFOLD_SOLID_BREP('GCF-actuator-green',#2550);
#2594=MANIFOLD_SOLID_BREP('GCF-actuator-red',#2551);
#2595=MANIFOLD_SOLID_BREP('GV-terminals',#2552);
#2596=SHAPE_DEFINITION_REPRESENTATION(#4321,#2602);
#2597=SHAPE_DEFINITION_REPRESENTATION(#4322,#2603);
#2598=SHAPE_DEFINITION_REPRESENTATION(#4324,#2604);
#2599=SHAPE_DEFINITION_REPRESENTATION(#4326,#2605);
#2600=SHAPE_DEFINITION_REPRESENTATION(#4328,#2606);
#2601=SHAPE_DEFINITION_REPRESENTATION(#4330,#2607);
#2602=SHAPE_REPRESENTATION('G12JVCF',(#2608,#2696,#2751,#2762,#2773,#2840),
#4303);
#2603=SHAPE_REPRESENTATION('GP-body-ill',(#2608),#4304);
#2604=SHAPE_REPRESENTATION('GV-th',(#2608),#4305);
#2605=SHAPE_REPRESENTATION('GCF-actuator-green',(#2608),#4306);
#2606=SHAPE_REPRESENTATION('GCF-actuator-red',(#2608),#4307);
#2607=SHAPE_REPRESENTATION('GV-terminals',(#2608),#4308);
#2608=AXIS2_PLACEMENT_3D('',#3569,#2841,#2842);
#2609=AXIS2_PLACEMENT_3D('',#3570,#2843,#2844);
#2610=AXIS2_PLACEMENT_3D('',#3581,#2850,#2851);
#2611=AXIS2_PLACEMENT_3D('',#3592,#2857,#2858);
#2612=AXIS2_PLACEMENT_3D('',#3598,#2862,#2863);
#2613=AXIS2_PLACEMENT_3D('',#3604,#2867,#2868);
#2614=AXIS2_PLACEMENT_3D('',#3612,#2873,#2874);
#2615=AXIS2_PLACEMENT_3D('',#3620,#2879,#2880);
#2616=AXIS2_PLACEMENT_3D('',#3623,#2883,#2884);
#2617=AXIS2_PLACEMENT_3D('',#3626,#2887,#2888);
#2618=AXIS2_PLACEMENT_3D('',#3643,#2897,#2898);
#2619=AXIS2_PLACEMENT_3D('',#3660,#2907,#2908);
#2620=AXIS2_PLACEMENT_3D('',#3664,#2910,#2911);
#2621=AXIS2_PLACEMENT_3D('',#3668,#2913,#2914);
#2622=AXIS2_PLACEMENT_3D('',#3678,#2920,#2921);
#2623=AXIS2_PLACEMENT_3D('',#3688,#2927,#2928);
#2624=AXIS2_PLACEMENT_3D('',#3701,#2935,#2936);
#2625=AXIS2_PLACEMENT_3D('',#3711,#2942,#2943);
#2626=AXIS2_PLACEMENT_3D('',#3724,#2950,#2951);
#2627=AXIS2_PLACEMENT_3D('',#3728,#2953,#2954);
#2628=AXIS2_PLACEMENT_3D('',#3733,#2957,#2958);
#2629=AXIS2_PLACEMENT_3D('',#3737,#2960,#2961);
#2630=AXIS2_PLACEMENT_3D('',#3742,#2964,#2965);
#2631=AXIS2_PLACEMENT_3D('',#3757,#2974,#2975);
#2632=AXIS2_PLACEMENT_3D('',#3772,#2984,#2985);
#2633=AXIS2_PLACEMENT_3D('',#3781,#2992,#2993);
#2634=AXIS2_PLACEMENT_3D('',#3790,#3000,#3001);
#2635=AXIS2_PLACEMENT_3D('',#3795,#3004,#3005);
#2636=AXIS2_PLACEMENT_3D('',#3799,#3007,#3008);
#2637=AXIS2_PLACEMENT_3D('',#3800,#3009,#3010);
#2638=AXIS2_PLACEMENT_3D('',#3807,#3015,#3016);
#2639=AXIS2_PLACEMENT_3D('',#3814,#3021,#3022);
#2640=AXIS2_PLACEMENT_3D('',#3818,#3025,#3026);
#2641=AXIS2_PLACEMENT_3D('',#3822,#3029,#3030);
#2642=AXIS2_PLACEMENT_3D('',#3824,#3032,#3033);
#2643=AXIS2_PLACEMENT_3D('',#3825,#3034,#3035);
#2644=AXIS2_PLACEMENT_3D('',#3829,#3038,#3039);
#2645=AXIS2_PLACEMENT_3D('',#3833,#3042,#3043);
#2646=AXIS2_PLACEMENT_3D('',#3835,#3045,#3046);
#2647=AXIS2_PLACEMENT_3D('',#3836,#3047,#3048);
#2648=AXIS2_PLACEMENT_3D('',#3840,#3051,#3052);
#2649=AXIS2_PLACEMENT_3D('',#3844,#3055,#3056);
#2650=AXIS2_PLACEMENT_3D('',#3846,#3058,#3059);
#2651=AXIS2_PLACEMENT_3D('',#3847,#3060,#3061);
#2652=AXIS2_PLACEMENT_3D('',#3851,#3064,#3065);
#2653=AXIS2_PLACEMENT_3D('',#3855,#3068,#3069);
#2654=AXIS2_PLACEMENT_3D('',#3857,#3071,#3072);
#2655=AXIS2_PLACEMENT_3D('',#3858,#3073,#3074);
#2656=AXIS2_PLACEMENT_3D('',#3859,#3075,#3076);
#2657=AXIS2_PLACEMENT_3D('',#3860,#3077,#3078);
#2658=AXIS2_PLACEMENT_3D('',#3861,#3079,#3080);
#2659=AXIS2_PLACEMENT_3D('',#3863,#3081,#3082);
#2660=AXIS2_PLACEMENT_3D('',#3864,#3083,#3084);
#2661=AXIS2_PLACEMENT_3D('',#3866,#3085,#3086);
#2662=AXIS2_PLACEMENT_3D('',#3867,#3087,#3088);
#2663=AXIS2_PLACEMENT_3D('',#3875,#3092,#3093);
#2664=AXIS2_PLACEMENT_3D('',#3876,#3094,#3095);
#2665=AXIS2_PLACEMENT_3D('',#3887,#3096,#3097);
#2666=AXIS2_PLACEMENT_3D('',#3888,#3098,#3099);
#2667=AXIS2_PLACEMENT_3D('',#3889,#3100,#3101);
#2668=AXIS2_PLACEMENT_3D('',#3890,#3102,#3103);
#2669=AXIS2_PLACEMENT_3D('',#3891,#3104,#3105);
#2670=AXIS2_PLACEMENT_3D('',#3894,#3108,#3109);
#2671=AXIS2_PLACEMENT_3D('',#3895,#3110,#3111);
#2672=AXIS2_PLACEMENT_3D('',#3897,#3113,#3114);
#2673=AXIS2_PLACEMENT_3D('',#3899,#3116,#3117);
#2674=AXIS2_PLACEMENT_3D('',#3903,#3120,#3121);
#2675=AXIS2_PLACEMENT_3D('',#3907,#3124,#3125);
#2676=AXIS2_PLACEMENT_3D('',#3911,#3128,#3129);
#2677=AXIS2_PLACEMENT_3D('',#3915,#3132,#3133);
#2678=AXIS2_PLACEMENT_3D('',#3916,#3134,#3135);
#2679=AXIS2_PLACEMENT_3D('',#3920,#3137,#3138);
#2680=AXIS2_PLACEMENT_3D('',#3921,#3139,#3140);
#2681=AXIS2_PLACEMENT_3D('',#3925,#3142,#3143);
#2682=AXIS2_PLACEMENT_3D('',#3926,#3144,#3145);
#2683=AXIS2_PLACEMENT_3D('',#3928,#3147,#3148);
#2684=AXIS2_PLACEMENT_3D('',#3930,#3150,#3151);
#2685=AXIS2_PLACEMENT_3D('',#3931,#3152,#3153);
#2686=AXIS2_PLACEMENT_3D('',#3933,#3155,#3156);
#2687=AXIS2_PLACEMENT_3D('',#3935,#3158,#3159);
#2688=AXIS2_PLACEMENT_3D('',#3936,#3160,#3161);
#2689=AXIS2_PLACEMENT_3D('',#3940,#3164,#3165);
#2690=AXIS2_PLACEMENT_3D('',#3944,#3168,#3169);
#2691=AXIS2_PLACEMENT_3D('',#3946,#3171,#3172);
#2692=AXIS2_PLACEMENT_3D('',#3947,#3173,#3174);
#2693=AXIS2_PLACEMENT_3D('',#3949,#3176,#3177);
#2694=AXIS2_PLACEMENT_3D('',#3950,#3178,#3179);
#2695=AXIS2_PLACEMENT_3D('',#3952,#3181,#3182);
#2696=AXIS2_PLACEMENT_3D('',#3953,#3183,#3184);
#2697=AXIS2_PLACEMENT_3D('',#3954,#3185,#3186);
#2698=AXIS2_PLACEMENT_3D('',#3963,#3191,#3192);
#2699=AXIS2_PLACEMENT_3D('',#3964,#3193,#3194);
#2700=AXIS2_PLACEMENT_3D('',#3968,#3196,#3197);
#2701=AXIS2_PLACEMENT_3D('',#3969,#3198,#3199);
#2702=AXIS2_PLACEMENT_3D('',#3975,#3203,#3204);
#2703=AXIS2_PLACEMENT_3D('',#3976,#3205,#3206);
#2704=AXIS2_PLACEMENT_3D('',#3980,#3208,#3209);
#2705=AXIS2_PLACEMENT_3D('',#3981,#3210,#3211);
#2706=AXIS2_PLACEMENT_3D('',#3984,#3213,#3214);
#2707=AXIS2_PLACEMENT_3D('',#3987,#3216,#3217);
#2708=AXIS2_PLACEMENT_3D('',#3991,#3219,#3220);
#2709=AXIS2_PLACEMENT_3D('',#3996,#3223,#3224);
#2710=AXIS2_PLACEMENT_3D('',#4002,#3228,#3229);
#2711=AXIS2_PLACEMENT_3D('',#4008,#3233,#3234);
#2712=AXIS2_PLACEMENT_3D('',#4014,#3238,#3239);
#2713=AXIS2_PLACEMENT_3D('',#4020,#3243,#3244);
#2714=AXIS2_PLACEMENT_3D('',#4026,#3248,#3249);
#2715=AXIS2_PLACEMENT_3D('',#4032,#3253,#3254);
#2716=AXIS2_PLACEMENT_3D('',#4038,#3258,#3259);
#2717=AXIS2_PLACEMENT_3D('',#4041,#3261,#3262);
#2718=AXIS2_PLACEMENT_3D('',#4044,#3264,#3265);
#2719=AXIS2_PLACEMENT_3D('',#4048,#3267,#3268);
#2720=AXIS2_PLACEMENT_3D('',#4053,#3271,#3272);
#2721=AXIS2_PLACEMENT_3D('',#4054,#3273,#3274);
#2722=AXIS2_PLACEMENT_3D('',#4058,#3276,#3277);
#2723=AXIS2_PLACEMENT_3D('',#4059,#3278,#3279);
#2724=AXIS2_PLACEMENT_3D('',#4065,#3283,#3284);
#2725=AXIS2_PLACEMENT_3D('',#4066,#3285,#3286);
#2726=AXIS2_PLACEMENT_3D('',#4070,#3288,#3289);
#2727=AXIS2_PLACEMENT_3D('',#4071,#3290,#3291);
#2728=AXIS2_PLACEMENT_3D('',#4077,#3295,#3296);
#2729=AXIS2_PLACEMENT_3D('',#4078,#3297,#3298);
#2730=AXIS2_PLACEMENT_3D('',#4082,#3300,#3301);
#2731=AXIS2_PLACEMENT_3D('',#4083,#3302,#3303);
#2732=AXIS2_PLACEMENT_3D('',#4089,#3307,#3308);
#2733=AXIS2_PLACEMENT_3D('',#4090,#3309,#3310);
#2734=AXIS2_PLACEMENT_3D('',#4094,#3312,#3313);
#2735=AXIS2_PLACEMENT_3D('',#4095,#3314,#3315);
#2736=AXIS2_PLACEMENT_3D('',#4101,#3319,#3320);
#2737=AXIS2_PLACEMENT_3D('',#4102,#3321,#3322);
#2738=AXIS2_PLACEMENT_3D('',#4106,#3324,#3325);
#2739=AXIS2_PLACEMENT_3D('',#4107,#3326,#3327);
#2740=AXIS2_PLACEMENT_3D('',#4113,#3331,#3332);
#2741=AXIS2_PLACEMENT_3D('',#4114,#3333,#3334);
#2742=AXIS2_PLACEMENT_3D('',#4115,#3335,#3336);
#2743=AXIS2_PLACEMENT_3D('',#4116,#3337,#3338);
#2744=AXIS2_PLACEMENT_3D('',#4119,#3341,#3342);
#2745=AXIS2_PLACEMENT_3D('',#4122,#3345,#3346);
#2746=AXIS2_PLACEMENT_3D('',#4123,#3347,#3348);
#2747=AXIS2_PLACEMENT_3D('',#4125,#3349,#3350);
#2748=AXIS2_PLACEMENT_3D('',#4126,#3351,#3352);
#2749=AXIS2_PLACEMENT_3D('',#4127,#3353,#3354);
#2750=AXIS2_PLACEMENT_3D('',#4129,#3355,#3356);
#2751=AXIS2_PLACEMENT_3D('',#4130,#3357,#3358);
#2752=AXIS2_PLACEMENT_3D('',#4131,#3359,#3360);
#2753=AXIS2_PLACEMENT_3D('',#4132,#3361,#3362);
#2754=AXIS2_PLACEMENT_3D('',#4136,#3364,#3365);
#2755=AXIS2_PLACEMENT_3D('',#4137,#3366,#3367);
#2756=AXIS2_PLACEMENT_3D('',#4142,#3370,#3371);
#2757=AXIS2_PLACEMENT_3D('',#4143,#3372,#3373);
#2758=AXIS2_PLACEMENT_3D('',#4146,#3374,#3375);
#2759=AXIS2_PLACEMENT_3D('',#4147,#3376,#3377);
#2760=AXIS2_PLACEMENT_3D('',#4148,#3378,#3379);
#2761=AXIS2_PLACEMENT_3D('',#4150,#3381,#3382);
#2762=AXIS2_PLACEMENT_3D('',#4151,#3383,#3384);
#2763=AXIS2_PLACEMENT_3D('',#4152,#3385,#3386);
#2764=AXIS2_PLACEMENT_3D('',#4153,#3387,#3388);
#2765=AXIS2_PLACEMENT_3D('',#4157,#3390,#3391);
#2766=AXIS2_PLACEMENT_3D('',#4158,#3392,#3393);
#2767=AXIS2_PLACEMENT_3D('',#4161,#3394,#3395);
#2768=AXIS2_PLACEMENT_3D('',#4162,#3396,#3397);
#2769=AXIS2_PLACEMENT_3D('',#4163,#3398,#3399);
#2770=AXIS2_PLACEMENT_3D('',#4164,#3400,#3401);
#2771=AXIS2_PLACEMENT_3D('',#4169,#3404,#3405);
#2772=AXIS2_PLACEMENT_3D('',#4171,#3407,#3408);
#2773=AXIS2_PLACEMENT_3D('',#4172,#3409,#3410);
#2774=AXIS2_PLACEMENT_3D('',#4173,#3411,#3412);
#2775=AXIS2_PLACEMENT_3D('',#4182,#3417,#3418);
#2776=AXIS2_PLACEMENT_3D('',#4200,#3428,#3429);
#2777=AXIS2_PLACEMENT_3D('',#4206,#3433,#3434);
#2778=AXIS2_PLACEMENT_3D('',#4221,#3443,#3444);
#2779=AXIS2_PLACEMENT_3D('',#4222,#3445,#3446);
#2780=AXIS2_PLACEMENT_3D('',#4223,#3447,#3448);
#2781=AXIS2_PLACEMENT_3D('',#4224,#3449,#3450);
#2782=AXIS2_PLACEMENT_3D('',#4225,#3451,#3452);
#2783=AXIS2_PLACEMENT_3D('',#4226,#3453,#3454);
#2784=AXIS2_PLACEMENT_3D('',#4227,#3455,#3456);
#2785=AXIS2_PLACEMENT_3D('',#4228,#3457,#3458);
#2786=AXIS2_PLACEMENT_3D('',#4229,#3459,#3460);
#2787=AXIS2_PLACEMENT_3D('',#4230,#3461,#3462);
#2788=AXIS2_PLACEMENT_3D('',#4231,#3463,#3464);
#2789=AXIS2_PLACEMENT_3D('',#4232,#3465,#3466);
#2790=AXIS2_PLACEMENT_3D('',#4234,#3467,#3468);
#2791=AXIS2_PLACEMENT_3D('',#4235,#3469,#3470);
#2792=AXIS2_PLACEMENT_3D('',#4236,#3471,#3472);
#2793=AXIS2_PLACEMENT_3D('',#4237,#3473,#3474);
#2794=AXIS2_PLACEMENT_3D('',#4239,#3475,#3476);
#2795=AXIS2_PLACEMENT_3D('',#4240,#3477,#3478);
#2796=AXIS2_PLACEMENT_3D('',#4241,#3479,#3480);
#2797=AXIS2_PLACEMENT_3D('',#4242,#3481,#3482);
#2798=AXIS2_PLACEMENT_3D('',#4244,#3483,#3484);
#2799=AXIS2_PLACEMENT_3D('',#4245,#3485,#3486);
#2800=AXIS2_PLACEMENT_3D('',#4247,#3487,#3488);
#2801=AXIS2_PLACEMENT_3D('',#4248,#3489,#3490);
#2802=AXIS2_PLACEMENT_3D('',#4250,#3491,#3492);
#2803=AXIS2_PLACEMENT_3D('',#4251,#3493,#3494);
#2804=AXIS2_PLACEMENT_3D('',#4253,#3495,#3496);
#2805=AXIS2_PLACEMENT_3D('',#4254,#3497,#3498);
#2806=AXIS2_PLACEMENT_3D('',#4256,#3499,#3500);
#2807=AXIS2_PLACEMENT_3D('',#4257,#3501,#3502);
#2808=AXIS2_PLACEMENT_3D('',#4258,#3503,#3504);
#2809=AXIS2_PLACEMENT_3D('',#4260,#3505,#3506);
#2810=AXIS2_PLACEMENT_3D('',#4261,#3507,#3508);
#2811=AXIS2_PLACEMENT_3D('',#4262,#3509,#3510);
#2812=AXIS2_PLACEMENT_3D('',#4264,#3511,#3512);
#2813=AXIS2_PLACEMENT_3D('',#4265,#3513,#3514);
#2814=AXIS2_PLACEMENT_3D('',#4266,#3515,#3516);
#2815=AXIS2_PLACEMENT_3D('',#4267,#3517,#3518);
#2816=AXIS2_PLACEMENT_3D('',#4268,#3519,#3520);
#2817=AXIS2_PLACEMENT_3D('',#4270,#3521,#3522);
#2818=AXIS2_PLACEMENT_3D('',#4271,#3523,#3524);
#2819=AXIS2_PLACEMENT_3D('',#4272,#3525,#3526);
#2820=AXIS2_PLACEMENT_3D('',#4273,#3527,#3528);
#2821=AXIS2_PLACEMENT_3D('',#4275,#3529,#3530);
#2822=AXIS2_PLACEMENT_3D('',#4276,#3531,#3532);
#2823=AXIS2_PLACEMENT_3D('',#4277,#3533,#3534);
#2824=AXIS2_PLACEMENT_3D('',#4278,#3535,#3536);
#2825=AXIS2_PLACEMENT_3D('',#4280,#3537,#3538);
#2826=AXIS2_PLACEMENT_3D('',#4281,#3539,#3540);
#2827=AXIS2_PLACEMENT_3D('',#4283,#3541,#3542);
#2828=AXIS2_PLACEMENT_3D('',#4284,#3543,#3544);
#2829=AXIS2_PLACEMENT_3D('',#4286,#3545,#3546);
#2830=AXIS2_PLACEMENT_3D('',#4287,#3547,#3548);
#2831=AXIS2_PLACEMENT_3D('',#4289,#3549,#3550);
#2832=AXIS2_PLACEMENT_3D('',#4290,#3551,#3552);
#2833=AXIS2_PLACEMENT_3D('',#4292,#3553,#3554);
#2834=AXIS2_PLACEMENT_3D('',#4293,#3555,#3556);
#2835=AXIS2_PLACEMENT_3D('',#4294,#3557,#3558);
#2836=AXIS2_PLACEMENT_3D('',#4296,#3559,#3560);
#2837=AXIS2_PLACEMENT_3D('',#4297,#3561,#3562);
#2838=AXIS2_PLACEMENT_3D('',#4298,#3563,#3564);
#2839=AXIS2_PLACEMENT_3D('',#4300,#3565,#3566);
#2840=AXIS2_PLACEMENT_3D('',#4301,#3567,#3568);
#2841=DIRECTION('',(0.,0.,1.));
#2842=DIRECTION('',(1.,0.,0.));
#2843=DIRECTION('',(1.,0.,0.));
#2844=DIRECTION('',(0.,0.,-1.));
#2845=DIRECTION('',(0.,0.866025403784438,0.500000000000001));
#2846=DIRECTION('',(0.,1.,0.));
#2847=DIRECTION('',(0.,0.,-1.));
#2848=DIRECTION('',(0.,-1.,0.));
#2849=DIRECTION('',(0.,0.,-1.));
#2850=DIRECTION('',(1.,0.,0.));
#2851=DIRECTION('',(0.,0.,-1.));
#2852=DIRECTION('',(0.,0.,-1.));
#2853=DIRECTION('',(0.,-1.,0.));
#2854=DIRECTION('',(0.,-0.866025403784438,0.500000000000001));
#2855=DIRECTION('',(0.,0.,-1.));
#2856=DIRECTION('',(0.,1.,0.));
#2857=DIRECTION('',(0.,1.,0.));
#2858=DIRECTION('',(0.,0.,1.));
#2859=DIRECTION('',(0.,0.,-1.));
#2860=DIRECTION('',(-1.,0.,0.));
#2861=DIRECTION('',(-1.,0.,0.));
#2862=DIRECTION('',(0.,1.,0.));
#2863=DIRECTION('',(0.,0.,1.));
#2864=DIRECTION('',(-1.,0.,0.));
#2865=DIRECTION('',(0.,0.,-1.));
#2866=DIRECTION('',(1.,0.,0.));
#2867=DIRECTION('',(-1.,0.,0.));
#2868=DIRECTION('',(0.,0.,1.));
#2869=DIRECTION('',(0.,1.,0.));
#2870=DIRECTION('',(0.,0.866025403784438,0.500000000000001));
#2871=DIRECTION('',(0.,0.,-1.));
#2872=DIRECTION('',(0.,1.,0.));
#2873=DIRECTION('',(-1.,0.,0.));
#2874=DIRECTION('',(0.,0.,1.));
#2875=DIRECTION('',(0.,-0.866025403784438,0.500000000000001));
#2876=DIRECTION('',(0.,-1.,0.));
#2877=DIRECTION('',(0.,-1.,0.));
#2878=DIRECTION('',(0.,0.,-1.));
#2879=DIRECTION('',(0.,-1.,0.));
#2880=DIRECTION('',(0.,0.,-1.));
#2881=DIRECTION('',(-1.,0.,0.));
#2882=DIRECTION('',(-1.,0.,0.));
#2883=DIRECTION('',(0.,-1.,0.));
#2884=DIRECTION('',(0.,0.,-1.));
#2885=DIRECTION('',(-1.,0.,0.));
#2886=DIRECTION('',(1.,0.,0.));
#2887=DIRECTION('',(0.,0.,-1.));
#2888=DIRECTION('',(-1.,0.,0.));
#2889=DIRECTION('',(1.,0.,0.));
#2890=DIRECTION('',(0.,1.,0.));
#2891=DIRECTION('',(-1.,0.,0.));
#2892=DIRECTION('',(0.,1.,0.));
#2893=DIRECTION('',(1.,0.,0.));
#2894=DIRECTION('',(0.,-1.,0.));
#2895=DIRECTION('',(-1.,0.,0.));
#2896=DIRECTION('',(0.,-1.,0.));
#2897=DIRECTION('',(0.,0.,1.));
#2898=DIRECTION('',(1.,0.,0.));
#2899=DIRECTION('',(-1.,0.,0.));
#2900=DIRECTION('',(0.,1.,0.));
#2901=DIRECTION('',(1.,0.,0.));
#2902=DIRECTION('',(0.,1.,0.));
#2903=DIRECTION('',(-1.,0.,0.));
#2904=DIRECTION('',(0.,-1.,0.));
#2905=DIRECTION('',(-1.,0.,0.));
#2906=DIRECTION('',(0.,-1.,0.));
#2907=DIRECTION('',(0.,1.,0.));
#2908=DIRECTION('',(0.,0.,1.));
#2909=DIRECTION('',(0.,0.,1.));
#2910=DIRECTION('',(0.,1.,0.));
#2911=DIRECTION('',(1.,0.,0.));
#2912=DIRECTION('',(1.,0.,0.));
#2913=DIRECTION('',(0.,1.,0.));
#2914=DIRECTION('',(1.,0.,0.));
#2915=DIRECTION('',(0.,0.,-1.));
#2916=DIRECTION('',(-1.,0.,0.));
#2917=DIRECTION('',(0.,0.,-1.));
#2918=DIRECTION('',(0.,0.,1.));
#2919=DIRECTION('',(-1.,0.,0.));
#2920=DIRECTION('',(0.,0.,1.));
#2921=DIRECTION('',(1.,0.,0.));
#2922=DIRECTION('',(0.,-1.,0.));
#2923=DIRECTION('',(-1.,0.,0.));
#2924=DIRECTION('',(0.,-1.,0.));
#2925=DIRECTION('',(-1.,0.,0.));
#2926=DIRECTION('',(0.,-1.,0.));
#2927=DIRECTION('',(8.53702498020082E-16,0.,-1.));
#2928=DIRECTION('',(-1.,0.,-8.53702498020082E-16));
#2929=DIRECTION('',(0.,1.,0.));
#2930=DIRECTION('',(1.,0.,8.53702498020082E-16));
#2931=DIRECTION('',(0.,-1.,0.));
#2932=DIRECTION('',(1.,0.,8.53702498020082E-16));
#2933=DIRECTION('',(0.,-1.,0.));
#2934=DIRECTION('',(1.,0.,8.53702498020082E-16));
#2935=DIRECTION('',(0.,0.,1.));
#2936=DIRECTION('',(1.,0.,0.));
#2937=DIRECTION('',(0.,1.,0.));
#2938=DIRECTION('',(0.,-1.,0.));
#2939=DIRECTION('',(-1.,0.,0.));
#2940=DIRECTION('',(0.,-1.,0.));
#2941=DIRECTION('',(-1.,0.,0.));
#2942=DIRECTION('',(8.53702498020082E-16,0.,-1.));
#2943=DIRECTION('',(-1.,0.,-8.53702498020082E-16));
#2944=DIRECTION('',(0.,-1.,0.));
#2945=DIRECTION('',(1.,0.,8.53702498020082E-16));
#2946=DIRECTION('',(0.,-1.,0.));
#2947=DIRECTION('',(1.,0.,8.53702498020082E-16));
#2948=DIRECTION('',(0.,-1.,0.));
#2949=DIRECTION('',(1.,0.,8.53702498020082E-16));
#2950=DIRECTION('',(0.,1.,0.));
#2951=DIRECTION('',(0.,0.,1.));
#2952=DIRECTION('',(0.,0.,-1.));
#2953=DIRECTION('',(0.,-1.,0.));
#2954=DIRECTION('',(0.,0.,-1.));
#2955=DIRECTION('',(0.,0.,-1.));
#2956=DIRECTION('',(-1.,0.,0.));
#2957=DIRECTION('',(0.,1.,0.));
#2958=DIRECTION('',(0.,0.,1.));
#2959=DIRECTION('',(0.,0.,-1.));
#2960=DIRECTION('',(0.,-1.,0.));
#2961=DIRECTION('',(0.,0.,-1.));
#2962=DIRECTION('',(0.,0.,-1.));
#2963=DIRECTION('',(-1.,0.,0.));
#2964=DIRECTION('',(0.933580426497202,0.3583679495453,0.));
#2965=DIRECTION('',(-0.3583679495453,0.933580426497202,0.));
#2966=DIRECTION('',(0.3583679495453,-0.933580426497202,-1.31586930639638E-16));
#2967=DIRECTION('',(0.,0.,1.));
#2968=DIRECTION('',(-0.33735901058771,0.878850269357963,0.33735901058771));
#2969=DIRECTION('',(0.,0.,-1.));
#2970=DIRECTION('',(0.33735901058771,-0.878850269357963,0.33735901058771));
#2971=DIRECTION('',(0.,0.,1.));
#2972=DIRECTION('',(-0.3583679495453,0.933580426497202,0.));
#2973=DIRECTION('',(0.,0.,-1.));
#2974=DIRECTION('',(-0.933580426497202,0.3583679495453,0.));
#2975=DIRECTION('',(-0.3583679495453,-0.933580426497202,0.));
#2976=DIRECTION('',(-0.3583679495453,-0.933580426497202,1.31586930639638E-16));
#2977=DIRECTION('',(0.,0.,-1.));
#2978=DIRECTION('',(0.337359010587709,0.878850269357963,-0.33735901058771));
#2979=DIRECTION('',(0.,0.,-1.));
#2980=DIRECTION('',(-0.337359010587709,-0.878850269357963,-0.33735901058771));
#2981=DIRECTION('',(0.,0.,-1.));
#2982=DIRECTION('',(0.3583679495453,0.933580426497202,0.));
#2983=DIRECTION('',(0.,0.,-1.));
#2984=DIRECTION('',(-1.,0.,0.));
#2985=DIRECTION('',(0.,0.,1.));
#2986=DIRECTION('',(0.,0.,-1.));
#2987=DIRECTION('',(0.,0.,-1.));
#2988=DIRECTION('',(0.,-1.,0.));
#2989=DIRECTION('',(0.,1.,0.));
#2990=DIRECTION('',(0.,0.,-1.));
#2991=DIRECTION('',(0.,0.,1.));
#2992=DIRECTION('',(1.,0.,0.));
#2993=DIRECTION('',(0.,0.,-1.));
#2994=DIRECTION('',(0.,0.,1.));
#2995=DIRECTION('',(0.,0.,-1.));
#2996=DIRECTION('',(0.,0.,1.));
#2997=DIRECTION('',(0.,-1.,0.));
#2998=DIRECTION('',(0.,1.,0.));
#2999=DIRECTION('',(0.,0.,1.));
#3000=DIRECTION('',(0.,1.,0.));
#3001=DIRECTION('',(0.,0.,1.));
#3002=DIRECTION('',(0.,0.,1.));
#3003=DIRECTION('',(0.,0.,-1.));
#3004=DIRECTION('',(0.,1.,0.));
#3005=DIRECTION('',(1.,0.,0.));
#3006=DIRECTION('',(-1.,0.,0.));
#3007=DIRECTION('',(0.,1.,0.));
#3008=DIRECTION('',(1.,0.,0.));
#3009=DIRECTION('',(0.,0.3583679495453,-0.933580426497202));
#3010=DIRECTION('',(0.,0.933580426497202,0.3583679495453));
#3011=DIRECTION('',(-6.65086116819909E-17,-0.933580426497202,-0.3583679495453));
#3012=DIRECTION('',(1.,0.,0.));
#3013=DIRECTION('',(1.,0.,0.));
#3014=DIRECTION('',(0.,0.933580426497202,0.3583679495453));
#3015=DIRECTION('',(0.,0.3583679495453,0.933580426497202));
#3016=DIRECTION('',(0.,-0.933580426497202,0.3583679495453));
#3017=DIRECTION('',(-6.65086116819909E-17,-0.933580426497202,0.3583679495453));
#3018=DIRECTION('',(-1.,0.,0.));
#3019=DIRECTION('',(-1.,0.,0.));
#3020=DIRECTION('',(0.,0.933580426497202,-0.3583679495453));
#3021=DIRECTION('',(0.,1.,0.));
#3022=DIRECTION('',(0.,0.,1.));
#3023=DIRECTION('',(1.,0.,-3.67183870116164E-16));
#3024=DIRECTION('',(0.,0.,1.));
#3025=DIRECTION('',(1.,0.,0.));
#3026=DIRECTION('',(0.,0.,-1.));
#3027=DIRECTION('',(0.,-1.,0.));
#3028=DIRECTION('',(0.,0.,1.));
#3029=DIRECTION('',(0.,1.,0.));
#3030=DIRECTION('',(0.,0.,1.));
#3031=DIRECTION('',(1.,0.,-3.67183870116164E-16));
#3032=DIRECTION('',(-3.67183870116165E-16,0.,-1.));
#3033=DIRECTION('',(-1.,0.,3.67183870116165E-16));
#3034=DIRECTION('',(0.,1.,0.));
#3035=DIRECTION('',(0.,0.,1.));
#3036=DIRECTION('',(1.85587499569583E-16,0.,-1.));
#3037=DIRECTION('',(1.,0.,0.));
#3038=DIRECTION('',(-1.,0.,-1.85587499569583E-16));
#3039=DIRECTION('',(-1.85587499569583E-16,0.,1.));
#3040=DIRECTION('',(1.85587499569583E-16,0.,-1.));
#3041=DIRECTION('',(0.,-1.,0.));
#3042=DIRECTION('',(0.,1.,0.));
#3043=DIRECTION('',(0.,0.,1.));
#3044=DIRECTION('',(1.,0.,0.));
#3045=DIRECTION('',(0.,0.,-1.));
#3046=DIRECTION('',(-1.,0.,0.));
#3047=DIRECTION('',(0.,1.,0.));
#3048=DIRECTION('',(0.,0.,1.));
#3049=DIRECTION('',(-1.,0.,3.67183870116164E-16));
#3050=DIRECTION('',(0.,0.,-1.));
#3051=DIRECTION('',(-1.,0.,0.));
#3052=DIRECTION('',(0.,0.,1.));
#3053=DIRECTION('',(0.,-1.,0.));
#3054=DIRECTION('',(0.,0.,-1.));
#3055=DIRECTION('',(0.,1.,0.));
#3056=DIRECTION('',(0.,0.,1.));
#3057=DIRECTION('',(-1.,0.,3.67183870116164E-16));
#3058=DIRECTION('',(3.67183870116165E-16,0.,1.));
#3059=DIRECTION('',(1.,0.,-3.67183870116165E-16));
#3060=DIRECTION('',(0.,1.,0.));
#3061=DIRECTION('',(0.,0.,1.));
#3062=DIRECTION('',(-1.,0.,0.));
#3063=DIRECTION('',(1.85587499569583E-16,0.,1.));
#3064=DIRECTION('',(0.,1.,0.));
#3065=DIRECTION('',(0.,0.,1.));
#3066=DIRECTION('',(1.85587499569583E-16,0.,1.));
#3067=DIRECTION('',(-1.,0.,0.));
#3068=DIRECTION('',(0.,0.,1.));
#3069=DIRECTION('',(1.,0.,0.));
#3070=DIRECTION('',(0.,-1.,0.));
#3071=DIRECTION('',(1.,0.,-1.85587499569583E-16));
#3072=DIRECTION('',(-1.85587499569583E-16,0.,-1.));
#3073=DIRECTION('',(0.,1.,0.));
#3074=DIRECTION('',(0.,0.,1.));
#3075=DIRECTION('',(0.,-1.,0.));
#3076=DIRECTION('',(0.,0.,-1.));
#3077=DIRECTION('',(0.,-1.,0.));
#3078=DIRECTION('',(0.,0.,-1.));
#3079=DIRECTION('',(0.,-1.,0.));
#3080=DIRECTION('',(0.,0.,-1.));
#3081=DIRECTION('',(0.,-1.,0.));
#3082=DIRECTION('',(0.,0.,-1.));
#3083=DIRECTION('',(0.,-1.,0.));
#3084=DIRECTION('',(0.,0.,-1.));
#3085=DIRECTION('',(0.,-1.,0.));
#3086=DIRECTION('',(0.,0.,-1.));
#3087=DIRECTION('',(0.,-1.,0.));
#3088=DIRECTION('',(0.,0.,-1.));
#3089=DIRECTION('',(0.,0.,1.));
#3090=DIRECTION('',(-1.,0.,0.));
#3091=DIRECTION('',(0.,0.,-1.));
#3092=DIRECTION('',(0.,-1.,0.));
#3093=DIRECTION('',(0.,0.,-1.));
#3094=DIRECTION('',(0.,-1.,0.));
#3095=DIRECTION('',(0.,0.,-1.));
#3096=DIRECTION('',(0.,-1.,0.));
#3097=DIRECTION('',(0.,0.,-1.));
#3098=DIRECTION('',(0.,-1.,0.));
#3099=DIRECTION('',(0.,0.,-1.));
#3100=DIRECTION('',(0.,-1.,0.));
#3101=DIRECTION('',(0.,0.,-1.));
#3102=DIRECTION('',(0.,1.,0.));
#3103=DIRECTION('',(0.,0.,1.));
#3104=DIRECTION('',(-1.,0.,0.));
#3105=DIRECTION('',(0.,0.,1.));
#3106=DIRECTION('',(0.,0.,-1.));
#3107=DIRECTION('',(0.,0.,-1.));
#3108=DIRECTION('',(0.,1.,0.));
#3109=DIRECTION('',(0.,0.,1.));
#3110=DIRECTION('',(0.,1.,0.));
#3111=DIRECTION('',(0.,0.,1.));
#3112=DIRECTION('',(0.,0.,1.));
#3113=DIRECTION('',(1.,0.,0.));
#3114=DIRECTION('',(0.,0.,-1.));
#3115=DIRECTION('',(0.,0.,1.));
#3116=DIRECTION('',(-1.,0.,0.));
#3117=DIRECTION('',(0.,0.,1.));
#3118=DIRECTION('',(0.,-1.,0.));
#3119=DIRECTION('',(0.,0.,-1.));
#3120=DIRECTION('',(-1.,0.,0.));
#3121=DIRECTION('',(0.,0.,1.));
#3122=DIRECTION('',(0.,0.,-1.));
#3123=DIRECTION('',(0.,-1.,0.));
#3124=DIRECTION('',(1.,0.,0.));
#3125=DIRECTION('',(0.,0.,-1.));
#3126=DIRECTION('',(0.,0.,1.));
#3127=DIRECTION('',(0.,-1.,0.));
#3128=DIRECTION('',(1.,0.,0.));
#3129=DIRECTION('',(0.,0.,-1.));
#3130=DIRECTION('',(0.,-1.,0.));
#3131=DIRECTION('',(0.,0.,1.));
#3132=DIRECTION('',(0.,1.,0.));
#3133=DIRECTION('',(0.,0.,1.));
#3134=DIRECTION('',(0.,1.,0.));
#3135=DIRECTION('',(1.,0.,0.));
#3136=DIRECTION('',(1.,0.,0.));
#3137=DIRECTION('',(0.,1.,0.));
#3138=DIRECTION('',(1.,0.,0.));
#3139=DIRECTION('',(0.,1.,0.));
#3140=DIRECTION('',(1.,0.,0.));
#3141=DIRECTION('',(-1.,0.,0.));
#3142=DIRECTION('',(0.,1.,0.));
#3143=DIRECTION('',(1.,0.,0.));
#3144=DIRECTION('',(0.,-1.,0.));
#3145=DIRECTION('',(0.,0.,-1.));
#3146=DIRECTION('',(0.,-1.,0.));
#3147=DIRECTION('',(0.,0.,-1.));
#3148=DIRECTION('',(-1.,0.,0.));
#3149=DIRECTION('',(0.,-1.,0.));
#3150=DIRECTION('',(0.,-1.,0.));
#3151=DIRECTION('',(0.,0.,-1.));
#3152=DIRECTION('',(0.,-1.,0.));
#3153=DIRECTION('',(0.,0.,-1.));
#3154=DIRECTION('',(0.,-1.,0.));
#3155=DIRECTION('',(0.,0.,1.));
#3156=DIRECTION('',(1.,0.,0.));
#3157=DIRECTION('',(0.,-1.,0.));
#3158=DIRECTION('',(0.,-1.,0.));
#3159=DIRECTION('',(0.,0.,-1.));
#3160=DIRECTION('',(-1.,0.,0.));
#3161=DIRECTION('',(0.,0.,1.));
#3162=DIRECTION('',(0.,0.,1.));
#3163=DIRECTION('',(0.,1.,0.));
#3164=DIRECTION('',(1.,0.,0.));
#3165=DIRECTION('',(0.,0.,-1.));
#3166=DIRECTION('',(0.,1.,0.));
#3167=DIRECTION('',(0.,0.,-1.));
#3168=DIRECTION('',(0.,1.,0.));
#3169=DIRECTION('',(0.,0.,1.));
#3170=DIRECTION('',(-1.,0.,0.));
#3171=DIRECTION('',(0.,0.,-1.));
#3172=DIRECTION('',(-1.,0.,0.));
#3173=DIRECTION('',(0.,-0.500000000000001,-0.866025403784438));
#3174=DIRECTION('',(0.,0.866025403784438,-0.500000000000001));
#3175=DIRECTION('',(-1.,0.,0.));
#3176=DIRECTION('',(0.,0.,-1.));
#3177=DIRECTION('',(-1.,0.,0.));
#3178=DIRECTION('',(0.,0.,1.));
#3179=DIRECTION('',(1.,0.,0.));
#3180=DIRECTION('',(-1.,0.,0.));
#3181=DIRECTION('',(0.,-0.500000000000001,0.866025403784438));
#3182=DIRECTION('',(0.,-0.866025403784438,-0.500000000000001));
#3183=DIRECTION('',(0.,-1.,0.));
#3184=DIRECTION('',(1.,0.,0.));
#3185=DIRECTION('',(1.,0.,0.));
#3186=DIRECTION('',(0.,0.,-1.));
#3187=DIRECTION('',(0.,-1.,0.));
#3188=DIRECTION('',(0.,0.,-1.));
#3189=DIRECTION('',(0.,-1.,0.));
#3190=DIRECTION('',(0.,0.,-1.));
#3191=DIRECTION('',(0.,0.,-1.));
#3192=DIRECTION('',(-1.,0.,0.));
#3193=DIRECTION('',(0.,0.,1.));
#3194=DIRECTION('',(1.,0.,0.));
#3195=DIRECTION('',(0.,0.,-1.));
#3196=DIRECTION('',(0.,0.,1.));
#3197=DIRECTION('',(1.,0.,0.));
#3198=DIRECTION('',(0.707106781186548,0.707106781186547,0.));
#3199=DIRECTION('',(-0.707106781186547,0.707106781186548,0.));
#3200=DIRECTION('',(0.707106781186547,-0.707106781186548,0.));
#3201=DIRECTION('',(0.,0.,-1.));
#3202=DIRECTION('',(0.707106781186547,-0.707106781186548,0.));
#3203=DIRECTION('',(0.,0.,-1.));
#3204=DIRECTION('',(-1.,0.,0.));
#3205=DIRECTION('',(0.,0.,1.));
#3206=DIRECTION('',(1.,0.,0.));
#3207=DIRECTION('',(0.,0.,-1.));
#3208=DIRECTION('',(0.,0.,1.));
#3209=DIRECTION('',(1.,0.,0.));
#3210=DIRECTION('',(0.,1.,0.));
#3211=DIRECTION('',(0.,0.,1.));
#3212=DIRECTION('',(1.,0.,0.));
#3213=DIRECTION('',(0.,1.,0.));
#3214=DIRECTION('',(0.,0.,1.));
#3215=DIRECTION('',(1.,0.,0.));
#3216=DIRECTION('',(0.,-1.,0.));
#3217=DIRECTION('',(0.,0.,-1.));
#3218=DIRECTION('',(-1.,0.,0.));
#3219=DIRECTION('',(0.,1.,0.));
#3220=DIRECTION('',(1.,0.,0.));
#3221=DIRECTION('',(-1.,0.,0.));
#3222=DIRECTION('',(0.,0.,-1.));
#3223=DIRECTION('',(-0.707106781186548,-0.707106781186547,0.));
#3224=DIRECTION('',(0.707106781186547,-0.707106781186548,0.));
#3225=DIRECTION('',(-0.707106781186547,0.707106781186548,0.));
#3226=DIRECTION('',(0.,0.,-1.));
#3227=DIRECTION('',(-0.707106781186547,0.707106781186548,0.));
#3228=DIRECTION('',(-1.,0.,0.));
#3229=DIRECTION('',(0.,0.,1.));
#3230=DIRECTION('',(0.,1.,0.));
#3231=DIRECTION('',(0.,0.,-1.));
#3232=DIRECTION('',(0.,1.,0.));
#3233=DIRECTION('',(-0.707106781186547,0.707106781186548,0.));
#3234=DIRECTION('',(-0.707106781186548,-0.707106781186547,0.));
#3235=DIRECTION('',(0.707106781186548,0.707106781186547,0.));
#3236=DIRECTION('',(0.,0.,-1.));
#3237=DIRECTION('',(0.707106781186548,0.707106781186547,0.));
#3238=DIRECTION('',(0.,1.,0.));
#3239=DIRECTION('',(0.,0.,1.));
#3240=DIRECTION('',(1.,0.,0.));
#3241=DIRECTION('',(0.,0.,-1.));
#3242=DIRECTION('',(1.,0.,0.));
#3243=DIRECTION('',(0.707106781186548,0.707106781186547,0.));
#3244=DIRECTION('',(-0.707106781186547,0.707106781186548,0.));
#3245=DIRECTION('',(0.707106781186547,-0.707106781186548,0.));
#3246=DIRECTION('',(0.,0.,-1.));
#3247=DIRECTION('',(0.707106781186547,-0.707106781186548,0.));
#3248=DIRECTION('',(1.,0.,0.));
#3249=DIRECTION('',(0.,0.,-1.));
#3250=DIRECTION('',(0.,-1.,0.));
#3251=DIRECTION('',(0.,0.,-1.));
#3252=DIRECTION('',(0.,-1.,0.));
#3253=DIRECTION('',(0.707106781186548,-0.707106781186548,0.));
#3254=DIRECTION('',(0.707106781186548,0.707106781186548,0.));
#3255=DIRECTION('',(-0.707106781186547,-0.707106781186547,0.));
#3256=DIRECTION('',(0.,0.,-1.));
#3257=DIRECTION('',(-0.707106781186547,-0.707106781186547,0.));
#3258=DIRECTION('',(0.,-1.,0.));
#3259=DIRECTION('',(0.,0.,-1.));
#3260=DIRECTION('',(-1.,0.,0.));
#3261=DIRECTION('',(0.,1.,0.));
#3262=DIRECTION('',(1.,0.,0.));
#3263=DIRECTION('',(-1.,0.,0.));
#3264=DIRECTION('',(0.,1.,0.));
#3265=DIRECTION('',(0.,0.,1.));
#3266=DIRECTION('',(1.,0.,0.));
#3267=DIRECTION('',(0.,1.,0.));
#3268=DIRECTION('',(0.,0.,1.));
#3269=DIRECTION('',(1.,0.,0.));
#3270=DIRECTION('',(0.,0.,-1.));
#3271=DIRECTION('',(0.,0.,-1.));
#3272=DIRECTION('',(-1.,0.,0.));
#3273=DIRECTION('',(0.,0.,1.));
#3274=DIRECTION('',(1.,0.,0.));
#3275=DIRECTION('',(0.,0.,-1.));
#3276=DIRECTION('',(0.,0.,1.));
#3277=DIRECTION('',(1.,0.,0.));
#3278=DIRECTION('',(-0.707106781186547,0.707106781186548,0.));
#3279=DIRECTION('',(-0.707106781186548,-0.707106781186547,0.));
#3280=DIRECTION('',(0.707106781186548,0.707106781186547,0.));
#3281=DIRECTION('',(0.,0.,-1.));
#3282=DIRECTION('',(0.707106781186548,0.707106781186547,0.));
#3283=DIRECTION('',(0.,0.,-1.));
#3284=DIRECTION('',(-1.,0.,0.));
#3285=DIRECTION('',(0.,0.,1.));
#3286=DIRECTION('',(1.,0.,0.));
#3287=DIRECTION('',(0.,0.,-1.));
#3288=DIRECTION('',(0.,0.,1.));
#3289=DIRECTION('',(1.,0.,0.));
#3290=DIRECTION('',(-1.,0.,0.));
#3291=DIRECTION('',(0.,0.,1.));
#3292=DIRECTION('',(0.,1.,0.));
#3293=DIRECTION('',(0.,0.,-1.));
#3294=DIRECTION('',(0.,1.,0.));
#3295=DIRECTION('',(0.,0.,-1.));
#3296=DIRECTION('',(-1.,0.,0.));
#3297=DIRECTION('',(0.,0.,1.));
#3298=DIRECTION('',(1.,0.,0.));
#3299=DIRECTION('',(0.,0.,-1.));
#3300=DIRECTION('',(0.,0.,1.));
#3301=DIRECTION('',(1.,0.,0.));
#3302=DIRECTION('',(-0.707106781186548,-0.707106781186547,0.));
#3303=DIRECTION('',(0.707106781186547,-0.707106781186548,0.));
#3304=DIRECTION('',(-0.707106781186547,0.707106781186548,0.));
#3305=DIRECTION('',(0.,0.,-1.));
#3306=DIRECTION('',(-0.707106781186547,0.707106781186548,0.));
#3307=DIRECTION('',(0.,0.,-1.));
#3308=DIRECTION('',(-1.,0.,0.));
#3309=DIRECTION('',(0.,0.,1.));
#3310=DIRECTION('',(1.,0.,0.));
#3311=DIRECTION('',(0.,0.,-1.));
#3312=DIRECTION('',(0.,0.,1.));
#3313=DIRECTION('',(1.,0.,0.));
#3314=DIRECTION('',(0.,-1.,0.));
#3315=DIRECTION('',(0.,0.,-1.));
#3316=DIRECTION('',(-1.,0.,0.));
#3317=DIRECTION('',(0.,0.,-1.));
#3318=DIRECTION('',(-1.,0.,0.));
#3319=DIRECTION('',(0.,0.,-1.));
#3320=DIRECTION('',(-1.,0.,0.));
#3321=DIRECTION('',(0.,0.,1.));
#3322=DIRECTION('',(1.,0.,0.));
#3323=DIRECTION('',(0.,0.,-1.));
#3324=DIRECTION('',(0.,0.,1.));
#3325=DIRECTION('',(1.,0.,0.));
#3326=DIRECTION('',(0.707106781186547,-0.707106781186548,0.));
#3327=DIRECTION('',(0.707106781186548,0.707106781186547,0.));
#3328=DIRECTION('',(-0.707106781186548,-0.707106781186547,0.));
#3329=DIRECTION('',(0.,0.,-1.));
#3330=DIRECTION('',(-0.707106781186548,-0.707106781186547,0.));
#3331=DIRECTION('',(0.,0.,-1.));
#3332=DIRECTION('',(-1.,0.,0.));
#3333=DIRECTION('',(0.,0.,1.));
#3334=DIRECTION('',(1.,0.,0.));
#3335=DIRECTION('',(0.,0.,1.));
#3336=DIRECTION('',(1.,0.,0.));
#3337=DIRECTION('',(0.,0.,1.));
#3338=DIRECTION('',(1.,0.,0.));
#3339=DIRECTION('',(0.,1.,0.));
#3340=DIRECTION('',(0.,-1.,0.));
#3341=DIRECTION('',(0.,0.,1.));
#3342=DIRECTION('',(1.,0.,0.));
#3343=DIRECTION('',(0.,-1.,0.));
#3344=DIRECTION('',(0.,1.,0.));
#3345=DIRECTION('',(0.,1.,0.));
#3346=DIRECTION('',(0.,0.,1.));
#3347=DIRECTION('',(0.,1.,0.));
#3348=DIRECTION('',(1.,0.,0.));
#3349=DIRECTION('',(0.,1.,0.));
#3350=DIRECTION('',(0.,0.,1.));
#3351=DIRECTION('',(0.,1.,0.));
#3352=DIRECTION('',(0.,0.,1.));
#3353=DIRECTION('',(0.,1.,0.));
#3354=DIRECTION('',(1.,0.,0.));
#3355=DIRECTION('',(0.,1.,0.));
#3356=DIRECTION('',(0.,0.,1.));
#3357=DIRECTION('',(0.,0.,-1.));
#3358=DIRECTION('',(-1.,0.,0.));
#3359=DIRECTION('',(0.,0.970295726275996,-0.241921895599668));
#3360=DIRECTION('',(0.,0.241921895599668,0.970295726275996));
#3361=DIRECTION('',(0.,0.970295726275996,-0.241921895599668));
#3362=DIRECTION('',(0.,0.241921895599668,0.970295726275996));
#3363=DIRECTION('',(2.46519032881566E-32,0.24192189559967,0.970295726275996));
#3364=DIRECTION('',(0.,0.970295726275996,-0.241921895599668));
#3365=DIRECTION('',(0.,0.241921895599668,0.970295726275996));
#3366=DIRECTION('',(0.,0.970295726275996,-0.241921895599668));
#3367=DIRECTION('',(0.,0.241921895599668,0.970295726275996));
#3368=DIRECTION('',(-1.23259516440783E-32,0.970295726275997,-0.241921895599668));
#3369=DIRECTION('',(6.16297582203915E-33,0.970295726275997,-0.241921895599668));
#3370=DIRECTION('',(0.,0.970295726275996,-0.241921895599668));
#3371=DIRECTION('',(0.,0.241921895599668,0.970295726275996));
#3372=DIRECTION('',(0.,0.970295726275996,-0.241921895599668));
#3373=DIRECTION('',(0.,0.241921895599668,0.970295726275996));
#3374=DIRECTION('',(1.,0.,1.23259516440783E-32));
#3375=DIRECTION('',(-1.23259516440783E-32,0.,-1.));
#3376=DIRECTION('',(-1.,-2.96268875089793E-17,-1.18826955541026E-16));
#3377=DIRECTION('',(-1.18826955541026E-16,0.469471562785891,0.882947592858927));
#3378=DIRECTION('',(0.,-0.970295726275996,0.241921895599668));
#3379=DIRECTION('',(0.,-0.241921895599668,-0.970295726275996));
#3380=DIRECTION('',(-2.46519032881566E-32,-0.241921895599667,-0.970295726275997));
#3381=DIRECTION('',(1.,0.,1.23259516440783E-32));
#3382=DIRECTION('',(-1.23259516440783E-32,0.,-1.));
#3383=DIRECTION('',(0.,-1.,0.));
#3384=DIRECTION('',(1.,0.,0.));
#3385=DIRECTION('',(0.,-0.970295726275996,0.241921895599668));
#3386=DIRECTION('',(0.,-0.241921895599668,-0.970295726275996));
#3387=DIRECTION('',(0.,-0.970295726275996,0.241921895599668));
#3388=DIRECTION('',(0.,-0.241921895599668,-0.970295726275996));
#3389=DIRECTION('',(-1.22464679914735E-16,0.241921895599668,0.970295726275996));
#3390=DIRECTION('',(0.,-0.970295726275996,0.241921895599668));
#3391=DIRECTION('',(0.,-0.241921895599668,-0.970295726275996));
#3392=DIRECTION('',(0.,-0.970295726275996,0.241921895599668));
#3393=DIRECTION('',(0.,-0.241921895599668,-0.970295726275996));
#3394=DIRECTION('',(-1.,-2.96268875089793E-17,-1.18826955541026E-16));
#3395=DIRECTION('',(-1.18826955541026E-16,0.469471562785891,0.882947592858927));
#3396=DIRECTION('',(1.,0.,0.));
#3397=DIRECTION('',(0.,0.,-1.));
#3398=DIRECTION('',(0.,-0.970295726275996,0.241921895599668));
#3399=DIRECTION('',(0.,-0.241921895599668,-0.970295726275996));
#3400=DIRECTION('',(0.,-0.970295726275996,0.241921895599668));
#3401=DIRECTION('',(0.,-0.241921895599668,-0.970295726275996));
#3402=DIRECTION('',(-1.23259516440783E-32,-0.970295726275996,0.241921895599668));
#3403=DIRECTION('',(0.,-0.970295726275996,0.241921895599668));
#3404=DIRECTION('',(0.,0.970295726275996,-0.241921895599668));
#3405=DIRECTION('',(0.,0.241921895599668,0.970295726275996));
#3406=DIRECTION('',(1.22464679914735E-16,-0.241921895599668,-0.970295726275997));
#3407=DIRECTION('',(-1.,-2.96268875089793E-17,-1.18826955541026E-16));
#3408=DIRECTION('',(-1.18826955541026E-16,0.469471562785891,0.882947592858927));
#3409=DIRECTION('',(0.,-1.,0.));
#3410=DIRECTION('',(1.,0.,0.));
#3411=DIRECTION('',(0.,0.,1.));
#3412=DIRECTION('',(1.,0.,0.));
#3413=DIRECTION('',(-1.,0.,0.));
#3414=DIRECTION('',(0.,-1.,0.));
#3415=DIRECTION('',(-1.,0.,0.));
#3416=DIRECTION('',(0.,-1.,0.));
#3417=DIRECTION('',(1.,0.,0.));
#3418=DIRECTION('',(0.,0.,-1.));
#3419=DIRECTION('',(0.,0.,1.));
#3420=DIRECTION('',(0.,0.,1.));
#3421=DIRECTION('',(0.,0.,1.));
#3422=DIRECTION('',(0.,0.,1.));
#3423=DIRECTION('',(0.,0.,1.));
#3424=DIRECTION('',(0.,0.,1.));
#3425=DIRECTION('',(0.,0.,1.));
#3426=DIRECTION('',(0.,-1.,0.));
#3427=DIRECTION('',(0.,0.,1.));
#3428=DIRECTION('',(0.,0.,-1.));
#3429=DIRECTION('',(-1.,0.,0.));
#3430=DIRECTION('',(1.,0.,0.));
#3431=DIRECTION('',(0.,-1.,0.));
#3432=DIRECTION('',(1.,0.,0.));
#3433=DIRECTION('',(-1.,0.,0.));
#3434=DIRECTION('',(0.,0.,1.));
#3435=DIRECTION('',(0.,0.,-1.));
#3436=DIRECTION('',(0.,0.,-1.));
#3437=DIRECTION('',(0.,0.,-1.));
#3438=DIRECTION('',(0.,0.,-1.));
#3439=DIRECTION('',(0.,0.,-1.));
#3440=DIRECTION('',(0.,0.,-1.));
#3441=DIRECTION('',(0.,0.,-1.));
#3442=DIRECTION('',(0.,0.,-1.));
#3443=DIRECTION('',(0.,1.,0.));
#3444=DIRECTION('',(0.,0.,1.));
#3445=DIRECTION('',(0.,1.,0.));
#3446=DIRECTION('',(0.,0.,1.));
#3447=DIRECTION('',(0.,1.,0.));
#3448=DIRECTION('',(0.,0.,1.));
#3449=DIRECTION('',(0.,1.,0.));
#3450=DIRECTION('',(0.,0.,1.));
#3451=DIRECTION('',(0.,1.,0.));
#3452=DIRECTION('',(0.,0.,1.));
#3453=DIRECTION('',(0.,1.,0.));
#3454=DIRECTION('',(1.,0.,0.));
#3455=DIRECTION('',(0.,1.,0.));
#3456=DIRECTION('',(1.,0.,0.));
#3457=DIRECTION('',(0.,1.,0.));
#3458=DIRECTION('',(1.,0.,0.));
#3459=DIRECTION('',(0.,1.,0.));
#3460=DIRECTION('',(0.,0.,1.));
#3461=DIRECTION('',(0.,1.,0.));
#3462=DIRECTION('',(1.,0.,0.));
#3463=DIRECTION('',(0.,1.,0.));
#3464=DIRECTION('',(0.,0.,1.));
#3465=DIRECTION('',(0.,1.,6.12323399573677E-17));
#3466=DIRECTION('',(1.,0.,0.));
#3467=DIRECTION('',(0.,1.,0.));
#3468=DIRECTION('',(0.,0.,1.));
#3469=DIRECTION('',(0.,1.,0.));
#3470=DIRECTION('',(1.,0.,0.));
#3471=DIRECTION('',(0.,1.,0.));
#3472=DIRECTION('',(0.,0.,1.));
#3473=DIRECTION('',(0.,1.,6.12323399573677E-17));
#3474=DIRECTION('',(1.,0.,0.));
#3475=DIRECTION('',(0.,1.,0.));
#3476=DIRECTION('',(0.,0.,1.));
#3477=DIRECTION('',(0.,1.,0.));
#3478=DIRECTION('',(1.,0.,0.));
#3479=DIRECTION('',(0.,1.,0.));
#3480=DIRECTION('',(0.,0.,1.));
#3481=DIRECTION('',(0.,1.,6.12323399573677E-17));
#3482=DIRECTION('',(1.,0.,0.));
#3483=DIRECTION('',(-1.,0.,0.));
#3484=DIRECTION('',(0.,0.,1.));
#3485=DIRECTION('',(0.,0.,-1.));
#3486=DIRECTION('',(-1.,0.,0.));
#3487=DIRECTION('',(-1.,0.,0.));
#3488=DIRECTION('',(0.,0.,1.));
#3489=DIRECTION('',(0.,0.,-1.));
#3490=DIRECTION('',(-1.,0.,0.));
#3491=DIRECTION('',(-1.,0.,0.));
#3492=DIRECTION('',(0.,0.,1.));
#3493=DIRECTION('',(0.,0.,-1.));
#3494=DIRECTION('',(-1.,0.,0.));
#3495=DIRECTION('',(0.,0.,1.));
#3496=DIRECTION('',(1.,0.,0.));
#3497=DIRECTION('',(0.,0.,-1.));
#3498=DIRECTION('',(-1.,0.,0.));
#3499=DIRECTION('',(0.,0.,-1.));
#3500=DIRECTION('',(-1.,0.,0.));
#3501=DIRECTION('',(0.,0.,1.));
#3502=DIRECTION('',(1.,0.,0.));
#3503=DIRECTION('',(0.,0.,-1.));
#3504=DIRECTION('',(-1.,0.,0.));
#3505=DIRECTION('',(0.,0.,-1.));
#3506=DIRECTION('',(-1.,0.,0.));
#3507=DIRECTION('',(0.,0.,1.));
#3508=DIRECTION('',(1.,0.,0.));
#3509=DIRECTION('',(0.,0.,-1.));
#3510=DIRECTION('',(-1.,0.,0.));
#3511=DIRECTION('',(0.,0.,-1.));
#3512=DIRECTION('',(-1.,0.,0.));
#3513=DIRECTION('',(0.,1.,0.));
#3514=DIRECTION('',(0.,0.,1.));
#3515=DIRECTION('',(0.,1.,0.));
#3516=DIRECTION('',(1.,0.,0.));
#3517=DIRECTION('',(0.,1.,0.));
#3518=DIRECTION('',(0.,0.,1.));
#3519=DIRECTION('',(0.,1.,6.12323399573677E-17));
#3520=DIRECTION('',(1.,0.,0.));
#3521=DIRECTION('',(0.,1.,0.));
#3522=DIRECTION('',(0.,0.,1.));
#3523=DIRECTION('',(0.,1.,0.));
#3524=DIRECTION('',(1.,0.,0.));
#3525=DIRECTION('',(0.,1.,0.));
#3526=DIRECTION('',(0.,0.,1.));
#3527=DIRECTION('',(0.,1.,6.12323399573677E-17));
#3528=DIRECTION('',(1.,0.,0.));
#3529=DIRECTION('',(0.,1.,0.));
#3530=DIRECTION('',(0.,0.,1.));
#3531=DIRECTION('',(0.,1.,0.));
#3532=DIRECTION('',(1.,0.,0.));
#3533=DIRECTION('',(0.,1.,0.));
#3534=DIRECTION('',(0.,0.,1.));
#3535=DIRECTION('',(0.,1.,6.12323399573677E-17));
#3536=DIRECTION('',(1.,0.,0.));
#3537=DIRECTION('',(-1.,0.,0.));
#3538=DIRECTION('',(0.,0.,1.));
#3539=DIRECTION('',(0.,0.,-1.));
#3540=DIRECTION('',(-1.,0.,0.));
#3541=DIRECTION('',(-1.,0.,0.));
#3542=DIRECTION('',(0.,0.,1.));
#3543=DIRECTION('',(0.,0.,-1.));
#3544=DIRECTION('',(-1.,0.,0.));
#3545=DIRECTION('',(-1.,0.,0.));
#3546=DIRECTION('',(0.,0.,1.));
#3547=DIRECTION('',(0.,0.,-1.));
#3548=DIRECTION('',(-1.,0.,0.));
#3549=DIRECTION('',(0.,0.,1.));
#3550=DIRECTION('',(1.,0.,0.));
#3551=DIRECTION('',(0.,0.,-1.));
#3552=DIRECTION('',(-1.,0.,0.));
#3553=DIRECTION('',(0.,0.,-1.));
#3554=DIRECTION('',(-1.,0.,0.));
#3555=DIRECTION('',(0.,0.,1.));
#3556=DIRECTION('',(1.,0.,0.));
#3557=DIRECTION('',(0.,0.,-1.));
#3558=DIRECTION('',(-1.,0.,0.));
#3559=DIRECTION('',(0.,0.,-1.));
#3560=DIRECTION('',(-1.,0.,0.));
#3561=DIRECTION('',(0.,0.,1.));
#3562=DIRECTION('',(1.,0.,0.));
#3563=DIRECTION('',(0.,0.,-1.));
#3564=DIRECTION('',(-1.,0.,0.));
#3565=DIRECTION('',(0.,0.,-1.));
#3566=DIRECTION('',(-1.,0.,0.));
#3567=DIRECTION('',(0.,1.,0.));
#3568=DIRECTION('',(-1.,0.,0.));
#3569=CARTESIAN_POINT('',(0.,0.,0.));
#3570=CARTESIAN_POINT('',(-0.045,-0.15,0.3));
#3571=CARTESIAN_POINT('',(-0.045,-0.172,-0.136));
#3572=CARTESIAN_POINT('',(-0.045,-0.172,-0.136));
#3573=CARTESIAN_POINT('',(-0.045,-0.15,-0.123298294077828));
#3574=CARTESIAN_POINT('',(-0.045,-0.18,-0.136));
#3575=CARTESIAN_POINT('',(-0.045,-0.18,-0.136));
#3576=CARTESIAN_POINT('',(-0.045,-0.18,0.3));
#3577=CARTESIAN_POINT('',(-0.045,-0.18,-0.138));
#3578=CARTESIAN_POINT('',(-0.045,-0.213,-0.138));
#3579=CARTESIAN_POINT('',(-0.045,-0.15,-0.138));
#3580=CARTESIAN_POINT('',(-0.045,-0.15,0.3));
#3581=CARTESIAN_POINT('',(-0.045,-0.15,0.3));
#3582=CARTESIAN_POINT('',(-0.045,-0.18,0.3));
#3583=CARTESIAN_POINT('',(-0.045,-0.18,0.138));
#3584=CARTESIAN_POINT('',(-0.045,-0.18,0.136));
#3585=CARTESIAN_POINT('',(-0.045,-0.172,0.136));
#3586=CARTESIAN_POINT('',(-0.045,-0.172,0.136));
#3587=CARTESIAN_POINT('',(-0.045,-0.15,0.123298294077828));
#3588=CARTESIAN_POINT('',(-0.045,-0.15,0.123298294077828));
#3589=CARTESIAN_POINT('',(-0.045,-0.15,0.3));
#3590=CARTESIAN_POINT('',(-0.045,-0.15,0.138));
#3591=CARTESIAN_POINT('',(-0.045,-0.213,0.138));
#3592=CARTESIAN_POINT('',(-0.045,-0.18,0.3));
#3593=CARTESIAN_POINT('',(0.045,-0.18,0.3));
#3594=CARTESIAN_POINT('',(0.045,-0.18,0.138));
#3595=CARTESIAN_POINT('',(0.045,-0.18,0.136));
#3596=CARTESIAN_POINT('',(0.045,-0.18,0.136));
#3597=CARTESIAN_POINT('',(-0.0885,-0.18,0.138));
#3598=CARTESIAN_POINT('',(-0.045,-0.18,0.3));
#3599=CARTESIAN_POINT('',(0.045,-0.18,-0.136));
#3600=CARTESIAN_POINT('',(0.045,-0.18,-0.136));
#3601=CARTESIAN_POINT('',(0.045,-0.18,0.3));
#3602=CARTESIAN_POINT('',(0.045,-0.18,-0.138));
#3603=CARTESIAN_POINT('',(0.0885,-0.18,-0.138));
#3604=CARTESIAN_POINT('',(0.045,-0.18,0.3));
#3605=CARTESIAN_POINT('',(0.045,-0.18,-0.136));
#3606=CARTESIAN_POINT('',(0.045,-0.172,-0.136));
#3607=CARTESIAN_POINT('',(0.045,-0.172,-0.136));
#3608=CARTESIAN_POINT('',(0.045,-0.15,-0.123298294077828));
#3609=CARTESIAN_POINT('',(0.045,-0.15,0.3));
#3610=CARTESIAN_POINT('',(0.045,-0.15,-0.138));
#3611=CARTESIAN_POINT('',(0.045,-0.213,-0.138));
#3612=CARTESIAN_POINT('',(0.045,-0.18,0.3));
#3613=CARTESIAN_POINT('',(0.045,-0.15,0.123298294077828));
#3614=CARTESIAN_POINT('',(0.045,-0.15,0.123298294077828));
#3615=CARTESIAN_POINT('',(0.045,-0.172,0.136));
#3616=CARTESIAN_POINT('',(0.045,-0.172,0.136));
#3617=CARTESIAN_POINT('',(0.045,-0.213,0.138));
#3618=CARTESIAN_POINT('',(0.045,-0.15,0.138));
#3619=CARTESIAN_POINT('',(0.045,-0.15,0.3));
#3620=CARTESIAN_POINT('',(0.045,-0.15,0.3));
#3621=CARTESIAN_POINT('',(0.045,-0.15,-0.123298294077828));
#3622=CARTESIAN_POINT('',(0.0885,-0.15,-0.138));
#3623=CARTESIAN_POINT('',(0.045,-0.15,0.3));
#3624=CARTESIAN_POINT('',(0.045,-0.15,0.123298294077828));
#3625=CARTESIAN_POINT('',(-0.0885,-0.15,0.138));
#3626=CARTESIAN_POINT('',(0.0885,-0.213,-0.138));
#3627=CARTESIAN_POINT('',(0.0885,-0.0475,-0.138));
#3628=CARTESIAN_POINT('',(0.042,-0.0475,-0.138));
#3629=CARTESIAN_POINT('',(0.0885,-0.0475,-0.138));
#3630=CARTESIAN_POINT('',(0.0885,-0.213,-0.138));
#3631=CARTESIAN_POINT('',(0.0885,-0.213,-0.138));
#3632=CARTESIAN_POINT('',(0.0885,-0.213,-0.138));
#3633=CARTESIAN_POINT('',(-0.0885,-0.213,-0.138));
#3634=CARTESIAN_POINT('',(-0.0885,-0.213,-0.138));
#3635=CARTESIAN_POINT('',(-0.0885,-0.0475,-0.138));
#3636=CARTESIAN_POINT('',(0.0885,-0.0475,-0.138));
#3637=CARTESIAN_POINT('',(-0.042,-0.0475,-0.138));
#3638=CARTESIAN_POINT('',(-0.042,-0.0305,-0.138));
#3639=CARTESIAN_POINT('',(-0.042,-0.031,-0.138));
#3640=CARTESIAN_POINT('',(0.0885,-0.031,-0.138));
#3641=CARTESIAN_POINT('',(0.042,-0.0310000000000001,-0.138));
#3642=CARTESIAN_POINT('',(0.042,-0.0305,-0.138));
#3643=CARTESIAN_POINT('',(-0.0885,-0.213,0.138));
#3644=CARTESIAN_POINT('',(-0.0885,-0.0475,0.138));
#3645=CARTESIAN_POINT('',(-0.042,-0.0475,0.138));
#3646=CARTESIAN_POINT('',(-0.0885,-0.0475,0.138));
#3647=CARTESIAN_POINT('',(-0.0885,-0.213,0.138));
#3648=CARTESIAN_POINT('',(-0.0885,-0.213,0.138));
#3649=CARTESIAN_POINT('',(-0.0885,-0.213,0.138));
#3650=CARTESIAN_POINT('',(0.0885,-0.213,0.138));
#3651=CARTESIAN_POINT('',(0.0885,-0.213,0.138));
#3652=CARTESIAN_POINT('',(0.0885,-0.0475,0.138));
#3653=CARTESIAN_POINT('',(-0.0885,-0.0475,0.138));
#3654=CARTESIAN_POINT('',(0.042,-0.0475,0.138));
#3655=CARTESIAN_POINT('',(0.042,-0.0305,0.138));
#3656=CARTESIAN_POINT('',(0.042,-0.031,0.138));
#3657=CARTESIAN_POINT('',(0.0885,-0.031,0.138));
#3658=CARTESIAN_POINT('',(-0.042,-0.031,0.138));
#3659=CARTESIAN_POINT('',(-0.042,-0.0305,0.138));
#3660=CARTESIAN_POINT('',(0.,-0.213,0.));
#3661=CARTESIAN_POINT('',(-0.0735,-0.213,-0.113));
#3662=CARTESIAN_POINT('',(-0.0735,-0.213,0.103));
#3663=CARTESIAN_POINT('',(-0.0735,-0.213,0.113));
#3664=CARTESIAN_POINT('',(-0.0635,-0.213,0.113));
#3665=CARTESIAN_POINT('',(-0.0635,-0.213,0.123));
#3666=CARTESIAN_POINT('',(-0.0635,-0.213,0.123));
#3667=CARTESIAN_POINT('',(0.0635,-0.213,0.123));
#3668=CARTESIAN_POINT('',(0.0635,-0.213,0.113));
#3669=CARTESIAN_POINT('',(0.0735,-0.213,0.113));
#3670=CARTESIAN_POINT('',(0.0735,-0.213,0.113));
#3671=CARTESIAN_POINT('',(0.0735,-0.213,0.103));
#3672=CARTESIAN_POINT('',(0.0885,-0.213,0.103));
#3673=CARTESIAN_POINT('',(0.0885,-0.213,0.103));
#3674=CARTESIAN_POINT('',(0.0885,-0.213,0.138));
#3675=CARTESIAN_POINT('',(-0.0885,-0.213,-0.138));
#3676=CARTESIAN_POINT('',(-0.0885,-0.213,0.103));
#3677=CARTESIAN_POINT('',(-0.0685,-0.213,0.103));
#3678=CARTESIAN_POINT('',(0.0885,-0.195,0.103));
#3679=CARTESIAN_POINT('',(0.0735,-0.195,0.103));
#3680=CARTESIAN_POINT('',(0.0735,-0.211,0.103));
#3681=CARTESIAN_POINT('',(0.0885,-0.211,0.103));
#3682=CARTESIAN_POINT('',(0.0685,-0.211,0.103));
#3683=CARTESIAN_POINT('',(0.0685,-0.195,0.103));
#3684=CARTESIAN_POINT('',(0.0685,-0.195,0.103));
#3685=CARTESIAN_POINT('',(0.0885,-0.195,0.103));
#3686=CARTESIAN_POINT('',(0.0885,-0.195,0.103));
#3687=CARTESIAN_POINT('',(0.0885,-0.195,0.103));
#3688=CARTESIAN_POINT('',(0.0685,-0.195,0.083));
#3689=CARTESIAN_POINT('',(0.0735,-0.195,0.083));
#3690=CARTESIAN_POINT('',(0.0735,-0.213,0.083));
#3691=CARTESIAN_POINT('',(0.0735,-0.211,0.083));
#3692=CARTESIAN_POINT('',(0.0685,-0.213,0.083));
#3693=CARTESIAN_POINT('',(0.0885,-0.213,0.083));
#3694=CARTESIAN_POINT('',(0.0885,-0.195,0.083));
#3695=CARTESIAN_POINT('',(0.0885,-0.195,0.083));
#3696=CARTESIAN_POINT('',(0.0685,-0.195,0.083));
#3697=CARTESIAN_POINT('',(0.0685,-0.195,0.083));
#3698=CARTESIAN_POINT('',(0.0685,-0.195,0.083));
#3699=CARTESIAN_POINT('',(0.0685,-0.211,0.083));
#3700=CARTESIAN_POINT('',(0.0685,-0.211,0.083));
#3701=CARTESIAN_POINT('',(-0.0685,-0.195,0.103));
#3702=CARTESIAN_POINT('',(-0.0735,-0.195,0.103));
#3703=CARTESIAN_POINT('',(-0.0735,-0.211,0.103));
#3704=CARTESIAN_POINT('',(-0.0885,-0.195,0.103));
#3705=CARTESIAN_POINT('',(-0.0885,-0.195,0.103));
#3706=CARTESIAN_POINT('',(-0.0685,-0.195,0.103));
#3707=CARTESIAN_POINT('',(-0.0685,-0.195,0.103));
#3708=CARTESIAN_POINT('',(-0.0685,-0.195,0.103));
#3709=CARTESIAN_POINT('',(-0.0685,-0.211,0.103));
#3710=CARTESIAN_POINT('',(-0.0685,-0.211,0.103));
#3711=CARTESIAN_POINT('',(-0.0885,-0.195,0.083));
#3712=CARTESIAN_POINT('',(-0.0735,-0.195,0.083));
#3713=CARTESIAN_POINT('',(-0.0735,-0.211,0.083));
#3714=CARTESIAN_POINT('',(-0.0735,-0.213,0.083));
#3715=CARTESIAN_POINT('',(-0.0885,-0.211,0.083));
#3716=CARTESIAN_POINT('',(-0.0685,-0.211,0.083));
#3717=CARTESIAN_POINT('',(-0.0685,-0.195,0.083));
#3718=CARTESIAN_POINT('',(-0.0685,-0.195,0.083));
#3719=CARTESIAN_POINT('',(-0.0885,-0.195,0.083));
#3720=CARTESIAN_POINT('',(-0.0885,-0.195,0.083));
#3721=CARTESIAN_POINT('',(-0.0885,-0.195,0.083));
#3722=CARTESIAN_POINT('',(-0.0885,-0.213,0.083));
#3723=CARTESIAN_POINT('',(-0.0885,-0.213,0.083));
#3724=CARTESIAN_POINT('',(0.,0.,0.));
#3725=CARTESIAN_POINT('',(0.0766002149139021,0.,0.138));
#3726=CARTESIAN_POINT('',(0.0766002149139021,0.,0.126100214913902));
#3727=CARTESIAN_POINT('',(0.0766002149139021,0.,0.0171655782059332));
#3728=CARTESIAN_POINT('',(0.,0.,0.));
#3729=CARTESIAN_POINT('',(-0.0766002149139021,0.,0.0171655782059332));
#3730=CARTESIAN_POINT('',(-0.0766002149139021,0.,0.138));
#3731=CARTESIAN_POINT('',(-0.0766002149139021,0.,0.126100214913902));
#3732=CARTESIAN_POINT('',(0.0885,0.,0.126100214913902));
#3733=CARTESIAN_POINT('',(0.,0.,0.));
#3734=CARTESIAN_POINT('',(-0.0766002149139021,0.,0.138));
#3735=CARTESIAN_POINT('',(-0.0766002149139021,0.,-0.0171655782059332));
#3736=CARTESIAN_POINT('',(-0.0766002149139021,-4.26851249010041E-18,-0.126100214913902));
#3737=CARTESIAN_POINT('',(0.,0.,0.));
#3738=CARTESIAN_POINT('',(0.0766002149139021,0.,-0.0171655782059332));
#3739=CARTESIAN_POINT('',(0.0766002149139021,0.,0.138));
#3740=CARTESIAN_POINT('',(0.0766002149139021,-2.56110749406025E-17,-0.126100214913902));
#3741=CARTESIAN_POINT('',(0.0885,0.,-0.126100214913902));
#3742=CARTESIAN_POINT('',(0.0766002149139021,0.,0.138));
#3743=CARTESIAN_POINT('',(0.0766002149139021,2.82548060504425E-17,-0.092));
#3744=CARTESIAN_POINT('',(0.0883080679824823,-0.0305,-0.092));
#3745=CARTESIAN_POINT('',(0.0885,-0.031,-0.0920000000000001));
#3746=CARTESIAN_POINT('',(0.0883080679824823,-0.0305,0.138));
#3747=CARTESIAN_POINT('',(0.0883080679824823,-0.0305,-0.137808067982482));
#3748=CARTESIAN_POINT('',(0.0465426784095859,0.0783025596590288,-0.0960426784095859));
#3749=CARTESIAN_POINT('',(0.0766002149139021,0.,0.138));
#3750=CARTESIAN_POINT('',(0.0779545425684082,-0.00352814416276627,0.127454542568408));
#3751=CARTESIAN_POINT('',(0.0883080679824823,-0.0305,0.137808067982482));
#3752=CARTESIAN_POINT('',(0.0883080679824823,-0.0305,0.138));
#3753=CARTESIAN_POINT('',(0.0883080679824823,-0.0305,0.092));
#3754=CARTESIAN_POINT('',(0.0766002149139021,0.,0.092));
#3755=CARTESIAN_POINT('',(0.0885,-0.031,0.092));
#3756=CARTESIAN_POINT('',(0.0885,-0.031,0.138));
#3757=CARTESIAN_POINT('',(-0.0885,-0.031,0.138));
#3758=CARTESIAN_POINT('',(-0.0885,-0.031,0.092));
#3759=CARTESIAN_POINT('',(-0.0883080679824823,-0.0305,0.092));
#3760=CARTESIAN_POINT('',(-0.0885,-0.031,0.092));
#3761=CARTESIAN_POINT('',(-0.0883080679824823,-0.0305,0.138));
#3762=CARTESIAN_POINT('',(-0.0883080679824823,-0.0305,0.137808067982482));
#3763=CARTESIAN_POINT('',(-0.0885,-0.031,0.138));
#3764=CARTESIAN_POINT('',(-0.0766002149139021,0.,0.138));
#3765=CARTESIAN_POINT('',(-0.0570881358411777,0.0508307038217951,-0.106588135841178));
#3766=CARTESIAN_POINT('',(-0.0883080679824823,-0.0305,-0.137808067982482));
#3767=CARTESIAN_POINT('',(-0.0883080679824823,-0.0305,0.138));
#3768=CARTESIAN_POINT('',(-0.0883080679824823,-0.0305,-0.092));
#3769=CARTESIAN_POINT('',(-0.0885,-0.031,-0.092));
#3770=CARTESIAN_POINT('',(-0.0885,-0.031,-0.092));
#3771=CARTESIAN_POINT('',(-0.0885,-0.031,0.138));
#3772=CARTESIAN_POINT('',(-0.0885,-0.213,-0.138));
#3773=CARTESIAN_POINT('',(-0.0885,-0.195,-0.138));
#3774=CARTESIAN_POINT('',(-0.0885,-0.0475,-0.138));
#3775=CARTESIAN_POINT('',(-0.0885,-0.0475,0.092));
#3776=CARTESIAN_POINT('',(-0.0885,-0.213,0.092));
#3777=CARTESIAN_POINT('',(-0.0885,-0.213,-0.092));
#3778=CARTESIAN_POINT('',(-0.0885,-0.0475,-0.092));
#3779=CARTESIAN_POINT('',(-0.0885,-0.0475,-0.138));
#3780=CARTESIAN_POINT('',(-0.0885,-0.213,-0.138));
#3781=CARTESIAN_POINT('',(0.0885,-0.213,0.138));
#3782=CARTESIAN_POINT('',(0.0885,-0.195,0.138));
#3783=CARTESIAN_POINT('',(0.0885,-0.213,0.138));
#3784=CARTESIAN_POINT('',(0.0885,-0.0475,0.138));
#3785=CARTESIAN_POINT('',(0.0885,-0.0475,-0.0920000000000001));
#3786=CARTESIAN_POINT('',(0.0885,-0.213,-0.092));
#3787=CARTESIAN_POINT('',(0.0885,-0.213,0.092));
#3788=CARTESIAN_POINT('',(0.0885,-0.0475,0.092));
#3789=CARTESIAN_POINT('',(0.0885,-0.0475,0.138));
#3790=CARTESIAN_POINT('',(0.,-0.213,0.));
#3791=CARTESIAN_POINT('',(-0.0735,-0.213,-0.113));
#3792=CARTESIAN_POINT('',(-0.0735,-0.213,-0.113));
#3793=CARTESIAN_POINT('',(0.0735,-0.213,0.113));
#3794=CARTESIAN_POINT('',(0.0735,-0.213,-0.113));
#3795=CARTESIAN_POINT('',(0.0635,-0.213,-0.113));
#3796=CARTESIAN_POINT('',(0.0635,-0.213,-0.123));
#3797=CARTESIAN_POINT('',(0.0635,-0.213,-0.123));
#3798=CARTESIAN_POINT('',(-0.0635,-0.213,-0.123));
#3799=CARTESIAN_POINT('',(-0.0635,-0.213,-0.113));
#3800=CARTESIAN_POINT('',(0.0885,0.,-0.126100214913902));
#3801=CARTESIAN_POINT('',(-0.042,8.10289351680518E-18,-0.126100214913902));
#3802=CARTESIAN_POINT('',(-0.042,-0.0305,-0.137808067982482));
#3803=CARTESIAN_POINT('',(0.0885,-0.0305,-0.137808067982482));
#3804=CARTESIAN_POINT('',(0.0885,-0.0305,-0.137808067982482));
#3805=CARTESIAN_POINT('',(0.042,-0.0305,-0.137808067982482));
#3806=CARTESIAN_POINT('',(0.042,0.,-0.126100214913902));
#3807=CARTESIAN_POINT('',(0.0885,-0.031,0.138));
#3808=CARTESIAN_POINT('',(0.042,-0.031,0.138));
#3809=CARTESIAN_POINT('',(0.042,-0.0305,0.137808067982482));
#3810=CARTESIAN_POINT('',(0.0885,-0.0305,0.137808067982482));
#3811=CARTESIAN_POINT('',(0.0885,-0.0305,0.137808067982482));
#3812=CARTESIAN_POINT('',(-0.042,-0.0305,0.137808067982482));
#3813=CARTESIAN_POINT('',(-0.042,-0.031,0.138));
#3814=CARTESIAN_POINT('',(0.,-0.0305,0.));
#3815=CARTESIAN_POINT('',(-0.0885,-0.0305,0.092));
#3816=CARTESIAN_POINT('',(-0.042,-0.0305,0.092));
#3817=CARTESIAN_POINT('',(-0.042,-0.0305,0.092));
#3818=CARTESIAN_POINT('',(-0.042,-0.0305,0.092));
#3819=CARTESIAN_POINT('',(-0.042,-0.0305,0.092));
#3820=CARTESIAN_POINT('',(-0.042,-0.0475,0.092));
#3821=CARTESIAN_POINT('',(-0.042,-0.0475,0.092));
#3822=CARTESIAN_POINT('',(0.,-0.0475,0.));
#3823=CARTESIAN_POINT('',(-0.0885,-0.0475,0.092));
#3824=CARTESIAN_POINT('',(-0.0885,-0.0305,0.092));
#3825=CARTESIAN_POINT('',(0.,-0.0305,0.));
#3826=CARTESIAN_POINT('',(0.042,-0.0305,0.138));
#3827=CARTESIAN_POINT('',(0.042,-0.0305,0.092));
#3828=CARTESIAN_POINT('',(0.042,-0.0305,0.092));
#3829=CARTESIAN_POINT('',(0.042,-0.0305,0.138));
#3830=CARTESIAN_POINT('',(0.042,-0.0475,0.138));
#3831=CARTESIAN_POINT('',(0.042,-0.0475,0.092));
#3832=CARTESIAN_POINT('',(0.042,-0.0305,0.092));
#3833=CARTESIAN_POINT('',(0.,-0.0475,0.));
#3834=CARTESIAN_POINT('',(0.042,-0.0475,0.092));
#3835=CARTESIAN_POINT('',(0.042,-0.0305,0.092));
#3836=CARTESIAN_POINT('',(0.,-0.0305,0.));
#3837=CARTESIAN_POINT('',(0.0885,-0.0305,-0.092));
#3838=CARTESIAN_POINT('',(0.042,-0.0305,-0.092));
#3839=CARTESIAN_POINT('',(0.042,-0.0305,-0.092));
#3840=CARTESIAN_POINT('',(0.042,-0.0305,-0.092));
#3841=CARTESIAN_POINT('',(0.042,-0.0305,-0.092));
#3842=CARTESIAN_POINT('',(0.042,-0.0475,-0.092));
#3843=CARTESIAN_POINT('',(0.042,-0.0475,-0.092));
#3844=CARTESIAN_POINT('',(0.,-0.0475,0.));
#3845=CARTESIAN_POINT('',(0.0885,-0.0475,-0.092));
#3846=CARTESIAN_POINT('',(0.0885,-0.0305,-0.092));
#3847=CARTESIAN_POINT('',(0.,-0.0475,0.));
#3848=CARTESIAN_POINT('',(-0.042,-0.0475,-0.092));
#3849=CARTESIAN_POINT('',(-0.042,-0.0475,-0.092));
#3850=CARTESIAN_POINT('',(-0.042,-0.0475,-0.138));
#3851=CARTESIAN_POINT('',(0.,-0.0305,0.));
#3852=CARTESIAN_POINT('',(-0.042,-0.0305,-0.138));
#3853=CARTESIAN_POINT('',(-0.042,-0.0305,-0.092));
#3854=CARTESIAN_POINT('',(-0.042,-0.0305,-0.092));
#3855=CARTESIAN_POINT('',(-0.042,-0.0305,-0.092));
#3856=CARTESIAN_POINT('',(-0.042,-0.0305,-0.092));
#3857=CARTESIAN_POINT('',(-0.042,-0.0305,-0.138));
#3858=CARTESIAN_POINT('',(0.,0.,-0.0785));
#3859=CARTESIAN_POINT('',(0.,0.,0.));
#3860=CARTESIAN_POINT('',(0.,0.025,0.));
#3861=CARTESIAN_POINT('',(0.,0.025,0.));
#3862=CARTESIAN_POINT('',(0.,0.025,-0.0440000206912625));
#3863=CARTESIAN_POINT('',(0.,0.,0.));
#3864=CARTESIAN_POINT('',(0.,0.063,0.));
#3865=CARTESIAN_POINT('',(0.,0.063,-0.0440000206912625));
#3866=CARTESIAN_POINT('',(0.,0.063,-0.0440000206912625));
#3867=CARTESIAN_POINT('',(0.,0.063,0.));
#3868=CARTESIAN_POINT('',(-0.0075,0.063,0.0680881781221968));
#3869=CARTESIAN_POINT('',(0.0075,0.063,0.0680881781221968));
#3870=CARTESIAN_POINT('',(-0.0075,0.063,0.0675));
#3871=CARTESIAN_POINT('',(-0.0075,0.063,0.0675));
#3872=CARTESIAN_POINT('',(0.0075,0.063,0.0675));
#3873=CARTESIAN_POINT('',(0.0075,0.063,0.0675));
#3874=CARTESIAN_POINT('',(0.0075,0.063,0.0825));
#3875=CARTESIAN_POINT('',(0.,0.063,0.));
#3876=CARTESIAN_POINT('',(0.,0.053,0.));
#3877=CARTESIAN_POINT('',(-0.0075,0.053,0.0781408983823452));
#3878=CARTESIAN_POINT('',(0.0075,0.053,0.0781408983823452));
#3879=CARTESIAN_POINT('',(-0.0075,0.053,0.0781408983823452));
#3880=CARTESIAN_POINT('',(-0.0075,0.056334461355315,0.0747911132914259));
#3881=CARTESIAN_POINT('',(-0.0075,0.0596679602926461,0.0714403712084051));
#3882=CARTESIAN_POINT('',(-0.0075,0.063,0.0680881781221968));
#3883=CARTESIAN_POINT('',(0.0075,0.063,0.0680881781221968));
#3884=CARTESIAN_POINT('',(0.0075,0.0596679602926461,0.0714403712084051));
#3885=CARTESIAN_POINT('',(0.0075,0.056334461355315,0.0747911132914258));
#3886=CARTESIAN_POINT('',(0.0075,0.053,0.0781408983823452));
#3887=CARTESIAN_POINT('',(0.,0.,0.));
#3888=CARTESIAN_POINT('',(0.,0.,0.));
#3889=CARTESIAN_POINT('',(0.,0.053,0.));
#3890=CARTESIAN_POINT('',(0.,0.,-0.0785));
#3891=CARTESIAN_POINT('',(0.0685,-0.195,0.103));
#3892=CARTESIAN_POINT('',(0.0685,-0.211,0.103));
#3893=CARTESIAN_POINT('',(0.0685,-0.195,0.103));
#3894=CARTESIAN_POINT('',(0.,-0.195,0.));
#3895=CARTESIAN_POINT('',(0.,-0.195,0.));
#3896=CARTESIAN_POINT('',(-0.0685,-0.195,0.083));
#3897=CARTESIAN_POINT('',(-0.0685,-0.195,0.083));
#3898=CARTESIAN_POINT('',(-0.0685,-0.211,0.083));
#3899=CARTESIAN_POINT('',(0.0735,-0.211,0.113));
#3900=CARTESIAN_POINT('',(0.0735,-0.211,0.113));
#3901=CARTESIAN_POINT('',(0.0735,-0.211,0.113));
#3902=CARTESIAN_POINT('',(0.0735,-0.211,0.113));
#3903=CARTESIAN_POINT('',(0.0735,-0.211,0.113));
#3904=CARTESIAN_POINT('',(0.0735,-0.211,0.113));
#3905=CARTESIAN_POINT('',(0.0735,-0.211,-0.113));
#3906=CARTESIAN_POINT('',(0.0735,-0.211,-0.113));
#3907=CARTESIAN_POINT('',(-0.0735,-0.211,-0.113));
#3908=CARTESIAN_POINT('',(-0.0735,-0.211,-0.113));
#3909=CARTESIAN_POINT('',(-0.0735,-0.211,0.113));
#3910=CARTESIAN_POINT('',(-0.0735,-0.211,0.113));
#3911=CARTESIAN_POINT('',(-0.0735,-0.211,-0.113));
#3912=CARTESIAN_POINT('',(-0.0735,-0.211,-0.113));
#3913=CARTESIAN_POINT('',(-0.0735,-0.211,-0.113));
#3914=CARTESIAN_POINT('',(-0.0735,-0.211,-0.113));
#3915=CARTESIAN_POINT('',(-0.0635,-0.211,0.113));
#3916=CARTESIAN_POINT('',(0.0635,-0.211,0.113));
#3917=CARTESIAN_POINT('',(0.0635,-0.211,0.123));
#3918=CARTESIAN_POINT('',(-0.0635,-0.211,0.123));
#3919=CARTESIAN_POINT('',(-0.0635,-0.211,0.123));
#3920=CARTESIAN_POINT('',(-0.0635,-0.211,0.113));
#3921=CARTESIAN_POINT('',(-0.0635,-0.211,-0.113));
#3922=CARTESIAN_POINT('',(-0.0635,-0.211,-0.123));
#3923=CARTESIAN_POINT('',(0.0635,-0.211,-0.123));
#3924=CARTESIAN_POINT('',(0.0635,-0.211,-0.123));
#3925=CARTESIAN_POINT('',(0.0635,-0.211,-0.113));
#3926=CARTESIAN_POINT('',(-0.0635,-0.211,0.113));
#3927=CARTESIAN_POINT('',(-0.0635,-0.211,0.123));
#3928=CARTESIAN_POINT('',(-0.0635,-0.211,0.123));
#3929=CARTESIAN_POINT('',(0.0635,-0.211,0.123));
#3930=CARTESIAN_POINT('',(0.0635,-0.211,0.113));
#3931=CARTESIAN_POINT('',(0.0635,-0.211,-0.113));
#3932=CARTESIAN_POINT('',(0.0635,-0.211,-0.123));
#3933=CARTESIAN_POINT('',(0.0635,-0.211,-0.123));
#3934=CARTESIAN_POINT('',(-0.0635,-0.211,-0.123));
#3935=CARTESIAN_POINT('',(-0.0635,-0.211,-0.113));
#3936=CARTESIAN_POINT('',(-0.0075,0.053,0.0675));
#3937=CARTESIAN_POINT('',(-0.0075,0.053,0.0675));
#3938=CARTESIAN_POINT('',(-0.0075,0.053,0.0675));
#3939=CARTESIAN_POINT('',(-0.0075,0.053,0.0675));
#3940=CARTESIAN_POINT('',(0.0075,0.053,0.0825));
#3941=CARTESIAN_POINT('',(0.0075,0.053,0.0675));
#3942=CARTESIAN_POINT('',(0.0075,0.053,0.0675));
#3943=CARTESIAN_POINT('',(0.0075,0.053,0.0825));
#3944=CARTESIAN_POINT('',(0.,0.053,0.));
#3945=CARTESIAN_POINT('',(0.0075,0.053,0.0675));
#3946=CARTESIAN_POINT('',(0.0075,0.053,0.0675));
#3947=CARTESIAN_POINT('',(0.045,-0.15,0.123298294077828));
#3948=CARTESIAN_POINT('',(0.045,-0.172,0.136));
#3949=CARTESIAN_POINT('',(0.045,-0.172,0.136));
#3950=CARTESIAN_POINT('',(0.045,-0.18,-0.136));
#3951=CARTESIAN_POINT('',(0.045,-0.172,-0.136));
#3952=CARTESIAN_POINT('',(0.045,-0.172,-0.136));
#3953=CARTESIAN_POINT('',(0.,0.,0.));
#3954=CARTESIAN_POINT('',(-0.1045,0.0963431457505076,0.008));
#3955=CARTESIAN_POINT('',(-0.1045,0.0963431457505076,-0.008));
#3956=CARTESIAN_POINT('',(-0.1045,0.0963431457505076,-0.008));
#3957=CARTESIAN_POINT('',(-0.1045,-0.0963431457505076,-0.008));
#3958=CARTESIAN_POINT('',(-0.1045,-0.0963431457505076,0.008));
#3959=CARTESIAN_POINT('',(-0.1045,-0.0963431457505076,0.008));
#3960=CARTESIAN_POINT('',(-0.1045,0.0963431457505076,0.008));
#3961=CARTESIAN_POINT('',(-0.1045,0.0963431457505076,0.008));
#3962=CARTESIAN_POINT('',(-0.1045,0.0963431457505076,0.008));
#3963=CARTESIAN_POINT('',(-0.0845000000000001,-0.0963431457505077,0.008));
#3964=CARTESIAN_POINT('',(-0.0845000000000001,-0.0963431457505077,-0.008));
#3965=CARTESIAN_POINT('',(-0.0986421356237309,-0.110485281374239,-0.008));
#3966=CARTESIAN_POINT('',(-0.0986421356237309,-0.110485281374239,0.008));
#3967=CARTESIAN_POINT('',(-0.0986421356237309,-0.110485281374239,0.008));
#3968=CARTESIAN_POINT('',(-0.0845000000000001,-0.0963431457505077,0.008));
#3969=CARTESIAN_POINT('',(-0.0986421356237309,-0.110485281374239,0.008));
#3970=CARTESIAN_POINT('',(-0.0986421356237309,-0.110485281374239,-0.008));
#3971=CARTESIAN_POINT('',(-0.0769852813742386,-0.132142135623731,-0.008));
#3972=CARTESIAN_POINT('',(-0.0769852813742386,-0.132142135623731,0.008));
#3973=CARTESIAN_POINT('',(-0.0769852813742386,-0.132142135623731,0.008));
#3974=CARTESIAN_POINT('',(-0.0986421356237309,-0.110485281374239,0.008));
#3975=CARTESIAN_POINT('',(-0.0628431457505076,-0.118,0.008));
#3976=CARTESIAN_POINT('',(-0.0628431457505076,-0.118,-0.008));
#3977=CARTESIAN_POINT('',(-0.0628431457505076,-0.138,-0.008));
#3978=CARTESIAN_POINT('',(-0.0628431457505076,-0.138,0.008));
#3979=CARTESIAN_POINT('',(-0.0628431457505076,-0.138,0.008));
#3980=CARTESIAN_POINT('',(-0.0628431457505076,-0.118,0.008));
#3981=CARTESIAN_POINT('',(-0.0628431457505076,-0.138,0.008));
#3982=CARTESIAN_POINT('',(-0.0628431457505076,-0.138,-0.008));
#3983=CARTESIAN_POINT('',(-0.05,-0.138,-0.008));
#3984=CARTESIAN_POINT('',(-0.05,-0.138,0.));
#3985=CARTESIAN_POINT('',(-0.05,-0.138,0.008));
#3986=CARTESIAN_POINT('',(-0.0628431457505076,-0.138,0.008));
#3987=CARTESIAN_POINT('',(-0.05,-0.122,0.008));
#3988=CARTESIAN_POINT('',(-0.05,-0.122,0.008));
#3989=CARTESIAN_POINT('',(-0.05,-0.122,0.008));
#3990=CARTESIAN_POINT('',(-0.0645,-0.122,0.008));
#3991=CARTESIAN_POINT('',(-0.05,-0.122,0.));
#3992=CARTESIAN_POINT('',(-0.05,-0.122,-0.008));
#3993=CARTESIAN_POINT('',(-0.05,-0.122,-0.008));
#3994=CARTESIAN_POINT('',(-0.0645,-0.122,-0.008));
#3995=CARTESIAN_POINT('',(-0.0645,-0.122,0.008));
#3996=CARTESIAN_POINT('',(-0.0645,-0.122,0.008));
#3997=CARTESIAN_POINT('',(-0.0645,-0.122,-0.008));
#3998=CARTESIAN_POINT('',(-0.0885,-0.098,-0.008));
#3999=CARTESIAN_POINT('',(-0.0885,-0.098,0.008));
#4000=CARTESIAN_POINT('',(-0.0885,-0.098,0.008));
#4001=CARTESIAN_POINT('',(-0.0645,-0.122,0.008));
#4002=CARTESIAN_POINT('',(-0.0885,-0.098,0.008));
#4003=CARTESIAN_POINT('',(-0.0885,-0.098,-0.008));
#4004=CARTESIAN_POINT('',(-0.0885,0.098,-0.008));
#4005=CARTESIAN_POINT('',(-0.0885,0.098,0.008));
#4006=CARTESIAN_POINT('',(-0.0885,0.098,0.008));
#4007=CARTESIAN_POINT('',(-0.0885,-0.098,0.008));
#4008=CARTESIAN_POINT('',(-0.0885,0.098,0.008));
#4009=CARTESIAN_POINT('',(-0.0885,0.098,-0.008));
#4010=CARTESIAN_POINT('',(-0.0485,0.138,-0.008));
#4011=CARTESIAN_POINT('',(-0.0485,0.138,0.008));
#4012=CARTESIAN_POINT('',(-0.0485,0.138,0.008));
#4013=CARTESIAN_POINT('',(-0.0885,0.098,0.008));
#4014=CARTESIAN_POINT('',(-0.0485,0.138,0.008));
#4015=CARTESIAN_POINT('',(-0.0485,0.138,-0.008));
#4016=CARTESIAN_POINT('',(0.0485,0.138,-0.008));
#4017=CARTESIAN_POINT('',(0.0485,0.138,0.008));
#4018=CARTESIAN_POINT('',(0.0485,0.138,0.008));
#4019=CARTESIAN_POINT('',(-0.0485,0.138,0.008));
#4020=CARTESIAN_POINT('',(0.0485,0.138,0.008));
#4021=CARTESIAN_POINT('',(0.0485,0.138,-0.008));
#4022=CARTESIAN_POINT('',(0.0885,0.098,-0.008));
#4023=CARTESIAN_POINT('',(0.0885,0.098,0.008));
#4024=CARTESIAN_POINT('',(0.0885,0.098,0.008));
#4025=CARTESIAN_POINT('',(0.0485,0.138,0.008));
#4026=CARTESIAN_POINT('',(0.0885,0.098,0.008));
#4027=CARTESIAN_POINT('',(0.0885,0.098,-0.008));
#4028=CARTESIAN_POINT('',(0.0885,-0.098,-0.008));
#4029=CARTESIAN_POINT('',(0.0885,-0.098,0.008));
#4030=CARTESIAN_POINT('',(0.0885,-0.098,0.008));
#4031=CARTESIAN_POINT('',(0.0885,0.098,0.008));
#4032=CARTESIAN_POINT('',(0.0885,-0.098,0.008));
#4033=CARTESIAN_POINT('',(0.0885,-0.098,-0.008));
#4034=CARTESIAN_POINT('',(0.0645,-0.122,-0.008));
#4035=CARTESIAN_POINT('',(0.0645,-0.122,0.008));
#4036=CARTESIAN_POINT('',(0.0645,-0.122,0.008));
#4037=CARTESIAN_POINT('',(0.0885,-0.098,0.008));
#4038=CARTESIAN_POINT('',(0.0645,-0.122,0.008));
#4039=CARTESIAN_POINT('',(0.0645,-0.122,-0.008));
#4040=CARTESIAN_POINT('',(0.05,-0.122,-0.008));
#4041=CARTESIAN_POINT('',(0.05,-0.122,0.));
#4042=CARTESIAN_POINT('',(0.05,-0.122,0.008));
#4043=CARTESIAN_POINT('',(0.0645,-0.122,0.008));
#4044=CARTESIAN_POINT('',(0.05,-0.138,0.008));
#4045=CARTESIAN_POINT('',(0.05,-0.138,0.008));
#4046=CARTESIAN_POINT('',(0.05,-0.138,0.008));
#4047=CARTESIAN_POINT('',(0.0628431457505076,-0.138,0.008));
#4048=CARTESIAN_POINT('',(0.05,-0.138,0.));
#4049=CARTESIAN_POINT('',(0.05,-0.138,-0.008));
#4050=CARTESIAN_POINT('',(0.05,-0.138,-0.008));
#4051=CARTESIAN_POINT('',(0.0628431457505076,-0.138,-0.008));
#4052=CARTESIAN_POINT('',(0.0628431457505076,-0.138,0.008));
#4053=CARTESIAN_POINT('',(0.0628431457505076,-0.118,0.008));
#4054=CARTESIAN_POINT('',(0.0628431457505076,-0.118,-0.008));
#4055=CARTESIAN_POINT('',(0.0769852813742385,-0.132142135623731,-0.008));
#4056=CARTESIAN_POINT('',(0.0769852813742385,-0.132142135623731,0.008));
#4057=CARTESIAN_POINT('',(0.0769852813742385,-0.132142135623731,0.008));
#4058=CARTESIAN_POINT('',(0.0628431457505076,-0.118,0.008));
#4059=CARTESIAN_POINT('',(0.0769852813742385,-0.132142135623731,0.008));
#4060=CARTESIAN_POINT('',(0.0769852813742385,-0.132142135623731,-0.008));
#4061=CARTESIAN_POINT('',(0.0986421356237309,-0.110485281374239,-0.008));
#4062=CARTESIAN_POINT('',(0.0986421356237309,-0.110485281374239,0.008));
#4063=CARTESIAN_POINT('',(0.0986421356237309,-0.110485281374239,0.008));
#4064=CARTESIAN_POINT('',(0.0769852813742385,-0.132142135623731,0.008));
#4065=CARTESIAN_POINT('',(0.0845,-0.0963431457505076,0.008));
#4066=CARTESIAN_POINT('',(0.0845,-0.0963431457505076,-0.008));
#4067=CARTESIAN_POINT('',(0.1045,-0.0963431457505076,-0.008));
#4068=CARTESIAN_POINT('',(0.1045,-0.0963431457505076,0.008));
#4069=CARTESIAN_POINT('',(0.1045,-0.0963431457505076,0.008));
#4070=CARTESIAN_POINT('',(0.0845,-0.0963431457505076,0.008));
#4071=CARTESIAN_POINT('',(0.1045,-0.0963431457505076,0.008));
#4072=CARTESIAN_POINT('',(0.1045,-0.0963431457505076,-0.008));
#4073=CARTESIAN_POINT('',(0.1045,0.0963431457505076,-0.008));
#4074=CARTESIAN_POINT('',(0.1045,0.0963431457505076,0.008));
#4075=CARTESIAN_POINT('',(0.1045,0.0963431457505076,0.008));
#4076=CARTESIAN_POINT('',(0.1045,-0.0963431457505076,0.008));
#4077=CARTESIAN_POINT('',(0.0845000000000001,0.0963431457505076,0.008));
#4078=CARTESIAN_POINT('',(0.0845000000000001,0.0963431457505076,-0.008));
#4079=CARTESIAN_POINT('',(0.0986421356237309,0.110485281374238,-0.008));
#4080=CARTESIAN_POINT('',(0.0986421356237309,0.110485281374238,0.008));
#4081=CARTESIAN_POINT('',(0.0986421356237309,0.110485281374238,0.008));
#4082=CARTESIAN_POINT('',(0.0845000000000001,0.0963431457505076,0.008));
#4083=CARTESIAN_POINT('',(0.0986421356237309,0.110485281374238,0.008));
#4084=CARTESIAN_POINT('',(0.0986421356237309,0.110485281374238,-0.008));
#4085=CARTESIAN_POINT('',(0.0609852813742385,0.148142135623731,-0.008));
#4086=CARTESIAN_POINT('',(0.0609852813742385,0.148142135623731,0.008));
#4087=CARTESIAN_POINT('',(0.0609852813742385,0.148142135623731,0.008));
#4088=CARTESIAN_POINT('',(0.0986421356237309,0.110485281374238,0.008));
#4089=CARTESIAN_POINT('',(0.0468431457505076,0.134,0.008));
#4090=CARTESIAN_POINT('',(0.0468431457505076,0.134,-0.008));
#4091=CARTESIAN_POINT('',(0.0468431457505076,0.154,-0.008));
#4092=CARTESIAN_POINT('',(0.0468431457505076,0.154,0.008));
#4093=CARTESIAN_POINT('',(0.0468431457505076,0.154,0.008));
#4094=CARTESIAN_POINT('',(0.0468431457505076,0.134,0.008));
#4095=CARTESIAN_POINT('',(0.0468431457505076,0.154,0.008));
#4096=CARTESIAN_POINT('',(0.0468431457505076,0.154,-0.008));
#4097=CARTESIAN_POINT('',(-0.0468431457505076,0.154,-0.008));
#4098=CARTESIAN_POINT('',(-0.0468431457505076,0.154,0.008));
#4099=CARTESIAN_POINT('',(-0.0468431457505076,0.154,0.008));
#4100=CARTESIAN_POINT('',(0.0468431457505076,0.154,0.008));
#4101=CARTESIAN_POINT('',(-0.0468431457505076,0.134,0.008));
#4102=CARTESIAN_POINT('',(-0.0468431457505076,0.134,-0.008));
#4103=CARTESIAN_POINT('',(-0.0609852813742385,0.148142135623731,-0.008));
#4104=CARTESIAN_POINT('',(-0.0609852813742385,0.148142135623731,0.008));
#4105=CARTESIAN_POINT('',(-0.0609852813742385,0.148142135623731,0.008));
#4106=CARTESIAN_POINT('',(-0.0468431457505076,0.134,0.008));
#4107=CARTESIAN_POINT('',(-0.0609852813742385,0.148142135623731,0.008));
#4108=CARTESIAN_POINT('',(-0.0609852813742385,0.148142135623731,-0.008));
#4109=CARTESIAN_POINT('',(-0.0986421356237309,0.110485281374239,-0.008));
#4110=CARTESIAN_POINT('',(-0.0986421356237309,0.110485281374239,0.008));
#4111=CARTESIAN_POINT('',(-0.0986421356237309,0.110485281374239,0.008));
#4112=CARTESIAN_POINT('',(-0.0609852813742385,0.148142135623731,0.008));
#4113=CARTESIAN_POINT('',(-0.0845000000000003,0.0963431457505078,0.008));
#4114=CARTESIAN_POINT('',(-0.0845000000000003,0.0963431457505078,-0.008));
#4115=CARTESIAN_POINT('',(-0.0845000000000003,0.0963431457505078,0.008));
#4116=CARTESIAN_POINT('',(-0.0845000000000001,-0.0963431457505077,0.008));
#4117=CARTESIAN_POINT('',(-0.05,-0.138,0.008));
#4118=CARTESIAN_POINT('',(0.05,-0.122,0.008));
#4119=CARTESIAN_POINT('',(-0.0845000000000001,-0.0963431457505077,-0.008));
#4120=CARTESIAN_POINT('',(0.05,-0.122,-0.008));
#4121=CARTESIAN_POINT('',(-0.05,-0.138,-0.008));
#4122=CARTESIAN_POINT('',(0.05,-0.24,0.));
#4123=CARTESIAN_POINT('',(0.05,-0.24,0.));
#4124=CARTESIAN_POINT('',(0.058,-0.24,0.));
#4125=CARTESIAN_POINT('',(0.05,-0.24,0.));
#4126=CARTESIAN_POINT('',(-0.05,-0.24,0.));
#4127=CARTESIAN_POINT('',(-0.05,-0.24,0.));
#4128=CARTESIAN_POINT('',(-0.042,-0.24,0.));
#4129=CARTESIAN_POINT('',(-0.05,-0.24,0.));
#4130=CARTESIAN_POINT('',(0.,0.,-0.039));
#4131=CARTESIAN_POINT('',(1.77712531777858E-33,0.025,-3.7344989156182E-18));
#4132=CARTESIAN_POINT('',(0.,0.0250000000000001,-1.70740499604016E-17));
#4133=CARTESIAN_POINT('',(2.25102540251953E-33,0.0331043835025889,0.0325049068302459));
#4134=CARTESIAN_POINT('',(4.10256677714363E-18,0.0168956164974112,-0.0325049068302459));
#4135=CARTESIAN_POINT('',(1.77712531777858E-33,0.025,4.26851249010041E-18));
#4136=CARTESIAN_POINT('',(0.,0.208385892266163,-0.0457232382683372));
#4137=CARTESIAN_POINT('',(0.,0.193831456372023,-0.0420944098343422));
#4138=CARTESIAN_POINT('',(2.25102540251953E-33,0.201935839874612,-0.0095895030040963));
#4139=CARTESIAN_POINT('',(4.10256677714363E-18,0.185727072869434,-0.0745993166645881));
#4140=CARTESIAN_POINT('',(2.25102540251953E-33,0.0331043835025889,0.0325049068302459));
#4141=CARTESIAN_POINT('',(4.10256677714363E-18,0.0168956164974112,-0.0325049068302459));
#4142=CARTESIAN_POINT('',(0.,0.193831456372023,-0.0420944098343422));
#4143=CARTESIAN_POINT('',(0.,0.208385892266163,-0.0457232382683372));
#4144=CARTESIAN_POINT('',(2.25102540251953E-33,0.212861447334757,-0.0277727673322312));
#4145=CARTESIAN_POINT('',(2.2655965784226E-18,0.203910337197569,-0.0636737092044431));
#4146=CARTESIAN_POINT('',(3.55425063555715E-34,0.198307011440617,-0.0241439388982362));
#4147=CARTESIAN_POINT('',(2.26559657842261E-18,0.18935590130343,-0.0600448807704482));
#4148=CARTESIAN_POINT('',(2.25102540251953E-33,0.212861447334757,-0.0277727673322312));
#4149=CARTESIAN_POINT('',(2.25102540251953E-33,0.212861447334757,-0.0277727673322312));
#4150=CARTESIAN_POINT('',(3.55425063555715E-34,0.198307011440617,-0.0241439388982362));
#4151=CARTESIAN_POINT('',(0.,0.,0.));
#4152=CARTESIAN_POINT('',(4.73900084740954E-34,0.208385892266163,-0.0457232382683372));
#4153=CARTESIAN_POINT('',(0.,0.208385892266163,-0.0457232382683372));
#4154=CARTESIAN_POINT('',(-2.2655965784226E-18,0.212861447334757,-0.0277727673322313));
#4155=CARTESIAN_POINT('',(0.,0.203910337197569,-0.0636737092044431));
#4156=CARTESIAN_POINT('',(4.73900084740954E-34,0.208385892266163,-0.0457232382683372));
#4157=CARTESIAN_POINT('',(0.,0.193831456372023,-0.0420944098343422));
#4158=CARTESIAN_POINT('',(0.,0.193831456372023,-0.0420944098343422));
#4159=CARTESIAN_POINT('',(-4.10256677714363E-18,0.201935839874612,-0.00958950300409633));
#4160=CARTESIAN_POINT('',(0.,0.185727072869435,-0.0745993166645881));
#4161=CARTESIAN_POINT('',(-2.2655965784226E-18,0.198307011440617,-0.0241439388982363));
#4162=CARTESIAN_POINT('',(0.,0.18935590130343,-0.0600448807704481));
#4163=CARTESIAN_POINT('',(0.,0.025,0.));
#4164=CARTESIAN_POINT('',(0.,0.025,-7.74484974746962E-19));
#4165=CARTESIAN_POINT('',(-4.10256677714363E-18,0.0331043835025889,0.0325049068302459));
#4166=CARTESIAN_POINT('',(0.,0.0168956164974111,-0.0325049068302459));
#4167=CARTESIAN_POINT('',(-4.10256677714363E-18,0.201935839874612,-0.00958950300409632));
#4168=CARTESIAN_POINT('',(0.,0.185727072869435,-0.0745993166645881));
#4169=CARTESIAN_POINT('',(-4.10256677714363E-18,0.0331043835025889,0.0325049068302459));
#4170=CARTESIAN_POINT('',(-4.10256677714363E-18,0.0331043835025889,0.0325049068302459));
#4171=CARTESIAN_POINT('',(-2.2655965784226E-18,0.198307011440617,-0.0241439388982363));
#4172=CARTESIAN_POINT('',(0.,0.,0.));
#4173=CARTESIAN_POINT('',(0.056,0.001,-0.12));
#4174=CARTESIAN_POINT('',(0.056,0.,-0.12));
#4175=CARTESIAN_POINT('',(0.056,0.,-0.12));
#4176=CARTESIAN_POINT('',(-0.056,0.,-0.12));
#4177=CARTESIAN_POINT('',(-0.056,0.001,-0.12));
#4178=CARTESIAN_POINT('',(-0.056,0.001,-0.12));
#4179=CARTESIAN_POINT('',(0.056,0.001,-0.12));
#4180=CARTESIAN_POINT('',(0.056,0.001,-0.12));
#4181=CARTESIAN_POINT('',(0.056,0.001,-0.12));
#4182=CARTESIAN_POINT('',(-0.056,0.001,-0.12));
#4183=CARTESIAN_POINT('',(-0.056,0.,-0.12));
#4184=CARTESIAN_POINT('',(-0.056,0.,-0.105291502622129));
#4185=CARTESIAN_POINT('',(-0.056,0.,-0.12));
#4186=CARTESIAN_POINT('',(-0.056,0.,-0.0947084973778708));
#4187=CARTESIAN_POINT('',(-0.056,0.,-0.12));
#4188=CARTESIAN_POINT('',(-0.056,0.,-0.00529150262212919));
#4189=CARTESIAN_POINT('',(-0.056,0.,-0.12));
#4190=CARTESIAN_POINT('',(-0.056,0.,0.00529150262212919));
#4191=CARTESIAN_POINT('',(-0.056,0.,-0.12));
#4192=CARTESIAN_POINT('',(-0.056,0.,0.0947084973778708));
#4193=CARTESIAN_POINT('',(-0.056,0.,-0.12));
#4194=CARTESIAN_POINT('',(-0.056,0.,0.105291502622129));
#4195=CARTESIAN_POINT('',(-0.056,0.,-0.12));
#4196=CARTESIAN_POINT('',(-0.056,0.,0.12));
#4197=CARTESIAN_POINT('',(-0.056,0.001,0.12));
#4198=CARTESIAN_POINT('',(-0.056,0.001,0.12));
#4199=CARTESIAN_POINT('',(-0.056,0.001,-0.12));
#4200=CARTESIAN_POINT('',(-0.056,0.001,0.12));
#4201=CARTESIAN_POINT('',(-0.056,0.,0.12));
#4202=CARTESIAN_POINT('',(0.056,0.,0.12));
#4203=CARTESIAN_POINT('',(0.056,0.001,0.12));
#4204=CARTESIAN_POINT('',(0.056,0.001,0.12));
#4205=CARTESIAN_POINT('',(-0.056,0.001,0.12));
#4206=CARTESIAN_POINT('',(0.056,0.001,0.12));
#4207=CARTESIAN_POINT('',(0.056,0.,0.12));
#4208=CARTESIAN_POINT('',(0.056,0.,0.105291502622129));
#4209=CARTESIAN_POINT('',(0.056,0.,0.12));
#4210=CARTESIAN_POINT('',(0.056,0.,0.0947084973778708));
#4211=CARTESIAN_POINT('',(0.056,0.,0.12));
#4212=CARTESIAN_POINT('',(0.056,0.,0.00529150262212919));
#4213=CARTESIAN_POINT('',(0.056,0.,0.12));
#4214=CARTESIAN_POINT('',(0.056,0.,-0.00529150262212919));
#4215=CARTESIAN_POINT('',(0.056,0.,0.12));
#4216=CARTESIAN_POINT('',(0.056,0.,-0.0947084973778708));
#4217=CARTESIAN_POINT('',(0.056,0.,0.12));
#4218=CARTESIAN_POINT('',(0.056,0.,-0.105291502622129));
#4219=CARTESIAN_POINT('',(0.056,0.,0.12));
#4220=CARTESIAN_POINT('',(0.056,0.001,0.12));
#4221=CARTESIAN_POINT('',(0.,0.001,0.));
#4222=CARTESIAN_POINT('',(0.,0.,0.));
#4223=CARTESIAN_POINT('',(-0.05,0.,0.1));
#4224=CARTESIAN_POINT('',(-0.05,0.,0.));
#4225=CARTESIAN_POINT('',(-0.05,0.,-0.1));
#4226=CARTESIAN_POINT('',(0.05,0.,-0.1));
#4227=CARTESIAN_POINT('',(0.05,0.,0.));
#4228=CARTESIAN_POINT('',(0.05,0.,0.1));
#4229=CARTESIAN_POINT('',(0.05,0.,-0.1));
#4230=CARTESIAN_POINT('',(0.05,0.,-0.1));
#4231=CARTESIAN_POINT('',(0.05,-0.06,-0.1));
#4232=CARTESIAN_POINT('',(0.05,-0.06,-0.1));
#4233=CARTESIAN_POINT('',(0.058,-0.06,-0.1));
#4234=CARTESIAN_POINT('',(0.05,0.,0.));
#4235=CARTESIAN_POINT('',(0.05,0.,0.));
#4236=CARTESIAN_POINT('',(0.05,-0.16,0.));
#4237=CARTESIAN_POINT('',(0.05,-0.16,0.));
#4238=CARTESIAN_POINT('',(0.058,-0.16,0.));
#4239=CARTESIAN_POINT('',(0.05,0.,0.1));
#4240=CARTESIAN_POINT('',(0.05,0.,0.1));
#4241=CARTESIAN_POINT('',(0.05,-0.26,0.1));
#4242=CARTESIAN_POINT('',(0.05,-0.26,0.1));
#4243=CARTESIAN_POINT('',(0.058,-0.26,0.1));
#4244=CARTESIAN_POINT('',(0.05,-0.06,-0.124));
#4245=CARTESIAN_POINT('',(0.05,-0.084,-0.124));
#4246=CARTESIAN_POINT('',(0.042,-0.084,-0.124));
#4247=CARTESIAN_POINT('',(0.05,-0.16,-0.024));
#4248=CARTESIAN_POINT('',(0.05,-0.184,-0.024));
#4249=CARTESIAN_POINT('',(0.042,-0.184,-0.024));
#4250=CARTESIAN_POINT('',(0.05,-0.26,0.076));
#4251=CARTESIAN_POINT('',(0.05,-0.284,0.076));
#4252=CARTESIAN_POINT('',(0.042,-0.284,0.076));
#4253=CARTESIAN_POINT('',(0.05,-0.084,-0.24));
#4254=CARTESIAN_POINT('',(0.05,-0.084,-0.24));
#4255=CARTESIAN_POINT('',(0.042,-0.084,-0.24));
#4256=CARTESIAN_POINT('',(0.05,-0.084,-0.24));
#4257=CARTESIAN_POINT('',(0.05,-0.184,-0.26));
#4258=CARTESIAN_POINT('',(0.05,-0.184,-0.26));
#4259=CARTESIAN_POINT('',(0.042,-0.184,-0.26));
#4260=CARTESIAN_POINT('',(0.05,-0.184,-0.26));
#4261=CARTESIAN_POINT('',(0.05,-0.284,-0.28));
#4262=CARTESIAN_POINT('',(0.05,-0.284,-0.28));
#4263=CARTESIAN_POINT('',(0.042,-0.284,-0.28));
#4264=CARTESIAN_POINT('',(0.05,-0.284,-0.28));
#4265=CARTESIAN_POINT('',(-0.05,0.,-0.1));
#4266=CARTESIAN_POINT('',(-0.05,0.,-0.1));
#4267=CARTESIAN_POINT('',(-0.05,-0.06,-0.1));
#4268=CARTESIAN_POINT('',(-0.05,-0.06,-0.1));
#4269=CARTESIAN_POINT('',(-0.042,-0.06,-0.1));
#4270=CARTESIAN_POINT('',(-0.05,0.,0.));
#4271=CARTESIAN_POINT('',(-0.05,0.,0.));
#4272=CARTESIAN_POINT('',(-0.05,-0.16,0.));
#4273=CARTESIAN_POINT('',(-0.05,-0.16,0.));
#4274=CARTESIAN_POINT('',(-0.042,-0.16,0.));
#4275=CARTESIAN_POINT('',(-0.05,0.,0.1));
#4276=CARTESIAN_POINT('',(-0.05,0.,0.1));
#4277=CARTESIAN_POINT('',(-0.05,-0.26,0.1));
#4278=CARTESIAN_POINT('',(-0.05,-0.26,0.1));
#4279=CARTESIAN_POINT('',(-0.042,-0.26,0.1));
#4280=CARTESIAN_POINT('',(-0.05,-0.06,-0.124));
#4281=CARTESIAN_POINT('',(-0.05,-0.084,-0.124));
#4282=CARTESIAN_POINT('',(-0.058,-0.084,-0.124));
#4283=CARTESIAN_POINT('',(-0.05,-0.16,-0.024));
#4284=CARTESIAN_POINT('',(-0.05,-0.184,-0.024));
#4285=CARTESIAN_POINT('',(-0.058,-0.184,-0.024));
#4286=CARTESIAN_POINT('',(-0.05,-0.26,0.076));
#4287=CARTESIAN_POINT('',(-0.05,-0.284,0.076));
#4288=CARTESIAN_POINT('',(-0.058,-0.284,0.076));
#4289=CARTESIAN_POINT('',(-0.05,-0.084,-0.24));
#4290=CARTESIAN_POINT('',(-0.05,-0.084,-0.24));
#4291=CARTESIAN_POINT('',(-0.058,-0.084,-0.24));
#4292=CARTESIAN_POINT('',(-0.05,-0.084,-0.24));
#4293=CARTESIAN_POINT('',(-0.05,-0.184,-0.26));
#4294=CARTESIAN_POINT('',(-0.05,-0.184,-0.26));
#4295=CARTESIAN_POINT('',(-0.058,-0.184,-0.26));
#4296=CARTESIAN_POINT('',(-0.05,-0.184,-0.26));
#4297=CARTESIAN_POINT('',(-0.05,-0.284,-0.28));
#4298=CARTESIAN_POINT('',(-0.05,-0.284,-0.28));
#4299=CARTESIAN_POINT('',(-0.058,-0.284,-0.28));
#4300=CARTESIAN_POINT('',(-0.05,-0.284,-0.28));
#4301=CARTESIAN_POINT('',(5.69908717411506E-34,4.65365783675994E-18,-0.155));
#4302=MECHANICAL_DESIGN_GEOMETRIC_PRESENTATION_REPRESENTATION('',(#2553,
#2554,#2555,#2556,#2557),#4303);
#4303=(
GEOMETRIC_REPRESENTATION_CONTEXT(3)
GLOBAL_UNCERTAINTY_ASSIGNED_CONTEXT((#4309))
GLOBAL_UNIT_ASSIGNED_CONTEXT((#4317,#4316,#4315))
REPRESENTATION_CONTEXT('G12JVCF','TOP_LEVEL_ASSEMBLY_PART')
);
#4304=(
GEOMETRIC_REPRESENTATION_CONTEXT(3)
GLOBAL_UNCERTAINTY_ASSIGNED_CONTEXT((#4310))
GLOBAL_UNIT_ASSIGNED_CONTEXT((#4317,#4316,#4315))
REPRESENTATION_CONTEXT('GP-body-ill','COMPONENT_PART')
);
#4305=(
GEOMETRIC_REPRESENTATION_CONTEXT(3)
GLOBAL_UNCERTAINTY_ASSIGNED_CONTEXT((#4311))
GLOBAL_UNIT_ASSIGNED_CONTEXT((#4317,#4316,#4315))
REPRESENTATION_CONTEXT('GV-th','COMPONENT_PART')
);
#4306=(
GEOMETRIC_REPRESENTATION_CONTEXT(3)
GLOBAL_UNCERTAINTY_ASSIGNED_CONTEXT((#4312))
GLOBAL_UNIT_ASSIGNED_CONTEXT((#4317,#4316,#4315))
REPRESENTATION_CONTEXT('GCF-actuator-green','COMPONENT_PART')
);
#4307=(
GEOMETRIC_REPRESENTATION_CONTEXT(3)
GLOBAL_UNCERTAINTY_ASSIGNED_CONTEXT((#4313))
GLOBAL_UNIT_ASSIGNED_CONTEXT((#4317,#4316,#4315))
REPRESENTATION_CONTEXT('GCF-actuator-red','COMPONENT_PART')
);
#4308=(
GEOMETRIC_REPRESENTATION_CONTEXT(3)
GLOBAL_UNCERTAINTY_ASSIGNED_CONTEXT((#4314))
GLOBAL_UNIT_ASSIGNED_CONTEXT((#4317,#4316,#4315))
REPRESENTATION_CONTEXT('GV-terminals','COMPONENT_PART')
);
#4309=UNCERTAINTY_MEASURE_WITH_UNIT(LENGTH_MEASURE(3.93700787401575E-7),
#4317,'DISTANCE_ACCURACY_VALUE','Maximum Tolerance applied to model');
#4310=UNCERTAINTY_MEASURE_WITH_UNIT(LENGTH_MEASURE(0.00078740157480315),
#4317,'DISTANCE_ACCURACY_VALUE','Maximum Tolerance applied to model');
#4311=UNCERTAINTY_MEASURE_WITH_UNIT(LENGTH_MEASURE(3.93700787401575E-7),
#4317,'DISTANCE_ACCURACY_VALUE','Maximum Tolerance applied to model');
#4312=UNCERTAINTY_MEASURE_WITH_UNIT(LENGTH_MEASURE(3.93700787401575E-7),
#4317,'DISTANCE_ACCURACY_VALUE','Maximum Tolerance applied to model');
#4313=UNCERTAINTY_MEASURE_WITH_UNIT(LENGTH_MEASURE(3.93700787401575E-7),
#4317,'DISTANCE_ACCURACY_VALUE','Maximum Tolerance applied to model');
#4314=UNCERTAINTY_MEASURE_WITH_UNIT(LENGTH_MEASURE(3.93700787401575E-7),
#4317,'DISTANCE_ACCURACY_VALUE','Maximum Tolerance applied to model');
#4315=(
NAMED_UNIT(*)
SI_UNIT($,.STERADIAN.)
SOLID_ANGLE_UNIT()
);
#4316=(
NAMED_UNIT(*)
PLANE_ANGLE_UNIT()
SI_UNIT($,.RADIAN.)
);
#4317=(
CONVERSION_BASED_UNIT('INCH',#4319)
LENGTH_UNIT()
NAMED_UNIT(#4318)
);
#4318=DIMENSIONAL_EXPONENTS(1.,0.,0.,0.,0.,0.,0.);
#4319=LENGTH_MEASURE_WITH_UNIT(LENGTH_MEASURE(25.4),#4320);
#4320=(
LENGTH_UNIT()
NAMED_UNIT(*)
SI_UNIT(.MILLI.,.METRE.)
);
#4321=PRODUCT_DEFINITION_SHAPE('','',#4332);
#4322=PRODUCT_DEFINITION_SHAPE('','',#4333);
#4323=PRODUCT_DEFINITION_SHAPE(' ','NAUO PRDDFN',#25);
#4324=PRODUCT_DEFINITION_SHAPE('','',#4334);
#4325=PRODUCT_DEFINITION_SHAPE(' ','NAUO PRDDFN',#26);
#4326=PRODUCT_DEFINITION_SHAPE('','',#4335);
#4327=PRODUCT_DEFINITION_SHAPE(' ','NAUO PRDDFN',#27);
#4328=PRODUCT_DEFINITION_SHAPE('','',#4336);
#4329=PRODUCT_DEFINITION_SHAPE(' ','NAUO PRDDFN',#28);
#4330=PRODUCT_DEFINITION_SHAPE('','',#4337);
#4331=PRODUCT_DEFINITION_SHAPE(' ','NAUO PRDDFN',#29);
#4332=PRODUCT_DEFINITION('','',#4344,#4338);
#4333=PRODUCT_DEFINITION('','',#4345,#4339);
#4334=PRODUCT_DEFINITION('','',#4346,#4340);
#4335=PRODUCT_DEFINITION('','',#4347,#4341);
#4336=PRODUCT_DEFINITION('','',#4348,#4342);
#4337=PRODUCT_DEFINITION('','',#4349,#4343);
#4338=PRODUCT_DEFINITION_CONTEXT('',#4375,'design');
#4339=PRODUCT_DEFINITION_CONTEXT('',#4375,'design');
#4340=PRODUCT_DEFINITION_CONTEXT('',#4375,'design');
#4341=PRODUCT_DEFINITION_CONTEXT('',#4375,'design');
#4342=PRODUCT_DEFINITION_CONTEXT('',#4375,'design');
#4343=PRODUCT_DEFINITION_CONTEXT('',#4375,'design');
#4344=PRODUCT_DEFINITION_FORMATION_WITH_SPECIFIED_SOURCE('','',#4356,
 .NOT_KNOWN.);
#4345=PRODUCT_DEFINITION_FORMATION_WITH_SPECIFIED_SOURCE('','',#4357,
 .NOT_KNOWN.);
#4346=PRODUCT_DEFINITION_FORMATION_WITH_SPECIFIED_SOURCE('','',#4358,
 .NOT_KNOWN.);
#4347=PRODUCT_DEFINITION_FORMATION_WITH_SPECIFIED_SOURCE('','',#4359,
 .NOT_KNOWN.);
#4348=PRODUCT_DEFINITION_FORMATION_WITH_SPECIFIED_SOURCE('','',#4360,
 .NOT_KNOWN.);
#4349=PRODUCT_DEFINITION_FORMATION_WITH_SPECIFIED_SOURCE('','',#4361,
 .NOT_KNOWN.);
#4350=PRODUCT_RELATED_PRODUCT_CATEGORY('','',(#4356));
#4351=PRODUCT_RELATED_PRODUCT_CATEGORY('','',(#4357));
#4352=PRODUCT_RELATED_PRODUCT_CATEGORY('','',(#4358));
#4353=PRODUCT_RELATED_PRODUCT_CATEGORY('','',(#4359));
#4354=PRODUCT_RELATED_PRODUCT_CATEGORY('','',(#4360));
#4355=PRODUCT_RELATED_PRODUCT_CATEGORY('','',(#4361));
#4356=PRODUCT('G12JVCF','G12JVCF','G12JVCF',(#4368));
#4357=PRODUCT('GP-body-ill','GP-body-ill','GP-body-ill',(#4369));
#4358=PRODUCT('GV-th','GV-th','GV-th',(#4370));
#4359=PRODUCT('GCF-actuator-green','GCF-actuator-green',
'GCF-actuator-green',(#4371));
#4360=PRODUCT('GCF-actuator-red','GCF-actuator-red','GCF-actuator-red',
(#4372));
#4361=PRODUCT('GV-terminals','GV-terminals','GV-terminals',(#4373));
#4362=PRODUCT_CATEGORY('','');
#4363=PRODUCT_CATEGORY('','');
#4364=PRODUCT_CATEGORY('','');
#4365=PRODUCT_CATEGORY('','');
#4366=PRODUCT_CATEGORY('','');
#4367=PRODUCT_CATEGORY('','');
#4368=PRODUCT_CONTEXT('',#4375,'mechanical');
#4369=PRODUCT_CONTEXT('',#4375,'mechanical');
#4370=PRODUCT_CONTEXT('',#4375,'mechanical');
#4371=PRODUCT_CONTEXT('',#4375,'mechanical');
#4372=PRODUCT_CONTEXT('',#4375,'mechanical');
#4373=PRODUCT_CONTEXT('',#4375,'mechanical');
#4374=APPLICATION_PROTOCOL_DEFINITION('international standard',
'ap242_managed_model_based_3d_engineering',2011,#4375);
#4375=APPLICATION_CONTEXT('managed model based 3d engineering');
ENDSEC;
END-ISO-10303-21;
