ISO-10303-21;
HEADER;
FILE_DESCRIPTION (( 'STEP AP214' ),
    '1' );
FILE_NAME ('5190TR.STEP',
    '2024-11-07T17:56:29',
    ( '' ),
    ( '' ),
    'SwSTEP 2.0',
    'SolidWorks 2021',
    '' );
FILE_SCHEMA (( 'AUTOMOTIVE_DESIGN' ));
ENDSEC;

DATA;
#1 = EDGE_CURVE ( 'NONE', #2356, #1141, #368, .T. ) ;
#2 = EDGE_CURVE ( 'NONE', #1688, #727, #773, .T. ) ;
#3 = SURFACE_STYLE_USAGE ( .BOTH. , #1580 ) ;
#4 = ORIENTED_EDGE ( 'NONE', *, *, #465, .T. ) ;
#5 = PRESENTATION_STYLE_ASSIGNMENT (( #982 ) ) ;
#6 = DIRECTION ( 'NONE',  ( 0.000000000000000000, 1.000000000000000000, 0.000000000000000000 ) ) ;
#7 = ORIENTED_EDGE ( 'NONE', *, *, #1770, .T. ) ;
#8 = FILL_AREA_STYLE_COLOUR ( '', #50 ) ;
#9 = ORIENTED_EDGE ( 'NONE', *, *, #1845, .T. ) ;
#10 =( GEOMETRIC_REPRESENTATION_CONTEXT ( 3 ) GLOBAL_UNCERTAINTY_ASSIGNED_CONTEXT ( ( #629 ) ) GLOBAL_UNIT_ASSIGNED_CONTEXT ( ( #805, #412, #1969 ) ) REPRESENTATION_CONTEXT ( 'NONE', 'WORKASPACE' ) );
#11 = PRESENTATION_STYLE_ASSIGNMENT (( #1750 ) ) ;
#12 = PRESENTATION_LAYER_ASSIGNMENT (  '', '', ( #528 ) ) ;
#13 = VECTOR ( 'NONE', #33, 1000.000000000000000 ) ;
#14 = COLOUR_RGB ( '',0.7921568627450980005, 0.8196078431372548767, 0.9333333333333333481 ) ;
#15 = ADVANCED_FACE ( 'NONE', ( #1883 ), #784, .F. ) ;
#16 =( GEOMETRIC_REPRESENTATION_CONTEXT ( 3 ) GLOBAL_UNCERTAINTY_ASSIGNED_CONTEXT ( ( #1791 ) ) GLOBAL_UNIT_ASSIGNED_CONTEXT ( ( #1669, #1315, #1490 ) ) REPRESENTATION_CONTEXT ( 'NONE', 'WORKASPACE' ) );
#17 = PRESENTATION_LAYER_ASSIGNMENT (  '', '', ( #915 ) ) ;
#18 =( LENGTH_UNIT ( ) NAMED_UNIT ( * ) SI_UNIT ( .MILLI., .METRE. ) );
#19 = ORIENTED_EDGE ( 'NONE', *, *, #1197, .F. ) ;
#20 = CYLINDRICAL_SURFACE ( 'NONE', #2444, 0.2650000000000003464 ) ;
#21 = CARTESIAN_POINT ( 'NONE',  ( 0.7999999999999994893, 2.300000000000000266, 0.4800000000000000377 ) ) ;
#22 = UNCERTAINTY_MEASURE_WITH_UNIT (LENGTH_MEASURE( 1.000000000000000082E-05 ), #1856, 'distance_accuracy_value', 'NONE');
#23 = DIRECTION ( 'NONE',  ( -0.000000000000000000, -0.000000000000000000, -1.000000000000000000 ) ) ;
#24 = LINE ( 'NONE', #1574, #1833 ) ;
#25 = DIRECTION ( 'NONE',  ( -0.000000000000000000, -0.000000000000000000, -1.000000000000000000 ) ) ;
#26 = ORIENTED_EDGE ( 'NONE', *, *, #147, .F. ) ;
#27 = AXIS2_PLACEMENT_3D ( 'NONE', #1578, #2350, #1418 ) ;
#28 = DIRECTION ( 'NONE',  ( -1.000000000000000000, 0.000000000000000000, 0.000000000000000000 ) ) ;
#29 = VERTEX_POINT ( 'NONE', #1761 ) ;
#30 = DIRECTION ( 'NONE',  ( 0.000000000000000000, 1.000000000000000000, 0.000000000000000000 ) ) ;
#31 = CARTESIAN_POINT ( 'NONE',  ( -1.250000000000000222, 1.099999999999999867, -1.499999999999999112 ) ) ;
#32 = CARTESIAN_POINT ( 'NONE',  ( 0.3000000000000007661, 1.034999999999999920, 0.4800000000000000377 ) ) ;
#33 = DIRECTION ( 'NONE',  ( 1.000000000000000000, 0.000000000000000000, -0.000000000000000000 ) ) ;
#34 = ORIENTED_EDGE ( 'NONE', *, *, #1555, .T. ) ;
#35 = LINE ( 'NONE', #1419, #262 ) ;
#36 = CARTESIAN_POINT ( 'NONE',  ( 0.4999999999999995559, 0.2000000000000001499, -0.5199999999999991296 ) ) ;
#37 = ORIENTED_EDGE ( 'NONE', *, *, #878, .F. ) ;
#38 = CARTESIAN_POINT ( 'NONE',  ( 0.5000000000000013323, 2.540384256457902144E-17, 0.4800000000000000377 ) ) ;
#39 = LINE ( 'NONE', #224, #1445 ) ;
#40 = UNCERTAINTY_MEASURE_WITH_UNIT (LENGTH_MEASURE( 1.000000000000000082E-05 ), #579, 'distance_accuracy_value', 'NONE');
#41 =( LENGTH_UNIT ( ) NAMED_UNIT ( * ) SI_UNIT ( .MILLI., .METRE. ) );
#42 = EDGE_CURVE ( 'NONE', #1622, #2271, #2363, .T. ) ;
#43 = CARTESIAN_POINT ( 'NONE',  ( -1.199999999999998845, 1.338240598131294587E-16, -0.5199999999999991296 ) ) ;
#44 = ORIENTED_EDGE ( 'NONE', *, *, #103, .T. ) ;
#45 = DIRECTION ( 'NONE',  ( -1.000000000000000000, 0.000000000000000000, -0.000000000000000000 ) ) ;
#46 = LINE ( 'NONE', #2189, #229 ) ;
#47 = DIRECTION ( 'NONE',  ( 0.000000000000000000, -0.000000000000000000, 1.000000000000000000 ) ) ;
#48 = VECTOR ( 'NONE', #1909, 1000.000000000000000 ) ;
#49 = DIRECTION ( 'NONE',  ( 0.9659258262890680902, 0.000000000000000000, -0.2588190451025215721 ) ) ;
#50 = COLOUR_RGB ( '',0.7921568627450980005, 0.8196078431372548767, 0.9333333333333333481 ) ;
#51 = VERTEX_POINT ( 'NONE', #1414 ) ;
#52 = MECHANICAL_DESIGN_GEOMETRIC_PRESENTATION_REPRESENTATION (  '', ( #1201 ), #1877 ) ;
#53 = VECTOR ( 'NONE', #782, 1000.000000000000000 ) ;
#54 = FILL_AREA_STYLE_COLOUR ( '', #253 ) ;
#55 = DIRECTION ( 'NONE',  ( 1.000000000000000000, -0.000000000000000000, 0.000000000000000000 ) ) ;
#56 = STYLED_ITEM ( 'NONE', ( #2476 ), #2319 ) ;
#57 = COLOUR_RGB ( '',0.7921568627450980005, 0.8196078431372548767, 0.9333333333333333481 ) ;
#58 =( NAMED_UNIT ( * ) PLANE_ANGLE_UNIT ( ) SI_UNIT ( $, .RADIAN. ) );
#59 = LINE ( 'NONE', #2379, #1999 ) ;
#60 = COLOUR_RGB ( '',0.7921568627450980005, 0.8196078431372548767, 0.9333333333333333481 ) ;
#61 = ORIENTED_EDGE ( 'NONE', *, *, #1095, .F. ) ;
#62 = LINE ( 'NONE', #1993, #2238 ) ;
#63 =( NAMED_UNIT ( * ) PLANE_ANGLE_UNIT ( ) SI_UNIT ( $, .RADIAN. ) );
#64 = ORIENTED_EDGE ( 'NONE', *, *, #1640, .T. ) ;
#65 = EDGE_CURVE ( 'NONE', #1878, #1213, #880, .T. ) ;
#66 = LINE ( 'NONE', #652, #1292 ) ;
#67 = SURFACE_SIDE_STYLE ('',( #2211 ) ) ;
#68 =( LENGTH_UNIT ( ) NAMED_UNIT ( * ) SI_UNIT ( .MILLI., .METRE. ) );
#69 = UNCERTAINTY_MEASURE_WITH_UNIT (LENGTH_MEASURE( 1.000000000000000082E-05 ), #1523, 'distance_accuracy_value', 'NONE');
#70 = ORIENTED_EDGE ( 'NONE', *, *, #2001, .F. ) ;
#71 = CARTESIAN_POINT ( 'NONE',  ( -0.7349999999999986544, 2.300000000000000266, 0.4800000000000000377 ) ) ;
#72 =( LENGTH_UNIT ( ) NAMED_UNIT ( * ) SI_UNIT ( .MILLI., .METRE. ) );
#73 = EDGE_CURVE ( 'NONE', #1608, #1080, #801, .T. ) ;
#74 = SURFACE_SIDE_STYLE ('',( #1621 ) ) ;
#75 = VERTEX_POINT ( 'NONE', #406 ) ;
#76 =( LENGTH_UNIT ( ) NAMED_UNIT ( * ) SI_UNIT ( .MILLI., .METRE. ) );
#77 = CARTESIAN_POINT ( 'NONE',  ( 8.673617379884035472E-16, 0.4000000000000002442, 1.500000000000000000 ) ) ;
#78 =( LENGTH_UNIT ( ) NAMED_UNIT ( * ) SI_UNIT ( .MILLI., .METRE. ) );
#79 = ORIENTED_EDGE ( 'NONE', *, *, #2151, .F. ) ;
#80 = SURFACE_SIDE_STYLE ('',( #1667 ) ) ;
#81 = DIRECTION ( 'NONE',  ( -1.000000000000000000, -1.328261994943550492E-16, -0.000000000000000000 ) ) ;
#82 = DIRECTION ( 'NONE',  ( 0.000000000000000000, -1.000000000000000000, -0.000000000000000000 ) ) ;
#83 = ORIENTED_EDGE ( 'NONE', *, *, #1374, .F. ) ;
#84 = EDGE_CURVE ( 'NONE', #1990, #647, #2042, .T. ) ;
#85 = CIRCLE ( 'NONE', #1638, 0.06499999999999994671 ) ;
#86 = SURFACE_SIDE_STYLE ('',( #1239 ) ) ;
#87 = UNCERTAINTY_MEASURE_WITH_UNIT (LENGTH_MEASURE( 1.000000000000000082E-05 ), #195, 'distance_accuracy_value', 'NONE');
#88 = AXIS2_PLACEMENT_3D ( 'NONE', #571, #2121, #156 ) ;
#89 = MECHANICAL_DESIGN_GEOMETRIC_PRESENTATION_REPRESENTATION (  '', ( #1958 ), #2075 ) ;
#90 =( NAMED_UNIT ( * ) SI_UNIT ( $, .STERADIAN. ) SOLID_ANGLE_UNIT ( ) );
#91 = VECTOR ( 'NONE', #997, 1000.000000000000000 ) ;
#92 = CARTESIAN_POINT ( 'NONE',  ( 0.4999999999999995559, 0.4000000000000002442, 0.4800000000000000377 ) ) ;
#93 = VECTOR ( 'NONE', #1806, 1000.000000000000000 ) ;
#94 = ORIENTED_EDGE ( 'NONE', *, *, #2448, .F. ) ;
#95 = EDGE_CURVE ( 'NONE', #862, #2443, #1006, .T. ) ;
#96 = CARTESIAN_POINT ( 'NONE',  ( 0.3649999999999998801, 1.034999999999999920, -0.5199999999999991296 ) ) ;
#97 = MECHANICAL_DESIGN_GEOMETRIC_PRESENTATION_REPRESENTATION (  '', ( #1091 ), #1328 ) ;
#98 = CARTESIAN_POINT ( 'NONE',  ( -0.1999999999999996503, 0.4000000000000002442, 0.5000000000000009992 ) ) ;
#99 = EDGE_LOOP ( 'NONE', ( #828, #1670, #2179, #664 ) ) ;
#100 = LINE ( 'NONE', #436, #93 ) ;
#101 = SURFACE_STYLE_FILL_AREA ( #478 ) ;
#102 =( NAMED_UNIT ( * ) SI_UNIT ( $, .STERADIAN. ) SOLID_ANGLE_UNIT ( ) );
#103 = EDGE_CURVE ( 'NONE', #727, #1876, #599, .T. ) ;
#104 = DIRECTION ( 'NONE',  ( -1.328261994943550492E-16, -1.000000000000000000, 0.000000000000000000 ) ) ;
#105 = ORIENTED_EDGE ( 'NONE', *, *, #182, .T. ) ;
#106 =( LENGTH_UNIT ( ) NAMED_UNIT ( * ) SI_UNIT ( .MILLI., .METRE. ) );
#107 = EDGE_CURVE ( 'NONE', #2451, #696, #2173, .T. ) ;
#108 = FILL_AREA_STYLE ('',( #1071 ) ) ;
#109 = DIRECTION ( 'NONE',  ( -1.000000000000000000, -0.000000000000000000, 0.000000000000000000 ) ) ;
#110 = ORIENTED_EDGE ( 'NONE', *, *, #1005, .F. ) ;
#111 = ORIENTED_EDGE ( 'NONE', *, *, #1576, .F. ) ;
#112 = SURFACE_STYLE_USAGE ( .BOTH. , #879 ) ;
#113 = CARTESIAN_POINT ( 'NONE',  ( -0.3000000000000007661, 1.034999999999999920, 0.4800000000000000377 ) ) ;
#114 = EDGE_LOOP ( 'NONE', ( #2455, #1898, #1101, #430 ) ) ;
#115 =( NAMED_UNIT ( * ) SI_UNIT ( $, .STERADIAN. ) SOLID_ANGLE_UNIT ( ) );
#116 = PLANE ( 'NONE',  #661 ) ;
#117 = DIRECTION ( 'NONE',  ( -0.000000000000000000, -0.000000000000000000, -1.000000000000000000 ) ) ;
#118 = VERTEX_POINT ( 'NONE', #239 ) ;
#119 = EDGE_CURVE ( 'NONE', #2186, #1736, #1386, .T. ) ;
#120 =( LENGTH_UNIT ( ) NAMED_UNIT ( * ) SI_UNIT ( .MILLI., .METRE. ) );
#121 = EDGE_LOOP ( 'NONE', ( #1181, #2479, #926, #2055 ) ) ;
#122 = LINE ( 'NONE', #2102, #920 ) ;
#123 = VECTOR ( 'NONE', #371, 1000.000000000000000 ) ;
#124 =( NAMED_UNIT ( * ) SI_UNIT ( $, .STERADIAN. ) SOLID_ANGLE_UNIT ( ) );
#125 = COLOUR_RGB ( '',0.7921568627450980005, 0.8196078431372548767, 0.9333333333333333481 ) ;
#126 = CARTESIAN_POINT ( 'NONE',  ( 0.4679491924311227624, 0.4000000000000002442, 1.500000000000000000 ) ) ;
#127 = AXIS2_PLACEMENT_3D ( 'NONE', #695, #1438, #2015 ) ;
#128 = ORIENTED_EDGE ( 'NONE', *, *, #553, .F. ) ;
#129 = STYLED_ITEM ( 'NONE', ( #2402 ), #898 ) ;
#130 = PRESENTATION_LAYER_ASSIGNMENT (  '', '', ( #667 ) ) ;
#131 = CARTESIAN_POINT ( 'NONE',  ( 0.7999999999999994893, 1.300000000000000044, 0.4800000000000000377 ) ) ;
#132 = SURFACE_STYLE_USAGE ( .BOTH. , #2076 ) ;
#133 = CIRCLE ( 'NONE', #1927, 0.2649999999999999578 ) ;
#134 = ORIENTED_EDGE ( 'NONE', *, *, #1584, .F. ) ;
#135 = MECHANICAL_DESIGN_GEOMETRIC_PRESENTATION_REPRESENTATION (  '', ( #1055 ), #1686 ) ;
#136 = ADVANCED_FACE ( 'NONE', ( #428 ), #398, .F. ) ;
#137 = VERTEX_POINT ( 'NONE', #1782 ) ;
#138 =( GEOMETRIC_REPRESENTATION_CONTEXT ( 3 ) GLOBAL_UNCERTAINTY_ASSIGNED_CONTEXT ( ( #840 ) ) GLOBAL_UNIT_ASSIGNED_CONTEXT ( ( #859, #1858, #115 ) ) REPRESENTATION_CONTEXT ( 'NONE', 'WORKASPACE' ) );
#139 = DIRECTION ( 'NONE',  ( -1.000000000000000000, -0.000000000000000000, -0.000000000000000000 ) ) ;
#140 = CARTESIAN_POINT ( 'NONE',  ( -0.4999999999999995559, 0.2000000000000001499, 0.4800000000000000377 ) ) ;
#141 = CARTESIAN_POINT ( 'NONE',  ( 0.7350000000000004308, 2.300000000000000266, -0.5199999999999991296 ) ) ;
#142 = SURFACE_SIDE_STYLE ('',( #349 ) ) ;
#143 = SURFACE_STYLE_FILL_AREA ( #945 ) ;
#144 = CARTESIAN_POINT ( 'NONE',  ( 0.7350000000000004308, 1.099999999999999867, 0.4800000000000000377 ) ) ;
#145 = LINE ( 'NONE', #1729, #146 ) ;
#146 = VECTOR ( 'NONE', #2462, 1000.000000000000000 ) ;
#147 = EDGE_CURVE ( 'NONE', #2135, #1587, #2157, .T. ) ;
#148 = CARTESIAN_POINT ( 'NONE',  ( 0.3000000000000007661, 1.034999999999999920, 0.4800000000000000377 ) ) ;
#149 = EDGE_LOOP ( 'NONE', ( #1020, #2196, #79, #1785 ) ) ;
#150 = DIRECTION ( 'NONE',  ( 0.000000000000000000, 0.000000000000000000, 1.000000000000000000 ) ) ;
#151 = CYLINDRICAL_SURFACE ( 'NONE', #88, 0.2650000000000004574 ) ;
#152 = CARTESIAN_POINT ( 'NONE',  ( 0.4999999999999995559, 0.2000000000000001499, 0.4800000000000000377 ) ) ;
#153 = LINE ( 'NONE', #2095, #499 ) ;
#154 = FILL_AREA_STYLE ('',( #737 ) ) ;
#155 = SURFACE_STYLE_USAGE ( .BOTH. , #549 ) ;
#156 = DIRECTION ( 'NONE',  ( -1.000000000000000000, 0.000000000000000000, 0.000000000000000000 ) ) ;
#157 = DIRECTION ( 'NONE',  ( 0.000000000000000000, -0.000000000000000000, 1.000000000000000000 ) ) ;
#158 = CARTESIAN_POINT ( 'NONE',  ( -0.3249999999999997891, 1.099999999999999867, 0.5000000000000009992 ) ) ;
#159 = ORIENTED_EDGE ( 'NONE', *, *, #1798, .F. ) ;
#160 = EDGE_CURVE ( 'NONE', #390, #867, #1652, .T. ) ;
#161 = CARTESIAN_POINT ( 'NONE',  ( 0.7350000000000004308, 1.099999999999999867, 0.4800000000000000377 ) ) ;
#162 = CARTESIAN_POINT ( 'NONE',  ( -0.4999999999999995559, 0.4000000000000002442, 0.4800000000000000377 ) ) ;
#163 =( LENGTH_UNIT ( ) NAMED_UNIT ( * ) SI_UNIT ( .MILLI., .METRE. ) );
#164 = ORIENTED_EDGE ( 'NONE', *, *, #723, .T. ) ;
#165 =( GEOMETRIC_REPRESENTATION_CONTEXT ( 3 ) GLOBAL_UNCERTAINTY_ASSIGNED_CONTEXT ( ( #490 ) ) GLOBAL_UNIT_ASSIGNED_CONTEXT ( ( #1097, #498, #1120 ) ) REPRESENTATION_CONTEXT ( 'NONE', 'WORKASPACE' ) );
#166 = VECTOR ( 'NONE', #1348, 1000.000000000000000 ) ;
#167 = EDGE_CURVE ( 'NONE', #1622, #1479, #1114, .T. ) ;
#168 = AXIS2_PLACEMENT_3D ( 'NONE', #1778, #221, #1751 ) ;
#169 = MECHANICAL_DESIGN_GEOMETRIC_PRESENTATION_REPRESENTATION (  '', ( #415 ), #959 ) ;
#170 = CARTESIAN_POINT ( 'NONE',  ( 0.3249999999999997891, 1.099999999999999867, -0.5199999999999991296 ) ) ;
#171 = VECTOR ( 'NONE', #1801, 1000.000000000000000 ) ;
#172 = FILL_AREA_STYLE_COLOUR ( '', #414 ) ;
#173 =( GEOMETRIC_REPRESENTATION_CONTEXT ( 3 ) GLOBAL_UNCERTAINTY_ASSIGNED_CONTEXT ( ( #1376 ) ) GLOBAL_UNIT_ASSIGNED_CONTEXT ( ( #546, #355, #364 ) ) REPRESENTATION_CONTEXT ( 'NONE', 'WORKASPACE' ) );
#174 = VERTEX_POINT ( 'NONE', #2410 ) ;
#175 =( GEOMETRIC_REPRESENTATION_CONTEXT ( 3 ) GLOBAL_UNCERTAINTY_ASSIGNED_CONTEXT ( ( #1626 ) ) GLOBAL_UNIT_ASSIGNED_CONTEXT ( ( #163, #1325, #1506 ) ) REPRESENTATION_CONTEXT ( 'NONE', 'WORKASPACE' ) );
#176 = SURFACE_SIDE_STYLE ('',( #1163 ) ) ;
#177 = PLANE ( 'NONE',  #2113 ) ;
#178 = PRESENTATION_LAYER_ASSIGNMENT (  '', '', ( #2485 ) ) ;
#179 = CARTESIAN_POINT ( 'NONE',  ( 0.3649999999999998801, 1.034999999999999920, 0.4800000000000000377 ) ) ;
#180 = ORIENTED_EDGE ( 'NONE', *, *, #1303, .F. ) ;
#181 =( GEOMETRIC_REPRESENTATION_CONTEXT ( 3 ) GLOBAL_UNCERTAINTY_ASSIGNED_CONTEXT ( ( #468 ) ) GLOBAL_UNIT_ASSIGNED_CONTEXT ( ( #1783, #1218, #1763 ) ) REPRESENTATION_CONTEXT ( 'NONE', 'WORKASPACE' ) );
#182 = EDGE_CURVE ( 'NONE', #344, #1335, #1471, .T. ) ;
#183 =( NAMED_UNIT ( * ) SI_UNIT ( $, .STERADIAN. ) SOLID_ANGLE_UNIT ( ) );
#184 = ORIENTED_EDGE ( 'NONE', *, *, #198, .F. ) ;
#185 = EDGE_CURVE ( 'NONE', #603, #2317, #1275, .T. ) ;
#186 = LINE ( 'NONE', #1314, #2280 ) ;
#187 = DIRECTION ( 'NONE',  ( -1.000000000000000000, 0.000000000000000000, 0.000000000000000000 ) ) ;
#188 = ORIENTED_EDGE ( 'NONE', *, *, #1330, .T. ) ;
#189 = CARTESIAN_POINT ( 'NONE',  ( 0.3649999999999998801, 1.034999999999999920, 0.4800000000000000377 ) ) ;
#190 = CARTESIAN_POINT ( 'NONE',  ( -0.1999999999999996503, 1.099999999999999867, 0.5000000000000009992 ) ) ;
#191 = EDGE_LOOP ( 'NONE', ( #61, #808, #1133, #1391 ) ) ;
#192 = SURFACE_STYLE_USAGE ( .BOTH. , #1965 ) ;
#193 = DIRECTION ( 'NONE',  ( 1.000000000000000000, 0.000000000000000000, -0.000000000000000000 ) ) ;
#194 = ORIENTED_EDGE ( 'NONE', *, *, #1451, .F. ) ;
#195 =( LENGTH_UNIT ( ) NAMED_UNIT ( * ) SI_UNIT ( .MILLI., .METRE. ) );
#196 = DIRECTION ( 'NONE',  ( 0.000000000000000000, 1.000000000000000000, 0.000000000000000000 ) ) ;
#197 = ORIENTED_EDGE ( 'NONE', *, *, #642, .T. ) ;
#198 = EDGE_CURVE ( 'NONE', #1299, #466, #1263, .T. ) ;
#199 = LINE ( 'NONE', #983, #208 ) ;
#200 = DIRECTION ( 'NONE',  ( -1.000000000000000000, 0.000000000000000000, 0.000000000000000000 ) ) ;
#201 = CARTESIAN_POINT ( 'NONE',  ( 0.1000000000000002554, 0.4000000000000002442, -0.5199999999999991296 ) ) ;
#202 = CARTESIAN_POINT ( 'NONE',  ( -0.3249999999999997891, 1.099999999999999867, -0.5199999999999991296 ) ) ;
#203 = VERTEX_POINT ( 'NONE', #1846 ) ;
#204 = AXIS2_PLACEMENT_3D ( 'NONE', #2383, #649, #616 ) ;
#205 = PRESENTATION_LAYER_ASSIGNMENT (  '', '', ( #1083 ) ) ;
#206 = AXIS2_PLACEMENT_3D ( 'NONE', #2450, #2269, #1115 ) ;
#207 =( GEOMETRIC_REPRESENTATION_CONTEXT ( 3 ) GLOBAL_UNCERTAINTY_ASSIGNED_CONTEXT ( ( #1393 ) ) GLOBAL_UNIT_ASSIGNED_CONTEXT ( ( #78, #903, #1808 ) ) REPRESENTATION_CONTEXT ( 'NONE', 'WORKASPACE' ) );
#208 = VECTOR ( 'NONE', #427, 1000.000000000000000 ) ;
#209 = FILL_AREA_STYLE ('',( #1018 ) ) ;
#210 = ORIENTED_EDGE ( 'NONE', *, *, #2424, .T. ) ;
#211 = SURFACE_STYLE_FILL_AREA ( #2343 ) ;
#212 = ADVANCED_FACE ( 'NONE', ( #684 ), #2047, .F. ) ;
#213 = DIRECTION ( 'NONE',  ( -0.000000000000000000, -0.000000000000000000, -1.000000000000000000 ) ) ;
#214 = UNCERTAINTY_MEASURE_WITH_UNIT (LENGTH_MEASURE( 1.000000000000000082E-05 ), #2368, 'distance_accuracy_value', 'NONE');
#215 = DIRECTION ( 'NONE',  ( 0.000000000000000000, 0.000000000000000000, 1.000000000000000000 ) ) ;
#216 = COLOUR_RGB ( '',0.6941176470588235059, 0.09411764705882352811, 0.09411764705882352811 ) ;
#217 = FILL_AREA_STYLE ('',( #1585 ) ) ;
#218 = DIRECTION ( 'NONE',  ( 0.000000000000000000, 0.000000000000000000, 1.000000000000000000 ) ) ;
#219 = ORIENTED_EDGE ( 'NONE', *, *, #2099, .T. ) ;
#220 =( GEOMETRIC_REPRESENTATION_CONTEXT ( 3 ) GLOBAL_UNCERTAINTY_ASSIGNED_CONTEXT ( ( #214 ) ) GLOBAL_UNIT_ASSIGNED_CONTEXT ( ( #2368, #1194, #231 ) ) REPRESENTATION_CONTEXT ( 'NONE', 'WORKASPACE' ) );
#221 = DIRECTION ( 'NONE',  ( -0.000000000000000000, -0.000000000000000000, -1.000000000000000000 ) ) ;
#222 = EDGE_LOOP ( 'NONE', ( #951, #1453, #890, #2327 ) ) ;
#223 = SURFACE_STYLE_USAGE ( .BOTH. , #589 ) ;
#224 = CARTESIAN_POINT ( 'NONE',  ( -0.4679491924311227624, 1.099999999999999867, 1.500000000000000000 ) ) ;
#225 =( NAMED_UNIT ( * ) PLANE_ANGLE_UNIT ( ) SI_UNIT ( $, .RADIAN. ) );
#226 = COLOUR_RGB ( '',0.7921568627450980005, 0.8196078431372548767, 0.9333333333333333481 ) ;
#227 = CARTESIAN_POINT ( 'NONE',  ( 1.250000000000000222, 0.4000000000000002442, 1.500000000000000000 ) ) ;
#228 = DIRECTION ( 'NONE',  ( -1.000000000000000000, 0.000000000000000000, 0.000000000000000000 ) ) ;
#229 = VECTOR ( 'NONE', #1786, 1000.000000000000000 ) ;
#230 = ORIENTED_EDGE ( 'NONE', *, *, #1, .T. ) ;
#231 =( NAMED_UNIT ( * ) SI_UNIT ( $, .STERADIAN. ) SOLID_ANGLE_UNIT ( ) );
#232 = DIRECTION ( 'NONE',  ( -0.000000000000000000, -0.000000000000000000, -1.000000000000000000 ) ) ;
#233 = DIRECTION ( 'NONE',  ( 0.000000000000000000, -1.000000000000000000, -0.000000000000000000 ) ) ;
#234 = CARTESIAN_POINT ( 'NONE',  ( -0.3249999999999997891, 1.099999999999999867, 0.5000000000000009992 ) ) ;
#235 = ORIENTED_EDGE ( 'NONE', *, *, #1989, .F. ) ;
#236 = LINE ( 'NONE', #1033, #674 ) ;
#237 = LINE ( 'NONE', #396, #1562 ) ;
#238 = UNCERTAINTY_MEASURE_WITH_UNIT (LENGTH_MEASURE( 1.000000000000000082E-05 ), #654, 'distance_accuracy_value', 'NONE');
#239 = CARTESIAN_POINT ( 'NONE',  ( 0.1999999999999996503, 1.099999999999999867, 0.5000000000000009992 ) ) ;
#240 = SURFACE_SIDE_STYLE ('',( #1415 ) ) ;
#241 = CARTESIAN_POINT ( 'NONE',  ( -0.1000000000000002554, 1.300000000000000044, 0.4800000000000000377 ) ) ;
#242 = EDGE_LOOP ( 'NONE', ( #1546, #1265, #1692, #1231 ) ) ;
#243 = CARTESIAN_POINT ( 'NONE',  ( -0.7350000000000004308, 1.364999999999999991, 0.4800000000000000377 ) ) ;
#244 = CARTESIAN_POINT ( 'NONE',  ( -0.3000000000000007661, 1.034999999999999920, 0.4800000000000000377 ) ) ;
#245 = STYLED_ITEM ( 'NONE', ( #2128 ), #1300 ) ;
#246 = CARTESIAN_POINT ( 'NONE',  ( -1.199999999999998845, 0.4000000000000002442, 0.4800000000000000377 ) ) ;
#247 = ORIENTED_EDGE ( 'NONE', *, *, #1722, .T. ) ;
#248 = VECTOR ( 'NONE', #2465, 1000.000000000000000 ) ;
#249 = LINE ( 'NONE', #1435, #2324 ) ;
#250 = PRESENTATION_LAYER_ASSIGNMENT (  '', '', ( #1838 ) ) ;
#251 =( NAMED_UNIT ( * ) PLANE_ANGLE_UNIT ( ) SI_UNIT ( $, .RADIAN. ) );
#252 = SURFACE_STYLE_FILL_AREA ( #1066 ) ;
#253 = COLOUR_RGB ( '',0.7921568627450980005, 0.8196078431372548767, 0.9333333333333333481 ) ;
#254 = ORIENTED_EDGE ( 'NONE', *, *, #1707, .T. ) ;
#255 = MECHANICAL_DESIGN_GEOMETRIC_PRESENTATION_REPRESENTATION (  '', ( #380 ), #2320 ) ;
#256 = CARTESIAN_POINT ( 'NONE',  ( -1.250000000000000222, 1.099999999999999867, 1.500000000000000000 ) ) ;
#257 = CARTESIAN_POINT ( 'NONE',  ( 0.3649999999999998801, 1.300000000000000044, -0.5199999999999991296 ) ) ;
#258 = COLOUR_RGB ( '',0.7921568627450980005, 0.8196078431372548767, 0.9333333333333333481 ) ;
#259 = ORIENTED_EDGE ( 'NONE', *, *, #1272, .F. ) ;
#260 = EDGE_CURVE ( 'NONE', #1144, #779, #1863, .T. ) ;
#261 = SURFACE_STYLE_FILL_AREA ( #1603 ) ;
#262 = VECTOR ( 'NONE', #2177, 1000.000000000000000 ) ;
#263 = VECTOR ( 'NONE', #2226, 1000.000000000000000 ) ;
#264 = DIRECTION ( 'NONE',  ( 1.000000000000000000, 0.000000000000000000, 0.000000000000000000 ) ) ;
#265 = ADVANCED_FACE ( 'NONE', ( #2021 ), #2032, .F. ) ;
#266 = FILL_AREA_STYLE_COLOUR ( '', #2358 ) ;
#267 = ORIENTED_EDGE ( 'NONE', *, *, #456, .F. ) ;
#268 = FILL_AREA_STYLE ('',( #54 ) ) ;
#269 = PLANE ( 'NONE',  #1760 ) ;
#270 = UNCERTAINTY_MEASURE_WITH_UNIT (LENGTH_MEASURE( 1.000000000000000082E-05 ), #975, 'distance_accuracy_value', 'NONE');
#271 = ORIENTED_EDGE ( 'NONE', *, *, #1140, .T. ) ;
#272 = DIRECTION ( 'NONE',  ( 0.000000000000000000, 0.000000000000000000, -1.000000000000000000 ) ) ;
#273 = FILL_AREA_STYLE_COLOUR ( '', #2431 ) ;
#274 = ORIENTED_EDGE ( 'NONE', *, *, #1924, .T. ) ;
#275 = FILL_AREA_STYLE ('',( #1454 ) ) ;
#276 = FACE_OUTER_BOUND ( 'NONE', #1752, .T. ) ;
#277 = EDGE_CURVE ( 'NONE', #1306, #1565, #1502, .T. ) ;
#278 = SURFACE_STYLE_USAGE ( .BOTH. , #1017 ) ;
#279 =( NAMED_UNIT ( * ) PLANE_ANGLE_UNIT ( ) SI_UNIT ( $, .RADIAN. ) );
#280 = ORIENTED_EDGE ( 'NONE', *, *, #2001, .T. ) ;
#281 = CARTESIAN_POINT ( 'NONE',  ( 0.1999999999999996503, 1.099999999999999867, 0.5000000000000009992 ) ) ;
#282 = PRESENTATION_STYLE_ASSIGNMENT (( #1449 ) ) ;
#283 = CARTESIAN_POINT ( 'NONE',  ( 1.250000000000000222, 1.099999999999999867, 1.500000000000000000 ) ) ;
#284 = PRESENTATION_STYLE_ASSIGNMENT (( #2022 ) ) ;
#285 = DIRECTION ( 'NONE',  ( 1.000000000000000000, -1.328261994943550492E-16, 0.000000000000000000 ) ) ;
#286 = ORIENTED_EDGE ( 'NONE', *, *, #638, .T. ) ;
#287 = DIRECTION ( 'NONE',  ( -0.000000000000000000, -0.000000000000000000, -1.000000000000000000 ) ) ;
#288 = FACE_OUTER_BOUND ( 'NONE', #1063, .T. ) ;
#289 = FILL_AREA_STYLE ('',( #512 ) ) ;
#290 = DIRECTION ( 'NONE',  ( -1.000000000000000000, 0.000000000000000000, 1.223893922407415920E-16 ) ) ;
#291 = ORIENTED_EDGE ( 'NONE', *, *, #1185, .T. ) ;
#292 = EDGE_CURVE ( 'NONE', #1094, #1878, #122, .T. ) ;
#293 = AXIS2_PLACEMENT_3D ( 'NONE', #894, #1829, #300 ) ;
#294 = CIRCLE ( 'NONE', #1512, 0.06499999999999994671 ) ;
#295 = CARTESIAN_POINT ( 'NONE',  ( 0.3249999999999997891, 0.4000000000000002442, 0.5000000000000009992 ) ) ;
#296 = VECTOR ( 'NONE', #1881, 1000.000000000000000 ) ;
#297 = EDGE_CURVE ( 'NONE', #1688, #1299, #133, .T. ) ;
#298 = MECHANICAL_DESIGN_GEOMETRIC_PRESENTATION_REPRESENTATION (  '', ( #2316 ), #1836 ) ;
#299 = VECTOR ( 'NONE', #768, 1000.000000000000000 ) ;
#300 = DIRECTION ( 'NONE',  ( -1.000000000000000000, 0.000000000000000000, 0.000000000000000000 ) ) ;
#301 = SURFACE_SIDE_STYLE ('',( #457 ) ) ;
#302 = STYLED_ITEM ( 'NONE', ( #1035 ), #1859 ) ;
#303 = ORIENTED_EDGE ( 'NONE', *, *, #1504, .F. ) ;
#304 = STYLED_ITEM ( 'NONE', ( #902 ), #265 ) ;
#305 = PRESENTATION_STYLE_ASSIGNMENT (( #2039 ) ) ;
#306 = MECHANICAL_DESIGN_GEOMETRIC_PRESENTATION_REPRESENTATION (  '', ( #1606 ), #2483 ) ;
#307 = ORIENTED_EDGE ( 'NONE', *, *, #1381, .F. ) ;
#308 = FILL_AREA_STYLE ('',( #2031 ) ) ;
#309 = EDGE_CURVE ( 'NONE', #1939, #1581, #759, .T. ) ;
#310 = CARTESIAN_POINT ( 'NONE',  ( -0.3649999999999998801, 1.300000000000000044, 0.4800000000000000377 ) ) ;
#311 = CARTESIAN_POINT ( 'NONE',  ( -0.7349999999999986544, 2.300000000000000266, -0.5199999999999991296 ) ) ;
#312 = SURFACE_STYLE_USAGE ( .BOTH. , #301 ) ;
#313 = ORIENTED_EDGE ( 'NONE', *, *, #554, .F. ) ;
#314 = SURFACE_STYLE_USAGE ( .BOTH. , #1070 ) ;
#315 = ADVANCED_FACE ( 'NONE', ( #327 ), #914, .T. ) ;
#316 = ORIENTED_EDGE ( 'NONE', *, *, #1104, .F. ) ;
#317 = FILL_AREA_STYLE_COLOUR ( '', #834 ) ;
#318 = ORIENTED_EDGE ( 'NONE', *, *, #1576, .T. ) ;
#319 = DIRECTION ( 'NONE',  ( 0.000000000000000000, -0.000000000000000000, 1.000000000000000000 ) ) ;
#320 = FILL_AREA_STYLE ('',( #1628 ) ) ;
#321 = VERTEX_POINT ( 'NONE', #1151 ) ;
#322 = LINE ( 'NONE', #2436, #345 ) ;
#323 = DIRECTION ( 'NONE',  ( -1.000000000000000000, 0.000000000000000000, 0.000000000000000000 ) ) ;
#324 = DIRECTION ( 'NONE',  ( 0.000000000000000000, 0.000000000000000000, -1.000000000000000000 ) ) ;
#325 = ORIENTED_EDGE ( 'NONE', *, *, #1971, .F. ) ;
#326 = ORIENTED_EDGE ( 'NONE', *, *, #1743, .F. ) ;
#327 = FACE_OUTER_BOUND ( 'NONE', #681, .T. ) ;
#328 = COLOUR_RGB ( '',0.7921568627450980005, 0.8196078431372548767, 0.9333333333333333481 ) ;
#329 = CARTESIAN_POINT ( 'NONE',  ( 0.7999999999999994893, 2.235000000000000320, -0.5199999999999991296 ) ) ;
#330 = CARTESIAN_POINT ( 'NONE',  ( -0.3000000000000007661, 1.034999999999999920, -0.5199999999999991296 ) ) ;
#331 = VECTOR ( 'NONE', #82, 1000.000000000000000 ) ;
#332 = SURFACE_SIDE_STYLE ('',( #736 ) ) ;
#333 = MECHANICAL_DESIGN_GEOMETRIC_PRESENTATION_REPRESENTATION (  '', ( #1834 ), #1475 ) ;
#334 = ORIENTED_EDGE ( 'NONE', *, *, #740, .T. ) ;
#335 = VECTOR ( 'NONE', #1636, 1000.000000000000000 ) ;
#336 = CARTESIAN_POINT ( 'NONE',  ( -0.7350000000000004308, 1.099999999999999867, 0.4800000000000000377 ) ) ;
#337 = EDGE_CURVE ( 'NONE', #1532, #762, #1178, .T. ) ;
#338 = DIRECTION ( 'NONE',  ( 1.000000000000000000, 0.000000000000000000, 0.000000000000000000 ) ) ;
#339 = FILL_AREA_STYLE_COLOUR ( '', #1915 ) ;
#340 = CARTESIAN_POINT ( 'NONE',  ( 1.000000000000000000, 1.364999999999999991, -0.5199999999999991296 ) ) ;
#341 = PRESENTATION_LAYER_ASSIGNMENT (  '', '', ( #458 ) ) ;
#342 = VECTOR ( 'NONE', #1311, 1000.000000000000000 ) ;
#343 = FACE_OUTER_BOUND ( 'NONE', #1699, .T. ) ;
#344 = VERTEX_POINT ( 'NONE', #1309 ) ;
#345 = VECTOR ( 'NONE', #868, 1000.000000000000000 ) ;
#346 = PRESENTATION_STYLE_ASSIGNMENT (( #2067 ) ) ;
#347 =( LENGTH_UNIT ( ) NAMED_UNIT ( * ) SI_UNIT ( .MILLI., .METRE. ) );
#348 = DIRECTION ( 'NONE',  ( 0.000000000000000000, 0.000000000000000000, -1.000000000000000000 ) ) ;
#349 = SURFACE_STYLE_FILL_AREA ( #154 ) ;
#350 =( NAMED_UNIT ( * ) PLANE_ANGLE_UNIT ( ) SI_UNIT ( $, .RADIAN. ) );
#351 = DIRECTION ( 'NONE',  ( -2.492418787322999730E-16, -1.000000000000000000, 0.000000000000000000 ) ) ;
#352 = ADVANCED_FACE ( 'NONE', ( #927 ), #2447, .T. ) ;
#353 = CARTESIAN_POINT ( 'NONE',  ( 0.3249999999999997891, 1.099999999999999867, 0.5000000000000009992 ) ) ;
#354 = ORIENTED_EDGE ( 'NONE', *, *, #1633, .T. ) ;
#355 =( NAMED_UNIT ( * ) PLANE_ANGLE_UNIT ( ) SI_UNIT ( $, .RADIAN. ) );
#356 =( NAMED_UNIT ( * ) PLANE_ANGLE_UNIT ( ) SI_UNIT ( $, .RADIAN. ) );
#357 = DIRECTION ( 'NONE',  ( -0.000000000000000000, -1.000000000000000000, -0.000000000000000000 ) ) ;
#358 = EDGE_LOOP ( 'NONE', ( #254, #957, #2019, #409, #1942, #845, #2463, #1014, #2295, #791, #2071, #426, #1647, #2432, #717, #1127, #1936, #588, #2426, #2012, #1590, #1278, #1779, #363, #1293, #334, #1430, #973, #1447, #247, #1569, #1632, #2342, #197, #1372, #496 ) ) ;
#359 = SURFACE_STYLE_USAGE ( .BOTH. , #1705 ) ;
#360 = FACE_OUTER_BOUND ( 'NONE', #2250, .T. ) ;
#361 = FILL_AREA_STYLE_COLOUR ( '', #620 ) ;
#362 = SURFACE_STYLE_FILL_AREA ( #1529 ) ;
#363 = ORIENTED_EDGE ( 'NONE', *, *, #65, .T. ) ;
#364 =( NAMED_UNIT ( * ) SI_UNIT ( $, .STERADIAN. ) SOLID_ANGLE_UNIT ( ) );
#365 = EDGE_CURVE ( 'NONE', #2306, #647, #2332, .T. ) ;
#366 = LINE ( 'NONE', #2104, #789 ) ;
#367 = SURFACE_STYLE_FILL_AREA ( #1864 ) ;
#368 = LINE ( 'NONE', #2126, #2440 ) ;
#369 = EDGE_CURVE ( 'NONE', #1629, #640, #809, .T. ) ;
#370 =( LENGTH_UNIT ( ) NAMED_UNIT ( * ) SI_UNIT ( .MILLI., .METRE. ) );
#371 = DIRECTION ( 'NONE',  ( -0.000000000000000000, 0.000000000000000000, -1.000000000000000000 ) ) ;
#372 = COLOUR_RGB ( '',0.7921568627450980005, 0.8196078431372548767, 0.9333333333333333481 ) ;
#373 = COLOUR_RGB ( '',0.6941176470588235059, 0.09411764705882352811, 0.09411764705882352811 ) ;
#374 = EDGE_LOOP ( 'NONE', ( #850, #128, #1679, #624 ) ) ;
#375 = PRESENTATION_LAYER_ASSIGNMENT (  '', '', ( #302 ) ) ;
#376 = LINE ( 'NONE', #2276, #794 ) ;
#377 = FACE_OUTER_BOUND ( 'NONE', #1639, .T. ) ;
#378 = PRESENTATION_LAYER_ASSIGNMENT (  '', '', ( #2002 ) ) ;
#379 =( GEOMETRIC_REPRESENTATION_CONTEXT ( 3 ) GLOBAL_UNCERTAINTY_ASSIGNED_CONTEXT ( ( #1274 ) ) GLOBAL_UNIT_ASSIGNED_CONTEXT ( ( #120, #514, #2100 ) ) REPRESENTATION_CONTEXT ( 'NONE', 'WORKASPACE' ) );
#380 = STYLED_ITEM ( 'NONE', ( #1697 ), #15 ) ;
#381 = ORIENTED_EDGE ( 'NONE', *, *, #1476, .F. ) ;
#382 = PRESENTATION_LAYER_ASSIGNMENT (  '', '', ( #1450 ) ) ;
#383 =( NAMED_UNIT ( * ) SI_UNIT ( $, .STERADIAN. ) SOLID_ANGLE_UNIT ( ) );
#384 = EDGE_CURVE ( 'NONE', #1581, #2317, #435, .T. ) ;
#385 = DIRECTION ( 'NONE',  ( -1.000000000000000000, 0.000000000000000000, -0.000000000000000000 ) ) ;
#386 = PRESENTATION_LAYER_ASSIGNMENT (  '', '', ( #1488 ) ) ;
#387 = ORIENTED_EDGE ( 'NONE', *, *, #2167, .F. ) ;
#388 = MECHANICAL_DESIGN_GEOMETRIC_PRESENTATION_REPRESENTATION (  '', ( #2372 ), #1177 ) ;
#389 = CYLINDRICAL_SURFACE ( 'NONE', #1807, 0.4000000000000000777 ) ;
#390 = VERTEX_POINT ( 'NONE', #2357 ) ;
#391 = DIRECTION ( 'NONE',  ( -1.000000000000000000, 0.000000000000000000, 0.000000000000000000 ) ) ;
#392 = EDGE_CURVE ( 'NONE', #2245, #1629, #1957, .T. ) ;
#393 = PRESENTATION_LAYER_ASSIGNMENT (  '', '', ( #511 ) ) ;
#394 = EDGE_LOOP ( 'NONE', ( #1815, #1468, #387, #1945 ) ) ;
#395 =( NAMED_UNIT ( * ) SI_UNIT ( $, .STERADIAN. ) SOLID_ANGLE_UNIT ( ) );
#396 = CARTESIAN_POINT ( 'NONE',  ( -0.4999999999999995559, 0.2000000000000001499, -0.5199999999999991296 ) ) ;
#397 = UNCERTAINTY_MEASURE_WITH_UNIT (LENGTH_MEASURE( 1.000000000000000082E-05 ), #1922, 'distance_accuracy_value', 'NONE');
#398 = PLANE ( 'NONE',  #1683 ) ;
#399 = LINE ( 'NONE', #1988, #580 ) ;
#400 = ORIENTED_EDGE ( 'NONE', *, *, #1609, .F. ) ;
#401 = FILL_AREA_STYLE_COLOUR ( '', #420 ) ;
#402 = SURFACE_STYLE_FILL_AREA ( #659 ) ;
#403 = DIRECTION ( 'NONE',  ( 0.000000000000000000, 0.000000000000000000, 1.000000000000000000 ) ) ;
#404 = EDGE_LOOP ( 'NONE', ( #1085, #1577, #2229, #1732 ) ) ;
#405 = FILL_AREA_STYLE ('',( #813 ) ) ;
#406 = CARTESIAN_POINT ( 'NONE',  ( 0.1000000000000002554, 1.034999999999999920, -0.5199999999999991296 ) ) ;
#407 = DIRECTION ( 'NONE',  ( 0.000000000000000000, -0.000000000000000000, -1.000000000000000000 ) ) ;
#408 = CARTESIAN_POINT ( 'NONE',  ( 1.200000000000000622, 0.2000000000000000389, -0.5199999999999991296 ) ) ;
#409 = ORIENTED_EDGE ( 'NONE', *, *, #1609, .T. ) ;
#410 = MECHANICAL_DESIGN_GEOMETRIC_PRESENTATION_REPRESENTATION (  '', ( #1159 ), #950 ) ;
#411 = SURFACE_SIDE_STYLE ('',( #1232 ) ) ;
#412 =( NAMED_UNIT ( * ) PLANE_ANGLE_UNIT ( ) SI_UNIT ( $, .RADIAN. ) );
#413 = ADVANCED_FACE ( 'NONE', ( #1591 ), #1610, .F. ) ;
#414 = COLOUR_RGB ( '',0.7921568627450980005, 0.8196078431372548767, 0.9333333333333333481 ) ;
#415 = STYLED_ITEM ( 'NONE', ( #1662 ), #2009 ) ;
#416 = EDGE_LOOP ( 'NONE', ( #984, #2191, #1537, #900 ) ) ;
#417 = SURFACE_STYLE_FILL_AREA ( #1384 ) ;
#418 = UNCERTAINTY_MEASURE_WITH_UNIT (LENGTH_MEASURE( 1.000000000000000082E-05 ), #68, 'distance_accuracy_value', 'NONE');
#419 = CARTESIAN_POINT ( 'NONE',  ( 0.7350000000000004308, 1.364999999999999991, 0.4800000000000000377 ) ) ;
#420 = COLOUR_RGB ( '',0.6941176470588235059, 0.09411764705882352811, 0.09411764705882352811 ) ;
#421 = SURFACE_STYLE_FILL_AREA ( #1012 ) ;
#422 = CARTESIAN_POINT ( 'NONE',  ( 0.7350000000000004308, 1.364999999999999991, 0.4800000000000000377 ) ) ;
#423 = ORIENTED_EDGE ( 'NONE', *, *, #2490, .F. ) ;
#424 = DIRECTION ( 'NONE',  ( 0.000000000000000000, -1.000000000000000000, 0.000000000000000000 ) ) ;
#425 = SURFACE_SIDE_STYLE ('',( #261 ) ) ;
#426 = ORIENTED_EDGE ( 'NONE', *, *, #923, .T. ) ;
#427 = DIRECTION ( 'NONE',  ( 0.000000000000000000, 0.000000000000000000, 1.000000000000000000 ) ) ;
#428 = FACE_OUTER_BOUND ( 'NONE', #1353, .T. ) ;
#429 = LINE ( 'NONE', #602, #1318 ) ;
#430 = ORIENTED_EDGE ( 'NONE', *, *, #1770, .F. ) ;
#431 = SURFACE_STYLE_FILL_AREA ( #1810 ) ;
#432 =( NAMED_UNIT ( * ) PLANE_ANGLE_UNIT ( ) SI_UNIT ( $, .RADIAN. ) );
#433 = LINE ( 'NONE', #246, #331 ) ;
#434 = ORIENTED_EDGE ( 'NONE', *, *, #1934, .T. ) ;
#435 = LINE ( 'NONE', #1214, #755 ) ;
#436 = CARTESIAN_POINT ( 'NONE',  ( -1.250000000000000222, 1.099999999999999867, 1.500000000000000000 ) ) ;
#437 = UNCERTAINTY_MEASURE_WITH_UNIT (LENGTH_MEASURE( 1.000000000000000082E-05 ), #1377, 'distance_accuracy_value', 'NONE');
#438 = ADVANCED_FACE ( 'NONE', ( #608 ), #20, .T. ) ;
#439 = DIRECTION ( 'NONE',  ( -0.000000000000000000, 0.000000000000000000, -1.000000000000000000 ) ) ;
#440 = CARTESIAN_POINT ( 'NONE',  ( -0.7349999999999986544, 2.235000000000000320, 0.4800000000000000377 ) ) ;
#441 = LINE ( 'NONE', #1586, #830 ) ;
#442 = EDGE_CURVE ( 'NONE', #1111, #1990, #236, .T. ) ;
#443 = ORIENTED_EDGE ( 'NONE', *, *, #1707, .F. ) ;
#444 = PRESENTATION_STYLE_ASSIGNMENT (( #832 ) ) ;
#445 = AXIS2_PLACEMENT_3D ( 'NONE', #826, #1242, #228 ) ;
#446 = CIRCLE ( 'NONE', #1870, 0.2650000000000003464 ) ;
#447 = LINE ( 'NONE', #849, #704 ) ;
#448 = ORIENTED_EDGE ( 'NONE', *, *, #119, .T. ) ;
#449 = STYLED_ITEM ( 'NONE', ( #1684 ), #979 ) ;
#450 = COLOUR_RGB ( '',0.7921568627450980005, 0.8196078431372548767, 0.9333333333333333481 ) ;
#451 = COLOUR_RGB ( '',0.7921568627450980005, 0.8196078431372548767, 0.9333333333333333481 ) ;
#452 = VECTOR ( 'NONE', #934, 1000.000000000000000 ) ;
#453 = SURFACE_SIDE_STYLE ('',( #2230 ) ) ;
#454 = FACE_OUTER_BOUND ( 'NONE', #1028, .T. ) ;
#455 = CARTESIAN_POINT ( 'NONE',  ( 0.3000000000000007661, 1.034999999999999920, 0.4800000000000000377 ) ) ;
#456 = EDGE_CURVE ( 'NONE', #2118, #1439, #1486, .T. ) ;
#457 = SURFACE_STYLE_FILL_AREA ( #494 ) ;
#458 = STYLED_ITEM ( 'NONE', ( #346 ), #352 ) ;
#459 = ORIENTED_EDGE ( 'NONE', *, *, #702, .T. ) ;
#460 = STYLED_ITEM ( 'NONE', ( #1132 ), #600 ) ;
#461 = CARTESIAN_POINT ( 'NONE',  ( 0.1000000000000002554, 2.540384256457902144E-17, -0.5199999999999991296 ) ) ;
#462 =( NAMED_UNIT ( * ) PLANE_ANGLE_UNIT ( ) SI_UNIT ( $, .RADIAN. ) );
#463 = MECHANICAL_DESIGN_GEOMETRIC_PRESENTATION_REPRESENTATION (  '', ( #1528 ), #800 ) ;
#464 = LINE ( 'NONE', #1269, #1000 ) ;
#465 = EDGE_CURVE ( 'NONE', #1672, #51, #66, .T. ) ;
#466 = VERTEX_POINT ( 'NONE', #1804 ) ;
#467 = CARTESIAN_POINT ( 'NONE',  ( 1.250000000000000222, 1.099999999999999867, 1.500000000000000000 ) ) ;
#468 = UNCERTAINTY_MEASURE_WITH_UNIT (LENGTH_MEASURE( 1.000000000000000082E-05 ), #1783, 'distance_accuracy_value', 'NONE');
#469 = DIRECTION ( 'NONE',  ( -0.000000000000000000, 0.000000000000000000, -1.000000000000000000 ) ) ;
#470 =( NAMED_UNIT ( * ) SI_UNIT ( $, .STERADIAN. ) SOLID_ANGLE_UNIT ( ) );
#471 = ORIENTED_EDGE ( 'NONE', *, *, #1427, .T. ) ;
#472 = DIRECTION ( 'NONE',  ( -0.000000000000000000, -0.000000000000000000, -1.000000000000000000 ) ) ;
#473 = SURFACE_STYLE_FILL_AREA ( #108 ) ;
#474 = CARTESIAN_POINT ( 'NONE',  ( 1.200000000000000622, 1.338240598131294587E-16, 0.4800000000000000377 ) ) ;
#475 = VERTEX_POINT ( 'NONE', #851 ) ;
#476 =( NAMED_UNIT ( * ) SI_UNIT ( $, .STERADIAN. ) SOLID_ANGLE_UNIT ( ) );
#477 = PLANE ( 'NONE',  #1875 ) ;
#478 = FILL_AREA_STYLE ('',( #2222 ) ) ;
#479 =( LENGTH_UNIT ( ) NAMED_UNIT ( * ) SI_UNIT ( .MILLI., .METRE. ) );
#480 =( LENGTH_UNIT ( ) NAMED_UNIT ( * ) SI_UNIT ( .MILLI., .METRE. ) );
#481 = ORIENTED_EDGE ( 'NONE', *, *, #2304, .F. ) ;
#482 = DIRECTION ( 'NONE',  ( 0.000000000000000000, 0.000000000000000000, 1.000000000000000000 ) ) ;
#483 = APPLICATION_PROTOCOL_DEFINITION ( 'draft international standard', 'automotive_design', 1998, #575 ) ;
#484 = EDGE_CURVE ( 'NONE', #1184, #1688, #249, .T. ) ;
#485 =( LENGTH_UNIT ( ) NAMED_UNIT ( * ) SI_UNIT ( .MILLI., .METRE. ) );
#486 = ORIENTED_EDGE ( 'NONE', *, *, #392, .T. ) ;
#487 = MECHANICAL_DESIGN_GEOMETRIC_PRESENTATION_REPRESENTATION (  '', ( #994 ), #2429 ) ;
#488 =( GEOMETRIC_REPRESENTATION_CONTEXT ( 3 ) GLOBAL_UNCERTAINTY_ASSIGNED_CONTEXT ( ( #22 ) ) GLOBAL_UNIT_ASSIGNED_CONTEXT ( ( #1856, #2249, #470 ) ) REPRESENTATION_CONTEXT ( 'NONE', 'WORKASPACE' ) );
#489 = SURFACE_STYLE_USAGE ( .BOTH. , #453 ) ;
#490 = UNCERTAINTY_MEASURE_WITH_UNIT (LENGTH_MEASURE( 1.000000000000000082E-05 ), #1097, 'distance_accuracy_value', 'NONE');
#491 = AXIS2_PLACEMENT_3D ( 'NONE', #2456, #724, #2494 ) ;
#492 = AXIS2_PLACEMENT_3D ( 'NONE', #872, #1433, #2190 ) ;
#493 = PRESENTATION_LAYER_ASSIGNMENT (  '', '', ( #958 ) ) ;
#494 = FILL_AREA_STYLE ('',( #273 ) ) ;
#495 =( GEOMETRIC_REPRESENTATION_CONTEXT ( 3 ) GLOBAL_UNCERTAINTY_ASSIGNED_CONTEXT ( ( #2045 ) ) GLOBAL_UNIT_ASSIGNED_CONTEXT ( ( #2244, #1731, #1482 ) ) REPRESENTATION_CONTEXT ( 'NONE', 'WORKASPACE' ) );
#496 = ORIENTED_EDGE ( 'NONE', *, *, #1457, .T. ) ;
#497 = PRESENTATION_LAYER_ASSIGNMENT (  '', '', ( #1484 ) ) ;
#498 =( NAMED_UNIT ( * ) PLANE_ANGLE_UNIT ( ) SI_UNIT ( $, .RADIAN. ) );
#499 = VECTOR ( 'NONE', #1165, 1000.000000000000000 ) ;
#500 = SURFACE_SIDE_STYLE ('',( #729 ) ) ;
#501 = CIRCLE ( 'NONE', #1932, 0.2650000000000000133 ) ;
#502 = PLANE ( 'NONE',  #1480 ) ;
#503 = ORIENTED_EDGE ( 'NONE', *, *, #2136, .T. ) ;
#504 = VECTOR ( 'NONE', #996, 1000.000000000000000 ) ;
#505 = FILL_AREA_STYLE ('',( #2065 ) ) ;
#506 = EDGE_LOOP ( 'NONE', ( #1967, #2253, #1176, #184 ) ) ;
#507 = SURFACE_SIDE_STYLE ('',( #747 ) ) ;
#508 = SURFACE_STYLE_USAGE ( .BOTH. , #1105 ) ;
#509 = ORIENTED_EDGE ( 'NONE', *, *, #292, .F. ) ;
#510 = PRESENTATION_STYLE_ASSIGNMENT (( #1474 ) ) ;
#511 = STYLED_ITEM ( 'NONE', ( #539 ), #1148 ) ;
#512 = FILL_AREA_STYLE_COLOUR ( '', #450 ) ;
#513 = ORIENTED_EDGE ( 'NONE', *, *, #1048, .F. ) ;
#514 =( NAMED_UNIT ( * ) PLANE_ANGLE_UNIT ( ) SI_UNIT ( $, .RADIAN. ) );
#515 = VERTEX_POINT ( 'NONE', #141 ) ;
#516 = FILL_AREA_STYLE ('',( #1701 ) ) ;
#517 = ADVANCED_FACE ( 'NONE', ( #2124 ), #574, .T. ) ;
#518 = PRESENTATION_STYLE_ASSIGNMENT (( #1695 ) ) ;
#519 = LINE ( 'NONE', #126, #1526 ) ;
#520 = ORIENTED_EDGE ( 'NONE', *, *, #1907, .T. ) ;
#521 = CARTESIAN_POINT ( 'NONE',  ( -0.4999999999999995559, 2.540384256457902144E-17, 0.4800000000000000377 ) ) ;
#522 = PRESENTATION_STYLE_ASSIGNMENT (( #1329 ) ) ;
#523 =( NAMED_UNIT ( * ) PLANE_ANGLE_UNIT ( ) SI_UNIT ( $, .RADIAN. ) );
#524 = DIRECTION ( 'NONE',  ( -1.000000000000000000, 0.000000000000000000, 0.000000000000000000 ) ) ;
#525 = ORIENTED_EDGE ( 'NONE', *, *, #2205, .F. ) ;
#526 = AXIS2_PLACEMENT_3D ( 'NONE', #2165, #232, #2216 ) ;
#527 = CARTESIAN_POINT ( 'NONE',  ( -0.3249999999999997891, 0.4000000000000002442, -0.5199999999999991296 ) ) ;
#528 = STYLED_ITEM ( 'NONE', ( #1860 ), #2231 ) ;
#529 = STYLED_ITEM ( 'NONE', ( #1068 ), #1700 ) ;
#530 = EDGE_LOOP ( 'NONE', ( #1515, #400, #576, #19 ) ) ;
#531 = COLOUR_RGB ( '',0.7921568627450980005, 0.8196078431372548767, 0.9333333333333333481 ) ;
#532 = EDGE_CURVE ( 'NONE', #2317, #174, #153, .T. ) ;
#533 = VECTOR ( 'NONE', #233, 1000.000000000000000 ) ;
#534 = VECTOR ( 'NONE', #55, 1000.000000000000000 ) ;
#535 = PRESENTATION_STYLE_ASSIGNMENT (( #359 ) ) ;
#536 = LINE ( 'NONE', #1366, #1592 ) ;
#537 = PRESENTATION_STYLE_ASSIGNMENT (( #2262 ) ) ;
#538 = SURFACE_SIDE_STYLE ('',( #965 ) ) ;
#539 = PRESENTATION_STYLE_ASSIGNMENT (( #2330 ) ) ;
#540 = DIRECTION ( 'NONE',  ( 0.000000000000000000, 0.000000000000000000, 1.000000000000000000 ) ) ;
#541 =( GEOMETRIC_REPRESENTATION_CONTEXT ( 3 ) GLOBAL_UNCERTAINTY_ASSIGNED_CONTEXT ( ( #2397 ) ) GLOBAL_UNIT_ASSIGNED_CONTEXT ( ( #855, #2197, #1635 ) ) REPRESENTATION_CONTEXT ( 'NONE', 'WORKASPACE' ) );
#542 = EDGE_CURVE ( 'NONE', #797, #2218, #1116, .T. ) ;
#543 = PRESENTATION_LAYER_ASSIGNMENT (  '', '', ( #1137 ) ) ;
#544 = ORIENTED_EDGE ( 'NONE', *, *, #384, .F. ) ;
#545 = AXIS2_PLACEMENT_3D ( 'NONE', #2024, #1538, #974 ) ;
#546 =( LENGTH_UNIT ( ) NAMED_UNIT ( * ) SI_UNIT ( .MILLI., .METRE. ) );
#547 = DIRECTION ( 'NONE',  ( -1.000000000000000000, 0.000000000000000000, 0.000000000000000000 ) ) ;
#548 = ORIENTED_EDGE ( 'NONE', *, *, #1037, .F. ) ;
#549 = SURFACE_SIDE_STYLE ('',( #2414 ) ) ;
#550 = DIRECTION ( 'NONE',  ( 0.000000000000000000, 1.000000000000000000, 0.000000000000000000 ) ) ;
#551 = CARTESIAN_POINT ( 'NONE',  ( -0.7349999999999986544, 2.500000000000000888, 0.4800000000000000377 ) ) ;
#552 = DIRECTION ( 'NONE',  ( -1.000000000000000000, 2.492418787322999730E-16, 0.000000000000000000 ) ) ;
#553 = EDGE_CURVE ( 'NONE', #1950, #603, #1687, .T. ) ;
#554 = EDGE_CURVE ( 'NONE', #699, #2204, #519, .T. ) ;
#555 = LINE ( 'NONE', #1492, #1917 ) ;
#556 = ORIENTED_EDGE ( 'NONE', *, *, #2424, .F. ) ;
#557 = DIRECTION ( 'NONE',  ( 1.000000000000000000, 0.000000000000000000, -0.000000000000000000 ) ) ;
#558 = CARTESIAN_POINT ( 'NONE',  ( -1.000000000000000000, 1.364999999999999991, 0.4800000000000000377 ) ) ;
#559 = DIRECTION ( 'NONE',  ( 0.000000000000000000, 1.000000000000000000, 0.000000000000000000 ) ) ;
#560 = LINE ( 'NONE', #1696, #342 ) ;
#561 = ORIENTED_EDGE ( 'NONE', *, *, #309, .T. ) ;
#562 = LINE ( 'NONE', #2288, #2354 ) ;
#563 = ORIENTED_EDGE ( 'NONE', *, *, #1193, .F. ) ;
#564 = DIRECTION ( 'NONE',  ( 1.000000000000000000, 0.000000000000000000, -0.000000000000000000 ) ) ;
#565 =( NAMED_UNIT ( * ) PLANE_ANGLE_UNIT ( ) SI_UNIT ( $, .RADIAN. ) );
#566 = DIRECTION ( 'NONE',  ( 2.492418787322999730E-16, -1.000000000000000000, -0.000000000000000000 ) ) ;
#567 = EDGE_CURVE ( 'NONE', #1213, #981, #1496, .T. ) ;
#568 = DIRECTION ( 'NONE',  ( -0.000000000000000000, -0.000000000000000000, -1.000000000000000000 ) ) ;
#569 = ORIENTED_EDGE ( 'NONE', *, *, #719, .T. ) ;
#570 =( NAMED_UNIT ( * ) SI_UNIT ( $, .STERADIAN. ) SOLID_ANGLE_UNIT ( ) );
#571 = CARTESIAN_POINT ( 'NONE',  ( -0.7349999999999986544, 2.235000000000000320, 0.4800000000000000377 ) ) ;
#572 = DIRECTION ( 'NONE',  ( 0.000000000000000000, 0.000000000000000000, 1.000000000000000000 ) ) ;
#573 = UNCERTAINTY_MEASURE_WITH_UNIT (LENGTH_MEASURE( 1.000000000000000082E-05 ), #1175, 'distance_accuracy_value', 'NONE');
#574 = CYLINDRICAL_SURFACE ( 'NONE', #2367, 0.2650000000000000133 ) ;
#575 = APPLICATION_CONTEXT ( 'automotive_design' ) ;
#576 = ORIENTED_EDGE ( 'NONE', *, *, #1979, .F. ) ;
#577 = VECTOR ( 'NONE', #646, 1000.000000000000000 ) ;
#578 = EDGE_CURVE ( 'NONE', #1851, #203, #560, .T. ) ;
#579 =( LENGTH_UNIT ( ) NAMED_UNIT ( * ) SI_UNIT ( .MILLI., .METRE. ) );
#580 = VECTOR ( 'NONE', #593, 1000.000000000000000 ) ;
#581 = AXIS2_PLACEMENT_3D ( 'NONE', #92, #2201, #1256 ) ;
#582 = ORIENTED_EDGE ( 'NONE', *, *, #1894, .T. ) ;
#583 = CARTESIAN_POINT ( 'NONE',  ( -1.199999999999998845, 0.2000000000000000389, -0.5199999999999991296 ) ) ;
#584 = DIRECTION ( 'NONE',  ( -2.492418787322999730E-16, -1.000000000000000000, 0.000000000000000000 ) ) ;
#585 = MECHANICAL_DESIGN_GEOMETRIC_PRESENTATION_REPRESENTATION (  '', ( #1962 ), #1207 ) ;
#586 = CLOSED_SHELL ( 'NONE', ( #2009, #136, #798, #2441, #2215, #2370, #2319, #600, #2091, #686, #1300, #835, #625, #212 ) ) ;
#587 = VECTOR ( 'NONE', #2013, 1000.000000000000000 ) ;
#588 = ORIENTED_EDGE ( 'NONE', *, *, #2256, .F. ) ;
#589 = SURFACE_SIDE_STYLE ('',( #211 ) ) ;
#590 = LINE ( 'NONE', #839, #2279 ) ;
#591 = CIRCLE ( 'NONE', #545, 0.2000000000000000944 ) ;
#592 = FILL_AREA_STYLE_COLOUR ( '', #1841 ) ;
#593 = DIRECTION ( 'NONE',  ( 0.000000000000000000, -0.000000000000000000, 1.000000000000000000 ) ) ;
#594 = EDGE_LOOP ( 'NONE', ( #907, #2023, #2405, #938 ) ) ;
#595 = CARTESIAN_POINT ( 'NONE',  ( -1.000000000000000000, 2.235000000000000320, 0.4800000000000000377 ) ) ;
#596 = EDGE_LOOP ( 'NONE', ( #884, #2298, #1106, #1075 ) ) ;
#597 = CARTESIAN_POINT ( 'NONE',  ( -0.1000000000000002554, 0.4000000000000002442, -0.5199999999999991296 ) ) ;
#598 = UNCERTAINTY_MEASURE_WITH_UNIT (LENGTH_MEASURE( 1.000000000000000082E-05 ), #485, 'distance_accuracy_value', 'NONE');
#599 = LINE ( 'NONE', #631, #1406 ) ;
#600 = ADVANCED_FACE ( 'NONE', ( #1349 ), #2259, .F. ) ;
#601 = PLANE ( 'NONE',  #1320 ) ;
#602 = CARTESIAN_POINT ( 'NONE',  ( 0.7999999999999994893, 2.300000000000000266, -0.5199999999999991296 ) ) ;
#603 = VERTEX_POINT ( 'NONE', #1029 ) ;
#604 = DIRECTION ( 'NONE',  ( 0.000000000000000000, 0.000000000000000000, 1.000000000000000000 ) ) ;
#605 = CARTESIAN_POINT ( 'NONE',  ( 0.7350000000000004308, 1.099999999999999867, -0.5199999999999991296 ) ) ;
#606 = PRESENTATION_STYLE_ASSIGNMENT (( #3 ) ) ;
#607 = ORIENTED_EDGE ( 'NONE', *, *, #1287, .F. ) ;
#608 = FACE_OUTER_BOUND ( 'NONE', #2054, .T. ) ;
#609 = LINE ( 'NONE', #1199, #1046 ) ;
#610 = CARTESIAN_POINT ( 'NONE',  ( -0.7999999999999994893, 1.300000000000000044, 0.4800000000000000377 ) ) ;
#611 = CARTESIAN_POINT ( 'NONE',  ( -1.000000000000000000, 2.235000000000000320, -0.5199999999999991296 ) ) ;
#612 = DIRECTION ( 'NONE',  ( 0.000000000000000000, 0.000000000000000000, 1.000000000000000000 ) ) ;
#613 = VERTEX_POINT ( 'NONE', #1001 ) ;
#614 = EDGE_CURVE ( 'NONE', #2421, #976, #2329, .T. ) ;
#615 = CARTESIAN_POINT ( 'NONE',  ( 0.7350000000000004308, 1.364999999999999991, 0.4800000000000000377 ) ) ;
#616 = DIRECTION ( 'NONE',  ( -1.000000000000000000, 0.000000000000000000, 0.000000000000000000 ) ) ;
#617 = VECTOR ( 'NONE', #1923, 1000.000000000000000 ) ;
#618 = STYLED_ITEM ( 'NONE', ( #606 ), #2091 ) ;
#619 = DIRECTION ( 'NONE',  ( -0.000000000000000000, 1.000000000000000000, 0.000000000000000000 ) ) ;
#620 = COLOUR_RGB ( '',0.7921568627450980005, 0.8196078431372548767, 0.9333333333333333481 ) ;
#621 =( GEOMETRIC_REPRESENTATION_CONTEXT ( 3 ) GLOBAL_UNCERTAINTY_ASSIGNED_CONTEXT ( ( #418 ) ) GLOBAL_UNIT_ASSIGNED_CONTEXT ( ( #68, #1254, #2409 ) ) REPRESENTATION_CONTEXT ( 'NONE', 'WORKASPACE' ) );
#622 = SURFACE_STYLE_USAGE ( .BOTH. , #2355 ) ;
#623 = VECTOR ( 'NONE', #1964, 1000.000000000000000 ) ;
#624 = ORIENTED_EDGE ( 'NONE', *, *, #1108, .F. ) ;
#625 = ADVANCED_FACE ( 'NONE', ( #1602 ), #1991, .F. ) ;
#626 = DIRECTION ( 'NONE',  ( -0.000000000000000000, -0.000000000000000000, -1.000000000000000000 ) ) ;
#627 = VECTOR ( 'NONE', #1090, 1000.000000000000000 ) ;
#628 = CARTESIAN_POINT ( 'NONE',  ( -0.4999999999999995559, 0.2000000000000001499, 0.4800000000000000377 ) ) ;
#629 = UNCERTAINTY_MEASURE_WITH_UNIT (LENGTH_MEASURE( 1.000000000000000082E-05 ), #805, 'distance_accuracy_value', 'NONE');
#630 =( GEOMETRIC_REPRESENTATION_CONTEXT ( 3 ) GLOBAL_UNCERTAINTY_ASSIGNED_CONTEXT ( ( #397 ) ) GLOBAL_UNIT_ASSIGNED_CONTEXT ( ( #1922, #1893, #570 ) ) REPRESENTATION_CONTEXT ( 'NONE', 'WORKASPACE' ) );
#631 = CARTESIAN_POINT ( 'NONE',  ( -0.1000000000000002554, 1.300000000000000044, -0.5199999999999991296 ) ) ;
#632 = AXIS2_PLACEMENT_3D ( 'NONE', #71, #424, #831 ) ;
#633 = CARTESIAN_POINT ( 'NONE',  ( 0.4679491924311227624, 1.099999999999999867, 1.500000000000000000 ) ) ;
#634 = ORIENTED_EDGE ( 'NONE', *, *, #1869, .F. ) ;
#635 = AXIS2_PLACEMENT_3D ( 'NONE', #2159, #2184, #1615 ) ;
#636 = CARTESIAN_POINT ( 'NONE',  ( -0.3649999999999998801, 1.034999999999999920, 0.4800000000000000377 ) ) ;
#637 =( NAMED_UNIT ( * ) SI_UNIT ( $, .STERADIAN. ) SOLID_ANGLE_UNIT ( ) );
#638 = EDGE_CURVE ( 'NONE', #1629, #1069, #501, .T. ) ;
#639 = SURFACE_STYLE_USAGE ( .BOTH. , #1814 ) ;
#640 = VERTEX_POINT ( 'NONE', #1210 ) ;
#641 =( LENGTH_UNIT ( ) NAMED_UNIT ( * ) SI_UNIT ( .MILLI., .METRE. ) );
#642 = EDGE_CURVE ( 'NONE', #2218, #1622, #1972, .T. ) ;
#643 = FILL_AREA_STYLE ('',( #2376 ) ) ;
#644 = LINE ( 'NONE', #1571, #1963 ) ;
#645 =( NAMED_UNIT ( * ) SI_UNIT ( $, .STERADIAN. ) SOLID_ANGLE_UNIT ( ) );
#646 = DIRECTION ( 'NONE',  ( -1.000000000000000000, -0.000000000000000000, 0.000000000000000000 ) ) ;
#647 = VERTEX_POINT ( 'NONE', #1015 ) ;
#648 = FILL_AREA_STYLE_COLOUR ( '', #1452 ) ;
#649 = DIRECTION ( 'NONE',  ( 0.000000000000000000, 0.000000000000000000, 1.000000000000000000 ) ) ;
#650 = DIRECTION ( 'NONE',  ( -1.000000000000000000, 0.000000000000000000, 0.000000000000000000 ) ) ;
#651 = ORIENTED_EDGE ( 'NONE', *, *, #2333, .T. ) ;
#652 = CARTESIAN_POINT ( 'NONE',  ( -0.4679491924311227624, 1.099999999999999867, 1.500000000000000000 ) ) ;
#653 = ADVANCED_FACE ( 'NONE', ( #1060 ), #819, .T. ) ;
#654 =( LENGTH_UNIT ( ) NAMED_UNIT ( * ) SI_UNIT ( .MILLI., .METRE. ) );
#655 = UNCERTAINTY_MEASURE_WITH_UNIT (LENGTH_MEASURE( 1.000000000000000082E-05 ), #2311, 'distance_accuracy_value', 'NONE');
#656 = ORIENTED_EDGE ( 'NONE', *, *, #1346, .T. ) ;
#657 = ADVANCED_FACE ( 'NONE', ( #1618 ), #2382, .T. ) ;
#658 = LINE ( 'NONE', #461, #263 ) ;
#659 = FILL_AREA_STYLE ('',( #1776 ) ) ;
#660 = CARTESIAN_POINT ( 'NONE',  ( 1.000000000000001776, 2.235000000000000320, -0.5199999999999991296 ) ) ;
#661 = AXIS2_PLACEMENT_3D ( 'NONE', #1508, #2297, #738 ) ;
#662 = PRESENTATION_STYLE_ASSIGNMENT (( #639 ) ) ;
#663 =( GEOMETRIC_REPRESENTATION_CONTEXT ( 3 ) GLOBAL_UNCERTAINTY_ASSIGNED_CONTEXT ( ( #1844 ) ) GLOBAL_UNIT_ASSIGNED_CONTEXT ( ( #347, #1734, #124 ) ) REPRESENTATION_CONTEXT ( 'NONE', 'WORKASPACE' ) );
#664 = ORIENTED_EDGE ( 'NONE', *, *, #781, .F. ) ;
#665 = PRESENTATION_LAYER_ASSIGNMENT (  '', '', ( #2274 ) ) ;
#666 = COLOUR_RGB ( '',0.6941176470588235059, 0.09411764705882352811, 0.09411764705882352811 ) ;
#667 = STYLED_ITEM ( 'NONE', ( #1112 ), #2072 ) ;
#668 = PLANE ( 'NONE',  #792 ) ;
#669 = SURFACE_SIDE_STYLE ('',( #864 ) ) ;
#670 = PRESENTATION_LAYER_ASSIGNMENT (  '', '', ( #1719 ) ) ;
#671 = CARTESIAN_POINT ( 'NONE',  ( 0.3249999999999997891, 0.4000000000000002442, -0.5199999999999991296 ) ) ;
#672 = VECTOR ( 'NONE', #842, 1000.000000000000114 ) ;
#673 = ORIENTED_EDGE ( 'NONE', *, *, #532, .F. ) ;
#674 = VECTOR ( 'NONE', #1051, 1000.000000000000000 ) ;
#675 = DIRECTION ( 'NONE',  ( -1.000000000000000000, 0.000000000000000000, 0.000000000000000000 ) ) ;
#676 = EDGE_CURVE ( 'NONE', #837, #29, #322, .T. ) ;
#677 = SURFACE_STYLE_FILL_AREA ( #1822 ) ;
#678 = COLOUR_RGB ( '',0.7921568627450980005, 0.8196078431372548767, 0.9333333333333333481 ) ;
#679 =( LENGTH_UNIT ( ) NAMED_UNIT ( * ) SI_UNIT ( .MILLI., .METRE. ) );
#680 =( NAMED_UNIT ( * ) SI_UNIT ( $, .STERADIAN. ) SOLID_ANGLE_UNIT ( ) );
#681 = EDGE_LOOP ( 'NONE', ( #286, #1259, #2241, #486 ) ) ;
#682 = SURFACE_SIDE_STYLE ('',( #1544 ) ) ;
#683 = UNCERTAINTY_MEASURE_WITH_UNIT (LENGTH_MEASURE( 1.000000000000000082E-05 ), #76, 'distance_accuracy_value', 'NONE');
#684 = FACE_OUTER_BOUND ( 'NONE', #1501, .T. ) ;
#685 = EDGE_LOOP ( 'NONE', ( #1379, #1497, #1974, #1746 ) ) ;
#686 = ADVANCED_FACE ( 'NONE', ( #687 ), #1119, .F. ) ;
#687 = FACE_OUTER_BOUND ( 'NONE', #416, .T. ) ;
#688 = PLANE ( 'NONE',  #1316 ) ;
#689 = CARTESIAN_POINT ( 'NONE',  ( -0.4999999999999995559, 0.4000000000000002442, 0.4800000000000000377 ) ) ;
#690 = ORIENTED_EDGE ( 'NONE', *, *, #1465, .T. ) ;
#691 =( LENGTH_UNIT ( ) NAMED_UNIT ( * ) SI_UNIT ( .MILLI., .METRE. ) );
#692 = CARTESIAN_POINT ( 'NONE',  ( 0.1000000000000002554, 0.4000000000000002442, 0.4800000000000000377 ) ) ;
#693 = CARTESIAN_POINT ( 'NONE',  ( -0.7999999999999994893, 1.364999999999999991, 0.4800000000000000377 ) ) ;
#694 = SURFACE_STYLE_USAGE ( .BOTH. , #1264 ) ;
#695 = CARTESIAN_POINT ( 'NONE',  ( 0.4999999999999995559, 1.338240598131294587E-16, 0.4800000000000000377 ) ) ;
#696 = VERTEX_POINT ( 'NONE', #2251 ) ;
#697 = SURFACE_STYLE_USAGE ( .BOTH. , #80 ) ;
#698 = CARTESIAN_POINT ( 'NONE',  ( 1.250000000000000222, 0.4000000000000002442, -1.499999999999999112 ) ) ;
#699 = VERTEX_POINT ( 'NONE', #1302 ) ;
#700 = AXIS2_PLACEMENT_3D ( 'NONE', #1109, #1867, #1643 ) ;
#701 = PRESENTATION_LAYER_ASSIGNMENT (  '', '', ( #1642 ) ) ;
#702 = EDGE_CURVE ( 'NONE', #1335, #837, #1866, .T. ) ;
#703 =( GEOMETRIC_REPRESENTATION_CONTEXT ( 3 ) GLOBAL_UNCERTAINTY_ASSIGNED_CONTEXT ( ( #993 ) ) GLOBAL_UNIT_ASSIGNED_CONTEXT ( ( #479, #2248, #102 ) ) REPRESENTATION_CONTEXT ( 'NONE', 'WORKASPACE' ) );
#704 = VECTOR ( 'NONE', #1607, 1000.000000000000000 ) ;
#705 =( LENGTH_UNIT ( ) NAMED_UNIT ( * ) SI_UNIT ( .MILLI., .METRE. ) );
#706 = CIRCLE ( 'NONE', #2435, 0.06500000000000039080 ) ;
#707 = AXIS2_PLACEMENT_3D ( 'NONE', #777, #564, #1553 ) ;
#708 = STYLED_ITEM ( 'NONE', ( #1076 ), #2370 ) ;
#709 = SURFACE_STYLE_FILL_AREA ( #1654 ) ;
#710 = MECHANICAL_DESIGN_GEOMETRIC_PRESENTATION_REPRESENTATION (  '', ( #1481 ), #495 ) ;
#711 = EDGE_LOOP ( 'NONE', ( #471, #316, #1820, #303 ) ) ;
#712 =( GEOMETRIC_REPRESENTATION_CONTEXT ( 3 ) GLOBAL_UNCERTAINTY_ASSIGNED_CONTEXT ( ( #1319 ) ) GLOBAL_UNIT_ASSIGNED_CONTEXT ( ( #2062, #1887, #1099 ) ) REPRESENTATION_CONTEXT ( 'NONE', 'WORKASPACE' ) );
#713 = MECHANICAL_DESIGN_GEOMETRIC_PRESENTATION_REPRESENTATION (  '', ( #1484 ), #2163 ) ;
#714 = SURFACE_STYLE_USAGE ( .BOTH. , #2437 ) ;
#715 = MECHANICAL_DESIGN_GEOMETRIC_PRESENTATION_REPRESENTATION (  '', ( #1450 ), #220 ) ;
#716 = SURFACE_SIDE_STYLE ('',( #1900 ) ) ;
#717 = ORIENTED_EDGE ( 'NONE', *, *, #2170, .T. ) ;
#718 = STYLED_ITEM ( 'NONE', ( #1229 ), #793 ) ;
#719 = EDGE_CURVE ( 'NONE', #822, #75, #658, .T. ) ;
#720 = DIRECTION ( 'NONE',  ( 0.000000000000000000, 1.000000000000000000, -0.000000000000000000 ) ) ;
#721 = ORIENTED_EDGE ( 'NONE', *, *, #1530, .T. ) ;
#722 = PRESENTATION_STYLE_ASSIGNMENT (( #2081 ) ) ;
#723 = EDGE_CURVE ( 'NONE', #75, #1483, #1567, .T. ) ;
#724 = DIRECTION ( 'NONE',  ( 1.000000000000000000, 2.492418787322999730E-16, -0.000000000000000000 ) ) ;
#725 = CARTESIAN_POINT ( 'NONE',  ( -0.4999999999999995559, 1.338240598131294587E-16, -0.5199999999999991296 ) ) ;
#726 = CARTESIAN_POINT ( 'NONE',  ( 8.673617379884035472E-16, 1.099999999999999867, 1.500000000000000000 ) ) ;
#727 = VERTEX_POINT ( 'NONE', #1279 ) ;
#728 = LINE ( 'NONE', #1498, #1710 ) ;
#729 = SURFACE_STYLE_FILL_AREA ( #289 ) ;
#730 = AXIS2_PLACEMENT_3D ( 'NONE', #742, #196, #157 ) ;
#731 = FILL_AREA_STYLE ('',( #317 ) ) ;
#732 = EDGE_LOOP ( 'NONE', ( #443, #1769, #2145, #503 ) ) ;
#733 = EDGE_CURVE ( 'NONE', #779, #1565, #1138, .T. ) ;
#734 = CARTESIAN_POINT ( 'NONE',  ( 8.673617379884035472E-16, 1.099999999999999867, 0.5000000000000009992 ) ) ;
#735 = DIRECTION ( 'NONE',  ( -1.000000000000000000, 0.000000000000000000, 0.000000000000000000 ) ) ;
#736 = SURFACE_STYLE_FILL_AREA ( #2070 ) ;
#737 = FILL_AREA_STYLE_COLOUR ( '', #1326 ) ;
#738 = DIRECTION ( 'NONE',  ( -0.2588190451025215166, 0.000000000000000000, 0.9659258262890679791 ) ) ;
#739 = MANIFOLD_SOLID_BREP ( 'Body-Move/Copy1[1]', #586 ) ;
#740 = EDGE_CURVE ( 'NONE', #981, #1704, #591, .T. ) ;
#741 = SURFACE_SIDE_STYLE ('',( #1368 ) ) ;
#742 = CARTESIAN_POINT ( 'NONE',  ( 0.7350000000000004308, 1.300000000000000044, 0.4800000000000000377 ) ) ;
#743 =( NAMED_UNIT ( * ) PLANE_ANGLE_UNIT ( ) SI_UNIT ( $, .RADIAN. ) );
#744 = DIRECTION ( 'NONE',  ( 0.000000000000000000, 0.000000000000000000, 1.000000000000000000 ) ) ;
#745 = ORIENTED_EDGE ( 'NONE', *, *, #923, .F. ) ;
#746 = MECHANICAL_DESIGN_GEOMETRIC_PRESENTATION_REPRESENTATION (  '', ( #1123 ), #165 ) ;
#747 = SURFACE_STYLE_FILL_AREA ( #1694 ) ;
#748 = DIRECTION ( 'NONE',  ( 0.000000000000000000, 0.000000000000000000, 1.000000000000000000 ) ) ;
#749 = DIRECTION ( 'NONE',  ( -1.000000000000000000, 0.000000000000000000, 0.000000000000000000 ) ) ;
#750 = AXIS2_PLACEMENT_3D ( 'NONE', #1230, #2347, #1398 ) ;
#751 = ADVANCED_FACE ( 'NONE', ( #1167 ), #960, .T. ) ;
#752 = MECHANICAL_DESIGN_GEOMETRIC_PRESENTATION_REPRESENTATION (  '', ( #1838 ), #2362 ) ;
#753 = CARTESIAN_POINT ( 'NONE',  ( -0.3249999999999997891, 1.099999999999999867, -0.5199999999999991296 ) ) ;
#754 = AXIS2_PLACEMENT_3D ( 'NONE', #419, #1036, #200 ) ;
#755 = VECTOR ( 'NONE', #823, 1000.000000000000000 ) ;
#756 = LINE ( 'NONE', #158, #1288 ) ;
#757 = ORIENTED_EDGE ( 'NONE', *, *, #820, .T. ) ;
#758 = AXIS2_PLACEMENT_3D ( 'NONE', #243, #1247, #2339 ) ;
#759 = LINE ( 'NONE', #1533, #964 ) ;
#760 = CARTESIAN_POINT ( 'NONE',  ( -0.2999999999999990452, 0.4000000000000002442, 0.4800000000000000377 ) ) ;
#761 = CARTESIAN_POINT ( 'NONE',  ( 0.7999999999999994893, 1.364999999999999991, 0.4800000000000000377 ) ) ;
#762 = VERTEX_POINT ( 'NONE', #521 ) ;
#763 = ORIENTED_EDGE ( 'NONE', *, *, #878, .T. ) ;
#764 = ADVANCED_FACE ( 'NONE', ( #1365 ), #389, .T. ) ;
#765 = AXIS2_PLACEMENT_3D ( 'NONE', #2111, #1355, #1852 ) ;
#766 = FILL_AREA_STYLE_COLOUR ( '', #2438 ) ;
#767 = CYLINDRICAL_SURFACE ( 'NONE', #765, 0.06499999999999994671 ) ;
#768 = DIRECTION ( 'NONE',  ( 0.000000000000000000, 0.000000000000000000, 1.000000000000000000 ) ) ;
#769 = PRESENTATION_STYLE_ASSIGNMENT (( #622 ) ) ;
#770 = VERTEX_POINT ( 'NONE', #227 ) ;
#771 = FILL_AREA_STYLE_COLOUR ( '', #531 ) ;
#772 = DIRECTION ( 'NONE',  ( 0.000000000000000000, -0.000000000000000000, 1.000000000000000000 ) ) ;
#773 = LINE ( 'NONE', #1549, #1211 ) ;
#774 = FILL_AREA_STYLE ('',( #2107 ) ) ;
#775 = CARTESIAN_POINT ( 'NONE',  ( -0.3649999999999998801, 1.099999999999999867, 0.4800000000000000377 ) ) ;
#776 = VERTEX_POINT ( 'NONE', #1025 ) ;
#777 = CARTESIAN_POINT ( 'NONE',  ( 1.200000000000000622, 0.2000000000000000389, 0.4800000000000000377 ) ) ;
#778 =( NAMED_UNIT ( * ) PLANE_ANGLE_UNIT ( ) SI_UNIT ( $, .RADIAN. ) );
#779 = VERTEX_POINT ( 'NONE', #32 ) ;
#780 = DIRECTION ( 'NONE',  ( 1.328261994943550492E-16, -1.000000000000000000, 0.000000000000000000 ) ) ;
#781 = EDGE_CURVE ( 'NONE', #2118, #2421, #816, .T. ) ;
#782 = DIRECTION ( 'NONE',  ( -1.000000000000000000, 1.328261994943550492E-16, -0.000000000000000000 ) ) ;
#783 = UNCERTAINTY_MEASURE_WITH_UNIT (LENGTH_MEASURE( 1.000000000000000082E-05 ), #2270, 'distance_accuracy_value', 'NONE');
#784 = CYLINDRICAL_SURFACE ( 'NONE', #754, 0.06499999999999994671 ) ;
#785 = VECTOR ( 'NONE', #887, 1000.000000000000000 ) ;
#786 = AXIS2_PLACEMENT_3D ( 'NONE', #1589, #1007, #1223 ) ;
#787 = CARTESIAN_POINT ( 'NONE',  ( 1.200000000000000622, 0.4000000000000002442, -0.5199999999999991296 ) ) ;
#788 = FILL_AREA_STYLE ('',( #8 ) ) ;
#789 = VECTOR ( 'NONE', #1131, 1000.000000000000000 ) ;
#790 = MECHANICAL_DESIGN_GEOMETRIC_PRESENTATION_REPRESENTATION (  '', ( #2433 ), #207 ) ;
#791 = ORIENTED_EDGE ( 'NONE', *, *, #2490, .T. ) ;
#792 = AXIS2_PLACEMENT_3D ( 'NONE', #281, #2181, #891 ) ;
#793 = MANIFOLD_SOLID_BREP ( 'Body-Move/Copy1[2]', #1004 ) ;
#794 = VECTOR ( 'NONE', #1698, 1000.000000000000000 ) ;
#795 =( LENGTH_UNIT ( ) NAMED_UNIT ( * ) SI_UNIT ( .MILLI., .METRE. ) );
#796 = AXIS2_PLACEMENT_3D ( 'NONE', #1426, #1024, #2323 ) ;
#797 = VERTEX_POINT ( 'NONE', #825 ) ;
#798 = ADVANCED_FACE ( 'NONE', ( #1598 ), #843, .F. ) ;
#799 =( NAMED_UNIT ( * ) PLANE_ANGLE_UNIT ( ) SI_UNIT ( $, .RADIAN. ) );
#800 =( GEOMETRIC_REPRESENTATION_CONTEXT ( 3 ) GLOBAL_UNCERTAINTY_ASSIGNED_CONTEXT ( ( #814 ) ) GLOBAL_UNIT_ASSIGNED_CONTEXT ( ( #2007, #1566, #1800 ) ) REPRESENTATION_CONTEXT ( 'NONE', 'WORKASPACE' ) );
#801 = LINE ( 'NONE', #1595, #623 ) ;
#802 =( NAMED_UNIT ( * ) PLANE_ANGLE_UNIT ( ) SI_UNIT ( $, .RADIAN. ) );
#803 = DIRECTION ( 'NONE',  ( -0.000000000000000000, -0.000000000000000000, -1.000000000000000000 ) ) ;
#804 = ORIENTED_EDGE ( 'NONE', *, *, #1953, .F. ) ;
#805 =( LENGTH_UNIT ( ) NAMED_UNIT ( * ) SI_UNIT ( .MILLI., .METRE. ) );
#806 = PLANE ( 'NONE',  #1164 ) ;
#807 = MECHANICAL_DESIGN_GEOMETRIC_PRESENTATION_REPRESENTATION (  '', ( #511 ), #811 ) ;
#808 = ORIENTED_EDGE ( 'NONE', *, *, #676, .F. ) ;
#809 = LINE ( 'NONE', #1937, #2127 ) ;
#810 = APPLICATION_CONTEXT ( 'automotive_design' ) ;
#811 =( GEOMETRIC_REPRESENTATION_CONTEXT ( 3 ) GLOBAL_UNCERTAINTY_ASSIGNED_CONTEXT ( ( #655 ) ) GLOBAL_UNIT_ASSIGNED_CONTEXT ( ( #2311, #978, #1146 ) ) REPRESENTATION_CONTEXT ( 'NONE', 'WORKASPACE' ) );
#812 = EDGE_CURVE ( 'NONE', #976, #29, #875, .T. ) ;
#813 = FILL_AREA_STYLE_COLOUR ( '', #2404 ) ;
#814 = UNCERTAINTY_MEASURE_WITH_UNIT (LENGTH_MEASURE( 1.000000000000000082E-05 ), #2007, 'distance_accuracy_value', 'NONE');
#815 = DIRECTION ( 'NONE',  ( 0.000000000000000000, 0.000000000000000000, 1.000000000000000000 ) ) ;
#816 = LINE ( 'NONE', #611, #504 ) ;
#817 = CARTESIAN_POINT ( 'NONE',  ( 0.3649999999999998801, 1.099999999999999867, 0.4800000000000000377 ) ) ;
#818 = ORIENTED_EDGE ( 'NONE', *, *, #1798, .T. ) ;
#819 = PLANE ( 'NONE',  #632 ) ;
#820 = EDGE_CURVE ( 'NONE', #696, #1587, #1747, .T. ) ;
#821 = LINE ( 'NONE', #1556, #871 ) ;
#822 = VERTEX_POINT ( 'NONE', #201 ) ;
#823 = DIRECTION ( 'NONE',  ( -0.000000000000000000, 1.000000000000000000, 0.000000000000000000 ) ) ;
#824 = SURFACE_STYLE_USAGE ( .BOTH. , #2171 ) ;
#825 = CARTESIAN_POINT ( 'NONE',  ( -0.7350000000000004308, 1.300000000000000044, -0.5199999999999991296 ) ) ;
#826 = CARTESIAN_POINT ( 'NONE',  ( -0.7349999999999986544, 2.235000000000000320, 0.4800000000000000377 ) ) ;
#827 = MECHANICAL_DESIGN_GEOMETRIC_PRESENTATION_REPRESENTATION (  '', ( #1200 ), #10 ) ;
#828 = ORIENTED_EDGE ( 'NONE', *, *, #955, .F. ) ;
#829 = EDGE_CURVE ( 'NONE', #1840, #862, #24, .T. ) ;
#830 = VECTOR ( 'NONE', #25, 1000.000000000000000 ) ;
#831 = DIRECTION ( 'NONE',  ( 0.000000000000000000, -0.000000000000000000, -1.000000000000000000 ) ) ;
#832 = SURFACE_STYLE_USAGE ( .BOTH. , #425 ) ;
#833 = PRESENTATION_LAYER_ASSIGNMENT (  '', '', ( #1916 ) ) ;
#834 = COLOUR_RGB ( '',0.7921568627450980005, 0.8196078431372548767, 0.9333333333333333481 ) ;
#835 = ADVANCED_FACE ( 'NONE', ( #2336 ), #601, .F. ) ;
#836 = DIRECTION ( 'NONE',  ( -0.2588190451025215166, 0.000000000000000000, -0.9659258262890679791 ) ) ;
#837 = VERTEX_POINT ( 'NONE', #1056 ) ;
#838 = AXIS2_PLACEMENT_3D ( 'NONE', #1717, #2267, #1336 ) ;
#839 = CARTESIAN_POINT ( 'NONE',  ( 0.7999999999999994893, 1.364999999999999991, 0.4800000000000000377 ) ) ;
#840 = UNCERTAINTY_MEASURE_WITH_UNIT (LENGTH_MEASURE( 1.000000000000000082E-05 ), #859, 'distance_accuracy_value', 'NONE');
#841 = VECTOR ( 'NONE', #1338, 1000.000000000000000 ) ;
#842 = DIRECTION ( 'NONE',  ( -0.2588190451025215166, 0.000000000000000000, 0.9659258262890679791 ) ) ;
#843 = PLANE ( 'NONE',  #635 ) ;
#844 = CARTESIAN_POINT ( 'NONE',  ( -0.3249999999999997891, 0.4000000000000002442, 0.5000000000000009992 ) ) ;
#845 = ORIENTED_EDGE ( 'NONE', *, *, #1193, .T. ) ;
#846 = FILL_AREA_STYLE_COLOUR ( '', #1727 ) ;
#847 = EDGE_CURVE ( 'NONE', #475, #1939, #1461, .T. ) ;
#848 = CARTESIAN_POINT ( 'NONE',  ( -1.250000000000000222, 1.099999999999999867, -1.499999999999999112 ) ) ;
#849 = CARTESIAN_POINT ( 'NONE',  ( 0.3000000000000007661, 1.034999999999999920, 0.4800000000000000377 ) ) ;
#850 = ORIENTED_EDGE ( 'NONE', *, *, #1989, .T. ) ;
#851 = CARTESIAN_POINT ( 'NONE',  ( -1.250000000000000222, 0.4000000000000002442, 1.500000000000000000 ) ) ;
#852 = EDGE_CURVE ( 'NONE', #1213, #1797, #856, .T. ) ;
#853 =( NAMED_UNIT ( * ) PLANE_ANGLE_UNIT ( ) SI_UNIT ( $, .RADIAN. ) );
#854 = ORIENTED_EDGE ( 'NONE', *, *, #1828, .T. ) ;
#855 =( LENGTH_UNIT ( ) NAMED_UNIT ( * ) SI_UNIT ( .MILLI., .METRE. ) );
#856 = LINE ( 'NONE', #113, #335 ) ;
#857 =( NAMED_UNIT ( * ) PLANE_ANGLE_UNIT ( ) SI_UNIT ( $, .RADIAN. ) );
#858 = ORIENTED_EDGE ( 'NONE', *, *, #119, .F. ) ;
#859 =( LENGTH_UNIT ( ) NAMED_UNIT ( * ) SI_UNIT ( .MILLI., .METRE. ) );
#860 = CARTESIAN_POINT ( 'NONE',  ( -0.3649999999999998801, 1.099999999999999867, -0.5199999999999991296 ) ) ;
#861 = LINE ( 'NONE', #1813, #1680 ) ;
#862 = VERTEX_POINT ( 'NONE', #311 ) ;
#863 = PLANE ( 'NONE',  #917 ) ;
#864 = SURFACE_STYLE_FILL_AREA ( #2020 ) ;
#865 = UNCERTAINTY_MEASURE_WITH_UNIT (LENGTH_MEASURE( 1.000000000000000082E-05 ), #866, 'distance_accuracy_value', 'NONE');
#866 =( LENGTH_UNIT ( ) NAMED_UNIT ( * ) SI_UNIT ( .MILLI., .METRE. ) );
#867 = VERTEX_POINT ( 'NONE', #671 ) ;
#868 = DIRECTION ( 'NONE',  ( -1.000000000000000000, -0.000000000000000000, -0.000000000000000000 ) ) ;
#869 = FACE_OUTER_BOUND ( 'NONE', #374, .T. ) ;
#870 = VECTOR ( 'NONE', #1668, 1000.000000000000000 ) ;
#871 = VECTOR ( 'NONE', #1935, 1000.000000000000000 ) ;
#872 = CARTESIAN_POINT ( 'NONE',  ( -0.7349999999999986544, 2.235000000000000320, -0.5199999999999991296 ) ) ;
#873 = VECTOR ( 'NONE', #1599, 1000.000000000000000 ) ;
#874 = ORIENTED_EDGE ( 'NONE', *, *, #167, .F. ) ;
#875 = CIRCLE ( 'NONE', #1677, 0.2650000000000004574 ) ;
#876 = COLOUR_RGB ( '',0.6941176470588235059, 0.09411764705882352811, 0.09411764705882352811 ) ;
#877 = AXIS2_PLACEMENT_3D ( 'NONE', #628, #1593, #1385 ) ;
#878 = EDGE_CURVE ( 'NONE', #640, #2417, #1067, .T. ) ;
#879 = SURFACE_SIDE_STYLE ('',( #101 ) ) ;
#880 = CIRCLE ( 'NONE', #2158, 0.06499999999999994671 ) ;
#881 = FACE_OUTER_BOUND ( 'NONE', #1113, .T. ) ;
#882 = PLANE ( 'NONE',  #127 ) ;
#883 = VECTOR ( 'NONE', #1255, 1000.000000000000000 ) ;
#884 = ORIENTED_EDGE ( 'NONE', *, *, #812, .T. ) ;
#885 = MECHANICAL_DESIGN_GEOMETRIC_PRESENTATION_REPRESENTATION (  '', ( #460 ), #175 ) ;
#886 = FILL_AREA_STYLE ('',( #1081 ) ) ;
#887 = DIRECTION ( 'NONE',  ( -1.000000000000000000, -0.000000000000000000, 0.000000000000000000 ) ) ;
#888 = CIRCLE ( 'NONE', #204, 0.2650000000000000133 ) ;
#889 =( NAMED_UNIT ( * ) SI_UNIT ( $, .STERADIAN. ) SOLID_ANGLE_UNIT ( ) );
#890 = ORIENTED_EDGE ( 'NONE', *, *, #1563, .T. ) ;
#891 = DIRECTION ( 'NONE',  ( 1.000000000000000000, 0.000000000000000000, -0.000000000000000000 ) ) ;
#892 = UNCERTAINTY_MEASURE_WITH_UNIT (LENGTH_MEASURE( 1.000000000000000082E-05 ), #2056, 'distance_accuracy_value', 'NONE');
#893 = FILL_AREA_STYLE ('',( #1818 ) ) ;
#894 = CARTESIAN_POINT ( 'NONE',  ( 0.7350000000000004308, 2.235000000000000320, 0.4800000000000000377 ) ) ;
#895 = COLOUR_RGB ( '',0.7921568627450980005, 0.8196078431372548767, 0.9333333333333333481 ) ;
#896 = ORIENTED_EDGE ( 'NONE', *, *, #1037, .T. ) ;
#897 = SURFACE_SIDE_STYLE ('',( #473 ) ) ;
#898 = ADVANCED_FACE ( 'NONE', ( #2389 ), #1437, .F. ) ;
#899 = SURFACE_STYLE_USAGE ( .BOTH. , #716 ) ;
#900 = ORIENTED_EDGE ( 'NONE', *, *, #1346, .F. ) ;
#901 = CARTESIAN_POINT ( 'NONE',  ( 0.4999999999999995559, 0.2000000000000001499, 0.4800000000000000377 ) ) ;
#902 = PRESENTATION_STYLE_ASSIGNMENT (( #112 ) ) ;
#903 =( NAMED_UNIT ( * ) PLANE_ANGLE_UNIT ( ) SI_UNIT ( $, .RADIAN. ) );
#904 = ORIENTED_EDGE ( 'NONE', *, *, #1086, .T. ) ;
#905 = DIRECTION ( 'NONE',  ( -1.000000000000000000, 0.000000000000000000, 0.000000000000000000 ) ) ;
#906 = DIRECTION ( 'NONE',  ( -1.000000000000000000, 0.000000000000000000, 0.000000000000000000 ) ) ;
#907 = ORIENTED_EDGE ( 'NONE', *, *, #2180, .F. ) ;
#908 = PRODUCT_DEFINITION ( 'UNKNOWN', '', #1404, #1019 ) ;
#909 = PRESENTATION_LAYER_ASSIGNMENT (  '', '', ( #994 ) ) ;
#910 =( GEOMETRIC_REPRESENTATION_CONTEXT ( 3 ) GLOBAL_UNCERTAINTY_ASSIGNED_CONTEXT ( ( #2172 ) ) GLOBAL_UNIT_ASSIGNED_CONTEXT ( ( #2053, #743, #924 ) ) REPRESENTATION_CONTEXT ( 'NONE', 'WORKASPACE' ) );
#911 = CIRCLE ( 'NONE', #750, 0.06499999999999994671 ) ;
#912 = VECTOR ( 'NONE', #272, 1000.000000000000000 ) ;
#913 = EDGE_LOOP ( 'NONE', ( #969, #1862, #1388, #307 ) ) ;
#914 = CYLINDRICAL_SURFACE ( 'NONE', #838, 0.2650000000000000133 ) ;
#915 = STYLED_ITEM ( 'NONE', ( #1826 ), #1986 ) ;
#916 = AXIS2_PLACEMENT_3D ( 'NONE', #2290, #2310, #391 ) ;
#917 = AXIS2_PLACEMENT_3D ( 'NONE', #1649, #1469, #351 ) ;
#918 = CARTESIAN_POINT ( 'NONE',  ( -0.2999999999999990452, 1.034999999999999920, 0.4800000000000000377 ) ) ;
#919 = ORIENTED_EDGE ( 'NONE', *, *, #1934, .F. ) ;
#920 = VECTOR ( 'NONE', #557, 1000.000000000000000 ) ;
#921 = PRESENTATION_STYLE_ASSIGNMENT (( #155 ) ) ;
#922 = AXIS2_PLACEMENT_3D ( 'NONE', #1996, #2386, #2192 ) ;
#923 = EDGE_CURVE ( 'NONE', #2005, #1144, #1793, .T. ) ;
#924 =( NAMED_UNIT ( * ) SI_UNIT ( $, .STERADIAN. ) SOLID_ANGLE_UNIT ( ) );
#925 = PRESENTATION_LAYER_ASSIGNMENT (  '', '', ( #1421 ) ) ;
#926 = ORIENTED_EDGE ( 'NONE', *, *, #456, .T. ) ;
#927 = FACE_OUTER_BOUND ( 'NONE', #913, .T. ) ;
#928 = FACE_OUTER_BOUND ( 'NONE', #596, .T. ) ;
#929 = CARTESIAN_POINT ( 'NONE',  ( 0.7350000000000004308, 2.235000000000000320, 0.4800000000000000377 ) ) ;
#930 = SURFACE_STYLE_USAGE ( .BOTH. , #142 ) ;
#931 = SURFACE_SIDE_STYLE ('',( #1550 ) ) ;
#932 = CARTESIAN_POINT ( 'NONE',  ( 0.7350000000000004308, 2.500000000000000888, -0.5199999999999991296 ) ) ;
#933 = PRODUCT_CONTEXT ( 'NONE', #810, 'mechanical' ) ;
#934 = DIRECTION ( 'NONE',  ( -0.000000000000000000, 0.000000000000000000, -1.000000000000000000 ) ) ;
#935 = SURFACE_STYLE_FILL_AREA ( #1740 ) ;
#936 = FILL_AREA_STYLE_COLOUR ( '', #876 ) ;
#937 = PLANE ( 'NONE',  #1477 ) ;
#938 = ORIENTED_EDGE ( 'NONE', *, *, #2057, .T. ) ;
#939 = DIRECTION ( 'NONE',  ( 0.000000000000000000, 0.000000000000000000, 1.000000000000000000 ) ) ;
#940 =( LENGTH_UNIT ( ) NAMED_UNIT ( * ) SI_UNIT ( .MILLI., .METRE. ) );
#941 = DIRECTION ( 'NONE',  ( 0.000000000000000000, 0.000000000000000000, 1.000000000000000000 ) ) ;
#942 = DIRECTION ( 'NONE',  ( -0.2588190451025215166, 0.000000000000000000, -0.9659258262890679791 ) ) ;
#943 = EDGE_LOOP ( 'NONE', ( #582, #1308, #70, #1150 ) ) ;
#944 = ADVANCED_FACE ( 'NONE', ( #881 ), #2014, .T. ) ;
#945 = FILL_AREA_STYLE ('',( #1507 ) ) ;
#946 = PLANE ( 'NONE',  #1910 ) ;
#947 = CARTESIAN_POINT ( 'NONE',  ( 0.3249999999999997891, 1.099999999999999867, -0.5199999999999991296 ) ) ;
#948 = CARTESIAN_POINT ( 'NONE',  ( -1.199999999999998845, 0.2000000000000000389, 0.4800000000000000377 ) ) ;
#949 = DIRECTION ( 'NONE',  ( -1.000000000000000000, 0.000000000000000000, 0.000000000000000000 ) ) ;
#950 =( GEOMETRIC_REPRESENTATION_CONTEXT ( 3 ) GLOBAL_UNCERTAINTY_ASSIGNED_CONTEXT ( ( #1817 ) ) GLOBAL_UNIT_ASSIGNED_CONTEXT ( ( #1295, #462, #2406 ) ) REPRESENTATION_CONTEXT ( 'NONE', 'WORKASPACE' ) );
#951 = ORIENTED_EDGE ( 'NONE', *, *, #1436, .F. ) ;
#952 = SURFACE_STYLE_FILL_AREA ( #516 ) ;
#953 =( GEOMETRIC_REPRESENTATION_CONTEXT ( 3 ) GLOBAL_UNCERTAINTY_ASSIGNED_CONTEXT ( ( #2322 ) ) GLOBAL_UNIT_ASSIGNED_CONTEXT ( ( #940, #1702, #1323 ) ) REPRESENTATION_CONTEXT ( 'NONE', 'WORKASPACE' ) );
#954 = SURFACE_STYLE_USAGE ( .BOTH. , #507 ) ;
#955 = EDGE_CURVE ( 'NONE', #1058, #2118, #1494, .T. ) ;
#956 = DIRECTION ( 'NONE',  ( 0.000000000000000000, 0.000000000000000000, 1.000000000000000000 ) ) ;
#957 = ORIENTED_EDGE ( 'NONE', *, *, #1812, .T. ) ;
#958 = STYLED_ITEM ( 'NONE', ( #11 ), #1124 ) ;
#959 =( GEOMETRIC_REPRESENTATION_CONTEXT ( 3 ) GLOBAL_UNCERTAINTY_ASSIGNED_CONTEXT ( ( #683 ) ) GLOBAL_UNIT_ASSIGNED_CONTEXT ( ( #76, #853, #1089 ) ) REPRESENTATION_CONTEXT ( 'NONE', 'WORKASPACE' ) );
#960 = PLANE ( 'NONE',  #1611 ) ;
#961 = DIRECTION ( 'NONE',  ( -0.000000000000000000, -0.000000000000000000, -1.000000000000000000 ) ) ;
#962 = AXIS2_PLACEMENT_3D ( 'NONE', #1217, #215, #1987 ) ;
#963 = ORIENTED_EDGE ( 'NONE', *, *, #2129, .T. ) ;
#964 = VECTOR ( 'NONE', #1517, 1000.000000000000000 ) ;
#965 = SURFACE_STYLE_FILL_AREA ( #1889 ) ;
#966 = LINE ( 'NONE', #1356, #1516 ) ;
#967 =( GEOMETRIC_REPRESENTATION_CONTEXT ( 3 ) GLOBAL_UNCERTAINTY_ASSIGNED_CONTEXT ( ( #1977 ) ) GLOBAL_UNIT_ASSIGNED_CONTEXT ( ( #1351, #2452, #183 ) ) REPRESENTATION_CONTEXT ( 'NONE', 'WORKASPACE' ) );
#968 = PRESENTATION_STYLE_ASSIGNMENT (( #1918 ) ) ;
#969 = ORIENTED_EDGE ( 'NONE', *, *, #337, .F. ) ;
#970 = SURFACE_STYLE_FILL_AREA ( #2292 ) ;
#971 = SURFACE_STYLE_USAGE ( .BOTH. , #176 ) ;
#972 =( NAMED_UNIT ( * ) PLANE_ANGLE_UNIT ( ) SI_UNIT ( $, .RADIAN. ) );
#973 = ORIENTED_EDGE ( 'NONE', *, *, #2180, .T. ) ;
#974 = DIRECTION ( 'NONE',  ( -1.000000000000000000, 0.000000000000000000, 0.000000000000000000 ) ) ;
#975 =( LENGTH_UNIT ( ) NAMED_UNIT ( * ) SI_UNIT ( .MILLI., .METRE. ) );
#976 = VERTEX_POINT ( 'NONE', #2083 ) ;
#977 = DIRECTION ( 'NONE',  ( 0.000000000000000000, -0.000000000000000000, 1.000000000000000000 ) ) ;
#978 =( NAMED_UNIT ( * ) PLANE_ANGLE_UNIT ( ) SI_UNIT ( $, .RADIAN. ) );
#979 = ADVANCED_FACE ( 'NONE', ( #2293 ), #2068, .T. ) ;
#980 = DIRECTION ( 'NONE',  ( -0.000000000000000000, 0.000000000000000000, -1.000000000000000000 ) ) ;
#981 = VERTEX_POINT ( 'NONE', #760 ) ;
#982 = SURFACE_STYLE_USAGE ( .BOTH. , #991 ) ;
#983 = CARTESIAN_POINT ( 'NONE',  ( -0.8000000000000012657, 2.235000000000000320, 0.4800000000000000377 ) ) ;
#984 = ORIENTED_EDGE ( 'NONE', *, *, #2050, .T. ) ;
#985 = DIRECTION ( 'NONE',  ( -1.000000000000000000, 0.000000000000000000, 0.000000000000000000 ) ) ;
#986 = CARTESIAN_POINT ( 'NONE',  ( 0.1999999999999996503, 1.099999999999999867, 0.5000000000000009992 ) ) ;
#987 = ORIENTED_EDGE ( 'NONE', *, *, #2398, .T. ) ;
#988 = EDGE_CURVE ( 'NONE', #2443, #1479, #1880, .T. ) ;
#989 = SURFACE_STYLE_FILL_AREA ( #1031 ) ;
#990 = ORIENTED_EDGE ( 'NONE', *, *, #198, .T. ) ;
#991 = SURFACE_SIDE_STYLE ('',( #417 ) ) ;
#992 = CARTESIAN_POINT ( 'NONE',  ( 0.4999999999999995559, 0.2000000000000001499, 0.4800000000000000377 ) ) ;
#993 = UNCERTAINTY_MEASURE_WITH_UNIT (LENGTH_MEASURE( 1.000000000000000082E-05 ), #479, 'distance_accuracy_value', 'NONE');
#994 = STYLED_ITEM ( 'NONE', ( #522 ), #1405 ) ;
#995 = VECTOR ( 'NONE', #2373, 1000.000000000000000 ) ;
#996 = DIRECTION ( 'NONE',  ( -2.492418787322999730E-16, 1.000000000000000000, 0.000000000000000000 ) ) ;
#997 = DIRECTION ( 'NONE',  ( 1.000000000000000000, 0.000000000000000000, -0.000000000000000000 ) ) ;
#998 = MECHANICAL_DESIGN_GEOMETRIC_PRESENTATION_REPRESENTATION (  '', ( #1084 ), #488 ) ;
#999 = EDGE_LOOP ( 'NONE', ( #2374, #745, #2445, #1220 ) ) ;
#1000 = VECTOR ( 'NONE', #264, 1000.000000000000000 ) ;
#1001 = CARTESIAN_POINT ( 'NONE',  ( -0.3249999999999997891, 1.099999999999999867, 0.5000000000000009992 ) ) ;
#1002 =( NAMED_UNIT ( * ) SI_UNIT ( $, .STERADIAN. ) SOLID_ANGLE_UNIT ( ) );
#1003 = MECHANICAL_DESIGN_GEOMETRIC_PRESENTATION_REPRESENTATION (  '', ( #1719 ), #712 ) ;
#1004 = CLOSED_SHELL ( 'NONE', ( #1986, #979, #1011, #2146, #438, #653, #2353, #2377, #1291, #898, #657, #315, #944, #1118, #1405, #265, #1124, #15, #1700, #413, #1738, #1148, #2078, #2027, #1182, #517, #2187, #2231, #751, #2072, #1859, #1624, #764, #1248, #1260, #1027, #352, #1666 ) ) ;
#1005 = EDGE_CURVE ( 'NONE', #1981, #118, #1347, .T. ) ;
#1006 = CIRCLE ( 'NONE', #796, 0.06500000000000039080 ) ;
#1007 = DIRECTION ( 'NONE',  ( 0.000000000000000000, 0.000000000000000000, 1.000000000000000000 ) ) ;
#1008 = ORIENTED_EDGE ( 'NONE', *, *, #42, .F. ) ;
#1009 = PRESENTATION_STYLE_ASSIGNMENT (( #223 ) ) ;
#1010 = CARTESIAN_POINT ( 'NONE',  ( -0.4679491924311227624, 0.4000000000000002442, 1.500000000000000000 ) ) ;
#1011 = ADVANCED_FACE ( 'NONE', ( #928 ), #151, .T. ) ;
#1012 = FILL_AREA_STYLE ('',( #1203 ) ) ;
#1013 = LINE ( 'NONE', #633, #1246 ) ;
#1014 = ORIENTED_EDGE ( 'NONE', *, *, #84, .T. ) ;
#1015 = CARTESIAN_POINT ( 'NONE',  ( 0.4999999999999995559, 2.540384256457902144E-17, 0.4800000000000000377 ) ) ;
#1016 = CYLINDRICAL_SURFACE ( 'NONE', #526, 0.4000000000000000777 ) ;
#1017 = SURFACE_SIDE_STYLE ('',( #1030 ) ) ;
#1018 = FILL_AREA_STYLE_COLOUR ( '', #1440 ) ;
#1019 = PRODUCT_DEFINITION_CONTEXT ( 'detailed design', #575, 'design' ) ;
#1020 = ORIENTED_EDGE ( 'NONE', *, *, #1722, .F. ) ;
#1021 = CARTESIAN_POINT ( 'NONE',  ( -0.4999999999999995559, 1.338240598131294587E-16, 0.4800000000000000377 ) ) ;
#1022 = CARTESIAN_POINT ( 'NONE',  ( -0.7350000000000004308, 1.364999999999999991, 0.4800000000000000377 ) ) ;
#1023 = UNCERTAINTY_MEASURE_WITH_UNIT (LENGTH_MEASURE( 1.000000000000000082E-05 ), #72, 'distance_accuracy_value', 'NONE');
#1024 = DIRECTION ( 'NONE',  ( 0.000000000000000000, 0.000000000000000000, 1.000000000000000000 ) ) ;
#1025 = CARTESIAN_POINT ( 'NONE',  ( 0.7350000000000004308, 1.300000000000000044, -0.5199999999999991296 ) ) ;
#1026 = DIRECTION ( 'NONE',  ( -1.000000000000000000, 0.000000000000000000, 0.000000000000000000 ) ) ;
#1027 = ADVANCED_FACE ( 'NONE', ( #360 ), #1911, .T. ) ;
#1028 = EDGE_LOOP ( 'NONE', ( #2214, #2469, #607, #1865 ) ) ;
#1029 = CARTESIAN_POINT ( 'NONE',  ( 1.250000000000000222, 1.099999999999999867, 1.500000000000000000 ) ) ;
#1030 = SURFACE_STYLE_FILL_AREA ( #2018 ) ;
#1031 = FILL_AREA_STYLE ('',( #1944 ) ) ;
#1032 = ORIENTED_EDGE ( 'NONE', *, *, #1330, .F. ) ;
#1033 = CARTESIAN_POINT ( 'NONE',  ( 0.1000000000000002554, 1.300000000000000044, 0.4800000000000000377 ) ) ;
#1034 = CARTESIAN_POINT ( 'NONE',  ( 0.3000000000000007661, 1.034999999999999920, -0.5199999999999991296 ) ) ;
#1035 = PRESENTATION_STYLE_ASSIGNMENT (( #824 ) ) ;
#1036 = DIRECTION ( 'NONE',  ( -0.000000000000000000, -0.000000000000000000, -1.000000000000000000 ) ) ;
#1037 = EDGE_CURVE ( 'NONE', #1483, #1350, #1708, .T. ) ;
#1038 =( NAMED_UNIT ( * ) SI_UNIT ( $, .STERADIAN. ) SOLID_ANGLE_UNIT ( ) );
#1039 = CARTESIAN_POINT ( 'NONE',  ( -1.199999999999998845, 0.2000000000000000389, 0.4800000000000000377 ) ) ;
#1040 = PRESENTATION_LAYER_ASSIGNMENT (  '', '', ( #245 ) ) ;
#1041 = ORIENTED_EDGE ( 'NONE', *, *, #147, .T. ) ;
#1042 = VECTOR ( 'NONE', #572, 1000.000000000000000 ) ;
#1043 = CARTESIAN_POINT ( 'NONE',  ( -0.2999999999999990452, 0.4000000000000002442, 0.4800000000000000377 ) ) ;
#1044 = MECHANICAL_DESIGN_GEOMETRIC_PRESENTATION_REPRESENTATION (  '', ( #1711 ), #953 ) ;
#1045 = COLOUR_RGB ( '',0.6941176470588235059, 0.09411764705882352811, 0.09411764705882352811 ) ;
#1046 = VECTOR ( 'NONE', #1976, 1000.000000000000000 ) ;
#1047 = VECTOR ( 'NONE', #2488, 1000.000000000000000 ) ;
#1048 = EDGE_CURVE ( 'NONE', #2417, #1335, #1209, .T. ) ;
#1049 = COLOUR_RGB ( '',0.6941176470588235059, 0.09411764705882352811, 0.09411764705882352811 ) ;
#1050 = VERTEX_POINT ( 'NONE', #1541 ) ;
#1051 = DIRECTION ( 'NONE',  ( 0.000000000000000000, -1.000000000000000000, -0.000000000000000000 ) ) ;
#1052 = MECHANICAL_DESIGN_GEOMETRIC_PRESENTATION_REPRESENTATION (  '', ( #2082 ), #173 ) ;
#1053 =( NAMED_UNIT ( * ) SI_UNIT ( $, .STERADIAN. ) SOLID_ANGLE_UNIT ( ) );
#1054 = FILL_AREA_STYLE_COLOUR ( '', #1284 ) ;
#1055 = STYLED_ITEM ( 'NONE', ( #1009 ), #413 ) ;
#1056 = CARTESIAN_POINT ( 'NONE',  ( 0.7350000000000004308, 2.500000000000000888, 0.4800000000000000377 ) ) ;
#1057 = DIRECTION ( 'NONE',  ( 0.000000000000000000, 1.000000000000000000, 0.000000000000000000 ) ) ;
#1058 = VERTEX_POINT ( 'NONE', #1739 ) ;
#1059 =( GEOMETRIC_REPRESENTATION_CONTEXT ( 3 ) GLOBAL_UNCERTAINTY_ASSIGNED_CONTEXT ( ( #2378 ) ) GLOBAL_UNIT_ASSIGNED_CONTEXT ( ( #370, #2296, #2307 ) ) REPRESENTATION_CONTEXT ( 'NONE', 'WORKASPACE' ) );
#1060 = FACE_OUTER_BOUND ( 'NONE', #732, .T. ) ;
#1061 = CYLINDRICAL_SURFACE ( 'NONE', #1142, 0.2649999999999999578 ) ;
#1062 = SURFACE_STYLE_FILL_AREA ( #1467 ) ;
#1063 = EDGE_LOOP ( 'NONE', ( #520, #1224, #2010, #858 ) ) ;
#1064 = PRODUCT_RELATED_PRODUCT_CATEGORY ( 'part', '', ( #2282 ) ) ;
#1065 = CARTESIAN_POINT ( 'NONE',  ( -1.000000000000000000, 2.235000000000000320, 0.4800000000000000377 ) ) ;
#1066 = FILL_AREA_STYLE ('',( #1054 ) ) ;
#1067 = LINE ( 'NONE', #1627, #2314 ) ;
#1068 = PRESENTATION_STYLE_ASSIGNMENT (( #312 ) ) ;
#1069 = VERTEX_POINT ( 'NONE', #144 ) ;
#1070 = SURFACE_SIDE_STYLE ('',( #2051 ) ) ;
#1071 = FILL_AREA_STYLE_COLOUR ( '', #328 ) ;
#1072 = PRESENTATION_STYLE_ASSIGNMENT (( #278 ) ) ;
#1073 = EDGE_CURVE ( 'NONE', #867, #1117, #2088, .T. ) ;
#1074 = PLANE ( 'NONE',  #1317 ) ;
#1075 = ORIENTED_EDGE ( 'NONE', *, *, #614, .T. ) ;
#1076 = PRESENTATION_STYLE_ASSIGNMENT (( #1262 ) ) ;
#1077 = SURFACE_SIDE_STYLE ('',( #252 ) ) ;
#1078 = DIRECTION ( 'NONE',  ( -0.000000000000000000, 0.000000000000000000, -1.000000000000000000 ) ) ;
#1079 = CARTESIAN_POINT ( 'NONE',  ( 1.000000000000000000, 1.364999999999999991, 0.4800000000000000377 ) ) ;
#1080 = VERTEX_POINT ( 'NONE', #583 ) ;
#1081 = FILL_AREA_STYLE_COLOUR ( '', #678 ) ;
#1082 = FILL_AREA_STYLE_COLOUR ( '', #1243 ) ;
#1083 = STYLED_ITEM ( 'NONE', ( #2178 ), #2187 ) ;
#1084 = STYLED_ITEM ( 'NONE', ( #1664 ), #1666 ) ;
#1085 = ORIENTED_EDGE ( 'NONE', *, *, #84, .F. ) ;
#1086 = EDGE_CURVE ( 'NONE', #1184, #1876, #1354, .T. ) ;
#1087 = MECHANICAL_DESIGN_GEOMETRIC_PRESENTATION_REPRESENTATION (  '', ( #2002 ), #2119 ) ;
#1088 = AXIS2_PLACEMENT_3D ( 'NONE', #1022, #213, #1771 ) ;
#1089 =( NAMED_UNIT ( * ) SI_UNIT ( $, .STERADIAN. ) SOLID_ANGLE_UNIT ( ) );
#1090 = DIRECTION ( 'NONE',  ( 1.000000000000000000, -1.328261994943550492E-16, 0.000000000000000000 ) ) ;
#1091 = STYLED_ITEM ( 'NONE', ( #2388 ), #212 ) ;
#1092 = PRESENTATION_STYLE_ASSIGNMENT (( #2003 ) ) ;
#1093 = SURFACE_STYLE_FILL_AREA ( #320 ) ;
#1094 = VERTEX_POINT ( 'NONE', #2110 ) ;
#1095 = EDGE_CURVE ( 'NONE', #29, #344, #1145, .T. ) ;
#1096 = CARTESIAN_POINT ( 'NONE',  ( -0.1999999999999996503, 1.099999999999999867, 0.5000000000000009992 ) ) ;
#1097 =( LENGTH_UNIT ( ) NAMED_UNIT ( * ) SI_UNIT ( .MILLI., .METRE. ) );
#1098 = MECHANICAL_DESIGN_GEOMETRIC_PRESENTATION_REPRESENTATION (  '', ( #2046 ), #1294 ) ;
#1099 =( NAMED_UNIT ( * ) SI_UNIT ( $, .STERADIAN. ) SOLID_ANGLE_UNIT ( ) );
#1100 = CARTESIAN_POINT ( 'NONE',  ( 0.4679491924311227624, 1.099999999999999867, 1.500000000000000000 ) ) ;
#1101 = ORIENTED_EDGE ( 'NONE', *, *, #1225, .T. ) ;
#1102 = FILL_AREA_STYLE ('',( #361 ) ) ;
#1103 = DIRECTION ( 'NONE',  ( -1.223893922407415920E-16, 0.000000000000000000, -1.000000000000000000 ) ) ;
#1104 = EDGE_CURVE ( 'NONE', #613, #1473, #186, .T. ) ;
#1105 = SURFACE_SIDE_STYLE ('',( #1093 ) ) ;
#1106 = ORIENTED_EDGE ( 'NONE', *, *, #2205, .T. ) ;
#1107 = PRESENTATION_STYLE_ASSIGNMENT (( #314 ) ) ;
#1108 = EDGE_CURVE ( 'NONE', #770, #699, #376, .T. ) ;
#1109 = CARTESIAN_POINT ( 'NONE',  ( -0.7349999999999986544, 2.235000000000000320, 0.4800000000000000377 ) ) ;
#1110 = CARTESIAN_POINT ( 'NONE',  ( 0.4999999999999995559, 0.4000000000000002442, 0.4800000000000000377 ) ) ;
#1111 = VERTEX_POINT ( 'NONE', #2474 ) ;
#1112 = PRESENTATION_STYLE_ASSIGNMENT (( #1500 ) ) ;
#1113 = EDGE_LOOP ( 'NONE', ( #1008, #2029, #2130, #274 ) ) ;
#1114 = LINE ( 'NONE', #693, #883 ) ;
#1115 = DIRECTION ( 'NONE',  ( -1.000000000000000000, 0.000000000000000000, 0.000000000000000000 ) ) ;
#1116 = LINE ( 'NONE', #1521, #2481 ) ;
#1117 = VERTEX_POINT ( 'NONE', #170 ) ;
#1118 = ADVANCED_FACE ( 'NONE', ( #1341 ), #1912, .T. ) ;
#1119 = PLANE ( 'NONE',  #1847 ) ;
#1120 =( NAMED_UNIT ( * ) SI_UNIT ( $, .STERADIAN. ) SOLID_ANGLE_UNIT ( ) );
#1121 = FACE_OUTER_BOUND ( 'NONE', #1742, .T. ) ;
#1122 = ORIENTED_EDGE ( 'NONE', *, *, #1543, .T. ) ;
#1123 = STYLED_ITEM ( 'NONE', ( #305 ), #1291 ) ;
#1124 = ADVANCED_FACE ( 'NONE', ( #1382 ), #767, .F. ) ;
#1125 = CIRCLE ( 'NONE', #492, 0.2650000000000004574 ) ;
#1126 = AXIS2_PLACEMENT_3D ( 'NONE', #1830, #104, #285 ) ;
#1127 = ORIENTED_EDGE ( 'NONE', *, *, #638, .F. ) ;
#1128 =( GEOMETRIC_REPRESENTATION_CONTEXT ( 3 ) GLOBAL_UNCERTAINTY_ASSIGNED_CONTEXT ( ( #238 ) ) GLOBAL_UNIT_ASSIGNED_CONTEXT ( ( #654, #1789, #476 ) ) REPRESENTATION_CONTEXT ( 'NONE', 'WORKASPACE' ) );
#1129 = CIRCLE ( 'NONE', #2359, 0.06499999999999994671 ) ;
#1130 = AXIS2_PLACEMENT_3D ( 'NONE', #1304, #1466, #338 ) ;
#1131 = DIRECTION ( 'NONE',  ( -0.000000000000000000, 1.000000000000000000, 0.000000000000000000 ) ) ;
#1132 = PRESENTATION_STYLE_ASSIGNMENT (( #2468 ) ) ;
#1133 = ORIENTED_EDGE ( 'NONE', *, *, #702, .F. ) ;
#1134 = COLOUR_RGB ( '',0.7921568627450980005, 0.8196078431372548767, 0.9333333333333333481 ) ;
#1135 = CARTESIAN_POINT ( 'NONE',  ( -0.1000000000000002554, 1.034999999999999920, 0.4800000000000000377 ) ) ;
#1136 = CARTESIAN_POINT ( 'NONE',  ( 0.3649999999999998801, 1.099999999999999867, -0.5199999999999991296 ) ) ;
#1137 = STYLED_ITEM ( 'NONE', ( #5 ), #438 ) ;
#1138 = CIRCLE ( 'NONE', #1767, 0.06499999999999994671 ) ;
#1139 = CARTESIAN_POINT ( 'NONE',  ( 0.7350000000000004308, 2.235000000000000320, 0.4800000000000000377 ) ) ;
#1140 = EDGE_CURVE ( 'NONE', #867, #1726, #145, .T. ) ;
#1141 = VERTEX_POINT ( 'NONE', #2300 ) ;
#1142 = AXIS2_PLACEMENT_3D ( 'NONE', #636, #1619, #2008 ) ;
#1143 = FILL_AREA_STYLE_COLOUR ( '', #1215 ) ;
#1144 = VERTEX_POINT ( 'NONE', #2089 ) ;
#1145 = LINE ( 'NONE', #551, #1047 ) ;
#1146 =( NAMED_UNIT ( * ) SI_UNIT ( $, .STERADIAN. ) SOLID_ANGLE_UNIT ( ) );
#1147 = FILL_AREA_STYLE ('',( #936 ) ) ;
#1148 = ADVANCED_FACE ( 'NONE', ( #377 ), #1899, .T. ) ;
#1149 = FACE_OUTER_BOUND ( 'NONE', #1339, .T. ) ;
#1150 = ORIENTED_EDGE ( 'NONE', *, *, #2228, .F. ) ;
#1151 = CARTESIAN_POINT ( 'NONE',  ( 0.7999999999999994893, 2.235000000000000320, 0.4800000000000000377 ) ) ;
#1152 = LINE ( 'NONE', #1904, #296 ) ;
#1153 = DIRECTION ( 'NONE',  ( -0.000000000000000000, -0.000000000000000000, -1.000000000000000000 ) ) ;
#1154 = CARTESIAN_POINT ( 'NONE',  ( 0.1000000000000002554, 1.338240598131294587E-16, 0.4800000000000000377 ) ) ;
#1155 = CARTESIAN_POINT ( 'NONE',  ( 0.3649999999999998801, 1.300000000000000044, 0.4800000000000000377 ) ) ;
#1156 =( NAMED_UNIT ( * ) PLANE_ANGLE_UNIT ( ) SI_UNIT ( $, .RADIAN. ) );
#1157 = DIRECTION ( 'NONE',  ( -0.000000000000000000, -0.000000000000000000, -1.000000000000000000 ) ) ;
#1158 = DIRECTION ( 'NONE',  ( 0.000000000000000000, 0.000000000000000000, 1.000000000000000000 ) ) ;
#1159 = STYLED_ITEM ( 'NONE', ( #510 ), #1260 ) ;
#1160 = VERTEX_POINT ( 'NONE', #948 ) ;
#1161 = AXIS2_PLACEMENT_3D ( 'NONE', #2174, #612, #1026 ) ;
#1162 = PRESENTATION_LAYER_ASSIGNMENT (  '', '', ( #2433 ) ) ;
#1163 = SURFACE_STYLE_FILL_AREA ( #1503 ) ;
#1164 = AXIS2_PLACEMENT_3D ( 'NONE', #234, #1409, #403 ) ;
#1165 = DIRECTION ( 'NONE',  ( -1.000000000000000000, -0.000000000000000000, -0.000000000000000000 ) ) ;
#1166 = ORIENTED_EDGE ( 'NONE', *, *, #2411, .T. ) ;
#1167 = FACE_OUTER_BOUND ( 'NONE', #1491, .T. ) ;
#1168 = DIRECTION ( 'NONE',  ( 1.000000000000000000, -0.000000000000000000, 0.000000000000000000 ) ) ;
#1169 = EDGE_CURVE ( 'NONE', #51, #613, #46, .T. ) ;
#1170 = ORIENTED_EDGE ( 'NONE', *, *, #542, .F. ) ;
#1171 = VECTOR ( 'NONE', #1078, 1000.000000000000000 ) ;
#1172 = FILL_AREA_STYLE_COLOUR ( '', #226 ) ;
#1173 =( GEOMETRIC_REPRESENTATION_CONTEXT ( 3 ) GLOBAL_UNCERTAINTY_ASSIGNED_CONTEXT ( ( #2344 ) ) GLOBAL_UNIT_ASSIGNED_CONTEXT ( ( #1423, #1753, #2375 ) ) REPRESENTATION_CONTEXT ( 'NONE', 'WORKASPACE' ) );
#1174 = VECTOR ( 'NONE', #2391, 1000.000000000000000 ) ;
#1175 =( LENGTH_UNIT ( ) NAMED_UNIT ( * ) SI_UNIT ( .MILLI., .METRE. ) );
#1176 = ORIENTED_EDGE ( 'NONE', *, *, #1555, .F. ) ;
#1177 =( GEOMETRIC_REPRESENTATION_CONTEXT ( 3 ) GLOBAL_UNCERTAINTY_ASSIGNED_CONTEXT ( ( #437 ) ) GLOBAL_UNIT_ASSIGNED_CONTEXT ( ( #1377, #802, #1038 ) ) REPRESENTATION_CONTEXT ( 'NONE', 'WORKASPACE' ) );
#1178 = LINE ( 'NONE', #1902, #1604 ) ;
#1179 = SURFACE_STYLE_FILL_AREA ( #405 ) ;
#1180 = UNCERTAINTY_MEASURE_WITH_UNIT (LENGTH_MEASURE( 1.000000000000000082E-05 ), #41, 'distance_accuracy_value', 'NONE');
#1181 = ORIENTED_EDGE ( 'NONE', *, *, #1890, .T. ) ;
#1182 = ADVANCED_FACE ( 'NONE', ( #1579 ), #1061, .T. ) ;
#1183 = CARTESIAN_POINT ( 'NONE',  ( -0.4999999999999995559, 0.4000000000000002442, 0.4800000000000000377 ) ) ;
#1184 = VERTEX_POINT ( 'NONE', #2351 ) ;
#1185 = EDGE_CURVE ( 'NONE', #1704, #1463, #35, .T. ) ;
#1186 = PRESENTATION_STYLE_ASSIGNMENT (( #2132 ) ) ;
#1187 = CARTESIAN_POINT ( 'NONE',  ( 0.3649999999999998801, 1.034999999999999920, -0.5199999999999991296 ) ) ;
#1188 = ORIENTED_EDGE ( 'NONE', *, *, #719, .F. ) ;
#1189 = FILL_AREA_STYLE_COLOUR ( '', #1970 ) ;
#1190 =( NAMED_UNIT ( * ) SI_UNIT ( $, .STERADIAN. ) SOLID_ANGLE_UNIT ( ) );
#1191 = PRESENTATION_STYLE_ASSIGNMENT (( #1378 ) ) ;
#1192 = ORIENTED_EDGE ( 'NONE', *, *, #1924, .F. ) ;
#1193 = EDGE_CURVE ( 'NONE', #1350, #1111, #888, .T. ) ;
#1194 =( NAMED_UNIT ( * ) PLANE_ANGLE_UNIT ( ) SI_UNIT ( $, .RADIAN. ) );
#1195 = SURFACE_SIDE_STYLE ('',( #402 ) ) ;
#1196 = ORIENTED_EDGE ( 'NONE', *, *, #442, .F. ) ;
#1197 = EDGE_CURVE ( 'NONE', #776, #1851, #85, .T. ) ;
#1198 = CARTESIAN_POINT ( 'NONE',  ( 0.7350000000000004308, 2.235000000000000320, 0.4800000000000000377 ) ) ;
#1199 = CARTESIAN_POINT ( 'NONE',  ( 1.000000000000000000, 2.235000000000000320, -0.5199999999999991296 ) ) ;
#1200 = STYLED_ITEM ( 'NONE', ( #1952 ), #1248 ) ;
#1201 = STYLED_ITEM ( 'NONE', ( #2299 ), #1027 ) ;
#1202 = CIRCLE ( 'NONE', #168, 0.4000000000000000777 ) ;
#1203 = FILL_AREA_STYLE_COLOUR ( '', #373 ) ;
#1204 = CARTESIAN_POINT ( 'NONE',  ( -0.7350000000000004308, 1.099999999999999867, -0.5199999999999991296 ) ) ;
#1205 = AXIS2_PLACEMENT_3D ( 'NONE', #162, #956, #1495 ) ;
#1206 = VERTEX_POINT ( 'NONE', #605 ) ;
#1207 =( GEOMETRIC_REPRESENTATION_CONTEXT ( 3 ) GLOBAL_UNCERTAINTY_ASSIGNED_CONTEXT ( ( #2142 ) ) GLOBAL_UNIT_ASSIGNED_CONTEXT ( ( #679, #432, #1456 ) ) REPRESENTATION_CONTEXT ( 'NONE', 'WORKASPACE' ) );
#1208 = MECHANICAL_DESIGN_GEOMETRIC_PRESENTATION_REPRESENTATION (  '', ( #915 ), #621 ) ;
#1209 = CIRCLE ( 'NONE', #916, 0.2650000000000003464 ) ;
#1210 = CARTESIAN_POINT ( 'NONE',  ( 1.000000000000001776, 2.235000000000000320, 0.4800000000000000377 ) ) ;
#1211 = VECTOR ( 'NONE', #1153, 1000.000000000000000 ) ;
#1212 = VECTOR ( 'NONE', #2428, 1000.000000000000000 ) ;
#1213 = VERTEX_POINT ( 'NONE', #244 ) ;
#1214 = CARTESIAN_POINT ( 'NONE',  ( 1.250000000000000222, 1.099999999999999867, -1.499999999999999112 ) ) ;
#1215 = COLOUR_RGB ( '',0.7921568627450980005, 0.8196078431372548767, 0.9333333333333333481 ) ;
#1216 = COLOUR_RGB ( '',0.7921568627450980005, 0.8196078431372548767, 0.9333333333333333481 ) ;
#1217 = CARTESIAN_POINT ( 'NONE',  ( 0.4999999999999995559, 0.4000000000000002442, 0.4800000000000000377 ) ) ;
#1218 =( NAMED_UNIT ( * ) PLANE_ANGLE_UNIT ( ) SI_UNIT ( $, .RADIAN. ) );
#1219 = CARTESIAN_POINT ( 'NONE',  ( -0.7999999999999994893, 1.364999999999999991, 0.4800000000000000377 ) ) ;
#1220 = ORIENTED_EDGE ( 'NONE', *, *, #2289, .F. ) ;
#1221 = PRESENTATION_STYLE_ASSIGNMENT (( #1380 ) ) ;
#1222 = DIRECTION ( 'NONE',  ( 1.000000000000000000, 0.000000000000000000, 0.000000000000000000 ) ) ;
#1223 = DIRECTION ( 'NONE',  ( 1.000000000000000000, 0.000000000000000000, -0.000000000000000000 ) ) ;
#1224 = ORIENTED_EDGE ( 'NONE', *, *, #465, .F. ) ;
#1225 = EDGE_CURVE ( 'NONE', #981, #1050, #1249, .T. ) ;
#1226 = LINE ( 'NONE', #21, #2477 ) ;
#1227 = UNCERTAINTY_MEASURE_WITH_UNIT (LENGTH_MEASURE( 1.000000000000000082E-05 ), #691, 'distance_accuracy_value', 'NONE');
#1228 = DIRECTION ( 'NONE',  ( -0.000000000000000000, 1.000000000000000000, 0.000000000000000000 ) ) ;
#1229 = PRESENTATION_STYLE_ASSIGNMENT (( #192 ) ) ;
#1230 = CARTESIAN_POINT ( 'NONE',  ( -0.7350000000000004308, 1.364999999999999991, -0.5199999999999991296 ) ) ;
#1231 = ORIENTED_EDGE ( 'NONE', *, *, #2061, .F. ) ;
#1232 = SURFACE_STYLE_FILL_AREA ( #1766 ) ;
#1233 = CARTESIAN_POINT ( 'NONE',  ( 0.7350000000000004308, 1.364999999999999991, -0.5199999999999991296 ) ) ;
#1234 = CARTESIAN_POINT ( 'NONE',  ( -1.000000000000000000, 2.235000000000000320, -0.5199999999999991296 ) ) ;
#1235 =( LENGTH_UNIT ( ) NAMED_UNIT ( * ) SI_UNIT ( .MILLI., .METRE. ) );
#1236 = VERTEX_POINT ( 'NONE', #860 ) ;
#1237 = DIRECTION ( 'NONE',  ( -0.000000000000000000, 1.000000000000000000, 0.000000000000000000 ) ) ;
#1238 = PRESENTATION_STYLE_ASSIGNMENT (( #2030 ) ) ;
#1239 = SURFACE_STYLE_FILL_AREA ( #308 ) ;
#1240 = SURFACE_STYLE_USAGE ( .BOTH. , #2183 ) ;
#1241 = SURFACE_SIDE_STYLE ('',( #709 ) ) ;
#1242 = DIRECTION ( 'NONE',  ( -0.000000000000000000, -0.000000000000000000, -1.000000000000000000 ) ) ;
#1243 = COLOUR_RGB ( '',0.6941176470588235059, 0.09411764705882352811, 0.09411764705882352811 ) ;
#1244 = ORIENTED_EDGE ( 'NONE', *, *, #820, .F. ) ;
#1245 = AXIS2_PLACEMENT_3D ( 'NONE', #1110, #1690, #524 ) ;
#1246 = VECTOR ( 'NONE', #1057, 1000.000000000000000 ) ;
#1247 = DIRECTION ( 'NONE',  ( -0.000000000000000000, -0.000000000000000000, -1.000000000000000000 ) ) ;
#1248 = ADVANCED_FACE ( 'NONE', ( #2392 ), #1016, .T. ) ;
#1249 = LINE ( 'NONE', #1043, #1280 ) ;
#1250 = CIRCLE ( 'NONE', #1088, 0.2650000000000000688 ) ;
#1251 = APPLICATION_PROTOCOL_DEFINITION ( 'draft international standard', 'automotive_design', 1998, #810 ) ;
#1252 = ORIENTED_EDGE ( 'NONE', *, *, #1073, .F. ) ;
#1253 = VECTOR ( 'NONE', #939, 1000.000000000000000 ) ;
#1254 =( NAMED_UNIT ( * ) PLANE_ANGLE_UNIT ( ) SI_UNIT ( $, .RADIAN. ) );
#1255 = DIRECTION ( 'NONE',  ( -0.000000000000000000, -0.000000000000000000, -1.000000000000000000 ) ) ;
#1256 = DIRECTION ( 'NONE',  ( -1.000000000000000000, 0.000000000000000000, 0.000000000000000000 ) ) ;
#1257 = CARTESIAN_POINT ( 'NONE',  ( 0.7999999999999994893, 2.235000000000000320, 0.4800000000000000377 ) ) ;
#1258 =( GEOMETRIC_REPRESENTATION_CONTEXT ( 3 ) GLOBAL_UNCERTAINTY_ASSIGNED_CONTEXT ( ( #1548 ) ) GLOBAL_UNIT_ASSIGNED_CONTEXT ( ( #1432, #2369, #1002 ) ) REPRESENTATION_CONTEXT ( 'NONE', 'WORKASPACE' ) );
#1259 = ORIENTED_EDGE ( 'NONE', *, *, #1545, .T. ) ;
#1260 = ADVANCED_FACE ( 'NONE', ( #1835 ), #688, .T. ) ;
#1261 = ORIENTED_EDGE ( 'NONE', *, *, #1903, .T. ) ;
#1262 = SURFACE_STYLE_USAGE ( .BOTH. , #67 ) ;
#1263 = LINE ( 'NONE', #310, #1171 ) ;
#1264 = SURFACE_SIDE_STYLE ('',( #2412 ) ) ;
#1265 = ORIENTED_EDGE ( 'NONE', *, *, #1812, .F. ) ;
#1266 = DIRECTION ( 'NONE',  ( -1.000000000000000000, 0.000000000000000000, 0.000000000000000000 ) ) ;
#1267 = DIRECTION ( 'NONE',  ( 0.000000000000000000, 0.000000000000000000, 1.000000000000000000 ) ) ;
#1268 = EDGE_CURVE ( 'NONE', #822, #1990, #2025, .T. ) ;
#1269 = CARTESIAN_POINT ( 'NONE',  ( 8.673617379884035472E-16, 1.099999999999999867, -0.5199999999999991296 ) ) ;
#1270 = CARTESIAN_POINT ( 'NONE',  ( -1.250000000000000222, 0.4000000000000002442, 1.500000000000000000 ) ) ;
#1271 = ORIENTED_EDGE ( 'NONE', *, *, #2170, .F. ) ;
#1272 = EDGE_CURVE ( 'NONE', #1721, #1350, #1464, .T. ) ;
#1273 = DIRECTION ( 'NONE',  ( 0.000000000000000000, -0.000000000000000000, -1.000000000000000000 ) ) ;
#1274 = UNCERTAINTY_MEASURE_WITH_UNIT (LENGTH_MEASURE( 1.000000000000000082E-05 ), #120, 'distance_accuracy_value', 'NONE');
#1275 = LINE ( 'NONE', #283, #2161 ) ;
#1276 = DIRECTION ( 'NONE',  ( -1.000000000000000000, 0.000000000000000000, 1.223893922407415920E-16 ) ) ;
#1277 = CARTESIAN_POINT ( 'NONE',  ( -0.1000000000000002554, 1.338240598131294587E-16, -0.5199999999999991296 ) ) ;
#1278 = ORIENTED_EDGE ( 'NONE', *, *, #1890, .F. ) ;
#1279 = CARTESIAN_POINT ( 'NONE',  ( -0.1000000000000002554, 1.034999999999999920, -0.5199999999999991296 ) ) ;
#1280 = VECTOR ( 'NONE', #1403, 1000.000000000000000 ) ;
#1281 = PRESENTATION_LAYER_ASSIGNMENT (  '', '', ( #1084 ) ) ;
#1282 =( GEOMETRIC_REPRESENTATION_CONTEXT ( 3 ) GLOBAL_UNCERTAINTY_ASSIGNED_CONTEXT ( ( #1572 ) ) GLOBAL_UNIT_ASSIGNED_CONTEXT ( ( #1235, #63, #889 ) ) REPRESENTATION_CONTEXT ( 'NONE', 'WORKASPACE' ) );
#1283 = SURFACE_STYLE_USAGE ( .BOTH. , #74 ) ;
#1284 = COLOUR_RGB ( '',0.7921568627450980005, 0.8196078431372548767, 0.9333333333333333481 ) ;
#1285 = ORIENTED_EDGE ( 'NONE', *, *, #2242, .F. ) ;
#1286 = VECTOR ( 'NONE', #47, 1000.000000000000000 ) ;
#1287 = EDGE_CURVE ( 'NONE', #1141, #1144, #1489, .T. ) ;
#1288 = VECTOR ( 'NONE', #720, 1000.000000000000000 ) ;
#1289 =( LENGTH_UNIT ( ) NAMED_UNIT ( * ) SI_UNIT ( .MILLI., .METRE. ) );
#1290 =( LENGTH_UNIT ( ) NAMED_UNIT ( * ) SI_UNIT ( .MILLI., .METRE. ) );
#1291 = ADVANCED_FACE ( 'NONE', ( #276 ), #2052, .F. ) ;
#1292 = VECTOR ( 'NONE', #1623, 1000.000000000000114 ) ;
#1293 = ORIENTED_EDGE ( 'NONE', *, *, #567, .T. ) ;
#1294 =( GEOMETRIC_REPRESENTATION_CONTEXT ( 3 ) GLOBAL_UNCERTAINTY_ASSIGNED_CONTEXT ( ( #1425 ) ) GLOBAL_UNIT_ASSIGNED_CONTEXT ( ( #106, #2060, #1442 ) ) REPRESENTATION_CONTEXT ( 'NONE', 'WORKASPACE' ) );
#1295 =( LENGTH_UNIT ( ) NAMED_UNIT ( * ) SI_UNIT ( .MILLI., .METRE. ) );
#1296 = MECHANICAL_DESIGN_GEOMETRIC_PRESENTATION_REPRESENTATION (  '', ( #718 ), #181 ) ;
#1297 = ORIENTED_EDGE ( 'NONE', *, *, #852, .T. ) ;
#1298 = CARTESIAN_POINT ( 'NONE',  ( 0.7350000000000004308, 2.235000000000000320, -0.5199999999999991296 ) ) ;
#1299 = VERTEX_POINT ( 'NONE', #1455 ) ;
#1300 = ADVANCED_FACE ( 'NONE', ( #288 ), #116, .F. ) ;
#1301 = ORIENTED_EDGE ( 'NONE', *, *, #1971, .T. ) ;
#1302 = CARTESIAN_POINT ( 'NONE',  ( 0.4679491924311227624, 0.4000000000000002442, 1.500000000000000000 ) ) ;
#1303 = EDGE_CURVE ( 'NONE', #1878, #1236, #2272, .T. ) ;
#1304 = CARTESIAN_POINT ( 'NONE',  ( 0.000000000000000000, 0.000000000000000000, 0.000000000000000000 ) ) ;
#1305 = FILL_AREA_STYLE_COLOUR ( '', #125 ) ;
#1306 = VERTEX_POINT ( 'NONE', #1136 ) ;
#1307 = CARTESIAN_POINT ( 'NONE',  ( 0.1000000000000002554, 1.034999999999999920, 0.4800000000000000377 ) ) ;
#1308 = ORIENTED_EDGE ( 'NONE', *, *, #2411, .F. ) ;
#1309 = CARTESIAN_POINT ( 'NONE',  ( -0.7349999999999986544, 2.500000000000000888, -0.5199999999999991296 ) ) ;
#1310 = FILL_AREA_STYLE_COLOUR ( '', #372 ) ;
#1311 = DIRECTION ( 'NONE',  ( 0.000000000000000000, 1.000000000000000000, 0.000000000000000000 ) ) ;
#1312 = ORIENTED_EDGE ( 'NONE', *, *, #2304, .T. ) ;
#1313 =( NAMED_UNIT ( * ) PLANE_ANGLE_UNIT ( ) SI_UNIT ( $, .RADIAN. ) );
#1314 = CARTESIAN_POINT ( 'NONE',  ( -0.3249999999999997891, 1.099999999999999867, 1.500000000000000000 ) ) ;
#1315 =( NAMED_UNIT ( * ) PLANE_ANGLE_UNIT ( ) SI_UNIT ( $, .RADIAN. ) );
#1316 = AXIS2_PLACEMENT_3D ( 'NONE', #2017, #323, #1267 ) ;
#1317 = AXIS2_PLACEMENT_3D ( 'NONE', #1100, #49, #836 ) ;
#1318 = VECTOR ( 'NONE', #1949, 1000.000000000000000 ) ;
#1319 = UNCERTAINTY_MEASURE_WITH_UNIT (LENGTH_MEASURE( 1.000000000000000082E-05 ), #2062, 'distance_accuracy_value', 'NONE');
#1320 = AXIS2_PLACEMENT_3D ( 'NONE', #256, #1103, #1276 ) ;
#1321 = ORIENTED_EDGE ( 'NONE', *, *, #2289, .T. ) ;
#1322 = VECTOR ( 'NONE', #6, 1000.000000000000000 ) ;
#1323 =( NAMED_UNIT ( * ) SI_UNIT ( $, .STERADIAN. ) SOLID_ANGLE_UNIT ( ) );
#1324 = CARTESIAN_POINT ( 'NONE',  ( -0.4679491924311227624, 0.4000000000000002442, 1.500000000000000000 ) ) ;
#1325 =( NAMED_UNIT ( * ) PLANE_ANGLE_UNIT ( ) SI_UNIT ( $, .RADIAN. ) );
#1326 = COLOUR_RGB ( '',0.7921568627450980005, 0.8196078431372548767, 0.9333333333333333481 ) ;
#1327 = ORIENTED_EDGE ( 'NONE', *, *, #103, .F. ) ;
#1328 =( GEOMETRIC_REPRESENTATION_CONTEXT ( 3 ) GLOBAL_UNCERTAINTY_ASSIGNED_CONTEXT ( ( #2418 ) ) GLOBAL_UNIT_ASSIGNED_CONTEXT ( ( #705, #2247, #90 ) ) REPRESENTATION_CONTEXT ( 'NONE', 'WORKASPACE' ) );
#1329 = SURFACE_STYLE_USAGE ( .BOTH. , #2108 ) ;
#1330 = EDGE_CURVE ( 'NONE', #1483, #776, #562, .T. ) ;
#1331 = VECTOR ( 'NONE', #357, 1000.000000000000000 ) ;
#1332 = PRESENTATION_LAYER_ASSIGNMENT (  '', '', ( #2286 ) ) ;
#1333 = CARTESIAN_POINT ( 'NONE',  ( 1.250000000000000222, 1.099999999999999867, -1.499999999999999112 ) ) ;
#1334 = SURFACE_STYLE_FILL_AREA ( #731 ) ;
#1335 = VERTEX_POINT ( 'NONE', #932 ) ;
#1336 = DIRECTION ( 'NONE',  ( -1.000000000000000000, 0.000000000000000000, 0.000000000000000000 ) ) ;
#1337 = DIRECTION ( 'NONE',  ( 0.000000000000000000, 0.000000000000000000, -1.000000000000000000 ) ) ;
#1338 = DIRECTION ( 'NONE',  ( 1.000000000000000000, 0.000000000000000000, 0.000000000000000000 ) ) ;
#1339 = EDGE_LOOP ( 'NONE', ( #1196, #2381, #1188, #1749 ) ) ;
#1340 = CARTESIAN_POINT ( 'NONE',  ( 1.200000000000000622, 0.2000000000000000389, 0.4800000000000000377 ) ) ;
#1341 = FACE_OUTER_BOUND ( 'NONE', #2139, .T. ) ;
#1342 = CARTESIAN_POINT ( 'NONE',  ( -0.7350000000000004308, 1.099999999999999867, -0.5199999999999991296 ) ) ;
#1343 = DIRECTION ( 'NONE',  ( -1.000000000000000000, 0.000000000000000000, 0.000000000000000000 ) ) ;
#1344 = ORIENTED_EDGE ( 'NONE', *, *, #1225, .F. ) ;
#1345 = DIRECTION ( 'NONE',  ( -1.000000000000000000, 0.000000000000000000, 0.000000000000000000 ) ) ;
#1346 = EDGE_CURVE ( 'NONE', #137, #2186, #536, .T. ) ;
#1347 = LINE ( 'NONE', #734, #1960 ) ;
#1348 = DIRECTION ( 'NONE',  ( 0.000000000000000000, 1.000000000000000000, 0.000000000000000000 ) ) ;
#1349 = FACE_OUTER_BOUND ( 'NONE', #2266, .T. ) ;
#1350 = VERTEX_POINT ( 'NONE', #1525 ) ;
#1351 =( LENGTH_UNIT ( ) NAMED_UNIT ( * ) SI_UNIT ( .MILLI., .METRE. ) );
#1352 = FILL_AREA_STYLE ('',( #1725 ) ) ;
#1353 = EDGE_LOOP ( 'NONE', ( #556, #673, #544, #2106 ) ) ;
#1354 = LINE ( 'NONE', #1509, #452 ) ;
#1355 = DIRECTION ( 'NONE',  ( -0.000000000000000000, -0.000000000000000000, -1.000000000000000000 ) ) ;
#1356 = CARTESIAN_POINT ( 'NONE',  ( -1.000000000000000000, 2.235000000000000320, 0.4800000000000000377 ) ) ;
#1357 =( NAMED_UNIT ( * ) SI_UNIT ( $, .STERADIAN. ) SOLID_ANGLE_UNIT ( ) );
#1358 =( GEOMETRIC_REPRESENTATION_CONTEXT ( 3 ) GLOBAL_UNCERTAINTY_ASSIGNED_CONTEXT ( ( #1594 ) ) GLOBAL_UNIT_ASSIGNED_CONTEXT ( ( #2486, #1941, #1539 ) ) REPRESENTATION_CONTEXT ( 'NONE', 'WORKASPACE' ) );
#1359 = ORIENTED_EDGE ( 'NONE', *, *, #185, .F. ) ;
#1360 = MECHANICAL_DESIGN_GEOMETRIC_PRESENTATION_REPRESENTATION (  '', ( #529 ), #2037 ) ;
#1361 = PRESENTATION_LAYER_ASSIGNMENT (  '', '', ( #1711 ) ) ;
#1362 = CARTESIAN_POINT ( 'NONE',  ( -0.4999999999999995559, 0.4000000000000002442, -0.5199999999999991296 ) ) ;
#1363 = VECTOR ( 'NONE', #1625, 1000.000000000000000 ) ;
#1364 = ORIENTED_EDGE ( 'NONE', *, *, #1563, .F. ) ;
#1365 = FACE_OUTER_BOUND ( 'NONE', #149, .T. ) ;
#1366 = CARTESIAN_POINT ( 'NONE',  ( -0.1999999999999996503, 0.4000000000000002442, 0.5000000000000009992 ) ) ;
#1367 = ORIENTED_EDGE ( 'NONE', *, *, #1943, .F. ) ;
#1368 = SURFACE_STYLE_FILL_AREA ( #2499 ) ;
#1369 =( NAMED_UNIT ( * ) SI_UNIT ( $, .STERADIAN. ) SOLID_ANGLE_UNIT ( ) );
#1370 = PRESENTATION_LAYER_ASSIGNMENT (  '', '', ( #460 ) ) ;
#1371 = PRESENTATION_LAYER_ASSIGNMENT (  '', '', ( #2046 ) ) ;
#1372 = ORIENTED_EDGE ( 'NONE', *, *, #42, .T. ) ;
#1373 = PRESENTATION_LAYER_ASSIGNMENT (  '', '', ( #718 ) ) ;
#1374 = EDGE_CURVE ( 'NONE', #118, #1950, #1930, .T. ) ;
#1375 = CARTESIAN_POINT ( 'NONE',  ( 0.3249999999999997891, 1.099999999999999867, 0.5000000000000009992 ) ) ;
#1376 = UNCERTAINTY_MEASURE_WITH_UNIT (LENGTH_MEASURE( 1.000000000000000082E-05 ), #546, 'distance_accuracy_value', 'NONE');
#1377 =( LENGTH_UNIT ( ) NAMED_UNIT ( * ) SI_UNIT ( .MILLI., .METRE. ) );
#1378 = SURFACE_STYLE_USAGE ( .BOTH. , #2326 ) ;
#1379 = ORIENTED_EDGE ( 'NONE', *, *, #852, .F. ) ;
#1380 = SURFACE_STYLE_USAGE ( .BOTH. , #2188 ) ;
#1381 = EDGE_CURVE ( 'NONE', #762, #1788, #728, .T. ) ;
#1382 = FACE_OUTER_BOUND ( 'NONE', #2459, .T. ) ;
#1383 = ORIENTED_EDGE ( 'NONE', *, *, #2398, .F. ) ;
#1384 = FILL_AREA_STYLE ('',( #1975 ) ) ;
#1385 = DIRECTION ( 'NONE',  ( 1.000000000000000000, 1.328261994943550492E-16, 0.000000000000000000 ) ) ;
#1386 = LINE ( 'NONE', #1010, #672 ) ;
#1387 = CARTESIAN_POINT ( 'NONE',  ( -0.4999999999999995559, 2.540384256457902144E-17, -0.5199999999999991296 ) ) ;
#1388 = ORIENTED_EDGE ( 'NONE', *, *, #1640, .F. ) ;
#1389 = SURFACE_STYLE_USAGE ( .BOTH. , #1195 ) ;
#1390 = FACE_OUTER_BOUND ( 'NONE', #711, .T. ) ;
#1391 = ORIENTED_EDGE ( 'NONE', *, *, #182, .F. ) ;
#1392 = LINE ( 'NONE', #2334, #534 ) ;
#1393 = UNCERTAINTY_MEASURE_WITH_UNIT (LENGTH_MEASURE( 1.000000000000000082E-05 ), #78, 'distance_accuracy_value', 'NONE');
#1394 = DIRECTION ( 'NONE',  ( -1.000000000000000000, 0.000000000000000000, 0.000000000000000000 ) ) ;
#1395 = VECTOR ( 'NONE', #1748, 1000.000000000000114 ) ;
#1396 = VECTOR ( 'NONE', #1948, 1000.000000000000000 ) ;
#1397 = MECHANICAL_DESIGN_GEOMETRIC_PRESENTATION_REPRESENTATION (  '', ( #1083 ), #1282 ) ;
#1398 = DIRECTION ( 'NONE',  ( -1.000000000000000000, 0.000000000000000000, 0.000000000000000000 ) ) ;
#1399 = VECTOR ( 'NONE', #1472, 1000.000000000000000 ) ;
#1400 = ORIENTED_EDGE ( 'NONE', *, *, #1903, .F. ) ;
#1401 = AXIS2_PLACEMENT_3D ( 'NONE', #2090, #540, #1678 ) ;
#1402 = MECHANICAL_DESIGN_GEOMETRIC_PRESENTATION_REPRESENTATION (  '', ( #302 ), #1600 ) ;
#1403 = DIRECTION ( 'NONE',  ( -0.000000000000000000, 0.000000000000000000, -1.000000000000000000 ) ) ;
#1404 = PRODUCT_DEFINITION_FORMATION_WITH_SPECIFIED_SOURCE ( 'ANY', '', #2282, .NOT_KNOWN. ) ;
#1405 = ADVANCED_FACE ( 'NONE', ( #2261 ), #946, .F. ) ;
#1406 = VECTOR ( 'NONE', #1573, 1000.000000000000000 ) ;
#1407 = LINE ( 'NONE', #2352, #1286 ) ;
#1408 = MECHANICAL_DESIGN_GEOMETRIC_PRESENTATION_REPRESENTATION (  '', ( #1137 ), #1173 ) ;
#1409 = DIRECTION ( 'NONE',  ( -1.000000000000000000, 0.000000000000000000, 0.000000000000000000 ) ) ;
#1410 = ORIENTED_EDGE ( 'NONE', *, *, #554, .T. ) ;
#1411 = CARTESIAN_POINT ( 'NONE',  ( 1.000000000000000000, 1.364999999999999991, 0.4800000000000000377 ) ) ;
#1412 = LINE ( 'NONE', #992, #53 ) ;
#1413 = MECHANICAL_DESIGN_GEOMETRIC_PRESENTATION_REPRESENTATION (  '', ( #2485 ), #967 ) ;
#1414 = CARTESIAN_POINT ( 'NONE',  ( -0.1999999999999996503, 1.099999999999999867, 0.5000000000000009992 ) ) ;
#1415 = SURFACE_STYLE_FILL_AREA ( #217 ) ;
#1416 = CARTESIAN_POINT ( 'NONE',  ( 0.1999999999999996503, 0.4000000000000002442, 0.5000000000000009992 ) ) ;
#1417 = ORIENTED_EDGE ( 'NONE', *, *, #73, .T. ) ;
#1418 = DIRECTION ( 'NONE',  ( 0.000000000000000000, 0.000000000000000000, -1.000000000000000000 ) ) ;
#1419 = CARTESIAN_POINT ( 'NONE',  ( -0.4999999999999995559, 0.2000000000000001499, 0.4800000000000000377 ) ) ;
#1420 = DIRECTION ( 'NONE',  ( -1.000000000000000000, 0.000000000000000000, -1.223893922407415920E-16 ) ) ;
#1421 = STYLED_ITEM ( 'NONE', ( #444 ), #1182 ) ;
#1422 = ORIENTED_EDGE ( 'NONE', *, *, #107, .T. ) ;
#1423 =( LENGTH_UNIT ( ) NAMED_UNIT ( * ) SI_UNIT ( .MILLI., .METRE. ) );
#1424 = DIRECTION ( 'NONE',  ( 0.000000000000000000, 0.000000000000000000, 1.000000000000000000 ) ) ;
#1425 = UNCERTAINTY_MEASURE_WITH_UNIT (LENGTH_MEASURE( 1.000000000000000082E-05 ), #106, 'distance_accuracy_value', 'NONE');
#1426 = CARTESIAN_POINT ( 'NONE',  ( -0.7349999999999986544, 2.235000000000000320, -0.5199999999999991296 ) ) ;
#1427 = EDGE_CURVE ( 'NONE', #1726, #1473, #2471, .T. ) ;
#1428 = FILL_AREA_STYLE ('',( #1795 ) ) ;
#1429 = CARTESIAN_POINT ( 'NONE',  ( -0.3649999999999998801, 1.034999999999999920, -0.5199999999999991296 ) ) ;
#1430 = ORIENTED_EDGE ( 'NONE', *, *, #2415, .T. ) ;
#1431 = FILL_AREA_STYLE ('',( #648 ) ) ;
#1432 =( LENGTH_UNIT ( ) NAMED_UNIT ( * ) SI_UNIT ( .MILLI., .METRE. ) );
#1433 = DIRECTION ( 'NONE',  ( 0.000000000000000000, 0.000000000000000000, 1.000000000000000000 ) ) ;
#1434 = VERTEX_POINT ( 'NONE', #1340 ) ;
#1435 = CARTESIAN_POINT ( 'NONE',  ( -0.1000000000000002554, 1.338240598131294587E-16, 0.4800000000000000377 ) ) ;
#1436 = EDGE_CURVE ( 'NONE', #647, #2451, #2097, .T. ) ;
#1437 = CYLINDRICAL_SURFACE ( 'NONE', #293, 0.06500000000000039080 ) ;
#1438 = DIRECTION ( 'NONE',  ( -1.328261994943550492E-16, -1.000000000000000000, 0.000000000000000000 ) ) ;
#1439 = VERTEX_POINT ( 'NONE', #1204 ) ;
#1440 = COLOUR_RGB ( '',0.6941176470588235059, 0.09411764705882352811, 0.09411764705882352811 ) ;
#1441 = CIRCLE ( 'NONE', #1205, 0.4000000000000000777 ) ;
#1442 =( NAMED_UNIT ( * ) SI_UNIT ( $, .STERADIAN. ) SOLID_ANGLE_UNIT ( ) );
#1443 = MECHANICAL_DESIGN_GEOMETRIC_PRESENTATION_REPRESENTATION (  '', ( #2274 ), #2400 ) ;
#1444 = PRESENTATION_LAYER_ASSIGNMENT (  '', '', ( #708 ) ) ;
#1445 = VECTOR ( 'NONE', #30, 1000.000000000000000 ) ;
#1446 = FILL_AREA_STYLE_COLOUR ( '', #1049 ) ;
#1447 = ORIENTED_EDGE ( 'NONE', *, *, #337, .T. ) ;
#1448 = FACE_OUTER_BOUND ( 'NONE', #2162, .T. ) ;
#1449 = SURFACE_STYLE_USAGE ( .BOTH. , #669 ) ;
#1450 = STYLED_ITEM ( 'NONE', ( #1951 ), #625 ) ;
#1451 = EDGE_CURVE ( 'NONE', #1299, #2218, #1575, .T. ) ;
#1452 = COLOUR_RGB ( '',0.7921568627450980005, 0.8196078431372548767, 0.9333333333333333481 ) ;
#1453 = ORIENTED_EDGE ( 'NONE', *, *, #365, .F. ) ;
#1454 = FILL_AREA_STYLE_COLOUR ( '', #2246 ) ;
#1455 = CARTESIAN_POINT ( 'NONE',  ( -0.3649999999999998801, 1.299999999999999822, 0.4800000000000000377 ) ) ;
#1456 =( NAMED_UNIT ( * ) SI_UNIT ( $, .STERADIAN. ) SOLID_ANGLE_UNIT ( ) );
#1457 = EDGE_CURVE ( 'NONE', #2271, #1840, #1557, .T. ) ;
#1458 = CARTESIAN_POINT ( 'NONE',  ( -0.7350000000000004308, 1.300000000000000044, 0.4800000000000000377 ) ) ;
#1459 = ORIENTED_EDGE ( 'NONE', *, *, #847, .F. ) ;
#1460 = DIRECTION ( 'NONE',  ( 0.000000000000000000, 1.000000000000000000, -0.000000000000000000 ) ) ;
#1461 = LINE ( 'NONE', #2223, #912 ) ;
#1462 = FACE_OUTER_BOUND ( 'NONE', #685, .T. ) ;
#1463 = VERTEX_POINT ( 'NONE', #1764 ) ;
#1464 = LINE ( 'NONE', #131, #785 ) ;
#1465 = EDGE_CURVE ( 'NONE', #2204, #118, #59, .T. ) ;
#1466 = DIRECTION ( 'NONE',  ( 0.000000000000000000, 0.000000000000000000, 1.000000000000000000 ) ) ;
#1467 = FILL_AREA_STYLE ('',( #2028 ) ) ;
#1468 = ORIENTED_EDGE ( 'NONE', *, *, #733, .F. ) ;
#1469 = DIRECTION ( 'NONE',  ( -1.000000000000000000, 2.492418787322999730E-16, 0.000000000000000000 ) ) ;
#1470 = UNCERTAINTY_MEASURE_WITH_UNIT (LENGTH_MEASURE( 1.000000000000000082E-05 ), #1527, 'distance_accuracy_value', 'NONE');
#1471 = LINE ( 'NONE', #1663, #1212 ) ;
#1472 = DIRECTION ( 'NONE',  ( -1.000000000000000000, 0.000000000000000000, -0.000000000000000000 ) ) ;
#1473 = VERTEX_POINT ( 'NONE', #202 ) ;
#1474 = SURFACE_STYLE_USAGE ( .BOTH. , #897 ) ;
#1475 =( GEOMETRIC_REPRESENTATION_CONTEXT ( 3 ) GLOBAL_UNCERTAINTY_ASSIGNED_CONTEXT ( ( #865 ) ) GLOBAL_UNIT_ASSIGNED_CONTEXT ( ( #866, #857, #2224 ) ) REPRESENTATION_CONTEXT ( 'NONE', 'WORKASPACE' ) );
#1476 = EDGE_CURVE ( 'NONE', #1206, #2245, #1596, .T. ) ;
#1477 = AXIS2_PLACEMENT_3D ( 'NONE', #2148, #2302, #980 ) ;
#1478 = AXIS2_PLACEMENT_3D ( 'NONE', #2011, #1998, #2194 ) ;
#1479 = VERTEX_POINT ( 'NONE', #2004 ) ;
#1480 = AXIS2_PLACEMENT_3D ( 'NONE', #353, #2063, #324 ) ;
#1481 = STYLED_ITEM ( 'NONE', ( #968 ), #2078 ) ;
#1482 =( NAMED_UNIT ( * ) SI_UNIT ( $, .STERADIAN. ) SOLID_ANGLE_UNIT ( ) );
#1483 = VERTEX_POINT ( 'NONE', #257 ) ;
#1484 = STYLED_ITEM ( 'NONE', ( #2143 ), #136 ) ;
#1485 = EDGE_CURVE ( 'NONE', #515, #862, #429, .T. ) ;
#1486 = CIRCLE ( 'NONE', #922, 0.2650000000000000688 ) ;
#1487 = EDGE_LOOP ( 'NONE', ( #2308, #1665, #1552, #318, #434, #34, #44, #2291, #64, #1417, #1301, #7, #1901, #9, #2408, #267, #2303, #525, #105, #513, #1775, #381, #1261, #219, #230, #1321, #1041, #1244, #1364, #963, #569, #164, #188, #2109, #1540, #2092 ) ) ;
#1488 = STYLED_ITEM ( 'NONE', ( #2460 ), #764 ) ;
#1489 = LINE ( 'NONE', #2227, #2193 ) ;
#1490 =( NAMED_UNIT ( * ) SI_UNIT ( $, .STERADIAN. ) SOLID_ANGLE_UNIT ( ) );
#1491 = EDGE_LOOP ( 'NONE', ( #1832, #904, #1327, #2150 ) ) ;
#1492 = CARTESIAN_POINT ( 'NONE',  ( -1.199999999999998845, 2.540384256457902144E-17, 0.4800000000000000377 ) ) ;
#1493 = ORIENTED_EDGE ( 'NONE', *, *, #553, .T. ) ;
#1494 = LINE ( 'NONE', #558, #248 ) ;
#1495 = DIRECTION ( 'NONE',  ( -1.000000000000000000, 0.000000000000000000, 0.000000000000000000 ) ) ;
#1496 = LINE ( 'NONE', #918, #1331 ) ;
#1497 = ORIENTED_EDGE ( 'NONE', *, *, #65, .F. ) ;
#1498 = CARTESIAN_POINT ( 'NONE',  ( -0.4999999999999995559, 2.540384256457902144E-17, 0.4800000000000000377 ) ) ;
#1499 = CYLINDRICAL_SURFACE ( 'NONE', #1245, 0.2000000000000000389 ) ;
#1500 = SURFACE_STYLE_USAGE ( .BOTH. , #2254 ) ;
#1501 = EDGE_LOOP ( 'NONE', ( #561, #1312, #2394, #1410, #1122, #2034, #271, #2492, #656, #448, #1809, #2331 ) ) ;
#1502 = LINE ( 'NONE', #1693, #1253 ) ;
#1503 = FILL_AREA_STYLE ('',( #2103 ) ) ;
#1504 = EDGE_CURVE ( 'NONE', #1726, #137, #2364, .T. ) ;
#1505 = LINE ( 'NONE', #152, #1644 ) ;
#1506 =( NAMED_UNIT ( * ) SI_UNIT ( $, .STERADIAN. ) SOLID_ANGLE_UNIT ( ) );
#1507 = FILL_AREA_STYLE_COLOUR ( '', #1216 ) ;
#1508 = CARTESIAN_POINT ( 'NONE',  ( -0.4679491924311227624, 1.099999999999999867, 1.500000000000000000 ) ) ;
#1509 = CARTESIAN_POINT ( 'NONE',  ( -0.1000000000000002554, 0.4000000000000002442, 0.4800000000000000377 ) ) ;
#1510 = SURFACE_SIDE_STYLE ('',( #935 ) ) ;
#1511 = AXIS2_PLACEMENT_3D ( 'NONE', #329, #1337, #1720 ) ;
#1512 = AXIS2_PLACEMENT_3D ( 'NONE', #1187, #1768, #2341 ) ;
#1513 = CIRCLE ( 'NONE', #1959, 0.2649999999999999578 ) ;
#1514 = DIRECTION ( 'NONE',  ( 0.000000000000000000, 0.000000000000000000, 1.000000000000000000 ) ) ;
#1515 = ORIENTED_EDGE ( 'NONE', *, *, #2333, .F. ) ;
#1516 = VECTOR ( 'NONE', #566, 1000.000000000000000 ) ;
#1517 = DIRECTION ( 'NONE',  ( 1.000000000000000000, 0.000000000000000000, -0.000000000000000000 ) ) ;
#1518 = COLOUR_RGB ( '',0.6941176470588235059, 0.09411764705882352811, 0.09411764705882352811 ) ;
#1519 = VECTOR ( 'NONE', #2263, 1000.000000000000000 ) ;
#1520 = ADVANCED_BREP_SHAPE_REPRESENTATION ( '5190TR', ( #739, #793, #1130 ), #2315 ) ;
#1521 = CARTESIAN_POINT ( 'NONE',  ( -0.7350000000000004308, 1.300000000000000044, 0.4800000000000000377 ) ) ;
#1522 = PRESENTATION_LAYER_ASSIGNMENT (  '', '', ( #380 ) ) ;
#1523 =( LENGTH_UNIT ( ) NAMED_UNIT ( * ) SI_UNIT ( .MILLI., .METRE. ) );
#1524 = EDGE_CURVE ( 'NONE', #1160, #1080, #1980, .T. ) ;
#1525 = CARTESIAN_POINT ( 'NONE',  ( 0.3649999999999998801, 1.300000000000000044, 0.4800000000000000377 ) ) ;
#1526 = VECTOR ( 'NONE', #942, 1000.000000000000114 ) ;
#1527 =( LENGTH_UNIT ( ) NAMED_UNIT ( * ) SI_UNIT ( .MILLI., .METRE. ) );
#1528 = STYLED_ITEM ( 'NONE', ( #1221 ), #653 ) ;
#1529 = FILL_AREA_STYLE ('',( #1305 ) ) ;
#1530 = EDGE_CURVE ( 'NONE', #699, #1950, #1013, .T. ) ;
#1531 = CARTESIAN_POINT ( 'NONE',  ( 0.7350000000000004308, 2.300000000000000266, 0.4800000000000000377 ) ) ;
#1532 = VERTEX_POINT ( 'NONE', #2138 ) ;
#1533 = CARTESIAN_POINT ( 'NONE',  ( -1.250000000000000222, 0.4000000000000002442, -1.499999999999999112 ) ) ;
#1534 = CARTESIAN_POINT ( 'NONE',  ( -0.7999999999999994893, 2.300000000000000266, -0.5199999999999991296 ) ) ;
#1535 = SURFACE_SIDE_STYLE ('',( #1896 ) ) ;
#1536 = SURFACE_SIDE_STYLE ('',( #367 ) ) ;
#1537 = ORIENTED_EDGE ( 'NONE', *, *, #1907, .F. ) ;
#1538 = DIRECTION ( 'NONE',  ( -0.000000000000000000, -0.000000000000000000, -1.000000000000000000 ) ) ;
#1539 =( NAMED_UNIT ( * ) SI_UNIT ( $, .STERADIAN. ) SOLID_ANGLE_UNIT ( ) );
#1540 = ORIENTED_EDGE ( 'NONE', *, *, #578, .T. ) ;
#1541 = CARTESIAN_POINT ( 'NONE',  ( -0.2999999999999990452, 0.4000000000000002442, -0.5199999999999991296 ) ) ;
#1542 = CARTESIAN_POINT ( 'NONE',  ( 0.7999999999999994893, 2.235000000000000320, 0.4800000000000000377 ) ) ;
#1543 = EDGE_CURVE ( 'NONE', #2204, #390, #2144, .T. ) ;
#1544 = SURFACE_STYLE_FILL_AREA ( #2489 ) ;
#1545 = EDGE_CURVE ( 'NONE', #1069, #1206, #441, .T. ) ;
#1546 = ORIENTED_EDGE ( 'NONE', *, *, #1633, .F. ) ;
#1547 = CARTESIAN_POINT ( 'NONE',  ( -0.2999999999999990452, 1.034999999999999920, -0.5199999999999991296 ) ) ;
#1548 = UNCERTAINTY_MEASURE_WITH_UNIT (LENGTH_MEASURE( 1.000000000000000082E-05 ), #1432, 'distance_accuracy_value', 'NONE');
#1549 = CARTESIAN_POINT ( 'NONE',  ( -0.1000000000000002554, 1.034999999999999920, 0.4800000000000000377 ) ) ;
#1550 = SURFACE_STYLE_FILL_AREA ( #774 ) ;
#1551 = SURFACE_STYLE_FILL_AREA ( #1352 ) ;
#1552 = ORIENTED_EDGE ( 'NONE', *, *, #988, .T. ) ;
#1553 = DIRECTION ( 'NONE',  ( -0.000000000000000000, 0.000000000000000000, -1.000000000000000000 ) ) ;
#1554 = SURFACE_SIDE_STYLE ('',( #2133 ) ) ;
#1555 = EDGE_CURVE ( 'NONE', #466, #727, #1513, .T. ) ;
#1556 = CARTESIAN_POINT ( 'NONE',  ( 0.7350000000000004308, 2.300000000000000266, 0.4800000000000000377 ) ) ;
#1557 = CIRCLE ( 'NONE', #445, 0.06500000000000039080 ) ;
#1558 = ORIENTED_EDGE ( 'NONE', *, *, #1979, .T. ) ;
#1559 = PRESENTATION_LAYER_ASSIGNMENT (  '', '', ( #618 ) ) ;
#1560 = CIRCLE ( 'NONE', #2198, 0.06499999999999994671 ) ;
#1561 = CARTESIAN_POINT ( 'NONE',  ( 0.4679491924311227624, 1.099999999999999867, 1.500000000000000000 ) ) ;
#1562 = VECTOR ( 'NONE', #2321, 1000.000000000000000 ) ;
#1563 = EDGE_CURVE ( 'NONE', #2306, #696, #1784, .T. ) ;
#1564 = SURFACE_STYLE_FILL_AREA ( #788 ) ;
#1565 = VERTEX_POINT ( 'NONE', #817 ) ;
#1566 =( NAMED_UNIT ( * ) PLANE_ANGLE_UNIT ( ) SI_UNIT ( $, .RADIAN. ) );
#1567 = CIRCLE ( 'NONE', #1884, 0.2650000000000000133 ) ;
#1568 = CARTESIAN_POINT ( 'NONE',  ( -0.4999999999999995559, 0.4000000000000002442, -0.5199999999999991296 ) ) ;
#1569 = ORIENTED_EDGE ( 'NONE', *, *, #484, .T. ) ;
#1570 = DIRECTION ( 'NONE',  ( -1.000000000000000000, 0.000000000000000000, 0.000000000000000000 ) ) ;
#1571 = CARTESIAN_POINT ( 'NONE',  ( 0.7350000000000004308, 1.099999999999999867, -0.5199999999999991296 ) ) ;
#1572 = UNCERTAINTY_MEASURE_WITH_UNIT (LENGTH_MEASURE( 1.000000000000000082E-05 ), #1235, 'distance_accuracy_value', 'NONE');
#1573 = DIRECTION ( 'NONE',  ( -0.000000000000000000, -1.000000000000000000, -0.000000000000000000 ) ) ;
#1574 = CARTESIAN_POINT ( 'NONE',  ( -0.7349999999999986544, 2.300000000000000266, 0.4800000000000000377 ) ) ;
#1575 = LINE ( 'NONE', #241, #577 ) ;
#1576 = EDGE_CURVE ( 'NONE', #1479, #797, #911, .T. ) ;
#1577 = ORIENTED_EDGE ( 'NONE', *, *, #1268, .F. ) ;
#1578 = CARTESIAN_POINT ( 'NONE',  ( -1.250000000000000222, 1.099999999999999867, -1.499999999999999112 ) ) ;
#1579 = FACE_OUTER_BOUND ( 'NONE', #506, .T. ) ;
#1580 = SURFACE_SIDE_STYLE ('',( #1973 ) ) ;
#1581 = VERTEX_POINT ( 'NONE', #2160 ) ;
#1582 = DIRECTION ( 'NONE',  ( 2.492418787322999730E-16, 1.000000000000000000, -0.000000000000000000 ) ) ;
#1583 =( NAMED_UNIT ( * ) SI_UNIT ( $, .STERADIAN. ) SOLID_ANGLE_UNIT ( ) );
#1584 = EDGE_CURVE ( 'NONE', #1117, #1981, #399, .T. ) ;
#1585 = FILL_AREA_STYLE_COLOUR ( '', #2134 ) ;
#1586 = CARTESIAN_POINT ( 'NONE',  ( 0.7350000000000004308, 1.099999999999999867, 0.4800000000000000377 ) ) ;
#1587 = VERTEX_POINT ( 'NONE', #408 ) ;
#1588 = PLANE ( 'NONE',  #2006 ) ;
#1589 = CARTESIAN_POINT ( 'NONE',  ( -0.7999999999999994893, 2.235000000000000320, 0.4800000000000000377 ) ) ;
#1590 = ORIENTED_EDGE ( 'NONE', *, *, #2340, .T. ) ;
#1591 = FACE_OUTER_BOUND ( 'NONE', #394, .T. ) ;
#1592 = VECTOR ( 'NONE', #193, 1000.000000000000000 ) ;
#1593 = DIRECTION ( 'NONE',  ( 1.328261994943550492E-16, -1.000000000000000000, 0.000000000000000000 ) ) ;
#1594 = UNCERTAINTY_MEASURE_WITH_UNIT (LENGTH_MEASURE( 1.000000000000000082E-05 ), #2486, 'distance_accuracy_value', 'NONE');
#1595 = CARTESIAN_POINT ( 'NONE',  ( -1.199999999999998845, 0.4000000000000002442, -0.5199999999999991296 ) ) ;
#1596 = CIRCLE ( 'NONE', #1161, 0.2650000000000000133 ) ;
#1597 = AXIS2_PLACEMENT_3D ( 'NONE', #689, #2384, #650 ) ;
#1598 = FACE_OUTER_BOUND ( 'NONE', #2066, .T. ) ;
#1599 = DIRECTION ( 'NONE',  ( 0.000000000000000000, -0.000000000000000000, -1.000000000000000000 ) ) ;
#1600 =( GEOMETRIC_REPRESENTATION_CONTEXT ( 3 ) GLOBAL_UNCERTAINTY_ASSIGNED_CONTEXT ( ( #2195 ) ) GLOBAL_UNIT_ASSIGNED_CONTEXT ( ( #1612, #799, #1583 ) ) REPRESENTATION_CONTEXT ( 'NONE', 'WORKASPACE' ) );
#1601 = ORIENTED_EDGE ( 'NONE', *, *, #1545, .F. ) ;
#1602 = FACE_OUTER_BOUND ( 'NONE', #1920, .T. ) ;
#1603 = FILL_AREA_STYLE ('',( #1811 ) ) ;
#1604 = VECTOR ( 'NONE', #2480, 1000.000000000000000 ) ;
#1605 =( NAMED_UNIT ( * ) PLANE_ANGLE_UNIT ( ) SI_UNIT ( $, .RADIAN. ) );
#1606 = STYLED_ITEM ( 'NONE', ( #2496 ), #517 ) ;
#1607 = DIRECTION ( 'NONE',  ( 0.000000000000000000, 0.000000000000000000, 1.000000000000000000 ) ) ;
#1608 = VERTEX_POINT ( 'NONE', #43 ) ;
#1609 = EDGE_CURVE ( 'NONE', #1715, #1721, #1560, .T. ) ;
#1610 = CYLINDRICAL_SURFACE ( 'NONE', #2085, 0.06499999999999994671 ) ;
#1611 = AXIS2_PLACEMENT_3D ( 'NONE', #1135, #2470, #1724 ) ;
#1612 =( LENGTH_UNIT ( ) NAMED_UNIT ( * ) SI_UNIT ( .MILLI., .METRE. ) );
#1613 = PRESENTATION_LAYER_ASSIGNMENT (  '', '', ( #2372 ) ) ;
#1614 = FILL_AREA_STYLE ('',( #592 ) ) ;
#1615 = DIRECTION ( 'NONE',  ( 0.000000000000000000, 0.000000000000000000, 1.000000000000000000 ) ) ;
#1616 = FACE_OUTER_BOUND ( 'NONE', #2209, .T. ) ;
#1617 = EDGE_LOOP ( 'NONE', ( #180, #509, #2348, #1285 ) ) ;
#1618 = FACE_OUTER_BOUND ( 'NONE', #121, .T. ) ;
#1619 = DIRECTION ( 'NONE',  ( -0.000000000000000000, -0.000000000000000000, -1.000000000000000000 ) ) ;
#1620 = CARTESIAN_POINT ( 'NONE',  ( -0.7350000000000004308, 1.099999999999999867, 0.4800000000000000377 ) ) ;
#1621 = SURFACE_STYLE_FILL_AREA ( #1646 ) ;
#1622 = VERTEX_POINT ( 'NONE', #1219 ) ;
#1623 = DIRECTION ( 'NONE',  ( 0.2588190451025215166, 0.000000000000000000, -0.9659258262890679791 ) ) ;
#1624 = ADVANCED_FACE ( 'NONE', ( #1616 ), #2185, .F. ) ;
#1625 = DIRECTION ( 'NONE',  ( 0.000000000000000000, 1.000000000000000000, -0.000000000000000000 ) ) ;
#1626 = UNCERTAINTY_MEASURE_WITH_UNIT (LENGTH_MEASURE( 1.000000000000000082E-05 ), #163, 'distance_accuracy_value', 'NONE');
#1627 = CARTESIAN_POINT ( 'NONE',  ( 1.000000000000001776, 2.235000000000000320, 0.4800000000000000377 ) ) ;
#1628 = FILL_AREA_STYLE_COLOUR ( '', #2313 ) ;
#1629 = VERTEX_POINT ( 'NONE', #1079 ) ;
#1630 = CARTESIAN_POINT ( 'NONE',  ( 0.7350000000000004308, 2.500000000000000888, 0.4800000000000000377 ) ) ;
#1631 = FACE_OUTER_BOUND ( 'NONE', #2338, .T. ) ;
#1632 = ORIENTED_EDGE ( 'NONE', *, *, #297, .T. ) ;
#1633 = EDGE_CURVE ( 'NONE', #321, #203, #2403, .T. ) ;
#1634 = FACE_OUTER_BOUND ( 'NONE', #2016, .T. ) ;
#1635 =( NAMED_UNIT ( * ) SI_UNIT ( $, .STERADIAN. ) SOLID_ANGLE_UNIT ( ) );
#1636 = DIRECTION ( 'NONE',  ( -0.000000000000000000, -0.000000000000000000, -1.000000000000000000 ) ) ;
#1637 = FACE_OUTER_BOUND ( 'NONE', #222, .T. ) ;
#1638 = AXIS2_PLACEMENT_3D ( 'NONE', #1233, #1992, #28 ) ;
#1639 = EDGE_LOOP ( 'NONE', ( #259, #651, #1032, #896 ) ) ;
#1640 = EDGE_CURVE ( 'NONE', #1788, #1608, #2058, .T. ) ;
#1641 =( GEOMETRIC_REPRESENTATION_CONTEXT ( 3 ) GLOBAL_UNCERTAINTY_ASSIGNED_CONTEXT ( ( #598 ) ) GLOBAL_UNIT_ASSIGNED_CONTEXT ( ( #485, #279, #680 ) ) REPRESENTATION_CONTEXT ( 'NONE', 'WORKASPACE' ) );
#1642 = STYLED_ITEM ( 'NONE', ( #518 ), #1738 ) ;
#1643 = DIRECTION ( 'NONE',  ( -1.000000000000000000, 0.000000000000000000, 0.000000000000000000 ) ) ;
#1644 = VECTOR ( 'NONE', #941, 1000.000000000000000 ) ;
#1645 = CARTESIAN_POINT ( 'NONE',  ( -0.8000000000000012657, 2.235000000000000320, -0.5199999999999991296 ) ) ;
#1646 = FILL_AREA_STYLE ('',( #266 ) ) ;
#1647 = ORIENTED_EDGE ( 'NONE', *, *, #260, .T. ) ;
#1648 = MECHANICAL_DESIGN_GEOMETRIC_PRESENTATION_REPRESENTATION (  '', ( #304 ), #541 ) ;
#1649 = CARTESIAN_POINT ( 'NONE',  ( 1.000000000000000000, 2.235000000000000320, 0.4800000000000000377 ) ) ;
#1650 = UNCERTAINTY_MEASURE_WITH_UNIT (LENGTH_MEASURE( 1.000000000000000082E-05 ), #480, 'distance_accuracy_value', 'NONE');
#1651 = AXIS2_PLACEMENT_3D ( 'NONE', #1021, #780, #1780 ) ;
#1652 = LINE ( 'NONE', #295, #587 ) ;
#1653 = PRESENTATION_LAYER_ASSIGNMENT (  '', '', ( #1528 ) ) ;
#1654 = FILL_AREA_STYLE ('',( #1671 ) ) ;
#1655 = CYLINDRICAL_SURFACE ( 'NONE', #206, 0.06499999999999994671 ) ;
#1656 = ORIENTED_EDGE ( 'NONE', *, *, #578, .F. ) ;
#1657 = DIRECTION ( 'NONE',  ( -0.000000000000000000, -0.000000000000000000, -1.000000000000000000 ) ) ;
#1658 = FILL_AREA_STYLE ('',( #1082 ) ) ;
#1659 = CARTESIAN_POINT ( 'NONE',  ( 0.7350000000000004308, 1.099999999999999867, 0.4800000000000000377 ) ) ;
#1660 = ORIENTED_EDGE ( 'NONE', *, *, #1457, .F. ) ;
#1661 = DIRECTION ( 'NONE',  ( -2.492418787322999730E-16, 1.000000000000000000, 0.000000000000000000 ) ) ;
#1662 = PRESENTATION_STYLE_ASSIGNMENT (( #1853 ) ) ;
#1663 = CARTESIAN_POINT ( 'NONE',  ( -0.7349999999999986544, 2.500000000000000888, -0.5199999999999991296 ) ) ;
#1664 = PRESENTATION_STYLE_ASSIGNMENT (( #508 ) ) ;
#1665 = ORIENTED_EDGE ( 'NONE', *, *, #95, .T. ) ;
#1666 = ADVANCED_FACE ( 'NONE', ( #1637 ), #882, .T. ) ;
#1667 = SURFACE_STYLE_FILL_AREA ( #1431 ) ;
#1668 = DIRECTION ( 'NONE',  ( 0.000000000000000000, 0.000000000000000000, 1.000000000000000000 ) ) ;
#1669 =( LENGTH_UNIT ( ) NAMED_UNIT ( * ) SI_UNIT ( .MILLI., .METRE. ) );
#1670 = ORIENTED_EDGE ( 'NONE', *, *, #2340, .F. ) ;
#1671 = FILL_AREA_STYLE_COLOUR ( '', #2114 ) ;
#1672 = VERTEX_POINT ( 'NONE', #2232 ) ;
#1673 = CARTESIAN_POINT ( 'NONE',  ( -0.7350000000000004308, 1.364999999999999991, 0.4800000000000000377 ) ) ;
#1674 = SURFACE_STYLE_FILL_AREA ( #1658 ) ;
#1675 = VECTOR ( 'NONE', #290, 1000.000000000000000 ) ;
#1676 = MECHANICAL_DESIGN_GEOMETRIC_PRESENTATION_REPRESENTATION (  '', ( #1642 ), #663 ) ;
#1677 = AXIS2_PLACEMENT_3D ( 'NONE', #440, #1940, #985 ) ;
#1678 = DIRECTION ( 'NONE',  ( -1.000000000000000000, 0.000000000000000000, 0.000000000000000000 ) ) ;
#1679 = ORIENTED_EDGE ( 'NONE', *, *, #1530, .F. ) ;
#1680 = VECTOR ( 'NONE', #81, 1000.000000000000000 ) ;
#1681 = ORIENTED_EDGE ( 'NONE', *, *, #369, .F. ) ;
#1682 = FILL_AREA_STYLE_COLOUR ( '', #60 ) ;
#1683 = AXIS2_PLACEMENT_3D ( 'NONE', #31, #815, #2345 ) ;
#1684 = PRESENTATION_STYLE_ASSIGNMENT (( #954 ) ) ;
#1685 = DIRECTION ( 'NONE',  ( -1.000000000000000000, 0.000000000000000000, 0.000000000000000000 ) ) ;
#1686 =( GEOMETRIC_REPRESENTATION_CONTEXT ( 3 ) GLOBAL_UNCERTAINTY_ASSIGNED_CONTEXT ( ( #1947 ) ) GLOBAL_UNIT_ASSIGNED_CONTEXT ( ( #641, #1946, #395 ) ) REPRESENTATION_CONTEXT ( 'NONE', 'WORKASPACE' ) );
#1687 = LINE ( 'NONE', #726, #841 ) ;
#1688 = VERTEX_POINT ( 'NONE', #2202 ) ;
#1689 = MECHANICAL_DESIGN_GEOMETRIC_PRESENTATION_REPRESENTATION (  '', ( #2286 ), #2166 ) ;
#1690 = DIRECTION ( 'NONE',  ( -0.000000000000000000, -0.000000000000000000, -1.000000000000000000 ) ) ;
#1691 = DIRECTION ( 'NONE',  ( -1.000000000000000000, 0.000000000000000000, 0.000000000000000000 ) ) ;
#1692 = ORIENTED_EDGE ( 'NONE', *, *, #2136, .F. ) ;
#1693 = CARTESIAN_POINT ( 'NONE',  ( 0.3649999999999998801, 1.099999999999999867, 0.4800000000000000377 ) ) ;
#1694 = FILL_AREA_STYLE ('',( #771 ) ) ;
#1695 = SURFACE_STYLE_USAGE ( .BOTH. , #1535 ) ;
#1696 = CARTESIAN_POINT ( 'NONE',  ( 0.7999999999999994893, 1.300000000000000044, -0.5199999999999991296 ) ) ;
#1697 = PRESENTATION_STYLE_ASSIGNMENT (( #930 ) ) ;
#1698 = DIRECTION ( 'NONE',  ( -1.000000000000000000, 0.000000000000000000, -1.223893922407415920E-16 ) ) ;
#1699 = EDGE_LOOP ( 'NONE', ( #1344, #2497, #1297, #326 ) ) ;
#1700 = ADVANCED_FACE ( 'NONE', ( #1462 ), #1655, .F. ) ;
#1701 = FILL_AREA_STYLE_COLOUR ( '', #1134 ) ;
#1702 =( NAMED_UNIT ( * ) PLANE_ANGLE_UNIT ( ) SI_UNIT ( $, .RADIAN. ) );
#1703 = CARTESIAN_POINT ( 'NONE',  ( -0.7349999999999986544, 2.300000000000000266, 0.4800000000000000377 ) ) ;
#1704 = VERTEX_POINT ( 'NONE', #140 ) ;
#1705 = SURFACE_SIDE_STYLE ('',( #143 ) ) ;
#1706 = DIRECTION ( 'NONE',  ( 0.000000000000000000, -0.000000000000000000, 1.000000000000000000 ) ) ;
#1707 = EDGE_CURVE ( 'NONE', #1840, #2059, #1152, .T. ) ;
#1708 = LINE ( 'NONE', #1155, #2117 ) ;
#1709 = LINE ( 'NONE', #1342, #2312 ) ;
#1710 = VECTOR ( 'NONE', #961, 1000.000000000000000 ) ;
#1711 = STYLED_ITEM ( 'NONE', ( #1092 ), #944 ) ;
#1712 = COLOUR_RGB ( '',0.7921568627450980005, 0.8196078431372548767, 0.9333333333333333481 ) ;
#1713 = PRESENTATION_LAYER_ASSIGNMENT (  '', '', ( #1834 ) ) ;
#1714 = DIRECTION ( 'NONE',  ( 0.000000000000000000, 0.000000000000000000, 1.000000000000000000 ) ) ;
#1715 = VERTEX_POINT ( 'NONE', #761 ) ;
#1716 = PRESENTATION_LAYER_ASSIGNMENT (  '', '', ( #1837 ) ) ;
#1717 = CARTESIAN_POINT ( 'NONE',  ( 0.7350000000000004308, 1.364999999999999991, 0.4800000000000000377 ) ) ;
#1718 = VECTOR ( 'NONE', #1228, 1000.000000000000000 ) ;
#1719 = STYLED_ITEM ( 'NONE', ( #537 ), #1520 ) ;
#1720 = DIRECTION ( 'NONE',  ( -1.000000000000000000, 0.000000000000000000, -0.000000000000000000 ) ) ;
#1721 = VERTEX_POINT ( 'NONE', #2084 ) ;
#1722 = EDGE_CURVE ( 'NONE', #762, #1184, #1441, .T. ) ;
#1723 = PRESENTATION_LAYER_ASSIGNMENT (  '', '', ( #1055 ) ) ;
#1724 = DIRECTION ( 'NONE',  ( -0.000000000000000000, 0.000000000000000000, -1.000000000000000000 ) ) ;
#1725 = FILL_AREA_STYLE_COLOUR ( '', #2074 ) ;
#1726 = VERTEX_POINT ( 'NONE', #527 ) ;
#1727 = COLOUR_RGB ( '',0.7921568627450980005, 0.8196078431372548767, 0.9333333333333333481 ) ;
#1728 = SURFACE_STYLE_USAGE ( .BOTH. , #538 ) ;
#1729 = CARTESIAN_POINT ( 'NONE',  ( 0.3249999999999997891, 0.4000000000000002442, -0.5199999999999991296 ) ) ;
#1730 = CARTESIAN_POINT ( 'NONE',  ( 1.200000000000000622, 0.2000000000000000389, 0.4800000000000000377 ) ) ;
#1731 =( NAMED_UNIT ( * ) PLANE_ANGLE_UNIT ( ) SI_UNIT ( $, .RADIAN. ) );
#1732 = ORIENTED_EDGE ( 'NONE', *, *, #365, .T. ) ;
#1733 = DIRECTION ( 'NONE',  ( 0.000000000000000000, 0.000000000000000000, 1.000000000000000000 ) ) ;
#1734 =( NAMED_UNIT ( * ) PLANE_ANGLE_UNIT ( ) SI_UNIT ( $, .RADIAN. ) );
#1735 = SURFACE_STYLE_USAGE ( .BOTH. , #1536 ) ;
#1736 = VERTEX_POINT ( 'NONE', #1324 ) ;
#1737 = ORIENTED_EDGE ( 'NONE', *, *, #277, .F. ) ;
#1738 = ADVANCED_FACE ( 'NONE', ( #2305 ), #177, .T. ) ;
#1739 = CARTESIAN_POINT ( 'NONE',  ( -1.000000000000000000, 1.364999999999999991, 0.4800000000000000377 ) ) ;
#1740 = FILL_AREA_STYLE ('',( #1172 ) ) ;
#1741 = FACE_OUTER_BOUND ( 'NONE', #358, .T. ) ;
#1742 = EDGE_LOOP ( 'NONE', ( #818, #134, #1252, #1983 ) ) ;
#1743 = EDGE_CURVE ( 'NONE', #1050, #1797, #1925, .T. ) ;
#1744 = DIRECTION ( 'NONE',  ( 0.000000000000000000, 0.000000000000000000, 1.000000000000000000 ) ) ;
#1745 = UNCERTAINTY_MEASURE_WITH_UNIT (LENGTH_MEASURE( 1.000000000000000082E-05 ), #18, 'distance_accuracy_value', 'NONE');
#1746 = ORIENTED_EDGE ( 'NONE', *, *, #1845, .F. ) ;
#1747 = LINE ( 'NONE', #787, #1396 ) ;
#1748 = DIRECTION ( 'NONE',  ( 0.2588190451025215166, 0.000000000000000000, 0.9659258262890679791 ) ) ;
#1749 = ORIENTED_EDGE ( 'NONE', *, *, #1268, .T. ) ;
#1750 = SURFACE_STYLE_USAGE ( .BOTH. , #1554 ) ;
#1751 = DIRECTION ( 'NONE',  ( -1.000000000000000000, 0.000000000000000000, 0.000000000000000000 ) ) ;
#1752 = EDGE_LOOP ( 'NONE', ( #2086, #1660, #1192, #1803 ) ) ;
#1753 =( NAMED_UNIT ( * ) PLANE_ANGLE_UNIT ( ) SI_UNIT ( $, .RADIAN. ) );
#1754 = MECHANICAL_DESIGN_GEOMETRIC_PRESENTATION_REPRESENTATION (  '', ( #528 ), #910 ) ;
#1755 = CIRCLE ( 'NONE', #1871, 0.2000000000000000944 ) ;
#1756 = EDGE_CURVE ( 'NONE', #75, #1111, #2258, .T. ) ;
#1757 = MECHANICAL_DESIGN_GEOMETRIC_PRESENTATION_REPRESENTATION (  '', ( #449 ), #2199 ) ;
#1758 = FACE_OUTER_BOUND ( 'NONE', #191, .T. ) ;
#1759 =( GEOMETRIC_REPRESENTATION_CONTEXT ( 3 ) GLOBAL_UNCERTAINTY_ASSIGNED_CONTEXT ( ( #1772 ) ) GLOBAL_UNIT_ASSIGNED_CONTEXT ( ( #1289, #251, #1053 ) ) REPRESENTATION_CONTEXT ( 'NONE', 'WORKASPACE' ) );
#1760 = AXIS2_PLACEMENT_3D ( 'NONE', #148, #1691, #1714 ) ;
#1761 = CARTESIAN_POINT ( 'NONE',  ( -0.7349999999999986544, 2.500000000000000888, 0.4800000000000000377 ) ) ;
#1762 = PRESENTATION_LAYER_ASSIGNMENT (  '', '', ( #2316 ) ) ;
#1763 =( NAMED_UNIT ( * ) SI_UNIT ( $, .STERADIAN. ) SOLID_ANGLE_UNIT ( ) );
#1764 = CARTESIAN_POINT ( 'NONE',  ( -0.4999999999999995559, 0.2000000000000001499, -0.5199999999999991296 ) ) ;
#1765 = ORIENTED_EDGE ( 'NONE', *, *, #185, .T. ) ;
#1766 = FILL_AREA_STYLE ('',( #401 ) ) ;
#1767 = AXIS2_PLACEMENT_3D ( 'NONE', #2038, #287, #1266 ) ;
#1768 = DIRECTION ( 'NONE',  ( 0.000000000000000000, 0.000000000000000000, 1.000000000000000000 ) ) ;
#1769 = ORIENTED_EDGE ( 'NONE', *, *, #829, .T. ) ;
#1770 = EDGE_CURVE ( 'NONE', #1463, #1050, #1755, .T. ) ;
#1771 = DIRECTION ( 'NONE',  ( -1.000000000000000000, 0.000000000000000000, 0.000000000000000000 ) ) ;
#1772 = UNCERTAINTY_MEASURE_WITH_UNIT (LENGTH_MEASURE( 1.000000000000000082E-05 ), #1289, 'distance_accuracy_value', 'NONE');
#1773 = SURFACE_SIDE_STYLE ('',( #421 ) ) ;
#1774 = DIRECTION ( 'NONE',  ( 0.000000000000000000, 1.000000000000000000, 0.000000000000000000 ) ) ;
#1775 = ORIENTED_EDGE ( 'NONE', *, *, #1869, .T. ) ;
#1776 = FILL_AREA_STYLE_COLOUR ( '', #1868 ) ;
#1777 = CARTESIAN_POINT ( 'NONE',  ( 8.673617379884035472E-16, 1.099999999999999867, 1.500000000000000000 ) ) ;
#1778 = CARTESIAN_POINT ( 'NONE',  ( 0.4999999999999995559, 0.4000000000000002442, -0.5199999999999991296 ) ) ;
#1779 = ORIENTED_EDGE ( 'NONE', *, *, #292, .T. ) ;
#1780 = DIRECTION ( 'NONE',  ( 1.000000000000000000, 1.328261994943550492E-16, 0.000000000000000000 ) ) ;
#1781 = DIRECTION ( 'NONE',  ( 0.000000000000000000, -1.000000000000000000, -0.000000000000000000 ) ) ;
#1782 = CARTESIAN_POINT ( 'NONE',  ( -0.3249999999999997891, 0.4000000000000002442, 0.5000000000000009992 ) ) ;
#1783 =( LENGTH_UNIT ( ) NAMED_UNIT ( * ) SI_UNIT ( .MILLI., .METRE. ) );
#1784 = LINE ( 'NONE', #1387, #13 ) ;
#1785 = ORIENTED_EDGE ( 'NONE', *, *, #1086, .F. ) ;
#1786 = DIRECTION ( 'NONE',  ( -1.000000000000000000, -0.000000000000000000, -0.000000000000000000 ) ) ;
#1787 =( NAMED_UNIT ( * ) SI_UNIT ( $, .STERADIAN. ) SOLID_ANGLE_UNIT ( ) );
#1788 = VERTEX_POINT ( 'NONE', #725 ) ;
#1789 =( NAMED_UNIT ( * ) PLANE_ANGLE_UNIT ( ) SI_UNIT ( $, .RADIAN. ) );
#1790 = CARTESIAN_POINT ( 'NONE',  ( -0.3649999999999998801, 1.099999999999999867, 0.4800000000000000377 ) ) ;
#1791 = UNCERTAINTY_MEASURE_WITH_UNIT (LENGTH_MEASURE( 1.000000000000000082E-05 ), #1669, 'distance_accuracy_value', 'NONE');
#1792 = SURFACE_STYLE_FILL_AREA ( #1614 ) ;
#1793 = CIRCLE ( 'NONE', #581, 0.2000000000000000389 ) ;
#1794 = PRESENTATION_LAYER_ASSIGNMENT (  '', '', ( #1958 ) ) ;
#1795 = FILL_AREA_STYLE_COLOUR ( '', #2449 ) ;
#1796 = DIRECTION ( 'NONE',  ( -1.000000000000000000, 0.000000000000000000, 0.000000000000000000 ) ) ;
#1797 = VERTEX_POINT ( 'NONE', #330 ) ;
#1798 = EDGE_CURVE ( 'NONE', #390, #1981, #366, .T. ) ;
#1799 = PRESENTATION_LAYER_ASSIGNMENT (  '', '', ( #1481 ) ) ;
#1800 =( NAMED_UNIT ( * ) SI_UNIT ( $, .STERADIAN. ) SOLID_ANGLE_UNIT ( ) );
#1801 = DIRECTION ( 'NONE',  ( 0.000000000000000000, 0.000000000000000000, 1.000000000000000000 ) ) ;
#1802 = PRESENTATION_LAYER_ASSIGNMENT (  '', '', ( #1606 ) ) ;
#1803 = ORIENTED_EDGE ( 'NONE', *, *, #95, .F. ) ;
#1804 = CARTESIAN_POINT ( 'NONE',  ( -0.3649999999999998801, 1.299999999999999822, -0.5199999999999991296 ) ) ;
#1805 = MECHANICAL_DESIGN_GEOMETRIC_PRESENTATION_REPRESENTATION (  '', ( #1488 ), #1059 ) ;
#1806 = DIRECTION ( 'NONE',  ( 0.000000000000000000, 1.000000000000000000, 0.000000000000000000 ) ) ;
#1807 = AXIS2_PLACEMENT_3D ( 'NONE', #1183, #1885, #2287 ) ;
#1808 =( NAMED_UNIT ( * ) SI_UNIT ( $, .STERADIAN. ) SOLID_ANGLE_UNIT ( ) );
#1809 = ORIENTED_EDGE ( 'NONE', *, *, #2228, .T. ) ;
#1810 = FILL_AREA_STYLE ('',( #846 ) ) ;
#1811 = FILL_AREA_STYLE_COLOUR ( '', #895 ) ;
#1812 = EDGE_CURVE ( 'NONE', #2059, #321, #2203, .T. ) ;
#1813 = CARTESIAN_POINT ( 'NONE',  ( -0.4999999999999995559, 0.2000000000000001499, 0.4800000000000000377 ) ) ;
#1814 = SURFACE_SIDE_STYLE ('',( #1062 ) ) ;
#1815 = ORIENTED_EDGE ( 'NONE', *, *, #277, .T. ) ;
#1816 = FILL_AREA_STYLE_COLOUR ( '', #451 ) ;
#1817 = UNCERTAINTY_MEASURE_WITH_UNIT (LENGTH_MEASURE( 1.000000000000000082E-05 ), #1295, 'distance_accuracy_value', 'NONE');
#1818 = FILL_AREA_STYLE_COLOUR ( '', #2284 ) ;
#1819 = FILL_AREA_STYLE_COLOUR ( '', #2000 ) ;
#1820 = ORIENTED_EDGE ( 'NONE', *, *, #2050, .F. ) ;
#1821 = DIRECTION ( 'NONE',  ( 1.000000000000000000, 0.000000000000000000, -0.000000000000000000 ) ) ;
#1822 = FILL_AREA_STYLE ('',( #2423 ) ) ;
#1823 = CARTESIAN_POINT ( 'NONE',  ( 1.250000000000000222, 1.099999999999999867, 1.500000000000000000 ) ) ;
#1824 = FACE_OUTER_BOUND ( 'NONE', #114, .T. ) ;
#1825 = EDGE_LOOP ( 'NONE', ( #194, #990, #919, #2255 ) ) ;
#1826 = PRESENTATION_STYLE_ASSIGNMENT (( #2182 ) ) ;
#1827 = SURFACE_STYLE_FILL_AREA ( #893 ) ;
#1828 = EDGE_CURVE ( 'NONE', #2135, #2005, #1505, .T. ) ;
#1829 = DIRECTION ( 'NONE',  ( -0.000000000000000000, -0.000000000000000000, -1.000000000000000000 ) ) ;
#1830 = CARTESIAN_POINT ( 'NONE',  ( 0.4999999999999995559, 0.2000000000000001499, 0.4800000000000000377 ) ) ;
#1831 = COLOUR_RGB ( '',0.7921568627450980005, 0.8196078431372548767, 0.9333333333333333481 ) ;
#1832 = ORIENTED_EDGE ( 'NONE', *, *, #484, .F. ) ;
#1833 = VECTOR ( 'NONE', #407, 1000.000000000000000 ) ;
#1834 = STYLED_ITEM ( 'NONE', ( #1191 ), #1624 ) ;
#1835 = FACE_OUTER_BOUND ( 'NONE', #594, .T. ) ;
#1836 =( GEOMETRIC_REPRESENTATION_CONTEXT ( 3 ) GLOBAL_UNCERTAINTY_ASSIGNED_CONTEXT ( ( #87 ) ) GLOBAL_UNIT_ASSIGNED_CONTEXT ( ( #195, #1156, #1369 ) ) REPRESENTATION_CONTEXT ( 'NONE', 'WORKASPACE' ) );
#1837 = STYLED_ITEM ( 'NONE', ( #1997 ), #2377 ) ;
#1838 = STYLED_ITEM ( 'NONE', ( #282 ), #2027 ) ;
#1839 = CYLINDRICAL_SURFACE ( 'NONE', #1597, 0.2000000000000000944 ) ;
#1840 = VERTEX_POINT ( 'NONE', #1703 ) ;
#1841 = COLOUR_RGB ( '',0.6941176470588235059, 0.09411764705882352811, 0.09411764705882352811 ) ;
#1842 = DIRECTION ( 'NONE',  ( 1.000000000000000000, 2.492418787322999730E-16, -0.000000000000000000 ) ) ;
#1843 = DIRECTION ( 'NONE',  ( 0.000000000000000000, -1.000000000000000000, 0.000000000000000000 ) ) ;
#1844 = UNCERTAINTY_MEASURE_WITH_UNIT (LENGTH_MEASURE( 1.000000000000000082E-05 ), #347, 'distance_accuracy_value', 'NONE');
#1845 = EDGE_CURVE ( 'NONE', #1797, #1236, #1129, .T. ) ;
#1846 = CARTESIAN_POINT ( 'NONE',  ( 0.7999999999999994893, 2.235000000000000320, -0.5199999999999991296 ) ) ;
#1847 = AXIS2_PLACEMENT_3D ( 'NONE', #1096, #1850, #1821 ) ;
#1848 = DIRECTION ( 'NONE',  ( -0.000000000000000000, -0.000000000000000000, -1.000000000000000000 ) ) ;
#1849 = ORIENTED_EDGE ( 'NONE', *, *, #1073, .T. ) ;
#1850 = DIRECTION ( 'NONE',  ( 0.000000000000000000, -0.000000000000000000, 1.000000000000000000 ) ) ;
#1851 = VERTEX_POINT ( 'NONE', #2155 ) ;
#1852 = DIRECTION ( 'NONE',  ( -1.000000000000000000, 0.000000000000000000, 0.000000000000000000 ) ) ;
#1853 = SURFACE_STYLE_USAGE ( .BOTH. , #86 ) ;
#1854 = DIRECTION ( 'NONE',  ( -0.000000000000000000, 1.000000000000000000, 0.000000000000000000 ) ) ;
#1855 = DIRECTION ( 'NONE',  ( -0.000000000000000000, -0.000000000000000000, -1.000000000000000000 ) ) ;
#1856 =( LENGTH_UNIT ( ) NAMED_UNIT ( * ) SI_UNIT ( .MILLI., .METRE. ) );
#1857 = ORIENTED_EDGE ( 'NONE', *, *, #1374, .T. ) ;
#1858 =( NAMED_UNIT ( * ) PLANE_ANGLE_UNIT ( ) SI_UNIT ( $, .RADIAN. ) );
#1859 = ADVANCED_FACE ( 'NONE', ( #1938 ), #1961, .F. ) ;
#1860 = PRESENTATION_STYLE_ASSIGNMENT (( #132 ) ) ;
#1861 = ORIENTED_EDGE ( 'NONE', *, *, #1140, .F. ) ;
#1862 = ORIENTED_EDGE ( 'NONE', *, *, #2057, .F. ) ;
#1863 = LINE ( 'NONE', #455, #2125 ) ;
#1864 = FILL_AREA_STYLE ('',( #1143 ) ) ;
#1865 = ORIENTED_EDGE ( 'NONE', *, *, #1, .F. ) ;
#1866 = LINE ( 'NONE', #1630, #1174 ) ;
#1867 = DIRECTION ( 'NONE',  ( -0.000000000000000000, -0.000000000000000000, -1.000000000000000000 ) ) ;
#1868 = COLOUR_RGB ( '',0.7921568627450980005, 0.8196078431372548767, 0.9333333333333333481 ) ;
#1869 = EDGE_CURVE ( 'NONE', #2417, #2245, #609, .T. ) ;
#1870 = AXIS2_PLACEMENT_3D ( 'NONE', #1139, #117, #906 ) ;
#1871 = AXIS2_PLACEMENT_3D ( 'NONE', #1362, #2122, #1685 ) ;
#1872 = PRESENTATION_LAYER_ASSIGNMENT (  '', '', ( #449 ) ) ;
#1873 = VECTOR ( 'NONE', #1157, 1000.000000000000000 ) ;
#1874 = LINE ( 'NONE', #2454, #1873 ) ;
#1875 = AXIS2_PLACEMENT_3D ( 'NONE', #2396, #1843, #1273 ) ;
#1876 = VERTEX_POINT ( 'NONE', #597 ) ;
#1877 =( GEOMETRIC_REPRESENTATION_CONTEXT ( 3 ) GLOBAL_UNCERTAINTY_ASSIGNED_CONTEXT ( ( #2495 ) ) GLOBAL_UNIT_ASSIGNED_CONTEXT ( ( #795, #523, #1933 ) ) REPRESENTATION_CONTEXT ( 'NONE', 'WORKASPACE' ) );
#1878 = VERTEX_POINT ( 'NONE', #1790 ) ;
#1879 = PRESENTATION_LAYER_ASSIGNMENT (  '', '', ( #1091 ) ) ;
#1880 = LINE ( 'NONE', #1534, #617 ) ;
#1881 = DIRECTION ( 'NONE',  ( 1.000000000000000000, 0.000000000000000000, -0.000000000000000000 ) ) ;
#1882 = COLOUR_RGB ( '',0.7921568627450980005, 0.8196078431372548767, 0.9333333333333333481 ) ;
#1883 = FACE_OUTER_BOUND ( 'NONE', #530, .T. ) ;
#1884 = AXIS2_PLACEMENT_3D ( 'NONE', #96, #472, #675 ) ;
#1885 = DIRECTION ( 'NONE',  ( -0.000000000000000000, -0.000000000000000000, -1.000000000000000000 ) ) ;
#1886 = DIRECTION ( 'NONE',  ( 0.000000000000000000, 1.000000000000000000, 0.000000000000000000 ) ) ;
#1887 =( NAMED_UNIT ( * ) PLANE_ANGLE_UNIT ( ) SI_UNIT ( $, .RADIAN. ) );
#1888 = MECHANICAL_DESIGN_GEOMETRIC_PRESENTATION_REPRESENTATION (  '', ( #1421 ), #1258 ) ;
#1889 = FILL_AREA_STYLE ('',( #339 ) ) ;
#1890 = EDGE_CURVE ( 'NONE', #1094, #1058, #1250, .T. ) ;
#1891 = CARTESIAN_POINT ( 'NONE',  ( 0.4999999999999995559, 2.540384256457902144E-17, -0.5199999999999991296 ) ) ;
#1892 = ORIENTED_EDGE ( 'NONE', *, *, #2448, .T. ) ;
#1893 =( NAMED_UNIT ( * ) PLANE_ANGLE_UNIT ( ) SI_UNIT ( $, .RADIAN. ) );
#1894 = EDGE_CURVE ( 'NONE', #1736, #1672, #39, .T. ) ;
#1895 =( NAMED_UNIT ( * ) PLANE_ANGLE_UNIT ( ) SI_UNIT ( $, .RADIAN. ) );
#1896 = SURFACE_STYLE_FILL_AREA ( #2069 ) ;
#1897 =( NAMED_UNIT ( * ) SI_UNIT ( $, .STERADIAN. ) SOLID_ANGLE_UNIT ( ) );
#1898 = ORIENTED_EDGE ( 'NONE', *, *, #740, .F. ) ;
#1899 = PLANE ( 'NONE',  #730 ) ;
#1900 = SURFACE_STYLE_FILL_AREA ( #1147 ) ;
#1901 = ORIENTED_EDGE ( 'NONE', *, *, #1743, .T. ) ;
#1902 = CARTESIAN_POINT ( 'NONE',  ( -0.4999999999999995559, 2.540384256457902144E-17, 0.4800000000000000377 ) ) ;
#1903 = EDGE_CURVE ( 'NONE', #1206, #1306, #644, .T. ) ;
#1904 = CARTESIAN_POINT ( 'NONE',  ( -0.7999999999999994893, 2.300000000000000266, 0.4800000000000000377 ) ) ;
#1905 = FILL_AREA_STYLE_COLOUR ( '', #216 ) ;
#1906 = DIRECTION ( 'NONE',  ( -0.000000000000000000, -1.000000000000000000, 0.000000000000000000 ) ) ;
#1907 = EDGE_CURVE ( 'NONE', #2186, #51, #2360, .T. ) ;
#1908 =( NAMED_UNIT ( * ) SI_UNIT ( $, .STERADIAN. ) SOLID_ANGLE_UNIT ( ) );
#1909 = DIRECTION ( 'NONE',  ( 1.000000000000000000, 0.000000000000000000, -0.000000000000000000 ) ) ;
#1910 = AXIS2_PLACEMENT_3D ( 'NONE', #336, #1886, #1706 ) ;
#1911 = PLANE ( 'NONE',  #707 ) ;
#1912 = PLANE ( 'NONE',  #2473 ) ;
#1913 = FACE_OUTER_BOUND ( 'NONE', #99, .T. ) ;
#1914 = VECTOR ( 'NONE', #218, 1000.000000000000000 ) ;
#1915 = COLOUR_RGB ( '',0.7921568627450980005, 0.8196078431372548767, 0.9333333333333333481 ) ;
#1916 = STYLED_ITEM ( 'NONE', ( #662 ), #2215 ) ;
#1917 = VECTOR ( 'NONE', #744, 1000.000000000000000 ) ;
#1918 = SURFACE_STYLE_USAGE ( .BOTH. , #2281 ) ;
#1919 = MECHANICAL_DESIGN_GEOMETRIC_PRESENTATION_REPRESENTATION (  '', ( #958 ), #2380 ) ;
#1920 = EDGE_LOOP ( 'NONE', ( #280, #94, #210, #1459 ) ) ;
#1921 = MECHANICAL_DESIGN_GEOMETRIC_PRESENTATION_REPRESENTATION (  '', ( #56 ), #16 ) ;
#1922 =( LENGTH_UNIT ( ) NAMED_UNIT ( * ) SI_UNIT ( .MILLI., .METRE. ) );
#1923 = DIRECTION ( 'NONE',  ( -0.000000000000000000, -1.000000000000000000, -0.000000000000000000 ) ) ;
#1924 = EDGE_CURVE ( 'NONE', #2443, #2271, #199, .T. ) ;
#1925 = LINE ( 'NONE', #1547, #166 ) ;
#1926 = DIRECTION ( 'NONE',  ( 0.000000000000000000, 0.000000000000000000, 1.000000000000000000 ) ) ;
#1927 = AXIS2_PLACEMENT_3D ( 'NONE', #2093, #1733, #1345 ) ;
#1928 = ORIENTED_EDGE ( 'NONE', *, *, #1584, .T. ) ;
#1929 = VECTOR ( 'NONE', #604, 1000.000000000000000 ) ;
#1930 = LINE ( 'NONE', #986, #1395 ) ;
#1931 = EDGE_LOOP ( 'NONE', ( #2484, #2169, #291, #325 ) ) ;
#1932 = AXIS2_PLACEMENT_3D ( 'NONE', #615, #2147, #2176 ) ;
#1933 =( NAMED_UNIT ( * ) SI_UNIT ( $, .STERADIAN. ) SOLID_ANGLE_UNIT ( ) );
#1934 = EDGE_CURVE ( 'NONE', #797, #466, #1392, .T. ) ;
#1935 = DIRECTION ( 'NONE',  ( -0.000000000000000000, 0.000000000000000000, 1.000000000000000000 ) ) ;
#1936 = ORIENTED_EDGE ( 'NONE', *, *, #369, .T. ) ;
#1937 = CARTESIAN_POINT ( 'NONE',  ( 1.000000000000000000, 2.235000000000000320, 0.4800000000000000377 ) ) ;
#1938 = FACE_OUTER_BOUND ( 'NONE', #1931, .T. ) ;
#1939 = VERTEX_POINT ( 'NONE', #2141 ) ;
#1940 = DIRECTION ( 'NONE',  ( -0.000000000000000000, -0.000000000000000000, -1.000000000000000000 ) ) ;
#1941 =( NAMED_UNIT ( * ) PLANE_ANGLE_UNIT ( ) SI_UNIT ( $, .RADIAN. ) );
#1942 = ORIENTED_EDGE ( 'NONE', *, *, #1272, .T. ) ;
#1943 = EDGE_CURVE ( 'NONE', #1434, #2005, #1412, .T. ) ;
#1944 = FILL_AREA_STYLE_COLOUR ( '', #1712 ) ;
#1945 = ORIENTED_EDGE ( 'NONE', *, *, #2099, .F. ) ;
#1946 =( NAMED_UNIT ( * ) PLANE_ANGLE_UNIT ( ) SI_UNIT ( $, .RADIAN. ) );
#1947 = UNCERTAINTY_MEASURE_WITH_UNIT (LENGTH_MEASURE( 1.000000000000000082E-05 ), #641, 'distance_accuracy_value', 'NONE');
#1948 = DIRECTION ( 'NONE',  ( -0.000000000000000000, 1.000000000000000000, 0.000000000000000000 ) ) ;
#1949 = DIRECTION ( 'NONE',  ( -1.000000000000000000, 0.000000000000000000, -0.000000000000000000 ) ) ;
#1950 = VERTEX_POINT ( 'NONE', #1561 ) ;
#1951 = PRESENTATION_STYLE_ASSIGNMENT (( #2164 ) ) ;
#1952 = PRESENTATION_STYLE_ASSIGNMENT (( #1389 ) ) ;
#1953 = EDGE_CURVE ( 'NONE', #321, #1715, #1226, .T. ) ;
#1954 = PLANE ( 'NONE',  #786 ) ;
#1955 = PRESENTATION_LAYER_ASSIGNMENT (  '', '', ( #1159 ) ) ;
#1956 = VERTEX_POINT ( 'NONE', #1985 ) ;
#1957 = LINE ( 'NONE', #1411, #2207 ) ;
#1958 = STYLED_ITEM ( 'NONE', ( #769 ), #2146 ) ;
#1959 = AXIS2_PLACEMENT_3D ( 'NONE', #1429, #803, #2337 ) ;
#1960 = VECTOR ( 'NONE', #139, 1000.000000000000000 ) ;
#1961 = PLANE ( 'NONE',  #877 ) ;
#1962 = STYLED_ITEM ( 'NONE', ( #1072 ), #2441 ) ;
#1963 = VECTOR ( 'NONE', #385, 1000.000000000000000 ) ;
#1964 = DIRECTION ( 'NONE',  ( 0.000000000000000000, 1.000000000000000000, 0.000000000000000000 ) ) ;
#1965 = SURFACE_SIDE_STYLE ('',( #2346 ) ) ;
#1966 = DIRECTION ( 'NONE',  ( -0.000000000000000000, -0.000000000000000000, -1.000000000000000000 ) ) ;
#1967 = ORIENTED_EDGE ( 'NONE', *, *, #297, .F. ) ;
#1968 = AXIS2_PLACEMENT_3D ( 'NONE', #161, #2120, #150 ) ;
#1969 =( NAMED_UNIT ( * ) SI_UNIT ( $, .STERADIAN. ) SOLID_ANGLE_UNIT ( ) );
#1970 = COLOUR_RGB ( '',0.7921568627450980005, 0.8196078431372548767, 0.9333333333333333481 ) ;
#1971 = EDGE_CURVE ( 'NONE', #1080, #1463, #237, .T. ) ;
#1972 = CIRCLE ( 'NONE', #758, 0.06499999999999994671 ) ;
#1973 = SURFACE_STYLE_FILL_AREA ( #209 ) ;
#1974 = ORIENTED_EDGE ( 'NONE', *, *, #1303, .T. ) ;
#1975 = FILL_AREA_STYLE_COLOUR ( '', #1882 ) ;
#1976 = DIRECTION ( 'NONE',  ( -2.492418787322999730E-16, -1.000000000000000000, 0.000000000000000000 ) ) ;
#1977 = UNCERTAINTY_MEASURE_WITH_UNIT (LENGTH_MEASURE( 1.000000000000000082E-05 ), #1351, 'distance_accuracy_value', 'NONE');
#1978 = CARTESIAN_POINT ( 'NONE',  ( -0.3649999999999998801, 1.034999999999999920, 0.4800000000000000377 ) ) ;
#1979 = EDGE_CURVE ( 'NONE', #1851, #1715, #590, .T. ) ;
#1980 = LINE ( 'NONE', #1039, #873 ) ;
#1981 = VERTEX_POINT ( 'NONE', #1375 ) ;
#1982 = LINE ( 'NONE', #848, #533 ) ;
#1983 = ORIENTED_EDGE ( 'NONE', *, *, #160, .F. ) ;
#1984 = DIRECTION ( 'NONE',  ( -1.000000000000000000, 0.000000000000000000, 0.000000000000000000 ) ) ;
#1985 = CARTESIAN_POINT ( 'NONE',  ( -1.250000000000000222, 1.099999999999999867, 1.500000000000000000 ) ) ;
#1986 = ADVANCED_FACE ( 'NONE', ( #1758 ), #477, .F. ) ;
#1987 = DIRECTION ( 'NONE',  ( -1.000000000000000000, 0.000000000000000000, 0.000000000000000000 ) ) ;
#1988 = CARTESIAN_POINT ( 'NONE',  ( 0.3249999999999997891, 1.099999999999999867, 1.500000000000000000 ) ) ;
#1989 = EDGE_CURVE ( 'NONE', #770, #603, #2387, .T. ) ;
#1990 = VERTEX_POINT ( 'NONE', #692 ) ;
#1991 = PLANE ( 'NONE',  #27 ) ;
#1992 = DIRECTION ( 'NONE',  ( 0.000000000000000000, 0.000000000000000000, 1.000000000000000000 ) ) ;
#1993 = CARTESIAN_POINT ( 'NONE',  ( 1.200000000000000622, 0.4000000000000002442, 0.4800000000000000377 ) ) ;
#1994 = LINE ( 'NONE', #1659, #995 ) ;
#1995 = ORIENTED_EDGE ( 'NONE', *, *, #2349, .F. ) ;
#1996 = CARTESIAN_POINT ( 'NONE',  ( -0.7350000000000004308, 1.364999999999999991, -0.5199999999999991296 ) ) ;
#1997 = PRESENTATION_STYLE_ASSIGNMENT (( #489 ) ) ;
#1998 = DIRECTION ( 'NONE',  ( -0.000000000000000000, 1.000000000000000000, 0.000000000000000000 ) ) ;
#1999 = VECTOR ( 'NONE', #1774, 1000.000000000000000 ) ;
#2000 = COLOUR_RGB ( '',0.7921568627450980005, 0.8196078431372548767, 0.9333333333333333481 ) ;
#2001 = EDGE_CURVE ( 'NONE', #475, #1956, #100, .T. ) ;
#2002 = STYLED_ITEM ( 'NONE', ( #1238 ), #2353 ) ;
#2003 = SURFACE_STYLE_USAGE ( .BOTH. , #1241 ) ;
#2004 = CARTESIAN_POINT ( 'NONE',  ( -0.7999999999999994893, 1.364999999999999991, -0.5199999999999991296 ) ) ;
#2005 = VERTEX_POINT ( 'NONE', #901 ) ;
#2006 = AXIS2_PLACEMENT_3D ( 'NONE', #1823, #2217, #1420 ) ;
#2007 =( LENGTH_UNIT ( ) NAMED_UNIT ( * ) SI_UNIT ( .MILLI., .METRE. ) );
#2008 = DIRECTION ( 'NONE',  ( -1.000000000000000000, 0.000000000000000000, 0.000000000000000000 ) ) ;
#2009 = ADVANCED_FACE ( 'NONE', ( #2220 ), #2427, .T. ) ;
#2010 = ORIENTED_EDGE ( 'NONE', *, *, #1894, .F. ) ;
#2011 = CARTESIAN_POINT ( 'NONE',  ( 8.673617379884035472E-16, 1.099999999999999867, 1.500000000000000000 ) ) ;
#2012 = ORIENTED_EDGE ( 'NONE', *, *, #812, .F. ) ;
#2013 = DIRECTION ( 'NONE',  ( 0.000000000000000000, 0.000000000000000000, -1.000000000000000000 ) ) ;
#2014 = PLANE ( 'NONE',  #491 ) ;
#2015 = DIRECTION ( 'NONE',  ( 1.000000000000000000, -1.328261994943550492E-16, 0.000000000000000000 ) ) ;
#2016 = EDGE_LOOP ( 'NONE', ( #690, #110, #159, #2044 ) ) ;
#2017 = CARTESIAN_POINT ( 'NONE',  ( -1.199999999999998845, 2.540384256457902144E-17, 0.4800000000000000377 ) ) ;
#2018 = FILL_AREA_STYLE ('',( #1446 ) ) ;
#2019 = ORIENTED_EDGE ( 'NONE', *, *, #1953, .T. ) ;
#2020 = FILL_AREA_STYLE ('',( #1816 ) ) ;
#2021 = FACE_OUTER_BOUND ( 'NONE', #2064, .T. ) ;
#2022 = SURFACE_STYLE_USAGE ( .BOTH. , #1773 ) ;
#2023 = ORIENTED_EDGE ( 'NONE', *, *, #1524, .T. ) ;
#2024 = CARTESIAN_POINT ( 'NONE',  ( -0.4999999999999995559, 0.4000000000000002442, 0.4800000000000000377 ) ) ;
#2025 = LINE ( 'NONE', #2237, #870 ) ;
#2026 = LINE ( 'NONE', #1620, #171 ) ;
#2027 = ADVANCED_FACE ( 'NONE', ( #454 ), #269, .F. ) ;
#2028 = FILL_AREA_STYLE_COLOUR ( '', #1045 ) ;
#2029 = ORIENTED_EDGE ( 'NONE', *, *, #167, .T. ) ;
#2030 = SURFACE_STYLE_USAGE ( .BOTH. , #682 ) ;
#2031 = FILL_AREA_STYLE_COLOUR ( '', #1518 ) ;
#2032 = PLANE ( 'NONE',  #1968 ) ;
#2033 = PRESENTATION_LAYER_ASSIGNMENT (  '', '', ( #529 ) ) ;
#2034 = ORIENTED_EDGE ( 'NONE', *, *, #160, .T. ) ;
#2035 = MECHANICAL_DESIGN_GEOMETRIC_PRESENTATION_REPRESENTATION (  '', ( #129 ), #703 ) ;
#2036 = MECHANICAL_DESIGN_GEOMETRIC_PRESENTATION_REPRESENTATION (  '', ( #618 ), #2275 ) ;
#2037 =( GEOMETRIC_REPRESENTATION_CONTEXT ( 3 ) GLOBAL_UNCERTAINTY_ASSIGNED_CONTEXT ( ( #1650 ) ) GLOBAL_UNIT_ASSIGNED_CONTEXT ( ( #480, #2048, #2213 ) ) REPRESENTATION_CONTEXT ( 'NONE', 'WORKASPACE' ) );
#2038 = CARTESIAN_POINT ( 'NONE',  ( 0.3649999999999998801, 1.034999999999999920, 0.4800000000000000377 ) ) ;
#2039 = SURFACE_STYLE_USAGE ( .BOTH. , #2252 ) ;
#2040 = CIRCLE ( 'NONE', #1401, 0.2000000000000000389 ) ;
#2041 = PRESENTATION_LAYER_ASSIGNMENT (  '', '', ( #415 ) ) ;
#2042 = CIRCLE ( 'NONE', #962, 0.4000000000000000777 ) ;
#2043 = PRESENTATION_LAYER_ASSIGNMENT (  '', '', ( #304 ) ) ;
#2044 = ORIENTED_EDGE ( 'NONE', *, *, #1543, .F. ) ;
#2045 = UNCERTAINTY_MEASURE_WITH_UNIT (LENGTH_MEASURE( 1.000000000000000082E-05 ), #2244, 'distance_accuracy_value', 'NONE');
#2046 = STYLED_ITEM ( 'NONE', ( #2422 ), #657 ) ;
#2047 = PLANE ( 'NONE',  #2206 ) ;
#2048 =( NAMED_UNIT ( * ) PLANE_ANGLE_UNIT ( ) SI_UNIT ( $, .RADIAN. ) );
#2049 = ORIENTED_EDGE ( 'NONE', *, *, #1169, .T. ) ;
#2050 = EDGE_CURVE ( 'NONE', #137, #613, #756, .T. ) ;
#2051 = SURFACE_STYLE_FILL_AREA ( #275 ) ;
#2052 = CYLINDRICAL_SURFACE ( 'NONE', #700, 0.06500000000000039080 ) ;
#2053 =( LENGTH_UNIT ( ) NAMED_UNIT ( * ) SI_UNIT ( .MILLI., .METRE. ) );
#2054 = EDGE_LOOP ( 'NONE', ( #2385, #763, #2498, #459 ) ) ;
#2055 = ORIENTED_EDGE ( 'NONE', *, *, #2466, .T. ) ;
#2056 =( LENGTH_UNIT ( ) NAMED_UNIT ( * ) SI_UNIT ( .MILLI., .METRE. ) );
#2057 = EDGE_CURVE ( 'NONE', #1608, #1532, #555, .T. ) ;
#2058 = LINE ( 'NONE', #1277, #1399 ) ;
#2059 = VERTEX_POINT ( 'NONE', #1531 ) ;
#2060 =( NAMED_UNIT ( * ) PLANE_ANGLE_UNIT ( ) SI_UNIT ( $, .RADIAN. ) );
#2061 = EDGE_CURVE ( 'NONE', #203, #515, #706, .T. ) ;
#2062 =( LENGTH_UNIT ( ) NAMED_UNIT ( * ) SI_UNIT ( .MILLI., .METRE. ) );
#2063 = DIRECTION ( 'NONE',  ( 1.000000000000000000, -0.000000000000000000, 0.000000000000000000 ) ) ;
#2064 = EDGE_LOOP ( 'NONE', ( #1601, #1271, #1737, #1400 ) ) ;
#2065 = FILL_AREA_STYLE_COLOUR ( '', #57 ) ;
#2066 = EDGE_LOOP ( 'NONE', ( #2366, #1359, #235, #481 ) ) ;
#2067 = SURFACE_STYLE_USAGE ( .BOTH. , #2493 ) ;
#2068 = PLANE ( 'NONE',  #1511 ) ;
#2069 = FILL_AREA_STYLE ('',( #1310 ) ) ;
#2070 = FILL_AREA_STYLE ('',( #1905 ) ) ;
#2071 = ORIENTED_EDGE ( 'NONE', *, *, #1943, .T. ) ;
#2072 = ADVANCED_FACE ( 'NONE', ( #1149 ), #2079, .T. ) ;
#2073 =( NAMED_UNIT ( * ) SI_UNIT ( $, .STERADIAN. ) SOLID_ANGLE_UNIT ( ) );
#2074 = COLOUR_RGB ( '',0.7921568627450980005, 0.8196078431372548767, 0.9333333333333333481 ) ;
#2075 =( GEOMETRIC_REPRESENTATION_CONTEXT ( 3 ) GLOBAL_UNCERTAINTY_ASSIGNED_CONTEXT ( ( #1745 ) ) GLOBAL_UNIT_ASSIGNED_CONTEXT ( ( #18, #2168, #1787 ) ) REPRESENTATION_CONTEXT ( 'NONE', 'WORKASPACE' ) );
#2076 = SURFACE_SIDE_STYLE ('',( #362 ) ) ;
#2077 = MECHANICAL_DESIGN_GEOMETRIC_PRESENTATION_REPRESENTATION (  '', ( #667 ), #379 ) ;
#2078 = ADVANCED_FACE ( 'NONE', ( #343 ), #937, .F. ) ;
#2079 = PLANE ( 'NONE',  #2239 ) ;
#2080 = ORIENTED_EDGE ( 'NONE', *, *, #1756, .T. ) ;
#2081 = SURFACE_STYLE_USAGE ( .BOTH. , #2464 ) ;
#2082 = STYLED_ITEM ( 'NONE', ( #722 ), #315 ) ;
#2083 = CARTESIAN_POINT ( 'NONE',  ( -1.000000000000000000, 2.235000000000000320, 0.4800000000000000377 ) ) ;
#2084 = CARTESIAN_POINT ( 'NONE',  ( 0.7350000000000004308, 1.300000000000000044, 0.4800000000000000377 ) ) ;
#2085 = AXIS2_PLACEMENT_3D ( 'NONE', #189, #626, #1570 ) ;
#2086 = ORIENTED_EDGE ( 'NONE', *, *, #829, .F. ) ;
#2087 = SURFACE_STYLE_USAGE ( .BOTH. , #931 ) ;
#2088 = LINE ( 'NONE', #947, #1519 ) ;
#2089 = CARTESIAN_POINT ( 'NONE',  ( 0.3000000000000007661, 0.4000000000000002442, 0.4800000000000000377 ) ) ;
#2090 = CARTESIAN_POINT ( 'NONE',  ( 0.4999999999999995559, 0.4000000000000002442, -0.5199999999999991296 ) ) ;
#2091 = ADVANCED_FACE ( 'NONE', ( #1390 ), #806, .F. ) ;
#2092 = ORIENTED_EDGE ( 'NONE', *, *, #2061, .T. ) ;
#2093 = CARTESIAN_POINT ( 'NONE',  ( -0.3649999999999998801, 1.034999999999999920, 0.4800000000000000377 ) ) ;
#2094 = CARTESIAN_POINT ( 'NONE',  ( 0.1000000000000002554, 1.034999999999999920, 0.4800000000000000377 ) ) ;
#2095 = CARTESIAN_POINT ( 'NONE',  ( 8.673617379884035472E-16, 1.099999999999999867, -1.499999999999999112 ) ) ;
#2096 = EDGE_LOOP ( 'NONE', ( #563, #548, #2413, #2080 ) ) ;
#2097 = LINE ( 'NONE', #1154, #48 ) ;
#2098 =( NAMED_UNIT ( * ) SI_UNIT ( $, .STERADIAN. ) SOLID_ANGLE_UNIT ( ) );
#2099 = EDGE_CURVE ( 'NONE', #1306, #2356, #294, .T. ) ;
#2100 =( NAMED_UNIT ( * ) SI_UNIT ( $, .STERADIAN. ) SOLID_ANGLE_UNIT ( ) );
#2101 = ORIENTED_EDGE ( 'NONE', *, *, #642, .F. ) ;
#2102 = CARTESIAN_POINT ( 'NONE',  ( -0.7350000000000004308, 1.099999999999999867, 0.4800000000000000377 ) ) ;
#2103 = FILL_AREA_STYLE_COLOUR ( '', #14 ) ;
#2104 = CARTESIAN_POINT ( 'NONE',  ( 0.3249999999999997891, 1.099999999999999867, 0.5000000000000009992 ) ) ;
#2105 = CARTESIAN_POINT ( 'NONE',  ( 0.3249999999999997891, 1.099999999999999867, -0.5199999999999991296 ) ) ;
#2106 = ORIENTED_EDGE ( 'NONE', *, *, #309, .F. ) ;
#2107 = FILL_AREA_STYLE_COLOUR ( '', #2371 ) ;
#2108 = SURFACE_SIDE_STYLE ('',( #1551 ) ) ;
#2109 = ORIENTED_EDGE ( 'NONE', *, *, #1197, .T. ) ;
#2110 = CARTESIAN_POINT ( 'NONE',  ( -0.7350000000000004308, 1.099999999999999867, 0.4800000000000000377 ) ) ;
#2111 = CARTESIAN_POINT ( 'NONE',  ( -0.7350000000000004308, 1.364999999999999991, 0.4800000000000000377 ) ) ;
#2112 = LINE ( 'NONE', #1730, #299 ) ;
#2113 = AXIS2_PLACEMENT_3D ( 'NONE', #2294, #559, #772 ) ;
#2114 = COLOUR_RGB ( '',0.7921568627450980005, 0.8196078431372548767, 0.9333333333333333481 ) ;
#2115 = AXIS2_PLACEMENT_3D ( 'NONE', #1568, #568, #187 ) ;
#2116 = CARTESIAN_POINT ( 'NONE',  ( -1.000000000000000000, 1.364999999999999991, -0.5199999999999991296 ) ) ;
#2117 = VECTOR ( 'NONE', #977, 1000.000000000000000 ) ;
#2118 = VERTEX_POINT ( 'NONE', #2116 ) ;
#2119 =( GEOMETRIC_REPRESENTATION_CONTEXT ( 3 ) GLOBAL_UNCERTAINTY_ASSIGNED_CONTEXT ( ( #1227 ) ) GLOBAL_UNIT_ASSIGNED_CONTEXT ( ( #691, #2395, #2219 ) ) REPRESENTATION_CONTEXT ( 'NONE', 'WORKASPACE' ) );
#2120 = DIRECTION ( 'NONE',  ( 0.000000000000000000, 1.000000000000000000, -0.000000000000000000 ) ) ;
#2121 = DIRECTION ( 'NONE',  ( -0.000000000000000000, -0.000000000000000000, -1.000000000000000000 ) ) ;
#2122 = DIRECTION ( 'NONE',  ( 0.000000000000000000, 0.000000000000000000, 1.000000000000000000 ) ) ;
#2123 = UNCERTAINTY_MEASURE_WITH_UNIT (LENGTH_MEASURE( 1.000000000000000082E-05 ), #2482, 'distance_accuracy_value', 'NONE');
#2124 = FACE_OUTER_BOUND ( 'NONE', #2096, .T. ) ;
#2125 = VECTOR ( 'NONE', #1460, 1000.000000000000000 ) ;
#2126 = CARTESIAN_POINT ( 'NONE',  ( 0.3000000000000007661, 1.034999999999999920, -0.5199999999999991296 ) ) ;
#2127 = VECTOR ( 'NONE', #1582, 1000.000000000000000 ) ;
#2128 = PRESENTATION_STYLE_ASSIGNMENT (( #714 ) ) ;
#2129 = EDGE_CURVE ( 'NONE', #2306, #822, #1202, .T. ) ;
#2130 = ORIENTED_EDGE ( 'NONE', *, *, #988, .F. ) ;
#2131 = PRESENTATION_LAYER_ASSIGNMENT (  '', '', ( #2210 ) ) ;
#2132 = SURFACE_STYLE_USAGE ( .BOTH. , #741 ) ;
#2133 = SURFACE_STYLE_FILL_AREA ( #1102 ) ;
#2134 = COLOUR_RGB ( '',0.6941176470588235059, 0.09411764705882352811, 0.09411764705882352811 ) ;
#2135 = VERTEX_POINT ( 'NONE', #36 ) ;
#2136 = EDGE_CURVE ( 'NONE', #515, #2059, #821, .T. ) ;
#2137 = PRESENTATION_STYLE_ASSIGNMENT (( #2325 ) ) ;
#2138 = CARTESIAN_POINT ( 'NONE',  ( -1.199999999999998845, 1.338240598131294587E-16, 0.4800000000000000377 ) ) ;
#2139 = EDGE_LOOP ( 'NONE', ( #804, #354, #1656, #1558 ) ) ;
#2140 = ORIENTED_EDGE ( 'NONE', *, *, #1104, .T. ) ;
#2141 = CARTESIAN_POINT ( 'NONE',  ( -1.250000000000000222, 0.4000000000000002442, -1.499999999999999112 ) ) ;
#2142 = UNCERTAINTY_MEASURE_WITH_UNIT (LENGTH_MEASURE( 1.000000000000000082E-05 ), #679, 'distance_accuracy_value', 'NONE');
#2143 = PRESENTATION_STYLE_ASSIGNMENT (( #1240 ) ) ;
#2144 = LINE ( 'NONE', #1416, #91 ) ;
#2145 = ORIENTED_EDGE ( 'NONE', *, *, #1485, .F. ) ;
#2146 = ADVANCED_FACE ( 'NONE', ( #1741 ), #1954, .T. ) ;
#2147 = DIRECTION ( 'NONE',  ( -0.000000000000000000, -0.000000000000000000, -1.000000000000000000 ) ) ;
#2148 = CARTESIAN_POINT ( 'NONE',  ( -0.2999999999999990452, 1.034999999999999920, 0.4800000000000000377 ) ) ;
#2149 = PRESENTATION_LAYER_ASSIGNMENT (  '', '', ( #1123 ) ) ;
#2150 = ORIENTED_EDGE ( 'NONE', *, *, #2, .F. ) ;
#2151 = EDGE_CURVE ( 'NONE', #1876, #1788, #2154, .T. ) ;
#2152 = PRESENTATION_LAYER_ASSIGNMENT (  '', '', ( #129 ) ) ;
#2153 = DIRECTION ( 'NONE',  ( -0.000000000000000000, -0.000000000000000000, -1.000000000000000000 ) ) ;
#2154 = CIRCLE ( 'NONE', #2115, 0.4000000000000000777 ) ;
#2155 = CARTESIAN_POINT ( 'NONE',  ( 0.7999999999999994893, 1.364999999999999991, -0.5199999999999991296 ) ) ;
#2156 = MECHANICAL_DESIGN_GEOMETRIC_PRESENTATION_REPRESENTATION (  '', ( #1837 ), #1759 ) ;
#2157 = LINE ( 'NONE', #2212, #627 ) ;
#2158 = AXIS2_PLACEMENT_3D ( 'NONE', #1978, #23, #1394 ) ;
#2159 = CARTESIAN_POINT ( 'NONE',  ( 1.250000000000000222, 1.099999999999999867, -1.499999999999999112 ) ) ;
#2160 = CARTESIAN_POINT ( 'NONE',  ( 1.250000000000000222, 0.4000000000000002442, -1.499999999999999112 ) ) ;
#2161 = VECTOR ( 'NONE', #469, 1000.000000000000000 ) ;
#2162 = EDGE_LOOP ( 'NONE', ( #37, #1681, #2225, #634 ) ) ;
#2163 =( GEOMETRIC_REPRESENTATION_CONTEXT ( 3 ) GLOBAL_UNCERTAINTY_ASSIGNED_CONTEXT ( ( #1180 ) ) GLOBAL_UNIT_ASSIGNED_CONTEXT ( ( #41, #58, #645 ) ) REPRESENTATION_CONTEXT ( 'NONE', 'WORKASPACE' ) );
#2164 = SURFACE_STYLE_USAGE ( .BOTH. , #411 ) ;
#2165 = CARTESIAN_POINT ( 'NONE',  ( 0.4999999999999995559, 0.4000000000000002442, 0.4800000000000000377 ) ) ;
#2166 =( GEOMETRIC_REPRESENTATION_CONTEXT ( 3 ) GLOBAL_UNCERTAINTY_ASSIGNED_CONTEXT ( ( #40 ) ) GLOBAL_UNIT_ASSIGNED_CONTEXT ( ( #579, #1313, #1908 ) ) REPRESENTATION_CONTEXT ( 'NONE', 'WORKASPACE' ) );
#2167 = EDGE_CURVE ( 'NONE', #2356, #779, #447, .T. ) ;
#2168 =( NAMED_UNIT ( * ) PLANE_ANGLE_UNIT ( ) SI_UNIT ( $, .RADIAN. ) );
#2169 = ORIENTED_EDGE ( 'NONE', *, *, #2415, .F. ) ;
#2170 = EDGE_CURVE ( 'NONE', #1565, #1069, #1994, .T. ) ;
#2171 = SURFACE_SIDE_STYLE ('',( #1179 ) ) ;
#2172 = UNCERTAINTY_MEASURE_WITH_UNIT (LENGTH_MEASURE( 1.000000000000000082E-05 ), #2053, 'distance_accuracy_value', 'NONE');
#2173 = LINE ( 'NONE', #2335, #2407 ) ;
#2174 = CARTESIAN_POINT ( 'NONE',  ( 0.7350000000000004308, 1.364999999999999991, -0.5199999999999991296 ) ) ;
#2175 = ORIENTED_EDGE ( 'NONE', *, *, #1465, .F. ) ;
#2176 = DIRECTION ( 'NONE',  ( -1.000000000000000000, 0.000000000000000000, 0.000000000000000000 ) ) ;
#2177 = DIRECTION ( 'NONE',  ( -0.000000000000000000, -0.000000000000000000, -1.000000000000000000 ) ) ;
#2178 = PRESENTATION_STYLE_ASSIGNMENT (( #1283 ) ) ;
#2179 = ORIENTED_EDGE ( 'NONE', *, *, #614, .F. ) ;
#2180 = EDGE_CURVE ( 'NONE', #1160, #1532, #433, .T. ) ;
#2181 = DIRECTION ( 'NONE',  ( 0.000000000000000000, 0.000000000000000000, 1.000000000000000000 ) ) ;
#2182 = SURFACE_STYLE_USAGE ( .BOTH. , #1077 ) ;
#2183 = SURFACE_SIDE_STYLE ('',( #1792 ) ) ;
#2184 = DIRECTION ( 'NONE',  ( -1.000000000000000000, 0.000000000000000000, 0.000000000000000000 ) ) ;
#2185 = PLANE ( 'NONE',  #1126 ) ;
#2186 = VERTEX_POINT ( 'NONE', #98 ) ;
#2187 = ADVANCED_FACE ( 'NONE', ( #1824 ), #1839, .F. ) ;
#2188 = SURFACE_SIDE_STYLE ('',( #431 ) ) ;
#2189 = CARTESIAN_POINT ( 'NONE',  ( 8.673617379884035472E-16, 1.099999999999999867, 0.5000000000000009992 ) ) ;
#2190 = DIRECTION ( 'NONE',  ( -1.000000000000000000, 0.000000000000000000, 0.000000000000000000 ) ) ;
#2191 = ORIENTED_EDGE ( 'NONE', *, *, #1169, .F. ) ;
#2192 = DIRECTION ( 'NONE',  ( -1.000000000000000000, 0.000000000000000000, 0.000000000000000000 ) ) ;
#2193 = VECTOR ( 'NONE', #482, 1000.000000000000000 ) ;
#2194 = DIRECTION ( 'NONE',  ( 0.000000000000000000, -0.000000000000000000, 1.000000000000000000 ) ) ;
#2195 = UNCERTAINTY_MEASURE_WITH_UNIT (LENGTH_MEASURE( 1.000000000000000082E-05 ), #1612, 'distance_accuracy_value', 'NONE');
#2196 = ORIENTED_EDGE ( 'NONE', *, *, #1381, .T. ) ;
#2197 =( NAMED_UNIT ( * ) PLANE_ANGLE_UNIT ( ) SI_UNIT ( $, .RADIAN. ) );
#2198 = AXIS2_PLACEMENT_3D ( 'NONE', #422, #1966, #1796 ) ;
#2199 =( GEOMETRIC_REPRESENTATION_CONTEXT ( 3 ) GLOBAL_UNCERTAINTY_ASSIGNED_CONTEXT ( ( #2123 ) ) GLOBAL_UNIT_ASSIGNED_CONTEXT ( ( #2482, #356, #2257 ) ) REPRESENTATION_CONTEXT ( 'NONE', 'WORKASPACE' ) );
#2200 = MECHANICAL_DESIGN_GEOMETRIC_PRESENTATION_REPRESENTATION (  '', ( #708 ), #1128 ) ;
#2201 = DIRECTION ( 'NONE',  ( -0.000000000000000000, -0.000000000000000000, -1.000000000000000000 ) ) ;
#2202 = CARTESIAN_POINT ( 'NONE',  ( -0.1000000000000002554, 1.034999999999999920, 0.4800000000000000377 ) ) ;
#2203 = CIRCLE ( 'NONE', #2236, 0.06500000000000039080 ) ;
#2204 = VERTEX_POINT ( 'NONE', #2416 ) ;
#2205 = EDGE_CURVE ( 'NONE', #344, #2421, #1125, .T. ) ;
#2206 = AXIS2_PLACEMENT_3D ( 'NONE', #77, #1854, #319 ) ;
#2207 = VECTOR ( 'NONE', #2318, 1000.000000000000000 ) ;
#2208 = LINE ( 'NONE', #1270, #1675 ) ;
#2209 = EDGE_LOOP ( 'NONE', ( #854, #1367, #1995, #26 ) ) ;
#2210 = STYLED_ITEM ( 'NONE', ( #1107 ), #686 ) ;
#2211 = SURFACE_STYLE_FILL_AREA ( #643 ) ;
#2212 = CARTESIAN_POINT ( 'NONE',  ( 0.4999999999999995559, 0.2000000000000001499, -0.5199999999999991296 ) ) ;
#2213 =( NAMED_UNIT ( * ) SI_UNIT ( $, .STERADIAN. ) SOLID_ANGLE_UNIT ( ) );
#2214 = ORIENTED_EDGE ( 'NONE', *, *, #2167, .T. ) ;
#2215 = ADVANCED_FACE ( 'NONE', ( #1631 ), #1074, .F. ) ;
#2216 = DIRECTION ( 'NONE',  ( -1.000000000000000000, 0.000000000000000000, 0.000000000000000000 ) ) ;
#2217 = DIRECTION ( 'NONE',  ( 1.223893922407415920E-16, 0.000000000000000000, -1.000000000000000000 ) ) ;
#2218 = VERTEX_POINT ( 'NONE', #1458 ) ;
#2219 =( NAMED_UNIT ( * ) SI_UNIT ( $, .STERADIAN. ) SOLID_ANGLE_UNIT ( ) );
#2220 = FACE_OUTER_BOUND ( 'NONE', #2260, .T. ) ;
#2221 = UNCERTAINTY_MEASURE_WITH_UNIT (LENGTH_MEASURE( 1.000000000000000082E-05 ), #1290, 'distance_accuracy_value', 'NONE');
#2222 = FILL_AREA_STYLE_COLOUR ( '', #258 ) ;
#2223 = CARTESIAN_POINT ( 'NONE',  ( -1.250000000000000222, 0.4000000000000002442, -1.499999999999999112 ) ) ;
#2224 =( NAMED_UNIT ( * ) SI_UNIT ( $, .STERADIAN. ) SOLID_ANGLE_UNIT ( ) );
#2225 = ORIENTED_EDGE ( 'NONE', *, *, #392, .F. ) ;
#2226 = DIRECTION ( 'NONE',  ( 0.000000000000000000, 1.000000000000000000, 0.000000000000000000 ) ) ;
#2227 = CARTESIAN_POINT ( 'NONE',  ( 0.3000000000000007661, 0.4000000000000002442, 0.4800000000000000377 ) ) ;
#2228 = EDGE_CURVE ( 'NONE', #1736, #475, #2208, .T. ) ;
#2229 = ORIENTED_EDGE ( 'NONE', *, *, #2129, .F. ) ;
#2230 = SURFACE_STYLE_FILL_AREA ( #268 ) ;
#2231 = ADVANCED_FACE ( 'NONE', ( #2425 ), #1499, .F. ) ;
#2232 = CARTESIAN_POINT ( 'NONE',  ( -0.4679491924311227624, 1.099999999999999867, 1.500000000000000000 ) ) ;
#2233 = VECTOR ( 'NONE', #1848, 1000.000000000000000 ) ;
#2234 = ORIENTED_EDGE ( 'NONE', *, *, #2349, .T. ) ;
#2235 = PRESENTATION_LAYER_ASSIGNMENT (  '', '', ( #1201 ) ) ;
#2236 = AXIS2_PLACEMENT_3D ( 'NONE', #929, #2457, #735 ) ;
#2237 = CARTESIAN_POINT ( 'NONE',  ( 0.1000000000000002554, 0.4000000000000002442, 0.4800000000000000377 ) ) ;
#2238 = VECTOR ( 'NONE', #619, 1000.000000000000000 ) ;
#2239 = AXIS2_PLACEMENT_3D ( 'NONE', #1307, #949, #1158 ) ;
#2240 = MECHANICAL_DESIGN_GEOMETRIC_PRESENTATION_REPRESENTATION (  '', ( #458 ), #630 ) ;
#2241 = ORIENTED_EDGE ( 'NONE', *, *, #1476, .T. ) ;
#2242 = EDGE_CURVE ( 'NONE', #1236, #1439, #1709, .T. ) ;
#2243 = VECTOR ( 'NONE', #1744, 1000.000000000000000 ) ;
#2244 =( LENGTH_UNIT ( ) NAMED_UNIT ( * ) SI_UNIT ( .MILLI., .METRE. ) );
#2245 = VERTEX_POINT ( 'NONE', #340 ) ;
#2246 = COLOUR_RGB ( '',0.6941176470588235059, 0.09411764705882352811, 0.09411764705882352811 ) ;
#2247 =( NAMED_UNIT ( * ) PLANE_ANGLE_UNIT ( ) SI_UNIT ( $, .RADIAN. ) );
#2248 =( NAMED_UNIT ( * ) PLANE_ANGLE_UNIT ( ) SI_UNIT ( $, .RADIAN. ) );
#2249 =( NAMED_UNIT ( * ) PLANE_ANGLE_UNIT ( ) SI_UNIT ( $, .RADIAN. ) );
#2250 = EDGE_LOOP ( 'NONE', ( #423, #1422, #757, #2234 ) ) ;
#2251 = CARTESIAN_POINT ( 'NONE',  ( 1.200000000000000622, 1.338240598131294587E-16, -0.5199999999999991296 ) ) ;
#2252 = SURFACE_SIDE_STYLE ('',( #677 ) ) ;
#2253 = ORIENTED_EDGE ( 'NONE', *, *, #2, .T. ) ;
#2254 = SURFACE_SIDE_STYLE ('',( #1334 ) ) ;
#2255 = ORIENTED_EDGE ( 'NONE', *, *, #542, .T. ) ;
#2256 = EDGE_CURVE ( 'NONE', #837, #640, #446, .T. ) ;
#2257 =( NAMED_UNIT ( * ) SI_UNIT ( $, .STERADIAN. ) SOLID_ANGLE_UNIT ( ) );
#2258 = LINE ( 'NONE', #2094, #1042 ) ;
#2259 = PLANE ( 'NONE',  #2285 ) ;
#2260 = EDGE_LOOP ( 'NONE', ( #1765, #2487, #1892, #1166, #4, #2049, #2140, #987, #1928, #2390, #1857, #1493 ) ) ;
#2261 = FACE_OUTER_BOUND ( 'NONE', #1617, .T. ) ;
#2262 = SURFACE_STYLE_USAGE ( .BOTH. , #500 ) ;
#2263 = DIRECTION ( 'NONE',  ( 0.000000000000000000, 1.000000000000000000, 0.000000000000000000 ) ) ;
#2264 = LINE ( 'NONE', #698, #2361 ) ;
#2265 =( NAMED_UNIT ( * ) PLANE_ANGLE_UNIT ( ) SI_UNIT ( $, .RADIAN. ) );
#2266 = EDGE_LOOP ( 'NONE', ( #1849, #1383, #2283, #1861 ) ) ;
#2267 = DIRECTION ( 'NONE',  ( -0.000000000000000000, -0.000000000000000000, -1.000000000000000000 ) ) ;
#2268 = PRESENTATION_STYLE_ASSIGNMENT (( #971 ) ) ;
#2269 = DIRECTION ( 'NONE',  ( -0.000000000000000000, -0.000000000000000000, -1.000000000000000000 ) ) ;
#2270 =( LENGTH_UNIT ( ) NAMED_UNIT ( * ) SI_UNIT ( .MILLI., .METRE. ) );
#2271 = VERTEX_POINT ( 'NONE', #2278 ) ;
#2272 = LINE ( 'NONE', #775, #123 ) ;
#2273 = PRESENTATION_LAYER_ASSIGNMENT (  '', '', ( #1200 ) ) ;
#2274 = STYLED_ITEM ( 'NONE', ( #2268 ), #1011 ) ;
#2275 =( GEOMETRIC_REPRESENTATION_CONTEXT ( 3 ) GLOBAL_UNCERTAINTY_ASSIGNED_CONTEXT ( ( #573 ) ) GLOBAL_UNIT_ASSIGNED_CONTEXT ( ( #1175, #778, #1357 ) ) REPRESENTATION_CONTEXT ( 'NONE', 'WORKASPACE' ) );
#2276 = CARTESIAN_POINT ( 'NONE',  ( 1.250000000000000222, 0.4000000000000002442, 1.500000000000000000 ) ) ;
#2277 = PRESENTATION_LAYER_ASSIGNMENT (  '', '', ( #1962 ) ) ;
#2278 = CARTESIAN_POINT ( 'NONE',  ( -0.7999999999999994893, 2.235000000000000320, 0.4800000000000000377 ) ) ;
#2279 = VECTOR ( 'NONE', #1424, 1000.000000000000000 ) ;
#2280 = VECTOR ( 'NONE', #2461, 1000.000000000000000 ) ;
#2281 = SURFACE_SIDE_STYLE ('',( #2491 ) ) ;
#2282 = PRODUCT ( '5190TR', '5190TR', '', ( #933 ) ) ;
#2283 = ORIENTED_EDGE ( 'NONE', *, *, #1427, .F. ) ;
#2284 = COLOUR_RGB ( '',0.6941176470588235059, 0.09411764705882352811, 0.09411764705882352811 ) ;
#2285 = AXIS2_PLACEMENT_3D ( 'NONE', #2105, #348, #45 ) ;
#2286 = STYLED_ITEM ( 'NONE', ( #921 ), #739 ) ;
#2287 = DIRECTION ( 'NONE',  ( -1.000000000000000000, 0.000000000000000000, 0.000000000000000000 ) ) ;
#2288 = CARTESIAN_POINT ( 'NONE',  ( 0.1000000000000002554, 1.300000000000000044, -0.5199999999999991296 ) ) ;
#2289 = EDGE_CURVE ( 'NONE', #1141, #2135, #2040, .T. ) ;
#2290 = CARTESIAN_POINT ( 'NONE',  ( 0.7350000000000004308, 2.235000000000000320, -0.5199999999999991296 ) ) ;
#2291 = ORIENTED_EDGE ( 'NONE', *, *, #2151, .T. ) ;
#2292 = FILL_AREA_STYLE ('',( #1682 ) ) ;
#2293 = FACE_OUTER_BOUND ( 'NONE', #1487, .T. ) ;
#2294 = CARTESIAN_POINT ( 'NONE',  ( -0.7350000000000004308, 1.300000000000000044, 0.4800000000000000377 ) ) ;
#2295 = ORIENTED_EDGE ( 'NONE', *, *, #1436, .T. ) ;
#2296 =( NAMED_UNIT ( * ) PLANE_ANGLE_UNIT ( ) SI_UNIT ( $, .RADIAN. ) );
#2297 = DIRECTION ( 'NONE',  ( -0.9659258262890680902, 0.000000000000000000, -0.2588190451025215721 ) ) ;
#2298 = ORIENTED_EDGE ( 'NONE', *, *, #1095, .T. ) ;
#2299 = PRESENTATION_STYLE_ASSIGNMENT (( #1728 ) ) ;
#2300 = CARTESIAN_POINT ( 'NONE',  ( 0.3000000000000007661, 0.4000000000000002442, -0.5199999999999991296 ) ) ;
#2301 = PLANE ( 'NONE',  #2475 ) ;
#2302 = DIRECTION ( 'NONE',  ( 1.000000000000000000, 0.000000000000000000, -0.000000000000000000 ) ) ;
#2303 = ORIENTED_EDGE ( 'NONE', *, *, #781, .T. ) ;
#2304 = EDGE_CURVE ( 'NONE', #1581, #770, #2264, .T. ) ;
#2305 = FACE_OUTER_BOUND ( 'NONE', #1825, .T. ) ;
#2306 = VERTEX_POINT ( 'NONE', #1891 ) ;
#2307 =( NAMED_UNIT ( * ) SI_UNIT ( $, .STERADIAN. ) SOLID_ANGLE_UNIT ( ) );
#2308 = ORIENTED_EDGE ( 'NONE', *, *, #1485, .T. ) ;
#2309 = VECTOR ( 'NONE', #550, 1000.000000000000000 ) ;
#2310 = DIRECTION ( 'NONE',  ( 0.000000000000000000, 0.000000000000000000, 1.000000000000000000 ) ) ;
#2311 =( LENGTH_UNIT ( ) NAMED_UNIT ( * ) SI_UNIT ( .MILLI., .METRE. ) );
#2312 = VECTOR ( 'NONE', #109, 1000.000000000000000 ) ;
#2313 = COLOUR_RGB ( '',0.7921568627450980005, 0.8196078431372548767, 0.9333333333333333481 ) ;
#2314 = VECTOR ( 'NONE', #1855, 1000.000000000000000 ) ;
#2315 =( GEOMETRIC_REPRESENTATION_CONTEXT ( 3 ) GLOBAL_UNCERTAINTY_ASSIGNED_CONTEXT ( ( #1023 ) ) GLOBAL_UNIT_ASSIGNED_CONTEXT ( ( #72, #1605, #637 ) ) REPRESENTATION_CONTEXT ( 'NONE', 'WORKASPACE' ) );
#2316 = STYLED_ITEM ( 'NONE', ( #1186 ), #1118 ) ;
#2317 = VERTEX_POINT ( 'NONE', #1333 ) ;
#2318 = DIRECTION ( 'NONE',  ( 0.000000000000000000, 0.000000000000000000, 1.000000000000000000 ) ) ;
#2319 = ADVANCED_FACE ( 'NONE', ( #1121 ), #502, .F. ) ;
#2320 =( GEOMETRIC_REPRESENTATION_CONTEXT ( 3 ) GLOBAL_UNCERTAINTY_ASSIGNED_CONTEXT ( ( #69 ) ) GLOBAL_UNIT_ASSIGNED_CONTEXT ( ( #1523, #225, #1190 ) ) REPRESENTATION_CONTEXT ( 'NONE', 'WORKASPACE' ) );
#2321 = DIRECTION ( 'NONE',  ( 1.000000000000000000, 1.328261994943550492E-16, 0.000000000000000000 ) ) ;
#2322 = UNCERTAINTY_MEASURE_WITH_UNIT (LENGTH_MEASURE( 1.000000000000000082E-05 ), #940, 'distance_accuracy_value', 'NONE');
#2323 = DIRECTION ( 'NONE',  ( -1.000000000000000000, 0.000000000000000000, 0.000000000000000000 ) ) ;
#2324 = VECTOR ( 'NONE', #1237, 1000.000000000000000 ) ;
#2325 = SURFACE_STYLE_USAGE ( .BOTH. , #240 ) ;
#2326 = SURFACE_SIDE_STYLE ('',( #1564 ) ) ;
#2327 = ORIENTED_EDGE ( 'NONE', *, *, #107, .F. ) ;
#2328 = AXIS2_PLACEMENT_3D ( 'NONE', #1673, #1657, #905 ) ;
#2329 = LINE ( 'NONE', #595, #1929 ) ;
#2330 = SURFACE_STYLE_USAGE ( .BOTH. , #1510 ) ;
#2331 = ORIENTED_EDGE ( 'NONE', *, *, #847, .T. ) ;
#2332 = LINE ( 'NONE', #38, #2243 ) ;
#2333 = EDGE_CURVE ( 'NONE', #1721, #776, #1874, .T. ) ;
#2334 = CARTESIAN_POINT ( 'NONE',  ( -0.7999999999999994893, 1.300000000000000044, -0.5199999999999991296 ) ) ;
#2335 = CARTESIAN_POINT ( 'NONE',  ( 1.200000000000000622, 2.540384256457902144E-17, 0.4800000000000000377 ) ) ;
#2336 = FACE_OUTER_BOUND ( 'NONE', #943, .T. ) ;
#2337 = DIRECTION ( 'NONE',  ( -1.000000000000000000, 0.000000000000000000, 0.000000000000000000 ) ) ;
#2338 = EDGE_LOOP ( 'NONE', ( #721, #83, #2175, #313 ) ) ;
#2339 = DIRECTION ( 'NONE',  ( -1.000000000000000000, 0.000000000000000000, 0.000000000000000000 ) ) ;
#2340 = EDGE_CURVE ( 'NONE', #976, #1058, #966, .T. ) ;
#2341 = DIRECTION ( 'NONE',  ( -1.000000000000000000, 0.000000000000000000, 0.000000000000000000 ) ) ;
#2342 = ORIENTED_EDGE ( 'NONE', *, *, #1451, .T. ) ;
#2343 = FILL_AREA_STYLE ('',( #1189 ) ) ;
#2344 = UNCERTAINTY_MEASURE_WITH_UNIT (LENGTH_MEASURE( 1.000000000000000082E-05 ), #1423, 'distance_accuracy_value', 'NONE');
#2345 = DIRECTION ( 'NONE',  ( 1.000000000000000000, 0.000000000000000000, -0.000000000000000000 ) ) ;
#2346 = SURFACE_STYLE_FILL_AREA ( #1428 ) ;
#2347 = DIRECTION ( 'NONE',  ( 0.000000000000000000, 0.000000000000000000, 1.000000000000000000 ) ) ;
#2348 = ORIENTED_EDGE ( 'NONE', *, *, #2466, .F. ) ;
#2349 = EDGE_CURVE ( 'NONE', #1587, #1434, #2112, .T. ) ;
#2350 = DIRECTION ( 'NONE',  ( 1.000000000000000000, 0.000000000000000000, 0.000000000000000000 ) ) ;
#2351 = CARTESIAN_POINT ( 'NONE',  ( -0.1000000000000002554, 0.4000000000000002442, 0.4800000000000000377 ) ) ;
#2352 = CARTESIAN_POINT ( 'NONE',  ( -1.250000000000000222, 1.099999999999999867, 1.500000000000000000 ) ) ;
#2353 = ADVANCED_FACE ( 'NONE', ( #1913 ), #2301, .F. ) ;
#2354 = VECTOR ( 'NONE', #1168, 1000.000000000000000 ) ;
#2355 = SURFACE_SIDE_STYLE ('',( #989 ) ) ;
#2356 = VERTEX_POINT ( 'NONE', #1034 ) ;
#2357 = CARTESIAN_POINT ( 'NONE',  ( 0.3249999999999997891, 0.4000000000000002442, 0.5000000000000009992 ) ) ;
#2358 = COLOUR_RGB ( '',0.7921568627450980005, 0.8196078431372548767, 0.9333333333333333481 ) ;
#2359 = AXIS2_PLACEMENT_3D ( 'NONE', #2467, #748, #547 ) ;
#2360 = LINE ( 'NONE', #190, #1322 ) ;
#2361 = VECTOR ( 'NONE', #2442, 1000.000000000000000 ) ;
#2362 =( GEOMETRIC_REPRESENTATION_CONTEXT ( 3 ) GLOBAL_UNCERTAINTY_ASSIGNED_CONTEXT ( ( #2221 ) ) GLOBAL_UNIT_ASSIGNED_CONTEXT ( ( #1290, #2265, #2478 ) ) REPRESENTATION_CONTEXT ( 'NONE', 'WORKASPACE' ) );
#2363 = LINE ( 'NONE', #610, #1718 ) ;
#2364 = LINE ( 'NONE', #844, #1914 ) ;
#2365 = PRESENTATION_LAYER_ASSIGNMENT (  '', '', ( #2082 ) ) ;
#2366 = ORIENTED_EDGE ( 'NONE', *, *, #384, .T. ) ;
#2367 = AXIS2_PLACEMENT_3D ( 'NONE', #179, #2458, #749 ) ;
#2368 =( LENGTH_UNIT ( ) NAMED_UNIT ( * ) SI_UNIT ( .MILLI., .METRE. ) );
#2369 =( NAMED_UNIT ( * ) PLANE_ANGLE_UNIT ( ) SI_UNIT ( $, .RADIAN. ) );
#2370 = ADVANCED_FACE ( 'NONE', ( #1634 ), #668, .F. ) ;
#2371 = COLOUR_RGB ( '',0.7921568627450980005, 0.8196078431372548767, 0.9333333333333333481 ) ;
#2372 = STYLED_ITEM ( 'NONE', ( #2137 ), #798 ) ;
#2373 = DIRECTION ( 'NONE',  ( 1.000000000000000000, -0.000000000000000000, 0.000000000000000000 ) ) ;
#2374 = ORIENTED_EDGE ( 'NONE', *, *, #1287, .T. ) ;
#2375 =( NAMED_UNIT ( * ) SI_UNIT ( $, .STERADIAN. ) SOLID_ANGLE_UNIT ( ) );
#2376 = FILL_AREA_STYLE_COLOUR ( '', #666 ) ;
#2377 = ADVANCED_FACE ( 'NONE', ( #1448 ), #863, .F. ) ;
#2378 = UNCERTAINTY_MEASURE_WITH_UNIT (LENGTH_MEASURE( 1.000000000000000082E-05 ), #370, 'distance_accuracy_value', 'NONE');
#2379 = CARTESIAN_POINT ( 'NONE',  ( 0.1999999999999996503, 1.099999999999999867, 0.5000000000000009992 ) ) ;
#2380 =( GEOMETRIC_REPRESENTATION_CONTEXT ( 3 ) GLOBAL_UNCERTAINTY_ASSIGNED_CONTEXT ( ( #1470 ) ) GLOBAL_UNIT_ASSIGNED_CONTEXT ( ( #1527, #565, #2098 ) ) REPRESENTATION_CONTEXT ( 'NONE', 'WORKASPACE' ) );
#2381 = ORIENTED_EDGE ( 'NONE', *, *, #1756, .F. ) ;
#2382 = CYLINDRICAL_SURFACE ( 'NONE', #2328, 0.2650000000000000688 ) ;
#2383 = CARTESIAN_POINT ( 'NONE',  ( 0.3649999999999998801, 1.034999999999999920, 0.4800000000000000377 ) ) ;
#2384 = DIRECTION ( 'NONE',  ( -0.000000000000000000, -0.000000000000000000, -1.000000000000000000 ) ) ;
#2385 = ORIENTED_EDGE ( 'NONE', *, *, #2256, .T. ) ;
#2386 = DIRECTION ( 'NONE',  ( 0.000000000000000000, 0.000000000000000000, 1.000000000000000000 ) ) ;
#2387 = LINE ( 'NONE', #467, #1363 ) ;
#2388 = PRESENTATION_STYLE_ASSIGNMENT (( #2399 ) ) ;
#2389 = FACE_OUTER_BOUND ( 'NONE', #242, .T. ) ;
#2390 = ORIENTED_EDGE ( 'NONE', *, *, #1005, .T. ) ;
#2391 = DIRECTION ( 'NONE',  ( -0.000000000000000000, 0.000000000000000000, 1.000000000000000000 ) ) ;
#2392 = FACE_OUTER_BOUND ( 'NONE', #404, .T. ) ;
#2393 = LINE ( 'NONE', #1777, #2439 ) ;
#2394 = ORIENTED_EDGE ( 'NONE', *, *, #1108, .T. ) ;
#2395 =( NAMED_UNIT ( * ) PLANE_ANGLE_UNIT ( ) SI_UNIT ( $, .RADIAN. ) );
#2396 = CARTESIAN_POINT ( 'NONE',  ( -0.7349999999999986544, 2.500000000000000888, 0.4800000000000000377 ) ) ;
#2397 = UNCERTAINTY_MEASURE_WITH_UNIT (LENGTH_MEASURE( 1.000000000000000082E-05 ), #855, 'distance_accuracy_value', 'NONE');
#2398 = EDGE_CURVE ( 'NONE', #1473, #1117, #464, .T. ) ;
#2399 = SURFACE_STYLE_USAGE ( .BOTH. , #2420 ) ;
#2400 =( GEOMETRIC_REPRESENTATION_CONTEXT ( 3 ) GLOBAL_UNCERTAINTY_ASSIGNED_CONTEXT ( ( #892 ) ) GLOBAL_UNIT_ASSIGNED_CONTEXT ( ( #2056, #1895, #383 ) ) REPRESENTATION_CONTEXT ( 'NONE', 'WORKASPACE' ) );
#2401 = PRESENTATION_LAYER_ASSIGNMENT (  '', '', ( #56 ) ) ;
#2402 = PRESENTATION_STYLE_ASSIGNMENT (( #694 ) ) ;
#2403 = LINE ( 'NONE', #1257, #2233 ) ;
#2404 = COLOUR_RGB ( '',0.7921568627450980005, 0.8196078431372548767, 0.9333333333333333481 ) ;
#2405 = ORIENTED_EDGE ( 'NONE', *, *, #73, .F. ) ;
#2406 =( NAMED_UNIT ( * ) SI_UNIT ( $, .STERADIAN. ) SOLID_ANGLE_UNIT ( ) );
#2407 = VECTOR ( 'NONE', #439, 1000.000000000000000 ) ;
#2408 = ORIENTED_EDGE ( 'NONE', *, *, #2242, .T. ) ;
#2409 =( NAMED_UNIT ( * ) SI_UNIT ( $, .STERADIAN. ) SOLID_ANGLE_UNIT ( ) );
#2410 = CARTESIAN_POINT ( 'NONE',  ( -1.250000000000000222, 1.099999999999999867, -1.499999999999999112 ) ) ;
#2411 = EDGE_CURVE ( 'NONE', #1956, #1672, #2393, .T. ) ;
#2412 = SURFACE_STYLE_FILL_AREA ( #2430 ) ;
#2413 = ORIENTED_EDGE ( 'NONE', *, *, #723, .F. ) ;
#2414 = SURFACE_STYLE_FILL_AREA ( #886 ) ;
#2415 = EDGE_CURVE ( 'NONE', #1704, #1160, #861, .T. ) ;
#2416 = CARTESIAN_POINT ( 'NONE',  ( 0.1999999999999996503, 0.4000000000000002442, 0.5000000000000009992 ) ) ;
#2417 = VERTEX_POINT ( 'NONE', #660 ) ;
#2418 = UNCERTAINTY_MEASURE_WITH_UNIT (LENGTH_MEASURE( 1.000000000000000082E-05 ), #705, 'distance_accuracy_value', 'NONE');
#2419 = PRODUCT_DEFINITION_SHAPE ( 'NONE', 'NONE',  #908 ) ;
#2420 = SURFACE_SIDE_STYLE ('',( #1827 ) ) ;
#2421 = VERTEX_POINT ( 'NONE', #1234 ) ;
#2422 = PRESENTATION_STYLE_ASSIGNMENT (( #697 ) ) ;
#2423 = FILL_AREA_STYLE_COLOUR ( '', #1831 ) ;
#2424 = EDGE_CURVE ( 'NONE', #174, #1939, #1982, .T. ) ;
#2425 = FACE_OUTER_BOUND ( 'NONE', #999, .T. ) ;
#2426 = ORIENTED_EDGE ( 'NONE', *, *, #676, .T. ) ;
#2427 = PLANE ( 'NONE',  #1478 ) ;
#2428 = DIRECTION ( 'NONE',  ( 1.000000000000000000, 0.000000000000000000, 0.000000000000000000 ) ) ;
#2429 =( GEOMETRIC_REPRESENTATION_CONTEXT ( 3 ) GLOBAL_UNCERTAINTY_ASSIGNED_CONTEXT ( ( #270 ) ) GLOBAL_UNIT_ASSIGNED_CONTEXT ( ( #975, #350, #2073 ) ) REPRESENTATION_CONTEXT ( 'NONE', 'WORKASPACE' ) );
#2430 = FILL_AREA_STYLE ('',( #1819 ) ) ;
#2431 = COLOUR_RGB ( '',0.7921568627450980005, 0.8196078431372548767, 0.9333333333333333481 ) ;
#2432 = ORIENTED_EDGE ( 'NONE', *, *, #733, .T. ) ;
#2433 = STYLED_ITEM ( 'NONE', ( #284 ), #835 ) ;
#2434 = MECHANICAL_DESIGN_GEOMETRIC_PRESENTATION_REPRESENTATION (  '', ( #1916 ), #1641 ) ;
#2435 = AXIS2_PLACEMENT_3D ( 'NONE', #1298, #1514, #1343 ) ;
#2436 = CARTESIAN_POINT ( 'NONE',  ( -0.7349999999999986544, 2.500000000000000888, 0.4800000000000000377 ) ) ;
#2437 = SURFACE_SIDE_STYLE ('',( #1674 ) ) ;
#2438 = COLOUR_RGB ( '',0.7921568627450980005, 0.8196078431372548767, 0.9333333333333333481 ) ;
#2439 = VECTOR ( 'NONE', #1222, 1000.000000000000000 ) ;
#2440 = VECTOR ( 'NONE', #1906, 1000.000000000000000 ) ;
#2441 = ADVANCED_FACE ( 'NONE', ( #869 ), #1588, .F. ) ;
#2442 = DIRECTION ( 'NONE',  ( 0.000000000000000000, 0.000000000000000000, 1.000000000000000000 ) ) ;
#2443 = VERTEX_POINT ( 'NONE', #1645 ) ;
#2444 = AXIS2_PLACEMENT_3D ( 'NONE', #1198, #2153, #1984 ) ;
#2445 = ORIENTED_EDGE ( 'NONE', *, *, #1828, .F. ) ;
#2446 = MECHANICAL_DESIGN_GEOMETRIC_PRESENTATION_REPRESENTATION (  '', ( #2210 ), #138 ) ;
#2447 = PLANE ( 'NONE',  #1651 ) ;
#2448 = EDGE_CURVE ( 'NONE', #174, #1956, #1407, .T. ) ;
#2449 = COLOUR_RGB ( '',0.7921568627450980005, 0.8196078431372548767, 0.9333333333333333481 ) ;
#2450 = CARTESIAN_POINT ( 'NONE',  ( -0.3649999999999998801, 1.034999999999999920, 0.4800000000000000377 ) ) ;
#2451 = VERTEX_POINT ( 'NONE', #474 ) ;
#2452 =( NAMED_UNIT ( * ) PLANE_ANGLE_UNIT ( ) SI_UNIT ( $, .RADIAN. ) );
#2453 = SHAPE_DEFINITION_REPRESENTATION ( #2419, #1520 ) ;
#2454 = CARTESIAN_POINT ( 'NONE',  ( 0.7350000000000004308, 1.300000000000000044, 0.4800000000000000377 ) ) ;
#2455 = ORIENTED_EDGE ( 'NONE', *, *, #1185, .F. ) ;
#2456 = CARTESIAN_POINT ( 'NONE',  ( -0.7999999999999994893, 2.235000000000000320, 0.4800000000000000377 ) ) ;
#2457 = DIRECTION ( 'NONE',  ( -0.000000000000000000, -0.000000000000000000, -1.000000000000000000 ) ) ;
#2458 = DIRECTION ( 'NONE',  ( -0.000000000000000000, -0.000000000000000000, -1.000000000000000000 ) ) ;
#2459 = EDGE_LOOP ( 'NONE', ( #874, #2101, #1170, #111 ) ) ;
#2460 = PRESENTATION_STYLE_ASSIGNMENT (( #2087 ) ) ;
#2461 = DIRECTION ( 'NONE',  ( -0.000000000000000000, 0.000000000000000000, -1.000000000000000000 ) ) ;
#2462 = DIRECTION ( 'NONE',  ( -1.000000000000000000, 0.000000000000000000, -0.000000000000000000 ) ) ;
#2463 = ORIENTED_EDGE ( 'NONE', *, *, #442, .T. ) ;
#2464 = SURFACE_SIDE_STYLE ('',( #952 ) ) ;
#2465 = DIRECTION ( 'NONE',  ( -0.000000000000000000, -0.000000000000000000, -1.000000000000000000 ) ) ;
#2466 = EDGE_CURVE ( 'NONE', #1439, #1094, #2026, .T. ) ;
#2467 = CARTESIAN_POINT ( 'NONE',  ( -0.3649999999999998801, 1.034999999999999920, -0.5199999999999991296 ) ) ;
#2468 = SURFACE_STYLE_USAGE ( .BOTH. , #332 ) ;
#2469 = ORIENTED_EDGE ( 'NONE', *, *, #260, .F. ) ;
#2470 = DIRECTION ( 'NONE',  ( 1.000000000000000000, 0.000000000000000000, -0.000000000000000000 ) ) ;
#2471 = LINE ( 'NONE', #753, #2309 ) ;
#2472 = MECHANICAL_DESIGN_GEOMETRIC_PRESENTATION_REPRESENTATION (  '', ( #245 ), #1358 ) ;
#2473 = AXIS2_PLACEMENT_3D ( 'NONE', #1542, #552, #584 ) ;
#2474 = CARTESIAN_POINT ( 'NONE',  ( 0.1000000000000002554, 1.034999999999999920, 0.4800000000000000377 ) ) ;
#2475 = AXIS2_PLACEMENT_3D ( 'NONE', #1065, #1842, #1661 ) ;
#2476 = PRESENTATION_STYLE_ASSIGNMENT (( #899 ) ) ;
#2477 = VECTOR ( 'NONE', #1781, 1000.000000000000000 ) ;
#2478 =( NAMED_UNIT ( * ) SI_UNIT ( $, .STERADIAN. ) SOLID_ANGLE_UNIT ( ) );
#2479 = ORIENTED_EDGE ( 'NONE', *, *, #955, .T. ) ;
#2480 = DIRECTION ( 'NONE',  ( 1.000000000000000000, 0.000000000000000000, -0.000000000000000000 ) ) ;
#2481 = VECTOR ( 'NONE', #1926, 1000.000000000000000 ) ;
#2482 =( LENGTH_UNIT ( ) NAMED_UNIT ( * ) SI_UNIT ( .MILLI., .METRE. ) );
#2483 =( GEOMETRIC_REPRESENTATION_CONTEXT ( 3 ) GLOBAL_UNCERTAINTY_ASSIGNED_CONTEXT ( ( #783 ) ) GLOBAL_UNIT_ASSIGNED_CONTEXT ( ( #2270, #972, #1897 ) ) REPRESENTATION_CONTEXT ( 'NONE', 'WORKASPACE' ) );
#2484 = ORIENTED_EDGE ( 'NONE', *, *, #1524, .F. ) ;
#2485 = STYLED_ITEM ( 'NONE', ( #535 ), #751 ) ;
#2486 =( LENGTH_UNIT ( ) NAMED_UNIT ( * ) SI_UNIT ( .MILLI., .METRE. ) );
#2487 = ORIENTED_EDGE ( 'NONE', *, *, #532, .T. ) ;
#2488 = DIRECTION ( 'NONE',  ( 0.000000000000000000, -0.000000000000000000, -1.000000000000000000 ) ) ;
#2489 = FILL_AREA_STYLE ('',( #172 ) ) ;
#2490 = EDGE_CURVE ( 'NONE', #2451, #1434, #62, .T. ) ;
#2491 = SURFACE_STYLE_FILL_AREA ( #505 ) ;
#2492 = ORIENTED_EDGE ( 'NONE', *, *, #1504, .T. ) ;
#2493 = SURFACE_SIDE_STYLE ('',( #970 ) ) ;
#2494 = DIRECTION ( 'NONE',  ( -2.492418787322999730E-16, 1.000000000000000000, 0.000000000000000000 ) ) ;
#2495 = UNCERTAINTY_MEASURE_WITH_UNIT (LENGTH_MEASURE( 1.000000000000000082E-05 ), #795, 'distance_accuracy_value', 'NONE');
#2496 = PRESENTATION_STYLE_ASSIGNMENT (( #1735 ) ) ;
#2497 = ORIENTED_EDGE ( 'NONE', *, *, #567, .F. ) ;
#2498 = ORIENTED_EDGE ( 'NONE', *, *, #1048, .T. ) ;
#2499 = FILL_AREA_STYLE ('',( #766 ) ) ;
ENDSEC;
END-ISO-10303-21;
